canonical_product_id,tcgplayer_product_id,canonical_set_name,canonical_product_name,canonical_product_class,canonical_product_family,canonical_product_type,canonical_packaging_level,identity_lifecycle_status,source_availability_status,governance_review_status,investment_approval_status,prior_investment_eligibility_status,structural_eligibility_state,structural_eligibility_reason,historical_review_required,sealed_product_review_required,classification_review_required,tcgcsv_snapshot_record_id,tcgcsv_category_id,tcgcsv_group_id,tcgcsv_group_name,tcgcsv_group_published_on,tcgcsv_product_name,tcgcsv_evidence_class,tcgcsv_sealed_drop_status,tcgcsv_review_reason,marketplace_evidence_match_count,marketplace_identity_state,final_eligibility_decision,final_decision_reason,scoring_allowed,universal_investable_allowed
MTG-CANON-TCGPLAYER-692991,692991,Reality Fracture,Reality Fracture - Secret Lair Bundle,secret_lair_product,secret_lair,secret_lair_bundle_or_kit,bundle,active,available,not_required,review_required,not_evaluated,structurally_eligible,sealed_secret_lair_bundle_or_kit,False,False,False,TCGCSV-SNAPSHOT-4862F5FCCFFFA15454DB7DD1,1,24684,Reality Fracture,2026-10-02T00:00:00,Reality Fracture - Secret Lair Bundle,secret_lair_product_record,not_determined,tcgcsv_product_may_be_individual_card_not_drop,1,exact_tcgplayer_id_match,not_decided,Secret Lair reconstruction and evidence certification pending.,false,false
MTG-CANON-TCGPLAYER-660745,660745,Secret Lair Countdown Kit,Secret Lair Countdown Kit: An Encyclopedia of Magic,secret_lair_product,secret_lair,secret_lair_bundle_or_kit,bundle,active,available,not_required,review_required,not_evaluated,structurally_eligible,sealed_secret_lair_bundle_or_kit,False,False,False,TCGCSV-SNAPSHOT-F1735CC4F43CD609CD2EE5ED,1,17667,Secret Lair Countdown Kit,2022-12-01T00:00:00,Secret Lair Countdown Kit: An Encyclopedia of Magic,secret_lair_product_record,not_determined,tcgcsv_product_may_be_individual_card_not_drop,1,exact_tcgplayer_id_match,not_decided,Secret Lair reconstruction and evidence certification pending.,false,false
MTG-CANON-TCGPLAYER-662006,662006,Secret Lair Countdown Kit,Secret Lair Countdown Kit: An Encyclopedia of Magic Book Club Bundle,secret_lair_product,secret_lair,secret_lair_bundle_or_kit,bundle,active,available,not_required,review_required,not_evaluated,structurally_eligible,sealed_secret_lair_bundle_or_kit,False,False,False,TCGCSV-SNAPSHOT-4C2704160C803C74E8C3EA9E,1,17667,Secret Lair Countdown Kit,2022-12-01T00:00:00,Secret Lair Countdown Kit: An Encyclopedia of Magic Book Club Bundle,secret_lair_product_record,not_determined,tcgcsv_product_may_be_individual_card_not_drop,1,exact_tcgplayer_id_match,not_decided,Secret Lair reconstruction and evidence certification pending.,false,false
MTG-CANON-TCGPLAYER-454314,454314,Secret Lair Countdown Kit,Secret Lair: 30th Anniversary Countdown Kit,secret_lair_product,secret_lair,secret_lair_bundle_or_kit,bundle,active,available,not_required,review_required,not_evaluated,structurally_eligible,sealed_secret_lair_bundle_or_kit,False,False,False,TCGCSV-SNAPSHOT-33CC9AC443ACEE74A931B214,1,17667,Secret Lair Countdown Kit,2022-12-01T00:00:00,Secret Lair: 30th Anniversary Countdown Kit,secret_lair_product_record,not_determined,tcgcsv_product_may_be_individual_card_not_drop,1,exact_tcgplayer_id_match,not_decided,Secret Lair reconstruction and evidence certification pending.,false,false
MTG-CANON-TCGPLAYER-691201,691201,Secret Lair Drop Series,Secret Lair Back to School Superdrop: Ready For Rollcall Non-Foil Bundle,secret_lair_product,secret_lair,secret_lair_bundle_or_kit,bundle,active,available,not_required,review_required,not_evaluated,structurally_eligible,sealed_secret_lair_bundle_or_kit,False,False,False,TCGCSV-SNAPSHOT-7B8FF4C060A5DA8055FFF5EE,1,2576,Secret Lair Drop Series,2026-07-21T20:00:05.9940357Z,Secret Lair Back to School Superdrop: Ready For Rollcall Non-Foil Bundle,secret_lair_product_record,not_determined,tcgcsv_product_may_be_individual_card_not_drop,1,exact_tcgplayer_id_match,not_decided,Secret Lair reconstruction and evidence certification pending.,false,false
MTG-CANON-TCGPLAYER-691200,691200,Secret Lair Drop Series,Secret Lair Back to School Superdrop: Spirit Week All Foils Bundle,secret_lair_product,secret_lair,secret_lair_bundle_or_kit,bundle,active,available,not_required,review_required,not_evaluated,structurally_eligible,sealed_secret_lair_bundle_or_kit,False,False,False,TCGCSV-SNAPSHOT-A3B1205194E9EF530E7FF681,1,2576,Secret Lair Drop Series,2026-07-21T20:00:05.9940357Z,Secret Lair Back to School Superdrop: Spirit Week All Foils Bundle,secret_lair_product_record,not_determined,tcgcsv_product_may_be_individual_card_not_drop,1,exact_tcgplayer_id_match,not_decided,Secret Lair reconstruction and evidence certification pending.,false,false
MTG-CANON-TCGPLAYER-691199,691199,Secret Lair Drop Series,Secret Lair Back to School Superdrop: This Will Be On The Test Everything Bundle,secret_lair_product,secret_lair,secret_lair_bundle_or_kit,bundle,active,available,not_required,review_required,not_evaluated,structurally_eligible,sealed_secret_lair_bundle_or_kit,False,False,False,TCGCSV-SNAPSHOT-022135C8C6FA4A1ABD29446D,1,2576,Secret Lair Drop Series,2026-07-21T20:00:05.9940357Z,Secret Lair Back to School Superdrop: This Will Be On The Test Everything Bundle,secret_lair_product_record,not_determined,tcgcsv_product_may_be_individual_card_not_drop,1,exact_tcgplayer_id_match,not_decided,Secret Lair reconstruction and evidence certification pending.,false,false
MTG-CANON-TCGPLAYER-700802,700802,Secret Lair Drop Series,Secret Lair Cats Are the Best Superdrop: Cats Rule Everything Bundle,secret_lair_product,secret_lair,secret_lair_bundle_or_kit,bundle,active,available,not_required,review_required,not_evaluated,structurally_eligible,sealed_secret_lair_bundle_or_kit,False,False,False,TCGCSV-SNAPSHOT-F8BB3B566E212AAF73FB2FEC,1,2576,Secret Lair Drop Series,2026-07-21T20:00:05.9940357Z,Secret Lair Cats Are the Best Superdrop: Cats Rule Everything Bundle,secret_lair_product_record,not_determined,tcgcsv_product_may_be_individual_card_not_drop,1,exact_tcgplayer_id_match,not_decided,Secret Lair reconstruction and evidence certification pending.,false,false
MTG-CANON-TCGPLAYER-700803,700803,Secret Lair Drop Series,Secret Lair Cats Are the Best Superdrop: Laser Focus Foil Bundle,secret_lair_product,secret_lair,secret_lair_bundle_or_kit,bundle,active,available,not_required,review_required,not_evaluated,structurally_eligible,sealed_secret_lair_bundle_or_kit,False,False,False,TCGCSV-SNAPSHOT-E6DD19FD8D10721B1E93F56C,1,2576,Secret Lair Drop Series,2026-07-21T20:00:05.9940357Z,Secret Lair Cats Are the Best Superdrop: Laser Focus Foil Bundle,secret_lair_product_record,not_determined,tcgcsv_product_may_be_individual_card_not_drop,1,exact_tcgplayer_id_match,not_decided,Secret Lair reconstruction and evidence certification pending.,false,false
MTG-CANON-TCGPLAYER-700804,700804,Secret Lair Drop Series,Secret Lair Cats Are the Best Superdrop: Nine Lives Non-Foil Bundle,secret_lair_product,secret_lair,secret_lair_bundle_or_kit,bundle,active,available,not_required,review_required,not_evaluated,structurally_eligible,sealed_secret_lair_bundle_or_kit,False,False,False,TCGCSV-SNAPSHOT-7BC68C0DBC83CE32F691BAF5,1,2576,Secret Lair Drop Series,2026-07-21T20:00:05.9940357Z,Secret Lair Cats Are the Best Superdrop: Nine Lives Non-Foil Bundle,secret_lair_product_record,not_determined,tcgcsv_product_may_be_individual_card_not_drop,1,exact_tcgplayer_id_match,not_decided,Secret Lair reconstruction and evidence certification pending.,false,false
MTG-CANON-TCGPLAYER-205231,205231,Secret Lair Drop Series,Secret Lair Drop Series Full Bundle,secret_lair_product,secret_lair,secret_lair_bundle_or_kit,bundle,active,available,not_required,review_required,not_evaluated,structurally_eligible,sealed_secret_lair_bundle_or_kit,False,False,False,TCGCSV-SNAPSHOT-D899A01D4F7A08DB0CE33602,1,2576,Secret Lair Drop Series,2026-07-21T20:00:05.9940357Z,Secret Lair Drop Series Full Bundle,secret_lair_product_record,not_determined,tcgcsv_product_may_be_individual_card_not_drop,1,exact_tcgplayer_id_match,not_decided,Secret Lair reconstruction and evidence certification pending.,false,false
MTG-CANON-TCGPLAYER-242354,242354,Secret Lair Drop Series,"Secret Lair Drop: All-Natural, Totally Refreshing Superdrop: All 4 U Bundle",secret_lair_product,secret_lair,secret_lair_bundle_or_kit,bundle,active,available,not_required,review_required,not_evaluated,structurally_eligible,sealed_secret_lair_bundle_or_kit,False,False,False,TCGCSV-SNAPSHOT-916D65BDADD8BE8028C1C427,1,2576,Secret Lair Drop Series,2026-07-21T20:00:05.9940357Z,"Secret Lair Drop: All-Natural, Totally Refreshing Superdrop: All 4 U Bundle",secret_lair_product_record,not_determined,tcgcsv_product_may_be_individual_card_not_drop,1,exact_tcgplayer_id_match,not_decided,Secret Lair reconstruction and evidence certification pending.,false,false
MTG-CANON-TCGPLAYER-273606,273606,Secret Lair Drop Series,Secret Lair Drop: April Superdrop - Full-of-Foils Bundle,secret_lair_product,secret_lair,secret_lair_bundle_or_kit,bundle,active,available,not_required,review_required,not_evaluated,structurally_eligible,sealed_secret_lair_bundle_or_kit,False,False,False,TCGCSV-SNAPSHOT-310E1FD69897A9A0A89EB645,1,2576,Secret Lair Drop Series,2026-07-21T20:00:05.9940357Z,Secret Lair Drop: April Superdrop - Full-of-Foils Bundle,secret_lair_product_record,not_determined,tcgcsv_product_may_be_individual_card_not_drop,1,exact_tcgplayer_id_match,not_decided,Secret Lair reconstruction and evidence certification pending.,false,false
MTG-CANON-TCGPLAYER-273607,273607,Secret Lair Drop Series,"Secret Lair Drop: April Superdrop - Non-stop, Non-Foil Bundle",secret_lair_product,secret_lair,secret_lair_bundle_or_kit,bundle,active,available,not_required,review_required,not_evaluated,structurally_eligible,sealed_secret_lair_bundle_or_kit,False,False,False,TCGCSV-SNAPSHOT-8E19BC035C1CA1A5C07492AD,1,2576,Secret Lair Drop Series,2026-07-21T20:00:05.9940357Z,"Secret Lair Drop: April Superdrop - Non-stop, Non-Foil Bundle",secret_lair_product_record,not_determined,tcgcsv_product_may_be_individual_card_not_drop,1,exact_tcgplayer_id_match,not_decided,Secret Lair reconstruction and evidence certification pending.,false,false
MTG-CANON-TCGPLAYER-273605,273605,Secret Lair Drop Series,Secret Lair Drop: April Superdrop - The Bundle Bundle,secret_lair_product,secret_lair,secret_lair_bundle_or_kit,bundle,active,available,not_required,review_required,not_evaluated,structurally_eligible,sealed_secret_lair_bundle_or_kit,False,False,False,TCGCSV-SNAPSHOT-A482632C00FCAFFA16253642,1,2576,Secret Lair Drop Series,2026-07-21T20:00:05.9940357Z,Secret Lair Drop: April Superdrop - The Bundle Bundle,secret_lair_product_record,not_determined,tcgcsv_product_may_be_individual_card_not_drop,1,exact_tcgplayer_id_match,not_decided,Secret Lair reconstruction and evidence certification pending.,false,false
MTG-CANON-TCGPLAYER-279187,279187,Secret Lair Drop Series,Secret Lair Drop: Astrology Lands (Aquarius) Bundle - Non-Foil Edition,secret_lair_product,secret_lair,secret_lair_bundle_or_kit,bundle,active,available,not_required,review_required,not_evaluated,structurally_eligible,sealed_secret_lair_bundle_or_kit,False,False,False,TCGCSV-SNAPSHOT-015914C8170C782FCC795A87,1,2576,Secret Lair Drop Series,2026-07-21T20:00:05.9940357Z,Secret Lair Drop: Astrology Lands (Aquarius) Bundle - Non-Foil Edition,secret_lair_product_record,not_determined,tcgcsv_product_may_be_individual_card_not_drop,1,exact_tcgplayer_id_match,not_decided,Secret Lair reconstruction and evidence certification pending.,false,false
MTG-CANON-TCGPLAYER-279186,279186,Secret Lair Drop Series,Secret Lair Drop: Astrology Lands (Aquarius) Bundle - Traditional Foil Edition,secret_lair_product,secret_lair,secret_lair_bundle_or_kit,bundle,active,available,not_required,review_required,not_evaluated,structurally_eligible,sealed_secret_lair_bundle_or_kit,False,False,False,TCGCSV-SNAPSHOT-D2E7B00CA52C4352436F3C02,1,2576,Secret Lair Drop Series,2026-07-21T20:00:05.9940357Z,Secret Lair Drop: Astrology Lands (Aquarius) Bundle - Traditional Foil Edition,secret_lair_product_record,not_determined,tcgcsv_product_may_be_individual_card_not_drop,1,exact_tcgplayer_id_match,not_decided,Secret Lair reconstruction and evidence certification pending.,false,false
MTG-CANON-TCGPLAYER-278750,278750,Secret Lair Drop Series,Secret Lair Drop: Astrology Lands (Cancer) Bundle - Non-Foil Edition,secret_lair_product,secret_lair,secret_lair_bundle_or_kit,bundle,active,available,not_required,review_required,not_evaluated,structurally_eligible,sealed_secret_lair_bundle_or_kit,False,False,False,TCGCSV-SNAPSHOT-9DE9535D862332E46F0D0943,1,2576,Secret Lair Drop Series,2026-07-21T20:00:05.9940357Z,Secret Lair Drop: Astrology Lands (Cancer) Bundle - Non-Foil Edition,secret_lair_product_record,not_determined,tcgcsv_product_may_be_individual_card_not_drop,1,exact_tcgplayer_id_match,not_decided,Secret Lair reconstruction and evidence certification pending.,false,false
MTG-CANON-TCGPLAYER-278751,278751,Secret Lair Drop Series,Secret Lair Drop: Astrology Lands (Cancer) Bundle - Traditional Foil Edition,secret_lair_product,secret_lair,secret_lair_bundle_or_kit,bundle,active,available,not_required,review_required,not_evaluated,structurally_eligible,sealed_secret_lair_bundle_or_kit,False,False,False,TCGCSV-SNAPSHOT-3200946E49F01F247B323183,1,2576,Secret Lair Drop Series,2026-07-21T20:00:05.9940357Z,Secret Lair Drop: Astrology Lands (Cancer) Bundle - Traditional Foil Edition,secret_lair_product_record,not_determined,tcgcsv_product_may_be_individual_card_not_drop,1,exact_tcgplayer_id_match,not_decided,Secret Lair reconstruction and evidence certification pending.,false,false
MTG-CANON-TCGPLAYER-259311,259311,Secret Lair Drop Series,Secret Lair Drop: Astrology Lands (Capricorn) Bundle - Non-Foil Edition,secret_lair_product,secret_lair,secret_lair_bundle_or_kit,bundle,active,available,not_required,review_required,not_evaluated,structurally_eligible,sealed_secret_lair_bundle_or_kit,False,False,False,TCGCSV-SNAPSHOT-D69867BFB2E0CF709F7BB5C8,1,2576,Secret Lair Drop Series,2026-07-21T20:00:05.9940357Z,Secret Lair Drop: Astrology Lands (Capricorn) Bundle - Non-Foil Edition,secret_lair_product_record,not_determined,tcgcsv_product_may_be_individual_card_not_drop,1,exact_tcgplayer_id_match,not_decided,Secret Lair reconstruction and evidence certification pending.,false,false
MTG-CANON-TCGPLAYER-259312,259312,Secret Lair Drop Series,Secret Lair Drop: Astrology Lands (Capricorn) Bundle - Traditional Foil Edition,secret_lair_product,secret_lair,secret_lair_bundle_or_kit,bundle,active,available,not_required,review_required,not_evaluated,structurally_eligible,sealed_secret_lair_bundle_or_kit,False,False,False,TCGCSV-SNAPSHOT-E268FA4E75F7B791F07E6D76,1,2576,Secret Lair Drop Series,2026-07-21T20:00:05.9940357Z,Secret Lair Drop: Astrology Lands (Capricorn) Bundle - Traditional Foil Edition,secret_lair_product_record,not_determined,tcgcsv_product_may_be_individual_card_not_drop,1,exact_tcgplayer_id_match,not_decided,Secret Lair reconstruction and evidence certification pending.,false,false
MTG-CANON-TCGPLAYER-279230,279230,Secret Lair Drop Series,Secret Lair Drop: Astrology Lands (Gemini) Bundle - Non-Foil Edition,secret_lair_product,secret_lair,secret_lair_bundle_or_kit,bundle,active,available,not_required,review_required,not_evaluated,structurally_eligible,sealed_secret_lair_bundle_or_kit,False,False,False,TCGCSV-SNAPSHOT-D098128A00B06498755C897A,1,2576,Secret Lair Drop Series,2026-07-21T20:00:05.9940357Z,Secret Lair Drop: Astrology Lands (Gemini) Bundle - Non-Foil Edition,secret_lair_product_record,not_determined,tcgcsv_product_may_be_individual_card_not_drop,1,exact_tcgplayer_id_match,not_decided,Secret Lair reconstruction and evidence certification pending.,false,false
MTG-CANON-TCGPLAYER-279232,279232,Secret Lair Drop Series,Secret Lair Drop: Astrology Lands (Gemini) Bundle - Traditional Foil Edition,secret_lair_product,secret_lair,secret_lair_bundle_or_kit,bundle,active,available,not_required,review_required,not_evaluated,structurally_eligible,sealed_secret_lair_bundle_or_kit,False,False,False,TCGCSV-SNAPSHOT-F6A789ED125AB7635DA3744B,1,2576,Secret Lair Drop Series,2026-07-21T20:00:05.9940357Z,Secret Lair Drop: Astrology Lands (Gemini) Bundle - Traditional Foil Edition,secret_lair_product_record,not_determined,tcgcsv_product_may_be_individual_card_not_drop,1,exact_tcgplayer_id_match,not_decided,Secret Lair reconstruction and evidence certification pending.,false,false
MTG-CANON-TCGPLAYER-281601,281601,Secret Lair Drop Series,Secret Lair Drop: Astrology Lands (Leo) Bundle - Non-Foil Edition,secret_lair_product,secret_lair,secret_lair_bundle_or_kit,bundle,active,available,not_required,review_required,not_evaluated,structurally_eligible,sealed_secret_lair_bundle_or_kit,False,False,False,TCGCSV-SNAPSHOT-6FF9383751359CD8BFE7A994,1,2576,Secret Lair Drop Series,2026-07-21T20:00:05.9940357Z,Secret Lair Drop: Astrology Lands (Leo) Bundle - Non-Foil Edition,secret_lair_product_record,not_determined,tcgcsv_product_may_be_individual_card_not_drop,1,exact_tcgplayer_id_match,not_decided,Secret Lair reconstruction and evidence certification pending.,false,false
MTG-CANON-TCGPLAYER-281602,281602,Secret Lair Drop Series,Secret Lair Drop: Astrology Lands (Leo) Bundle - Traditional Foil Edition,secret_lair_product,secret_lair,secret_lair_bundle_or_kit,bundle,active,available,not_required,review_required,not_evaluated,structurally_eligible,sealed_secret_lair_bundle_or_kit,False,False,False,TCGCSV-SNAPSHOT-41A69EAE3A6BEAD57D85F647,1,2576,Secret Lair Drop Series,2026-07-21T20:00:05.9940357Z,Secret Lair Drop: Astrology Lands (Leo) Bundle - Traditional Foil Edition,secret_lair_product_record,not_determined,tcgcsv_product_may_be_individual_card_not_drop,1,exact_tcgplayer_id_match,not_decided,Secret Lair reconstruction and evidence certification pending.,false,false
MTG-CANON-TCGPLAYER-449040,449040,Secret Lair Drop Series,Secret Lair Drop: Astrology Lands (Libra) Bundle - Non-Foil Edition,secret_lair_product,secret_lair,secret_lair_bundle_or_kit,bundle,active,available,not_required,review_required,not_evaluated,structurally_eligible,sealed_secret_lair_bundle_or_kit,False,False,False,TCGCSV-SNAPSHOT-DA31E4761DFAB33CB6EC7241,1,2576,Secret Lair Drop Series,2026-07-21T20:00:05.9940357Z,Secret Lair Drop: Astrology Lands (Libra) Bundle - Non-Foil Edition,secret_lair_product_record,not_determined,tcgcsv_product_may_be_individual_card_not_drop,1,exact_tcgplayer_id_match,not_decided,Secret Lair reconstruction and evidence certification pending.,false,false
MTG-CANON-TCGPLAYER-448975,448975,Secret Lair Drop Series,Secret Lair Drop: Astrology Lands (Libra) Bundle - Traditional Foil Edition,secret_lair_product,secret_lair,secret_lair_bundle_or_kit,bundle,active,available,not_required,review_required,not_evaluated,structurally_eligible,sealed_secret_lair_bundle_or_kit,False,False,False,TCGCSV-SNAPSHOT-1E5D9F3D28ADCCF1F279DC7B,1,2576,Secret Lair Drop Series,2026-07-21T20:00:05.9940357Z,Secret Lair Drop: Astrology Lands (Libra) Bundle - Traditional Foil Edition,secret_lair_product_record,not_determined,tcgcsv_product_may_be_individual_card_not_drop,1,exact_tcgplayer_id_match,not_decided,Secret Lair reconstruction and evidence certification pending.,false,false
MTG-CANON-TCGPLAYER-452933,452933,Secret Lair Drop Series,Secret Lair Drop: Astrology Lands (Scorpio) Bundle - Non-Foil Edition,secret_lair_product,secret_lair,secret_lair_bundle_or_kit,bundle,active,available,not_required,review_required,not_evaluated,structurally_eligible,sealed_secret_lair_bundle_or_kit,False,False,False,TCGCSV-SNAPSHOT-BC3250DD99A35764C29EFD74,1,2576,Secret Lair Drop Series,2026-07-21T20:00:05.9940357Z,Secret Lair Drop: Astrology Lands (Scorpio) Bundle - Non-Foil Edition,secret_lair_product_record,not_determined,tcgcsv_product_may_be_individual_card_not_drop,1,exact_tcgplayer_id_match,not_decided,Secret Lair reconstruction and evidence certification pending.,false,false
MTG-CANON-TCGPLAYER-452934,452934,Secret Lair Drop Series,Secret Lair Drop: Astrology Lands (Scorpio) Bundle - Traditional Foil Edition,secret_lair_product,secret_lair,secret_lair_bundle_or_kit,bundle,active,available,not_required,review_required,not_evaluated,structurally_eligible,sealed_secret_lair_bundle_or_kit,False,False,False,TCGCSV-SNAPSHOT-BF3CB44C28DA0F4C864DB827,1,2576,Secret Lair Drop Series,2026-07-21T20:00:05.9940357Z,Secret Lair Drop: Astrology Lands (Scorpio) Bundle - Traditional Foil Edition,secret_lair_product_record,not_determined,tcgcsv_product_may_be_individual_card_not_drop,1,exact_tcgplayer_id_match,not_decided,Secret Lair reconstruction and evidence certification pending.,false,false
MTG-CANON-TCGPLAYER-285241,285241,Secret Lair Drop Series,Secret Lair Drop: Astrology Lands (Virgo) Bundle - Non-Foil Edition,secret_lair_product,secret_lair,secret_lair_bundle_or_kit,bundle,active,available,not_required,review_required,not_evaluated,structurally_eligible,sealed_secret_lair_bundle_or_kit,False,False,False,TCGCSV-SNAPSHOT-F0D82DEABA0E4ABD819BE4B1,1,2576,Secret Lair Drop Series,2026-07-21T20:00:05.9940357Z,Secret Lair Drop: Astrology Lands (Virgo) Bundle - Non-Foil Edition,secret_lair_product_record,not_determined,tcgcsv_product_may_be_individual_card_not_drop,1,exact_tcgplayer_id_match,not_decided,Secret Lair reconstruction and evidence certification pending.,false,false
MTG-CANON-TCGPLAYER-285244,285244,Secret Lair Drop Series,Secret Lair Drop: Astrology Lands (Virgo) Bundle - Traditional Foil Edition,secret_lair_product,secret_lair,secret_lair_bundle_or_kit,bundle,active,available,not_required,review_required,not_evaluated,structurally_eligible,sealed_secret_lair_bundle_or_kit,False,False,False,TCGCSV-SNAPSHOT-D7059F7118A8AC2EE243253E,1,2576,Secret Lair Drop Series,2026-07-21T20:00:05.9940357Z,Secret Lair Drop: Astrology Lands (Virgo) Bundle - Traditional Foil Edition,secret_lair_product_record,not_determined,tcgcsv_product_may_be_individual_card_not_drop,1,exact_tcgplayer_id_match,not_decided,Secret Lair reconstruction and evidence certification pending.,false,false
MTG-CANON-TCGPLAYER-283286,283286,Secret Lair Drop Series,Secret Lair Drop: August Superdrop - Full-of-Foils Bundle,secret_lair_product,secret_lair,secret_lair_bundle_or_kit,bundle,active,available,not_required,review_required,not_evaluated,structurally_eligible,sealed_secret_lair_bundle_or_kit,False,False,False,TCGCSV-SNAPSHOT-D5B45E5336C53DFCC03B7556,1,2576,Secret Lair Drop Series,2026-07-21T20:00:05.9940357Z,Secret Lair Drop: August Superdrop - Full-of-Foils Bundle,secret_lair_product_record,not_determined,tcgcsv_product_may_be_individual_card_not_drop,1,exact_tcgplayer_id_match,not_decided,Secret Lair reconstruction and evidence certification pending.,false,false
MTG-CANON-TCGPLAYER-283284,283284,Secret Lair Drop Series,"Secret Lair Drop: August Superdrop - Non-stop, Non-Foil Bundle",secret_lair_product,secret_lair,secret_lair_bundle_or_kit,bundle,active,available,not_required,review_required,not_evaluated,structurally_eligible,sealed_secret_lair_bundle_or_kit,False,False,False,TCGCSV-SNAPSHOT-D85519A4CEBA5A345E733D45,1,2576,Secret Lair Drop Series,2026-07-21T20:00:05.9940357Z,"Secret Lair Drop: August Superdrop - Non-stop, Non-Foil Bundle",secret_lair_product_record,not_determined,tcgcsv_product_may_be_individual_card_not_drop,1,exact_tcgplayer_id_match,not_decided,Secret Lair reconstruction and evidence certification pending.,false,false
MTG-CANON-TCGPLAYER-283288,283288,Secret Lair Drop Series,Secret Lair Drop: August Superdrop - The Bundle Bundle,secret_lair_product,secret_lair,secret_lair_bundle_or_kit,bundle,active,available,not_required,review_required,not_evaluated,structurally_eligible,sealed_secret_lair_bundle_or_kit,False,False,False,TCGCSV-SNAPSHOT-7C64268B15A2142EE3DEA985,1,2576,Secret Lair Drop Series,2026-07-21T20:00:05.9940357Z,Secret Lair Drop: August Superdrop - The Bundle Bundle,secret_lair_product_record,not_determined,tcgcsv_product_may_be_individual_card_not_drop,1,exact_tcgplayer_id_match,not_decided,Secret Lair reconstruction and evidence certification pending.,false,false
MTG-CANON-TCGPLAYER-450514,450514,Secret Lair Drop Series,Secret Lair Drop: Big Foil Bundle,secret_lair_product,secret_lair,secret_lair_bundle_or_kit,bundle,active,available,not_required,review_required,not_evaluated,structurally_eligible,sealed_secret_lair_bundle_or_kit,False,False,False,TCGCSV-SNAPSHOT-F758F035A7DB4A374AAC6C9F,1,2576,Secret Lair Drop Series,2026-07-21T20:00:05.9940357Z,Secret Lair Drop: Big Foil Bundle,secret_lair_product_record,not_determined,tcgcsv_product_may_be_individual_card_not_drop,1,exact_tcgplayer_id_match,not_decided,Secret Lair reconstruction and evidence certification pending.,false,false
MTG-CANON-TCGPLAYER-450515,450515,Secret Lair Drop Series,Secret Lair Drop: Big Non-Foil Bundle,secret_lair_product,secret_lair,secret_lair_bundle_or_kit,bundle,active,available,not_required,review_required,not_evaluated,structurally_eligible,sealed_secret_lair_bundle_or_kit,False,False,False,TCGCSV-SNAPSHOT-ABD2E38DE69AB8FED5E0B079,1,2576,Secret Lair Drop Series,2026-07-21T20:00:05.9940357Z,Secret Lair Drop: Big Non-Foil Bundle,secret_lair_product_record,not_determined,tcgcsv_product_may_be_individual_card_not_drop,1,exact_tcgplayer_id_match,not_decided,Secret Lair reconstruction and evidence certification pending.,false,false
MTG-CANON-TCGPLAYER-514992,514992,Secret Lair Drop Series,"Secret Lair Drop: Bugs, Bands & Blockbusters Bundle - Non-Foil Edition",secret_lair_product,secret_lair,secret_lair_bundle_or_kit,bundle,active,available,not_required,review_required,not_evaluated,structurally_eligible,sealed_secret_lair_bundle_or_kit,False,False,False,TCGCSV-SNAPSHOT-09C70A13D31CB72B3895D42F,1,2576,Secret Lair Drop Series,2026-07-21T20:00:05.9940357Z,"Secret Lair Drop: Bugs, Bands & Blockbusters Bundle - Non-Foil Edition",secret_lair_product_record,not_determined,tcgcsv_product_may_be_individual_card_not_drop,1,exact_tcgplayer_id_match,not_decided,Secret Lair reconstruction and evidence certification pending.,false,false
MTG-CANON-TCGPLAYER-514991,514991,Secret Lair Drop Series,"Secret Lair Drop: Bugs, Bands & Blockbusters Bundle - Traditional Foil Edition",secret_lair_product,secret_lair,secret_lair_bundle_or_kit,bundle,active,available,not_required,review_required,not_evaluated,structurally_eligible,sealed_secret_lair_bundle_or_kit,False,False,False,TCGCSV-SNAPSHOT-72260FCFA600956657E5BCA0,1,2576,Secret Lair Drop Series,2026-07-21T20:00:05.9940357Z,"Secret Lair Drop: Bugs, Bands & Blockbusters Bundle - Traditional Foil Edition",secret_lair_product_record,not_determined,tcgcsv_product_may_be_individual_card_not_drop,1,exact_tcgplayer_id_match,not_decided,Secret Lair reconstruction and evidence certification pending.,false,false
MTG-CANON-TCGPLAYER-646781,646781,Secret Lair Drop Series,Secret Lair Drop: Burn ‘Em All Bundle - Non-Foil Edition,secret_lair_product,secret_lair,secret_lair_bundle_or_kit,bundle,active,available,not_required,review_required,not_evaluated,structurally_eligible,sealed_secret_lair_bundle_or_kit,False,False,False,TCGCSV-SNAPSHOT-3D6096CA507C46F2C703A446,1,2576,Secret Lair Drop Series,2026-07-21T20:00:05.9940357Z,Secret Lair Drop: Burn ‘Em All Bundle - Non-Foil Edition,secret_lair_product_record,not_determined,tcgcsv_product_may_be_individual_card_not_drop,1,exact_tcgplayer_id_match,not_decided,Secret Lair reconstruction and evidence certification pending.,false,false
MTG-CANON-TCGPLAYER-646782,646782,Secret Lair Drop Series,Secret Lair Drop: Burn ‘Em All Bundle - Rainbow Foil Edition,secret_lair_product,secret_lair,secret_lair_bundle_or_kit,bundle,active,available,not_required,review_required,not_evaluated,structurally_eligible,sealed_secret_lair_bundle_or_kit,False,False,False,TCGCSV-SNAPSHOT-D7CDFA67AA80DD9C4ABF1BAF,1,2576,Secret Lair Drop Series,2026-07-21T20:00:05.9940357Z,Secret Lair Drop: Burn ‘Em All Bundle - Rainbow Foil Edition,secret_lair_product_record,not_determined,tcgcsv_product_may_be_individual_card_not_drop,1,exact_tcgplayer_id_match,not_decided,Secret Lair reconstruction and evidence certification pending.,false,false
MTG-CANON-TCGPLAYER-584515,584515,Secret Lair Drop Series,Secret Lair Drop: Camp Totally Safe Superdrop: Hatsune Miku: Electric Entourage Bundle,secret_lair_product,secret_lair,secret_lair_bundle_or_kit,bundle,active,available,not_required,review_required,not_evaluated,structurally_eligible,sealed_secret_lair_bundle_or_kit,False,False,False,TCGCSV-SNAPSHOT-9C6F62D7D74820ADD5290FD7,1,2576,Secret Lair Drop Series,2026-07-21T20:00:05.9940357Z,Secret Lair Drop: Camp Totally Safe Superdrop: Hatsune Miku: Electric Entourage Bundle,secret_lair_product_record,not_determined,tcgcsv_product_may_be_individual_card_not_drop,1,exact_tcgplayer_id_match,not_decided,Secret Lair reconstruction and evidence certification pending.,false,false
MTG-CANON-TCGPLAYER-584518,584518,Secret Lair Drop Series,Secret Lair Drop: Camp Totally Safe Superdrop: Night Swim Bundle - Foil Edition,secret_lair_product,secret_lair,secret_lair_bundle_or_kit,bundle,active,available,not_required,review_required,not_evaluated,structurally_eligible,sealed_secret_lair_bundle_or_kit,False,False,False,TCGCSV-SNAPSHOT-7F77E4A8263DB105875DD926,1,2576,Secret Lair Drop Series,2026-07-21T20:00:05.9940357Z,Secret Lair Drop: Camp Totally Safe Superdrop: Night Swim Bundle - Foil Edition,secret_lair_product_record,not_determined,tcgcsv_product_may_be_individual_card_not_drop,1,exact_tcgplayer_id_match,not_decided,Secret Lair reconstruction and evidence certification pending.,false,false
MTG-CANON-TCGPLAYER-584519,584519,Secret Lair Drop Series,Secret Lair Drop: Camp Totally Safe Superdrop: Night Swim Bundle - Non-Foil Edition,secret_lair_product,secret_lair,secret_lair_bundle_or_kit,bundle,active,available,not_required,review_required,not_evaluated,structurally_eligible,sealed_secret_lair_bundle_or_kit,False,False,False,TCGCSV-SNAPSHOT-ACED15D840AD2CEEACE9BAE5,1,2576,Secret Lair Drop Series,2026-07-21T20:00:05.9940357Z,Secret Lair Drop: Camp Totally Safe Superdrop: Night Swim Bundle - Non-Foil Edition,secret_lair_product_record,not_determined,tcgcsv_product_may_be_individual_card_not_drop,1,exact_tcgplayer_id_match,not_decided,Secret Lair reconstruction and evidence certification pending.,false,false
MTG-CANON-TCGPLAYER-584516,584516,Secret Lair Drop Series,Secret Lair Drop: Camp Totally Safe Superdrop: Noise from the Woods Bundle - Foil Edition,secret_lair_product,secret_lair,secret_lair_bundle_or_kit,bundle,active,available,not_required,review_required,not_evaluated,structurally_eligible,sealed_secret_lair_bundle_or_kit,False,False,False,TCGCSV-SNAPSHOT-249C296F1E4461E061AC7033,1,2576,Secret Lair Drop Series,2026-07-21T20:00:05.9940357Z,Secret Lair Drop: Camp Totally Safe Superdrop: Noise from the Woods Bundle - Foil Edition,secret_lair_product_record,not_determined,tcgcsv_product_may_be_individual_card_not_drop,1,exact_tcgplayer_id_match,not_decided,Secret Lair reconstruction and evidence certification pending.,false,false
MTG-CANON-TCGPLAYER-584517,584517,Secret Lair Drop Series,Secret Lair Drop: Camp Totally Safe Superdrop: Noise from the Woods Bundle - Non-Foil Edition,secret_lair_product,secret_lair,secret_lair_bundle_or_kit,bundle,active,available,not_required,review_required,not_evaluated,structurally_eligible,sealed_secret_lair_bundle_or_kit,False,False,False,TCGCSV-SNAPSHOT-32A81E0EB24EE1D95F65FFA9,1,2576,Secret Lair Drop Series,2026-07-21T20:00:05.9940357Z,Secret Lair Drop: Camp Totally Safe Superdrop: Noise from the Woods Bundle - Non-Foil Edition,secret_lair_product_record,not_determined,tcgcsv_product_may_be_individual_card_not_drop,1,exact_tcgplayer_id_match,not_decided,Secret Lair reconstruction and evidence certification pending.,false,false
MTG-CANON-TCGPLAYER-584512,584512,Secret Lair Drop Series,Secret Lair Drop: Camp Totally Safe Superdrop: The Cabin with Everything Bundle,secret_lair_product,secret_lair,secret_lair_bundle_or_kit,bundle,active,available,not_required,review_required,not_evaluated,structurally_eligible,sealed_secret_lair_bundle_or_kit,False,False,False,TCGCSV-SNAPSHOT-8A554C21788895075740047F,1,2576,Secret Lair Drop Series,2026-07-21T20:00:05.9940357Z,Secret Lair Drop: Camp Totally Safe Superdrop: The Cabin with Everything Bundle,secret_lair_product_record,not_determined,tcgcsv_product_may_be_individual_card_not_drop,1,exact_tcgplayer_id_match,not_decided,Secret Lair reconstruction and evidence certification pending.,false,false
MTG-CANON-TCGPLAYER-584513,584513,Secret Lair Drop Series,Secret Lair Drop: Camp Totally Safe Superdrop: The Cabin with Foils Bundle,secret_lair_product,secret_lair,secret_lair_bundle_or_kit,bundle,active,available,not_required,review_required,not_evaluated,structurally_eligible,sealed_secret_lair_bundle_or_kit,False,False,False,TCGCSV-SNAPSHOT-791338A0DCD71AB9F76CF0C0,1,2576,Secret Lair Drop Series,2026-07-21T20:00:05.9940357Z,Secret Lair Drop: Camp Totally Safe Superdrop: The Cabin with Foils Bundle,secret_lair_product_record,not_determined,tcgcsv_product_may_be_individual_card_not_drop,1,exact_tcgplayer_id_match,not_decided,Secret Lair reconstruction and evidence certification pending.,false,false
MTG-CANON-TCGPLAYER-584514,584514,Secret Lair Drop Series,Secret Lair Drop: Camp Totally Safe Superdrop: The Cabin with Non-Foils Bundle,secret_lair_product,secret_lair,secret_lair_bundle_or_kit,bundle,active,available,not_required,review_required,not_evaluated,structurally_eligible,sealed_secret_lair_bundle_or_kit,False,False,False,TCGCSV-SNAPSHOT-3236E925EED401A092EA4582,1,2576,Secret Lair Drop Series,2026-07-21T20:00:05.9940357Z,Secret Lair Drop: Camp Totally Safe Superdrop: The Cabin with Non-Foils Bundle,secret_lair_product_record,not_determined,tcgcsv_product_may_be_individual_card_not_drop,1,exact_tcgplayer_id_match,not_decided,Secret Lair reconstruction and evidence certification pending.,false,false
MTG-CANON-TCGPLAYER-518843,518843,Secret Lair Drop Series,Secret Lair Drop: Cards in Costume Foil Bundle - Traditional Foil Edition,secret_lair_product,secret_lair,secret_lair_bundle_or_kit,bundle,active,available,not_required,review_required,not_evaluated,structurally_eligible,sealed_secret_lair_bundle_or_kit,False,False,False,TCGCSV-SNAPSHOT-40520EE69130ADC3DF203936,1,2576,Secret Lair Drop Series,2026-07-21T20:00:05.9940357Z,Secret Lair Drop: Cards in Costume Foil Bundle - Traditional Foil Edition,secret_lair_product_record,not_determined,tcgcsv_product_may_be_individual_card_not_drop,1,exact_tcgplayer_id_match,not_decided,Secret Lair reconstruction and evidence certification pending.,false,false
MTG-CANON-TCGPLAYER-518842,518842,Secret Lair Drop Series,Secret Lair Drop: Cards in Costume Non-Foil Bundle - Non-Foil Edition,secret_lair_product,secret_lair,secret_lair_bundle_or_kit,bundle,active,available,not_required,review_required,not_evaluated,structurally_eligible,sealed_secret_lair_bundle_or_kit,False,False,False,TCGCSV-SNAPSHOT-1969F09807A100B1806F908F,1,2576,Secret Lair Drop Series,2026-07-21T20:00:05.9940357Z,Secret Lair Drop: Cards in Costume Non-Foil Bundle - Non-Foil Edition,secret_lair_product_record,not_determined,tcgcsv_product_may_be_individual_card_not_drop,1,exact_tcgplayer_id_match,not_decided,Secret Lair reconstruction and evidence certification pending.,false,false
MTG-CANON-TCGPLAYER-501826,501826,Secret Lair Drop Series,Secret Lair Drop: Carving Up A Barrel of Foils Bundle,secret_lair_product,secret_lair,secret_lair_bundle_or_kit,bundle,active,available,not_required,review_required,not_evaluated,structurally_eligible,sealed_secret_lair_bundle_or_kit,False,False,False,TCGCSV-SNAPSHOT-F93B489B27095F09DE777C74,1,2576,Secret Lair Drop Series,2026-07-21T20:00:05.9940357Z,Secret Lair Drop: Carving Up A Barrel of Foils Bundle,secret_lair_product_record,not_determined,tcgcsv_product_may_be_individual_card_not_drop,1,exact_tcgplayer_id_match,not_decided,Secret Lair reconstruction and evidence certification pending.,false,false
MTG-CANON-TCGPLAYER-646784,646784,Secret Lair Drop Series,Secret Lair Drop: Chill Beats Bundle - Non-Foil Edition,secret_lair_product,secret_lair,secret_lair_bundle_or_kit,bundle,active,available,not_required,review_required,not_evaluated,structurally_eligible,sealed_secret_lair_bundle_or_kit,False,False,False,TCGCSV-SNAPSHOT-233542A52144756C7987D5CA,1,2576,Secret Lair Drop Series,2026-07-21T20:00:05.9940357Z,Secret Lair Drop: Chill Beats Bundle - Non-Foil Edition,secret_lair_product_record,not_determined,tcgcsv_product_may_be_individual_card_not_drop,1,exact_tcgplayer_id_match,not_decided,Secret Lair reconstruction and evidence certification pending.,false,false
MTG-CANON-TCGPLAYER-646783,646783,Secret Lair Drop Series,Secret Lair Drop: Chill Beats Bundle - Rainbow Foil Edition,secret_lair_product,secret_lair,secret_lair_bundle_or_kit,bundle,active,available,not_required,review_required,not_evaluated,structurally_eligible,sealed_secret_lair_bundle_or_kit,False,False,False,TCGCSV-SNAPSHOT-E61FBF04F1998E82BC586C7B,1,2576,Secret Lair Drop Series,2026-07-21T20:00:05.9940357Z,Secret Lair Drop: Chill Beats Bundle - Rainbow Foil Edition,secret_lair_product_record,not_determined,tcgcsv_product_may_be_individual_card_not_drop,1,exact_tcgplayer_id_match,not_decided,Secret Lair reconstruction and evidence certification pending.,false,false
MTG-CANON-TCGPLAYER-456551,456551,Secret Lair Drop Series,Secret Lair Drop: December Superdrop Foil Bundle,secret_lair_product,secret_lair,secret_lair_bundle_or_kit,bundle,active,available,not_required,review_required,not_evaluated,structurally_eligible,sealed_secret_lair_bundle_or_kit,False,False,False,TCGCSV-SNAPSHOT-9A25DB0D092CFF56B4B9A70E,1,2576,Secret Lair Drop Series,2026-07-21T20:00:05.9940357Z,Secret Lair Drop: December Superdrop Foil Bundle,secret_lair_product_record,not_determined,tcgcsv_product_may_be_individual_card_not_drop,1,exact_tcgplayer_id_match,not_decided,Secret Lair reconstruction and evidence certification pending.,false,false
MTG-CANON-TCGPLAYER-456550,456550,Secret Lair Drop Series,Secret Lair Drop: December Superdrop Non-Foil Bundle,secret_lair_product,secret_lair,secret_lair_bundle_or_kit,bundle,active,available,not_required,review_required,not_evaluated,structurally_eligible,sealed_secret_lair_bundle_or_kit,False,False,False,TCGCSV-SNAPSHOT-120B56536BCAC9A6BE66439E,1,2576,Secret Lair Drop Series,2026-07-21T20:00:05.9940357Z,Secret Lair Drop: December Superdrop Non-Foil Bundle,secret_lair_product_record,not_determined,tcgcsv_product_may_be_individual_card_not_drop,1,exact_tcgplayer_id_match,not_decided,Secret Lair reconstruction and evidence certification pending.,false,false
MTG-CANON-TCGPLAYER-565535,565535,Secret Lair Drop Series,Secret Lair Drop: Dungeons & Dragons 50th Anniversary: Loot the Room with Everything Bundle,secret_lair_product,secret_lair,secret_lair_bundle_or_kit,bundle,active,available,not_required,review_required,not_evaluated,structurally_eligible,sealed_secret_lair_bundle_or_kit,False,False,False,TCGCSV-SNAPSHOT-C54BF3A3D652E423A97188E2,1,2576,Secret Lair Drop Series,2026-07-21T20:00:05.9940357Z,Secret Lair Drop: Dungeons & Dragons 50th Anniversary: Loot the Room with Everything Bundle,secret_lair_product_record,not_determined,tcgcsv_product_may_be_individual_card_not_drop,1,exact_tcgplayer_id_match,not_decided,Secret Lair reconstruction and evidence certification pending.,false,false
MTG-CANON-TCGPLAYER-565536,565536,Secret Lair Drop Series,Secret Lair Drop: Dungeons & Dragons 50th Anniversary: Loot the Room with Foils Bundle,secret_lair_product,secret_lair,secret_lair_bundle_or_kit,bundle,active,available,not_required,review_required,not_evaluated,structurally_eligible,sealed_secret_lair_bundle_or_kit,False,False,False,TCGCSV-SNAPSHOT-B2368AD86B634D7B056A2462,1,2576,Secret Lair Drop Series,2026-07-21T20:00:05.9940357Z,Secret Lair Drop: Dungeons & Dragons 50th Anniversary: Loot the Room with Foils Bundle,secret_lair_product_record,not_determined,tcgcsv_product_may_be_individual_card_not_drop,1,exact_tcgplayer_id_match,not_decided,Secret Lair reconstruction and evidence certification pending.,false,false
MTG-CANON-TCGPLAYER-565538,565538,Secret Lair Drop Series,Secret Lair Drop: Dungeons & Dragons 50th Anniversary: Loot the Room with Non-Foils Bundle,secret_lair_product,secret_lair,secret_lair_bundle_or_kit,bundle,active,available,not_required,review_required,not_evaluated,structurally_eligible,sealed_secret_lair_bundle_or_kit,False,False,False,TCGCSV-SNAPSHOT-91A3F3953E14DD0575DBA90C,1,2576,Secret Lair Drop Series,2026-07-21T20:00:05.9940357Z,Secret Lair Drop: Dungeons & Dragons 50th Anniversary: Loot the Room with Non-Foils Bundle,secret_lair_product_record,not_determined,tcgcsv_product_may_be_individual_card_not_drop,1,exact_tcgplayer_id_match,not_decided,Secret Lair reconstruction and evidence certification pending.,false,false
MTG-CANON-TCGPLAYER-545701,545701,Secret Lair Drop Series,Secret Lair Drop: Equinox Superdrop 2024: A Celebration of Everything Foil and Non-Foil Bundle,secret_lair_product,secret_lair,secret_lair_bundle_or_kit,bundle,active,available,not_required,review_required,not_evaluated,structurally_eligible,sealed_secret_lair_bundle_or_kit,False,False,False,TCGCSV-SNAPSHOT-01B05FC4157FB9DCD8ED72F6,1,2576,Secret Lair Drop Series,2026-07-21T20:00:05.9940357Z,Secret Lair Drop: Equinox Superdrop 2024: A Celebration of Everything Foil and Non-Foil Bundle,secret_lair_product_record,not_determined,tcgcsv_product_may_be_individual_card_not_drop,1,exact_tcgplayer_id_match,not_decided,Secret Lair reconstruction and evidence certification pending.,false,false
MTG-CANON-TCGPLAYER-545704,545704,Secret Lair Drop Series,Secret Lair Drop: Equinox Superdrop 2024: Fallout Bundle - Foil Edition,secret_lair_product,secret_lair,secret_lair_bundle_or_kit,bundle,active,available,not_required,review_required,not_evaluated,structurally_eligible,sealed_secret_lair_bundle_or_kit,False,False,False,TCGCSV-SNAPSHOT-E3A14583BC212BE5DF157B17,1,2576,Secret Lair Drop Series,2026-07-21T20:00:05.9940357Z,Secret Lair Drop: Equinox Superdrop 2024: Fallout Bundle - Foil Edition,secret_lair_product_record,not_determined,tcgcsv_product_may_be_individual_card_not_drop,1,exact_tcgplayer_id_match,not_decided,Secret Lair reconstruction and evidence certification pending.,false,false
MTG-CANON-TCGPLAYER-545705,545705,Secret Lair Drop Series,Secret Lair Drop: Equinox Superdrop 2024: Fallout Bundle - Non-Foil Edition,secret_lair_product,secret_lair,secret_lair_bundle_or_kit,bundle,active,available,not_required,review_required,not_evaluated,structurally_eligible,sealed_secret_lair_bundle_or_kit,False,False,False,TCGCSV-SNAPSHOT-920E5D912B876FF68CA5DEBF,1,2576,Secret Lair Drop Series,2026-07-21T20:00:05.9940357Z,Secret Lair Drop: Equinox Superdrop 2024: Fallout Bundle - Non-Foil Edition,secret_lair_product_record,not_determined,tcgcsv_product_may_be_individual_card_not_drop,1,exact_tcgplayer_id_match,not_decided,Secret Lair reconstruction and evidence certification pending.,false,false
MTG-CANON-TCGPLAYER-545706,545706,Secret Lair Drop Series,Secret Lair Drop: Equinox Superdrop 2024: Sunlight and Moonbeams Bundle - Foil Edition,secret_lair_product,secret_lair,secret_lair_bundle_or_kit,bundle,active,available,not_required,review_required,not_evaluated,structurally_eligible,sealed_secret_lair_bundle_or_kit,False,False,False,TCGCSV-SNAPSHOT-CCF56B6658F8F92392046A16,1,2576,Secret Lair Drop Series,2026-07-21T20:00:05.9940357Z,Secret Lair Drop: Equinox Superdrop 2024: Sunlight and Moonbeams Bundle - Foil Edition,secret_lair_product_record,not_determined,tcgcsv_product_may_be_individual_card_not_drop,1,exact_tcgplayer_id_match,not_decided,Secret Lair reconstruction and evidence certification pending.,false,false
MTG-CANON-TCGPLAYER-545707,545707,Secret Lair Drop Series,Secret Lair Drop: Equinox Superdrop 2024: Sunlight and Moonbeams Bundle - Non-Foil Edition,secret_lair_product,secret_lair,secret_lair_bundle_or_kit,bundle,active,available,not_required,review_required,not_evaluated,structurally_eligible,sealed_secret_lair_bundle_or_kit,False,False,False,TCGCSV-SNAPSHOT-09F32B680A90132B0950348D,1,2576,Secret Lair Drop Series,2026-07-21T20:00:05.9940357Z,Secret Lair Drop: Equinox Superdrop 2024: Sunlight and Moonbeams Bundle - Non-Foil Edition,secret_lair_product_record,not_determined,tcgcsv_product_may_be_individual_card_not_drop,1,exact_tcgplayer_id_match,not_decided,Secret Lair reconstruction and evidence certification pending.,false,false
MTG-CANON-TCGPLAYER-545702,545702,Secret Lair Drop Series,Secret Lair Drop: Equinox Superdrop 2024: We Celebrate the Foils Bundle,secret_lair_product,secret_lair,secret_lair_bundle_or_kit,bundle,active,available,not_required,review_required,not_evaluated,structurally_eligible,sealed_secret_lair_bundle_or_kit,False,False,False,TCGCSV-SNAPSHOT-83D28162B83F27F5AD31FC7B,1,2576,Secret Lair Drop Series,2026-07-21T20:00:05.9940357Z,Secret Lair Drop: Equinox Superdrop 2024: We Celebrate the Foils Bundle,secret_lair_product_record,not_determined,tcgcsv_product_may_be_individual_card_not_drop,1,exact_tcgplayer_id_match,not_decided,Secret Lair reconstruction and evidence certification pending.,false,false
MTG-CANON-TCGPLAYER-545703,545703,Secret Lair Drop Series,Secret Lair Drop: Equinox Superdrop 2024: We Celebrate the Non-Foils Bundle,secret_lair_product,secret_lair,secret_lair_bundle_or_kit,bundle,active,available,not_required,review_required,not_evaluated,structurally_eligible,sealed_secret_lair_bundle_or_kit,False,False,False,TCGCSV-SNAPSHOT-2331CB66A97B96A513788E10,1,2576,Secret Lair Drop Series,2026-07-21T20:00:05.9940357Z,Secret Lair Drop: Equinox Superdrop 2024: We Celebrate the Non-Foils Bundle,secret_lair_product_record,not_determined,tcgcsv_product_may_be_individual_card_not_drop,1,exact_tcgplayer_id_match,not_decided,Secret Lair reconstruction and evidence certification pending.,false,false
MTG-CANON-TCGPLAYER-632032,632032,Secret Lair Drop Series,Secret Lair Drop: EVERYTHING IS ON FIRE - Non-Foil Playset Bundle,secret_lair_product,secret_lair,secret_lair_bundle_or_kit,bundle,active,available,not_required,review_required,not_evaluated,structurally_eligible,sealed_secret_lair_bundle_or_kit,False,False,False,TCGCSV-SNAPSHOT-D6CBC69AB4FB9129992012B3,1,2576,Secret Lair Drop Series,2026-07-21T20:00:05.9940357Z,Secret Lair Drop: EVERYTHING IS ON FIRE - Non-Foil Playset Bundle,secret_lair_product_record,not_determined,tcgcsv_product_may_be_individual_card_not_drop,1,exact_tcgplayer_id_match,not_decided,Secret Lair reconstruction and evidence certification pending.,false,false
MTG-CANON-TCGPLAYER-632031,632031,Secret Lair Drop Series,Secret Lair Drop: EVERYTHING IS ON FIRE - Rainbow Foil Playset Bundle,secret_lair_product,secret_lair,secret_lair_bundle_or_kit,bundle,active,available,not_required,review_required,not_evaluated,structurally_eligible,sealed_secret_lair_bundle_or_kit,False,False,False,TCGCSV-SNAPSHOT-67B72AE036EEFE73ABB8CA84,1,2576,Secret Lair Drop Series,2026-07-21T20:00:05.9940357Z,Secret Lair Drop: EVERYTHING IS ON FIRE - Rainbow Foil Playset Bundle,secret_lair_product_record,not_determined,tcgcsv_product_may_be_individual_card_not_drop,1,exact_tcgplayer_id_match,not_decided,Secret Lair reconstruction and evidence certification pending.,false,false
MTG-CANON-TCGPLAYER-632029,632029,Secret Lair Drop Series,Secret Lair Drop: EVERYTHING IS ON FIRE - Raised Foil Playset Bundle,secret_lair_product,secret_lair,secret_lair_bundle_or_kit,bundle,active,available,not_required,review_required,not_evaluated,structurally_eligible,sealed_secret_lair_bundle_or_kit,False,False,False,TCGCSV-SNAPSHOT-F9325DBC5A581806F83F9693,1,2576,Secret Lair Drop Series,2026-07-21T20:00:05.9940357Z,Secret Lair Drop: EVERYTHING IS ON FIRE - Raised Foil Playset Bundle,secret_lair_product_record,not_determined,tcgcsv_product_may_be_individual_card_not_drop,1,exact_tcgplayer_id_match,not_decided,Secret Lair reconstruction and evidence certification pending.,false,false
MTG-CANON-TCGPLAYER-267765,267765,Secret Lair Drop Series,Secret Lair Drop: February Superdrop - Full-of-Foils Bundle,secret_lair_product,secret_lair,secret_lair_bundle_or_kit,bundle,active,available,not_required,review_required,not_evaluated,structurally_eligible,sealed_secret_lair_bundle_or_kit,False,False,False,TCGCSV-SNAPSHOT-234426910894AB81FD30500C,1,2576,Secret Lair Drop Series,2026-07-21T20:00:05.9940357Z,Secret Lair Drop: February Superdrop - Full-of-Foils Bundle,secret_lair_product_record,not_determined,tcgcsv_product_may_be_individual_card_not_drop,1,exact_tcgplayer_id_match,not_decided,Secret Lair reconstruction and evidence certification pending.,false,false
MTG-CANON-TCGPLAYER-267766,267766,Secret Lair Drop Series,"Secret Lair Drop: February Superdrop - Non-stop, Non-Foil Bundle",secret_lair_product,secret_lair,secret_lair_bundle_or_kit,bundle,active,available,not_required,review_required,not_evaluated,structurally_eligible,sealed_secret_lair_bundle_or_kit,False,False,False,TCGCSV-SNAPSHOT-32AC4B757902ABBAB89FBF96,1,2576,Secret Lair Drop Series,2026-07-21T20:00:05.9940357Z,"Secret Lair Drop: February Superdrop - Non-stop, Non-Foil Bundle",secret_lair_product_record,not_determined,tcgcsv_product_may_be_individual_card_not_drop,1,exact_tcgplayer_id_match,not_decided,Secret Lair reconstruction and evidence certification pending.,false,false
MTG-CANON-TCGPLAYER-267767,267767,Secret Lair Drop Series,Secret Lair Drop: February Superdrop - The Bundle Bundle,secret_lair_product,secret_lair,secret_lair_bundle_or_kit,bundle,active,available,not_required,review_required,not_evaluated,structurally_eligible,sealed_secret_lair_bundle_or_kit,False,False,False,TCGCSV-SNAPSHOT-EBF9C72798EF5C2B5CB88483,1,2576,Secret Lair Drop Series,2026-07-21T20:00:05.9940357Z,Secret Lair Drop: February Superdrop - The Bundle Bundle,secret_lair_product_record,not_determined,tcgcsv_product_may_be_individual_card_not_drop,1,exact_tcgplayer_id_match,not_decided,Secret Lair reconstruction and evidence certification pending.,false,false
MTG-CANON-TCGPLAYER-251741,251741,Secret Lair Drop Series,Secret Lair Drop: Ferocious Foil Bundle,secret_lair_product,secret_lair,secret_lair_bundle_or_kit,bundle,active,available,not_required,review_required,not_evaluated,structurally_eligible,sealed_secret_lair_bundle_or_kit,False,False,False,TCGCSV-SNAPSHOT-6987631B2A65D7A1158C5AC5,1,2576,Secret Lair Drop Series,2026-07-21T20:00:05.9940357Z,Secret Lair Drop: Ferocious Foil Bundle,secret_lair_product_record,not_determined,tcgcsv_product_may_be_individual_card_not_drop,1,exact_tcgplayer_id_match,not_decided,Secret Lair reconstruction and evidence certification pending.,false,false
MTG-CANON-TCGPLAYER-703900,703900,Secret Lair Drop Series,Secret Lair Drop: Festival in a Box Amsterdam 2026 Bundle,secret_lair_product,secret_lair,secret_lair_bundle_or_kit,bundle,active,available,required,review_required,not_evaluated,structurally_eligible,sealed_secret_lair_bundle_or_kit,False,False,False,TCGCSV-SNAPSHOT-CCAE3F95E7BFD676D877DFDB,1,2576,Secret Lair Drop Series,2026-07-21T20:00:05.9940357Z,Secret Lair Drop: Festival in a Box Amsterdam 2026 Bundle,secret_lair_product_record,not_determined,tcgcsv_product_may_be_individual_card_not_drop,1,exact_tcgplayer_id_match,not_decided,Secret Lair reconstruction and evidence certification pending.,false,false
MTG-CANON-TCGPLAYER-648635,648635,Secret Lair Drop Series,Secret Lair Drop: Festival in a Box Atlanta 2025 Bundle,secret_lair_product,secret_lair,secret_lair_bundle_or_kit,bundle,active,available,not_required,review_required,not_evaluated,structurally_eligible,sealed_secret_lair_bundle_or_kit,False,False,False,TCGCSV-SNAPSHOT-B7E0684428A665FE14916F33,1,2576,Secret Lair Drop Series,2026-07-21T20:00:05.9940357Z,Secret Lair Drop: Festival in a Box Atlanta 2025 Bundle,secret_lair_product_record,not_determined,tcgcsv_product_may_be_individual_card_not_drop,1,exact_tcgplayer_id_match,not_decided,Secret Lair reconstruction and evidence certification pending.,false,false
MTG-CANON-TCGPLAYER-616923,616923,Secret Lair Drop Series,Secret Lair Drop: Festival in a Box Chicago 2025 Bundle,secret_lair_product,secret_lair,secret_lair_bundle_or_kit,bundle,active,available,not_required,review_required,not_evaluated,structurally_eligible,sealed_secret_lair_bundle_or_kit,False,False,False,TCGCSV-SNAPSHOT-995987474EC049E65650628F,1,2576,Secret Lair Drop Series,2026-07-21T20:00:05.9940357Z,Secret Lair Drop: Festival in a Box Chicago 2025 Bundle,secret_lair_product_record,not_determined,tcgcsv_product_may_be_individual_card_not_drop,1,exact_tcgplayer_id_match,not_decided,Secret Lair reconstruction and evidence certification pending.,false,false
MTG-CANON-TCGPLAYER-633045,633045,Secret Lair Drop Series,Secret Lair Drop: Festival in a Box Las Vegas 2025 Bundle,secret_lair_product,secret_lair,secret_lair_bundle_or_kit,bundle,active,available,not_required,review_required,not_evaluated,structurally_eligible,sealed_secret_lair_bundle_or_kit,False,False,False,TCGCSV-SNAPSHOT-2257541D249849A8CD013C02,1,2576,Secret Lair Drop Series,2026-07-21T20:00:05.9940357Z,Secret Lair Drop: Festival in a Box Las Vegas 2025 Bundle,secret_lair_product_record,not_determined,tcgcsv_product_may_be_individual_card_not_drop,1,exact_tcgplayer_id_match,not_decided,Secret Lair reconstruction and evidence certification pending.,false,false
MTG-CANON-TCGPLAYER-689835,689835,Secret Lair Drop Series,Secret Lair Drop: Festival in a Box Las Vegas 2026 Bundle,secret_lair_product,secret_lair,secret_lair_bundle_or_kit,bundle,active,available,not_required,review_required,not_evaluated,structurally_eligible,sealed_secret_lair_bundle_or_kit,False,False,False,TCGCSV-SNAPSHOT-BC464C139DC27C34788992B0,1,2576,Secret Lair Drop Series,2026-07-21T20:00:05.9940357Z,Secret Lair Drop: Festival in a Box Las Vegas 2026 Bundle,secret_lair_product_record,not_determined,tcgcsv_product_may_be_individual_card_not_drop,1,exact_tcgplayer_id_match,not_decided,Secret Lair reconstruction and evidence certification pending.,false,false
MTG-CANON-TCGPLAYER-518850,518850,Secret Lair Drop Series,Secret Lair Drop: Fill My Cauldron with Almost Everything Bundle,secret_lair_product,secret_lair,secret_lair_bundle_or_kit,bundle,active,available,not_required,review_required,not_evaluated,structurally_eligible,sealed_secret_lair_bundle_or_kit,False,False,False,TCGCSV-SNAPSHOT-6C5EE344AC3F8F16DE111F42,1,2576,Secret Lair Drop Series,2026-07-21T20:00:05.9940357Z,Secret Lair Drop: Fill My Cauldron with Almost Everything Bundle,secret_lair_product_record,not_determined,tcgcsv_product_may_be_individual_card_not_drop,1,exact_tcgplayer_id_match,not_decided,Secret Lair reconstruction and evidence certification pending.,false,false
MTG-CANON-TCGPLAYER-518844,518844,Secret Lair Drop Series,Secret Lair Drop: Fill My Cauldron with Dr. Who Bundle,secret_lair_product,secret_lair,secret_lair_bundle_or_kit,bundle,active,available,not_required,review_required,not_evaluated,structurally_eligible,sealed_secret_lair_bundle_or_kit,False,False,False,TCGCSV-SNAPSHOT-7DC82E8CBF68A3794222A8CF,1,2576,Secret Lair Drop Series,2026-07-21T20:00:05.9940357Z,Secret Lair Drop: Fill My Cauldron with Dr. Who Bundle,secret_lair_product_record,not_determined,tcgcsv_product_may_be_individual_card_not_drop,1,exact_tcgplayer_id_match,not_decided,Secret Lair reconstruction and evidence certification pending.,false,false
MTG-CANON-TCGPLAYER-518849,518849,Secret Lair Drop Series,Secret Lair Drop: Fill My Cauldron with Foils Bundle,secret_lair_product,secret_lair,secret_lair_bundle_or_kit,bundle,active,available,not_required,review_required,not_evaluated,structurally_eligible,sealed_secret_lair_bundle_or_kit,False,False,False,TCGCSV-SNAPSHOT-BA35B3A6C924A83F350DBB06,1,2576,Secret Lair Drop Series,2026-07-21T20:00:05.9940357Z,Secret Lair Drop: Fill My Cauldron with Foils Bundle,secret_lair_product_record,not_determined,tcgcsv_product_may_be_individual_card_not_drop,1,exact_tcgplayer_id_match,not_decided,Secret Lair reconstruction and evidence certification pending.,false,false
MTG-CANON-TCGPLAYER-518847,518847,Secret Lair Drop Series,Secret Lair Drop: Fill My Cauldron with Non-Foils Bundle,secret_lair_product,secret_lair,secret_lair_bundle_or_kit,bundle,active,available,not_required,review_required,not_evaluated,structurally_eligible,sealed_secret_lair_bundle_or_kit,False,False,False,TCGCSV-SNAPSHOT-75D707CC4251706FDD8C96AE,1,2576,Secret Lair Drop Series,2026-07-21T20:00:05.9940357Z,Secret Lair Drop: Fill My Cauldron with Non-Foils Bundle,secret_lair_product_record,not_determined,tcgcsv_product_may_be_individual_card_not_drop,1,exact_tcgplayer_id_match,not_decided,Secret Lair reconstruction and evidence certification pending.,false,false
MTG-CANON-TCGPLAYER-561528,561528,Secret Lair Drop Series,Secret Lair Drop: Inside an Elevator Superdrop: Awkward Small Talk Bundle - Foil Edition,secret_lair_product,secret_lair,secret_lair_bundle_or_kit,bundle,active,available,not_required,review_required,not_evaluated,structurally_eligible,sealed_secret_lair_bundle_or_kit,False,False,False,TCGCSV-SNAPSHOT-0224BA7352C9C25A2BC705FC,1,2576,Secret Lair Drop Series,2026-07-21T20:00:05.9940357Z,Secret Lair Drop: Inside an Elevator Superdrop: Awkward Small Talk Bundle - Foil Edition,secret_lair_product_record,not_determined,tcgcsv_product_may_be_individual_card_not_drop,1,exact_tcgplayer_id_match,not_decided,Secret Lair reconstruction and evidence certification pending.,false,false
MTG-CANON-TCGPLAYER-561529,561529,Secret Lair Drop Series,Secret Lair Drop: Inside an Elevator Superdrop: Awkward Small Talk Bundle - Non-Foil Edition,secret_lair_product,secret_lair,secret_lair_bundle_or_kit,bundle,active,available,not_required,review_required,not_evaluated,structurally_eligible,sealed_secret_lair_bundle_or_kit,False,False,False,TCGCSV-SNAPSHOT-5001FC94C6A2B6DF79A17F8F,1,2576,Secret Lair Drop Series,2026-07-21T20:00:05.9940357Z,Secret Lair Drop: Inside an Elevator Superdrop: Awkward Small Talk Bundle - Non-Foil Edition,secret_lair_product_record,not_determined,tcgcsv_product_may_be_individual_card_not_drop,1,exact_tcgplayer_id_match,not_decided,Secret Lair reconstruction and evidence certification pending.,false,false
MTG-CANON-TCGPLAYER-561536,561536,Secret Lair Drop Series,Secret Lair Drop: Inside an Elevator Superdrop: Brain Dead Bundle - Foil Edition,secret_lair_product,secret_lair,secret_lair_bundle_or_kit,bundle,active,available,not_required,review_required,not_evaluated,structurally_eligible,sealed_secret_lair_bundle_or_kit,False,False,False,TCGCSV-SNAPSHOT-20671B69AAC6804787C82F21,1,2576,Secret Lair Drop Series,2026-07-21T20:00:05.9940357Z,Secret Lair Drop: Inside an Elevator Superdrop: Brain Dead Bundle - Foil Edition,secret_lair_product_record,not_determined,tcgcsv_product_may_be_individual_card_not_drop,1,exact_tcgplayer_id_match,not_decided,Secret Lair reconstruction and evidence certification pending.,false,false
MTG-CANON-TCGPLAYER-561540,561540,Secret Lair Drop Series,Secret Lair Drop: Inside an Elevator Superdrop: Brain Dead Bundle - Non-Foil Edition,secret_lair_product,secret_lair,secret_lair_bundle_or_kit,bundle,active,available,not_required,review_required,not_evaluated,structurally_eligible,sealed_secret_lair_bundle_or_kit,False,False,False,TCGCSV-SNAPSHOT-5E207D4C215A2D28E877A081,1,2576,Secret Lair Drop Series,2026-07-21T20:00:05.9940357Z,Secret Lair Drop: Inside an Elevator Superdrop: Brain Dead Bundle - Non-Foil Edition,secret_lair_product_record,not_determined,tcgcsv_product_may_be_individual_card_not_drop,1,exact_tcgplayer_id_match,not_decided,Secret Lair reconstruction and evidence certification pending.,false,false
MTG-CANON-TCGPLAYER-561522,561522,Secret Lair Drop Series,Secret Lair Drop: Inside an Elevator Superdrop: Take Me to the Floor with Everything Bundle,secret_lair_product,secret_lair,secret_lair_bundle_or_kit,bundle,active,available,not_required,review_required,not_evaluated,structurally_eligible,sealed_secret_lair_bundle_or_kit,False,False,False,TCGCSV-SNAPSHOT-9D9A2B7D9CB1D1FD7E599552,1,2576,Secret Lair Drop Series,2026-07-21T20:00:05.9940357Z,Secret Lair Drop: Inside an Elevator Superdrop: Take Me to the Floor with Everything Bundle,secret_lair_product_record,not_determined,tcgcsv_product_may_be_individual_card_not_drop,1,exact_tcgplayer_id_match,not_decided,Secret Lair reconstruction and evidence certification pending.,false,false
MTG-CANON-TCGPLAYER-561525,561525,Secret Lair Drop Series,Secret Lair Drop: Inside an Elevator Superdrop: Take Me to the Floor with Foils Bundle,secret_lair_product,secret_lair,secret_lair_bundle_or_kit,bundle,active,available,not_required,review_required,not_evaluated,structurally_eligible,sealed_secret_lair_bundle_or_kit,False,False,False,TCGCSV-SNAPSHOT-D040CA3861A878D350760EA7,1,2576,Secret Lair Drop Series,2026-07-21T20:00:05.9940357Z,Secret Lair Drop: Inside an Elevator Superdrop: Take Me to the Floor with Foils Bundle,secret_lair_product_record,not_determined,tcgcsv_product_may_be_individual_card_not_drop,1,exact_tcgplayer_id_match,not_decided,Secret Lair reconstruction and evidence certification pending.,false,false
MTG-CANON-TCGPLAYER-561526,561526,Secret Lair Drop Series,Secret Lair Drop: Inside an Elevator Superdrop: Take Me to the Floor with Non-Foils Bundle,secret_lair_product,secret_lair,secret_lair_bundle_or_kit,bundle,active,available,not_required,review_required,not_evaluated,structurally_eligible,sealed_secret_lair_bundle_or_kit,False,False,False,TCGCSV-SNAPSHOT-E8F5651545DD307784B33030,1,2576,Secret Lair Drop Series,2026-07-21T20:00:05.9940357Z,Secret Lair Drop: Inside an Elevator Superdrop: Take Me to the Floor with Non-Foils Bundle,secret_lair_product_record,not_determined,tcgcsv_product_may_be_individual_card_not_drop,1,exact_tcgplayer_id_match,not_decided,Secret Lair reconstruction and evidence certification pending.,false,false
MTG-CANON-TCGPLAYER-493793,493793,Secret Lair Drop Series,Secret Lair Drop: It's Raining Foils And Non-Foils Bundle,secret_lair_product,secret_lair,secret_lair_bundle_or_kit,bundle,active,available,not_required,review_required,not_evaluated,structurally_eligible,sealed_secret_lair_bundle_or_kit,False,False,False,TCGCSV-SNAPSHOT-0FD078833D4B20A046E8CD21,1,2576,Secret Lair Drop Series,2026-07-21T20:00:05.9940357Z,Secret Lair Drop: It's Raining Foils And Non-Foils Bundle,secret_lair_product_record,not_determined,tcgcsv_product_may_be_individual_card_not_drop,1,exact_tcgplayer_id_match,not_decided,Secret Lair reconstruction and evidence certification pending.,false,false
MTG-CANON-TCGPLAYER-275823,275823,Secret Lair Drop Series,Secret Lair Drop: June Superdrop - Full-of-Foils Bundle,secret_lair_product,secret_lair,secret_lair_bundle_or_kit,bundle,active,available,not_required,review_required,not_evaluated,structurally_eligible,sealed_secret_lair_bundle_or_kit,False,False,False,TCGCSV-SNAPSHOT-162C179628EB61D02E97D287,1,2576,Secret Lair Drop Series,2026-07-21T20:00:05.9940357Z,Secret Lair Drop: June Superdrop - Full-of-Foils Bundle,secret_lair_product_record,not_determined,tcgcsv_product_may_be_individual_card_not_drop,1,exact_tcgplayer_id_match,not_decided,Secret Lair reconstruction and evidence certification pending.,false,false
MTG-CANON-TCGPLAYER-275824,275824,Secret Lair Drop Series,"Secret Lair Drop: June Superdrop - Non-stop, Non-Foil Bundle",secret_lair_product,secret_lair,secret_lair_bundle_or_kit,bundle,active,available,not_required,review_required,not_evaluated,structurally_eligible,sealed_secret_lair_bundle_or_kit,False,False,False,TCGCSV-SNAPSHOT-308A3D3762A336AFBA81042F,1,2576,Secret Lair Drop Series,2026-07-21T20:00:05.9940357Z,"Secret Lair Drop: June Superdrop - Non-stop, Non-Foil Bundle",secret_lair_product_record,not_determined,tcgcsv_product_may_be_individual_card_not_drop,1,exact_tcgplayer_id_match,not_decided,Secret Lair reconstruction and evidence certification pending.,false,false
MTG-CANON-TCGPLAYER-275822,275822,Secret Lair Drop Series,Secret Lair Drop: June Superdrop - The Bundle Bundle,secret_lair_product,secret_lair,secret_lair_bundle_or_kit,bundle,active,available,not_required,review_required,not_evaluated,structurally_eligible,sealed_secret_lair_bundle_or_kit,False,False,False,TCGCSV-SNAPSHOT-530DE0AC88E6158B17412241,1,2576,Secret Lair Drop Series,2026-07-21T20:00:05.9940357Z,Secret Lair Drop: June Superdrop - The Bundle Bundle,secret_lair_product_record,not_determined,tcgcsv_product_may_be_individual_card_not_drop,1,exact_tcgplayer_id_match,not_decided,Secret Lair reconstruction and evidence certification pending.,false,false
MTG-CANON-TCGPLAYER-632023,632023,Secret Lair Drop Series,Secret Lair Drop: KEXP: Where the Music Matters - Non-Foil Bundle,secret_lair_product,secret_lair,secret_lair_bundle_or_kit,bundle,active,available,not_required,review_required,not_evaluated,structurally_eligible,sealed_secret_lair_bundle_or_kit,False,False,False,TCGCSV-SNAPSHOT-965E24212676C8844B63600F,1,2576,Secret Lair Drop Series,2026-07-21T20:00:05.9940357Z,Secret Lair Drop: KEXP: Where the Music Matters - Non-Foil Bundle,secret_lair_product_record,not_determined,tcgcsv_product_may_be_individual_card_not_drop,1,exact_tcgplayer_id_match,not_decided,Secret Lair reconstruction and evidence certification pending.,false,false
MTG-CANON-TCGPLAYER-632021,632021,Secret Lair Drop Series,Secret Lair Drop: KEXP: Where the Music Matters - Rainbow Foil Bundle,secret_lair_product,secret_lair,secret_lair_bundle_or_kit,bundle,active,available,not_required,review_required,not_evaluated,structurally_eligible,sealed_secret_lair_bundle_or_kit,False,False,False,TCGCSV-SNAPSHOT-015C3E2C2B8B2C5145A1A5D5,1,2576,Secret Lair Drop Series,2026-07-21T20:00:05.9940357Z,Secret Lair Drop: KEXP: Where the Music Matters - Rainbow Foil Bundle,secret_lair_product_record,not_determined,tcgcsv_product_may_be_individual_card_not_drop,1,exact_tcgplayer_id_match,not_decided,Secret Lair reconstruction and evidence certification pending.,false,false
MTG-CANON-TCGPLAYER-493796,493796,Secret Lair Drop Series,Secret Lair Drop: March of the Machine Bundle - Halo Foil Edition,secret_lair_product,secret_lair,secret_lair_bundle_or_kit,bundle,active,available,not_required,review_required,not_evaluated,structurally_eligible,sealed_secret_lair_bundle_or_kit,False,False,False,TCGCSV-SNAPSHOT-007932F84A93EA1A218BC279,1,2576,Secret Lair Drop Series,2026-07-21T20:00:05.9940357Z,Secret Lair Drop: March of the Machine Bundle - Halo Foil Edition,secret_lair_product_record,not_determined,tcgcsv_product_may_be_individual_card_not_drop,1,exact_tcgplayer_id_match,not_decided,Secret Lair reconstruction and evidence certification pending.,false,false
MTG-CANON-TCGPLAYER-592059,592059,Secret Lair Drop Series,Secret Lair Drop: Marvel Superdrop: The Astonishing Foil Bundle,secret_lair_product,secret_lair,secret_lair_bundle_or_kit,bundle,active,available,not_required,review_required,not_evaluated,structurally_eligible,sealed_secret_lair_bundle_or_kit,False,False,False,TCGCSV-SNAPSHOT-B611777BA31B954092C7B828,1,2576,Secret Lair Drop Series,2026-07-21T20:00:05.9940357Z,Secret Lair Drop: Marvel Superdrop: The Astonishing Foil Bundle,secret_lair_product_record,not_determined,tcgcsv_product_may_be_individual_card_not_drop,1,exact_tcgplayer_id_match,not_decided,Secret Lair reconstruction and evidence certification pending.,false,false
MTG-CANON-TCGPLAYER-592056,592056,Secret Lair Drop Series,Secret Lair Drop: Marvel Superdrop: The Heroic Everything Bundle,secret_lair_product,secret_lair,secret_lair_bundle_or_kit,bundle,active,available,not_required,review_required,not_evaluated,structurally_eligible,sealed_secret_lair_bundle_or_kit,False,False,False,TCGCSV-SNAPSHOT-281CF8554F0E475E5C0785A4,1,2576,Secret Lair Drop Series,2026-07-21T20:00:05.9940357Z,Secret Lair Drop: Marvel Superdrop: The Heroic Everything Bundle,secret_lair_product_record,not_determined,tcgcsv_product_may_be_individual_card_not_drop,1,exact_tcgplayer_id_match,not_decided,Secret Lair reconstruction and evidence certification pending.,false,false
MTG-CANON-TCGPLAYER-592060,592060,Secret Lair Drop Series,Secret Lair Drop: Marvel Superdrop: The Mighty Non-Foil Bundle,secret_lair_product,secret_lair,secret_lair_bundle_or_kit,bundle,active,available,not_required,review_required,not_evaluated,structurally_eligible,sealed_secret_lair_bundle_or_kit,False,False,False,TCGCSV-SNAPSHOT-1DBF26BB6510188139FD77E9,1,2576,Secret Lair Drop Series,2026-07-21T20:00:05.9940357Z,Secret Lair Drop: Marvel Superdrop: The Mighty Non-Foil Bundle,secret_lair_product_record,not_determined,tcgcsv_product_may_be_individual_card_not_drop,1,exact_tcgplayer_id_match,not_decided,Secret Lair reconstruction and evidence certification pending.,false,false
MTG-CANON-TCGPLAYER-251736,251736,Secret Lair Drop Series,Secret Lair Drop: Miss A Drop - It's Gone Superdrop: Boo-Tacular Bundle Bundle,secret_lair_product,secret_lair,secret_lair_bundle_or_kit,bundle,active,available,not_required,review_required,not_evaluated,structurally_eligible,sealed_secret_lair_bundle_or_kit,False,False,False,TCGCSV-SNAPSHOT-A176CF541F8B6586963091C8,1,2576,Secret Lair Drop Series,2026-07-21T20:00:05.9940357Z,Secret Lair Drop: Miss A Drop - It's Gone Superdrop: Boo-Tacular Bundle Bundle,secret_lair_product_record,not_determined,tcgcsv_product_may_be_individual_card_not_drop,1,exact_tcgplayer_id_match,not_decided,Secret Lair reconstruction and evidence certification pending.,false,false
MTG-CANON-TCGPLAYER-501833,501833,Secret Lair Drop Series,Secret Lair Drop: More Adventures in Middle-earth Bundle,secret_lair_product,secret_lair,secret_lair_bundle_or_kit,bundle,active,available,not_required,review_required,not_evaluated,structurally_eligible,sealed_secret_lair_bundle_or_kit,False,False,False,TCGCSV-SNAPSHOT-5CDF96B39366F5B0D1A6BEA5,1,2576,Secret Lair Drop Series,2026-07-21T20:00:05.9940357Z,Secret Lair Drop: More Adventures in Middle-earth Bundle,secret_lair_product_record,not_determined,tcgcsv_product_may_be_individual_card_not_drop,1,exact_tcgplayer_id_match,not_decided,Secret Lair reconstruction and evidence certification pending.,false,false
MTG-CANON-TCGPLAYER-251740,251740,Secret Lair Drop Series,Secret Lair Drop: Non-Foil Nightmare Bundle,secret_lair_product,secret_lair,secret_lair_bundle_or_kit,bundle,active,available,not_required,review_required,not_evaluated,structurally_eligible,sealed_secret_lair_bundle_or_kit,False,False,False,TCGCSV-SNAPSHOT-A25C1D9DED921E1F3EBF8FEB,1,2576,Secret Lair Drop Series,2026-07-21T20:00:05.9940357Z,Secret Lair Drop: Non-Foil Nightmare Bundle,secret_lair_product_record,not_determined,tcgcsv_product_may_be_individual_card_not_drop,1,exact_tcgplayer_id_match,not_decided,Secret Lair reconstruction and evidence certification pending.,false,false
MTG-CANON-TCGPLAYER-624906,624906,Secret Lair Drop Series,Secret Lair Drop: Our Boss is on Vacation Superdrop: Biggest. Bundle. Ever. Bundle,secret_lair_product,secret_lair,secret_lair_bundle_or_kit,bundle,active,available,not_required,review_required,not_evaluated,structurally_eligible,sealed_secret_lair_bundle_or_kit,False,False,False,TCGCSV-SNAPSHOT-5697AE9B1740A333F2162E74,1,2576,Secret Lair Drop Series,2026-07-21T20:00:05.9940357Z,Secret Lair Drop: Our Boss is on Vacation Superdrop: Biggest. Bundle. Ever. Bundle,secret_lair_product_record,not_determined,tcgcsv_product_may_be_individual_card_not_drop,1,exact_tcgplayer_id_match,not_decided,Secret Lair reconstruction and evidence certification pending.,false,false
MTG-CANON-TCGPLAYER-624753,624753,Secret Lair Drop Series,Secret Lair Drop: Our Boss is on Vacation Superdrop: Break Room Disco Ball Made of Foils Bundle,secret_lair_product,secret_lair,secret_lair_bundle_or_kit,bundle,active,available,not_required,review_required,not_evaluated,structurally_eligible,sealed_secret_lair_bundle_or_kit,False,False,False,TCGCSV-SNAPSHOT-7E64192F0CC99A26F9F7231C,1,2576,Secret Lair Drop Series,2026-07-21T20:00:05.9940357Z,Secret Lair Drop: Our Boss is on Vacation Superdrop: Break Room Disco Ball Made of Foils Bundle,secret_lair_product_record,not_determined,tcgcsv_product_may_be_individual_card_not_drop,1,exact_tcgplayer_id_match,not_decided,Secret Lair reconstruction and evidence certification pending.,false,false
MTG-CANON-TCGPLAYER-624759,624759,Secret Lair Drop Series,Secret Lair Drop: Our Boss is on Vacation Superdrop: Cover the Boss's Office with Everything Bundle,secret_lair_product,secret_lair,secret_lair_bundle_or_kit,bundle,active,available,not_required,review_required,not_evaluated,structurally_eligible,sealed_secret_lair_bundle_or_kit,False,False,False,TCGCSV-SNAPSHOT-9ED155B7ED8D73AF9B3D4DE1,1,2576,Secret Lair Drop Series,2026-07-21T20:00:05.9940357Z,Secret Lair Drop: Our Boss is on Vacation Superdrop: Cover the Boss's Office with Everything Bundle,secret_lair_product_record,not_determined,tcgcsv_product_may_be_individual_card_not_drop,1,exact_tcgplayer_id_match,not_decided,Secret Lair reconstruction and evidence certification pending.,false,false
MTG-CANON-TCGPLAYER-624751,624751,Secret Lair Drop Series,Secret Lair Drop: Our Boss is on Vacation Superdrop: Desk Fort Made of Non-Foils Bundle,secret_lair_product,secret_lair,secret_lair_bundle_or_kit,bundle,active,available,not_required,review_required,not_evaluated,structurally_eligible,sealed_secret_lair_bundle_or_kit,False,False,False,TCGCSV-SNAPSHOT-B2A0031A0467A51CEF3170E4,1,2576,Secret Lair Drop Series,2026-07-21T20:00:05.9940357Z,Secret Lair Drop: Our Boss is on Vacation Superdrop: Desk Fort Made of Non-Foils Bundle,secret_lair_product_record,not_determined,tcgcsv_product_may_be_individual_card_not_drop,1,exact_tcgplayer_id_match,not_decided,Secret Lair reconstruction and evidence certification pending.,false,false
MTG-CANON-TCGPLAYER-624758,624758,Secret Lair Drop Series,Secret Lair Drop: Our Boss is on Vacation Superdrop: Interim Boss's Bant Bundle,secret_lair_product,secret_lair,secret_lair_bundle_or_kit,bundle,active,available,not_required,review_required,not_evaluated,structurally_eligible,sealed_secret_lair_bundle_or_kit,False,False,False,TCGCSV-SNAPSHOT-1B1A97C79783C104FECE6507,1,2576,Secret Lair Drop Series,2026-07-21T20:00:05.9940357Z,Secret Lair Drop: Our Boss is on Vacation Superdrop: Interim Boss's Bant Bundle,secret_lair_product_record,not_determined,tcgcsv_product_may_be_individual_card_not_drop,1,exact_tcgplayer_id_match,not_decided,Secret Lair reconstruction and evidence certification pending.,false,false
MTG-CANON-TCGPLAYER-624750,624750,Secret Lair Drop Series,Secret Lair Drop: Our Boss is on Vacation Superdrop: Spongebob Squarepants Bundle - Non-Foil Edition,secret_lair_product,secret_lair,secret_lair_bundle_or_kit,bundle,active,available,not_required,review_required,not_evaluated,structurally_eligible,sealed_secret_lair_bundle_or_kit,False,False,False,TCGCSV-SNAPSHOT-ACB83F53B0ECBD4D4E81CA68,1,2576,Secret Lair Drop Series,2026-07-21T20:00:05.9940357Z,Secret Lair Drop: Our Boss is on Vacation Superdrop: Spongebob Squarepants Bundle - Non-Foil Edition,secret_lair_product_record,not_determined,tcgcsv_product_may_be_individual_card_not_drop,1,exact_tcgplayer_id_match,not_decided,Secret Lair reconstruction and evidence certification pending.,false,false
MTG-CANON-TCGPLAYER-624749,624749,Secret Lair Drop Series,Secret Lair Drop: Our Boss is on Vacation Superdrop: Spongebob Squarepants Bundle - Rainbow Foil Edition,secret_lair_product,secret_lair,secret_lair_bundle_or_kit,bundle,active,available,not_required,review_required,not_evaluated,structurally_eligible,sealed_secret_lair_bundle_or_kit,False,False,False,TCGCSV-SNAPSHOT-91E441307380670B9CE54011,1,2576,Secret Lair Drop Series,2026-07-21T20:00:05.9940357Z,Secret Lair Drop: Our Boss is on Vacation Superdrop: Spongebob Squarepants Bundle - Rainbow Foil Edition,secret_lair_product_record,not_determined,tcgcsv_product_may_be_individual_card_not_drop,1,exact_tcgplayer_id_match,not_decided,Secret Lair reconstruction and evidence certification pending.,false,false
MTG-CANON-TCGPLAYER-518841,518841,Secret Lair Drop Series,Secret Lair Drop: Places to Trick or Treat Foil Lands Bundle,secret_lair_product,secret_lair,secret_lair_bundle_or_kit,bundle,active,available,not_required,review_required,not_evaluated,structurally_eligible,sealed_secret_lair_bundle_or_kit,False,False,False,TCGCSV-SNAPSHOT-2EF465C47C32DD7E99C9DF33,1,2576,Secret Lair Drop Series,2026-07-21T20:00:05.9940357Z,Secret Lair Drop: Places to Trick or Treat Foil Lands Bundle,secret_lair_product_record,not_determined,tcgcsv_product_may_be_individual_card_not_drop,1,exact_tcgplayer_id_match,not_decided,Secret Lair reconstruction and evidence certification pending.,false,false
MTG-CANON-TCGPLAYER-518840,518840,Secret Lair Drop Series,Secret Lair Drop: Places to Trick or Treat Non-Foil Lands Bundle,secret_lair_product,secret_lair,secret_lair_bundle_or_kit,bundle,active,available,not_required,review_required,not_evaluated,structurally_eligible,sealed_secret_lair_bundle_or_kit,False,False,False,TCGCSV-SNAPSHOT-8E5C08DB9AEDFADEA5E6B3D4,1,2576,Secret Lair Drop Series,2026-07-21T20:00:05.9940357Z,Secret Lair Drop: Places to Trick or Treat Non-Foil Lands Bundle,secret_lair_product_record,not_determined,tcgcsv_product_may_be_individual_card_not_drop,1,exact_tcgplayer_id_match,not_decided,Secret Lair reconstruction and evidence certification pending.,false,false
MTG-CANON-TCGPLAYER-450512,450512,Secret Lair Drop Series,Secret Lair Drop: Post Malone Bundle,secret_lair_product,secret_lair,secret_lair_bundle_or_kit,bundle,active,available,not_required,review_required,not_evaluated,structurally_eligible,sealed_secret_lair_bundle_or_kit,False,False,False,TCGCSV-SNAPSHOT-737D8B172FF577AD988DC72B,1,2576,Secret Lair Drop Series,2026-07-21T20:00:05.9940357Z,Secret Lair Drop: Post Malone Bundle,secret_lair_product_record,not_determined,tcgcsv_product_may_be_individual_card_not_drop,1,exact_tcgplayer_id_match,not_decided,Secret Lair reconstruction and evidence certification pending.,false,false
MTG-CANON-TCGPLAYER-677414,677414,Secret Lair Drop Series,Secret Lair Drop: Roll for Initiative Superdrop: The All Dice Cast Bundle,secret_lair_product,secret_lair,secret_lair_bundle_or_kit,bundle,active,available,not_required,review_required,not_evaluated,structurally_eligible,sealed_secret_lair_bundle_or_kit,False,False,False,TCGCSV-SNAPSHOT-4318F422FD294F0A9982FC1A,1,2576,Secret Lair Drop Series,2026-07-21T20:00:05.9940357Z,Secret Lair Drop: Roll for Initiative Superdrop: The All Dice Cast Bundle,secret_lair_product_record,not_determined,tcgcsv_product_may_be_individual_card_not_drop,1,exact_tcgplayer_id_match,not_decided,Secret Lair reconstruction and evidence certification pending.,false,false
MTG-CANON-TCGPLAYER-677416,677416,Secret Lair Drop Series,Secret Lair Drop: Roll for Initiative Superdrop: The Bag of Holding Non-Foil Bundle,secret_lair_product,secret_lair,secret_lair_bundle_or_kit,bundle,active,available,not_required,review_required,not_evaluated,structurally_eligible,sealed_secret_lair_bundle_or_kit,False,False,False,TCGCSV-SNAPSHOT-5CF016D8D54D57050C119CCE,1,2576,Secret Lair Drop Series,2026-07-21T20:00:05.9940357Z,Secret Lair Drop: Roll for Initiative Superdrop: The Bag of Holding Non-Foil Bundle,secret_lair_product_record,not_determined,tcgcsv_product_may_be_individual_card_not_drop,1,exact_tcgplayer_id_match,not_decided,Secret Lair reconstruction and evidence certification pending.,false,false
MTG-CANON-TCGPLAYER-677415,677415,Secret Lair Drop Series,Secret Lair Drop: Roll for Initiative Superdrop: The Chromatic Dragon’s Hoard Foil Bundle,secret_lair_product,secret_lair,secret_lair_bundle_or_kit,bundle,active,available,not_required,review_required,not_evaluated,structurally_eligible,sealed_secret_lair_bundle_or_kit,False,False,False,TCGCSV-SNAPSHOT-7884AD995F3319B2E8AB05D7,1,2576,Secret Lair Drop Series,2026-07-21T20:00:05.9940357Z,Secret Lair Drop: Roll for Initiative Superdrop: The Chromatic Dragon’s Hoard Foil Bundle,secret_lair_product_record,not_determined,tcgcsv_product_may_be_individual_card_not_drop,1,exact_tcgplayer_id_match,not_decided,Secret Lair reconstruction and evidence certification pending.,false,false
MTG-CANON-TCGPLAYER-258494,258494,Secret Lair Drop Series,Secret Lair Drop: Second Secretversary Bundle - Foil Edition,secret_lair_product,secret_lair,secret_lair_bundle_or_kit,bundle,active,available,not_required,review_required,not_evaluated,structurally_eligible,sealed_secret_lair_bundle_or_kit,False,False,False,TCGCSV-SNAPSHOT-CE98FF3ADA24EE2A38FA4EEF,1,2576,Secret Lair Drop Series,2026-07-21T20:00:05.9940357Z,Secret Lair Drop: Second Secretversary Bundle - Foil Edition,secret_lair_product_record,not_determined,tcgcsv_product_may_be_individual_card_not_drop,1,exact_tcgplayer_id_match,not_decided,Secret Lair reconstruction and evidence certification pending.,false,false
MTG-CANON-TCGPLAYER-258493,258493,Secret Lair Drop Series,Secret Lair Drop: Second Secretversary Bundle - Non-Foil Edition,secret_lair_product,secret_lair,secret_lair_bundle_or_kit,bundle,active,available,not_required,review_required,not_evaluated,structurally_eligible,sealed_secret_lair_bundle_or_kit,False,False,False,TCGCSV-SNAPSHOT-42BD838AE8E7EED1A2D95AB8,1,2576,Secret Lair Drop Series,2026-07-21T20:00:05.9940357Z,Secret Lair Drop: Second Secretversary Bundle - Non-Foil Edition,secret_lair_product_record,not_determined,tcgcsv_product_may_be_individual_card_not_drop,1,exact_tcgplayer_id_match,not_decided,Secret Lair reconstruction and evidence certification pending.,false,false
MTG-CANON-TCGPLAYER-686671,686671,Secret Lair Drop Series,Secret Lair Drop: Secret Lair x Marvel's Deadpool: FINAL_final_REALLYfinal_v7_USETHISONE(2)_Everything Bundle,secret_lair_product,secret_lair,secret_lair_bundle_or_kit,bundle,active,available,not_required,review_required,not_evaluated,structurally_eligible,sealed_secret_lair_bundle_or_kit,False,False,False,TCGCSV-SNAPSHOT-DD8E216B1756A9EEA5ACAB05,1,2576,Secret Lair Drop Series,2026-07-21T20:00:05.9940357Z,Secret Lair Drop: Secret Lair x Marvel's Deadpool: FINAL_final_REALLYfinal_v7_USETHISONE(2)_Everything Bundle,secret_lair_product_record,not_determined,tcgcsv_product_may_be_individual_card_not_drop,1,exact_tcgplayer_id_match,not_decided,Secret Lair reconstruction and evidence certification pending.,false,false
MTG-CANON-TCGPLAYER-655099,655099,Secret Lair Drop Series,Secret Lair Drop: Secret Lair x Marvel's Spider-Man: The Amazing Everything Bundle,secret_lair_product,secret_lair,secret_lair_bundle_or_kit,bundle,active,available,not_required,review_required,not_evaluated,structurally_eligible,sealed_secret_lair_bundle_or_kit,False,False,False,TCGCSV-SNAPSHOT-6A9413D7B11B8550EC3F984F,1,2576,Secret Lair Drop Series,2026-07-21T20:00:05.9940357Z,Secret Lair Drop: Secret Lair x Marvel's Spider-Man: The Amazing Everything Bundle,secret_lair_product_record,not_determined,tcgcsv_product_may_be_individual_card_not_drop,1,exact_tcgplayer_id_match,not_decided,Secret Lair reconstruction and evidence certification pending.,false,false
MTG-CANON-TCGPLAYER-655098,655098,Secret Lair Drop Series,Secret Lair Drop: Secret Lair x Marvel's Spider-Man: The Foil Web-Slinger Bundle,secret_lair_product,secret_lair,secret_lair_bundle_or_kit,bundle,active,available,not_required,review_required,not_evaluated,structurally_eligible,sealed_secret_lair_bundle_or_kit,False,False,False,TCGCSV-SNAPSHOT-C9E2BB064481A755D2ACE4BB,1,2576,Secret Lair Drop Series,2026-07-21T20:00:05.9940357Z,Secret Lair Drop: Secret Lair x Marvel's Spider-Man: The Foil Web-Slinger Bundle,secret_lair_product_record,not_determined,tcgcsv_product_may_be_individual_card_not_drop,1,exact_tcgplayer_id_match,not_decided,Secret Lair reconstruction and evidence certification pending.,false,false
MTG-CANON-TCGPLAYER-655097,655097,Secret Lair Drop Series,Secret Lair Drop: Secret Lair x Marvel's Spider-Man: The Non-Foil Web-Slinger Bundle,secret_lair_product,secret_lair,secret_lair_bundle_or_kit,bundle,active,available,not_required,review_required,not_evaluated,structurally_eligible,sealed_secret_lair_bundle_or_kit,False,False,False,TCGCSV-SNAPSHOT-E0F4989935F4C74FBE8D696F,1,2576,Secret Lair Drop Series,2026-07-21T20:00:05.9940357Z,Secret Lair Drop: Secret Lair x Marvel's Spider-Man: The Non-Foil Web-Slinger Bundle,secret_lair_product_record,not_determined,tcgcsv_product_may_be_individual_card_not_drop,1,exact_tcgplayer_id_match,not_decided,Secret Lair reconstruction and evidence certification pending.,false,false
MTG-CANON-TCGPLAYER-657868,657868,Secret Lair Drop Series,Secret Lair Drop: Secret Scare Superdrop: Eddie's Metal As Hell All Foil Bundle,secret_lair_product,secret_lair,secret_lair_bundle_or_kit,bundle,active,available,not_required,review_required,not_evaluated,structurally_eligible,sealed_secret_lair_bundle_or_kit,False,False,False,TCGCSV-SNAPSHOT-A129D93BE564C1920D048996,1,2576,Secret Lair Drop Series,2026-07-21T20:00:05.9940357Z,Secret Lair Drop: Secret Scare Superdrop: Eddie's Metal As Hell All Foil Bundle,secret_lair_product_record,not_determined,tcgcsv_product_may_be_individual_card_not_drop,1,exact_tcgplayer_id_match,not_decided,Secret Lair reconstruction and evidence certification pending.,false,false
MTG-CANON-TCGPLAYER-657870,657870,Secret Lair Drop Series,Secret Lair Drop: Secret Scare Superdrop: The Ay-loh Tee-wee-lah Confetti Foil Bundle,secret_lair_product,secret_lair,secret_lair_bundle_or_kit,bundle,active,available,not_required,review_required,not_evaluated,structurally_eligible,sealed_secret_lair_bundle_or_kit,False,False,False,TCGCSV-SNAPSHOT-FFFCB1B8AABC74B7A2E578DA,1,2576,Secret Lair Drop Series,2026-07-21T20:00:05.9940357Z,Secret Lair Drop: Secret Scare Superdrop: The Ay-loh Tee-wee-lah Confetti Foil Bundle,secret_lair_product_record,not_determined,tcgcsv_product_may_be_individual_card_not_drop,1,exact_tcgplayer_id_match,not_decided,Secret Lair reconstruction and evidence certification pending.,false,false
MTG-CANON-TCGPLAYER-657867,657867,Secret Lair Drop Series,Secret Lair Drop: Secret Scare Superdrop: The Gonna Need a Bigger Boat Everything Bundle,secret_lair_product,secret_lair,secret_lair_bundle_or_kit,bundle,active,available,not_required,review_required,not_evaluated,structurally_eligible,sealed_secret_lair_bundle_or_kit,False,False,False,TCGCSV-SNAPSHOT-0C9FEEE0AEE8D6F41A27780A,1,2576,Secret Lair Drop Series,2026-07-21T20:00:05.9940357Z,Secret Lair Drop: Secret Scare Superdrop: The Gonna Need a Bigger Boat Everything Bundle,secret_lair_product_record,not_determined,tcgcsv_product_may_be_individual_card_not_drop,1,exact_tcgplayer_id_match,not_decided,Secret Lair reconstruction and evidence certification pending.,false,false
MTG-CANON-TCGPLAYER-657869,657869,Secret Lair Drop Series,Secret Lair Drop: Secret Scare Superdrop: The Scranton Strangler Non-Foil Bundle,secret_lair_product,secret_lair,secret_lair_bundle_or_kit,bundle,active,available,not_required,review_required,not_evaluated,structurally_eligible,sealed_secret_lair_bundle_or_kit,False,False,False,TCGCSV-SNAPSHOT-CCF438B6243E9CF1F314CD70,1,2576,Secret Lair Drop Series,2026-07-21T20:00:05.9940357Z,Secret Lair Drop: Secret Scare Superdrop: The Scranton Strangler Non-Foil Bundle,secret_lair_product_record,not_determined,tcgcsv_product_may_be_individual_card_not_drop,1,exact_tcgplayer_id_match,not_decided,Secret Lair reconstruction and evidence certification pending.,false,false
MTG-CANON-TCGPLAYER-228710,228710,Secret Lair Drop Series,Secret Lair Drop: Secretversary Superdrop - Foils Forever Bundle,secret_lair_product,secret_lair,secret_lair_bundle_or_kit,bundle,active,available,not_required,review_required,not_evaluated,structurally_eligible,sealed_secret_lair_bundle_or_kit,False,False,False,TCGCSV-SNAPSHOT-62E69C8CF71E8035FEE0E1ED,1,2576,Secret Lair Drop Series,2026-07-21T20:00:05.9940357Z,Secret Lair Drop: Secretversary Superdrop - Foils Forever Bundle,secret_lair_product_record,not_determined,tcgcsv_product_may_be_individual_card_not_drop,1,exact_tcgplayer_id_match,not_decided,Secret Lair reconstruction and evidence certification pending.,false,false
MTG-CANON-TCGPLAYER-228709,228709,Secret Lair Drop Series,"Secret Lair Drop: Secretversary Superdrop - No Foils, No Nonsense Bundle",secret_lair_product,secret_lair,secret_lair_bundle_or_kit,bundle,active,available,not_required,review_required,not_evaluated,structurally_eligible,sealed_secret_lair_bundle_or_kit,False,False,False,TCGCSV-SNAPSHOT-2FC28E6948A75587B4F99830,1,2576,Secret Lair Drop Series,2026-07-21T20:00:05.9940357Z,"Secret Lair Drop: Secretversary Superdrop - No Foils, No Nonsense Bundle",secret_lair_product_record,not_determined,tcgcsv_product_may_be_individual_card_not_drop,1,exact_tcgplayer_id_match,not_decided,Secret Lair reconstruction and evidence certification pending.,false,false
MTG-CANON-TCGPLAYER-228711,228711,Secret Lair Drop Series,Secret Lair Drop: Secretversary Superdrop - The Bundle Bundle,secret_lair_product,secret_lair,secret_lair_bundle_or_kit,bundle,active,available,not_required,review_required,not_evaluated,structurally_eligible,sealed_secret_lair_bundle_or_kit,False,False,False,TCGCSV-SNAPSHOT-F13D9C96A653D90A92EFA67B,1,2576,Secret Lair Drop Series,2026-07-21T20:00:05.9940357Z,Secret Lair Drop: Secretversary Superdrop - The Bundle Bundle,secret_lair_product_record,not_determined,tcgcsv_product_may_be_individual_card_not_drop,1,exact_tcgplayer_id_match,not_decided,Secret Lair reconstruction and evidence certification pending.,false,false
MTG-CANON-TCGPLAYER-528417,528417,Secret Lair Drop Series,Secret Lair Drop: Secretversary Superdrop 2023: Goodie Bag Loaded with Everything Bundle,secret_lair_product,secret_lair,secret_lair_bundle_or_kit,bundle,active,available,not_required,review_required,not_evaluated,structurally_eligible,sealed_secret_lair_bundle_or_kit,False,False,False,TCGCSV-SNAPSHOT-AFD27DF739E1C730A863A1F2,1,2576,Secret Lair Drop Series,2026-07-21T20:00:05.9940357Z,Secret Lair Drop: Secretversary Superdrop 2023: Goodie Bag Loaded with Everything Bundle,secret_lair_product_record,not_determined,tcgcsv_product_may_be_individual_card_not_drop,1,exact_tcgplayer_id_match,not_decided,Secret Lair reconstruction and evidence certification pending.,false,false
MTG-CANON-TCGPLAYER-528416,528416,Secret Lair Drop Series,Secret Lair Drop: Secretversary Superdrop 2023: Goodie Bag Loaded with Foils Bundle,secret_lair_product,secret_lair,secret_lair_bundle_or_kit,bundle,active,available,not_required,review_required,not_evaluated,structurally_eligible,sealed_secret_lair_bundle_or_kit,False,False,False,TCGCSV-SNAPSHOT-47BE7430958C547B52CE529A,1,2576,Secret Lair Drop Series,2026-07-21T20:00:05.9940357Z,Secret Lair Drop: Secretversary Superdrop 2023: Goodie Bag Loaded with Foils Bundle,secret_lair_product_record,not_determined,tcgcsv_product_may_be_individual_card_not_drop,1,exact_tcgplayer_id_match,not_decided,Secret Lair reconstruction and evidence certification pending.,false,false
MTG-CANON-TCGPLAYER-528415,528415,Secret Lair Drop Series,Secret Lair Drop: Secretversary Superdrop 2023: Goodie Bag Loaded with Non-Foils Bundle,secret_lair_product,secret_lair,secret_lair_bundle_or_kit,bundle,active,available,not_required,review_required,not_evaluated,structurally_eligible,sealed_secret_lair_bundle_or_kit,False,False,False,TCGCSV-SNAPSHOT-E398D5B8022B6C1ED4F69769,1,2576,Secret Lair Drop Series,2026-07-21T20:00:05.9940357Z,Secret Lair Drop: Secretversary Superdrop 2023: Goodie Bag Loaded with Non-Foils Bundle,secret_lair_product_record,not_determined,tcgcsv_product_may_be_individual_card_not_drop,1,exact_tcgplayer_id_match,not_decided,Secret Lair reconstruction and evidence certification pending.,false,false
MTG-CANON-TCGPLAYER-528411,528411,Secret Lair Drop Series,Secret Lair Drop: Secretversary Superdrop 2023: Holiday Gift Bag Bundle - Foil Edition,secret_lair_product,secret_lair,secret_lair_bundle_or_kit,bundle,active,available,not_required,review_required,not_evaluated,structurally_eligible,sealed_secret_lair_bundle_or_kit,False,False,False,TCGCSV-SNAPSHOT-4C5764A28615952A6A1D2EF4,1,2576,Secret Lair Drop Series,2026-07-21T20:00:05.9940357Z,Secret Lair Drop: Secretversary Superdrop 2023: Holiday Gift Bag Bundle - Foil Edition,secret_lair_product_record,not_determined,tcgcsv_product_may_be_individual_card_not_drop,1,exact_tcgplayer_id_match,not_decided,Secret Lair reconstruction and evidence certification pending.,false,false
MTG-CANON-TCGPLAYER-528410,528410,Secret Lair Drop Series,Secret Lair Drop: Secretversary Superdrop 2023: Holiday Gift Bag Bundle - Non-Foil Edition,secret_lair_product,secret_lair,secret_lair_bundle_or_kit,bundle,active,available,not_required,review_required,not_evaluated,structurally_eligible,sealed_secret_lair_bundle_or_kit,False,False,False,TCGCSV-SNAPSHOT-E9938086A7C7D569A5961C64,1,2576,Secret Lair Drop Series,2026-07-21T20:00:05.9940357Z,Secret Lair Drop: Secretversary Superdrop 2023: Holiday Gift Bag Bundle - Non-Foil Edition,secret_lair_product_record,not_determined,tcgcsv_product_may_be_individual_card_not_drop,1,exact_tcgplayer_id_match,not_decided,Secret Lair reconstruction and evidence certification pending.,false,false
MTG-CANON-TCGPLAYER-528409,528409,Secret Lair Drop Series,Secret Lair Drop: Secretversary Superdrop 2023: Jungle Bundle - Foil Edition,secret_lair_product,secret_lair,secret_lair_bundle_or_kit,bundle,active,available,not_required,review_required,not_evaluated,structurally_eligible,sealed_secret_lair_bundle_or_kit,False,False,False,TCGCSV-SNAPSHOT-06417D47FBD1674304E84262,1,2576,Secret Lair Drop Series,2026-07-21T20:00:05.9940357Z,Secret Lair Drop: Secretversary Superdrop 2023: Jungle Bundle - Foil Edition,secret_lair_product_record,not_determined,tcgcsv_product_may_be_individual_card_not_drop,1,exact_tcgplayer_id_match,not_decided,Secret Lair reconstruction and evidence certification pending.,false,false
MTG-CANON-TCGPLAYER-528408,528408,Secret Lair Drop Series,Secret Lair Drop: Secretversary Superdrop 2023: Jungle Bundle - Non-Foil Edition,secret_lair_product,secret_lair,secret_lair_bundle_or_kit,bundle,active,available,not_required,review_required,not_evaluated,structurally_eligible,sealed_secret_lair_bundle_or_kit,False,False,False,TCGCSV-SNAPSHOT-FD00AD5AB5E472AF80A3827C,1,2576,Secret Lair Drop Series,2026-07-21T20:00:05.9940357Z,Secret Lair Drop: Secretversary Superdrop 2023: Jungle Bundle - Non-Foil Edition,secret_lair_product_record,not_determined,tcgcsv_product_may_be_individual_card_not_drop,1,exact_tcgplayer_id_match,not_decided,Secret Lair reconstruction and evidence certification pending.,false,false
MTG-CANON-TCGPLAYER-528413,528413,Secret Lair Drop Series,Secret Lair Drop: Secretversary Superdrop 2023: Lara Croft's Adventuring Bundle - Foil Edition,secret_lair_product,secret_lair,secret_lair_bundle_or_kit,bundle,active,available,not_required,review_required,not_evaluated,structurally_eligible,sealed_secret_lair_bundle_or_kit,False,False,False,TCGCSV-SNAPSHOT-3594A9309CDAB1C6A14C8E71,1,2576,Secret Lair Drop Series,2026-07-21T20:00:05.9940357Z,Secret Lair Drop: Secretversary Superdrop 2023: Lara Croft's Adventuring Bundle - Foil Edition,secret_lair_product_record,not_determined,tcgcsv_product_may_be_individual_card_not_drop,1,exact_tcgplayer_id_match,not_decided,Secret Lair reconstruction and evidence certification pending.,false,false
MTG-CANON-TCGPLAYER-528412,528412,Secret Lair Drop Series,Secret Lair Drop: Secretversary Superdrop 2023: Lara Croft's Adventuring Bundle - Non-Foil Edition,secret_lair_product,secret_lair,secret_lair_bundle_or_kit,bundle,active,available,not_required,review_required,not_evaluated,structurally_eligible,sealed_secret_lair_bundle_or_kit,False,False,False,TCGCSV-SNAPSHOT-F7B5AF9173F3C510276CAAEA,1,2576,Secret Lair Drop Series,2026-07-21T20:00:05.9940357Z,Secret Lair Drop: Secretversary Superdrop 2023: Lara Croft's Adventuring Bundle - Non-Foil Edition,secret_lair_product_record,not_determined,tcgcsv_product_may_be_individual_card_not_drop,1,exact_tcgplayer_id_match,not_decided,Secret Lair reconstruction and evidence certification pending.,false,false
MTG-CANON-TCGPLAYER-528414,528414,Secret Lair Drop Series,Secret Lair Drop: Secretversary Superdrop 2023: Welcome to Jurassic World Bundle,secret_lair_product,secret_lair,secret_lair_bundle_or_kit,bundle,active,available,not_required,review_required,not_evaluated,structurally_eligible,sealed_secret_lair_bundle_or_kit,False,False,False,TCGCSV-SNAPSHOT-CB0BCC516C1DA28458654BAA,1,2576,Secret Lair Drop Series,2026-07-21T20:00:05.9940357Z,Secret Lair Drop: Secretversary Superdrop 2023: Welcome to Jurassic World Bundle,secret_lair_product_record,not_determined,tcgcsv_product_may_be_individual_card_not_drop,1,exact_tcgplayer_id_match,not_decided,Secret Lair reconstruction and evidence certification pending.,false,false
MTG-CANON-TCGPLAYER-511864,511864,Secret Lair Drop Series,Secret Lair Drop: Seven In Heaven Bundle,secret_lair_product,secret_lair,secret_lair_bundle_or_kit,bundle,active,available,not_required,review_required,not_evaluated,structurally_eligible,sealed_secret_lair_bundle_or_kit,False,False,False,TCGCSV-SNAPSHOT-995CC354B416A3D9780D7F26,1,2576,Secret Lair Drop Series,2026-07-21T20:00:05.9940357Z,Secret Lair Drop: Seven In Heaven Bundle,secret_lair_product_record,not_determined,tcgcsv_product_may_be_individual_card_not_drop,1,exact_tcgplayer_id_match,not_decided,Secret Lair reconstruction and evidence certification pending.,false,false
MTG-CANON-TCGPLAYER-501823,501823,Secret Lair Drop Series,Secret Lair Drop: Shredding A Wave of Everything Bundle,secret_lair_product,secret_lair,secret_lair_bundle_or_kit,bundle,active,available,not_required,review_required,not_evaluated,structurally_eligible,sealed_secret_lair_bundle_or_kit,False,False,False,TCGCSV-SNAPSHOT-DDF06A5F843F51CB86893B0A,1,2576,Secret Lair Drop Series,2026-07-21T20:00:05.9940357Z,Secret Lair Drop: Shredding A Wave of Everything Bundle,secret_lair_product_record,not_determined,tcgcsv_product_may_be_individual_card_not_drop,1,exact_tcgplayer_id_match,not_decided,Secret Lair reconstruction and evidence certification pending.,false,false
MTG-CANON-TCGPLAYER-233762,233762,Secret Lair Drop Series,Secret Lair Drop: Smitten Superdrop: All-Our-Love Bundle,secret_lair_product,secret_lair,secret_lair_bundle_or_kit,bundle,active,available,not_required,review_required,not_evaluated,structurally_eligible,sealed_secret_lair_bundle_or_kit,False,False,False,TCGCSV-SNAPSHOT-6B302696FB6CD5193F758DC8,1,2576,Secret Lair Drop Series,2026-07-21T20:00:05.9940357Z,Secret Lair Drop: Smitten Superdrop: All-Our-Love Bundle,secret_lair_product_record,not_determined,tcgcsv_product_may_be_individual_card_not_drop,1,exact_tcgplayer_id_match,not_decided,Secret Lair reconstruction and evidence certification pending.,false,false
MTG-CANON-TCGPLAYER-551408,551408,Secret Lair Drop Series,Secret Lair Drop: Spring Superdrop 2024: All The Foils Are Blooming Bundle,secret_lair_product,secret_lair,secret_lair_bundle_or_kit,bundle,active,available,not_required,review_required,not_evaluated,structurally_eligible,sealed_secret_lair_bundle_or_kit,False,False,False,TCGCSV-SNAPSHOT-2234AF46DA9BC263D76BB2FF,1,2576,Secret Lair Drop Series,2026-07-21T20:00:05.9940357Z,Secret Lair Drop: Spring Superdrop 2024: All The Foils Are Blooming Bundle,secret_lair_product_record,not_determined,tcgcsv_product_may_be_individual_card_not_drop,1,exact_tcgplayer_id_match,not_decided,Secret Lair reconstruction and evidence certification pending.,false,false
MTG-CANON-TCGPLAYER-551409,551409,Secret Lair Drop Series,Secret Lair Drop: Spring Superdrop 2024: All The Non-Foils Are Blooming Bundle,secret_lair_product,secret_lair,secret_lair_bundle_or_kit,bundle,active,available,not_required,review_required,not_evaluated,structurally_eligible,sealed_secret_lair_bundle_or_kit,False,False,False,TCGCSV-SNAPSHOT-3E1C9DA7C5DC148DB850FB66,1,2576,Secret Lair Drop Series,2026-07-21T20:00:05.9940357Z,Secret Lair Drop: Spring Superdrop 2024: All The Non-Foils Are Blooming Bundle,secret_lair_product_record,not_determined,tcgcsv_product_may_be_individual_card_not_drop,1,exact_tcgplayer_id_match,not_decided,Secret Lair reconstruction and evidence certification pending.,false,false
MTG-CANON-TCGPLAYER-551407,551407,Secret Lair Drop Series,Secret Lair Drop: Spring Superdrop 2024: Everything is Blooming Bundle,secret_lair_product,secret_lair,secret_lair_bundle_or_kit,bundle,active,available,not_required,review_required,not_evaluated,structurally_eligible,sealed_secret_lair_bundle_or_kit,False,False,False,TCGCSV-SNAPSHOT-004FCA44DBCB93AFCD2F04DC,1,2576,Secret Lair Drop Series,2026-07-21T20:00:05.9940357Z,Secret Lair Drop: Spring Superdrop 2024: Everything is Blooming Bundle,secret_lair_product_record,not_determined,tcgcsv_product_may_be_individual_card_not_drop,1,exact_tcgplayer_id_match,not_decided,Secret Lair reconstruction and evidence certification pending.,false,false
MTG-CANON-TCGPLAYER-551411,551411,Secret Lair Drop Series,Secret Lair Drop: Spring Superdrop 2024: Hatsune Miku: Sakura Superstar Bundle,secret_lair_product,secret_lair,secret_lair_bundle_or_kit,bundle,active,available,not_required,review_required,not_evaluated,structurally_eligible,sealed_secret_lair_bundle_or_kit,False,False,False,TCGCSV-SNAPSHOT-9FB620B97549062CD2B6F612,1,2576,Secret Lair Drop Series,2026-07-21T20:00:05.9940357Z,Secret Lair Drop: Spring Superdrop 2024: Hatsune Miku: Sakura Superstar Bundle,secret_lair_product_record,not_determined,tcgcsv_product_may_be_individual_card_not_drop,1,exact_tcgplayer_id_match,not_decided,Secret Lair reconstruction and evidence certification pending.,false,false
MTG-CANON-TCGPLAYER-551417,551417,Secret Lair Drop Series,Secret Lair Drop: Spring Superdrop 2024: Outlaws of Thunder Junction Bundle - Foil Edition,secret_lair_product,secret_lair,secret_lair_bundle_or_kit,bundle,active,available,not_required,review_required,not_evaluated,structurally_eligible,sealed_secret_lair_bundle_or_kit,False,False,False,TCGCSV-SNAPSHOT-C54B8FFCD108BADD08F8B01D,1,2576,Secret Lair Drop Series,2026-07-21T20:00:05.9940357Z,Secret Lair Drop: Spring Superdrop 2024: Outlaws of Thunder Junction Bundle - Foil Edition,secret_lair_product_record,not_determined,tcgcsv_product_may_be_individual_card_not_drop,1,exact_tcgplayer_id_match,not_decided,Secret Lair reconstruction and evidence certification pending.,false,false
MTG-CANON-TCGPLAYER-551419,551419,Secret Lair Drop Series,Secret Lair Drop: Spring Superdrop 2024: Outlaws of Thunder Junction Bundle - Non-Foil Edition,secret_lair_product,secret_lair,secret_lair_bundle_or_kit,bundle,active,available,not_required,review_required,not_evaluated,structurally_eligible,sealed_secret_lair_bundle_or_kit,False,False,False,TCGCSV-SNAPSHOT-EEF491A85A2B6DFBFA7B948E,1,2576,Secret Lair Drop Series,2026-07-21T20:00:05.9940357Z,Secret Lair Drop: Spring Superdrop 2024: Outlaws of Thunder Junction Bundle - Non-Foil Edition,secret_lair_product_record,not_determined,tcgcsv_product_may_be_individual_card_not_drop,1,exact_tcgplayer_id_match,not_decided,Secret Lair reconstruction and evidence certification pending.,false,false
MTG-CANON-TCGPLAYER-551413,551413,Secret Lair Drop Series,Secret Lair Drop: Spring Superdrop 2024: Spring Into Action Bundle - Foil Edition,secret_lair_product,secret_lair,secret_lair_bundle_or_kit,bundle,active,available,not_required,review_required,not_evaluated,structurally_eligible,sealed_secret_lair_bundle_or_kit,False,False,False,TCGCSV-SNAPSHOT-446DFB04717079C7CA961B71,1,2576,Secret Lair Drop Series,2026-07-21T20:00:05.9940357Z,Secret Lair Drop: Spring Superdrop 2024: Spring Into Action Bundle - Foil Edition,secret_lair_product_record,not_determined,tcgcsv_product_may_be_individual_card_not_drop,1,exact_tcgplayer_id_match,not_decided,Secret Lair reconstruction and evidence certification pending.,false,false
MTG-CANON-TCGPLAYER-551415,551415,Secret Lair Drop Series,Secret Lair Drop: Spring Superdrop 2024: Spring Into Action Bundle - Non-Foil Edition,secret_lair_product,secret_lair,secret_lair_bundle_or_kit,bundle,active,available,not_required,review_required,not_evaluated,structurally_eligible,sealed_secret_lair_bundle_or_kit,False,False,False,TCGCSV-SNAPSHOT-B80CAE0138FE71F73E0960B9,1,2576,Secret Lair Drop Series,2026-07-21T20:00:05.9940357Z,Secret Lair Drop: Spring Superdrop 2024: Spring Into Action Bundle - Non-Foil Edition,secret_lair_product_record,not_determined,tcgcsv_product_may_be_individual_card_not_drop,1,exact_tcgplayer_id_match,not_decided,Secret Lair reconstruction and evidence certification pending.,false,false
MTG-CANON-TCGPLAYER-556779,556779,Secret Lair Drop Series,Secret Lair Drop: Summer Superdrop 2024: Hatsune Miku: Digital Sensation Bundle,secret_lair_product,secret_lair,secret_lair_bundle_or_kit,bundle,active,available,not_required,review_required,not_evaluated,structurally_eligible,sealed_secret_lair_bundle_or_kit,False,False,False,TCGCSV-SNAPSHOT-AF4F2726324B2FDC6B694248,1,2576,Secret Lair Drop Series,2026-07-21T20:00:05.9940357Z,Secret Lair Drop: Summer Superdrop 2024: Hatsune Miku: Digital Sensation Bundle,secret_lair_product_record,not_determined,tcgcsv_product_may_be_individual_card_not_drop,1,exact_tcgplayer_id_match,not_decided,Secret Lair reconstruction and evidence certification pending.,false,false
MTG-CANON-TCGPLAYER-556780,556780,Secret Lair Drop Series,Secret Lair Drop: Summer Superdrop 2024: Showstopper Bundle - Foil Edition,secret_lair_product,secret_lair,secret_lair_bundle_or_kit,bundle,active,available,not_required,review_required,not_evaluated,structurally_eligible,sealed_secret_lair_bundle_or_kit,False,False,False,TCGCSV-SNAPSHOT-423DD6B851A773FBC99E8051,1,2576,Secret Lair Drop Series,2026-07-21T20:00:05.9940357Z,Secret Lair Drop: Summer Superdrop 2024: Showstopper Bundle - Foil Edition,secret_lair_product_record,not_determined,tcgcsv_product_may_be_individual_card_not_drop,1,exact_tcgplayer_id_match,not_decided,Secret Lair reconstruction and evidence certification pending.,false,false
MTG-CANON-TCGPLAYER-556781,556781,Secret Lair Drop Series,Secret Lair Drop: Summer Superdrop 2024: Showstopper Bundle - Non-Foil Edition,secret_lair_product,secret_lair,secret_lair_bundle_or_kit,bundle,active,available,not_required,review_required,not_evaluated,structurally_eligible,sealed_secret_lair_bundle_or_kit,False,False,False,TCGCSV-SNAPSHOT-F45F6E9028163F530DCAF251,1,2576,Secret Lair Drop Series,2026-07-21T20:00:05.9940357Z,Secret Lair Drop: Summer Superdrop 2024: Showstopper Bundle - Non-Foil Edition,secret_lair_product_record,not_determined,tcgcsv_product_may_be_individual_card_not_drop,1,exact_tcgplayer_id_match,not_decided,Secret Lair reconstruction and evidence certification pending.,false,false
MTG-CANON-TCGPLAYER-556776,556776,Secret Lair Drop Series,Secret Lair Drop: Summer Superdrop 2024: The Stage with Everything Bundle,secret_lair_product,secret_lair,secret_lair_bundle_or_kit,bundle,active,available,not_required,review_required,not_evaluated,structurally_eligible,sealed_secret_lair_bundle_or_kit,False,False,False,TCGCSV-SNAPSHOT-DE1D1523D70CE5A0C098F264,1,2576,Secret Lair Drop Series,2026-07-21T20:00:05.9940357Z,Secret Lair Drop: Summer Superdrop 2024: The Stage with Everything Bundle,secret_lair_product_record,not_determined,tcgcsv_product_may_be_individual_card_not_drop,1,exact_tcgplayer_id_match,not_decided,Secret Lair reconstruction and evidence certification pending.,false,false
MTG-CANON-TCGPLAYER-556777,556777,Secret Lair Drop Series,Secret Lair Drop: Summer Superdrop 2024: The Stage with Foils Bundle,secret_lair_product,secret_lair,secret_lair_bundle_or_kit,bundle,active,available,not_required,review_required,not_evaluated,structurally_eligible,sealed_secret_lair_bundle_or_kit,False,False,False,TCGCSV-SNAPSHOT-71223B8AC055A20DF8651FAE,1,2576,Secret Lair Drop Series,2026-07-21T20:00:05.9940357Z,Secret Lair Drop: Summer Superdrop 2024: The Stage with Foils Bundle,secret_lair_product_record,not_determined,tcgcsv_product_may_be_individual_card_not_drop,1,exact_tcgplayer_id_match,not_decided,Secret Lair reconstruction and evidence certification pending.,false,false
MTG-CANON-TCGPLAYER-556778,556778,Secret Lair Drop Series,Secret Lair Drop: Summer Superdrop 2024: The Stage with Non-Foils Bundle,secret_lair_product,secret_lair,secret_lair_bundle_or_kit,bundle,active,available,not_required,review_required,not_evaluated,structurally_eligible,sealed_secret_lair_bundle_or_kit,False,False,False,TCGCSV-SNAPSHOT-5890774EC7EAD40BF1487869,1,2576,Secret Lair Drop Series,2026-07-21T20:00:05.9940357Z,Secret Lair Drop: Summer Superdrop 2024: The Stage with Non-Foils Bundle,secret_lair_product_record,not_determined,tcgcsv_product_may_be_individual_card_not_drop,1,exact_tcgplayer_id_match,not_decided,Secret Lair reconstruction and evidence certification pending.,false,false
MTG-CANON-TCGPLAYER-556782,556782,Secret Lair Drop Series,Secret Lair Drop: Summer Superdrop 2024: Virtuoso Bundle - Foil Edition,secret_lair_product,secret_lair,secret_lair_bundle_or_kit,bundle,active,available,not_required,review_required,not_evaluated,structurally_eligible,sealed_secret_lair_bundle_or_kit,False,False,False,TCGCSV-SNAPSHOT-F43169BA5AE2735F00944F4C,1,2576,Secret Lair Drop Series,2026-07-21T20:00:05.9940357Z,Secret Lair Drop: Summer Superdrop 2024: Virtuoso Bundle - Foil Edition,secret_lair_product_record,not_determined,tcgcsv_product_may_be_individual_card_not_drop,1,exact_tcgplayer_id_match,not_decided,Secret Lair reconstruction and evidence certification pending.,false,false
MTG-CANON-TCGPLAYER-556783,556783,Secret Lair Drop Series,Secret Lair Drop: Summer Superdrop 2024: Virtuoso Bundle - Non-Foil Edition,secret_lair_product,secret_lair,secret_lair_bundle_or_kit,bundle,active,available,not_required,review_required,not_evaluated,structurally_eligible,sealed_secret_lair_bundle_or_kit,False,False,False,TCGCSV-SNAPSHOT-E2043F7DE4F7B38608EFF308,1,2576,Secret Lair Drop Series,2026-07-21T20:00:05.9940357Z,Secret Lair Drop: Summer Superdrop 2024: Virtuoso Bundle - Non-Foil Edition,secret_lair_product_record,not_determined,tcgcsv_product_may_be_individual_card_not_drop,1,exact_tcgplayer_id_match,not_decided,Secret Lair reconstruction and evidence certification pending.,false,false
MTG-CANON-TCGPLAYER-637676,637676,Secret Lair Drop Series,Secret Lair Drop: Summer Superdrop 2025 - The Artist Spotlight Bundle (Non-Foil Edition),secret_lair_product,secret_lair,secret_lair_bundle_or_kit,bundle,active,available,not_required,review_required,not_evaluated,structurally_eligible,sealed_secret_lair_bundle_or_kit,False,False,False,TCGCSV-SNAPSHOT-BFBE7A7B3C378DE3224200BB,1,2576,Secret Lair Drop Series,2026-07-21T20:00:05.9940357Z,Secret Lair Drop: Summer Superdrop 2025 - The Artist Spotlight Bundle (Non-Foil Edition),secret_lair_product_record,not_determined,tcgcsv_product_may_be_individual_card_not_drop,1,exact_tcgplayer_id_match,not_decided,Secret Lair reconstruction and evidence certification pending.,false,false
MTG-CANON-TCGPLAYER-637677,637677,Secret Lair Drop Series,Secret Lair Drop: Summer Superdrop 2025 - The Artist Spotlight Bundle (Rainbow Foil Edition),secret_lair_product,secret_lair,secret_lair_bundle_or_kit,bundle,active,available,not_required,review_required,not_evaluated,structurally_eligible,sealed_secret_lair_bundle_or_kit,False,False,False,TCGCSV-SNAPSHOT-1A92AA296BF2DB6646B1B4D8,1,2576,Secret Lair Drop Series,2026-07-21T20:00:05.9940357Z,Secret Lair Drop: Summer Superdrop 2025 - The Artist Spotlight Bundle (Rainbow Foil Edition),secret_lair_product_record,not_determined,tcgcsv_product_may_be_individual_card_not_drop,1,exact_tcgplayer_id_match,not_decided,Secret Lair reconstruction and evidence certification pending.,false,false
MTG-CANON-TCGPLAYER-637682,637682,Secret Lair Drop Series,Secret Lair Drop: Summer Superdrop 2025 - The Complete FINAL FANTASY Bundle,secret_lair_product,secret_lair,secret_lair_bundle_or_kit,bundle,active,available,not_required,review_required,not_evaluated,structurally_eligible,sealed_secret_lair_bundle_or_kit,False,False,False,TCGCSV-SNAPSHOT-5D83832B018E5091DAE6FE8B,1,2576,Secret Lair Drop Series,2026-07-21T20:00:05.9940357Z,Secret Lair Drop: Summer Superdrop 2025 - The Complete FINAL FANTASY Bundle,secret_lair_product_record,not_determined,tcgcsv_product_may_be_individual_card_not_drop,1,exact_tcgplayer_id_match,not_decided,Secret Lair reconstruction and evidence certification pending.,false,false
MTG-CANON-TCGPLAYER-637680,637680,Secret Lair Drop Series,Secret Lair Drop: Summer Superdrop 2025 - The English FINAL FANTASY Bundle,secret_lair_product,secret_lair,secret_lair_bundle_or_kit,bundle,active,available,not_required,review_required,not_evaluated,structurally_eligible,sealed_secret_lair_bundle_or_kit,False,False,False,TCGCSV-SNAPSHOT-44DAD63415151EB9E44F61F1,1,2576,Secret Lair Drop Series,2026-07-21T20:00:05.9940357Z,Secret Lair Drop: Summer Superdrop 2025 - The English FINAL FANTASY Bundle,secret_lair_product_record,not_determined,tcgcsv_product_may_be_individual_card_not_drop,1,exact_tcgplayer_id_match,not_decided,Secret Lair reconstruction and evidence certification pending.,false,false
MTG-CANON-TCGPLAYER-637681,637681,Secret Lair Drop Series,Secret Lair Drop: Summer Superdrop 2025 - The Japanese FINAL FANTASY Bundle,secret_lair_product,secret_lair,secret_lair_bundle_or_kit,bundle,active,available,not_required,review_required,not_evaluated,structurally_eligible,sealed_secret_lair_bundle_or_kit,False,False,False,TCGCSV-SNAPSHOT-E583263AE978CFE1EC3FF6F1,1,2576,Secret Lair Drop Series,2026-07-21T20:00:05.9940357Z,Secret Lair Drop: Summer Superdrop 2025 - The Japanese FINAL FANTASY Bundle,secret_lair_product_record,not_determined,tcgcsv_product_may_be_individual_card_not_drop,1,exact_tcgplayer_id_match,not_decided,Secret Lair reconstruction and evidence certification pending.,false,false
MTG-CANON-TCGPLAYER-637679,637679,Secret Lair Drop Series,Secret Lair Drop: Summer Superdrop 2025 - The Summer Superdrop Bundle (Non-Foil Edition),secret_lair_product,secret_lair,secret_lair_bundle_or_kit,bundle,active,available,not_required,review_required,not_evaluated,structurally_eligible,sealed_secret_lair_bundle_or_kit,False,False,False,TCGCSV-SNAPSHOT-D666CD27E07A087616DE4529,1,2576,Secret Lair Drop Series,2026-07-21T20:00:05.9940357Z,Secret Lair Drop: Summer Superdrop 2025 - The Summer Superdrop Bundle (Non-Foil Edition),secret_lair_product_record,not_determined,tcgcsv_product_may_be_individual_card_not_drop,1,exact_tcgplayer_id_match,not_decided,Secret Lair reconstruction and evidence certification pending.,false,false
MTG-CANON-TCGPLAYER-637678,637678,Secret Lair Drop Series,Secret Lair Drop: Summer Superdrop 2025 - The Summer Superdrop Bundle (Rainbow Foil Edition),secret_lair_product,secret_lair,secret_lair_bundle_or_kit,bundle,active,available,not_required,review_required,not_evaluated,structurally_eligible,sealed_secret_lair_bundle_or_kit,False,False,False,TCGCSV-SNAPSHOT-0127887D448C239E146EAE05,1,2576,Secret Lair Drop Series,2026-07-21T20:00:05.9940357Z,Secret Lair Drop: Summer Superdrop 2025 - The Summer Superdrop Bundle (Rainbow Foil Edition),secret_lair_product_record,not_determined,tcgcsv_product_may_be_individual_card_not_drop,1,exact_tcgplayer_id_match,not_decided,Secret Lair reconstruction and evidence certification pending.,false,false
MTG-CANON-TCGPLAYER-637683,637683,Secret Lair Drop Series,Secret Lair Drop: Summer Superdrop 2025 - The Summer Superdrop Everything Bundle,secret_lair_product,secret_lair,secret_lair_bundle_or_kit,bundle,active,available,not_required,review_required,not_evaluated,structurally_eligible,sealed_secret_lair_bundle_or_kit,False,False,False,TCGCSV-SNAPSHOT-CB9EA34DB4D62DE21AFD8174,1,2576,Secret Lair Drop Series,2026-07-21T20:00:05.9940357Z,Secret Lair Drop: Summer Superdrop 2025 - The Summer Superdrop Everything Bundle,secret_lair_product_record,not_determined,tcgcsv_product_may_be_individual_card_not_drop,1,exact_tcgplayer_id_match,not_decided,Secret Lair reconstruction and evidence certification pending.,false,false
MTG-CANON-TCGPLAYER-214937,214937,Secret Lair Drop Series,Secret Lair Drop: Summer Superdrop Bundle,secret_lair_product,secret_lair,secret_lair_bundle_or_kit,bundle,active,available,not_required,review_required,not_evaluated,structurally_eligible,sealed_secret_lair_bundle_or_kit,False,False,False,TCGCSV-SNAPSHOT-58248BC28F1D48EFAD3C45AD,1,2576,Secret Lair Drop Series,2026-07-21T20:00:05.9940357Z,Secret Lair Drop: Summer Superdrop Bundle,secret_lair_product_record,not_determined,tcgcsv_product_may_be_individual_card_not_drop,1,exact_tcgplayer_id_match,not_decided,Secret Lair reconstruction and evidence certification pending.,false,false
MTG-CANON-TCGPLAYER-501828,501828,Secret Lair Drop Series,Secret Lair Drop: Tearing Up A Sick Tube of Non-Foils Bundle,secret_lair_product,secret_lair,secret_lair_bundle_or_kit,bundle,active,available,not_required,review_required,not_evaluated,structurally_eligible,sealed_secret_lair_bundle_or_kit,False,False,False,TCGCSV-SNAPSHOT-0CE9ED716EA3CB00F2FCA539,1,2576,Secret Lair Drop Series,2026-07-21T20:00:05.9940357Z,Secret Lair Drop: Tearing Up A Sick Tube of Non-Foils Bundle,secret_lair_product_record,not_determined,tcgcsv_product_may_be_individual_card_not_drop,1,exact_tcgplayer_id_match,not_decided,Secret Lair reconstruction and evidence certification pending.,false,false
MTG-CANON-TCGPLAYER-258495,258495,Secret Lair Drop Series,Secret Lair Drop: The Bundle Bundle,secret_lair_product,secret_lair,secret_lair_bundle_or_kit,bundle,active,available,not_required,review_required,not_evaluated,structurally_eligible,sealed_secret_lair_bundle_or_kit,False,False,False,TCGCSV-SNAPSHOT-0486B8FAAF5396E51A490D91,1,2576,Secret Lair Drop Series,2026-07-21T20:00:05.9940357Z,Secret Lair Drop: The Bundle Bundle,secret_lair_product_record,not_determined,tcgcsv_product_may_be_individual_card_not_drop,1,exact_tcgplayer_id_match,not_decided,Secret Lair reconstruction and evidence certification pending.,false,false
MTG-CANON-TCGPLAYER-258496,258496,Secret Lair Drop Series,Secret Lair Drop: The Bundled Bundle Bundle,secret_lair_product,secret_lair,secret_lair_bundle_or_kit,bundle,active,available,not_required,review_required,not_evaluated,structurally_eligible,sealed_secret_lair_bundle_or_kit,False,False,False,TCGCSV-SNAPSHOT-97AFEE1DD889F96472D3E94E,1,2576,Secret Lair Drop Series,2026-07-21T20:00:05.9940357Z,Secret Lair Drop: The Bundled Bundle Bundle,secret_lair_product_record,not_determined,tcgcsv_product_may_be_individual_card_not_drop,1,exact_tcgplayer_id_match,not_decided,Secret Lair reconstruction and evidence certification pending.,false,false
MTG-CANON-TCGPLAYER-480444,480444,Secret Lair Drop Series,Secret Lair Drop: The Prophets Predicted Bundle - Foil Edition,secret_lair_product,secret_lair,secret_lair_bundle_or_kit,bundle,active,available,not_required,review_required,not_evaluated,structurally_eligible,sealed_secret_lair_bundle_or_kit,False,False,False,TCGCSV-SNAPSHOT-17CC9415ECD2A0AAC8DF1E94,1,2576,Secret Lair Drop Series,2026-07-21T20:00:05.9940357Z,Secret Lair Drop: The Prophets Predicted Bundle - Foil Edition,secret_lair_product_record,not_determined,tcgcsv_product_may_be_individual_card_not_drop,1,exact_tcgplayer_id_match,not_decided,Secret Lair reconstruction and evidence certification pending.,false,false
MTG-CANON-TCGPLAYER-480451,480451,Secret Lair Drop Series,Secret Lair Drop: The Prophets Predicted Bundle - Non-Foil Edition,secret_lair_product,secret_lair,secret_lair_bundle_or_kit,bundle,active,available,not_required,review_required,not_evaluated,structurally_eligible,sealed_secret_lair_bundle_or_kit,False,False,False,TCGCSV-SNAPSHOT-362FD31817DAC13E8082137E,1,2576,Secret Lair Drop Series,2026-07-21T20:00:05.9940357Z,Secret Lair Drop: The Prophets Predicted Bundle - Non-Foil Edition,secret_lair_product_record,not_determined,tcgcsv_product_may_be_individual_card_not_drop,1,exact_tcgplayer_id_match,not_decided,Secret Lair reconstruction and evidence certification pending.,false,false
MTG-CANON-TCGPLAYER-480439,480439,Secret Lair Drop Series,Secret Lair Drop: The Prophets Predicted Everything Bundle,secret_lair_product,secret_lair,secret_lair_bundle_or_kit,bundle,active,available,not_required,review_required,not_evaluated,structurally_eligible,sealed_secret_lair_bundle_or_kit,False,False,False,TCGCSV-SNAPSHOT-74C5748BC5C92ED95C9A58E8,1,2576,Secret Lair Drop Series,2026-07-21T20:00:05.9940357Z,Secret Lair Drop: The Prophets Predicted Everything Bundle,secret_lair_product_record,not_determined,tcgcsv_product_may_be_individual_card_not_drop,1,exact_tcgplayer_id_match,not_decided,Secret Lair reconstruction and evidence certification pending.,false,false
MTG-CANON-TCGPLAYER-632044,632044,Secret Lair Drop Series,Secret Lair Drop: The Ultimate Pencil - Almost Everything Bundle,secret_lair_product,secret_lair,secret_lair_bundle_or_kit,bundle,active,available,not_required,review_required,not_evaluated,structurally_eligible,sealed_secret_lair_bundle_or_kit,False,False,False,TCGCSV-SNAPSHOT-C616A0B43B3F96211E09F666,1,2576,Secret Lair Drop Series,2026-07-21T20:00:05.9940357Z,Secret Lair Drop: The Ultimate Pencil - Almost Everything Bundle,secret_lair_product_record,not_determined,tcgcsv_product_may_be_individual_card_not_drop,1,exact_tcgplayer_id_match,not_decided,Secret Lair reconstruction and evidence certification pending.,false,false
MTG-CANON-TCGPLAYER-632047,632047,Secret Lair Drop Series,Secret Lair Drop: The Ultimate Pencil - Literally Everything Bundle,secret_lair_product,secret_lair,secret_lair_bundle_or_kit,bundle,active,available,not_required,review_required,not_evaluated,structurally_eligible,sealed_secret_lair_bundle_or_kit,False,False,False,TCGCSV-SNAPSHOT-CA81EEF5983D7AA1CF3BEC18,1,2576,Secret Lair Drop Series,2026-07-21T20:00:05.9940357Z,Secret Lair Drop: The Ultimate Pencil - Literally Everything Bundle,secret_lair_product_record,not_determined,tcgcsv_product_may_be_individual_card_not_drop,1,exact_tcgplayer_id_match,not_decided,Secret Lair reconstruction and evidence certification pending.,false,false
MTG-CANON-TCGPLAYER-632040,632040,Secret Lair Drop Series,Secret Lair Drop: The Ultimate Pencil - Non-Foil Bundle,secret_lair_product,secret_lair,secret_lair_bundle_or_kit,bundle,active,available,not_required,review_required,not_evaluated,structurally_eligible,sealed_secret_lair_bundle_or_kit,False,False,False,TCGCSV-SNAPSHOT-769A04D3175AF693E3CCA366,1,2576,Secret Lair Drop Series,2026-07-21T20:00:05.9940357Z,Secret Lair Drop: The Ultimate Pencil - Non-Foil Bundle,secret_lair_product_record,not_determined,tcgcsv_product_may_be_individual_card_not_drop,1,exact_tcgplayer_id_match,not_decided,Secret Lair reconstruction and evidence certification pending.,false,false
MTG-CANON-TCGPLAYER-632042,632042,Secret Lair Drop Series,Secret Lair Drop: The Ultimate Pencil - Rainbow Foil Bundle,secret_lair_product,secret_lair,secret_lair_bundle_or_kit,bundle,active,available,not_required,review_required,not_evaluated,structurally_eligible,sealed_secret_lair_bundle_or_kit,False,False,False,TCGCSV-SNAPSHOT-F782FD2E7F68E94D66422304,1,2576,Secret Lair Drop Series,2026-07-21T20:00:05.9940357Z,Secret Lair Drop: The Ultimate Pencil - Rainbow Foil Bundle,secret_lair_product_record,not_determined,tcgcsv_product_may_be_individual_card_not_drop,1,exact_tcgplayer_id_match,not_decided,Secret Lair reconstruction and evidence certification pending.,false,false
MTG-CANON-TCGPLAYER-209384,209384,Secret Lair Drop Series,Secret Lair Drop: Theros Stargazing Bundle: Vol. I-V - Traditional Foil Edition,secret_lair_product,secret_lair,secret_lair_bundle_or_kit,bundle,active,available,not_required,review_required,not_evaluated,structurally_eligible,sealed_secret_lair_bundle_or_kit,False,False,False,TCGCSV-SNAPSHOT-2F8379544D60212A7C5EF4D3,1,2576,Secret Lair Drop Series,2026-07-21T20:00:05.9940357Z,Secret Lair Drop: Theros Stargazing Bundle: Vol. I-V - Traditional Foil Edition,secret_lair_product_record,not_determined,tcgcsv_product_may_be_individual_card_not_drop,1,exact_tcgplayer_id_match,not_decided,Secret Lair reconstruction and evidence certification pending.,false,false
MTG-CANON-TCGPLAYER-514917,514917,Secret Lair Drop Series,Secret Lair Drop: This One Goes Out To My Everything Bundle,secret_lair_product,secret_lair,secret_lair_bundle_or_kit,bundle,active,available,not_required,review_required,not_evaluated,structurally_eligible,sealed_secret_lair_bundle_or_kit,False,False,False,TCGCSV-SNAPSHOT-6F334DAA115442260F91738E,1,2576,Secret Lair Drop Series,2026-07-21T20:00:05.9940357Z,Secret Lair Drop: This One Goes Out To My Everything Bundle,secret_lair_product_record,not_determined,tcgcsv_product_may_be_individual_card_not_drop,1,exact_tcgplayer_id_match,not_decided,Secret Lair reconstruction and evidence certification pending.,false,false
MTG-CANON-TCGPLAYER-514919,514919,Secret Lair Drop Series,Secret Lair Drop: This One Is Dedicated To My Foils Bundle,secret_lair_product,secret_lair,secret_lair_bundle_or_kit,bundle,active,available,not_required,review_required,not_evaluated,structurally_eligible,sealed_secret_lair_bundle_or_kit,False,False,False,TCGCSV-SNAPSHOT-A6244001F18A0D44DE5F4ED2,1,2576,Secret Lair Drop Series,2026-07-21T20:00:05.9940357Z,Secret Lair Drop: This One Is Dedicated To My Foils Bundle,secret_lair_product_record,not_determined,tcgcsv_product_may_be_individual_card_not_drop,1,exact_tcgplayer_id_match,not_decided,Secret Lair reconstruction and evidence certification pending.,false,false
MTG-CANON-TCGPLAYER-514921,514921,Secret Lair Drop Series,Secret Lair Drop: This One Is For My Non-Foils Bundle,secret_lair_product,secret_lair,secret_lair_bundle_or_kit,bundle,active,available,not_required,review_required,not_evaluated,structurally_eligible,sealed_secret_lair_bundle_or_kit,False,False,False,TCGCSV-SNAPSHOT-FDE903365D2A3D9F0B5BB654,1,2576,Secret Lair Drop Series,2026-07-21T20:00:05.9940357Z,Secret Lair Drop: This One Is For My Non-Foils Bundle,secret_lair_product_record,not_determined,tcgcsv_product_may_be_individual_card_not_drop,1,exact_tcgplayer_id_match,not_decided,Secret Lair reconstruction and evidence certification pending.,false,false
MTG-CANON-TCGPLAYER-493794,493794,Secret Lair Drop Series,Secret Lair Drop: Those Foils Are Really Coming Down Bundle,secret_lair_product,secret_lair,secret_lair_bundle_or_kit,bundle,active,available,not_required,review_required,not_evaluated,structurally_eligible,sealed_secret_lair_bundle_or_kit,False,False,False,TCGCSV-SNAPSHOT-9FF99A3250B23F694FDCB08D,1,2576,Secret Lair Drop Series,2026-07-21T20:00:05.9940357Z,Secret Lair Drop: Those Foils Are Really Coming Down Bundle,secret_lair_product_record,not_determined,tcgcsv_product_may_be_individual_card_not_drop,1,exact_tcgplayer_id_match,not_decided,Secret Lair reconstruction and evidence certification pending.,false,false
MTG-CANON-TCGPLAYER-493795,493795,Secret Lair Drop Series,Secret Lair Drop: Those Non-Foils Just Won't Let Up Bundle,secret_lair_product,secret_lair,secret_lair_bundle_or_kit,bundle,active,available,not_required,review_required,not_evaluated,structurally_eligible,sealed_secret_lair_bundle_or_kit,False,False,False,TCGCSV-SNAPSHOT-77F2F89111B21CB5422A9A90,1,2576,Secret Lair Drop Series,2026-07-21T20:00:05.9940357Z,Secret Lair Drop: Those Non-Foils Just Won't Let Up Bundle,secret_lair_product_record,not_determined,tcgcsv_product_may_be_individual_card_not_drop,1,exact_tcgplayer_id_match,not_decided,Secret Lair reconstruction and evidence certification pending.,false,false
MTG-CANON-TCGPLAYER-680238,680238,Secret Lair Drop Series,Secret Lair Drop: Totally TubuLair Superdrop: Heroes in a Half Shell Non-Foil Bundle,secret_lair_product,secret_lair,secret_lair_bundle_or_kit,bundle,active,available,not_required,review_required,not_evaluated,structurally_eligible,sealed_secret_lair_bundle_or_kit,False,False,False,TCGCSV-SNAPSHOT-1F3C415F0C1D76E51FE960FC,1,2576,Secret Lair Drop Series,2026-07-21T20:00:05.9940357Z,Secret Lair Drop: Totally TubuLair Superdrop: Heroes in a Half Shell Non-Foil Bundle,secret_lair_product_record,not_determined,tcgcsv_product_may_be_individual_card_not_drop,1,exact_tcgplayer_id_match,not_decided,Secret Lair reconstruction and evidence certification pending.,false,false
MTG-CANON-TCGPLAYER-680235,680235,Secret Lair Drop Series,Secret Lair Drop: Totally TubuLair Superdrop: Totally Tubulair! Everything Bundle,secret_lair_product,secret_lair,secret_lair_bundle_or_kit,bundle,active,available,not_required,review_required,not_evaluated,structurally_eligible,sealed_secret_lair_bundle_or_kit,False,False,False,TCGCSV-SNAPSHOT-4AEAD19B1DE441107C61C136,1,2576,Secret Lair Drop Series,2026-07-21T20:00:05.9940357Z,Secret Lair Drop: Totally TubuLair Superdrop: Totally Tubulair! Everything Bundle,secret_lair_product_record,not_determined,tcgcsv_product_may_be_individual_card_not_drop,1,exact_tcgplayer_id_match,not_decided,Secret Lair reconstruction and evidence certification pending.,false,false
MTG-CANON-TCGPLAYER-680237,680237,Secret Lair Drop Series,Secret Lair Drop: Totally TubuLair Superdrop: Turtle Power Foil Bundle,secret_lair_product,secret_lair,secret_lair_bundle_or_kit,bundle,active,available,not_required,review_required,not_evaluated,structurally_eligible,sealed_secret_lair_bundle_or_kit,False,False,False,TCGCSV-SNAPSHOT-C95977613E09689657DDBAAB,1,2576,Secret Lair Drop Series,2026-07-21T20:00:05.9940357Z,Secret Lair Drop: Totally TubuLair Superdrop: Turtle Power Foil Bundle,secret_lair_product_record,not_determined,tcgcsv_product_may_be_individual_card_not_drop,1,exact_tcgplayer_id_match,not_decided,Secret Lair reconstruction and evidence certification pending.,false,false
MTG-CANON-TCGPLAYER-456553,456553,Secret Lair Drop Series,Secret Lair Drop: Transformers Foil Bundle,secret_lair_product,secret_lair,secret_lair_bundle_or_kit,bundle,active,available,not_required,review_required,not_evaluated,structurally_eligible,sealed_secret_lair_bundle_or_kit,False,False,False,TCGCSV-SNAPSHOT-749CD95CAC23880462CFEC45,1,2576,Secret Lair Drop Series,2026-07-21T20:00:05.9940357Z,Secret Lair Drop: Transformers Foil Bundle,secret_lair_product_record,not_determined,tcgcsv_product_may_be_individual_card_not_drop,1,exact_tcgplayer_id_match,not_decided,Secret Lair reconstruction and evidence certification pending.,false,false
MTG-CANON-TCGPLAYER-456552,456552,Secret Lair Drop Series,Secret Lair Drop: Transformers Non-Foil Bundle,secret_lair_product,secret_lair,secret_lair_bundle_or_kit,bundle,active,available,not_required,review_required,not_evaluated,structurally_eligible,sealed_secret_lair_bundle_or_kit,False,False,False,TCGCSV-SNAPSHOT-CB23E1B2AB121F1E2DAFBA64,1,2576,Secret Lair Drop Series,2026-07-21T20:00:05.9940357Z,Secret Lair Drop: Transformers Non-Foil Bundle,secret_lair_product_record,not_determined,tcgcsv_product_may_be_individual_card_not_drop,1,exact_tcgplayer_id_match,not_decided,Secret Lair reconstruction and evidence certification pending.,false,false
MTG-CANON-TCGPLAYER-693577,693577,Secret Lair Drop Series,Secret Lair Drop: Two Scoops - Double Chocolate Bundle,secret_lair_product,secret_lair,secret_lair_bundle_or_kit,bundle,active,available,not_required,review_required,not_evaluated,structurally_eligible,sealed_secret_lair_bundle_or_kit,False,False,False,TCGCSV-SNAPSHOT-18E69167EB5F09083C3E729C,1,2576,Secret Lair Drop Series,2026-07-21T20:00:05.9940357Z,Secret Lair Drop: Two Scoops - Double Chocolate Bundle,secret_lair_product_record,not_determined,tcgcsv_product_may_be_individual_card_not_drop,1,exact_tcgplayer_id_match,not_decided,Secret Lair reconstruction and evidence certification pending.,false,false
MTG-CANON-TCGPLAYER-693584,693584,Secret Lair Drop Series,Secret Lair Drop: Two Scoops - Double Chocolate With Sprinkles Bundle,secret_lair_product,secret_lair,secret_lair_bundle_or_kit,bundle,active,available,not_required,review_required,not_evaluated,structurally_eligible,sealed_secret_lair_bundle_or_kit,False,False,False,TCGCSV-SNAPSHOT-673BFD946DFE75032B72FD63,1,2576,Secret Lair Drop Series,2026-07-21T20:00:05.9940357Z,Secret Lair Drop: Two Scoops - Double Chocolate With Sprinkles Bundle,secret_lair_product_record,not_determined,tcgcsv_product_may_be_individual_card_not_drop,1,exact_tcgplayer_id_match,not_decided,Secret Lair reconstruction and evidence certification pending.,false,false
MTG-CANON-TCGPLAYER-693583,693583,Secret Lair Drop Series,Secret Lair Drop: Two Scoops - Double Sprinkles Bundle,secret_lair_product,secret_lair,secret_lair_bundle_or_kit,bundle,active,available,not_required,review_required,not_evaluated,structurally_eligible,sealed_secret_lair_bundle_or_kit,False,False,False,TCGCSV-SNAPSHOT-0968EBE3EC01DF8FE6CB94AE,1,2576,Secret Lair Drop Series,2026-07-21T20:00:05.9940357Z,Secret Lair Drop: Two Scoops - Double Sprinkles Bundle,secret_lair_product_record,not_determined,tcgcsv_product_may_be_individual_card_not_drop,1,exact_tcgplayer_id_match,not_decided,Secret Lair reconstruction and evidence certification pending.,false,false
MTG-CANON-TCGPLAYER-693575,693575,Secret Lair Drop Series,Secret Lair Drop: Two Scoops - Double Vanilla Bundle,secret_lair_product,secret_lair,secret_lair_bundle_or_kit,bundle,active,available,not_required,review_required,not_evaluated,structurally_eligible,sealed_secret_lair_bundle_or_kit,False,False,False,TCGCSV-SNAPSHOT-A0B0806027A9DA8F41D90ACF,1,2576,Secret Lair Drop Series,2026-07-21T20:00:05.9940357Z,Secret Lair Drop: Two Scoops - Double Vanilla Bundle,secret_lair_product_record,not_determined,tcgcsv_product_may_be_individual_card_not_drop,1,exact_tcgplayer_id_match,not_decided,Secret Lair reconstruction and evidence certification pending.,false,false
MTG-CANON-TCGPLAYER-693582,693582,Secret Lair Drop Series,Secret Lair Drop: Two Scoops - Double Vanilla With Sprinkles Bundle,secret_lair_product,secret_lair,secret_lair_bundle_or_kit,bundle,active,available,not_required,review_required,not_evaluated,structurally_eligible,sealed_secret_lair_bundle_or_kit,False,False,False,TCGCSV-SNAPSHOT-820C88CB68F2B2D00E4E81FA,1,2576,Secret Lair Drop Series,2026-07-21T20:00:05.9940357Z,Secret Lair Drop: Two Scoops - Double Vanilla With Sprinkles Bundle,secret_lair_product_record,not_determined,tcgcsv_product_may_be_individual_card_not_drop,1,exact_tcgplayer_id_match,not_decided,Secret Lair reconstruction and evidence certification pending.,false,false
MTG-CANON-TCGPLAYER-693581,693581,Secret Lair Drop Series,Secret Lair Drop: Two Scoops - The Chocolate Sampler Bundle,secret_lair_product,secret_lair,secret_lair_bundle_or_kit,bundle,active,available,not_required,review_required,not_evaluated,structurally_eligible,sealed_secret_lair_bundle_or_kit,False,False,False,TCGCSV-SNAPSHOT-855E39A7ECB72AD2F9AAFDF2,1,2576,Secret Lair Drop Series,2026-07-21T20:00:05.9940357Z,Secret Lair Drop: Two Scoops - The Chocolate Sampler Bundle,secret_lair_product_record,not_determined,tcgcsv_product_may_be_individual_card_not_drop,1,exact_tcgplayer_id_match,not_decided,Secret Lair reconstruction and evidence certification pending.,false,false
MTG-CANON-TCGPLAYER-693574,693574,Secret Lair Drop Series,Secret Lair Drop: Two Scoops - The House Special Bundle,secret_lair_product,secret_lair,secret_lair_bundle_or_kit,bundle,active,available,not_required,review_required,not_evaluated,structurally_eligible,sealed_secret_lair_bundle_or_kit,False,False,False,TCGCSV-SNAPSHOT-7891D36E9EAA971B7AC1BF22,1,2576,Secret Lair Drop Series,2026-07-21T20:00:05.9940357Z,Secret Lair Drop: Two Scoops - The House Special Bundle,secret_lair_product_record,not_determined,tcgcsv_product_may_be_individual_card_not_drop,1,exact_tcgplayer_id_match,not_decided,Secret Lair reconstruction and evidence certification pending.,false,false
MTG-CANON-TCGPLAYER-693580,693580,Secret Lair Drop Series,"Secret Lair Drop: Two Scoops - The Vanilla Business, Chocolate Party Bundle",secret_lair_product,secret_lair,secret_lair_bundle_or_kit,bundle,active,available,not_required,review_required,not_evaluated,structurally_eligible,sealed_secret_lair_bundle_or_kit,False,False,False,TCGCSV-SNAPSHOT-D0BAC8062163759A8597F748,1,2576,Secret Lair Drop Series,2026-07-21T20:00:05.9940357Z,"Secret Lair Drop: Two Scoops - The Vanilla Business, Chocolate Party Bundle",secret_lair_product_record,not_determined,tcgcsv_product_may_be_individual_card_not_drop,1,exact_tcgplayer_id_match,not_decided,Secret Lair reconstruction and evidence certification pending.,false,false
MTG-CANON-TCGPLAYER-693579,693579,Secret Lair Drop Series,"Secret Lair Drop: Two Scoops - The Vanilla Party, Chocolate Business Bundle",secret_lair_product,secret_lair,secret_lair_bundle_or_kit,bundle,active,available,not_required,review_required,not_evaluated,structurally_eligible,sealed_secret_lair_bundle_or_kit,False,False,False,TCGCSV-SNAPSHOT-D85310D36C548A638978DB0B,1,2576,Secret Lair Drop Series,2026-07-21T20:00:05.9940357Z,"Secret Lair Drop: Two Scoops - The Vanilla Party, Chocolate Business Bundle",secret_lair_product_record,not_determined,tcgcsv_product_may_be_individual_card_not_drop,1,exact_tcgplayer_id_match,not_decided,Secret Lair reconstruction and evidence certification pending.,false,false
MTG-CANON-TCGPLAYER-693578,693578,Secret Lair Drop Series,Secret Lair Drop: Two Scoops - The Vanilla Sampler Bundle,secret_lair_product,secret_lair,secret_lair_bundle_or_kit,bundle,active,available,not_required,review_required,not_evaluated,structurally_eligible,sealed_secret_lair_bundle_or_kit,False,False,False,TCGCSV-SNAPSHOT-3F973C8B8B99BADB8A252332,1,2576,Secret Lair Drop Series,2026-07-21T20:00:05.9940357Z,Secret Lair Drop: Two Scoops - The Vanilla Sampler Bundle,secret_lair_product_record,not_determined,tcgcsv_product_may_be_individual_card_not_drop,1,exact_tcgplayer_id_match,not_decided,Secret Lair reconstruction and evidence certification pending.,false,false
MTG-CANON-TCGPLAYER-632025,632025,Secret Lair Drop Series,Secret Lair Drop: vroooOOOMMMMMM! - Non-Foil Playset Bundle,secret_lair_product,secret_lair,secret_lair_bundle_or_kit,bundle,active,available,not_required,review_required,not_evaluated,structurally_eligible,sealed_secret_lair_bundle_or_kit,False,False,False,TCGCSV-SNAPSHOT-5F8037874B3FD6639B40BC19,1,2576,Secret Lair Drop Series,2026-07-21T20:00:05.9940357Z,Secret Lair Drop: vroooOOOMMMMMM! - Non-Foil Playset Bundle,secret_lair_product_record,not_determined,tcgcsv_product_may_be_individual_card_not_drop,1,exact_tcgplayer_id_match,not_decided,Secret Lair reconstruction and evidence certification pending.,false,false
MTG-CANON-TCGPLAYER-632027,632027,Secret Lair Drop Series,Secret Lair Drop: vroooOOOMMMMMM! - Rainbow Foil Playset Bundle,secret_lair_product,secret_lair,secret_lair_bundle_or_kit,bundle,active,available,not_required,review_required,not_evaluated,structurally_eligible,sealed_secret_lair_bundle_or_kit,False,False,False,TCGCSV-SNAPSHOT-67435DD463B9DEA53DCE5B97,1,2576,Secret Lair Drop Series,2026-07-21T20:00:05.9940357Z,Secret Lair Drop: vroooOOOMMMMMM! - Rainbow Foil Playset Bundle,secret_lair_product_record,not_determined,tcgcsv_product_may_be_individual_card_not_drop,1,exact_tcgplayer_id_match,not_decided,Secret Lair reconstruction and evidence certification pending.,false,false
MTG-CANON-TCGPLAYER-632028,632028,Secret Lair Drop Series,Secret Lair Drop: vroooOOOMMMMMM! - Raised Foil Playset Bundle,secret_lair_product,secret_lair,secret_lair_bundle_or_kit,bundle,active,available,not_required,review_required,not_evaluated,structurally_eligible,sealed_secret_lair_bundle_or_kit,False,False,False,TCGCSV-SNAPSHOT-31A50381260E8A77C1DF08EC,1,2576,Secret Lair Drop Series,2026-07-21T20:00:05.9940357Z,Secret Lair Drop: vroooOOOMMMMMM! - Raised Foil Playset Bundle,secret_lair_product_record,not_determined,tcgcsv_product_may_be_individual_card_not_drop,1,exact_tcgplayer_id_match,not_decided,Secret Lair reconstruction and evidence certification pending.,false,false
MTG-CANON-TCGPLAYER-646780,646780,Secret Lair Drop Series,Secret Lair Drop: Whimsy & Wonder Bundle - Rainbow Foil Edition,secret_lair_product,secret_lair,secret_lair_bundle_or_kit,bundle,active,available,not_required,review_required,not_evaluated,structurally_eligible,sealed_secret_lair_bundle_or_kit,False,False,False,TCGCSV-SNAPSHOT-F82E2F7DAC1D4735CEEF0DAF,1,2576,Secret Lair Drop Series,2026-07-21T20:00:05.9940357Z,Secret Lair Drop: Whimsy & Wonder Bundle - Rainbow Foil Edition,secret_lair_product_record,not_determined,tcgcsv_product_may_be_individual_card_not_drop,1,exact_tcgplayer_id_match,not_decided,Secret Lair reconstruction and evidence certification pending.,false,false
MTG-CANON-TCGPLAYER-537667,537667,Secret Lair Drop Series,Secret Lair Drop: Winter Superdrop 2024: All the Savory Non-Foils Bundle,secret_lair_product,secret_lair,secret_lair_bundle_or_kit,bundle,active,available,not_required,review_required,not_evaluated,structurally_eligible,sealed_secret_lair_bundle_or_kit,False,False,False,TCGCSV-SNAPSHOT-9B0ECC0D032DF2173696898C,1,2576,Secret Lair Drop Series,2026-07-21T20:00:05.9940357Z,Secret Lair Drop: Winter Superdrop 2024: All the Savory Non-Foils Bundle,secret_lair_product_record,not_determined,tcgcsv_product_may_be_individual_card_not_drop,1,exact_tcgplayer_id_match,not_decided,Secret Lair reconstruction and evidence certification pending.,false,false
MTG-CANON-TCGPLAYER-537665,537665,Secret Lair Drop Series,Secret Lair Drop: Winter Superdrop 2024: All the Sweet Foils Bundle,secret_lair_product,secret_lair,secret_lair_bundle_or_kit,bundle,active,available,not_required,review_required,not_evaluated,structurally_eligible,sealed_secret_lair_bundle_or_kit,False,False,False,TCGCSV-SNAPSHOT-1845953125EE084B1C7B6078,1,2576,Secret Lair Drop Series,2026-07-21T20:00:05.9940357Z,Secret Lair Drop: Winter Superdrop 2024: All the Sweet Foils Bundle,secret_lair_product_record,not_determined,tcgcsv_product_may_be_individual_card_not_drop,1,exact_tcgplayer_id_match,not_decided,Secret Lair reconstruction and evidence certification pending.,false,false
MTG-CANON-TCGPLAYER-537671,537671,Secret Lair Drop Series,Secret Lair Drop: Winter Superdrop 2024: Beastly Breakfast Omens Bundle - Foil Edition,secret_lair_product,secret_lair,secret_lair_bundle_or_kit,bundle,active,available,not_required,review_required,not_evaluated,structurally_eligible,sealed_secret_lair_bundle_or_kit,False,False,False,TCGCSV-SNAPSHOT-D320D2B85442BA808979FA4F,1,2576,Secret Lair Drop Series,2026-07-21T20:00:05.9940357Z,Secret Lair Drop: Winter Superdrop 2024: Beastly Breakfast Omens Bundle - Foil Edition,secret_lair_product_record,not_determined,tcgcsv_product_may_be_individual_card_not_drop,1,exact_tcgplayer_id_match,not_decided,Secret Lair reconstruction and evidence certification pending.,false,false
MTG-CANON-TCGPLAYER-537672,537672,Secret Lair Drop Series,Secret Lair Drop: Winter Superdrop 2024: Beastly Breakfast Omens Bundle - Non-Foil Edition,secret_lair_product,secret_lair,secret_lair_bundle_or_kit,bundle,active,available,not_required,review_required,not_evaluated,structurally_eligible,sealed_secret_lair_bundle_or_kit,False,False,False,TCGCSV-SNAPSHOT-4BA19FC008EB2C99F714CAE1,1,2576,Secret Lair Drop Series,2026-07-21T20:00:05.9940357Z,Secret Lair Drop: Winter Superdrop 2024: Beastly Breakfast Omens Bundle - Non-Foil Edition,secret_lair_product_record,not_determined,tcgcsv_product_may_be_individual_card_not_drop,1,exact_tcgplayer_id_match,not_decided,Secret Lair reconstruction and evidence certification pending.,false,false
MTG-CANON-TCGPLAYER-537669,537669,Secret Lair Drop Series,Secret Lair Drop: Winter Superdrop 2024: Dark Mysteries Bundle - Foil Edition,secret_lair_product,secret_lair,secret_lair_bundle_or_kit,bundle,active,available,not_required,review_required,not_evaluated,structurally_eligible,sealed_secret_lair_bundle_or_kit,False,False,False,TCGCSV-SNAPSHOT-BACC95531479090A355CB117,1,2576,Secret Lair Drop Series,2026-07-21T20:00:05.9940357Z,Secret Lair Drop: Winter Superdrop 2024: Dark Mysteries Bundle - Foil Edition,secret_lair_product_record,not_determined,tcgcsv_product_may_be_individual_card_not_drop,1,exact_tcgplayer_id_match,not_decided,Secret Lair reconstruction and evidence certification pending.,false,false
MTG-CANON-TCGPLAYER-537670,537670,Secret Lair Drop Series,Secret Lair Drop: Winter Superdrop 2024: Dark Mysteries Bundle - Non-Foil Edition,secret_lair_product,secret_lair,secret_lair_bundle_or_kit,bundle,active,available,not_required,review_required,not_evaluated,structurally_eligible,sealed_secret_lair_bundle_or_kit,False,False,False,TCGCSV-SNAPSHOT-632311D4B2D260815EBC8D33,1,2576,Secret Lair Drop Series,2026-07-21T20:00:05.9940357Z,Secret Lair Drop: Winter Superdrop 2024: Dark Mysteries Bundle - Non-Foil Edition,secret_lair_product_record,not_determined,tcgcsv_product_may_be_individual_card_not_drop,1,exact_tcgplayer_id_match,not_decided,Secret Lair reconstruction and evidence certification pending.,false,false
MTG-CANON-TCGPLAYER-537661,537661,Secret Lair Drop Series,Secret Lair Drop: Winter Superdrop 2024: Everything on the Menu Bundle,secret_lair_product,secret_lair,secret_lair_bundle_or_kit,bundle,active,available,not_required,review_required,not_evaluated,structurally_eligible,sealed_secret_lair_bundle_or_kit,False,False,False,TCGCSV-SNAPSHOT-E20809D96EEEA2E17DBC7226,1,2576,Secret Lair Drop Series,2026-07-21T20:00:05.9940357Z,Secret Lair Drop: Winter Superdrop 2024: Everything on the Menu Bundle,secret_lair_product_record,not_determined,tcgcsv_product_may_be_individual_card_not_drop,1,exact_tcgplayer_id_match,not_decided,Secret Lair reconstruction and evidence certification pending.,false,false
MTG-CANON-TCGPLAYER-618120,618120,Secret Lair Drop Series,Secret Lair Drop: Winter Superdrop 2025: Campfire Merriment Bundle - Foil Edition,secret_lair_product,secret_lair,secret_lair_bundle_or_kit,bundle,active,available,not_required,review_required,not_evaluated,structurally_eligible,sealed_secret_lair_bundle_or_kit,False,False,False,TCGCSV-SNAPSHOT-0DF1D59F00156684C85298F6,1,2576,Secret Lair Drop Series,2026-07-21T20:00:05.9940357Z,Secret Lair Drop: Winter Superdrop 2025: Campfire Merriment Bundle - Foil Edition,secret_lair_product_record,not_determined,tcgcsv_product_may_be_individual_card_not_drop,1,exact_tcgplayer_id_match,not_decided,Secret Lair reconstruction and evidence certification pending.,false,false
MTG-CANON-TCGPLAYER-618121,618121,Secret Lair Drop Series,Secret Lair Drop: Winter Superdrop 2025: Campfire Merriment Bundle - Non-Foil Edition,secret_lair_product,secret_lair,secret_lair_bundle_or_kit,bundle,active,available,not_required,review_required,not_evaluated,structurally_eligible,sealed_secret_lair_bundle_or_kit,False,False,False,TCGCSV-SNAPSHOT-374537DC91EE47853AD71ABD,1,2576,Secret Lair Drop Series,2026-07-21T20:00:05.9940357Z,Secret Lair Drop: Winter Superdrop 2025: Campfire Merriment Bundle - Non-Foil Edition,secret_lair_product_record,not_determined,tcgcsv_product_may_be_individual_card_not_drop,1,exact_tcgplayer_id_match,not_decided,Secret Lair reconstruction and evidence certification pending.,false,false
MTG-CANON-TCGPLAYER-618116,618116,Secret Lair Drop Series,Secret Lair Drop: Winter Superdrop 2025: Everything a Pioneer Needs Bundle,secret_lair_product,secret_lair,secret_lair_bundle_or_kit,bundle,active,available,not_required,review_required,not_evaluated,structurally_eligible,sealed_secret_lair_bundle_or_kit,False,False,False,TCGCSV-SNAPSHOT-FAB6458BBD72B1E8BC9E260F,1,2576,Secret Lair Drop Series,2026-07-21T20:00:05.9940357Z,Secret Lair Drop: Winter Superdrop 2025: Everything a Pioneer Needs Bundle,secret_lair_product_record,not_determined,tcgcsv_product_may_be_individual_card_not_drop,1,exact_tcgplayer_id_match,not_decided,Secret Lair reconstruction and evidence certification pending.,false,false
MTG-CANON-TCGPLAYER-618113,618113,Secret Lair Drop Series,Secret Lair Drop: Winter Superdrop 2025: Hatsune Miku: Winter Diva Bundle,secret_lair_product,secret_lair,secret_lair_bundle_or_kit,bundle,active,available,not_required,review_required,not_evaluated,structurally_eligible,sealed_secret_lair_bundle_or_kit,False,False,False,TCGCSV-SNAPSHOT-87A1EA0D81AE04CC9D08EE80,1,2576,Secret Lair Drop Series,2026-07-21T20:00:05.9940357Z,Secret Lair Drop: Winter Superdrop 2025: Hatsune Miku: Winter Diva Bundle,secret_lair_product_record,not_determined,tcgcsv_product_may_be_individual_card_not_drop,1,exact_tcgplayer_id_match,not_decided,Secret Lair reconstruction and evidence certification pending.,false,false
MTG-CANON-TCGPLAYER-618117,618117,Secret Lair Drop Series,Secret Lair Drop: Winter Superdrop 2025: Survival-Grade Foils Bundle,secret_lair_product,secret_lair,secret_lair_bundle_or_kit,bundle,active,available,not_required,review_required,not_evaluated,structurally_eligible,sealed_secret_lair_bundle_or_kit,False,False,False,TCGCSV-SNAPSHOT-52216DF255237F8085801EEA,1,2576,Secret Lair Drop Series,2026-07-21T20:00:05.9940357Z,Secret Lair Drop: Winter Superdrop 2025: Survival-Grade Foils Bundle,secret_lair_product_record,not_determined,tcgcsv_product_may_be_individual_card_not_drop,1,exact_tcgplayer_id_match,not_decided,Secret Lair reconstruction and evidence certification pending.,false,false
MTG-CANON-TCGPLAYER-618118,618118,Secret Lair Drop Series,Secret Lair Drop: Winter Superdrop 2025: Trail-Ready Non-Foils Bundle,secret_lair_product,secret_lair,secret_lair_bundle_or_kit,bundle,active,available,not_required,review_required,not_evaluated,structurally_eligible,sealed_secret_lair_bundle_or_kit,False,False,False,TCGCSV-SNAPSHOT-14ECABED511593A08320A99D,1,2576,Secret Lair Drop Series,2026-07-21T20:00:05.9940357Z,Secret Lair Drop: Winter Superdrop 2025: Trail-Ready Non-Foils Bundle,secret_lair_product_record,not_determined,tcgcsv_product_may_be_individual_card_not_drop,1,exact_tcgplayer_id_match,not_decided,Secret Lair reconstruction and evidence certification pending.,false,false
MTG-CANON-TCGPLAYER-618114,618114,Secret Lair Drop Series,Secret Lair Drop: Winter Superdrop 2025: Trailblazing Bundle - Foil Edition,secret_lair_product,secret_lair,secret_lair_bundle_or_kit,bundle,active,available,not_required,review_required,not_evaluated,structurally_eligible,sealed_secret_lair_bundle_or_kit,False,False,False,TCGCSV-SNAPSHOT-C05E77A7B778C512F56E6B9B,1,2576,Secret Lair Drop Series,2026-07-21T20:00:05.9940357Z,Secret Lair Drop: Winter Superdrop 2025: Trailblazing Bundle - Foil Edition,secret_lair_product_record,not_determined,tcgcsv_product_may_be_individual_card_not_drop,1,exact_tcgplayer_id_match,not_decided,Secret Lair reconstruction and evidence certification pending.,false,false
MTG-CANON-TCGPLAYER-618115,618115,Secret Lair Drop Series,Secret Lair Drop: Winter Superdrop 2025: Trailblazing Bundle - Non-Foil Edition,secret_lair_product,secret_lair,secret_lair_bundle_or_kit,bundle,active,available,not_required,review_required,not_evaluated,structurally_eligible,sealed_secret_lair_bundle_or_kit,False,False,False,TCGCSV-SNAPSHOT-CF49AF84AD47CF2389B6E095,1,2576,Secret Lair Drop Series,2026-07-21T20:00:05.9940357Z,Secret Lair Drop: Winter Superdrop 2025: Trailblazing Bundle - Non-Foil Edition,secret_lair_product_record,not_determined,tcgcsv_product_may_be_individual_card_not_drop,1,exact_tcgplayer_id_match,not_decided,Secret Lair reconstruction and evidence certification pending.,false,false
MTG-CANON-TCGPLAYER-237614,237614,Secret Lair Drop Series,Secret Lair Superdrop: Supershock Bundle - Non-Foil Edition,secret_lair_product,secret_lair,secret_lair_bundle_or_kit,bundle,active,available,not_required,review_required,not_evaluated,structurally_eligible,sealed_secret_lair_bundle_or_kit,False,False,False,TCGCSV-SNAPSHOT-33A37E823DD20B351ED64211,1,2576,Secret Lair Drop Series,2026-07-21T20:00:05.9940357Z,Secret Lair Superdrop: Supershock Bundle - Non-Foil Edition,secret_lair_product_record,not_determined,tcgcsv_product_may_be_individual_card_not_drop,1,exact_tcgplayer_id_match,not_decided,Secret Lair reconstruction and evidence certification pending.,false,false
MTG-CANON-TCGPLAYER-237617,237617,Secret Lair Drop Series,Secret Lair Superdrop: The Main Event Bundle,secret_lair_product,secret_lair,secret_lair_bundle_or_kit,bundle,active,available,not_required,review_required,not_evaluated,structurally_eligible,sealed_secret_lair_bundle_or_kit,False,False,False,TCGCSV-SNAPSHOT-48075A0FAD6CF1D1AE62927E,1,2576,Secret Lair Drop Series,2026-07-21T20:00:05.9940357Z,Secret Lair Superdrop: The Main Event Bundle,secret_lair_product_record,not_determined,tcgcsv_product_may_be_individual_card_not_drop,1,exact_tcgplayer_id_match,not_decided,Secret Lair reconstruction and evidence certification pending.,false,false
MTG-CANON-TCGPLAYER-247330,247330,Secret Lair Drop Series,Secret Lair Superdrop: The World's Bundliest Bundle,secret_lair_product,secret_lair,secret_lair_bundle_or_kit,bundle,active,available,not_required,review_required,not_evaluated,structurally_eligible,sealed_secret_lair_bundle_or_kit,False,False,False,TCGCSV-SNAPSHOT-FD5475CF3355690A70A3C87F,1,2576,Secret Lair Drop Series,2026-07-21T20:00:05.9940357Z,Secret Lair Superdrop: The World's Bundliest Bundle,secret_lair_product_record,not_determined,tcgcsv_product_may_be_individual_card_not_drop,1,exact_tcgplayer_id_match,not_decided,Secret Lair reconstruction and evidence certification pending.,false,false
MTG-CANON-TCGPLAYER-247334,247334,Secret Lair Drop Series,Secret Lair Superdrop: The World's Foil-est Bundle,secret_lair_product,secret_lair,secret_lair_bundle_or_kit,bundle,active,available,not_required,review_required,not_evaluated,structurally_eligible,sealed_secret_lair_bundle_or_kit,False,False,False,TCGCSV-SNAPSHOT-51D9CBE4AD80959237DD746D,1,2576,Secret Lair Drop Series,2026-07-21T20:00:05.9940357Z,Secret Lair Superdrop: The World's Foil-est Bundle,secret_lair_product_record,not_determined,tcgcsv_product_may_be_individual_card_not_drop,1,exact_tcgplayer_id_match,not_decided,Secret Lair reconstruction and evidence certification pending.,false,false
MTG-CANON-TCGPLAYER-247335,247335,Secret Lair Drop Series,Secret Lair Superdrop: The World's Non-foil-est Bundle,secret_lair_product,secret_lair,secret_lair_bundle_or_kit,bundle,active,available,not_required,review_required,not_evaluated,structurally_eligible,sealed_secret_lair_bundle_or_kit,False,False,False,TCGCSV-SNAPSHOT-E55A9874B8090B95BDC1D563,1,2576,Secret Lair Drop Series,2026-07-21T20:00:05.9940357Z,Secret Lair Superdrop: The World's Non-foil-est Bundle,secret_lair_product_record,not_determined,tcgcsv_product_may_be_individual_card_not_drop,1,exact_tcgplayer_id_match,not_decided,Secret Lair reconstruction and evidence certification pending.,false,false
MTG-CANON-TCGPLAYER-237616,237616,Secret Lair Drop Series,Secret Lair Superdrop: Voracious Reader Bundle - Foil,secret_lair_product,secret_lair,secret_lair_bundle_or_kit,bundle,active,available,not_required,review_required,not_evaluated,structurally_eligible,sealed_secret_lair_bundle_or_kit,False,False,False,TCGCSV-SNAPSHOT-ACB587FAF112472D15F8114A,1,2576,Secret Lair Drop Series,2026-07-21T20:00:05.9940357Z,Secret Lair Superdrop: Voracious Reader Bundle - Foil,secret_lair_product_record,not_determined,tcgcsv_product_may_be_individual_card_not_drop,1,exact_tcgplayer_id_match,not_decided,Secret Lair reconstruction and evidence certification pending.,false,false
MTG-CANON-TCGPLAYER-237615,237615,Secret Lair Drop Series,Secret Lair Superdrop: Voracious Reader Bundle - Non-foil,secret_lair_product,secret_lair,secret_lair_bundle_or_kit,bundle,active,available,not_required,review_required,not_evaluated,structurally_eligible,sealed_secret_lair_bundle_or_kit,False,False,False,TCGCSV-SNAPSHOT-2A93E7BB480DD13C77D3CAAD,1,2576,Secret Lair Drop Series,2026-07-21T20:00:05.9940357Z,Secret Lair Superdrop: Voracious Reader Bundle - Non-foil,secret_lair_product_record,not_determined,tcgcsv_product_may_be_individual_card_not_drop,1,exact_tcgplayer_id_match,not_decided,Secret Lair reconstruction and evidence certification pending.,false,false
MTG-CANON-TCGPLAYER-664031,664031,Secret Lair Drop Series,Secret Lair x Avatar: The Last Airbender Superdrop: Avatar State Foil Bundle,secret_lair_product,secret_lair,secret_lair_bundle_or_kit,bundle,active,available,not_required,review_required,not_evaluated,structurally_eligible,sealed_secret_lair_bundle_or_kit,False,False,False,TCGCSV-SNAPSHOT-6B8279428791E59BDEAD4CED,1,2576,Secret Lair Drop Series,2026-07-21T20:00:05.9940357Z,Secret Lair x Avatar: The Last Airbender Superdrop: Avatar State Foil Bundle,secret_lair_product_record,not_determined,tcgcsv_product_may_be_individual_card_not_drop,1,exact_tcgplayer_id_match,not_decided,Secret Lair reconstruction and evidence certification pending.,false,false
MTG-CANON-TCGPLAYER-664032,664032,Secret Lair Drop Series,Secret Lair x Avatar: The Last Airbender Superdrop: Avatar State Non-Foil Bundle,secret_lair_product,secret_lair,secret_lair_bundle_or_kit,bundle,active,available,not_required,review_required,not_evaluated,structurally_eligible,sealed_secret_lair_bundle_or_kit,False,False,False,TCGCSV-SNAPSHOT-29AD4596A231FF678786C285,1,2576,Secret Lair Drop Series,2026-07-21T20:00:05.9940357Z,Secret Lair x Avatar: The Last Airbender Superdrop: Avatar State Non-Foil Bundle,secret_lair_product_record,not_determined,tcgcsv_product_may_be_individual_card_not_drop,1,exact_tcgplayer_id_match,not_decided,Secret Lair reconstruction and evidence certification pending.,false,false
MTG-CANON-TCGPLAYER-664030,664030,Secret Lair Drop Series,Secret Lair x Avatar: The Last Airbender Superdrop: Master Of All Elements Everything Bundle,secret_lair_product,secret_lair,secret_lair_bundle_or_kit,bundle,active,available,not_required,review_required,not_evaluated,structurally_eligible,sealed_secret_lair_bundle_or_kit,False,False,False,TCGCSV-SNAPSHOT-667AC62A3A77EC2CEE078715,1,2576,Secret Lair Drop Series,2026-07-21T20:00:05.9940357Z,Secret Lair x Avatar: The Last Airbender Superdrop: Master Of All Elements Everything Bundle,secret_lair_product_record,not_determined,tcgcsv_product_may_be_individual_card_not_drop,1,exact_tcgplayer_id_match,not_decided,Secret Lair reconstruction and evidence certification pending.,false,false
MTG-CANON-TCGPLAYER-646785,646785,Secret Lair Drop Series,Secret Lair x Chaos Vault Drop: Commander Reinforcements Counter Intelligence Bundle,secret_lair_product,secret_lair,secret_lair_bundle_or_kit,bundle,active,available,not_required,review_required,not_evaluated,structurally_eligible,sealed_secret_lair_bundle_or_kit,False,False,False,TCGCSV-SNAPSHOT-F6F61EE713047519E625D28C,1,2576,Secret Lair Drop Series,2026-07-21T20:00:05.9940357Z,Secret Lair x Chaos Vault Drop: Commander Reinforcements Counter Intelligence Bundle,secret_lair_product_record,not_determined,tcgcsv_product_may_be_individual_card_not_drop,1,exact_tcgplayer_id_match,not_decided,Secret Lair reconstruction and evidence certification pending.,false,false
MTG-CANON-TCGPLAYER-646786,646786,Secret Lair Drop Series,Secret Lair x Chaos Vault Drop: Commander Reinforcements Counter Intelligence Bundle (Galaxy Foil),secret_lair_product,secret_lair,secret_lair_bundle_or_kit,bundle,active,available,not_required,review_required,not_evaluated,structurally_eligible,sealed_secret_lair_bundle_or_kit,False,False,False,TCGCSV-SNAPSHOT-B5C02C8E277DFC8517C22C32,1,2576,Secret Lair Drop Series,2026-07-21T20:00:05.9940357Z,Secret Lair x Chaos Vault Drop: Commander Reinforcements Counter Intelligence Bundle (Galaxy Foil),secret_lair_product_record,not_determined,tcgcsv_product_may_be_individual_card_not_drop,1,exact_tcgplayer_id_match,not_decided,Secret Lair reconstruction and evidence certification pending.,false,false
MTG-CANON-TCGPLAYER-646788,646788,Secret Lair Drop Series,Secret Lair x Chaos Vault Drop: Commander Reinforcements World Shaper Bundle,secret_lair_product,secret_lair,secret_lair_bundle_or_kit,bundle,active,available,not_required,review_required,not_evaluated,structurally_eligible,sealed_secret_lair_bundle_or_kit,False,False,False,TCGCSV-SNAPSHOT-015A3FF4B56288613C5AFCFD,1,2576,Secret Lair Drop Series,2026-07-21T20:00:05.9940357Z,Secret Lair x Chaos Vault Drop: Commander Reinforcements World Shaper Bundle,secret_lair_product_record,not_determined,tcgcsv_product_may_be_individual_card_not_drop,1,exact_tcgplayer_id_match,not_decided,Secret Lair reconstruction and evidence certification pending.,false,false
MTG-CANON-TCGPLAYER-646787,646787,Secret Lair Drop Series,Secret Lair x Chaos Vault Drop: Commander Reinforcements World Shaper Bundle (Galaxy Foil),secret_lair_product,secret_lair,secret_lair_bundle_or_kit,bundle,active,available,not_required,review_required,not_evaluated,structurally_eligible,sealed_secret_lair_bundle_or_kit,False,False,False,TCGCSV-SNAPSHOT-39B27718E25CC9C1FEA72EA5,1,2576,Secret Lair Drop Series,2026-07-21T20:00:05.9940357Z,Secret Lair x Chaos Vault Drop: Commander Reinforcements World Shaper Bundle (Galaxy Foil),secret_lair_product_record,not_determined,tcgcsv_product_may_be_individual_card_not_drop,1,exact_tcgplayer_id_match,not_decided,Secret Lair reconstruction and evidence certification pending.,false,false
MTG-CANON-TCGPLAYER-674836,674836,Secret Lair Drop Series,Secret Lair x Fallout: Rad Superdrop: The Atomic-Grade Foil Bundle,secret_lair_product,secret_lair,secret_lair_bundle_or_kit,bundle,active,available,not_required,review_required,not_evaluated,structurally_eligible,sealed_secret_lair_bundle_or_kit,False,False,False,TCGCSV-SNAPSHOT-EA4919994097D2A4D3CD4373,1,2576,Secret Lair Drop Series,2026-07-21T20:00:05.9940357Z,Secret Lair x Fallout: Rad Superdrop: The Atomic-Grade Foil Bundle,secret_lair_product_record,not_determined,tcgcsv_product_may_be_individual_card_not_drop,1,exact_tcgplayer_id_match,not_decided,Secret Lair reconstruction and evidence certification pending.,false,false
MTG-CANON-TCGPLAYER-674835,674835,Secret Lair Drop Series,Secret Lair x Fallout: Rad Superdrop: The Built To Last Everything Bundle,secret_lair_product,secret_lair,secret_lair_bundle_or_kit,bundle,active,available,not_required,review_required,not_evaluated,structurally_eligible,sealed_secret_lair_bundle_or_kit,False,False,False,TCGCSV-SNAPSHOT-CB2E9976DE79DD9273BBBF24,1,2576,Secret Lair Drop Series,2026-07-21T20:00:05.9940357Z,Secret Lair x Fallout: Rad Superdrop: The Built To Last Everything Bundle,secret_lair_product_record,not_determined,tcgcsv_product_may_be_individual_card_not_drop,1,exact_tcgplayer_id_match,not_decided,Secret Lair reconstruction and evidence certification pending.,false,false
MTG-CANON-TCGPLAYER-674837,674837,Secret Lair Drop Series,Secret Lair x Fallout: Rad Superdrop: The Vault-Issue Non-Foil Bundle,secret_lair_product,secret_lair,secret_lair_bundle_or_kit,bundle,active,available,not_required,review_required,not_evaluated,structurally_eligible,sealed_secret_lair_bundle_or_kit,False,False,False,TCGCSV-SNAPSHOT-806976315AC64DBB6EC06AC1,1,2576,Secret Lair Drop Series,2026-07-21T20:00:05.9940357Z,Secret Lair x Fallout: Rad Superdrop: The Vault-Issue Non-Foil Bundle,secret_lair_product_record,not_determined,tcgcsv_product_may_be_individual_card_not_drop,1,exact_tcgplayer_id_match,not_decided,Secret Lair reconstruction and evidence certification pending.,false,false
MTG-CANON-TCGPLAYER-660336,660336,Secret Lair Drop Series,Secret Lair x Playstation Superdrop: Foil Trophy Bundle,secret_lair_product,secret_lair,secret_lair_bundle_or_kit,bundle,active,available,not_required,review_required,not_evaluated,structurally_eligible,sealed_secret_lair_bundle_or_kit,False,False,False,TCGCSV-SNAPSHOT-E2BDBC258410D871A11C19EB,1,2576,Secret Lair Drop Series,2026-07-21T20:00:05.9940357Z,Secret Lair x Playstation Superdrop: Foil Trophy Bundle,secret_lair_product_record,not_determined,tcgcsv_product_may_be_individual_card_not_drop,1,exact_tcgplayer_id_match,not_decided,Secret Lair reconstruction and evidence certification pending.,false,false
MTG-CANON-TCGPLAYER-660337,660337,Secret Lair Drop Series,Secret Lair x Playstation Superdrop: Non-Foil Trophy Bundle,secret_lair_product,secret_lair,secret_lair_bundle_or_kit,bundle,active,available,not_required,review_required,not_evaluated,structurally_eligible,sealed_secret_lair_bundle_or_kit,False,False,False,TCGCSV-SNAPSHOT-D063786E3E87A2ACC4B71D5F,1,2576,Secret Lair Drop Series,2026-07-21T20:00:05.9940357Z,Secret Lair x Playstation Superdrop: Non-Foil Trophy Bundle,secret_lair_product_record,not_determined,tcgcsv_product_may_be_individual_card_not_drop,1,exact_tcgplayer_id_match,not_decided,Secret Lair reconstruction and evidence certification pending.,false,false
MTG-CANON-TCGPLAYER-660335,660335,Secret Lair Drop Series,Secret Lair x Playstation Superdrop: Platinum Trophy Bundle,secret_lair_product,secret_lair,secret_lair_bundle_or_kit,bundle,active,available,not_required,review_required,not_evaluated,structurally_eligible,sealed_secret_lair_bundle_or_kit,False,False,False,TCGCSV-SNAPSHOT-31F255A021183D9C21E92AD3,1,2576,Secret Lair Drop Series,2026-07-21T20:00:05.9940357Z,Secret Lair x Playstation Superdrop: Platinum Trophy Bundle,secret_lair_product_record,not_determined,tcgcsv_product_may_be_individual_card_not_drop,1,exact_tcgplayer_id_match,not_decided,Secret Lair reconstruction and evidence certification pending.,false,false
MTG-CANON-TCGPLAYER-643599,643599,Secret Lair Drop Series,Secret Lair x Sonic the Hedgehog Superdrop: Sonic 100% Complete Bundle,secret_lair_product,secret_lair,secret_lair_bundle_or_kit,bundle,active,available,not_required,review_required,not_evaluated,structurally_eligible,sealed_secret_lair_bundle_or_kit,False,False,False,TCGCSV-SNAPSHOT-9EFFC80B64396AE0BDD39E95,1,2576,Secret Lair Drop Series,2026-07-21T20:00:05.9940357Z,Secret Lair x Sonic the Hedgehog Superdrop: Sonic 100% Complete Bundle,secret_lair_product_record,not_determined,tcgcsv_product_may_be_individual_card_not_drop,1,exact_tcgplayer_id_match,not_decided,Secret Lair reconstruction and evidence certification pending.,false,false
MTG-CANON-TCGPLAYER-643597,643597,Secret Lair Drop Series,Secret Lair x Sonic the Hedgehog Superdrop: Super Sonic Bundle (Non-Foil),secret_lair_product,secret_lair,secret_lair_bundle_or_kit,bundle,active,available,not_required,review_required,not_evaluated,structurally_eligible,sealed_secret_lair_bundle_or_kit,False,False,False,TCGCSV-SNAPSHOT-343B9D64E1325E13460DC715,1,2576,Secret Lair Drop Series,2026-07-21T20:00:05.9940357Z,Secret Lair x Sonic the Hedgehog Superdrop: Super Sonic Bundle (Non-Foil),secret_lair_product_record,not_determined,tcgcsv_product_may_be_individual_card_not_drop,1,exact_tcgplayer_id_match,not_decided,Secret Lair reconstruction and evidence certification pending.,false,false
MTG-CANON-TCGPLAYER-643598,643598,Secret Lair Drop Series,Secret Lair x Sonic the Hedgehog Superdrop: Super Sonic Bundle (Rainbow Foil),secret_lair_product,secret_lair,secret_lair_bundle_or_kit,bundle,active,available,not_required,review_required,not_evaluated,structurally_eligible,sealed_secret_lair_bundle_or_kit,False,False,False,TCGCSV-SNAPSHOT-95A6C2A42EC8DA0FE951DB35,1,2576,Secret Lair Drop Series,2026-07-21T20:00:05.9940357Z,Secret Lair x Sonic the Hedgehog Superdrop: Super Sonic Bundle (Rainbow Foil),secret_lair_product_record,not_determined,tcgcsv_product_may_be_individual_card_not_drop,1,exact_tcgplayer_id_match,not_decided,Secret Lair reconstruction and evidence certification pending.,false,false
MTG-CANON-TCGPLAYER-450513,450513,Secret Lair Drop Series,Secret Lair x Warhammer Bundle,secret_lair_product,secret_lair,secret_lair_bundle_or_kit,bundle,active,available,not_required,review_required,not_evaluated,structurally_eligible,sealed_secret_lair_bundle_or_kit,False,False,False,TCGCSV-SNAPSHOT-DE8B92A084AD8CAB2B29894C,1,2576,Secret Lair Drop Series,2026-07-21T20:00:05.9940357Z,Secret Lair x Warhammer Bundle,secret_lair_product_record,not_determined,tcgcsv_product_may_be_individual_card_not_drop,1,exact_tcgplayer_id_match,not_decided,Secret Lair reconstruction and evidence certification pending.,false,false
MTG-CANON-TCGPLAYER-279317,279317,Secret Lair Drop Series,Secret Lair: Astrology Lands (Aries) Bundle - Non-Foil Edition,secret_lair_product,secret_lair,secret_lair_bundle_or_kit,bundle,active,available,not_required,review_required,not_evaluated,structurally_eligible,sealed_secret_lair_bundle_or_kit,False,False,False,TCGCSV-SNAPSHOT-35B78F6696F89823F7DFD8FC,1,2576,Secret Lair Drop Series,2026-07-21T20:00:05.9940357Z,Secret Lair: Astrology Lands (Aries) Bundle - Non-Foil Edition,secret_lair_product_record,not_determined,tcgcsv_product_may_be_individual_card_not_drop,1,exact_tcgplayer_id_match,not_decided,Secret Lair reconstruction and evidence certification pending.,false,false
MTG-CANON-TCGPLAYER-279318,279318,Secret Lair Drop Series,Secret Lair: Astrology Lands (Aries) Bundle - Traditional Foil Edition,secret_lair_product,secret_lair,secret_lair_bundle_or_kit,bundle,active,available,not_required,review_required,not_evaluated,structurally_eligible,sealed_secret_lair_bundle_or_kit,False,False,False,TCGCSV-SNAPSHOT-8F9D77B5893C0317E9B59BB6,1,2576,Secret Lair Drop Series,2026-07-21T20:00:05.9940357Z,Secret Lair: Astrology Lands (Aries) Bundle - Traditional Foil Edition,secret_lair_product_record,not_determined,tcgcsv_product_may_be_individual_card_not_drop,1,exact_tcgplayer_id_match,not_decided,Secret Lair reconstruction and evidence certification pending.,false,false
MTG-CANON-TCGPLAYER-279298,279298,Secret Lair Drop Series,Secret Lair: Astrology Lands (Pisces) Bundle - Non-Foil Edition,secret_lair_product,secret_lair,secret_lair_bundle_or_kit,bundle,active,available,not_required,review_required,not_evaluated,structurally_eligible,sealed_secret_lair_bundle_or_kit,False,False,False,TCGCSV-SNAPSHOT-E0E8B4635E9C79F748848BBF,1,2576,Secret Lair Drop Series,2026-07-21T20:00:05.9940357Z,Secret Lair: Astrology Lands (Pisces) Bundle - Non-Foil Edition,secret_lair_product_record,not_determined,tcgcsv_product_may_be_individual_card_not_drop,1,exact_tcgplayer_id_match,not_decided,Secret Lair reconstruction and evidence certification pending.,false,false
MTG-CANON-TCGPLAYER-279299,279299,Secret Lair Drop Series,Secret Lair: Astrology Lands (Pisces) Bundle - Traditional Foil Edition,secret_lair_product,secret_lair,secret_lair_bundle_or_kit,bundle,active,available,not_required,review_required,not_evaluated,structurally_eligible,sealed_secret_lair_bundle_or_kit,False,False,False,TCGCSV-SNAPSHOT-A3000FCAB6A7E4EAF98C0E34,1,2576,Secret Lair Drop Series,2026-07-21T20:00:05.9940357Z,Secret Lair: Astrology Lands (Pisces) Bundle - Traditional Foil Edition,secret_lair_product_record,not_determined,tcgcsv_product_may_be_individual_card_not_drop,1,exact_tcgplayer_id_match,not_decided,Secret Lair reconstruction and evidence certification pending.,false,false
MTG-CANON-TCGPLAYER-475393,475393,Secret Lair Drop Series,Secret Lair: Astrology Lands (Sagittarius) Bundle - Non-Foil Edition,secret_lair_product,secret_lair,secret_lair_bundle_or_kit,bundle,active,available,not_required,review_required,not_evaluated,structurally_eligible,sealed_secret_lair_bundle_or_kit,False,False,False,TCGCSV-SNAPSHOT-8255A10B7F274345DC0B3C3C,1,2576,Secret Lair Drop Series,2026-07-21T20:00:05.9940357Z,Secret Lair: Astrology Lands (Sagittarius) Bundle - Non-Foil Edition,secret_lair_product_record,not_determined,tcgcsv_product_may_be_individual_card_not_drop,1,exact_tcgplayer_id_match,not_decided,Secret Lair reconstruction and evidence certification pending.,false,false
MTG-CANON-TCGPLAYER-475394,475394,Secret Lair Drop Series,Secret Lair: Astrology Lands (Sagittarius) Bundle - Traditional Foil Edition,secret_lair_product,secret_lair,secret_lair_bundle_or_kit,bundle,active,available,not_required,review_required,not_evaluated,structurally_eligible,sealed_secret_lair_bundle_or_kit,False,False,False,TCGCSV-SNAPSHOT-F67C75225B09E084E492654C,1,2576,Secret Lair Drop Series,2026-07-21T20:00:05.9940357Z,Secret Lair: Astrology Lands (Sagittarius) Bundle - Traditional Foil Edition,secret_lair_product_record,not_determined,tcgcsv_product_may_be_individual_card_not_drop,1,exact_tcgplayer_id_match,not_decided,Secret Lair reconstruction and evidence certification pending.,false,false
MTG-CANON-TCGPLAYER-279322,279322,Secret Lair Drop Series,Secret Lair: Astrology Lands (Taurus) Bundle - Non-Foil Edition,secret_lair_product,secret_lair,secret_lair_bundle_or_kit,bundle,active,available,not_required,review_required,not_evaluated,structurally_eligible,sealed_secret_lair_bundle_or_kit,False,False,False,TCGCSV-SNAPSHOT-94E130F601AAFE62B6E9CAEB,1,2576,Secret Lair Drop Series,2026-07-21T20:00:05.9940357Z,Secret Lair: Astrology Lands (Taurus) Bundle - Non-Foil Edition,secret_lair_product_record,not_determined,tcgcsv_product_may_be_individual_card_not_drop,1,exact_tcgplayer_id_match,not_decided,Secret Lair reconstruction and evidence certification pending.,false,false
MTG-CANON-TCGPLAYER-279323,279323,Secret Lair Drop Series,Secret Lair: Astrology Lands (Taurus) Bundle - Traditional Foil Edition,secret_lair_product,secret_lair,secret_lair_bundle_or_kit,bundle,active,available,not_required,review_required,not_evaluated,structurally_eligible,sealed_secret_lair_bundle_or_kit,False,False,False,TCGCSV-SNAPSHOT-542F8850E606A4950828A29F,1,2576,Secret Lair Drop Series,2026-07-21T20:00:05.9940357Z,Secret Lair: Astrology Lands (Taurus) Bundle - Traditional Foil Edition,secret_lair_product_record,not_determined,tcgcsv_product_may_be_individual_card_not_drop,1,exact_tcgplayer_id_match,not_decided,Secret Lair reconstruction and evidence certification pending.,false,false
MTG-CANON-TCGPLAYER-497381,497381,Secret Lair Drop Series,Secret Lair: Festival in a Box Barcelona 2023 - Commander Fan Bundle,secret_lair_product,secret_lair,secret_lair_bundle_or_kit,bundle,active,available,not_required,review_required,not_evaluated,structurally_eligible,sealed_secret_lair_bundle_or_kit,False,False,False,TCGCSV-SNAPSHOT-B9651514703905859A68CE63,1,2576,Secret Lair Drop Series,2026-07-21T20:00:05.9940357Z,Secret Lair: Festival in a Box Barcelona 2023 - Commander Fan Bundle,secret_lair_product_record,not_determined,tcgcsv_product_may_be_individual_card_not_drop,1,exact_tcgplayer_id_match,not_decided,Secret Lair reconstruction and evidence certification pending.,false,false
MTG-CANON-TCGPLAYER-497382,497382,Secret Lair Drop Series,Secret Lair: Festival in a Box Barcelona 2023 - Drafter's Dream Bundle,secret_lair_product,secret_lair,secret_lair_bundle_or_kit,bundle,active,available,not_required,review_required,not_evaluated,structurally_eligible,sealed_secret_lair_bundle_or_kit,False,False,False,TCGCSV-SNAPSHOT-56BF7DFA9F2384AAF0E4BD97,1,2576,Secret Lair Drop Series,2026-07-21T20:00:05.9940357Z,Secret Lair: Festival in a Box Barcelona 2023 - Drafter's Dream Bundle,secret_lair_product_record,not_determined,tcgcsv_product_may_be_individual_card_not_drop,1,exact_tcgplayer_id_match,not_decided,Secret Lair reconstruction and evidence certification pending.,false,false
MTG-CANON-TCGPLAYER-282287,282287,Secret Lair Drop Series,Secret Lair: Festival in a Box Bundle,secret_lair_product,secret_lair,secret_lair_bundle_or_kit,bundle,active,available,not_required,review_required,not_evaluated,structurally_eligible,sealed_secret_lair_bundle_or_kit,False,False,False,TCGCSV-SNAPSHOT-6BF9469160629224B64E617C,1,2576,Secret Lair Drop Series,2026-07-21T20:00:05.9940357Z,Secret Lair: Festival in a Box Bundle,secret_lair_product_record,not_determined,tcgcsv_product_may_be_individual_card_not_drop,1,exact_tcgplayer_id_match,not_decided,Secret Lair reconstruction and evidence certification pending.,false,false
MTG-CANON-TCGPLAYER-516536,516536,Secret Lair Drop Series,Secret Lair: Festival in a Box Las Vegas 2023 Bundle,secret_lair_product,secret_lair,secret_lair_bundle_or_kit,bundle,active,available,not_required,review_required,not_evaluated,structurally_eligible,sealed_secret_lair_bundle_or_kit,False,False,False,TCGCSV-SNAPSHOT-AE90F3D853864E738B6A6F1A,1,2576,Secret Lair Drop Series,2026-07-21T20:00:05.9940357Z,Secret Lair: Festival in a Box Las Vegas 2023 Bundle,secret_lair_product_record,not_determined,tcgcsv_product_may_be_individual_card_not_drop,1,exact_tcgplayer_id_match,not_decided,Secret Lair reconstruction and evidence certification pending.,false,false
MTG-CANON-TCGPLAYER-563836,563836,Secret Lair Drop Series,Secret Lair: Festival in a Box Las Vegas 2024 Bundle,secret_lair_product,secret_lair,secret_lair_bundle_or_kit,bundle,active,available,not_required,review_required,not_evaluated,structurally_eligible,sealed_secret_lair_bundle_or_kit,False,False,False,TCGCSV-SNAPSHOT-23F359208A46E0A73355652C,1,2576,Secret Lair Drop Series,2026-07-21T20:00:05.9940357Z,Secret Lair: Festival in a Box Las Vegas 2024 Bundle,secret_lair_product_record,not_determined,tcgcsv_product_may_be_individual_card_not_drop,1,exact_tcgplayer_id_match,not_decided,Secret Lair reconstruction and evidence certification pending.,false,false
MTG-CANON-TCGPLAYER-487513,487513,Secret Lair Drop Series,Secret Lair: Festival in a Box Minneapolis 2023 Bundle,secret_lair_product,secret_lair,secret_lair_bundle_or_kit,bundle,active,available,not_required,review_required,not_evaluated,structurally_eligible,sealed_secret_lair_bundle_or_kit,False,False,False,TCGCSV-SNAPSHOT-16DECECDBE03826A1D66BF66,1,2576,Secret Lair Drop Series,2026-07-21T20:00:05.9940357Z,Secret Lair: Festival in a Box Minneapolis 2023 Bundle,secret_lair_product_record,not_determined,tcgcsv_product_may_be_individual_card_not_drop,1,exact_tcgplayer_id_match,not_decided,Secret Lair reconstruction and evidence certification pending.,false,false
MTG-CANON-TCGPLAYER-455833,455833,Secret Lair Drop Series,Secret Lair: Festival in a Box Philadelphia 2023 Bundle,secret_lair_product,secret_lair,secret_lair_bundle_or_kit,bundle,active,available,not_required,review_required,not_evaluated,structurally_eligible,sealed_secret_lair_bundle_or_kit,False,False,False,TCGCSV-SNAPSHOT-FB9F675139FD1139280F1DF4,1,2576,Secret Lair Drop Series,2026-07-21T20:00:05.9940357Z,Secret Lair: Festival in a Box Philadelphia 2023 Bundle,secret_lair_product_record,not_determined,tcgcsv_product_may_be_individual_card_not_drop,1,exact_tcgplayer_id_match,not_decided,Secret Lair reconstruction and evidence certification pending.,false,false
