"path","audit_domain","git_tracked","git_ignored","in_opening_inventory","preliminary_classification","sl1b_disposition_candidate","final_sl1_disposition","disposition_reason_code","disposition_reason","v1_production_authority","current_price_authority","model_authority","ranking_authority","purchase_authority","sha256"
"archive/legacy/phase_8_2_3_one_time_patches/scripts__fix_secret_lair_bundle_expectation_test.py.archived.txt","HISTORICAL_EVIDENCE","True","False","True","HIGH_PRIORITY_IDENTITY_AUDIT","HIGH_PRIORITY_REVIEW","PRESERVE_LEGACY_EVIDENCE","LEGACY_ARCHIVE_OR_DATA_EVIDENCE","Historical, staging, reference, validation, archive, or prior runtime evidence remains available for audit but is not current V1 authority.","False","False","False","False","False","bf1075ff42095c2e89c517f12c81e8f8634f3b7cfd0769552c60ae78d1e8569a"
"archive/legacy/phase_8_2_3_one_time_patches/scripts__fix_secret_lair_test_product_helper.py.archived.txt","HISTORICAL_EVIDENCE","True","False","True","HIGH_PRIORITY_IDENTITY_AUDIT","HIGH_PRIORITY_REVIEW","PRESERVE_LEGACY_EVIDENCE","LEGACY_ARCHIVE_OR_DATA_EVIDENCE","Historical, staging, reference, validation, archive, or prior runtime evidence remains available for audit but is not current V1 authority.","False","False","False","False","False","03824fa3beba861c06cd5509bace4417c63c309543174216b19f70be96040b5d"
"CHANGELOG_TERMINAL_2_10_0_SECRET_LAIR_HISTORICAL_MARKET_ARCHIVE.md","HISTORICAL_EVIDENCE","True","False","True","HIGH_PRIORITY_IDENTITY_AUDIT","HIGH_PRIORITY_REVIEW","PRESERVE_LEGACY_EVIDENCE","LEGACY_DOCUMENTATION","Legacy documentation records prior behavior and lineage but does not govern Secret Lair V1.","False","False","False","False","False","ddfb0b59863eefca23d3c6c0ef3c32cfe023e4d9d6ebde3ac0f7b13f47946c45"
"CHANGELOG_TERMINAL_2_6_0_SECRET_LAIR_FOUNDATION.md","DOCUMENTATION","True","False","True","REVIEW_FOR_ADAPTATION","HIGH_PRIORITY_REVIEW","PRESERVE_LEGACY_EVIDENCE","LEGACY_DOCUMENTATION","Legacy documentation records prior behavior and lineage but does not govern Secret Lair V1.","False","False","False","False","False","c32af31f0ecc9e4c048930075a4d897e4223c3ba1575781899ee14215962bd93"
"CHANGELOG_TERMINAL_2_6_1_SECRET_LAIR_PRICING.md","CURRENT_PRICE_EVIDENCE","True","False","True","HIGH_PRIORITY_EVIDENCE_AUDIT","HIGH_PRIORITY_REVIEW","PRESERVE_LEGACY_EVIDENCE","LEGACY_DOCUMENTATION","Legacy documentation records prior behavior and lineage but does not govern Secret Lair V1.","False","False","False","False","False","9542905a1f229e95c25c636e7cebeaba396cee84aaa1c6e70870b4943e1bfc6d"
"CHANGELOG_TERMINAL_2_6_2_SECRET_LAIR_BACKFILL.md","HISTORICAL_EVIDENCE","True","False","True","HIGH_PRIORITY_EVIDENCE_AUDIT","REUSE_OR_ADAPT_CANDIDATE","PRESERVE_LEGACY_EVIDENCE","LEGACY_DOCUMENTATION","Legacy documentation records prior behavior and lineage but does not govern Secret Lair V1.","False","False","False","False","False","89d14a83af5de423a1ca11cdddbc6739c29f743b11407d25882a9dbca927cd5b"
"CHANGELOG_TERMINAL_2_7_0_SECRET_LAIR_SOURCE_ACQUISITION.md","SOURCE_ACQUISITION","True","False","True","HIGH_PRIORITY_EVIDENCE_AUDIT","HIGH_PRIORITY_REVIEW","PRESERVE_LEGACY_EVIDENCE","LEGACY_DOCUMENTATION","Legacy documentation records prior behavior and lineage but does not govern Secret Lair V1.","False","False","False","False","False","2aed4c448ac929efeee79e7e7c79c78e8add5591f45e8ae1ce221eb5161f7b03"
"CHANGELOG_TERMINAL_2_7_1_SECRET_LAIR_DISCOVERY.md","SOURCE_ACQUISITION","True","False","True","HIGH_PRIORITY_EVIDENCE_AUDIT","HIGH_PRIORITY_REVIEW","PRESERVE_LEGACY_EVIDENCE","LEGACY_DOCUMENTATION","Legacy documentation records prior behavior and lineage but does not govern Secret Lair V1.","False","False","False","False","False","626b0780b1fe3001b7b88c9fa761b7a424d07ee2eb416fcd98fcbddbaff2f863"
"CHANGELOG_TERMINAL_2_9_5_SECRET_LAIR_INTELLIGENCE_EXPANSION.md","LEGACY_MODEL_INTELLIGENCE","True","False","True","REVIEW_FOR_ADAPTATION","HIGH_PRIORITY_REVIEW","PRESERVE_LEGACY_EVIDENCE","LEGACY_DOCUMENTATION","Legacy documentation records prior behavior and lineage but does not govern Secret Lair V1.","False","False","False","False","False","f6ab6ea4c779baa0b7bf0714d29decbc834997cb263c5402754960a1c6a091da"
"CHANGELOG_TERMINAL_2_9_6_SECRET_LAIR_DATA_POPULATION.md","DOCUMENTATION","True","False","True","REVIEW_FOR_ADAPTATION","PRESERVE_LEGACY_EVIDENCE","PRESERVE_LEGACY_EVIDENCE","LEGACY_MODEL_FORECAST_RANKING","Legacy modeling, forecasting, or ranking evidence must remain preserved but cannot become V1 authority without the governed tournament and certification sequence.","False","False","False","False","False","3a35fd090b207d57e3b6fd97da6f041d2ff21fd3f91d445405d6d30fb12229e4"
"CHANGELOG_TERMINAL_2_9_7_MASTER_SECRET_LAIR_DATABASE.md","STRUCTURAL_FEATURES","True","False","True","REVIEW_FOR_ADAPTATION","HIGH_PRIORITY_REVIEW","PRESERVE_LEGACY_EVIDENCE","LEGACY_DOCUMENTATION","Legacy documentation records prior behavior and lineage but does not govern Secret Lair V1.","False","False","False","False","False","5314deb8c8754cb4af719408c0d346d70371d480f7d3cb790b6ea78449a43784"
"CHANGELOG_TERMINAL_2_9_8A_SECRET_LAIR_DATETIME_FIX.md","DOCUMENTATION","True","False","True","REVIEW_FOR_ADAPTATION","HIGH_PRIORITY_REVIEW","PRESERVE_LEGACY_EVIDENCE","LEGACY_DOCUMENTATION","Legacy documentation records prior behavior and lineage but does not govern Secret Lair V1.","False","False","False","False","False","63479860775b48721b35817d8ce2dd5a5816f34cb2366064a80dae59e6c9241b"
"CHANGELOG_TERMINAL_2_9_8B_SECRET_LAIR_DATETIME_STANDARDIZATION.md","DOCUMENTATION","True","False","True","REVIEW_FOR_ADAPTATION","HIGH_PRIORITY_REVIEW","PRESERVE_LEGACY_EVIDENCE","LEGACY_DOCUMENTATION","Legacy documentation records prior behavior and lineage but does not govern Secret Lair V1.","False","False","False","False","False","639b6dacb8413392cbb15e48147f16a070c40bef6a846a8d9d01bea7dbf6366c"
"CHANGELOG_TERMINAL_2_9_9_SECRET_LAIR_INTELLIGENCE_CALIBRATION.md","LEGACY_MODEL_INTELLIGENCE","True","False","True","REVIEW_FOR_ADAPTATION","HIGH_PRIORITY_REVIEW","PRESERVE_LEGACY_EVIDENCE","LEGACY_DOCUMENTATION","Legacy documentation records prior behavior and lineage but does not govern Secret Lair V1.","False","False","False","False","False","8e5d84e96a62214cc8c656974ca1965421689a9f02f9c9a85f73111508db4959"
"config/mtg/governance/secret_lair_v1_opening_scope_decision.json","OTHER_SECRET_LAIR_COMPONENT","True","False","False","NOT_IN_OPENING_INVENTORY","PRESERVE_LEGACY_EVIDENCE","REUSE","CURRENT_V1_GOVERNANCE_AUTHORITY","Created specifically to govern the current Secret Lair V1 opening and SL-1 audit.","False","False","False","False","False","9dfd5beb0d9ddc945710ce279ad5c8fc0e1455163ea8f322389430b5c9750b65"
"config/phase_10/secret_lair_reconstruction/secret_lair_source_contract.yaml","SOURCE_ACQUISITION","True","False","True","HIGH_PRIORITY_EVIDENCE_AUDIT","PRESERVE_LEGACY_EVIDENCE","PRESERVE_LEGACY_EVIDENCE","LEGACY_MODEL_FORECAST_RANKING","Legacy modeling, forecasting, or ranking evidence must remain preserved but cannot become V1 authority without the governed tournament and certification sequence.","False","False","False","False","False","fbe8f162a3ae09024174d195f34d5f6b6209638dfa2af2149c71a0b6a3bbb116"
"data/operations/phase_8_2_1b_2_repair_input/evidence/secret_lair_samples/data__operations__mtg_terminal_delivery__latest__dashboard.csv","INTEGRATION_EXPORT","False","True","False","NOT_IN_OPENING_INVENTORY","PRESERVE_LEGACY_EVIDENCE","PRESERVE_LEGACY_EVIDENCE","LEGACY_MODEL_FORECAST_RANKING","Legacy modeling, forecasting, or ranking evidence must remain preserved but cannot become V1 authority without the governed tournament and certification sequence.","False","False","False","False","False","0dc32d04f6c7e21d6e73cb9dbb83152be0b1dcf0694ac2bd04a182ceda533649"
"data/operations/phase_8_2_1b_2_repair_input/evidence/secret_lair_samples/data__operations__mtg_terminal_delivery__latest__forecasts.csv","LEGACY_MODEL_INTELLIGENCE","False","True","False","NOT_IN_OPENING_INVENTORY","PRESERVE_LEGACY_EVIDENCE","PRESERVE_LEGACY_EVIDENCE","LEGACY_MODEL_FORECAST_RANKING","Legacy modeling, forecasting, or ranking evidence must remain preserved but cannot become V1 authority without the governed tournament and certification sequence.","False","False","False","False","False","35ca9984afd555db2430cba8f54f749fb0a3381ea00c4786765781c948752db9"
"data/operations/phase_8_2_1b_2_repair_input/evidence/secret_lair_samples/data__operations__mtg_terminal_delivery__latest__market_provenance.csv","INTEGRATION_EXPORT","False","True","False","NOT_IN_OPENING_INVENTORY","HIGH_PRIORITY_REVIEW","PRESERVE_LEGACY_EVIDENCE","IGNORED_RUNTIME_OR_GENERATED_EVIDENCE","Local ignored/runtime evidence is preserved for lineage and empirical review but is not promoted to production authority.","False","False","False","False","False","4ceb0fb349805439adaaed6dbc5109b0d083ec7d83ec5a1bbb2fcb63e28368ee"
"data/operations/phase_8_2_1b_2_repair_input/evidence/secret_lair_samples/data__operations__mtg_terminal_delivery__latest__recommendations.csv","INTEGRATION_EXPORT","False","True","False","NOT_IN_OPENING_INVENTORY","PRESERVE_LEGACY_EVIDENCE","PRESERVE_LEGACY_EVIDENCE","LEGACY_MODEL_FORECAST_RANKING","Legacy modeling, forecasting, or ranking evidence must remain preserved but cannot become V1 authority without the governed tournament and certification sequence.","False","False","False","False","False","f1d7bc83c6116ab07a2591b66d52bd3399e7d23c75f97322bd60ddd2273b2154"
"data/operations/phase_8_2_1b_2_repair_input/evidence/secret_lair_samples/data__operations__mtg_terminal_delivery__latest__universal_mtg_consumption_interface.csv","INTEGRATION_EXPORT","False","True","False","NOT_IN_OPENING_INVENTORY","PRESERVE_LEGACY_EVIDENCE","PRESERVE_LEGACY_EVIDENCE","LEGACY_MODEL_FORECAST_RANKING","Legacy modeling, forecasting, or ranking evidence must remain preserved but cannot become V1 authority without the governed tournament and certification sequence.","False","False","False","False","False","0660ccb8890e32b5d243d544f94a6c6f40397d138c2037991405e2b2a998f4eb"
"data/operations/phase_8_2_1b_2_repair_input/evidence/secret_lair_samples/data__operations__mtg_uip_delivery__latest__asset_master.csv","STRUCTURAL_FEATURES","False","True","False","NOT_IN_OPENING_INVENTORY","HIGH_PRIORITY_REVIEW","PRESERVE_LEGACY_EVIDENCE","IGNORED_RUNTIME_OR_GENERATED_EVIDENCE","Local ignored/runtime evidence is preserved for lineage and empirical review but is not promoted to production authority.","False","False","False","False","False","5689ae41eabd4c253bf88c1798f1672742ba2aab4c1305bb7ee101331d8f3c47"
"data/operations/phase_8_2_1b_2_repair_input/evidence/secret_lair_samples/data__operations__mtg_uip_delivery__latest__forecasts.csv","LEGACY_MODEL_INTELLIGENCE","False","True","False","NOT_IN_OPENING_INVENTORY","PRESERVE_LEGACY_EVIDENCE","PRESERVE_LEGACY_EVIDENCE","LEGACY_MODEL_FORECAST_RANKING","Legacy modeling, forecasting, or ranking evidence must remain preserved but cannot become V1 authority without the governed tournament and certification sequence.","False","False","False","False","False","06bfd0ed6ab26a58886cac8bb2d4cdc4622d3b07f034ce383d08d50a7e87249a"
"data/operations/phase_8_2_1b_2_repair_input/evidence/secret_lair_samples/data__operations__mtg_uip_delivery__latest__recommendations.csv","INTEGRATION_EXPORT","False","True","False","NOT_IN_OPENING_INVENTORY","REUSE_OR_ADAPT_CANDIDATE","PRESERVE_LEGACY_EVIDENCE","IGNORED_RUNTIME_OR_GENERATED_EVIDENCE","Local ignored/runtime evidence is preserved for lineage and empirical review but is not promoted to production authority.","False","False","False","False","False","74b42f4c173fd872be18d03b67377ed9ad4a49dfbb7e8d3b3d512b953b985f18"
"data/operations/phase_8_2_1b_2_repair_input/evidence/secret_lair_samples/data__operations__mtg_uip_delivery__latest__risk_metrics.csv","INTEGRATION_EXPORT","False","True","False","NOT_IN_OPENING_INVENTORY","PRESERVE_LEGACY_EVIDENCE","PRESERVE_LEGACY_EVIDENCE","LEGACY_MODEL_FORECAST_RANKING","Legacy modeling, forecasting, or ranking evidence must remain preserved but cannot become V1 authority without the governed tournament and certification sequence.","False","False","False","False","False","241e049262a95248fd2b475c0f265216bd987b78268cc470557b2c934c86ac72"
"data/operations/phase_8_2_1b_2_repair_input/evidence/secret_lair_samples/data__product_master__product_master_model_input.csv","STRUCTURAL_FEATURES","False","True","False","NOT_IN_OPENING_INVENTORY","HIGH_PRIORITY_REVIEW","PRESERVE_LEGACY_EVIDENCE","IGNORED_RUNTIME_OR_GENERATED_EVIDENCE","Local ignored/runtime evidence is preserved for lineage and empirical review but is not promoted to production authority.","False","False","False","False","False","e3b0c44298fc1c149afbf4c8996fb92427ae41e4649b934ca495991b7852b855"
"data/operations/phase_8_2_1b_2_repair_input/evidence/secret_lair_samples/data__warehouse__current__governed_terminal__dashboard.csv","OTHER_SECRET_LAIR_COMPONENT","False","True","False","NOT_IN_OPENING_INVENTORY","PRESERVE_LEGACY_EVIDENCE","PRESERVE_LEGACY_EVIDENCE","LEGACY_MODEL_FORECAST_RANKING","Legacy modeling, forecasting, or ranking evidence must remain preserved but cannot become V1 authority without the governed tournament and certification sequence.","False","False","False","False","False","98b55150e9221c5b8dbe2829e83abf2ecbbf358941e35a3017fdc51342d61d1a"
"data/operations/phase_8_2_1b_2_repair_input/evidence/secret_lair_samples/data__warehouse__current__governed_terminal__forecasts.csv","LEGACY_MODEL_INTELLIGENCE","False","True","False","NOT_IN_OPENING_INVENTORY","PRESERVE_LEGACY_EVIDENCE","PRESERVE_LEGACY_EVIDENCE","LEGACY_MODEL_FORECAST_RANKING","Legacy modeling, forecasting, or ranking evidence must remain preserved but cannot become V1 authority without the governed tournament and certification sequence.","False","False","False","False","False","f3015064acc57664e865ede4ef5e04ee279a8f11e1ba4991f87c3e734e0c9b1c"
"data/operations/phase_8_2_1b_2_repair_input/evidence/secret_lair_samples/data__warehouse__current__governed_terminal__market_provenance.csv","OTHER_SECRET_LAIR_COMPONENT","False","True","False","NOT_IN_OPENING_INVENTORY","HIGH_PRIORITY_REVIEW","PRESERVE_LEGACY_EVIDENCE","IGNORED_RUNTIME_OR_GENERATED_EVIDENCE","Local ignored/runtime evidence is preserved for lineage and empirical review but is not promoted to production authority.","False","False","False","False","False","31d98ad367b65318ec98610cce47d872068b91390577fc4d31bfed29e6ba4230"
"data/operations/phase_8_2_1b_2_repair_input/evidence/secret_lair_samples/data__warehouse__current__governed_terminal__rankings.csv","OTHER_SECRET_LAIR_COMPONENT","False","True","False","NOT_IN_OPENING_INVENTORY","HIGH_PRIORITY_REVIEW","PRESERVE_LEGACY_EVIDENCE","IGNORED_RUNTIME_OR_GENERATED_EVIDENCE","Local ignored/runtime evidence is preserved for lineage and empirical review but is not promoted to production authority.","False","False","False","False","False","e3b0c44298fc1c149afbf4c8996fb92427ae41e4649b934ca495991b7852b855"
"data/operations/phase_8_2_1b_2_repair_input/evidence/secret_lair_samples/data__warehouse__current__governed_terminal__recommendations.csv","OTHER_SECRET_LAIR_COMPONENT","False","True","False","NOT_IN_OPENING_INVENTORY","PRESERVE_LEGACY_EVIDENCE","PRESERVE_LEGACY_EVIDENCE","LEGACY_MODEL_FORECAST_RANKING","Legacy modeling, forecasting, or ranking evidence must remain preserved but cannot become V1 authority without the governed tournament and certification sequence.","False","False","False","False","False","71a7ea18f190c66f6a6c202fbfac2ccfa0d8c1f8e33f58dcfe0a21d6d2bcaa55"
"data/operations/phase_8_2_1b_2_repair_input/evidence/secret_lair_samples/data__warehouse__current__governed_terminal__universal_mtg_consumption_interface.csv","OTHER_SECRET_LAIR_COMPONENT","False","True","False","NOT_IN_OPENING_INVENTORY","PRESERVE_LEGACY_EVIDENCE","PRESERVE_LEGACY_EVIDENCE","LEGACY_MODEL_FORECAST_RANKING","Legacy modeling, forecasting, or ranking evidence must remain preserved but cannot become V1 authority without the governed tournament and certification sequence.","False","False","False","False","False","6e7f5d60f1eb3a3f7ecea7b20712d17216901716cd662fc8168ea9c6c66409e1"
"data/operations/phase_8_2_1c_2_1_code_backups/20260728T215517Z/scripts/build_full_secret_lair_model_evaluation.py","LEGACY_MODEL_INTELLIGENCE","False","True","False","NOT_IN_OPENING_INVENTORY","PRESERVE_LEGACY_EVIDENCE","PRESERVE_LEGACY_EVIDENCE","LEGACY_MODEL_FORECAST_RANKING","Legacy modeling, forecasting, or ranking evidence must remain preserved but cannot become V1 authority without the governed tournament and certification sequence.","False","False","False","False","False","7cff12d4341e0850a5060a6b3d2a477e0028fdf12cd088fa85b6684eb89526f0"
"data/operations/phase_8_2_1c_2_1_code_backups/20260728T215517Z/tests/__pycache__/test_phase_8_2_1c_2_secret_lair_semantics.cpython-314-pytest-9.1.1.pyc","VALIDATION_CERTIFICATION","False","True","False","NOT_IN_OPENING_INVENTORY","HIGH_PRIORITY_REVIEW","PRESERVE_LEGACY_EVIDENCE","IGNORED_RUNTIME_OR_GENERATED_EVIDENCE","Local ignored/runtime evidence is preserved for lineage and empirical review but is not promoted to production authority.","False","False","False","False","False","ef13b2b7936444d6fe2383c83df2fbad258ca160c33349c5a7508765da4c940d"
"data/operations/phase_8_2_1c_2_1_code_backups/20260728T215517Z/tests/test_phase_8_2_1c_2_secret_lair_semantics.py","VALIDATION_CERTIFICATION","False","True","False","NOT_IN_OPENING_INVENTORY","PRESERVE_LEGACY_EVIDENCE","PRESERVE_LEGACY_EVIDENCE","LEGACY_MODEL_FORECAST_RANKING","Legacy modeling, forecasting, or ranking evidence must remain preserved but cannot become V1 authority without the governed tournament and certification sequence.","False","False","False","False","False","e76d421f30e70c51000457d064abb4e9f594b04176a24814a921b19aea7c009a"
"data/operations/phase_8_2_1c_2_code_backups/20260728T215153Z/scripts/build_full_secret_lair_model_evaluation.py","LEGACY_MODEL_INTELLIGENCE","False","True","False","NOT_IN_OPENING_INVENTORY","PRESERVE_LEGACY_EVIDENCE","PRESERVE_LEGACY_EVIDENCE","LEGACY_MODEL_FORECAST_RANKING","Legacy modeling, forecasting, or ranking evidence must remain preserved but cannot become V1 authority without the governed tournament and certification sequence.","False","False","False","False","False","40914392319876d13862cbe93106ee8e7a37d330fea0e4d9b19f6b5e5a41a73e"
"data/operations/phase_8_2_1c_2_code_backups/20260728T215153Z/tests/__pycache__/test_full_secret_lair_model_evaluation.cpython-314-pytest-9.1.1.pyc","LEGACY_MODEL_INTELLIGENCE","False","True","False","NOT_IN_OPENING_INVENTORY","HIGH_PRIORITY_REVIEW","PRESERVE_LEGACY_EVIDENCE","IGNORED_RUNTIME_OR_GENERATED_EVIDENCE","Local ignored/runtime evidence is preserved for lineage and empirical review but is not promoted to production authority.","False","False","False","False","False","2411b64ba59fc1f37b958c609076976b031b3ecbf32e15693685ddafb5922395"
"data/operations/phase_8_2_1c_2_code_backups/20260728T215153Z/tests/test_full_secret_lair_model_evaluation.py","LEGACY_MODEL_INTELLIGENCE","False","True","False","NOT_IN_OPENING_INVENTORY","PRESERVE_LEGACY_EVIDENCE","PRESERVE_LEGACY_EVIDENCE","LEGACY_MODEL_FORECAST_RANKING","Legacy modeling, forecasting, or ranking evidence must remain preserved but cannot become V1 authority without the governed tournament and certification sequence.","False","False","False","False","False","795d4630d2a30ab8e4d2e6ca39dc727f39a24573091e2c6248cf6abe3f43c581"
"data/operations/phase_8_2_1c_repair_input/evidence/secret_lair_coverage_matrix.csv","OTHER_SECRET_LAIR_COMPONENT","False","True","False","NOT_IN_OPENING_INVENTORY","PRESERVE_LEGACY_EVIDENCE","PRESERVE_LEGACY_EVIDENCE","LEGACY_MODEL_FORECAST_RANKING","Legacy modeling, forecasting, or ranking evidence must remain preserved but cannot become V1 authority without the governed tournament and certification sequence.","False","False","False","False","False","b69b8f89ecf85fd179f0bde046813f6fd0ec2fc0a4224b9a29cd4b02ed469e7f"
"data/operations/phase_8_2_1c_repair_input/evidence/secret_lair_dataset_summary.csv","OTHER_SECRET_LAIR_COMPONENT","False","True","False","NOT_IN_OPENING_INVENTORY","PRESERVE_LEGACY_EVIDENCE","PRESERVE_LEGACY_EVIDENCE","LEGACY_MODEL_FORECAST_RANKING","Legacy modeling, forecasting, or ranking evidence must remain preserved but cannot become V1 authority without the governed tournament and certification sequence.","False","False","False","False","False","025123199ec7a281326efac3d429f5067bc3bf06acc56d00f64965fd0ce9a7f8"
"data/operations/phase_8_2_1c_repair_input/evidence/secret_lair_field_semantic_matrix.csv","OTHER_SECRET_LAIR_COMPONENT","False","True","False","NOT_IN_OPENING_INVENTORY","PRESERVE_LEGACY_EVIDENCE","PRESERVE_LEGACY_EVIDENCE","LEGACY_MODEL_FORECAST_RANKING","Legacy modeling, forecasting, or ranking evidence must remain preserved but cannot become V1 authority without the governed tournament and certification sequence.","False","False","False","False","False","f7612f8f8c935151d88b33cb3f2a9193e570d98ac03f9c2099757bc4c7a15747"
"data/operations/phase_8_2_1c_repair_input/evidence/secret_lair_semantic_aggregates.csv","OTHER_SECRET_LAIR_COMPONENT","False","True","False","NOT_IN_OPENING_INVENTORY","PRESERVE_LEGACY_EVIDENCE","PRESERVE_LEGACY_EVIDENCE","LEGACY_MODEL_FORECAST_RANKING","Legacy modeling, forecasting, or ranking evidence must remain preserved but cannot become V1 authority without the governed tournament and certification sequence.","False","False","False","False","False","b51cc3c652242d2e0ca840ba65494173819321a52d619a59369e7a414f65d824"
"data/operations/phase_8_2_1c_repair_input/evidence/secret_lair_semantic_row_audit.csv","OTHER_SECRET_LAIR_COMPONENT","False","True","False","NOT_IN_OPENING_INVENTORY","PRESERVE_LEGACY_EVIDENCE","PRESERVE_LEGACY_EVIDENCE","LEGACY_MODEL_FORECAST_RANKING","Legacy modeling, forecasting, or ranking evidence must remain preserved but cannot become V1 authority without the governed tournament and certification sequence.","False","False","False","False","False","d2633ba5d7d6577f9eb97ff2bf6933c7a8b3b2a8208ac0ed28f80c014e567852"
"data/operations/phase_8_2_1c_repair_input/evidence/secret_lair_source_inventory.csv","OTHER_SECRET_LAIR_COMPONENT","False","True","False","NOT_IN_OPENING_INVENTORY","HIGH_PRIORITY_REVIEW","PRESERVE_LEGACY_EVIDENCE","IGNORED_RUNTIME_OR_GENERATED_EVIDENCE","Local ignored/runtime evidence is preserved for lineage and empirical review but is not promoted to production authority.","False","False","False","False","False","2c183f5af86357bf96b2f3b76d5ef3b9027a60117e946b7a4fa4d222d6d8e08e"
"data/operations/phase_8_2_1c_repair_input/repo/scripts/build_full_secret_lair_model_evaluation.py","LEGACY_MODEL_INTELLIGENCE","False","True","False","NOT_IN_OPENING_INVENTORY","PRESERVE_LEGACY_EVIDENCE","PRESERVE_LEGACY_EVIDENCE","LEGACY_MODEL_FORECAST_RANKING","Legacy modeling, forecasting, or ranking evidence must remain preserved but cannot become V1 authority without the governed tournament and certification sequence.","False","False","False","False","False","40914392319876d13862cbe93106ee8e7a37d330fea0e4d9b19f6b5e5a41a73e"
"data/operations/phase_8_2_1c_repair_input/repo/scripts/certify_phase_10_secret_lair_closeout.py","INTEGRATION_EXPORT","False","True","False","NOT_IN_OPENING_INVENTORY","PRESERVE_LEGACY_EVIDENCE","PRESERVE_LEGACY_EVIDENCE","LEGACY_MODEL_FORECAST_RANKING","Legacy modeling, forecasting, or ranking evidence must remain preserved but cannot become V1 authority without the governed tournament and certification sequence.","False","False","False","False","False","6decbc714a090b334757c76bb52ffefce724f5af296aa9454f62aa8825027fd2"
"data/operations/phase_8_2_1c_repair_input/repo/terminal2/portfolio/secret_lair_full_registry.py","IDENTITY_REGISTRY","False","True","False","NOT_IN_OPENING_INVENTORY","PRESERVE_LEGACY_EVIDENCE","PRESERVE_LEGACY_EVIDENCE","LEGACY_MODEL_FORECAST_RANKING","Legacy modeling, forecasting, or ranking evidence must remain preserved but cannot become V1 authority without the governed tournament and certification sequence.","False","False","False","False","False","cda8ae19610673dc142beab238bca685a158060638b0f8f027641452d02a25e4"
"data/operations/phase_8_2_1c_repair_input/repo/tests/__pycache__/test_phase_10_secret_lair_production_closeout.cpython-314-pytest-9.1.1.pyc","INTEGRATION_EXPORT","False","True","False","NOT_IN_OPENING_INVENTORY","HIGH_PRIORITY_REVIEW","PRESERVE_LEGACY_EVIDENCE","IGNORED_RUNTIME_OR_GENERATED_EVIDENCE","Local ignored/runtime evidence is preserved for lineage and empirical review but is not promoted to production authority.","False","False","False","False","False","c7407f947f784af607571319116dfbc75510d10cee7b873d647202360e1684fe"
"data/operations/phase_8_2_1c_repair_input/repo/tests/test_full_secret_lair_model_evaluation.py","LEGACY_MODEL_INTELLIGENCE","False","True","False","NOT_IN_OPENING_INVENTORY","PRESERVE_LEGACY_EVIDENCE","PRESERVE_LEGACY_EVIDENCE","LEGACY_MODEL_FORECAST_RANKING","Legacy modeling, forecasting, or ranking evidence must remain preserved but cannot become V1 authority without the governed tournament and certification sequence.","False","False","False","False","False","795d4630d2a30ab8e4d2e6ca39dc727f39a24573091e2c6248cf6abe3f43c581"
"data/operations/phase_8_2_1c_repair_input/repo/tests/test_phase_10_secret_lair_production_closeout.py","INTEGRATION_EXPORT","False","True","False","NOT_IN_OPENING_INVENTORY","PRESERVE_LEGACY_EVIDENCE","PRESERVE_LEGACY_EVIDENCE","LEGACY_MODEL_FORECAST_RANKING","Legacy modeling, forecasting, or ranking evidence must remain preserved but cannot become V1 authority without the governed tournament and certification sequence.","False","False","False","False","False","718537f37c58b11d5cb6a801355ae99362bd08a92f4984360da77c36a5706a35"
"data/operations/phase_8_2_1d_3_history_backups/20260728T223259Z/master_secret_lair_price_history.csv","HISTORICAL_EVIDENCE","False","True","False","NOT_IN_OPENING_INVENTORY","ADAPT_CANDIDATE","PRESERVE_LEGACY_EVIDENCE","IGNORED_RUNTIME_OR_GENERATED_EVIDENCE","Local ignored/runtime evidence is preserved for lineage and empirical review but is not promoted to production authority.","False","False","False","False","False","0ec8d326dc561a86c0f910fa4528ce85635c783b65c6e2e709edcafb554b70ed"
"data/operations/phase_8_2_1d_repair_input/repo/CHANGELOG_TERMINAL_2_6_1_SECRET_LAIR_PRICING.md","CURRENT_PRICE_EVIDENCE","False","True","False","NOT_IN_OPENING_INVENTORY","HIGH_PRIORITY_REVIEW","PRESERVE_LEGACY_EVIDENCE","IGNORED_RUNTIME_OR_GENERATED_EVIDENCE","Local ignored/runtime evidence is preserved for lineage and empirical review but is not promoted to production authority.","False","False","False","False","False","9542905a1f229e95c25c636e7cebeaba396cee84aaa1c6e70870b4943e1bfc6d"
"data/operations/phase_8_2_1d_repair_input/repo/config/phase_10/secret_lair_reconstruction/secret_lair_source_contract.yaml","SOURCE_ACQUISITION","False","True","False","NOT_IN_OPENING_INVENTORY","PRESERVE_LEGACY_EVIDENCE","PRESERVE_LEGACY_EVIDENCE","LEGACY_MODEL_FORECAST_RANKING","Legacy modeling, forecasting, or ranking evidence must remain preserved but cannot become V1 authority without the governed tournament and certification sequence.","False","False","False","False","False","fbe8f162a3ae09024174d195f34d5f6b6209638dfa2af2149c71a0b6a3bbb116"
"data/operations/phase_8_2_1d_repair_input/repo/data/operations/phase_8_2_1c_2_1_code_backups/20260728T215517Z/scripts/build_full_secret_lair_model_evaluation.py","LEGACY_MODEL_INTELLIGENCE","False","True","False","NOT_IN_OPENING_INVENTORY","PRESERVE_LEGACY_EVIDENCE","PRESERVE_LEGACY_EVIDENCE","LEGACY_MODEL_FORECAST_RANKING","Legacy modeling, forecasting, or ranking evidence must remain preserved but cannot become V1 authority without the governed tournament and certification sequence.","False","False","False","False","False","7cff12d4341e0850a5060a6b3d2a477e0028fdf12cd088fa85b6684eb89526f0"
"data/operations/phase_8_2_1d_repair_input/repo/data/operations/phase_8_2_1c_repair_input/repo/terminal2/portfolio/secret_lair_full_registry.py","IDENTITY_REGISTRY","False","True","False","NOT_IN_OPENING_INVENTORY","PRESERVE_LEGACY_EVIDENCE","PRESERVE_LEGACY_EVIDENCE","LEGACY_MODEL_FORECAST_RANKING","Legacy modeling, forecasting, or ranking evidence must remain preserved but cannot become V1 authority without the governed tournament and certification sequence.","False","False","False","False","False","cda8ae19610673dc142beab238bca685a158060638b0f8f027641452d02a25e4"
"data/operations/phase_8_2_1d_repair_input/repo/data/terminal2/master_secret_lair/cache/089cc2a2d7cdde0dcfc125331a90da6dc75c087a68adf6b91f2da98c3709f18d.json","STRUCTURAL_FEATURES","False","True","False","NOT_IN_OPENING_INVENTORY","PRESERVE_LEGACY_EVIDENCE","PRESERVE_LEGACY_EVIDENCE","LEGACY_MODEL_FORECAST_RANKING","Legacy modeling, forecasting, or ranking evidence must remain preserved but cannot become V1 authority without the governed tournament and certification sequence.","False","False","False","False","False","01f1a936bdcd95a553e90461dea7f966de469f514d956c12f8471ffe3848482a"
"data/operations/phase_8_2_1d_repair_input/repo/data/terminal2/master_secret_lair/cache/0c29a1997516d80c5681674da7953af40ba5c16cab9daa8ba57e1ad21a52fec1.json","STRUCTURAL_FEATURES","False","True","False","NOT_IN_OPENING_INVENTORY","PRESERVE_LEGACY_EVIDENCE","PRESERVE_LEGACY_EVIDENCE","LEGACY_MODEL_FORECAST_RANKING","Legacy modeling, forecasting, or ranking evidence must remain preserved but cannot become V1 authority without the governed tournament and certification sequence.","False","False","False","False","False","5368883509d5cb78c8b4b490ff2c485359e189284ce82b7f0b8652b888e29d2a"
"data/operations/phase_8_2_1d_repair_input/repo/data/terminal2/master_secret_lair/cache/12a1deb931e3079e44872d5668ca108852a6d4451cf110da12b255aa11deb3e7.json","STRUCTURAL_FEATURES","False","True","False","NOT_IN_OPENING_INVENTORY","PRESERVE_LEGACY_EVIDENCE","PRESERVE_LEGACY_EVIDENCE","LEGACY_MODEL_FORECAST_RANKING","Legacy modeling, forecasting, or ranking evidence must remain preserved but cannot become V1 authority without the governed tournament and certification sequence.","False","False","False","False","False","0b927a96a20d40a174c3aff5ca3db3a8e022548975214f005839602268ebcc82"
"data/operations/phase_8_2_1d_repair_input/repo/data/terminal2/master_secret_lair/cache/1ae8b6403ab8a41b6331ffa7b4bd8515bbc5810f789cff08f6810245fcdca515.json","STRUCTURAL_FEATURES","False","True","False","NOT_IN_OPENING_INVENTORY","HIGH_PRIORITY_REVIEW","PRESERVE_LEGACY_EVIDENCE","IGNORED_RUNTIME_OR_GENERATED_EVIDENCE","Local ignored/runtime evidence is preserved for lineage and empirical review but is not promoted to production authority.","False","False","False","False","False","7d10c79079c660287d952aa8c877a0886eef47c84e27eeb8c1d4d7e3d849d8ad"
"data/operations/phase_8_2_1d_repair_input/repo/data/terminal2/master_secret_lair/cache/1bbfd1ffb93ecd8518b16dea653cc073365dd1f4e47bc38d9dd366a32fc31d40.json","STRUCTURAL_FEATURES","False","True","False","NOT_IN_OPENING_INVENTORY","HIGH_PRIORITY_REVIEW","PRESERVE_LEGACY_EVIDENCE","IGNORED_RUNTIME_OR_GENERATED_EVIDENCE","Local ignored/runtime evidence is preserved for lineage and empirical review but is not promoted to production authority.","False","False","False","False","False","7155229f2d48867a93815a074a83ca785289e8ead919f91474ee1459c575c11b"
"data/operations/phase_8_2_1d_repair_input/repo/data/terminal2/master_secret_lair/cache/1d469c1c2bdfd0f186d09343951c90a8243d6f59fb07aada204f257b801a756b.json","STRUCTURAL_FEATURES","False","True","False","NOT_IN_OPENING_INVENTORY","HIGH_PRIORITY_REVIEW","PRESERVE_LEGACY_EVIDENCE","IGNORED_RUNTIME_OR_GENERATED_EVIDENCE","Local ignored/runtime evidence is preserved for lineage and empirical review but is not promoted to production authority.","False","False","False","False","False","ba74a056fb773375b2ee385db46f17a6f46031958804a284058044c6a1bf70fc"
"data/operations/phase_8_2_1d_repair_input/repo/data/terminal2/master_secret_lair/cache/26b74554ee4c014165c3ceeb9cdf209c0113bf51618737578f6941fa7a7312fa.json","STRUCTURAL_FEATURES","False","True","False","NOT_IN_OPENING_INVENTORY","PRESERVE_LEGACY_EVIDENCE","PRESERVE_LEGACY_EVIDENCE","LEGACY_MODEL_FORECAST_RANKING","Legacy modeling, forecasting, or ranking evidence must remain preserved but cannot become V1 authority without the governed tournament and certification sequence.","False","False","False","False","False","470f963d8a36bb75f063c544b960de11f892b1d6fc2a4786673bd8dd6d3f5879"
"data/operations/phase_8_2_1d_repair_input/repo/data/terminal2/master_secret_lair/cache/29487b57cd3e2220ce5cdbf64e68aee939ea245812a3acb274cfa3f92ac465a1.json","STRUCTURAL_FEATURES","False","True","False","NOT_IN_OPENING_INVENTORY","HIGH_PRIORITY_REVIEW","PRESERVE_LEGACY_EVIDENCE","IGNORED_RUNTIME_OR_GENERATED_EVIDENCE","Local ignored/runtime evidence is preserved for lineage and empirical review but is not promoted to production authority.","False","False","False","False","False","b99c978ef58d07e1fda5d6070636b343e08eb5f2718e3de796ca201867f7d11d"
"data/operations/phase_8_2_1d_repair_input/repo/data/terminal2/master_secret_lair/cache/294a46f297f12f5d6f02bdfdad896fe1e6f8468bd3e54c81e1b2ac019c07b48c.json","STRUCTURAL_FEATURES","False","True","False","NOT_IN_OPENING_INVENTORY","HIGH_PRIORITY_REVIEW","PRESERVE_LEGACY_EVIDENCE","IGNORED_RUNTIME_OR_GENERATED_EVIDENCE","Local ignored/runtime evidence is preserved for lineage and empirical review but is not promoted to production authority.","False","False","False","False","False","be473ade287876420656549750e71ea903c2f5c0a8541d2f5876528f29c1dea6"
"data/operations/phase_8_2_1d_repair_input/repo/data/terminal2/master_secret_lair/cache/2e56ac2fb992211f3baac8fe0ecbe7cefea3d9680ff6977e66dcb116dc2c7d2f.json","STRUCTURAL_FEATURES","False","True","False","NOT_IN_OPENING_INVENTORY","PRESERVE_LEGACY_EVIDENCE","PRESERVE_LEGACY_EVIDENCE","LEGACY_MODEL_FORECAST_RANKING","Legacy modeling, forecasting, or ranking evidence must remain preserved but cannot become V1 authority without the governed tournament and certification sequence.","False","False","False","False","False","05cc79051dcba322a1e71528b61146dd591a196f2f86cd36d039572d17189f95"
"data/operations/phase_8_2_1d_repair_input/repo/data/terminal2/master_secret_lair/cache/368fc80d593b395bd537a735e96e99f96073401c5f5e3083553e955bbff55022.json","STRUCTURAL_FEATURES","False","True","False","NOT_IN_OPENING_INVENTORY","PRESERVE_LEGACY_EVIDENCE","PRESERVE_LEGACY_EVIDENCE","LEGACY_MODEL_FORECAST_RANKING","Legacy modeling, forecasting, or ranking evidence must remain preserved but cannot become V1 authority without the governed tournament and certification sequence.","False","False","False","False","False","029f44c80266435c147482cca058c9e0923fee803bec5a094de22ecc346a03e0"
"data/operations/phase_8_2_1d_repair_input/repo/data/terminal2/master_secret_lair/cache/379b4315e593006e7aa79771ae789518c0ff8eaa1b872477552e056b8fc16723.json","STRUCTURAL_FEATURES","False","True","False","NOT_IN_OPENING_INVENTORY","PRESERVE_LEGACY_EVIDENCE","PRESERVE_LEGACY_EVIDENCE","LEGACY_MODEL_FORECAST_RANKING","Legacy modeling, forecasting, or ranking evidence must remain preserved but cannot become V1 authority without the governed tournament and certification sequence.","False","False","False","False","False","66a5578000243d081075ae17497c42af6902ae8fc2cbcc0af804cd5ae8aec210"
"data/operations/phase_8_2_1d_repair_input/repo/data/terminal2/master_secret_lair/cache/3958acf1cb08e73d6576996e333f51c89ba4c85bcaaf6619e213cfac648782a2.json","STRUCTURAL_FEATURES","False","True","False","NOT_IN_OPENING_INVENTORY","PRESERVE_LEGACY_EVIDENCE","PRESERVE_LEGACY_EVIDENCE","LEGACY_MODEL_FORECAST_RANKING","Legacy modeling, forecasting, or ranking evidence must remain preserved but cannot become V1 authority without the governed tournament and certification sequence.","False","False","False","False","False","2efd88549529970dc7c37042d6ecd52a9309b006c03091cf02fe12502c2a786c"
"data/operations/phase_8_2_1d_repair_input/repo/data/terminal2/master_secret_lair/cache/41938533ec0363b0b150604f71baa69a4bc1c32da1cbb799ddda36df0b2dbff2.json","STRUCTURAL_FEATURES","False","True","False","NOT_IN_OPENING_INVENTORY","PRESERVE_LEGACY_EVIDENCE","PRESERVE_LEGACY_EVIDENCE","LEGACY_MODEL_FORECAST_RANKING","Legacy modeling, forecasting, or ranking evidence must remain preserved but cannot become V1 authority without the governed tournament and certification sequence.","False","False","False","False","False","aef713eac6cbf47757d085927920726b45e7dad8de6a4cf1fb6c3bda0a513e0a"
"data/operations/phase_8_2_1d_repair_input/repo/data/terminal2/master_secret_lair/cache/45f67ff5ee279b11689d6e10b3cb56225c1f97d68a82282240b85f468ce951d3.json","STRUCTURAL_FEATURES","False","True","False","NOT_IN_OPENING_INVENTORY","PRESERVE_LEGACY_EVIDENCE","PRESERVE_LEGACY_EVIDENCE","LEGACY_MODEL_FORECAST_RANKING","Legacy modeling, forecasting, or ranking evidence must remain preserved but cannot become V1 authority without the governed tournament and certification sequence.","False","False","False","False","False","1e41238a404e8672073124d3428a536363beef1a8997dc6a363dae7a58f6ad6a"
"data/operations/phase_8_2_1d_repair_input/repo/data/terminal2/master_secret_lair/cache/5353d8413c7f07f902292c8ba9e10113420437592f52e1a1a9721d8f91dbb54f.json","STRUCTURAL_FEATURES","False","True","False","NOT_IN_OPENING_INVENTORY","PRESERVE_LEGACY_EVIDENCE","PRESERVE_LEGACY_EVIDENCE","LEGACY_MODEL_FORECAST_RANKING","Legacy modeling, forecasting, or ranking evidence must remain preserved but cannot become V1 authority without the governed tournament and certification sequence.","False","False","False","False","False","84842d7f92f56da63cb670cad4fd587ca87f849caedb184209b3f77d36e7f2a7"
"data/operations/phase_8_2_1d_repair_input/repo/data/terminal2/master_secret_lair/cache/53c752f5e38069d1b216101499f63a65eef3a12eaaf721b5cfa57db5c742a7d3.json","STRUCTURAL_FEATURES","False","True","False","NOT_IN_OPENING_INVENTORY","PRESERVE_LEGACY_EVIDENCE","PRESERVE_LEGACY_EVIDENCE","LEGACY_MODEL_FORECAST_RANKING","Legacy modeling, forecasting, or ranking evidence must remain preserved but cannot become V1 authority without the governed tournament and certification sequence.","False","False","False","False","False","7f2951b1de219952e26dc85c4d9dd11f4ac570122e8cced94e1d0b6c4117998e"
"data/operations/phase_8_2_1d_repair_input/repo/data/terminal2/master_secret_lair/cache/561ca9d535b6ab9ba31f4b473c717eb11e251f2952418230470ddfdcc7e960a9.json","STRUCTURAL_FEATURES","False","True","False","NOT_IN_OPENING_INVENTORY","HIGH_PRIORITY_REVIEW","PRESERVE_LEGACY_EVIDENCE","IGNORED_RUNTIME_OR_GENERATED_EVIDENCE","Local ignored/runtime evidence is preserved for lineage and empirical review but is not promoted to production authority.","False","False","False","False","False","b11c15e79166a4a558e119fc5d8f88ab280cbbe6d169fbb15181982acfdc8014"
"data/operations/phase_8_2_1d_repair_input/repo/data/terminal2/master_secret_lair/cache/5b79ea8de72d640f612413ede09207cfcfe26633eb70ffb090623cad86177452.json","STRUCTURAL_FEATURES","False","True","False","NOT_IN_OPENING_INVENTORY","HIGH_PRIORITY_REVIEW","PRESERVE_LEGACY_EVIDENCE","IGNORED_RUNTIME_OR_GENERATED_EVIDENCE","Local ignored/runtime evidence is preserved for lineage and empirical review but is not promoted to production authority.","False","False","False","False","False","7a4c25b9f5028f9975c81fee93f3d2214b622bb170f0a5a9c4027fbc4c54a219"
"data/operations/phase_8_2_1d_repair_input/repo/data/terminal2/master_secret_lair/cache/60794f2d3e59be7d8a77ea744c0fb975eb82cb4ea605299c317a6a4087091ccf.json","STRUCTURAL_FEATURES","False","True","False","NOT_IN_OPENING_INVENTORY","PRESERVE_LEGACY_EVIDENCE","PRESERVE_LEGACY_EVIDENCE","LEGACY_MODEL_FORECAST_RANKING","Legacy modeling, forecasting, or ranking evidence must remain preserved but cannot become V1 authority without the governed tournament and certification sequence.","False","False","False","False","False","834a80d9defecf218d736abbb427e0ab4bb73cee691dd192c4da605b83b97b49"
"data/operations/phase_8_2_1d_repair_input/repo/data/terminal2/master_secret_lair/cache/64b787569aeafeb6f1bb0cbedf62f7ec4fb7ca0f2940e499f39123f1025727d9.json","STRUCTURAL_FEATURES","False","True","False","NOT_IN_OPENING_INVENTORY","HIGH_PRIORITY_REVIEW","PRESERVE_LEGACY_EVIDENCE","IGNORED_RUNTIME_OR_GENERATED_EVIDENCE","Local ignored/runtime evidence is preserved for lineage and empirical review but is not promoted to production authority.","False","False","False","False","False","bc3b51c870068d464fb7ad0ce72473af9db15fe19b6d9ffb8263648ca34bb744"
"data/operations/phase_8_2_1d_repair_input/repo/data/terminal2/master_secret_lair/cache/6c4be7c171ead2ab5f3e6cde3d86d2af2098ef5fba49291e23ab4f9de9718d19.json","STRUCTURAL_FEATURES","False","True","False","NOT_IN_OPENING_INVENTORY","HIGH_PRIORITY_REVIEW","PRESERVE_LEGACY_EVIDENCE","IGNORED_RUNTIME_OR_GENERATED_EVIDENCE","Local ignored/runtime evidence is preserved for lineage and empirical review but is not promoted to production authority.","False","False","False","False","False","02c3a0b6503fc3c4c8caaacd0f2dc9fc127d8966ad372d845c7dbffd116013cc"
"data/operations/phase_8_2_1d_repair_input/repo/data/terminal2/master_secret_lair/cache/7bdb2d78dbadf437286874cfd12dd3bd8611fa977ae63946b68e54f4e7e4a8fe.json","STRUCTURAL_FEATURES","False","True","False","NOT_IN_OPENING_INVENTORY","PRESERVE_LEGACY_EVIDENCE","PRESERVE_LEGACY_EVIDENCE","LEGACY_MODEL_FORECAST_RANKING","Legacy modeling, forecasting, or ranking evidence must remain preserved but cannot become V1 authority without the governed tournament and certification sequence.","False","False","False","False","False","83e230158ba03a003383a32e70362ae5ba1bc1ad511827f44f52997dcffad993"
"data/operations/phase_8_2_1d_repair_input/repo/data/terminal2/master_secret_lair/cache/86931d1de59ab3c79496bedecf586a165ade822d72c983c9298ff34d36b91005.json","STRUCTURAL_FEATURES","False","True","False","NOT_IN_OPENING_INVENTORY","HIGH_PRIORITY_GOVERNANCE_REVIEW","PRESERVE_LEGACY_EVIDENCE","IGNORED_RUNTIME_OR_GENERATED_EVIDENCE","Local ignored/runtime evidence is preserved for lineage and empirical review but is not promoted to production authority.","False","False","False","False","False","281e23a639e20e696b5ae5dc35ee254d0d2733e178c0756ed3686dfb62221628"
"data/operations/phase_8_2_1d_repair_input/repo/data/terminal2/master_secret_lair/cache/86995d19d9ce78e2fc222268dc99b09ec8fec83b8eea0fe0e2680ce452420135.json","STRUCTURAL_FEATURES","False","True","False","NOT_IN_OPENING_INVENTORY","HIGH_PRIORITY_REVIEW","PRESERVE_LEGACY_EVIDENCE","IGNORED_RUNTIME_OR_GENERATED_EVIDENCE","Local ignored/runtime evidence is preserved for lineage and empirical review but is not promoted to production authority.","False","False","False","False","False","55ab8cd89e8f5f8e6c53186238ac753d4a4083a742b354a289c67ac51921f83e"
"data/operations/phase_8_2_1d_repair_input/repo/data/terminal2/master_secret_lair/cache/8862d9cc7d9ba28441cd98904b488ab98effcf973d0b05e4f8caf10be2fc7731.json","STRUCTURAL_FEATURES","False","True","False","NOT_IN_OPENING_INVENTORY","PRESERVE_LEGACY_EVIDENCE","PRESERVE_LEGACY_EVIDENCE","LEGACY_MODEL_FORECAST_RANKING","Legacy modeling, forecasting, or ranking evidence must remain preserved but cannot become V1 authority without the governed tournament and certification sequence.","False","False","False","False","False","38854064738edfcf65a5651bef9b9959ab534963a0d46f670fca3051a23b6e1f"
"data/operations/phase_8_2_1d_repair_input/repo/data/terminal2/master_secret_lair/cache/88f016557ccd54ed17f9a2dd78906b620506eabfe3d295e28d32b19d63fabf3f.json","STRUCTURAL_FEATURES","False","True","False","NOT_IN_OPENING_INVENTORY","PRESERVE_LEGACY_EVIDENCE","PRESERVE_LEGACY_EVIDENCE","LEGACY_MODEL_FORECAST_RANKING","Legacy modeling, forecasting, or ranking evidence must remain preserved but cannot become V1 authority without the governed tournament and certification sequence.","False","False","False","False","False","ecf27403206325b6db93a406a4dc035cbe88db19c06411d3bdfa60109ebca5cb"
"data/operations/phase_8_2_1d_repair_input/repo/data/terminal2/master_secret_lair/cache/8a531f1085018ef800a60303e5febf78c183b18562d2d3be4c2965d4cab61f8e.json","STRUCTURAL_FEATURES","False","True","False","NOT_IN_OPENING_INVENTORY","PRESERVE_LEGACY_EVIDENCE","PRESERVE_LEGACY_EVIDENCE","LEGACY_MODEL_FORECAST_RANKING","Legacy modeling, forecasting, or ranking evidence must remain preserved but cannot become V1 authority without the governed tournament and certification sequence.","False","False","False","False","False","572c0ffda96d1276e3525155bf8f530dc353da14f971c2ca54c8b11a87353bfe"
"data/operations/phase_8_2_1d_repair_input/repo/data/terminal2/master_secret_lair/cache/8aec6d881fca021a2083544894b6953d8b44cbafc5188f7fc0bf9ab9f6059180.json","STRUCTURAL_FEATURES","False","True","False","NOT_IN_OPENING_INVENTORY","PRESERVE_LEGACY_EVIDENCE","PRESERVE_LEGACY_EVIDENCE","LEGACY_MODEL_FORECAST_RANKING","Legacy modeling, forecasting, or ranking evidence must remain preserved but cannot become V1 authority without the governed tournament and certification sequence.","False","False","False","False","False","fce730e1d07a8abe0b9f048fd6c30865c5b6d2175308327cb3caf4705fe98d32"
"data/operations/phase_8_2_1d_repair_input/repo/data/terminal2/master_secret_lair/cache/8c706f429feef06872255c789dfd6e655e1dead8823399fc1530bb5c75a3376b.json","STRUCTURAL_FEATURES","False","True","False","NOT_IN_OPENING_INVENTORY","PRESERVE_LEGACY_EVIDENCE","PRESERVE_LEGACY_EVIDENCE","LEGACY_MODEL_FORECAST_RANKING","Legacy modeling, forecasting, or ranking evidence must remain preserved but cannot become V1 authority without the governed tournament and certification sequence.","False","False","False","False","False","bffcb17a7d5923cc013c32ce0c71b66710f5ba72b185d9e0c8b271f078fdefb9"
"data/operations/phase_8_2_1d_repair_input/repo/data/terminal2/master_secret_lair/cache/af185ebabe7126f525fb873b49307d41848eabd397d18185b32705913317629e.json","STRUCTURAL_FEATURES","False","True","False","NOT_IN_OPENING_INVENTORY","HIGH_PRIORITY_REVIEW","PRESERVE_LEGACY_EVIDENCE","IGNORED_RUNTIME_OR_GENERATED_EVIDENCE","Local ignored/runtime evidence is preserved for lineage and empirical review but is not promoted to production authority.","False","False","False","False","False","3ae4040b724746f48ae8e7755bf2da282d6e4d39932f53f5c6dd85ede94900e4"
"data/operations/phase_8_2_1d_repair_input/repo/data/terminal2/master_secret_lair/cache/b02b47915b9f77b08f64e7d43757740df013e67cb540eaa11304a4cd68397372.json","STRUCTURAL_FEATURES","False","True","False","NOT_IN_OPENING_INVENTORY","PRESERVE_LEGACY_EVIDENCE","PRESERVE_LEGACY_EVIDENCE","LEGACY_MODEL_FORECAST_RANKING","Legacy modeling, forecasting, or ranking evidence must remain preserved but cannot become V1 authority without the governed tournament and certification sequence.","False","False","False","False","False","a1352eee0fca8947d59519fd7bf304f09249a8e67c135144460577337d363cc0"
"data/operations/phase_8_2_1d_repair_input/repo/data/terminal2/master_secret_lair/cache/b1acb6584b047778b0511ea2edf948253a97e7253df8faf7c4985abe2d589701.json","STRUCTURAL_FEATURES","False","True","False","NOT_IN_OPENING_INVENTORY","HIGH_PRIORITY_REVIEW","PRESERVE_LEGACY_EVIDENCE","IGNORED_RUNTIME_OR_GENERATED_EVIDENCE","Local ignored/runtime evidence is preserved for lineage and empirical review but is not promoted to production authority.","False","False","False","False","False","aa5777211bfb07a8284ea34c16d900c1a4e32249f7b9a64535151062b0c91101"
"data/operations/phase_8_2_1d_repair_input/repo/data/terminal2/master_secret_lair/cache/b1f4ebaa904827ac7e9ea9d5b5650f1ccca58ebe231508ffc98efe878a1c6456.json","STRUCTURAL_FEATURES","False","True","False","NOT_IN_OPENING_INVENTORY","HIGH_PRIORITY_REVIEW","PRESERVE_LEGACY_EVIDENCE","IGNORED_RUNTIME_OR_GENERATED_EVIDENCE","Local ignored/runtime evidence is preserved for lineage and empirical review but is not promoted to production authority.","False","False","False","False","False","135cc4f3ecc4746708b66e6e2d99cf03cc92d07170e87b2162df8c4e406496c6"
"data/operations/phase_8_2_1d_repair_input/repo/data/terminal2/master_secret_lair/cache/b83e80c8096f3ec790e6e028c9e2593e827fa3cc963bfae10bcf45a158b5e796.json","STRUCTURAL_FEATURES","False","True","False","NOT_IN_OPENING_INVENTORY","PRESERVE_LEGACY_EVIDENCE","PRESERVE_LEGACY_EVIDENCE","LEGACY_MODEL_FORECAST_RANKING","Legacy modeling, forecasting, or ranking evidence must remain preserved but cannot become V1 authority without the governed tournament and certification sequence.","False","False","False","False","False","15bbfd73efb6e96e674bf595e51dd2a2d790c4440cef64c60d133ac086ffd2cc"
"data/operations/phase_8_2_1d_repair_input/repo/data/terminal2/master_secret_lair/cache/c508e04dc5f8816feeb68108bd8210efc741c185e97bed8639ce42d749dcd211.json","STRUCTURAL_FEATURES","False","True","False","NOT_IN_OPENING_INVENTORY","PRESERVE_LEGACY_EVIDENCE","PRESERVE_LEGACY_EVIDENCE","LEGACY_MODEL_FORECAST_RANKING","Legacy modeling, forecasting, or ranking evidence must remain preserved but cannot become V1 authority without the governed tournament and certification sequence.","False","False","False","False","False","773213b03ec33efb87042a33d71938f21098fbb472cfe7b776656ee95722e67a"
"data/operations/phase_8_2_1d_repair_input/repo/data/terminal2/master_secret_lair/cache/c81eb5d92aee1aa6b03801898f29aa2f2f6d81621d17d79db0c40ebac436a072.json","STRUCTURAL_FEATURES","False","True","False","NOT_IN_OPENING_INVENTORY","PRESERVE_LEGACY_EVIDENCE","PRESERVE_LEGACY_EVIDENCE","LEGACY_MODEL_FORECAST_RANKING","Legacy modeling, forecasting, or ranking evidence must remain preserved but cannot become V1 authority without the governed tournament and certification sequence.","False","False","False","False","False","b960bb4d4cbb0c6e00f31cfb3b00f4c1b6e99d41f7f33dce4366ac78eee7aa15"
"data/operations/phase_8_2_1d_repair_input/repo/data/terminal2/master_secret_lair/cache/d4b96a6b829a3f735574d890088a0427cacc49535e7a392240521c556da26cb7.json","STRUCTURAL_FEATURES","False","True","False","NOT_IN_OPENING_INVENTORY","HIGH_PRIORITY_REVIEW","PRESERVE_LEGACY_EVIDENCE","IGNORED_RUNTIME_OR_GENERATED_EVIDENCE","Local ignored/runtime evidence is preserved for lineage and empirical review but is not promoted to production authority.","False","False","False","False","False","1d9b9139537e39d4b886198f7dbb19528ac8192391349bcc8183421d459281f6"
"data/operations/phase_8_2_1d_repair_input/repo/data/terminal2/master_secret_lair/cache/d838d54638f9dc024af57b5f70902818af8d218ccde1695bf64293dd8044b37e.json","STRUCTURAL_FEATURES","False","True","False","NOT_IN_OPENING_INVENTORY","PRESERVE_LEGACY_EVIDENCE","PRESERVE_LEGACY_EVIDENCE","LEGACY_MODEL_FORECAST_RANKING","Legacy modeling, forecasting, or ranking evidence must remain preserved but cannot become V1 authority without the governed tournament and certification sequence.","False","False","False","False","False","47ef8dd435cbdf96418ba1e8b1d6089f7d739fba58c7702bcb8a69b5a72b89b0"
"data/operations/phase_8_2_1d_repair_input/repo/data/terminal2/master_secret_lair/cache/dc66d00e9137089de468902bae6f3e4d5421c84543e0c057c768c32066b675d6.json","STRUCTURAL_FEATURES","False","True","False","NOT_IN_OPENING_INVENTORY","PRESERVE_LEGACY_EVIDENCE","PRESERVE_LEGACY_EVIDENCE","LEGACY_MODEL_FORECAST_RANKING","Legacy modeling, forecasting, or ranking evidence must remain preserved but cannot become V1 authority without the governed tournament and certification sequence.","False","False","False","False","False","f38e76a019153e202b52247372a3f3cc099ed8e31ba21e3ebbf5c7e0f15544f4"
"data/operations/phase_8_2_1d_repair_input/repo/data/terminal2/master_secret_lair/cache/ddf723c2acbcb799eed057734ea98fc306cba235420c329d3f163a463a887dda.json","STRUCTURAL_FEATURES","False","True","False","NOT_IN_OPENING_INVENTORY","HIGH_PRIORITY_REVIEW","PRESERVE_LEGACY_EVIDENCE","IGNORED_RUNTIME_OR_GENERATED_EVIDENCE","Local ignored/runtime evidence is preserved for lineage and empirical review but is not promoted to production authority.","False","False","False","False","False","563d5dfbacf2cdc98126d5d3d78d764ae33e18954b10155d7eaf5e27e2c38d98"
"data/operations/phase_8_2_1d_repair_input/repo/data/terminal2/master_secret_lair/cache/de0135ae92d4e5eccd587b646c8fbc61d6e54473dc13328848efc95a4b1a7fe8.json","STRUCTURAL_FEATURES","False","True","False","NOT_IN_OPENING_INVENTORY","HIGH_PRIORITY_REVIEW","PRESERVE_LEGACY_EVIDENCE","IGNORED_RUNTIME_OR_GENERATED_EVIDENCE","Local ignored/runtime evidence is preserved for lineage and empirical review but is not promoted to production authority.","False","False","False","False","False","1eeae9b520977778fd866609f2d12d8ee8c6436db71e112e471737616b891140"
"data/operations/phase_8_2_1d_repair_input/repo/data/terminal2/master_secret_lair/cache/de4ee67dca4d1d1bc9ecbb45cfa74810194facaf3bc255c9a7fdcb5cc91d4fef.json","STRUCTURAL_FEATURES","False","True","False","NOT_IN_OPENING_INVENTORY","HIGH_PRIORITY_REVIEW","PRESERVE_LEGACY_EVIDENCE","IGNORED_RUNTIME_OR_GENERATED_EVIDENCE","Local ignored/runtime evidence is preserved for lineage and empirical review but is not promoted to production authority.","False","False","False","False","False","6dceda67f58a93151d61fef946f0adec2ae64cb726490303939fe2f1bee200ae"
"data/operations/phase_8_2_1d_repair_input/repo/data/terminal2/master_secret_lair/cache/e00ddbe3c56ffd56d60d97f9056d67ca39a7c88c3f3c38d8a882ac9d6d75be2c.json","STRUCTURAL_FEATURES","False","True","False","NOT_IN_OPENING_INVENTORY","PRESERVE_LEGACY_EVIDENCE","PRESERVE_LEGACY_EVIDENCE","LEGACY_MODEL_FORECAST_RANKING","Legacy modeling, forecasting, or ranking evidence must remain preserved but cannot become V1 authority without the governed tournament and certification sequence.","False","False","False","False","False","f4378d1084e24acf7dd6fe8c5d35366ff05df4a790bbd7c59b8e1268b1c5fd74"
"data/operations/phase_8_2_1d_repair_input/repo/data/terminal2/master_secret_lair/cache/e99b24aa3d5b551e7aba24c9dd45177a07d88a2d5c3d3d35eb45bf9be2bcaaee.json","STRUCTURAL_FEATURES","False","True","False","NOT_IN_OPENING_INVENTORY","HIGH_PRIORITY_REVIEW","PRESERVE_LEGACY_EVIDENCE","IGNORED_RUNTIME_OR_GENERATED_EVIDENCE","Local ignored/runtime evidence is preserved for lineage and empirical review but is not promoted to production authority.","False","False","False","False","False","7905e5f3cbcdc353d5e47526c88daec4eba744cff1f9d4ceff4df46b9cfb5630"
"data/operations/phase_8_2_1d_repair_input/repo/data/terminal2/master_secret_lair/cache/eece269f73aeabaa4ec14f1ac9db477ff7060b62a1e8c2b64b971889f015898c.json","STRUCTURAL_FEATURES","False","True","False","NOT_IN_OPENING_INVENTORY","PRESERVE_LEGACY_EVIDENCE","PRESERVE_LEGACY_EVIDENCE","LEGACY_MODEL_FORECAST_RANKING","Legacy modeling, forecasting, or ranking evidence must remain preserved but cannot become V1 authority without the governed tournament and certification sequence.","False","False","False","False","False","cace5f38caeb54822406095f5ee5b618cd4fe370e6e26eb0997cc8334ff37120"
"data/operations/phase_8_2_1d_repair_input/repo/data/terminal2/master_secret_lair/cache/f5241f028ec06d59b848757215c6e5d01254b71570b25612282bc90b6a9e4a36.json","STRUCTURAL_FEATURES","False","True","False","NOT_IN_OPENING_INVENTORY","PRESERVE_LEGACY_EVIDENCE","PRESERVE_LEGACY_EVIDENCE","LEGACY_MODEL_FORECAST_RANKING","Legacy modeling, forecasting, or ranking evidence must remain preserved but cannot become V1 authority without the governed tournament and certification sequence.","False","False","False","False","False","69a692a9e293d17b9e3580b712619f614d46863af0168f729a0abb917286a4f9"
"data/operations/phase_8_2_1d_repair_input/repo/data/terminal2/master_secret_lair/cache/fa4d941db6686ea5ca71e26a52880b2899a50743d8ce248c7100ab29c0440c22.json","STRUCTURAL_FEATURES","False","True","False","NOT_IN_OPENING_INVENTORY","PRESERVE_LEGACY_EVIDENCE","PRESERVE_LEGACY_EVIDENCE","LEGACY_MODEL_FORECAST_RANKING","Legacy modeling, forecasting, or ranking evidence must remain preserved but cannot become V1 authority without the governed tournament and certification sequence.","False","False","False","False","False","2149c93220f66c835e85d63c7e5838b24cc1480c847b5ffeae556757d2efa6ed"
"data/operations/phase_8_2_1d_repair_input/repo/data/validation/phase_10/ebay_matching/production_refresh/full_model_evaluation/secret_lair_full_forecast_inputs.csv","IDENTITY_MATCHING","False","True","False","NOT_IN_OPENING_INVENTORY","PRESERVE_LEGACY_EVIDENCE","PRESERVE_LEGACY_EVIDENCE","LEGACY_MODEL_FORECAST_RANKING","Legacy modeling, forecasting, or ranking evidence must remain preserved but cannot become V1 authority without the governed tournament and certification sequence.","False","False","False","False","False","0b5d758b8a75d605d55ce7fbd897fb2a47d714db89ff3f22a7068f5c1f944832"
"data/operations/phase_8_2_1d_repair_input/repo/data/validation/phase_10/ebay_matching/production_refresh/full_model_evaluation/secret_lair_full_model_evaluation.csv","IDENTITY_MATCHING","False","True","False","NOT_IN_OPENING_INVENTORY","PRESERVE_LEGACY_EVIDENCE","PRESERVE_LEGACY_EVIDENCE","LEGACY_MODEL_FORECAST_RANKING","Legacy modeling, forecasting, or ranking evidence must remain preserved but cannot become V1 authority without the governed tournament and certification sequence.","False","False","False","False","False","4d3c3cd13c318bfafbb978696356005854c2a43f3aa6b271be282c65f6a99c99"
"data/operations/phase_8_2_1d_repair_input/repo/data/validation/phase_10/premium_universe_eligibility/secret_lair_complete_universe_working.csv","INTEGRATION_EXPORT","False","True","False","NOT_IN_OPENING_INVENTORY","REUSE_OR_ADAPT_CANDIDATE","PRESERVE_LEGACY_EVIDENCE","IGNORED_RUNTIME_OR_GENERATED_EVIDENCE","Local ignored/runtime evidence is preserved for lineage and empirical review but is not promoted to production authority.","False","False","False","False","False","31225edec20e5db515e15a2c168742de8e8c4861b6b0056e039bdff917ec00a0"
"data/operations/phase_8_2_1d_repair_input/repo/data/validation/phase_10/premium_universe_eligibility/secret_lair_master_governed_universe.csv","STRUCTURAL_FEATURES","False","True","False","NOT_IN_OPENING_INVENTORY","REUSE_OR_ADAPT_CANDIDATE","PRESERVE_LEGACY_EVIDENCE","IGNORED_RUNTIME_OR_GENERATED_EVIDENCE","Local ignored/runtime evidence is preserved for lineage and empirical review but is not promoted to production authority.","False","False","False","False","False","6ca3c7e43644061ccce3c5c5fa6028593d52448c5641149e19944a085a0fcb0c"
"data/operations/phase_8_2_1d_repair_input/repo/data/validation/phase_10/premium_universe_eligibility/secret_lair_master_registry_ready_universe.csv","IDENTITY_REGISTRY","False","True","False","NOT_IN_OPENING_INVENTORY","ADAPT_CANDIDATE","PRESERVE_LEGACY_EVIDENCE","IGNORED_RUNTIME_OR_GENERATED_EVIDENCE","Local ignored/runtime evidence is preserved for lineage and empirical review but is not promoted to production authority.","False","False","False","False","False","1934cb617bcbdb1c306c6bc49fbadd4d65e4d430c1723fd3f60243f1eebea588"
"data/operations/phase_8_2_1d_repair_input/repo/data/validation/phase_10/premium_universe_eligibility/secret_lair_master_review_required_universe.csv","STRUCTURAL_FEATURES","False","True","False","NOT_IN_OPENING_INVENTORY","REUSE_OR_ADAPT_CANDIDATE","PRESERVE_LEGACY_EVIDENCE","IGNORED_RUNTIME_OR_GENERATED_EVIDENCE","Local ignored/runtime evidence is preserved for lineage and empirical review but is not promoted to production authority.","False","False","False","False","False","baffe3a09456600e33c0d982adfeb4558a1a237715ad61fff14cca43a0c7fb87"
"data/operations/phase_8_2_1d_repair_input/repo/data/validation/phase_10/premium_universe_eligibility/secret_lair_structural_candidates_2026-07-22.csv","STRUCTURAL_FEATURES","False","True","False","NOT_IN_OPENING_INVENTORY","REUSE_OR_ADAPT_CANDIDATE","PRESERVE_LEGACY_EVIDENCE","IGNORED_RUNTIME_OR_GENERATED_EVIDENCE","Local ignored/runtime evidence is preserved for lineage and empirical review but is not promoted to production authority.","False","False","False","False","False","b150151295306d36519c116ce8358e15adddefe89cbfdb0616c5c8cd98b9f6db"
"data/operations/phase_8_2_1d_repair_input/repo/data/validation/phase_10/premium_universe_eligibility/secret_lair_universe_additions.csv","INTEGRATION_EXPORT","False","True","False","NOT_IN_OPENING_INVENTORY","REUSE_OR_ADAPT_CANDIDATE","PRESERVE_LEGACY_EVIDENCE","IGNORED_RUNTIME_OR_GENERATED_EVIDENCE","Local ignored/runtime evidence is preserved for lineage and empirical review but is not promoted to production authority.","False","False","False","False","False","363cebf5b459e1e32c93430f14e756d2999051597fab19074c5c2aba7757772b"
"data/operations/phase_8_2_1d_repair_input/repo/data/validation/phase_10/secret_lair_reconstruction/secret_lair_confirmed_component_map_01_2026-07-22.csv","INTEGRATION_EXPORT","False","True","False","NOT_IN_OPENING_INVENTORY","HIGH_PRIORITY_GOVERNANCE_REVIEW","PRESERVE_LEGACY_EVIDENCE","IGNORED_RUNTIME_OR_GENERATED_EVIDENCE","Local ignored/runtime evidence is preserved for lineage and empirical review but is not promoted to production authority.","False","False","False","False","False","91f727bb58d72c2f3d4fa64703167786fe37c89a762026152f709a44348b8210"
"data/operations/phase_8_2_1d_repair_input/repo/data/validation/phase_10/secret_lair_reconstruction/secret_lair_confirmed_component_map_02a_2026-07-22.csv","INTEGRATION_EXPORT","False","True","False","NOT_IN_OPENING_INVENTORY","HIGH_PRIORITY_GOVERNANCE_REVIEW","PRESERVE_LEGACY_EVIDENCE","IGNORED_RUNTIME_OR_GENERATED_EVIDENCE","Local ignored/runtime evidence is preserved for lineage and empirical review but is not promoted to production authority.","False","False","False","False","False","c14a6b4fa092e59b4d2934279f75f0915c33349a3ff59f6fdcae19ac416490d0"
"data/operations/phase_8_2_1d_repair_input/repo/data/validation/phase_10/secret_lair_reconstruction/secret_lair_official_bundle_evidence_seed_01_2026-07-22.csv","INTEGRATION_EXPORT","False","True","False","NOT_IN_OPENING_INVENTORY","ADAPT_CANDIDATE","PRESERVE_LEGACY_EVIDENCE","IGNORED_RUNTIME_OR_GENERATED_EVIDENCE","Local ignored/runtime evidence is preserved for lineage and empirical review but is not promoted to production authority.","False","False","False","False","False","6f85c41173a95dd61d6c008ff0bf9d4c47eeb9fc7d301776563d36d0033bb9ab"
"data/operations/phase_8_2_1d_repair_input/repo/data/validation/phase_10/secret_lair_reconstruction/secret_lair_official_bundle_evidence_seed_02a_2026-07-22.csv","INTEGRATION_EXPORT","False","True","False","NOT_IN_OPENING_INVENTORY","ADAPT_CANDIDATE","PRESERVE_LEGACY_EVIDENCE","IGNORED_RUNTIME_OR_GENERATED_EVIDENCE","Local ignored/runtime evidence is preserved for lineage and empirical review but is not promoted to production authority.","False","False","False","False","False","a6da7abfad895990064b432804357f51ff4807521cd3e4023c289eb4a316d221"
"data/operations/phase_8_2_1d_repair_input/repo/data/validation/phase_10/secret_lair_reconstruction/secret_lair_official_component_resolution_01_2026-07-22.csv","INTEGRATION_EXPORT","False","True","False","NOT_IN_OPENING_INVENTORY","HIGH_PRIORITY_GOVERNANCE_REVIEW","PRESERVE_LEGACY_EVIDENCE","IGNORED_RUNTIME_OR_GENERATED_EVIDENCE","Local ignored/runtime evidence is preserved for lineage and empirical review but is not promoted to production authority.","False","False","False","False","False","642d7d6b27dc850c75206fe42c1602ea112f9e969439220bba7f523b138eea24"
"data/operations/phase_8_2_1d_repair_input/repo/data/validation/phase_10/secret_lair_reconstruction/secret_lair_official_component_resolution_02a_2026-07-22.csv","INTEGRATION_EXPORT","False","True","False","NOT_IN_OPENING_INVENTORY","HIGH_PRIORITY_GOVERNANCE_REVIEW","PRESERVE_LEGACY_EVIDENCE","IGNORED_RUNTIME_OR_GENERATED_EVIDENCE","Local ignored/runtime evidence is preserved for lineage and empirical review but is not promoted to production authority.","False","False","False","False","False","8ce52fe1cec83eed32e827a58239aef9d3bbcef93e2b83fe2acf32a8bf87599d"
"data/operations/phase_8_2_1d_repair_input/repo/data/validation/phase_10/secret_lair_reconstruction/secret_lair_official_research_batch_02_2026-07-22.csv","INTEGRATION_EXPORT","False","True","False","NOT_IN_OPENING_INVENTORY","HIGH_PRIORITY_REVIEW","PRESERVE_LEGACY_EVIDENCE","IGNORED_RUNTIME_OR_GENERATED_EVIDENCE","Local ignored/runtime evidence is preserved for lineage and empirical review but is not promoted to production authority.","False","False","False","False","False","fcfa208c4a2e1440710c1ebfebcb538e3a5dfb0fea1104de71a2dd4cb340da61"
"data/operations/phase_8_2_1d_repair_input/repo/data/warehouse/current/secret_lair/master_secret_lair_price_history.csv","HISTORICAL_EVIDENCE","False","True","False","NOT_IN_OPENING_INVENTORY","ADAPT_CANDIDATE","PRESERVE_LEGACY_EVIDENCE","IGNORED_RUNTIME_OR_GENERATED_EVIDENCE","Local ignored/runtime evidence is preserved for lineage and empirical review but is not promoted to production authority.","False","False","False","False","False","0ec8d326dc561a86c0f910fa4528ce85635c783b65c6e2e709edcafb554b70ed"
"data/operations/phase_8_2_1d_repair_input/repo/data/warehouse/current/secret_lair/master_secret_lair_prices_current.csv","STRUCTURAL_FEATURES","False","True","False","NOT_IN_OPENING_INVENTORY","ADAPT_CANDIDATE","PRESERVE_LEGACY_EVIDENCE","IGNORED_RUNTIME_OR_GENERATED_EVIDENCE","Local ignored/runtime evidence is preserved for lineage and empirical review but is not promoted to production authority.","False","False","False","False","False","2e711a4ce8d98ba0376af96d79790b05b111358d8cdaf4c9335be7e0f2dc5164"
"data/operations/phase_8_2_1d_repair_input/repo/data/warehouse/current/secret_lair/master_secret_lair_products.csv","STRUCTURAL_FEATURES","False","True","False","NOT_IN_OPENING_INVENTORY","ADAPT_CANDIDATE","PRESERVE_LEGACY_EVIDENCE","IGNORED_RUNTIME_OR_GENERATED_EVIDENCE","Local ignored/runtime evidence is preserved for lineage and empirical review but is not promoted to production authority.","False","False","False","False","False","95285d1de16892436c1fc830f790a4906b54f434ceaee6db0491bab6dfeb4b7e"
"data/operations/phase_8_2_1d_repair_input/repo/data/warehouse/current/secret_lair/master_secret_lair_summary.csv","STRUCTURAL_FEATURES","False","True","False","NOT_IN_OPENING_INVENTORY","HIGH_PRIORITY_REVIEW","PRESERVE_LEGACY_EVIDENCE","IGNORED_RUNTIME_OR_GENERATED_EVIDENCE","Local ignored/runtime evidence is preserved for lineage and empirical review but is not promoted to production authority.","False","False","False","False","False","31342b3b0f099f41ae1a97e40c82121d88aa0fd9a18d9b89dca05b46def96c10"
"data/operations/phase_8_2_1d_repair_input/repo/data/warehouse/history/2026-07-23/20260723T135538Z-fd7a9106/secret_lair/master_secret_lair_prices_current.csv","HISTORICAL_EVIDENCE","False","True","False","NOT_IN_OPENING_INVENTORY","ADAPT_CANDIDATE","PRESERVE_LEGACY_EVIDENCE","IGNORED_RUNTIME_OR_GENERATED_EVIDENCE","Local ignored/runtime evidence is preserved for lineage and empirical review but is not promoted to production authority.","False","False","False","False","False","2e711a4ce8d98ba0376af96d79790b05b111358d8cdaf4c9335be7e0f2dc5164"
"data/operations/phase_8_2_1d_repair_input/repo/data/warehouse/history/2026-07-23/20260723T135538Z-fd7a9106/secret_lair/master_secret_lair_products.csv","HISTORICAL_EVIDENCE","False","True","False","NOT_IN_OPENING_INVENTORY","ADAPT_CANDIDATE","PRESERVE_LEGACY_EVIDENCE","IGNORED_RUNTIME_OR_GENERATED_EVIDENCE","Local ignored/runtime evidence is preserved for lineage and empirical review but is not promoted to production authority.","False","False","False","False","False","95285d1de16892436c1fc830f790a4906b54f434ceaee6db0491bab6dfeb4b7e"
"data/operations/phase_8_2_1d_repair_input/repo/data/warehouse/history/2026-07-23/20260723T135538Z-fd7a9106/secret_lair/master_secret_lair_summary.csv","HISTORICAL_EVIDENCE","False","True","False","NOT_IN_OPENING_INVENTORY","HIGH_PRIORITY_REVIEW","PRESERVE_LEGACY_EVIDENCE","IGNORED_RUNTIME_OR_GENERATED_EVIDENCE","Local ignored/runtime evidence is preserved for lineage and empirical review but is not promoted to production authority.","False","False","False","False","False","31342b3b0f099f41ae1a97e40c82121d88aa0fd9a18d9b89dca05b46def96c10"
"data/operations/phase_8_2_1d_repair_input/repo/docs/phase_8/mtg_intelligence_recovery/secret_lair_intelligence_recovery/PHASE_8_2_1C_BASELINE_AUDIT.json","LEGACY_MODEL_INTELLIGENCE","False","True","False","NOT_IN_OPENING_INVENTORY","PRESERVE_LEGACY_EVIDENCE","PRESERVE_LEGACY_EVIDENCE","LEGACY_MODEL_FORECAST_RANKING","Legacy modeling, forecasting, or ranking evidence must remain preserved but cannot become V1 authority without the governed tournament and certification sequence.","False","False","False","False","False","957a105b7795c753f4c34bb1b55eae3c2a71e536ff09491dcfd20dbcb6ad5a37"
"data/operations/phase_8_2_1d_repair_input/repo/docs/phase_8/mtg_intelligence_recovery/secret_lair_intelligence_recovery/PHASE_8_2_1C_BASELINE_AUDIT.md","LEGACY_MODEL_INTELLIGENCE","False","True","False","NOT_IN_OPENING_INVENTORY","PRESERVE_LEGACY_EVIDENCE","PRESERVE_LEGACY_EVIDENCE","LEGACY_MODEL_FORECAST_RANKING","Legacy modeling, forecasting, or ranking evidence must remain preserved but cannot become V1 authority without the governed tournament and certification sequence.","False","False","False","False","False","a844fbfadb492c50c88965cb23377d91cdc6fcbd58b2b021ba72bf9877124d11"
"data/operations/phase_8_2_1d_repair_input/repo/docs/phase_8/secret_lair_export_recovery/PHASE_8_2_1A_SECRET_LAIR_RECOVERY_AUDIT.md","INTEGRATION_EXPORT","False","True","False","NOT_IN_OPENING_INVENTORY","PRESERVE_LEGACY_EVIDENCE","PRESERVE_LEGACY_EVIDENCE","LEGACY_MODEL_FORECAST_RANKING","Legacy modeling, forecasting, or ranking evidence must remain preserved but cannot become V1 authority without the governed tournament and certification sequence.","False","False","False","False","False","350041489aa235dda525bacf44e264281fa82c95168f9be902171f3d50bdf3fc"
"data/operations/phase_8_2_1d_repair_input/repo/docs/phase_8/secret_lair_export_recovery/secret_lair_field_matrix.csv","INTEGRATION_EXPORT","False","True","False","NOT_IN_OPENING_INVENTORY","PRESERVE_LEGACY_EVIDENCE","PRESERVE_LEGACY_EVIDENCE","LEGACY_MODEL_FORECAST_RANKING","Legacy modeling, forecasting, or ranking evidence must remain preserved but cannot become V1 authority without the governed tournament and certification sequence.","False","False","False","False","False","85ce5c114b6836426b578ec6827271de123ee992e3bb9b8e41e5ecba425cb900"
"data/operations/phase_8_2_1d_repair_input/repo/docs/phase_8/secret_lair_export_recovery/secret_lair_recovery_audit.json","INTEGRATION_EXPORT","False","True","False","NOT_IN_OPENING_INVENTORY","PRESERVE_LEGACY_EVIDENCE","PRESERVE_LEGACY_EVIDENCE","LEGACY_MODEL_FORECAST_RANKING","Legacy modeling, forecasting, or ranking evidence must remain preserved but cannot become V1 authority without the governed tournament and certification sequence.","False","False","False","False","False","aae546976ce67d691759ebdf579169598689018b7a84e74f5dae6438db384736"
"data/operations/phase_8_2_1d_repair_input/repo/docs/SECRET_LAIR_INTELLIGENCE_CALIBRATION_GUIDE.md","LEGACY_MODEL_INTELLIGENCE","False","True","False","NOT_IN_OPENING_INVENTORY","HIGH_PRIORITY_REVIEW","PRESERVE_LEGACY_EVIDENCE","IGNORED_RUNTIME_OR_GENERATED_EVIDENCE","Local ignored/runtime evidence is preserved for lineage and empirical review but is not promoted to production authority.","False","False","False","False","False","9ad4b77f8db87ac2c3384ed3b19fb31ece96ccadefa8282077ddb869900bb6b5"
"data/operations/phase_8_2_1d_repair_input/repo/README_TERMINAL_2_6_1_SECRET_LAIR_PRICING.md","CURRENT_PRICE_EVIDENCE","False","True","False","NOT_IN_OPENING_INVENTORY","ADAPT_CANDIDATE","PRESERVE_LEGACY_EVIDENCE","IGNORED_RUNTIME_OR_GENERATED_EVIDENCE","Local ignored/runtime evidence is preserved for lineage and empirical review but is not promoted to production authority.","False","False","False","False","False","d8e9289a27abecb78d41e84f72eec60d331735330a6733d4d9673a527013227c"
"data/operations/phase_8_2_1d_repair_input/repo/scripts/apply_full_registry_secret_lair_portfolio_bundle.py","IDENTITY_REGISTRY","False","True","False","NOT_IN_OPENING_INVENTORY","PRESERVE_LEGACY_EVIDENCE","PRESERVE_LEGACY_EVIDENCE","LEGACY_MODEL_FORECAST_RANKING","Legacy modeling, forecasting, or ranking evidence must remain preserved but cannot become V1 authority without the governed tournament and certification sequence.","False","False","False","False","False","4efdcbf1a06fc89e3f92754087fdef1f6addae239a729d17b370be935f1cf104"
"data/operations/phase_8_2_1d_repair_input/repo/scripts/apply_secret_lair_terminal_integration_bundle.py","INTEGRATION_EXPORT","False","True","False","NOT_IN_OPENING_INVENTORY","PRESERVE_LEGACY_EVIDENCE","PRESERVE_LEGACY_EVIDENCE","LEGACY_MODEL_FORECAST_RANKING","Legacy modeling, forecasting, or ranking evidence must remain preserved but cannot become V1 authority without the governed tournament and certification sequence.","False","False","False","False","False","3a9021e36ae087da3edae5859c9f5a9ceab9eee14cd9603160300dcdc194dd99"
"data/operations/phase_8_2_1d_repair_input/repo/scripts/audit_phase_8_2_1c_secret_lair_intelligence.py","LEGACY_MODEL_INTELLIGENCE","False","True","False","NOT_IN_OPENING_INVENTORY","PRESERVE_LEGACY_EVIDENCE","PRESERVE_LEGACY_EVIDENCE","LEGACY_MODEL_FORECAST_RANKING","Legacy modeling, forecasting, or ranking evidence must remain preserved but cannot become V1 authority without the governed tournament and certification sequence.","False","False","False","False","False","ba1b042e7f5dfb708f0e3048dd8a3bfad95a8296a8343130222909f17ce06181"
"data/operations/phase_8_2_1d_repair_input/repo/scripts/audit_secret_lair_export_recovery.py","INTEGRATION_EXPORT","False","True","False","NOT_IN_OPENING_INVENTORY","PRESERVE_LEGACY_EVIDENCE","PRESERVE_LEGACY_EVIDENCE","LEGACY_MODEL_FORECAST_RANKING","Legacy modeling, forecasting, or ranking evidence must remain preserved but cannot become V1 authority without the governed tournament and certification sequence.","False","False","False","False","False","10e12f4096ca46944c56743caad33ebd9f0711096c04e8a700bac6fe62ae55c1"
"data/operations/phase_8_2_1d_repair_input/repo/scripts/build_full_secret_lair_model_evaluation.py","LEGACY_MODEL_INTELLIGENCE","False","True","False","NOT_IN_OPENING_INVENTORY","PRESERVE_LEGACY_EVIDENCE","PRESERVE_LEGACY_EVIDENCE","LEGACY_MODEL_FORECAST_RANKING","Legacy modeling, forecasting, or ranking evidence must remain preserved but cannot become V1 authority without the governed tournament and certification sequence.","False","False","False","False","False","732fa9bf2615a013033649919e70012a0bdfa8916a35ca32ec4e8d8f13514c73"
"data/operations/phase_8_2_1d_repair_input/repo/scripts/build_secret_lair_terminal_integration.py","INTEGRATION_EXPORT","False","True","False","NOT_IN_OPENING_INVENTORY","PRESERVE_LEGACY_EVIDENCE","PRESERVE_LEGACY_EVIDENCE","LEGACY_MODEL_FORECAST_RANKING","Legacy modeling, forecasting, or ranking evidence must remain preserved but cannot become V1 authority without the governed tournament and certification sequence.","False","False","False","False","False","d33683b596795afd781d89c2d0f3137914862ddc3c58e927d5443aaa0af426b7"
"data/operations/phase_8_2_1d_repair_input/repo/scripts/certify_phase_8_2_1c_2_secret_lair_semantics.py","VALIDATION_CERTIFICATION","False","True","False","NOT_IN_OPENING_INVENTORY","PRESERVE_LEGACY_EVIDENCE","PRESERVE_LEGACY_EVIDENCE","LEGACY_MODEL_FORECAST_RANKING","Legacy modeling, forecasting, or ranking evidence must remain preserved but cannot become V1 authority without the governed tournament and certification sequence.","False","False","False","False","False","1f3977e96498c7822918d1a3eb28ebf512ddf6385cb752ff6d80b5dff3feff54"
"data/operations/phase_8_2_1d_repair_input/repo/scripts/install_phase_8_2_1c_2_secret_lair_repair.py","OTHER_SECRET_LAIR_COMPONENT","False","True","False","NOT_IN_OPENING_INVENTORY","PRESERVE_LEGACY_EVIDENCE","PRESERVE_LEGACY_EVIDENCE","LEGACY_MODEL_FORECAST_RANKING","Legacy modeling, forecasting, or ranking evidence must remain preserved but cannot become V1 authority without the governed tournament and certification sequence.","False","False","False","False","False","451dba982c60314014891e9ea8e7d6efffa583872acad543d2138bdcb49bdca7"
"data/operations/phase_8_2_1d_repair_input/repo/scripts/phase_8_2_1c_2_payload/build_full_secret_lair_model_evaluation.py","LEGACY_MODEL_INTELLIGENCE","False","True","False","NOT_IN_OPENING_INVENTORY","PRESERVE_LEGACY_EVIDENCE","PRESERVE_LEGACY_EVIDENCE","LEGACY_MODEL_FORECAST_RANKING","Legacy modeling, forecasting, or ranking evidence must remain preserved but cannot become V1 authority without the governed tournament and certification sequence.","False","False","False","False","False","732fa9bf2615a013033649919e70012a0bdfa8916a35ca32ec4e8d8f13514c73"
"data/operations/phase_8_2_1d_repair_input/repo/terminal2/portfolio/secret_lair_full_registry.py","IDENTITY_REGISTRY","False","True","False","NOT_IN_OPENING_INVENTORY","PRESERVE_LEGACY_EVIDENCE","PRESERVE_LEGACY_EVIDENCE","LEGACY_MODEL_FORECAST_RANKING","Legacy modeling, forecasting, or ranking evidence must remain preserved but cannot become V1 authority without the governed tournament and certification sequence.","False","False","False","False","False","cda8ae19610673dc142beab238bca685a158060638b0f8f027641452d02a25e4"
"data/operations/phase_8_2_1d_repair_input/repo/terminal2/secret_lair/calibration/engine.py","LEGACY_MODEL_INTELLIGENCE","False","True","False","NOT_IN_OPENING_INVENTORY","PRESERVE_LEGACY_EVIDENCE","PRESERVE_LEGACY_EVIDENCE","LEGACY_MODEL_FORECAST_RANKING","Legacy modeling, forecasting, or ranking evidence must remain preserved but cannot become V1 authority without the governed tournament and certification sequence.","False","False","False","False","False","82096fc8d31b9134fcfcf3ef439399a98da3d6c65a8ca99b6623d6061b6d12f3"
"data/operations/phase_8_2_1d_repair_input/repo/terminal2/secret_lair/intelligence_expansion/engine.py","LEGACY_MODEL_INTELLIGENCE","False","True","False","NOT_IN_OPENING_INVENTORY","PRESERVE_LEGACY_EVIDENCE","PRESERVE_LEGACY_EVIDENCE","LEGACY_MODEL_FORECAST_RANKING","Legacy modeling, forecasting, or ranking evidence must remain preserved but cannot become V1 authority without the governed tournament and certification sequence.","False","False","False","False","False","9611bf1b30644c892dd6857a7d7d1b74395528e2bf57c9579a3c208ecafd5f40"
"data/operations/phase_8_2_1d_repair_input/repo/terminal2/secret_lair/master_database/contracts.py","STRUCTURAL_FEATURES","False","True","False","NOT_IN_OPENING_INVENTORY","ADAPT_CANDIDATE","PRESERVE_LEGACY_EVIDENCE","IGNORED_RUNTIME_OR_GENERATED_EVIDENCE","Local ignored/runtime evidence is preserved for lineage and empirical review but is not promoted to production authority.","False","False","False","False","False","830183923232de1def6b75c266b1843214e6d88f26d4356c1d64732292dc0b4d"
"data/operations/phase_8_2_1d_repair_input/repo/terminal2/secret_lair/master_database/engine.py","STRUCTURAL_FEATURES","False","True","False","NOT_IN_OPENING_INVENTORY","ADAPT_CANDIDATE","PRESERVE_LEGACY_EVIDENCE","IGNORED_RUNTIME_OR_GENERATED_EVIDENCE","Local ignored/runtime evidence is preserved for lineage and empirical review but is not promoted to production authority.","False","False","False","False","False","cec1e4d955acfba5708cf8974947c992c2558aa4f33530f1c280d5a6fe3b8bec"
"data/operations/phase_8_2_1d_repair_input/repo/terminal2/secret_lair/pricing.py","CURRENT_PRICE_EVIDENCE","False","True","False","NOT_IN_OPENING_INVENTORY","ADAPT_CANDIDATE","PRESERVE_LEGACY_EVIDENCE","IGNORED_RUNTIME_OR_GENERATED_EVIDENCE","Local ignored/runtime evidence is preserved for lineage and empirical review but is not promoted to production authority.","False","False","False","False","False","273637d3dd80c477c8a85de16a7e6f7b878f91f100e19b1a5ae50118f5ee7451"
"data/operations/phase_8_2_1d_repair_input/repo/terminal2/secret_lair/pricing_contracts.py","CURRENT_PRICE_EVIDENCE","False","True","False","NOT_IN_OPENING_INVENTORY","ADAPT_CANDIDATE","PRESERVE_LEGACY_EVIDENCE","IGNORED_RUNTIME_OR_GENERATED_EVIDENCE","Local ignored/runtime evidence is preserved for lineage and empirical review but is not promoted to production authority.","False","False","False","False","False","c26ddba71d4a30233e68df8d33dae0d062b20b41084e382ca7490e42fd1daa97"
"data/operations/phase_8_2_1d_repair_input/repo/tests/__pycache__/test_phase_8_2_1c_secret_lair_intelligence_audit.cpython-314-pytest-9.1.1.pyc","LEGACY_MODEL_INTELLIGENCE","False","True","False","NOT_IN_OPENING_INVENTORY","HIGH_PRIORITY_REVIEW","PRESERVE_LEGACY_EVIDENCE","IGNORED_RUNTIME_OR_GENERATED_EVIDENCE","Local ignored/runtime evidence is preserved for lineage and empirical review but is not promoted to production authority.","False","False","False","False","False","d46119b27f33e0c37114960576a4a3efedc8cacfaeadacaf7ff3cdb1b193835f"
"data/operations/phase_8_2_1d_repair_input/repo/tests/__pycache__/test_secret_lair_pricing_timezone.cpython-314-pytest-9.1.1.pyc","CURRENT_PRICE_EVIDENCE","False","True","False","NOT_IN_OPENING_INVENTORY","HIGH_PRIORITY_REVIEW","PRESERVE_LEGACY_EVIDENCE","IGNORED_RUNTIME_OR_GENERATED_EVIDENCE","Local ignored/runtime evidence is preserved for lineage and empirical review but is not promoted to production authority.","False","False","False","False","False","ed778aaca0cd7e2b2c3465ac7983c2f45f91b7498ea512c25a4533ae5753617e"
"data/operations/phase_8_2_1d_repair_input/repo/tests/test_full_secret_lair_model_evaluation.py","LEGACY_MODEL_INTELLIGENCE","False","True","False","NOT_IN_OPENING_INVENTORY","PRESERVE_LEGACY_EVIDENCE","PRESERVE_LEGACY_EVIDENCE","LEGACY_MODEL_FORECAST_RANKING","Legacy modeling, forecasting, or ranking evidence must remain preserved but cannot become V1 authority without the governed tournament and certification sequence.","False","False","False","False","False","94322375fbc6fa69a1a61c5dc6a3ccd133fb6d11e20cb6e60f158b575c79b3ea"
"data/operations/phase_8_2_1d_repair_input/repo/tests/test_phase_8_2_1c_secret_lair_intelligence_audit.py","LEGACY_MODEL_INTELLIGENCE","False","True","False","NOT_IN_OPENING_INVENTORY","PRESERVE_LEGACY_EVIDENCE","PRESERVE_LEGACY_EVIDENCE","LEGACY_MODEL_FORECAST_RANKING","Legacy modeling, forecasting, or ranking evidence must remain preserved but cannot become V1 authority without the governed tournament and certification sequence.","False","False","False","False","False","8138d8d95c97b79b7bbad18defd6638be8a137ae679c11323205a475daecf937"
"data/operations/phase_8_2_1d_repair_input/repo/tests/test_secret_lair_pricing_timezone.py","CURRENT_PRICE_EVIDENCE","False","True","False","NOT_IN_OPENING_INVENTORY","ADAPT_CANDIDATE","PRESERVE_LEGACY_EVIDENCE","IGNORED_RUNTIME_OR_GENERATED_EVIDENCE","Local ignored/runtime evidence is preserved for lineage and empirical review but is not promoted to production authority.","False","False","False","False","False","14f9120ac2d566f40525a31ac67b6d9a97b9981c47f4581290cb7440e9b42364"
"data/portfolio/secret_lair/secret_lair_holdings_template.csv","OTHER_SECRET_LAIR_COMPONENT","False","True","False","NOT_IN_OPENING_INVENTORY","HIGH_PRIORITY_REVIEW","PRESERVE_LEGACY_EVIDENCE","IGNORED_RUNTIME_OR_GENERATED_EVIDENCE","Local ignored/runtime evidence is preserved for lineage and empirical review but is not promoted to production authority.","False","False","False","False","False","8e4eef13251b5e7c61a99015df9d42aab5aacab6029abfbafe85f55602e0dde2"
"data/portfolio/secret_lair/secret_lair_owned_inventory.csv","OTHER_SECRET_LAIR_COMPONENT","False","True","False","NOT_IN_OPENING_INVENTORY","HIGH_PRIORITY_REVIEW","PRESERVE_LEGACY_EVIDENCE","IGNORED_RUNTIME_OR_GENERATED_EVIDENCE","Local ignored/runtime evidence is preserved for lineage and empirical review but is not promoted to production authority.","False","False","False","False","False","0b2467e5163452aef27a3cd2b6464c33e3a8e46c3481dfb3f794b8f96fa055ff"
"data/portfolio/secret_lair/secret_lair_product_lookup.csv","OTHER_SECRET_LAIR_COMPONENT","False","True","False","NOT_IN_OPENING_INVENTORY","PRESERVE_LEGACY_EVIDENCE","PRESERVE_LEGACY_EVIDENCE","LEGACY_MODEL_FORECAST_RANKING","Legacy modeling, forecasting, or ranking evidence must remain preserved but cannot become V1 authority without the governed tournament and certification sequence.","False","False","False","False","False","b5c1c2ccac887ea116adf08207198f000707d6bec1bb417ae0bb818e6b007b9c"
"data/raw/phase_10/secret_lair_reconstruction/tcgcsv_current_prices/1/17667/prices.json","CURRENT_PRICE_EVIDENCE","False","True","False","NOT_IN_OPENING_INVENTORY","HIGH_PRIORITY_REVIEW","PRESERVE_LEGACY_EVIDENCE","IGNORED_RUNTIME_OR_GENERATED_EVIDENCE","Local ignored/runtime evidence is preserved for lineage and empirical review but is not promoted to production authority.","False","False","False","False","False","ed69b320d049bdd22e7ca6b10fe470383489d6da2884af6218a69aec532fe052"
"data/raw/phase_10/secret_lair_reconstruction/tcgcsv_current_prices/1/24684/prices.json","CURRENT_PRICE_EVIDENCE","False","True","False","NOT_IN_OPENING_INVENTORY","HIGH_PRIORITY_REVIEW","PRESERVE_LEGACY_EVIDENCE","IGNORED_RUNTIME_OR_GENERATED_EVIDENCE","Local ignored/runtime evidence is preserved for lineage and empirical review but is not promoted to production authority.","False","False","False","False","False","b956f223c2c402cf9b221ed29d46eb617d1e9c5443ad4030ce7fca2ffc5f0c78"
"data/raw/phase_10/secret_lair_reconstruction/tcgcsv_current_prices/1/2576/prices.json","CURRENT_PRICE_EVIDENCE","False","True","False","NOT_IN_OPENING_INVENTORY","HIGH_PRIORITY_REVIEW","PRESERVE_LEGACY_EVIDENCE","IGNORED_RUNTIME_OR_GENERATED_EVIDENCE","Local ignored/runtime evidence is preserved for lineage and empirical review but is not promoted to production authority.","False","False","False","False","False","36ba189460046a4cda26bd52474ec7baf91349ac2f1b7cfba92c71c5b364ad2d"
"data/reference/phase_11/mtg_hosted_baseline/secret_lair_evaluation.csv","INTEGRATION_EXPORT","True","False","True","REVIEW_FOR_ADAPTATION","PRESERVE_LEGACY_EVIDENCE","PRESERVE_LEGACY_EVIDENCE","LEGACY_MODEL_FORECAST_RANKING","Legacy modeling, forecasting, or ranking evidence must remain preserved but cannot become V1 authority without the governed tournament and certification sequence.","False","False","False","False","False","e45192029c10a09c55f7d255a1064a3042604b88ac2e3f234194dd5ad3e70f32"
"data/reference/phase_11/mtg_hosted_baseline/secret_lair_registry.csv","IDENTITY_REGISTRY","True","False","True","HIGH_PRIORITY_IDENTITY_AUDIT","PRESERVE_LEGACY_EVIDENCE","PRESERVE_LEGACY_EVIDENCE","LEGACY_MODEL_FORECAST_RANKING","Legacy modeling, forecasting, or ranking evidence must remain preserved but cannot become V1 authority without the governed tournament and certification sequence.","False","False","False","False","False","05adf1f3fc101468432c74b552821d5344f164ed1e29009e16d0160ea572a628"
"data/staging/phase_10/secret_lair_reconstruction/secret_lair_component_current_prices_2026-07-22.csv","CURRENT_PRICE_EVIDENCE","True","False","True","HIGH_PRIORITY_EVIDENCE_AUDIT","HIGH_PRIORITY_REVIEW","PRESERVE_LEGACY_EVIDENCE","LEGACY_ARCHIVE_OR_DATA_EVIDENCE","Historical, staging, reference, validation, archive, or prior runtime evidence remains available for audit but is not current V1 authority.","False","False","False","False","False","7e642d6faa1e3265a52496b6e447c04812c6f027cf154691b73ca4ef43fb44dd"
"data/staging/phase_10/secret_lair_reconstruction/secret_lair_component_universe_2026-07-22.csv","INTEGRATION_EXPORT","True","False","True","REVIEW_FOR_ADAPTATION","HIGH_PRIORITY_REVIEW","PRESERVE_LEGACY_EVIDENCE","LEGACY_ARCHIVE_OR_DATA_EVIDENCE","Historical, staging, reference, validation, archive, or prior runtime evidence remains available for audit but is not current V1 authority.","False","False","False","False","False","01c74a6865395c2b8504709d881a50b8f47afac656a6baba418a80c64853f9fc"
"data/staging/phase_10/secret_lair_reconstruction/secret_lair_current_prices_2026-07-22.csv","CURRENT_PRICE_EVIDENCE","True","False","True","HIGH_PRIORITY_EVIDENCE_AUDIT","ADAPT_CANDIDATE","PRESERVE_LEGACY_EVIDENCE","LEGACY_ARCHIVE_OR_DATA_EVIDENCE","Historical, staging, reference, validation, archive, or prior runtime evidence remains available for audit but is not current V1 authority.","False","False","False","False","False","af6789bc06a00cf96d6e61321db6c8ddef8749ac39091040c2295f7242a9be36"
"data/staging/phase_10/secret_lair_reconstruction/secret_lair_price_recovery_candidates_2026-07-22.csv","INTEGRATION_EXPORT","True","False","True","HIGH_PRIORITY_EVIDENCE_AUDIT","HIGH_PRIORITY_GOVERNANCE_REVIEW","PRESERVE_LEGACY_EVIDENCE","LEGACY_ARCHIVE_OR_DATA_EVIDENCE","Historical, staging, reference, validation, archive, or prior runtime evidence remains available for audit but is not current V1 authority.","False","False","False","False","False","dac594f3eb981fafb431dbcaa598261e2ef5b672a4f168d72ee95886bb313b3c"
"data/staging/phase_10/secret_lair_reconstruction/secret_lair_registry_seed_2026-07-22.csv","IDENTITY_REGISTRY","True","False","True","HIGH_PRIORITY_IDENTITY_AUDIT","HIGH_PRIORITY_GOVERNANCE_REVIEW","PRESERVE_LEGACY_EVIDENCE","LEGACY_ARCHIVE_OR_DATA_EVIDENCE","Historical, staging, reference, validation, archive, or prior runtime evidence remains available for audit but is not current V1 authority.","False","False","False","False","False","d1feff07565d09a2e73c356310139f980cc061d2be579be92808d60aeffc82c0"
"data/templates/secret_lair_acquisition_sources_template.csv","SOURCE_ACQUISITION","True","False","True","HIGH_PRIORITY_EVIDENCE_AUDIT","HIGH_PRIORITY_REVIEW","ADAPT","TRACKED_LEGACY_INFRASTRUCTURE_REQUIRES_V1_RECONCILIATION","Tracked infrastructure may supply reusable mechanics, but its identity, source, evidence, validation, or integration semantics must be reconciled to V1 before use.","False","False","False","False","False","e4ea41a6e2800ea2c517bd2b996582b6b87e04907fe91d949b62dffd77620ac0"
"data/templates/secret_lair_discovery_sources_template.csv","SOURCE_ACQUISITION","True","False","True","HIGH_PRIORITY_EVIDENCE_AUDIT","HIGH_PRIORITY_REVIEW","ADAPT","TRACKED_LEGACY_INFRASTRUCTURE_REQUIRES_V1_RECONCILIATION","Tracked infrastructure may supply reusable mechanics, but its identity, source, evidence, validation, or integration semantics must be reconciled to V1 before use.","False","False","False","False","False","7370373d2da9c9f219a1fd37e4b8bb7be70a36a8612f78f310e13ea36cefb720"
"data/templates/secret_lair_match_overrides_template.csv","IDENTITY_MATCHING","True","False","True","REVIEW_FOR_ADAPTATION","REUSE_OR_ADAPT_CANDIDATE","ADAPT","TRACKED_LEGACY_INFRASTRUCTURE_REQUIRES_V1_RECONCILIATION","Tracked infrastructure may supply reusable mechanics, but its identity, source, evidence, validation, or integration semantics must be reconciled to V1 before use.","False","False","False","False","False","83039bf3bd0e150e9a3c322aec6a84056148ab61ee87463ccec0ccf1982f937c"
"data/templates/secret_lair_price_observations_template.csv","CURRENT_PRICE_EVIDENCE","True","False","True","HIGH_PRIORITY_EVIDENCE_AUDIT","ADAPT_CANDIDATE","ADAPT","TRACKED_LEGACY_INFRASTRUCTURE_REQUIRES_V1_RECONCILIATION","Tracked infrastructure may supply reusable mechanics, but its identity, source, evidence, validation, or integration semantics must be reconciled to V1 before use.","False","False","False","False","False","a537f21d83468fe9dfc41a083133546a04f37016d649a5faecd6ff130dc7247d"
"data/templates/secret_lair_registry_template.csv","IDENTITY_REGISTRY","True","False","True","HIGH_PRIORITY_IDENTITY_AUDIT","ADAPT_CANDIDATE","ADAPT","TRACKED_LEGACY_INFRASTRUCTURE_REQUIRES_V1_RECONCILIATION","Tracked infrastructure may supply reusable mechanics, but its identity, source, evidence, validation, or integration semantics must be reconciled to V1 before use.","False","False","False","False","False","2af5a9b8efa07a117024c0790cd27a906807007c1a387afce5066c9483b0b5bc"
"data/templates/secret_lair_source_catalog_template.csv","SOURCE_ACQUISITION","True","False","True","HIGH_PRIORITY_EVIDENCE_AUDIT","ADAPT_CANDIDATE","ADAPT","TRACKED_LEGACY_INFRASTRUCTURE_REQUIRES_V1_RECONCILIATION","Tracked infrastructure may supply reusable mechanics, but its identity, source, evidence, validation, or integration semantics must be reconciled to V1 before use.","False","False","False","False","False","7afc5b99ad663b963c7232e9b6072c78f165c16192859c9d17a1948bb51a6b4b"
"data/templates/secret_lair_source_prices_template.csv","CURRENT_PRICE_EVIDENCE","True","False","True","HIGH_PRIORITY_EVIDENCE_AUDIT","ADAPT_CANDIDATE","ADAPT","TRACKED_LEGACY_INFRASTRUCTURE_REQUIRES_V1_RECONCILIATION","Tracked infrastructure may supply reusable mechanics, but its identity, source, evidence, validation, or integration semantics must be reconciled to V1 before use.","False","False","False","False","False","f8514a40224634992956f795f7aba4fbe86f1e49f1d06847ee2d4da792ba34d8"
"data/terminal2/master_secret_lair/cache/0039c34fbb6f54cd5bfcb854efe07557418a11750365947ef3409d3dd3af0b4a.json","STRUCTURAL_FEATURES","False","True","False","NOT_IN_OPENING_INVENTORY","PRESERVE_LEGACY_EVIDENCE","PRESERVE_LEGACY_EVIDENCE","LEGACY_MODEL_FORECAST_RANKING","Legacy modeling, forecasting, or ranking evidence must remain preserved but cannot become V1 authority without the governed tournament and certification sequence.","False","False","False","False","False","f8a233c19440bd868b99322a3ec62638f14f3bc435177581c434817e1162ea16"
"data/terminal2/master_secret_lair/cache/007d6d1fd0e441d009853f8cd630adc5436b8762436e5ed17717dce9b014ad7d.json","STRUCTURAL_FEATURES","False","True","False","NOT_IN_OPENING_INVENTORY","PRESERVE_LEGACY_EVIDENCE","PRESERVE_LEGACY_EVIDENCE","LEGACY_MODEL_FORECAST_RANKING","Legacy modeling, forecasting, or ranking evidence must remain preserved but cannot become V1 authority without the governed tournament and certification sequence.","False","False","False","False","False","4a7abb4337b511dfb7d84f9dfad7f3b4e06a66344241ffbc043e32732f951b5e"
"data/terminal2/master_secret_lair/cache/00d48c8e25822caf3050ef83f80bb726ab1bdc64420d3241944610eacf9855e9.json","STRUCTURAL_FEATURES","False","True","False","NOT_IN_OPENING_INVENTORY","HIGH_PRIORITY_REVIEW","PRESERVE_LEGACY_EVIDENCE","IGNORED_RUNTIME_OR_GENERATED_EVIDENCE","Local ignored/runtime evidence is preserved for lineage and empirical review but is not promoted to production authority.","False","False","False","False","False","75d6df4b01cc2c059ad86163c2ced94e4e473ad3318ae859ae1c6619e677c463"
"data/terminal2/master_secret_lair/cache/00d5f38aba4622416fbe6acff65b249a9a05a1adbfa0a01b833404c8cbc51671.json","STRUCTURAL_FEATURES","False","True","False","NOT_IN_OPENING_INVENTORY","HIGH_PRIORITY_REVIEW","PRESERVE_LEGACY_EVIDENCE","IGNORED_RUNTIME_OR_GENERATED_EVIDENCE","Local ignored/runtime evidence is preserved for lineage and empirical review but is not promoted to production authority.","False","False","False","False","False","a4220873e9d9e50fa8484035f8108f887d74d5c782258298b0064d642d0c5733"
"data/terminal2/master_secret_lair/cache/00f12ae2f616e22201e395204cddabcb8d78718dfd60ad2e1185231cf41cf6b1.json","STRUCTURAL_FEATURES","False","True","False","NOT_IN_OPENING_INVENTORY","HIGH_PRIORITY_REVIEW","PRESERVE_LEGACY_EVIDENCE","IGNORED_RUNTIME_OR_GENERATED_EVIDENCE","Local ignored/runtime evidence is preserved for lineage and empirical review but is not promoted to production authority.","False","False","False","False","False","fba86d7ec596f748fb93dbf0587025cc1335590f77fb36a0ade226a1f23810aa"
"data/terminal2/master_secret_lair/cache/017e35bc2929514c9321bf122ef28004681e07488c05544d0861ca74ccb0206f.json","STRUCTURAL_FEATURES","False","True","False","NOT_IN_OPENING_INVENTORY","HIGH_PRIORITY_REVIEW","PRESERVE_LEGACY_EVIDENCE","IGNORED_RUNTIME_OR_GENERATED_EVIDENCE","Local ignored/runtime evidence is preserved for lineage and empirical review but is not promoted to production authority.","False","False","False","False","False","01924b12fddf4bb91d8e510cf3d89b2c7e5b3930d12379b5b48b6c2d0e544be5"
"data/terminal2/master_secret_lair/cache/02173ab6b822e78e23feab0248cf0f253c77829893fd30c6f090181a63190120.json","STRUCTURAL_FEATURES","False","True","False","NOT_IN_OPENING_INVENTORY","HIGH_PRIORITY_REVIEW","PRESERVE_LEGACY_EVIDENCE","IGNORED_RUNTIME_OR_GENERATED_EVIDENCE","Local ignored/runtime evidence is preserved for lineage and empirical review but is not promoted to production authority.","False","False","False","False","False","77906ffde49f5f22d0515ce64018b52bef2c6b4acf543d965f91a012d18df4f8"
"data/terminal2/master_secret_lair/cache/02981319152a48606ac782e64d92e2501bbb1e1263629b79fdac6028ccf55da4.json","STRUCTURAL_FEATURES","False","True","False","NOT_IN_OPENING_INVENTORY","PRESERVE_LEGACY_EVIDENCE","PRESERVE_LEGACY_EVIDENCE","LEGACY_MODEL_FORECAST_RANKING","Legacy modeling, forecasting, or ranking evidence must remain preserved but cannot become V1 authority without the governed tournament and certification sequence.","False","False","False","False","False","2ff8eb6b458096446785d8378fd30557bf66495f434ffd18940fbacd55e1781a"
"data/terminal2/master_secret_lair/cache/030ac163f566b086cb25798f969c9cec561e4bc7cb314d43154013dbe865c0b4.json","STRUCTURAL_FEATURES","False","True","False","NOT_IN_OPENING_INVENTORY","PRESERVE_LEGACY_EVIDENCE","PRESERVE_LEGACY_EVIDENCE","LEGACY_MODEL_FORECAST_RANKING","Legacy modeling, forecasting, or ranking evidence must remain preserved but cannot become V1 authority without the governed tournament and certification sequence.","False","False","False","False","False","f9a6361a1aa5c6277dea08e536ff65dc20fe6668a970a9fd0e17f4584559ea5f"
"data/terminal2/master_secret_lair/cache/031131be7fac0b8517cbb85bcb0256096fe24dbee005b8d256f28083a039e254.json","STRUCTURAL_FEATURES","False","True","False","NOT_IN_OPENING_INVENTORY","HIGH_PRIORITY_REVIEW","PRESERVE_LEGACY_EVIDENCE","IGNORED_RUNTIME_OR_GENERATED_EVIDENCE","Local ignored/runtime evidence is preserved for lineage and empirical review but is not promoted to production authority.","False","False","False","False","False","5acedd109c3c11f37b35ec32ca1d4f0ccec59866b813044265bed7d5ae13613a"
"data/terminal2/master_secret_lair/cache/036ad9cc284a92b3814535d7418b3c43c6f1c10a7f03b990ff98a96d0c41300f.json","STRUCTURAL_FEATURES","False","True","False","NOT_IN_OPENING_INVENTORY","HIGH_PRIORITY_REVIEW","PRESERVE_LEGACY_EVIDENCE","IGNORED_RUNTIME_OR_GENERATED_EVIDENCE","Local ignored/runtime evidence is preserved for lineage and empirical review but is not promoted to production authority.","False","False","False","False","False","4bd87884527e9e34aab56d24577ba30a3f859db320ed1b5c45a27918d2838a2c"
"data/terminal2/master_secret_lair/cache/0372be6c1cf1f9b266eb5ce1daa0e369dc075c14df7e48da4ea802276dea7899.json","STRUCTURAL_FEATURES","False","True","False","NOT_IN_OPENING_INVENTORY","PRESERVE_LEGACY_EVIDENCE","PRESERVE_LEGACY_EVIDENCE","LEGACY_MODEL_FORECAST_RANKING","Legacy modeling, forecasting, or ranking evidence must remain preserved but cannot become V1 authority without the governed tournament and certification sequence.","False","False","False","False","False","c634262532bddd2e476b048041aa2d3fd72d3cc0088a43e71f50c7a384768889"
"data/terminal2/master_secret_lair/cache/0386371bcb6615b612f08d4da039dc387915e9b8684d3c85a78dcb91f71babba.json","STRUCTURAL_FEATURES","False","True","False","NOT_IN_OPENING_INVENTORY","HIGH_PRIORITY_REVIEW","PRESERVE_LEGACY_EVIDENCE","IGNORED_RUNTIME_OR_GENERATED_EVIDENCE","Local ignored/runtime evidence is preserved for lineage and empirical review but is not promoted to production authority.","False","False","False","False","False","8e2848c019be33a016efbbb2e11e2f6018e444d6def4f0d5e1ecbcb6e6b50d2c"
"data/terminal2/master_secret_lair/cache/040aa302add028de17c3f1be547d92b0fe58d4a8efeccbba38a283d0c0029321.json","STRUCTURAL_FEATURES","False","True","False","NOT_IN_OPENING_INVENTORY","PRESERVE_LEGACY_EVIDENCE","PRESERVE_LEGACY_EVIDENCE","LEGACY_MODEL_FORECAST_RANKING","Legacy modeling, forecasting, or ranking evidence must remain preserved but cannot become V1 authority without the governed tournament and certification sequence.","False","False","False","False","False","6ab9964dd441af14a1c8121b2d2a5d7a56498b413d6aa828c63d3e190d78c365"
"data/terminal2/master_secret_lair/cache/04362a2a82e7412245b3e809b1f71f5931d52f30f0188e5008f9c091c7ea42f3.json","STRUCTURAL_FEATURES","False","True","False","NOT_IN_OPENING_INVENTORY","HIGH_PRIORITY_REVIEW","PRESERVE_LEGACY_EVIDENCE","IGNORED_RUNTIME_OR_GENERATED_EVIDENCE","Local ignored/runtime evidence is preserved for lineage and empirical review but is not promoted to production authority.","False","False","False","False","False","57eae72de134141e06a543f28da1c946f0ae9c0a6c24514407d802a22131040e"
"data/terminal2/master_secret_lair/cache/04aac80f62bc63706ff0404bacf04c93fe68a315a13be797fc922907cead7683.json","STRUCTURAL_FEATURES","False","True","False","NOT_IN_OPENING_INVENTORY","PRESERVE_LEGACY_EVIDENCE","PRESERVE_LEGACY_EVIDENCE","LEGACY_MODEL_FORECAST_RANKING","Legacy modeling, forecasting, or ranking evidence must remain preserved but cannot become V1 authority without the governed tournament and certification sequence.","False","False","False","False","False","504fa0eddf07a1a53a8ad36aa35c662d4e6848e7296f8716d415f3690f3129b1"
"data/terminal2/master_secret_lair/cache/04db8945091cc639762e62dc5833c51f86584020e76d89c4c8a0ab1ca51a2486.json","STRUCTURAL_FEATURES","False","True","False","NOT_IN_OPENING_INVENTORY","PRESERVE_LEGACY_EVIDENCE","PRESERVE_LEGACY_EVIDENCE","LEGACY_MODEL_FORECAST_RANKING","Legacy modeling, forecasting, or ranking evidence must remain preserved but cannot become V1 authority without the governed tournament and certification sequence.","False","False","False","False","False","7ce9bff53f6cbb2ee9404d6324242a68801a1a0b90d56170bfcec2c99401f885"
"data/terminal2/master_secret_lair/cache/058eff7341bfa9cbc1bc46ab023b473293de0deafa8f526a5ecfb495e2c4b611.json","STRUCTURAL_FEATURES","False","True","False","NOT_IN_OPENING_INVENTORY","PRESERVE_LEGACY_EVIDENCE","PRESERVE_LEGACY_EVIDENCE","LEGACY_MODEL_FORECAST_RANKING","Legacy modeling, forecasting, or ranking evidence must remain preserved but cannot become V1 authority without the governed tournament and certification sequence.","False","False","False","False","False","808f8de56f44e8bf067f9931e4f887821fa92cb840f4b7e9ee44e25ec60e4a4d"
"data/terminal2/master_secret_lair/cache/05a6abd0b9f640672a7561f1dfff6a1982fad196e7ab7f1223b25d3ae00119c3.json","STRUCTURAL_FEATURES","False","True","False","NOT_IN_OPENING_INVENTORY","HIGH_PRIORITY_REVIEW","PRESERVE_LEGACY_EVIDENCE","IGNORED_RUNTIME_OR_GENERATED_EVIDENCE","Local ignored/runtime evidence is preserved for lineage and empirical review but is not promoted to production authority.","False","False","False","False","False","366a34fc6eed8de1f5948752fff942838481584012ab23e9cdef35b13160c1e9"
"data/terminal2/master_secret_lair/cache/06841c30f6759b3116bd46ecabaafdcdca8cc8bfae5b6938c3fe399c0b75dc03.json","STRUCTURAL_FEATURES","False","True","False","NOT_IN_OPENING_INVENTORY","HIGH_PRIORITY_REVIEW","PRESERVE_LEGACY_EVIDENCE","IGNORED_RUNTIME_OR_GENERATED_EVIDENCE","Local ignored/runtime evidence is preserved for lineage and empirical review but is not promoted to production authority.","False","False","False","False","False","5fbff344d281d4b5163016a97054c890b7c3f2e555b4a662d29e3fb0b880322f"
"data/terminal2/master_secret_lair/cache/06d89b697ea2b80d562d4e2938a3f9f2c512bd9b383c8db8ed668d23f8f2e676.json","STRUCTURAL_FEATURES","False","True","False","NOT_IN_OPENING_INVENTORY","HIGH_PRIORITY_GOVERNANCE_REVIEW","PRESERVE_LEGACY_EVIDENCE","IGNORED_RUNTIME_OR_GENERATED_EVIDENCE","Local ignored/runtime evidence is preserved for lineage and empirical review but is not promoted to production authority.","False","False","False","False","False","d0aaa612483989f15a1a5f5391df67fd6042a6b7767fb4af6695cd42727e7894"
"data/terminal2/master_secret_lair/cache/07a5fa748383565d56f29007507d78377b544ac7f8010d6d3374f594f27ddc59.json","STRUCTURAL_FEATURES","False","True","False","NOT_IN_OPENING_INVENTORY","HIGH_PRIORITY_REVIEW","PRESERVE_LEGACY_EVIDENCE","IGNORED_RUNTIME_OR_GENERATED_EVIDENCE","Local ignored/runtime evidence is preserved for lineage and empirical review but is not promoted to production authority.","False","False","False","False","False","2ca211d6464d8c7dd0fe4547f33d0c9ab43d8e520c2ebf1aa8a207d4c53f9d40"
"data/terminal2/master_secret_lair/cache/0838b1f1530dd645839611df2b5c53dc09b68df553500a3c3b13db35318bbe53.json","STRUCTURAL_FEATURES","False","True","False","NOT_IN_OPENING_INVENTORY","HIGH_PRIORITY_REVIEW","PRESERVE_LEGACY_EVIDENCE","IGNORED_RUNTIME_OR_GENERATED_EVIDENCE","Local ignored/runtime evidence is preserved for lineage and empirical review but is not promoted to production authority.","False","False","False","False","False","384757f6c22510186d9b6215a52a5aed850967945e615d0ab35d80063a7c0ba6"
"data/terminal2/master_secret_lair/cache/085ded4fded8eacd69fff94fa9b8241a706765c041faeadec1913a6d58c521e6.json","STRUCTURAL_FEATURES","False","True","False","NOT_IN_OPENING_INVENTORY","HIGH_PRIORITY_REVIEW","PRESERVE_LEGACY_EVIDENCE","IGNORED_RUNTIME_OR_GENERATED_EVIDENCE","Local ignored/runtime evidence is preserved for lineage and empirical review but is not promoted to production authority.","False","False","False","False","False","f7e0ba4b5e829d7ea222cc051e62f53c157f08c160e6a4e125bc370a9805373e"
"data/terminal2/master_secret_lair/cache/089cc2a2d7cdde0dcfc125331a90da6dc75c087a68adf6b91f2da98c3709f18d.json","STRUCTURAL_FEATURES","False","True","False","NOT_IN_OPENING_INVENTORY","PRESERVE_LEGACY_EVIDENCE","PRESERVE_LEGACY_EVIDENCE","LEGACY_MODEL_FORECAST_RANKING","Legacy modeling, forecasting, or ranking evidence must remain preserved but cannot become V1 authority without the governed tournament and certification sequence.","False","False","False","False","False","01f1a936bdcd95a553e90461dea7f966de469f514d956c12f8471ffe3848482a"
"data/terminal2/master_secret_lair/cache/0961defa228b8f34291cdcd137f49346c3cf384ab42aeb3b38fb22f335676324.json","STRUCTURAL_FEATURES","False","True","False","NOT_IN_OPENING_INVENTORY","HIGH_PRIORITY_REVIEW","PRESERVE_LEGACY_EVIDENCE","IGNORED_RUNTIME_OR_GENERATED_EVIDENCE","Local ignored/runtime evidence is preserved for lineage and empirical review but is not promoted to production authority.","False","False","False","False","False","aed9e267440de174334a03c8b79af1e0b2a18fff214424b5a638c1e8670ea047"
"data/terminal2/master_secret_lair/cache/09ba1197759b376a9fd16977c7ccdde9084ed00c21f46ac62cc9e2c6d34f2952.json","STRUCTURAL_FEATURES","False","True","False","NOT_IN_OPENING_INVENTORY","PRESERVE_LEGACY_EVIDENCE","PRESERVE_LEGACY_EVIDENCE","LEGACY_MODEL_FORECAST_RANKING","Legacy modeling, forecasting, or ranking evidence must remain preserved but cannot become V1 authority without the governed tournament and certification sequence.","False","False","False","False","False","6c46ee96e9de75e3f09d8b7f0faee950a852ce2672f45ad653743403caadc789"
"data/terminal2/master_secret_lair/cache/09f5d7e4c461b688bc596c9c7c5ac3195106a8ff4224748ceef4d7abac370a89.json","STRUCTURAL_FEATURES","False","True","False","NOT_IN_OPENING_INVENTORY","PRESERVE_LEGACY_EVIDENCE","PRESERVE_LEGACY_EVIDENCE","LEGACY_MODEL_FORECAST_RANKING","Legacy modeling, forecasting, or ranking evidence must remain preserved but cannot become V1 authority without the governed tournament and certification sequence.","False","False","False","False","False","12ba34fdbaa5304a5fd087806a7c646d5e63e2ad4bdecf969861ff5afa93b398"
"data/terminal2/master_secret_lair/cache/0a8a06f2bd9fe9190c064d45e46aeb5ea80ca6528e4018820aca11aeaa21c7be.json","STRUCTURAL_FEATURES","False","True","False","NOT_IN_OPENING_INVENTORY","HIGH_PRIORITY_REVIEW","PRESERVE_LEGACY_EVIDENCE","IGNORED_RUNTIME_OR_GENERATED_EVIDENCE","Local ignored/runtime evidence is preserved for lineage and empirical review but is not promoted to production authority.","False","False","False","False","False","23f113a80be7f90771ef8fe5552185f2404beee882d9c926174812d7b88ad93d"
"data/terminal2/master_secret_lair/cache/0a97e2a750b9dd45c7239b642b9c41a5275b106e78566ae72e6c4c788e3cfe25.json","STRUCTURAL_FEATURES","False","True","False","NOT_IN_OPENING_INVENTORY","HIGH_PRIORITY_REVIEW","PRESERVE_LEGACY_EVIDENCE","IGNORED_RUNTIME_OR_GENERATED_EVIDENCE","Local ignored/runtime evidence is preserved for lineage and empirical review but is not promoted to production authority.","False","False","False","False","False","f53b08f7d6cef57c4124755daff9531ba31205eb86f30c47d77fe266bd93cd2b"
"data/terminal2/master_secret_lair/cache/0b34b1c94c368cd70fc276557d7b30a26373b5673a58f582b776218f6d7c0cf8.json","STRUCTURAL_FEATURES","False","True","False","NOT_IN_OPENING_INVENTORY","PRESERVE_LEGACY_EVIDENCE","PRESERVE_LEGACY_EVIDENCE","LEGACY_MODEL_FORECAST_RANKING","Legacy modeling, forecasting, or ranking evidence must remain preserved but cannot become V1 authority without the governed tournament and certification sequence.","False","False","False","False","False","20d28f25cc34b132285988adb56dc861fe4bd505f03fbd2bccdd32cb6079ce57"
"data/terminal2/master_secret_lair/cache/0bddfd153a3d6bf168073b3a5d20b62381b2729746e904dfb2ef36f194ac65fb.json","STRUCTURAL_FEATURES","False","True","False","NOT_IN_OPENING_INVENTORY","PRESERVE_LEGACY_EVIDENCE","PRESERVE_LEGACY_EVIDENCE","LEGACY_MODEL_FORECAST_RANKING","Legacy modeling, forecasting, or ranking evidence must remain preserved but cannot become V1 authority without the governed tournament and certification sequence.","False","False","False","False","False","7d06a5e76f5ef67e91988b5884fbc7ff30e88a89c1f54b232e2bd02e1f4c7ba5"
"data/terminal2/master_secret_lair/cache/0c29a1997516d80c5681674da7953af40ba5c16cab9daa8ba57e1ad21a52fec1.json","STRUCTURAL_FEATURES","False","True","False","NOT_IN_OPENING_INVENTORY","PRESERVE_LEGACY_EVIDENCE","PRESERVE_LEGACY_EVIDENCE","LEGACY_MODEL_FORECAST_RANKING","Legacy modeling, forecasting, or ranking evidence must remain preserved but cannot become V1 authority without the governed tournament and certification sequence.","False","False","False","False","False","5368883509d5cb78c8b4b490ff2c485359e189284ce82b7f0b8652b888e29d2a"
"data/terminal2/master_secret_lair/cache/0ca0cf12ce5a28616ca1a86389266d788d5540565373ead9760e60e86c968f31.json","STRUCTURAL_FEATURES","False","True","False","NOT_IN_OPENING_INVENTORY","PRESERVE_LEGACY_EVIDENCE","PRESERVE_LEGACY_EVIDENCE","LEGACY_MODEL_FORECAST_RANKING","Legacy modeling, forecasting, or ranking evidence must remain preserved but cannot become V1 authority without the governed tournament and certification sequence.","False","False","False","False","False","f31264272bce0c79c5d9f2f0bb1595581ba0d7567ac2240001398f2994cbdd23"
"data/terminal2/master_secret_lair/cache/0ccab825ff5fe7bf7e73843ce9d5c1d28e10553e17209842f874a232dcf36f54.json","STRUCTURAL_FEATURES","False","True","False","NOT_IN_OPENING_INVENTORY","PRESERVE_LEGACY_EVIDENCE","PRESERVE_LEGACY_EVIDENCE","LEGACY_MODEL_FORECAST_RANKING","Legacy modeling, forecasting, or ranking evidence must remain preserved but cannot become V1 authority without the governed tournament and certification sequence.","False","False","False","False","False","6e97f046562984def4b103b93f9e99ce0631fb5f393436b9cb7511ebb12a5cd3"
"data/terminal2/master_secret_lair/cache/0d65b8f7216ab4e8a271049b6b0f026cebdd3baa740d25b10d4946e452af9b8e.json","STRUCTURAL_FEATURES","False","True","False","NOT_IN_OPENING_INVENTORY","HIGH_PRIORITY_REVIEW","PRESERVE_LEGACY_EVIDENCE","IGNORED_RUNTIME_OR_GENERATED_EVIDENCE","Local ignored/runtime evidence is preserved for lineage and empirical review but is not promoted to production authority.","False","False","False","False","False","f1cab25749034bbb7492e6e58dfed8bd0166d92b252f0938f8194bab3d451c43"
"data/terminal2/master_secret_lair/cache/0d76ce94f17eb61ee56ae724ebd7cd3a07c671f9e461c3cd3d84a7e2164f7d70.json","STRUCTURAL_FEATURES","False","True","False","NOT_IN_OPENING_INVENTORY","PRESERVE_LEGACY_EVIDENCE","PRESERVE_LEGACY_EVIDENCE","LEGACY_MODEL_FORECAST_RANKING","Legacy modeling, forecasting, or ranking evidence must remain preserved but cannot become V1 authority without the governed tournament and certification sequence.","False","False","False","False","False","23000f809a140557ffc04606a362dc1e0414aa902ea71e849dc8080908ae9c79"
"data/terminal2/master_secret_lair/cache/0e51c7571ae85d056b5b707bbed1f5ddf2b0eb3a5ee90fce62fbd9737fd7f0b0.json","STRUCTURAL_FEATURES","False","True","False","NOT_IN_OPENING_INVENTORY","PRESERVE_LEGACY_EVIDENCE","PRESERVE_LEGACY_EVIDENCE","LEGACY_MODEL_FORECAST_RANKING","Legacy modeling, forecasting, or ranking evidence must remain preserved but cannot become V1 authority without the governed tournament and certification sequence.","False","False","False","False","False","95b9d1a132c1d5d6a2da1c7efc8576c9f5e3d572992cd6a3e098aa0cb8bc068c"
"data/terminal2/master_secret_lair/cache/0ede2e5cbfdb37087c25ecdb0de35f396d82c1b7c67de718495dde43c60779df.json","STRUCTURAL_FEATURES","False","True","False","NOT_IN_OPENING_INVENTORY","HIGH_PRIORITY_REVIEW","PRESERVE_LEGACY_EVIDENCE","IGNORED_RUNTIME_OR_GENERATED_EVIDENCE","Local ignored/runtime evidence is preserved for lineage and empirical review but is not promoted to production authority.","False","False","False","False","False","5fd88c12438cb17cfa7ddcf6014791bb960e52529b8b51cb82825d0565747ceb"
"data/terminal2/master_secret_lair/cache/0f88c05fad8b46c7b74f3fade8a9f55038ab94f81410154cd38ef9d8f5ac338d.json","STRUCTURAL_FEATURES","False","True","False","NOT_IN_OPENING_INVENTORY","HIGH_PRIORITY_REVIEW","PRESERVE_LEGACY_EVIDENCE","IGNORED_RUNTIME_OR_GENERATED_EVIDENCE","Local ignored/runtime evidence is preserved for lineage and empirical review but is not promoted to production authority.","False","False","False","False","False","c3e34d1e08baa357cf032d3a788117ec522a833c61b50bcdafe479003493ecd6"
"data/terminal2/master_secret_lair/cache/0fb1329e34adf5d4a9c2c0d811a1f1c0873a407b9765b7ea72657a319c0f7ce4.json","STRUCTURAL_FEATURES","False","True","False","NOT_IN_OPENING_INVENTORY","PRESERVE_LEGACY_EVIDENCE","PRESERVE_LEGACY_EVIDENCE","LEGACY_MODEL_FORECAST_RANKING","Legacy modeling, forecasting, or ranking evidence must remain preserved but cannot become V1 authority without the governed tournament and certification sequence.","False","False","False","False","False","35f28b45a401e699e3b86e0cbc2d26dc9ee13290118e2863e6d54d1c8509efde"
"data/terminal2/master_secret_lair/cache/1023d223d2849f088e437296bfdac3e7d6cac3f7bf89a3602da41836966c6dc2.json","STRUCTURAL_FEATURES","False","True","False","NOT_IN_OPENING_INVENTORY","HIGH_PRIORITY_REVIEW","PRESERVE_LEGACY_EVIDENCE","IGNORED_RUNTIME_OR_GENERATED_EVIDENCE","Local ignored/runtime evidence is preserved for lineage and empirical review but is not promoted to production authority.","False","False","False","False","False","35af74f3e09f6bb37edc4966b4125d55bfa935ae2b1bd3084e45366aafb4cf03"
"data/terminal2/master_secret_lair/cache/1084ec9819f4757954566d5db9c3db4c20b2bfcbb503dc3a67093a33a1f7e297.json","STRUCTURAL_FEATURES","False","True","False","NOT_IN_OPENING_INVENTORY","HIGH_PRIORITY_REVIEW","PRESERVE_LEGACY_EVIDENCE","IGNORED_RUNTIME_OR_GENERATED_EVIDENCE","Local ignored/runtime evidence is preserved for lineage and empirical review but is not promoted to production authority.","False","False","False","False","False","725e364e48b294494fc9ca37a98e3dc4db80ca1ecb78fa1e5039f030778a2b10"
"data/terminal2/master_secret_lair/cache/10d44fa8ee67e4d3be29a0198aed50b1af67b8c184d7df21a3ee04af343f9845.json","STRUCTURAL_FEATURES","False","True","False","NOT_IN_OPENING_INVENTORY","HIGH_PRIORITY_REVIEW","PRESERVE_LEGACY_EVIDENCE","IGNORED_RUNTIME_OR_GENERATED_EVIDENCE","Local ignored/runtime evidence is preserved for lineage and empirical review but is not promoted to production authority.","False","False","False","False","False","b3e0b64b5ccc45c69d51848d8185b603d1c4fd181183f949080d83934cec9a49"
"data/terminal2/master_secret_lair/cache/1264bbad68cad5d0bf6419f5924d9ebd1345536afb49c51b8a72025cb64138a6.json","STRUCTURAL_FEATURES","False","True","False","NOT_IN_OPENING_INVENTORY","PRESERVE_LEGACY_EVIDENCE","PRESERVE_LEGACY_EVIDENCE","LEGACY_MODEL_FORECAST_RANKING","Legacy modeling, forecasting, or ranking evidence must remain preserved but cannot become V1 authority without the governed tournament and certification sequence.","False","False","False","False","False","a2040105e0632505cdc54e884993246f356d1be1d5b07241b25558cf56eaf0c6"
"data/terminal2/master_secret_lair/cache/12a1deb931e3079e44872d5668ca108852a6d4451cf110da12b255aa11deb3e7.json","STRUCTURAL_FEATURES","False","True","False","NOT_IN_OPENING_INVENTORY","PRESERVE_LEGACY_EVIDENCE","PRESERVE_LEGACY_EVIDENCE","LEGACY_MODEL_FORECAST_RANKING","Legacy modeling, forecasting, or ranking evidence must remain preserved but cannot become V1 authority without the governed tournament and certification sequence.","False","False","False","False","False","0b927a96a20d40a174c3aff5ca3db3a8e022548975214f005839602268ebcc82"
"data/terminal2/master_secret_lair/cache/12adf8a201ff2bcb1cb6b1e64b9ca254cde8752ee5f7e298a505bae89b123f82.json","STRUCTURAL_FEATURES","False","True","False","NOT_IN_OPENING_INVENTORY","PRESERVE_LEGACY_EVIDENCE","PRESERVE_LEGACY_EVIDENCE","LEGACY_MODEL_FORECAST_RANKING","Legacy modeling, forecasting, or ranking evidence must remain preserved but cannot become V1 authority without the governed tournament and certification sequence.","False","False","False","False","False","dcefd9b810692772efe07cab818a96903f5d60f55cb2b441e396ee76fa9b1d65"
"data/terminal2/master_secret_lair/cache/12d9ef03dbe3b1063076ed7f5d201006ecfab2640c83d98495bffe2908dbd399.json","STRUCTURAL_FEATURES","False","True","False","NOT_IN_OPENING_INVENTORY","HIGH_PRIORITY_REVIEW","PRESERVE_LEGACY_EVIDENCE","IGNORED_RUNTIME_OR_GENERATED_EVIDENCE","Local ignored/runtime evidence is preserved for lineage and empirical review but is not promoted to production authority.","False","False","False","False","False","a0f98b54f3714cfef0c0a91a102517df4bd7afe7e0507f932126ec3ff8e645b0"
"data/terminal2/master_secret_lair/cache/13ce569758c1c69719bc3b85c4c784983fc4336524b8d0be36b85484726183d8.json","STRUCTURAL_FEATURES","False","True","False","NOT_IN_OPENING_INVENTORY","HIGH_PRIORITY_REVIEW","PRESERVE_LEGACY_EVIDENCE","IGNORED_RUNTIME_OR_GENERATED_EVIDENCE","Local ignored/runtime evidence is preserved for lineage and empirical review but is not promoted to production authority.","False","False","False","False","False","72574f37afcc9c643c3cc522e7bdbd407045dbe5dfe8599ee818c84e391053ac"
"data/terminal2/master_secret_lair/cache/14354353335ee3ae94106200913185d427fb5013856b1445fcd39026a5d3cd8a.json","STRUCTURAL_FEATURES","False","True","False","NOT_IN_OPENING_INVENTORY","PRESERVE_LEGACY_EVIDENCE","PRESERVE_LEGACY_EVIDENCE","LEGACY_MODEL_FORECAST_RANKING","Legacy modeling, forecasting, or ranking evidence must remain preserved but cannot become V1 authority without the governed tournament and certification sequence.","False","False","False","False","False","85b3debf21b52dc6a5a7f29f29aa3aec765a54ee1e88ef8d19d0e712197cbd68"
"data/terminal2/master_secret_lair/cache/15687cc3fa24839c73c2293a12c1f0ac07dc685c56f747ecadc5c181a1e000b8.json","STRUCTURAL_FEATURES","False","True","False","NOT_IN_OPENING_INVENTORY","PRESERVE_LEGACY_EVIDENCE","PRESERVE_LEGACY_EVIDENCE","LEGACY_MODEL_FORECAST_RANKING","Legacy modeling, forecasting, or ranking evidence must remain preserved but cannot become V1 authority without the governed tournament and certification sequence.","False","False","False","False","False","ef168e513f91c9c4ce7a60f2bdd1b72dac1f4914626c4f95bad7f11e2412a194"
"data/terminal2/master_secret_lair/cache/157641be128346a56fd5eba5aacf674f59b8f33fd77c2a4a575751d379585ef0.json","STRUCTURAL_FEATURES","False","True","False","NOT_IN_OPENING_INVENTORY","PRESERVE_LEGACY_EVIDENCE","PRESERVE_LEGACY_EVIDENCE","LEGACY_MODEL_FORECAST_RANKING","Legacy modeling, forecasting, or ranking evidence must remain preserved but cannot become V1 authority without the governed tournament and certification sequence.","False","False","False","False","False","73cb3a04a7d288782e18f80a8f7e658084741e0f9d3a07a81c3b041fa2fccbf8"
"data/terminal2/master_secret_lair/cache/15afa696f3dc9e168cad0026826e305d87fb5f979967dc91413907c92861efd8.json","STRUCTURAL_FEATURES","False","True","False","NOT_IN_OPENING_INVENTORY","PRESERVE_LEGACY_EVIDENCE","PRESERVE_LEGACY_EVIDENCE","LEGACY_MODEL_FORECAST_RANKING","Legacy modeling, forecasting, or ranking evidence must remain preserved but cannot become V1 authority without the governed tournament and certification sequence.","False","False","False","False","False","03f92652fa561aecba83bd663360317bbe998a3ecece679097c5678f490397e8"
"data/terminal2/master_secret_lair/cache/15b48cfa597a7b9da52604395bffb1743430f94854f435fe9da5e2c5861ad3dd.json","STRUCTURAL_FEATURES","False","True","False","NOT_IN_OPENING_INVENTORY","HIGH_PRIORITY_REVIEW","PRESERVE_LEGACY_EVIDENCE","IGNORED_RUNTIME_OR_GENERATED_EVIDENCE","Local ignored/runtime evidence is preserved for lineage and empirical review but is not promoted to production authority.","False","False","False","False","False","d8bff2872a23478ad80d2ee50d2d4bec3d3c85c91de6adbb4a67003840133279"
"data/terminal2/master_secret_lair/cache/15ed785b9aeb135818c635ffc1fc61dabb81484fac54b0dd30cf413286ddc930.json","STRUCTURAL_FEATURES","False","True","False","NOT_IN_OPENING_INVENTORY","PRESERVE_LEGACY_EVIDENCE","PRESERVE_LEGACY_EVIDENCE","LEGACY_MODEL_FORECAST_RANKING","Legacy modeling, forecasting, or ranking evidence must remain preserved but cannot become V1 authority without the governed tournament and certification sequence.","False","False","False","False","False","8b6347b1c3856d549241917b7feaa24a9ed62bdb1698cba4f99178bfeabcea70"
"data/terminal2/master_secret_lair/cache/16262485fba2ad4b23815afb4e00f42182e9e655fd1b32dda47e10c997a15c98.json","STRUCTURAL_FEATURES","False","True","False","NOT_IN_OPENING_INVENTORY","HIGH_PRIORITY_REVIEW","PRESERVE_LEGACY_EVIDENCE","IGNORED_RUNTIME_OR_GENERATED_EVIDENCE","Local ignored/runtime evidence is preserved for lineage and empirical review but is not promoted to production authority.","False","False","False","False","False","7c8dfc0af18d03fede3e99cda4948061f3444a3c3aa78ea49dcfeabde14aa182"
"data/terminal2/master_secret_lair/cache/164bbbbc2990fa34c4db0565bf7a63f726c8c8d0758fec92daf12420310c193f.json","STRUCTURAL_FEATURES","False","True","False","NOT_IN_OPENING_INVENTORY","HIGH_PRIORITY_REVIEW","PRESERVE_LEGACY_EVIDENCE","IGNORED_RUNTIME_OR_GENERATED_EVIDENCE","Local ignored/runtime evidence is preserved for lineage and empirical review but is not promoted to production authority.","False","False","False","False","False","dfe79c57673e915331d493a8bae4d24251099e1a862f1b1217d1f7d737635584"
"data/terminal2/master_secret_lair/cache/1653f7bf88b4eb5add688d3e66a718a5bb1fdcf9060b5024c0456bf3edb37150.json","STRUCTURAL_FEATURES","False","True","False","NOT_IN_OPENING_INVENTORY","PRESERVE_LEGACY_EVIDENCE","PRESERVE_LEGACY_EVIDENCE","LEGACY_MODEL_FORECAST_RANKING","Legacy modeling, forecasting, or ranking evidence must remain preserved but cannot become V1 authority without the governed tournament and certification sequence.","False","False","False","False","False","e1e43c22d6abd75ab8ff4c22ed8c1f52d2178070e39e2973c6e7ec3e9b3d23d4"
"data/terminal2/master_secret_lair/cache/18bfa6081af7e91d7dc6cec4067e4e0fda82b9aa2dfcdbab4056d5d2b448e8a4.json","STRUCTURAL_FEATURES","False","True","False","NOT_IN_OPENING_INVENTORY","HIGH_PRIORITY_REVIEW","PRESERVE_LEGACY_EVIDENCE","IGNORED_RUNTIME_OR_GENERATED_EVIDENCE","Local ignored/runtime evidence is preserved for lineage and empirical review but is not promoted to production authority.","False","False","False","False","False","c4fc0481eeb18d06eac3bf754231da42c3a56b8f3acd8138acb7f6b4daed0666"
"data/terminal2/master_secret_lair/cache/1922feb14b48d85a84077f25db85ff0a695b85d580c00bab5580ad6add550890.json","STRUCTURAL_FEATURES","False","True","False","NOT_IN_OPENING_INVENTORY","HIGH_PRIORITY_REVIEW","PRESERVE_LEGACY_EVIDENCE","IGNORED_RUNTIME_OR_GENERATED_EVIDENCE","Local ignored/runtime evidence is preserved for lineage and empirical review but is not promoted to production authority.","False","False","False","False","False","039b7d70ea7ccc792de92166b1e80f33b074e814c126b5705d0cedba017cb6ac"
"data/terminal2/master_secret_lair/cache/19d9d4a4ff9e3fe30d74143b75d3c6fbfe604f1402c2778de3585953e76ea37e.json","STRUCTURAL_FEATURES","False","True","False","NOT_IN_OPENING_INVENTORY","HIGH_PRIORITY_REVIEW","PRESERVE_LEGACY_EVIDENCE","IGNORED_RUNTIME_OR_GENERATED_EVIDENCE","Local ignored/runtime evidence is preserved for lineage and empirical review but is not promoted to production authority.","False","False","False","False","False","f354e9775356aae0e49d20cc469b49c630c91d83f97039f337f61d799f993f26"
"data/terminal2/master_secret_lair/cache/1a8ad7bb79faca10993bbdb50e9ed7fdaf0c48d45cd291661a7325840d77e528.json","STRUCTURAL_FEATURES","False","True","False","NOT_IN_OPENING_INVENTORY","HIGH_PRIORITY_REVIEW","PRESERVE_LEGACY_EVIDENCE","IGNORED_RUNTIME_OR_GENERATED_EVIDENCE","Local ignored/runtime evidence is preserved for lineage and empirical review but is not promoted to production authority.","False","False","False","False","False","ae105093641c47abbc3e1145ec14137ef7313643559456af87a8c0a4489a928d"
"data/terminal2/master_secret_lair/cache/1ae8b6403ab8a41b6331ffa7b4bd8515bbc5810f789cff08f6810245fcdca515.json","STRUCTURAL_FEATURES","False","True","False","NOT_IN_OPENING_INVENTORY","HIGH_PRIORITY_REVIEW","PRESERVE_LEGACY_EVIDENCE","IGNORED_RUNTIME_OR_GENERATED_EVIDENCE","Local ignored/runtime evidence is preserved for lineage and empirical review but is not promoted to production authority.","False","False","False","False","False","7d10c79079c660287d952aa8c877a0886eef47c84e27eeb8c1d4d7e3d849d8ad"
"data/terminal2/master_secret_lair/cache/1b0f73ce422fc25bf80ac71c16c005cbc2938d47e1e0ecd9242bc03667a46a68.json","STRUCTURAL_FEATURES","False","True","False","NOT_IN_OPENING_INVENTORY","HIGH_PRIORITY_REVIEW","PRESERVE_LEGACY_EVIDENCE","IGNORED_RUNTIME_OR_GENERATED_EVIDENCE","Local ignored/runtime evidence is preserved for lineage and empirical review but is not promoted to production authority.","False","False","False","False","False","d42361bdcece2541bf03bcc1734ea4f3e2d56a466d7373c460a63b2e4edefa21"
"data/terminal2/master_secret_lair/cache/1bbfd1ffb93ecd8518b16dea653cc073365dd1f4e47bc38d9dd366a32fc31d40.json","STRUCTURAL_FEATURES","False","True","False","NOT_IN_OPENING_INVENTORY","HIGH_PRIORITY_REVIEW","PRESERVE_LEGACY_EVIDENCE","IGNORED_RUNTIME_OR_GENERATED_EVIDENCE","Local ignored/runtime evidence is preserved for lineage and empirical review but is not promoted to production authority.","False","False","False","False","False","7155229f2d48867a93815a074a83ca785289e8ead919f91474ee1459c575c11b"
"data/terminal2/master_secret_lair/cache/1bdc61cb8e0e3d5ef395ae85d9a14d71f18963d5fab42ec886eceef24a731db2.json","STRUCTURAL_FEATURES","False","True","False","NOT_IN_OPENING_INVENTORY","HIGH_PRIORITY_REVIEW","PRESERVE_LEGACY_EVIDENCE","IGNORED_RUNTIME_OR_GENERATED_EVIDENCE","Local ignored/runtime evidence is preserved for lineage and empirical review but is not promoted to production authority.","False","False","False","False","False","2dfe02a8943098827738451c6586a18db625a30670f0e3eb09142d2106fe9fc8"
"data/terminal2/master_secret_lair/cache/1cc3d20562e8f1c1ceec3cb29c9eb8a393dff452def564cabe77584f07ba9c3e.txt","STRUCTURAL_FEATURES","False","True","False","NOT_IN_OPENING_INVENTORY","HIGH_PRIORITY_REVIEW","PRESERVE_LEGACY_EVIDENCE","IGNORED_RUNTIME_OR_GENERATED_EVIDENCE","Local ignored/runtime evidence is preserved for lineage and empirical review but is not promoted to production authority.","False","False","False","False","False","ac0da1a40e3317f91df191365920d05896c4d7760be0dadf995ea0c88dfa3f71"
"data/terminal2/master_secret_lair/cache/1d469c1c2bdfd0f186d09343951c90a8243d6f59fb07aada204f257b801a756b.json","STRUCTURAL_FEATURES","False","True","False","NOT_IN_OPENING_INVENTORY","HIGH_PRIORITY_REVIEW","PRESERVE_LEGACY_EVIDENCE","IGNORED_RUNTIME_OR_GENERATED_EVIDENCE","Local ignored/runtime evidence is preserved for lineage and empirical review but is not promoted to production authority.","False","False","False","False","False","ba74a056fb773375b2ee385db46f17a6f46031958804a284058044c6a1bf70fc"
"data/terminal2/master_secret_lair/cache/1d96fcecbd61baeed0a096cf4344ee470ea655c369124774816622f0fa1f4a14.json","STRUCTURAL_FEATURES","False","True","False","NOT_IN_OPENING_INVENTORY","HIGH_PRIORITY_REVIEW","PRESERVE_LEGACY_EVIDENCE","IGNORED_RUNTIME_OR_GENERATED_EVIDENCE","Local ignored/runtime evidence is preserved for lineage and empirical review but is not promoted to production authority.","False","False","False","False","False","83cfbd34ad0219864b7a7cc7cae0303880b97d10679292eebefa11ce68d363ea"
"data/terminal2/master_secret_lair/cache/1e5f9241021664fe0e30fe2e4c095649d17f705c8b53439553bd90b65d060a89.json","STRUCTURAL_FEATURES","False","True","False","NOT_IN_OPENING_INVENTORY","HIGH_PRIORITY_REVIEW","PRESERVE_LEGACY_EVIDENCE","IGNORED_RUNTIME_OR_GENERATED_EVIDENCE","Local ignored/runtime evidence is preserved for lineage and empirical review but is not promoted to production authority.","False","False","False","False","False","ccd4caf7f551e58c41070f369fa53d37c0fb63d48492d4dc45026fb0cb14eeee"
"data/terminal2/master_secret_lair/cache/1e8c989054bf598fee2a1d6f7d922aa70a3b806914bc22817fdade5eca35aa01.json","STRUCTURAL_FEATURES","False","True","False","NOT_IN_OPENING_INVENTORY","HIGH_PRIORITY_REVIEW","PRESERVE_LEGACY_EVIDENCE","IGNORED_RUNTIME_OR_GENERATED_EVIDENCE","Local ignored/runtime evidence is preserved for lineage and empirical review but is not promoted to production authority.","False","False","False","False","False","1ba45cb646d11d96fe79c62fce630b8e0fba34674c7ae7e47bb5d78116e157be"
"data/terminal2/master_secret_lair/cache/1e8f142dfaa1e5823a5e838c051e23d2a07a7e0f9030b153f9b563822d4b7d6c.json","STRUCTURAL_FEATURES","False","True","False","NOT_IN_OPENING_INVENTORY","HIGH_PRIORITY_REVIEW","PRESERVE_LEGACY_EVIDENCE","IGNORED_RUNTIME_OR_GENERATED_EVIDENCE","Local ignored/runtime evidence is preserved for lineage and empirical review but is not promoted to production authority.","False","False","False","False","False","5bb518b87885b2af19632f2ea5177701cca0f7517fe8ec79f422c7e251f67b41"
"data/terminal2/master_secret_lair/cache/1eec1969c2ec74323344ab920d1dc51ce15c42328196c5e93fb739b50a6ea01b.json","STRUCTURAL_FEATURES","False","True","False","NOT_IN_OPENING_INVENTORY","HIGH_PRIORITY_REVIEW","PRESERVE_LEGACY_EVIDENCE","IGNORED_RUNTIME_OR_GENERATED_EVIDENCE","Local ignored/runtime evidence is preserved for lineage and empirical review but is not promoted to production authority.","False","False","False","False","False","629e3a13080b068a370445811df44b1ac4ed023f1e72da919a2a2c0d372b4ad0"
"data/terminal2/master_secret_lair/cache/1f7a064f6b409ce81726224b53e9a993cdd68c69a60717f74a6eeccf1386ff31.json","STRUCTURAL_FEATURES","False","True","False","NOT_IN_OPENING_INVENTORY","PRESERVE_LEGACY_EVIDENCE","PRESERVE_LEGACY_EVIDENCE","LEGACY_MODEL_FORECAST_RANKING","Legacy modeling, forecasting, or ranking evidence must remain preserved but cannot become V1 authority without the governed tournament and certification sequence.","False","False","False","False","False","0f51f824cfeb1e474a05adcdb647f8344ce81d0b6b00c8aa88352e0a345ee1fc"
"data/terminal2/master_secret_lair/cache/2103674f9e31f9008e4e008e53050e3007340ecea0284a622229e9b5bebed98a.json","STRUCTURAL_FEATURES","False","True","False","NOT_IN_OPENING_INVENTORY","HIGH_PRIORITY_REVIEW","PRESERVE_LEGACY_EVIDENCE","IGNORED_RUNTIME_OR_GENERATED_EVIDENCE","Local ignored/runtime evidence is preserved for lineage and empirical review but is not promoted to production authority.","False","False","False","False","False","2d986b3af23a8a8109a5ae57f460bfa62733bc7d86fcbd912aafd8b8c48fc2f3"
"data/terminal2/master_secret_lair/cache/21186971636dea9254d6ba6f930b97083481f4e738bcd1ee48b8c066687d23fa.json","STRUCTURAL_FEATURES","False","True","False","NOT_IN_OPENING_INVENTORY","HIGH_PRIORITY_REVIEW","PRESERVE_LEGACY_EVIDENCE","IGNORED_RUNTIME_OR_GENERATED_EVIDENCE","Local ignored/runtime evidence is preserved for lineage and empirical review but is not promoted to production authority.","False","False","False","False","False","396881ea2269d3e0a55043e87c6dcaeaaa76c7a50267c2eef80d7c3f64228fe6"
"data/terminal2/master_secret_lair/cache/2201da37ff8e4f41a927b8998629539ec983f3ad02f4184e6dc7afc7fcbee0d3.json","STRUCTURAL_FEATURES","False","True","False","NOT_IN_OPENING_INVENTORY","HIGH_PRIORITY_REVIEW","PRESERVE_LEGACY_EVIDENCE","IGNORED_RUNTIME_OR_GENERATED_EVIDENCE","Local ignored/runtime evidence is preserved for lineage and empirical review but is not promoted to production authority.","False","False","False","False","False","c3295fdc18f82de4456a53af3fae3667b4e26c052b0fcc285bc50e3eaffc52aa"
"data/terminal2/master_secret_lair/cache/22b02f727835e2cc02a47225419a8103c8c7b0d9b629e3a2b762be8edbac936a.json","STRUCTURAL_FEATURES","False","True","False","NOT_IN_OPENING_INVENTORY","HIGH_PRIORITY_REVIEW","PRESERVE_LEGACY_EVIDENCE","IGNORED_RUNTIME_OR_GENERATED_EVIDENCE","Local ignored/runtime evidence is preserved for lineage and empirical review but is not promoted to production authority.","False","False","False","False","False","e24b540a812085f13a0616160ed4fb04193a471e45f9d4f2d601c4299984cc35"
"data/terminal2/master_secret_lair/cache/232b9325bf4be74bcc3635a0fb6f5975f1f2202ba187e3fda244743592ede586.json","STRUCTURAL_FEATURES","False","True","False","NOT_IN_OPENING_INVENTORY","HIGH_PRIORITY_REVIEW","PRESERVE_LEGACY_EVIDENCE","IGNORED_RUNTIME_OR_GENERATED_EVIDENCE","Local ignored/runtime evidence is preserved for lineage and empirical review but is not promoted to production authority.","False","False","False","False","False","a8bfc6b6fbdf4d2b2bc955cab7cbebcfd9136304d52dd4f60a76bc2e08ebf680"
"data/terminal2/master_secret_lair/cache/2452799bb4aa5b7e0e60fdce150fd40cf235b5cd8c8a6d2708411bc0897b25f1.json","STRUCTURAL_FEATURES","False","True","False","NOT_IN_OPENING_INVENTORY","HIGH_PRIORITY_REVIEW","PRESERVE_LEGACY_EVIDENCE","IGNORED_RUNTIME_OR_GENERATED_EVIDENCE","Local ignored/runtime evidence is preserved for lineage and empirical review but is not promoted to production authority.","False","False","False","False","False","4a70763e20a44a6a1900118dc15a36f09637107c712f70eb249f2deeb36a4fac"
"data/terminal2/master_secret_lair/cache/252fb093609bc5cb775d65bc94e9989d696725f38be28ebc398019ed6f76ac19.json","STRUCTURAL_FEATURES","False","True","False","NOT_IN_OPENING_INVENTORY","PRESERVE_LEGACY_EVIDENCE","PRESERVE_LEGACY_EVIDENCE","LEGACY_MODEL_FORECAST_RANKING","Legacy modeling, forecasting, or ranking evidence must remain preserved but cannot become V1 authority without the governed tournament and certification sequence.","False","False","False","False","False","bd094ae9339b376d6738fb81d04132cdd857b80a31098bec7308f27a447427a0"
"data/terminal2/master_secret_lair/cache/2551a6b36ac0f35bc1d05a3808c33632310678177ec89674042e12b7f0bbdcce.json","STRUCTURAL_FEATURES","False","True","False","NOT_IN_OPENING_INVENTORY","PRESERVE_LEGACY_EVIDENCE","PRESERVE_LEGACY_EVIDENCE","LEGACY_MODEL_FORECAST_RANKING","Legacy modeling, forecasting, or ranking evidence must remain preserved but cannot become V1 authority without the governed tournament and certification sequence.","False","False","False","False","False","92becc739033dc0f781589160f45d929bf363ff475014e205bf82a4c4d973213"
"data/terminal2/master_secret_lair/cache/257c596a83d6699e983aae38b3b031e252f4326e3e3d566957e031489eb39ab3.json","STRUCTURAL_FEATURES","False","True","False","NOT_IN_OPENING_INVENTORY","HIGH_PRIORITY_REVIEW","PRESERVE_LEGACY_EVIDENCE","IGNORED_RUNTIME_OR_GENERATED_EVIDENCE","Local ignored/runtime evidence is preserved for lineage and empirical review but is not promoted to production authority.","False","False","False","False","False","55dc21e198ee5e46ebdec18aad7c9b1dbd6a4084a675f7c406fc7cf19eb7f009"
"data/terminal2/master_secret_lair/cache/259fc3816bae58d4c3e940c52f3282e58de337a76849fc88cea0a8503b37a3a0.json","STRUCTURAL_FEATURES","False","True","False","NOT_IN_OPENING_INVENTORY","HIGH_PRIORITY_REVIEW","PRESERVE_LEGACY_EVIDENCE","IGNORED_RUNTIME_OR_GENERATED_EVIDENCE","Local ignored/runtime evidence is preserved for lineage and empirical review but is not promoted to production authority.","False","False","False","False","False","583e91e26cd78505085f4bd1e73e97b2742d9bdcf4975bcd94554ade3a57ae57"
"data/terminal2/master_secret_lair/cache/25b17ce852452bdfc6b9d71c13028f9e7b2bfe8567a1a75faa44288926d9d27a.json","STRUCTURAL_FEATURES","False","True","False","NOT_IN_OPENING_INVENTORY","HIGH_PRIORITY_REVIEW","PRESERVE_LEGACY_EVIDENCE","IGNORED_RUNTIME_OR_GENERATED_EVIDENCE","Local ignored/runtime evidence is preserved for lineage and empirical review but is not promoted to production authority.","False","False","False","False","False","c87dcafa93064766ff69ae85d1956703c137a0c2eccd57645ee246170a7095fc"
"data/terminal2/master_secret_lair/cache/25d96fd0cce3bcdb581ef7c72c36ade0bd53bcb1c1fbaeb8e5df0bc85f6fc258.json","STRUCTURAL_FEATURES","False","True","False","NOT_IN_OPENING_INVENTORY","HIGH_PRIORITY_REVIEW","PRESERVE_LEGACY_EVIDENCE","IGNORED_RUNTIME_OR_GENERATED_EVIDENCE","Local ignored/runtime evidence is preserved for lineage and empirical review but is not promoted to production authority.","False","False","False","False","False","6ec7f1d33865a165b8e02b15cda61a5d60b682f7b60cc32c2764798d6aeb0502"
"data/terminal2/master_secret_lair/cache/262884ebb76d1d2c15a3efc8f16404c5356d95a67b3f901ddb2c22f4a02fa112.json","STRUCTURAL_FEATURES","False","True","False","NOT_IN_OPENING_INVENTORY","HIGH_PRIORITY_REVIEW","PRESERVE_LEGACY_EVIDENCE","IGNORED_RUNTIME_OR_GENERATED_EVIDENCE","Local ignored/runtime evidence is preserved for lineage and empirical review but is not promoted to production authority.","False","False","False","False","False","8301ef41ec480e75cde0f0d68775293c10342809dc921d509ec10bb2cc48df2a"
"data/terminal2/master_secret_lair/cache/26b74554ee4c014165c3ceeb9cdf209c0113bf51618737578f6941fa7a7312fa.json","STRUCTURAL_FEATURES","False","True","False","NOT_IN_OPENING_INVENTORY","PRESERVE_LEGACY_EVIDENCE","PRESERVE_LEGACY_EVIDENCE","LEGACY_MODEL_FORECAST_RANKING","Legacy modeling, forecasting, or ranking evidence must remain preserved but cannot become V1 authority without the governed tournament and certification sequence.","False","False","False","False","False","470f963d8a36bb75f063c544b960de11f892b1d6fc2a4786673bd8dd6d3f5879"
"data/terminal2/master_secret_lair/cache/27127a66e777619ceb63047798514a5d69b4345efef1f35c7a457fec25a99571.json","STRUCTURAL_FEATURES","False","True","False","NOT_IN_OPENING_INVENTORY","HIGH_PRIORITY_REVIEW","PRESERVE_LEGACY_EVIDENCE","IGNORED_RUNTIME_OR_GENERATED_EVIDENCE","Local ignored/runtime evidence is preserved for lineage and empirical review but is not promoted to production authority.","False","False","False","False","False","ab143dbc95e623cedb1b41cf6489cdf80a5cc273a2d65c1a0074438f95eff313"
"data/terminal2/master_secret_lair/cache/291c0e183a91a0e9b64b8640adab3b6a1edd22e36629757dc98b2fec51444949.json","STRUCTURAL_FEATURES","False","True","False","NOT_IN_OPENING_INVENTORY","HIGH_PRIORITY_REVIEW","PRESERVE_LEGACY_EVIDENCE","IGNORED_RUNTIME_OR_GENERATED_EVIDENCE","Local ignored/runtime evidence is preserved for lineage and empirical review but is not promoted to production authority.","False","False","False","False","False","e91df117450ac1e3018381a52a1bcbd0b96ad214410ea1c5fff09970f400210b"
"data/terminal2/master_secret_lair/cache/292694a4d87190315552e9bf51adea6b1f8d7569b695d4d613d394e9e3497aca.json","STRUCTURAL_FEATURES","False","True","False","NOT_IN_OPENING_INVENTORY","HIGH_PRIORITY_REVIEW","PRESERVE_LEGACY_EVIDENCE","IGNORED_RUNTIME_OR_GENERATED_EVIDENCE","Local ignored/runtime evidence is preserved for lineage and empirical review but is not promoted to production authority.","False","False","False","False","False","88df802f27b51ec93c4a8c77a036362609bf68d21b920a71b6b9e0d33fc3c320"
"data/terminal2/master_secret_lair/cache/29487b57cd3e2220ce5cdbf64e68aee939ea245812a3acb274cfa3f92ac465a1.json","STRUCTURAL_FEATURES","False","True","False","NOT_IN_OPENING_INVENTORY","HIGH_PRIORITY_REVIEW","PRESERVE_LEGACY_EVIDENCE","IGNORED_RUNTIME_OR_GENERATED_EVIDENCE","Local ignored/runtime evidence is preserved for lineage and empirical review but is not promoted to production authority.","False","False","False","False","False","b99c978ef58d07e1fda5d6070636b343e08eb5f2718e3de796ca201867f7d11d"
"data/terminal2/master_secret_lair/cache/294a46f297f12f5d6f02bdfdad896fe1e6f8468bd3e54c81e1b2ac019c07b48c.json","STRUCTURAL_FEATURES","False","True","False","NOT_IN_OPENING_INVENTORY","HIGH_PRIORITY_REVIEW","PRESERVE_LEGACY_EVIDENCE","IGNORED_RUNTIME_OR_GENERATED_EVIDENCE","Local ignored/runtime evidence is preserved for lineage and empirical review but is not promoted to production authority.","False","False","False","False","False","be473ade287876420656549750e71ea903c2f5c0a8541d2f5876528f29c1dea6"
"data/terminal2/master_secret_lair/cache/2b23c32867be4a25ad0feb71008dc5ecdf1402846902971b641eb7d83eb3989a.json","STRUCTURAL_FEATURES","False","True","False","NOT_IN_OPENING_INVENTORY","HIGH_PRIORITY_REVIEW","PRESERVE_LEGACY_EVIDENCE","IGNORED_RUNTIME_OR_GENERATED_EVIDENCE","Local ignored/runtime evidence is preserved for lineage and empirical review but is not promoted to production authority.","False","False","False","False","False","ca8659b6d45d57b895a72b630e9e9494c318e251c91136e102794f5aed49dd77"
"data/terminal2/master_secret_lair/cache/2b693b82951edae7f8669a29d437b7bcfeef98a0c5e24ecaf35ae495eb8a943d.json","STRUCTURAL_FEATURES","False","True","False","NOT_IN_OPENING_INVENTORY","HIGH_PRIORITY_REVIEW","PRESERVE_LEGACY_EVIDENCE","IGNORED_RUNTIME_OR_GENERATED_EVIDENCE","Local ignored/runtime evidence is preserved for lineage and empirical review but is not promoted to production authority.","False","False","False","False","False","ad7516f812a999fc8cf897bdfcd99e8dbeabe1613835d8a97cdc0918227b9bf8"
"data/terminal2/master_secret_lair/cache/2d1cf8e4bf2e15a07e2364ab8c6e730e6e891928cbc2bce6f7c1c4fc6ea405e5.json","STRUCTURAL_FEATURES","False","True","False","NOT_IN_OPENING_INVENTORY","HIGH_PRIORITY_REVIEW","PRESERVE_LEGACY_EVIDENCE","IGNORED_RUNTIME_OR_GENERATED_EVIDENCE","Local ignored/runtime evidence is preserved for lineage and empirical review but is not promoted to production authority.","False","False","False","False","False","025388850bf3db6e2ca414e20a8cc1171d5cc8d5f81e4f31f121847abe31eff0"
"data/terminal2/master_secret_lair/cache/2e56ac2fb992211f3baac8fe0ecbe7cefea3d9680ff6977e66dcb116dc2c7d2f.json","STRUCTURAL_FEATURES","False","True","False","NOT_IN_OPENING_INVENTORY","PRESERVE_LEGACY_EVIDENCE","PRESERVE_LEGACY_EVIDENCE","LEGACY_MODEL_FORECAST_RANKING","Legacy modeling, forecasting, or ranking evidence must remain preserved but cannot become V1 authority without the governed tournament and certification sequence.","False","False","False","False","False","05cc79051dcba322a1e71528b61146dd591a196f2f86cd36d039572d17189f95"
"data/terminal2/master_secret_lair/cache/2f76b3cac4535022e530ab7266df5c3eaf466f96e0194fdf2986e3ea2649e16a.json","STRUCTURAL_FEATURES","False","True","False","NOT_IN_OPENING_INVENTORY","PRESERVE_LEGACY_EVIDENCE","PRESERVE_LEGACY_EVIDENCE","LEGACY_MODEL_FORECAST_RANKING","Legacy modeling, forecasting, or ranking evidence must remain preserved but cannot become V1 authority without the governed tournament and certification sequence.","False","False","False","False","False","cdd923924eb6a549652e1f33355557c137c421e03bdfad80fcfc34db17e76e6f"
"data/terminal2/master_secret_lair/cache/2fd26b9f10e23b19775231b74639bd1454dfc8ca82b5984d22b4909c2d6ad789.json","STRUCTURAL_FEATURES","False","True","False","NOT_IN_OPENING_INVENTORY","HIGH_PRIORITY_REVIEW","PRESERVE_LEGACY_EVIDENCE","IGNORED_RUNTIME_OR_GENERATED_EVIDENCE","Local ignored/runtime evidence is preserved for lineage and empirical review but is not promoted to production authority.","False","False","False","False","False","6291993b341dce9fe725438c3ce446c1a03fe6067e0e2a80705bff5afc5d85d4"
"data/terminal2/master_secret_lair/cache/30ad042fe2ce0a3d33ecad2ef0aac545fbd5a60e1d12102c2d4754481889b6a7.json","STRUCTURAL_FEATURES","False","True","False","NOT_IN_OPENING_INVENTORY","HIGH_PRIORITY_REVIEW","PRESERVE_LEGACY_EVIDENCE","IGNORED_RUNTIME_OR_GENERATED_EVIDENCE","Local ignored/runtime evidence is preserved for lineage and empirical review but is not promoted to production authority.","False","False","False","False","False","05cafe3f2a032b5c64166d7e84b987592fb3dde62200c484551c3dd51a749d32"
"data/terminal2/master_secret_lair/cache/329cd6599329e3b4d97a74dd7b163b17ee496da0c885357c1e3f24d1f7e96a49.json","STRUCTURAL_FEATURES","False","True","False","NOT_IN_OPENING_INVENTORY","HIGH_PRIORITY_REVIEW","PRESERVE_LEGACY_EVIDENCE","IGNORED_RUNTIME_OR_GENERATED_EVIDENCE","Local ignored/runtime evidence is preserved for lineage and empirical review but is not promoted to production authority.","False","False","False","False","False","ff408e19205eb651785c9cd0cc5e8ce5cccf076caae309d2ee57b4854316709e"
"data/terminal2/master_secret_lair/cache/32b5039b400db70f66f0edac89598ef84a89ae9a3c11c68603eabaea442a8f75.json","STRUCTURAL_FEATURES","False","True","False","NOT_IN_OPENING_INVENTORY","HIGH_PRIORITY_REVIEW","PRESERVE_LEGACY_EVIDENCE","IGNORED_RUNTIME_OR_GENERATED_EVIDENCE","Local ignored/runtime evidence is preserved for lineage and empirical review but is not promoted to production authority.","False","False","False","False","False","52046064ecc365416fc40d3631bfcce0ba29754413337d26392f809645935b13"
"data/terminal2/master_secret_lair/cache/32c2d7281ec4bad27646fb950a0b35e9455cd2cc897dc8ddfcce39cd7e11cb2c.json","STRUCTURAL_FEATURES","False","True","False","NOT_IN_OPENING_INVENTORY","PRESERVE_LEGACY_EVIDENCE","PRESERVE_LEGACY_EVIDENCE","LEGACY_MODEL_FORECAST_RANKING","Legacy modeling, forecasting, or ranking evidence must remain preserved but cannot become V1 authority without the governed tournament and certification sequence.","False","False","False","False","False","d1b461a51f44c130907058d06870f0a4339ac13dbb025c131f151200f1b54389"
"data/terminal2/master_secret_lair/cache/33a14de472af909063daaa4f2f7c26c773ebc169f7eb34183b93bf688afaedd4.json","STRUCTURAL_FEATURES","False","True","False","NOT_IN_OPENING_INVENTORY","HIGH_PRIORITY_REVIEW","PRESERVE_LEGACY_EVIDENCE","IGNORED_RUNTIME_OR_GENERATED_EVIDENCE","Local ignored/runtime evidence is preserved for lineage and empirical review but is not promoted to production authority.","False","False","False","False","False","18dbdb0d93493da1f13f595221e9aeb4005e19c50d4e11bb1d56a7778fd1e9e0"
"data/terminal2/master_secret_lair/cache/3440e0a4cdd599d94bcc32e3e3ecbe90b10c041f4129f91f6a02258822c89533.json","STRUCTURAL_FEATURES","False","True","False","NOT_IN_OPENING_INVENTORY","HIGH_PRIORITY_REVIEW","PRESERVE_LEGACY_EVIDENCE","IGNORED_RUNTIME_OR_GENERATED_EVIDENCE","Local ignored/runtime evidence is preserved for lineage and empirical review but is not promoted to production authority.","False","False","False","False","False","34cbfe02f5616e072c535a18b1c517c1ede9c27f9be19839578792d8aa30fb3a"
"data/terminal2/master_secret_lair/cache/35b5537573a3948ddd3c1c9fcb74497cb50b2262cee035c84580341b3462e0b5.json","STRUCTURAL_FEATURES","False","True","False","NOT_IN_OPENING_INVENTORY","HIGH_PRIORITY_REVIEW","PRESERVE_LEGACY_EVIDENCE","IGNORED_RUNTIME_OR_GENERATED_EVIDENCE","Local ignored/runtime evidence is preserved for lineage and empirical review but is not promoted to production authority.","False","False","False","False","False","34486a1d40762db0478b509b09791ccdb31971b3ecdb34a237c61e937ead1121"
"data/terminal2/master_secret_lair/cache/35edde73646c55c8d961e9b6ef69ddd02a1751ed3a47bfa42251217be3eb37ea.json","STRUCTURAL_FEATURES","False","True","False","NOT_IN_OPENING_INVENTORY","HIGH_PRIORITY_REVIEW","PRESERVE_LEGACY_EVIDENCE","IGNORED_RUNTIME_OR_GENERATED_EVIDENCE","Local ignored/runtime evidence is preserved for lineage and empirical review but is not promoted to production authority.","False","False","False","False","False","8db9c2ba29c3e7882200dfea814c3a6a6a125000c91ac9956a6257eef2b33b6b"
"data/terminal2/master_secret_lair/cache/368fc80d593b395bd537a735e96e99f96073401c5f5e3083553e955bbff55022.json","STRUCTURAL_FEATURES","False","True","False","NOT_IN_OPENING_INVENTORY","PRESERVE_LEGACY_EVIDENCE","PRESERVE_LEGACY_EVIDENCE","LEGACY_MODEL_FORECAST_RANKING","Legacy modeling, forecasting, or ranking evidence must remain preserved but cannot become V1 authority without the governed tournament and certification sequence.","False","False","False","False","False","029f44c80266435c147482cca058c9e0923fee803bec5a094de22ecc346a03e0"
"data/terminal2/master_secret_lair/cache/370c62e7f6bac77e80aedd4ffaee8fb9f604e8d4c548f70d84892498965b5cc0.json","STRUCTURAL_FEATURES","False","True","False","NOT_IN_OPENING_INVENTORY","HIGH_PRIORITY_REVIEW","PRESERVE_LEGACY_EVIDENCE","IGNORED_RUNTIME_OR_GENERATED_EVIDENCE","Local ignored/runtime evidence is preserved for lineage and empirical review but is not promoted to production authority.","False","False","False","False","False","dd8f7a7a49f30ef2a7038cf7d644696494b6cfea8594e8cff02dea72e3ed94e0"
"data/terminal2/master_secret_lair/cache/3758e4dda5124b4471d8991456a0621f5539fc60d56d7e622161afe15ad54469.json","STRUCTURAL_FEATURES","False","True","False","NOT_IN_OPENING_INVENTORY","PRESERVE_LEGACY_EVIDENCE","PRESERVE_LEGACY_EVIDENCE","LEGACY_MODEL_FORECAST_RANKING","Legacy modeling, forecasting, or ranking evidence must remain preserved but cannot become V1 authority without the governed tournament and certification sequence.","False","False","False","False","False","598acf50664560bc1b362bc9188120dcc1be2e00a40ffc2c99fabe4a757c8021"
"data/terminal2/master_secret_lair/cache/379b4315e593006e7aa79771ae789518c0ff8eaa1b872477552e056b8fc16723.json","STRUCTURAL_FEATURES","False","True","False","NOT_IN_OPENING_INVENTORY","PRESERVE_LEGACY_EVIDENCE","PRESERVE_LEGACY_EVIDENCE","LEGACY_MODEL_FORECAST_RANKING","Legacy modeling, forecasting, or ranking evidence must remain preserved but cannot become V1 authority without the governed tournament and certification sequence.","False","False","False","False","False","66a5578000243d081075ae17497c42af6902ae8fc2cbcc0af804cd5ae8aec210"
"data/terminal2/master_secret_lair/cache/380f7371d1e7f780c2d4ecf63f6b652b252e647b60fab1698776cbe13b3e47a7.json","STRUCTURAL_FEATURES","False","True","False","NOT_IN_OPENING_INVENTORY","HIGH_PRIORITY_REVIEW","PRESERVE_LEGACY_EVIDENCE","IGNORED_RUNTIME_OR_GENERATED_EVIDENCE","Local ignored/runtime evidence is preserved for lineage and empirical review but is not promoted to production authority.","False","False","False","False","False","79fb32cd0c22e84168ab20ed46c7f29d2e7792cd6e4a712d46d77b4f3c237d41"
"data/terminal2/master_secret_lair/cache/38536c7b3a20a0e83a020eda5df8d6d2b453eb316b5b851afd83cf7327e47cb3.json","STRUCTURAL_FEATURES","False","True","False","NOT_IN_OPENING_INVENTORY","HIGH_PRIORITY_REVIEW","PRESERVE_LEGACY_EVIDENCE","IGNORED_RUNTIME_OR_GENERATED_EVIDENCE","Local ignored/runtime evidence is preserved for lineage and empirical review but is not promoted to production authority.","False","False","False","False","False","050fe9668d5e550814ac594de68532c30de22818745c385de4e55fbf2010303c"
"data/terminal2/master_secret_lair/cache/38ec8b59a291094d6e84ecb379e568db23de86b22cd980880bd2420104a9945f.json","STRUCTURAL_FEATURES","False","True","False","NOT_IN_OPENING_INVENTORY","PRESERVE_LEGACY_EVIDENCE","PRESERVE_LEGACY_EVIDENCE","LEGACY_MODEL_FORECAST_RANKING","Legacy modeling, forecasting, or ranking evidence must remain preserved but cannot become V1 authority without the governed tournament and certification sequence.","False","False","False","False","False","23fab9b3c61f8e18b91092f43faf22dfa1f39a2a3fd3b3e2e01992371ca9b27e"
"data/terminal2/master_secret_lair/cache/3958acf1cb08e73d6576996e333f51c89ba4c85bcaaf6619e213cfac648782a2.json","STRUCTURAL_FEATURES","False","True","False","NOT_IN_OPENING_INVENTORY","PRESERVE_LEGACY_EVIDENCE","PRESERVE_LEGACY_EVIDENCE","LEGACY_MODEL_FORECAST_RANKING","Legacy modeling, forecasting, or ranking evidence must remain preserved but cannot become V1 authority without the governed tournament and certification sequence.","False","False","False","False","False","2efd88549529970dc7c37042d6ecd52a9309b006c03091cf02fe12502c2a786c"
"data/terminal2/master_secret_lair/cache/39f674227509f6199acca9e17829b24c29a49040cdb6de54f5b597342ab29611.json","STRUCTURAL_FEATURES","False","True","False","NOT_IN_OPENING_INVENTORY","HIGH_PRIORITY_REVIEW","PRESERVE_LEGACY_EVIDENCE","IGNORED_RUNTIME_OR_GENERATED_EVIDENCE","Local ignored/runtime evidence is preserved for lineage and empirical review but is not promoted to production authority.","False","False","False","False","False","3d55473d36b31edfd45aaac717983859301d650564edaa8c38646d9bc6861f8c"
"data/terminal2/master_secret_lair/cache/3a24677ece7519ad3673215c39e4161316ee390eaa46fb2286317b8d44ae784e.json","STRUCTURAL_FEATURES","False","True","False","NOT_IN_OPENING_INVENTORY","HIGH_PRIORITY_REVIEW","PRESERVE_LEGACY_EVIDENCE","IGNORED_RUNTIME_OR_GENERATED_EVIDENCE","Local ignored/runtime evidence is preserved for lineage and empirical review but is not promoted to production authority.","False","False","False","False","False","e60f9dd982531806690f8b8574163f60bd81f0c609a6f8b53ab6ac2d31e8c851"
"data/terminal2/master_secret_lair/cache/3a61b05a712dd57f83ab6a2f2c3db7c9be3a06b37d5b2c4e892e63db27a0644d.json","STRUCTURAL_FEATURES","False","True","False","NOT_IN_OPENING_INVENTORY","HIGH_PRIORITY_REVIEW","PRESERVE_LEGACY_EVIDENCE","IGNORED_RUNTIME_OR_GENERATED_EVIDENCE","Local ignored/runtime evidence is preserved for lineage and empirical review but is not promoted to production authority.","False","False","False","False","False","02ffbce6596033603ac82c51947ea4236fbf2252a43ec766395a09e84572685e"
"data/terminal2/master_secret_lair/cache/3a78b60cf3ce12a093d312c2932b3fdcf428bc7a0bcfd56b7f11cb8afa7273a2.json","STRUCTURAL_FEATURES","False","True","False","NOT_IN_OPENING_INVENTORY","HIGH_PRIORITY_REVIEW","PRESERVE_LEGACY_EVIDENCE","IGNORED_RUNTIME_OR_GENERATED_EVIDENCE","Local ignored/runtime evidence is preserved for lineage and empirical review but is not promoted to production authority.","False","False","False","False","False","7874fdc692f6db4e72005ca6f459eb08f00ea6cc690d496b36bf1b86943000fe"
"data/terminal2/master_secret_lair/cache/3ae2bd10da12715e163c097ddb1dd7f620af445888f934fd3991d205eea0f828.json","STRUCTURAL_FEATURES","False","True","False","NOT_IN_OPENING_INVENTORY","PRESERVE_LEGACY_EVIDENCE","PRESERVE_LEGACY_EVIDENCE","LEGACY_MODEL_FORECAST_RANKING","Legacy modeling, forecasting, or ranking evidence must remain preserved but cannot become V1 authority without the governed tournament and certification sequence.","False","False","False","False","False","58626fc0c26def8167f776d7761db13f7d78d9f08f4ec1f73a0733488e501792"
"data/terminal2/master_secret_lair/cache/3b175f3b0dd1dad82c18b9eac8f0670cc2248e76730a9373c2f26ea5a53cb51e.json","STRUCTURAL_FEATURES","False","True","False","NOT_IN_OPENING_INVENTORY","HIGH_PRIORITY_REVIEW","PRESERVE_LEGACY_EVIDENCE","IGNORED_RUNTIME_OR_GENERATED_EVIDENCE","Local ignored/runtime evidence is preserved for lineage and empirical review but is not promoted to production authority.","False","False","False","False","False","a69b15b4ba150da72bcd2ceff81d5703269ebf7237add07a61d9c58a8333b7d3"
"data/terminal2/master_secret_lair/cache/3bea24604f08fe89eb16f841ad9ef2471c892436d38d83edc268ce0f86dd1b99.json","STRUCTURAL_FEATURES","False","True","False","NOT_IN_OPENING_INVENTORY","PRESERVE_LEGACY_EVIDENCE","PRESERVE_LEGACY_EVIDENCE","LEGACY_MODEL_FORECAST_RANKING","Legacy modeling, forecasting, or ranking evidence must remain preserved but cannot become V1 authority without the governed tournament and certification sequence.","False","False","False","False","False","00388b937ba8a46786eb62dc98a31b8463e745dba196b71bd178b6156437f307"
"data/terminal2/master_secret_lair/cache/3c47763d0fba6904d94e66e1b45c8f90967cb85329e109c67c2c23da0886dab4.json","STRUCTURAL_FEATURES","False","True","False","NOT_IN_OPENING_INVENTORY","HIGH_PRIORITY_REVIEW","PRESERVE_LEGACY_EVIDENCE","IGNORED_RUNTIME_OR_GENERATED_EVIDENCE","Local ignored/runtime evidence is preserved for lineage and empirical review but is not promoted to production authority.","False","False","False","False","False","2d4f93c2f294bcfa3e0fa51efea9bffd456f748f0356dfc4940ef61fbd89c80c"
"data/terminal2/master_secret_lair/cache/3c558f98f94028b963c8d4c67bacb5f23d2a3b330e5bb338e4c661b97fedea1e.json","STRUCTURAL_FEATURES","False","True","False","NOT_IN_OPENING_INVENTORY","PRESERVE_LEGACY_EVIDENCE","PRESERVE_LEGACY_EVIDENCE","LEGACY_MODEL_FORECAST_RANKING","Legacy modeling, forecasting, or ranking evidence must remain preserved but cannot become V1 authority without the governed tournament and certification sequence.","False","False","False","False","False","4a78a61d1239941bd09305348fe29f432d95defa5da133706446c8ff7729b834"
"data/terminal2/master_secret_lair/cache/3c698a93c6bd5d82017c558ed3d26a22051ef0839010e3ce9683049c24eb07ca.json","STRUCTURAL_FEATURES","False","True","False","NOT_IN_OPENING_INVENTORY","HIGH_PRIORITY_REVIEW","PRESERVE_LEGACY_EVIDENCE","IGNORED_RUNTIME_OR_GENERATED_EVIDENCE","Local ignored/runtime evidence is preserved for lineage and empirical review but is not promoted to production authority.","False","False","False","False","False","12ef11dd70f158dee284f2377153df941478a544bb15c03aea9259d67f544510"
"data/terminal2/master_secret_lair/cache/3ccf3eb03cb5f6007e85eb117a81bfdf242bb45d637d8df39f2fc5c95d59d598.json","STRUCTURAL_FEATURES","False","True","False","NOT_IN_OPENING_INVENTORY","HIGH_PRIORITY_REVIEW","PRESERVE_LEGACY_EVIDENCE","IGNORED_RUNTIME_OR_GENERATED_EVIDENCE","Local ignored/runtime evidence is preserved for lineage and empirical review but is not promoted to production authority.","False","False","False","False","False","b44f8aa78f80d6e738b8ff3e2db69cbde2cf6cec9d5d8a7f359e1dd26bce7d94"
"data/terminal2/master_secret_lair/cache/3d12eb5426c1a77fd5d9230e7178cdf73204426bc81be9419fd37361ca4f6e49.json","STRUCTURAL_FEATURES","False","True","False","NOT_IN_OPENING_INVENTORY","PRESERVE_LEGACY_EVIDENCE","PRESERVE_LEGACY_EVIDENCE","LEGACY_MODEL_FORECAST_RANKING","Legacy modeling, forecasting, or ranking evidence must remain preserved but cannot become V1 authority without the governed tournament and certification sequence.","False","False","False","False","False","fff1964163331908d6ca79a9f30693f9cc290c5f1d4969ba379760b4b6a1ee44"
"data/terminal2/master_secret_lair/cache/3d9770685052fc89aa145d5bfe42b3e5bded2b94cc89594a2a21f3f2461af09e.json","STRUCTURAL_FEATURES","False","True","False","NOT_IN_OPENING_INVENTORY","HIGH_PRIORITY_REVIEW","PRESERVE_LEGACY_EVIDENCE","IGNORED_RUNTIME_OR_GENERATED_EVIDENCE","Local ignored/runtime evidence is preserved for lineage and empirical review but is not promoted to production authority.","False","False","False","False","False","8a899c725610dedb2a160e0d358f4d6e379f9ea3b20d1ffd274e9e5f812c2a7f"
"data/terminal2/master_secret_lair/cache/3e01afd0942a53212e293ffe29813656fae7549f2138a1a0f607f3c6d898de09.json","STRUCTURAL_FEATURES","False","True","False","NOT_IN_OPENING_INVENTORY","PRESERVE_LEGACY_EVIDENCE","PRESERVE_LEGACY_EVIDENCE","LEGACY_MODEL_FORECAST_RANKING","Legacy modeling, forecasting, or ranking evidence must remain preserved but cannot become V1 authority without the governed tournament and certification sequence.","False","False","False","False","False","ca63103c485a024097749fe53a931053c8cafa20d6a9c7bca6849daf7bbbd5fb"
"data/terminal2/master_secret_lair/cache/3ec582a26be4db7245594d7dd79c94304e51252e607c34bd58cfb125352e7d20.json","STRUCTURAL_FEATURES","False","True","False","NOT_IN_OPENING_INVENTORY","HIGH_PRIORITY_REVIEW","PRESERVE_LEGACY_EVIDENCE","IGNORED_RUNTIME_OR_GENERATED_EVIDENCE","Local ignored/runtime evidence is preserved for lineage and empirical review but is not promoted to production authority.","False","False","False","False","False","5ff38f3352d69f7cfa9ae99bf794ade39f0721a39c63efb0081f0d90ff775cd6"
"data/terminal2/master_secret_lair/cache/3ee18cf3db68afa7635153db22d5c75e6672bd4dad97ec4feeeefbf1a10e69db.json","STRUCTURAL_FEATURES","False","True","False","NOT_IN_OPENING_INVENTORY","PRESERVE_LEGACY_EVIDENCE","PRESERVE_LEGACY_EVIDENCE","LEGACY_MODEL_FORECAST_RANKING","Legacy modeling, forecasting, or ranking evidence must remain preserved but cannot become V1 authority without the governed tournament and certification sequence.","False","False","False","False","False","134120dd5c5201f00c35d7a8d9c523b8cdf2803c01f952dae3ff43f988939e04"
"data/terminal2/master_secret_lair/cache/3f0cf8af90fb8ce66f87aebb9a4b7a3725215fa535a70c9b5aeb70f777dea747.json","STRUCTURAL_FEATURES","False","True","False","NOT_IN_OPENING_INVENTORY","HIGH_PRIORITY_REVIEW","PRESERVE_LEGACY_EVIDENCE","IGNORED_RUNTIME_OR_GENERATED_EVIDENCE","Local ignored/runtime evidence is preserved for lineage and empirical review but is not promoted to production authority.","False","False","False","False","False","32d82e7e34f18336c3de2859fc447417ba3d0502a5ff916667d8821474d882b0"
"data/terminal2/master_secret_lair/cache/3f1a843ba672ede1fd2e462ea3fb6e8311c2aca637d21712e4d7e815ce9186eb.json","STRUCTURAL_FEATURES","False","True","False","NOT_IN_OPENING_INVENTORY","HIGH_PRIORITY_REVIEW","PRESERVE_LEGACY_EVIDENCE","IGNORED_RUNTIME_OR_GENERATED_EVIDENCE","Local ignored/runtime evidence is preserved for lineage and empirical review but is not promoted to production authority.","False","False","False","False","False","a3a28f3a1829bef0e24bb140600bd29ed4b13f1947eabcc20130a4227dc55d72"
"data/terminal2/master_secret_lair/cache/41037f73d069e67a61e68586e4fe8efa11eb1210cd4aa0554a3e954ff8ad742d.json","STRUCTURAL_FEATURES","False","True","False","NOT_IN_OPENING_INVENTORY","HIGH_PRIORITY_REVIEW","PRESERVE_LEGACY_EVIDENCE","IGNORED_RUNTIME_OR_GENERATED_EVIDENCE","Local ignored/runtime evidence is preserved for lineage and empirical review but is not promoted to production authority.","False","False","False","False","False","14b1e57996b336ef4c10a71d93d3febae7af6877aece9676e11030d5944a32dd"
"data/terminal2/master_secret_lair/cache/41938533ec0363b0b150604f71baa69a4bc1c32da1cbb799ddda36df0b2dbff2.json","STRUCTURAL_FEATURES","False","True","False","NOT_IN_OPENING_INVENTORY","PRESERVE_LEGACY_EVIDENCE","PRESERVE_LEGACY_EVIDENCE","LEGACY_MODEL_FORECAST_RANKING","Legacy modeling, forecasting, or ranking evidence must remain preserved but cannot become V1 authority without the governed tournament and certification sequence.","False","False","False","False","False","aef713eac6cbf47757d085927920726b45e7dad8de6a4cf1fb6c3bda0a513e0a"
"data/terminal2/master_secret_lair/cache/41ed506ef60eb97f603b445ab1f0bf738ae34d85abba1dc221ac5dbe72025740.json","STRUCTURAL_FEATURES","False","True","False","NOT_IN_OPENING_INVENTORY","PRESERVE_LEGACY_EVIDENCE","PRESERVE_LEGACY_EVIDENCE","LEGACY_MODEL_FORECAST_RANKING","Legacy modeling, forecasting, or ranking evidence must remain preserved but cannot become V1 authority without the governed tournament and certification sequence.","False","False","False","False","False","423c07d897a07da4a2fe85bc1c328e6ab1f93a9ca5c90cbba560aa2ef0e400a5"
"data/terminal2/master_secret_lair/cache/4307e12624643645cdb19f145718ae129af732145ab6f288de20bb6609442b46.json","STRUCTURAL_FEATURES","False","True","False","NOT_IN_OPENING_INVENTORY","PRESERVE_LEGACY_EVIDENCE","PRESERVE_LEGACY_EVIDENCE","LEGACY_MODEL_FORECAST_RANKING","Legacy modeling, forecasting, or ranking evidence must remain preserved but cannot become V1 authority without the governed tournament and certification sequence.","False","False","False","False","False","9b112ddb52b73db1975271b41d3b98572c208916d390c603aa6646c0cd060203"
"data/terminal2/master_secret_lair/cache/43629e3879701c7153e574f5ff7765e4fc8e62b45f6d87849644cdf6570866a6.json","STRUCTURAL_FEATURES","False","True","False","NOT_IN_OPENING_INVENTORY","HIGH_PRIORITY_REVIEW","PRESERVE_LEGACY_EVIDENCE","IGNORED_RUNTIME_OR_GENERATED_EVIDENCE","Local ignored/runtime evidence is preserved for lineage and empirical review but is not promoted to production authority.","False","False","False","False","False","f39f644293faa7e320715ccdc73347c09b95b9e7c8028c5f5c79aaea43bdcaa9"
"data/terminal2/master_secret_lair/cache/43cf861746888b8358ce0cf88a96b9208b08dd673abd978486245d1961005684.json","STRUCTURAL_FEATURES","False","True","False","NOT_IN_OPENING_INVENTORY","HIGH_PRIORITY_REVIEW","PRESERVE_LEGACY_EVIDENCE","IGNORED_RUNTIME_OR_GENERATED_EVIDENCE","Local ignored/runtime evidence is preserved for lineage and empirical review but is not promoted to production authority.","False","False","False","False","False","ed03d2de92f484c85e4f7efd77df2361d8ad5ecf1808b8f04845f80d6e56bd6b"
"data/terminal2/master_secret_lair/cache/443ed258c2f3a79ccf5044ec57ba7c4170bfd6d3275787e4ee334eee5502f943.json","STRUCTURAL_FEATURES","False","True","False","NOT_IN_OPENING_INVENTORY","HIGH_PRIORITY_REVIEW","PRESERVE_LEGACY_EVIDENCE","IGNORED_RUNTIME_OR_GENERATED_EVIDENCE","Local ignored/runtime evidence is preserved for lineage and empirical review but is not promoted to production authority.","False","False","False","False","False","8e2ddfdca7c5e3851c5a3e95a11b8cb1fdab286af3815628941a5fc34599d990"
"data/terminal2/master_secret_lair/cache/44c999e60cf9477c925b290ceaae6afbb9cae301cc5f933c5ccf6653057b7cfc.json","STRUCTURAL_FEATURES","False","True","False","NOT_IN_OPENING_INVENTORY","HIGH_PRIORITY_REVIEW","PRESERVE_LEGACY_EVIDENCE","IGNORED_RUNTIME_OR_GENERATED_EVIDENCE","Local ignored/runtime evidence is preserved for lineage and empirical review but is not promoted to production authority.","False","False","False","False","False","17d4cd2c82ac326594add0f3ba7865182429bb5332e9fe7db889010c9ed2f725"
"data/terminal2/master_secret_lair/cache/4574a32ab47537a5dbd28bd769e5fc8d435280d92fe23d41f4d14b6650568aeb.json","STRUCTURAL_FEATURES","False","True","False","NOT_IN_OPENING_INVENTORY","PRESERVE_LEGACY_EVIDENCE","PRESERVE_LEGACY_EVIDENCE","LEGACY_MODEL_FORECAST_RANKING","Legacy modeling, forecasting, or ranking evidence must remain preserved but cannot become V1 authority without the governed tournament and certification sequence.","False","False","False","False","False","eb874c6aed021e95edd628ca9050a4595788f7b722419bf96bbfe68917f1c4cf"
"data/terminal2/master_secret_lair/cache/45f67ff5ee279b11689d6e10b3cb56225c1f97d68a82282240b85f468ce951d3.json","STRUCTURAL_FEATURES","False","True","False","NOT_IN_OPENING_INVENTORY","PRESERVE_LEGACY_EVIDENCE","PRESERVE_LEGACY_EVIDENCE","LEGACY_MODEL_FORECAST_RANKING","Legacy modeling, forecasting, or ranking evidence must remain preserved but cannot become V1 authority without the governed tournament and certification sequence.","False","False","False","False","False","1e41238a404e8672073124d3428a536363beef1a8997dc6a363dae7a58f6ad6a"
"data/terminal2/master_secret_lair/cache/467442b26cb30d94534cced3d1ec5cfc7a388402c01a34410421db81464ce74d.json","STRUCTURAL_FEATURES","False","True","False","NOT_IN_OPENING_INVENTORY","HIGH_PRIORITY_REVIEW","PRESERVE_LEGACY_EVIDENCE","IGNORED_RUNTIME_OR_GENERATED_EVIDENCE","Local ignored/runtime evidence is preserved for lineage and empirical review but is not promoted to production authority.","False","False","False","False","False","a851486bf615754372c05fe58bb05e33b0b1215b746add93703dcd73acbf7cf6"
"data/terminal2/master_secret_lair/cache/46797bec8b09726ae3fd01236add152072240c6ed4a803e4a290d7bd58a832a4.json","STRUCTURAL_FEATURES","False","True","False","NOT_IN_OPENING_INVENTORY","HIGH_PRIORITY_REVIEW","PRESERVE_LEGACY_EVIDENCE","IGNORED_RUNTIME_OR_GENERATED_EVIDENCE","Local ignored/runtime evidence is preserved for lineage and empirical review but is not promoted to production authority.","False","False","False","False","False","2cc31143a418d61575467dfd04edb3ee4eece7c59fa40eca53ce8486842bbcce"
"data/terminal2/master_secret_lair/cache/49f3700cc95bf1fad5926a581189387997d1e4dbf0034a7b6a6cb2b0fa62f462.json","STRUCTURAL_FEATURES","False","True","False","NOT_IN_OPENING_INVENTORY","PRESERVE_LEGACY_EVIDENCE","PRESERVE_LEGACY_EVIDENCE","LEGACY_MODEL_FORECAST_RANKING","Legacy modeling, forecasting, or ranking evidence must remain preserved but cannot become V1 authority without the governed tournament and certification sequence.","False","False","False","False","False","9e1005990c4522b7d9057c05ac2e9048976c82f51d2d7e976eb3f9087f089534"
"data/terminal2/master_secret_lair/cache/4a54100900ffae9cb0ceaba23eaaf721a8141ec474dff9d854ddcbd9b05ff151.json","STRUCTURAL_FEATURES","False","True","False","NOT_IN_OPENING_INVENTORY","HIGH_PRIORITY_REVIEW","PRESERVE_LEGACY_EVIDENCE","IGNORED_RUNTIME_OR_GENERATED_EVIDENCE","Local ignored/runtime evidence is preserved for lineage and empirical review but is not promoted to production authority.","False","False","False","False","False","d9545b2f4c952ebda176713426205076e4378088c9b453330189a7c17d8f3a7a"
"data/terminal2/master_secret_lair/cache/4a6c8ce054b742c3e7bb0c9a8e2655553b618a87512a806d896c67395512f356.json","STRUCTURAL_FEATURES","False","True","False","NOT_IN_OPENING_INVENTORY","HIGH_PRIORITY_REVIEW","PRESERVE_LEGACY_EVIDENCE","IGNORED_RUNTIME_OR_GENERATED_EVIDENCE","Local ignored/runtime evidence is preserved for lineage and empirical review but is not promoted to production authority.","False","False","False","False","False","b4bd52bf4e9a0b4cbf8fee090845367e68c0d194cbf1f9603a256445092f62e6"
"data/terminal2/master_secret_lair/cache/4aa40f08c72dc946770a4e980fc4e96c74a413e359881641ee67b227bf9cffdc.json","STRUCTURAL_FEATURES","False","True","False","NOT_IN_OPENING_INVENTORY","HIGH_PRIORITY_REVIEW","PRESERVE_LEGACY_EVIDENCE","IGNORED_RUNTIME_OR_GENERATED_EVIDENCE","Local ignored/runtime evidence is preserved for lineage and empirical review but is not promoted to production authority.","False","False","False","False","False","6bf2d0f2e6e82381270c5256a597aed10f30fa45787f5e2c33571d5aed4ecaf0"
"data/terminal2/master_secret_lair/cache/4aab6f5148e7b5b393954535790f1135833bdf9a3789dcc24aaf961c65732779.json","STRUCTURAL_FEATURES","False","True","False","NOT_IN_OPENING_INVENTORY","HIGH_PRIORITY_REVIEW","PRESERVE_LEGACY_EVIDENCE","IGNORED_RUNTIME_OR_GENERATED_EVIDENCE","Local ignored/runtime evidence is preserved for lineage and empirical review but is not promoted to production authority.","False","False","False","False","False","22445555ccaab103e0de2ba6d4d0c53bafb75dfcf02cd4af460c82f1f9b72bf7"
"data/terminal2/master_secret_lair/cache/4bd915dfa07cd89c06123ee4b19778a07b6edbc5b49cabb5e8f70182554fad9f.json","STRUCTURAL_FEATURES","False","True","False","NOT_IN_OPENING_INVENTORY","HIGH_PRIORITY_REVIEW","PRESERVE_LEGACY_EVIDENCE","IGNORED_RUNTIME_OR_GENERATED_EVIDENCE","Local ignored/runtime evidence is preserved for lineage and empirical review but is not promoted to production authority.","False","False","False","False","False","823984498e163f7920d4e93590c576c35a8f5086ca1075d6a575c8311177f74a"
"data/terminal2/master_secret_lair/cache/4c8f6da8b70977fee91baa2d33cfd057e9e4cbc339097844936579be321fa795.json","STRUCTURAL_FEATURES","False","True","False","NOT_IN_OPENING_INVENTORY","PRESERVE_LEGACY_EVIDENCE","PRESERVE_LEGACY_EVIDENCE","LEGACY_MODEL_FORECAST_RANKING","Legacy modeling, forecasting, or ranking evidence must remain preserved but cannot become V1 authority without the governed tournament and certification sequence.","False","False","False","False","False","9162ba678f6972a02ccdf8bcb8350ed913f85ff1f24559cf1c2afa9c56efcc70"
"data/terminal2/master_secret_lair/cache/4ce5d7261bac186147a3ceebc9c51d7013f0afa2960543e0a055c067a4002e74.json","STRUCTURAL_FEATURES","False","True","False","NOT_IN_OPENING_INVENTORY","PRESERVE_LEGACY_EVIDENCE","PRESERVE_LEGACY_EVIDENCE","LEGACY_MODEL_FORECAST_RANKING","Legacy modeling, forecasting, or ranking evidence must remain preserved but cannot become V1 authority without the governed tournament and certification sequence.","False","False","False","False","False","6ae5161258bf1e37f753584386d7e797d25128694556481c29975ff75bdaaed7"
"data/terminal2/master_secret_lair/cache/4d2ac411ab3bbd5b78a346725b0237027c551684f31c8ffd2003a1dd7ac68432.json","STRUCTURAL_FEATURES","False","True","False","NOT_IN_OPENING_INVENTORY","HIGH_PRIORITY_REVIEW","PRESERVE_LEGACY_EVIDENCE","IGNORED_RUNTIME_OR_GENERATED_EVIDENCE","Local ignored/runtime evidence is preserved for lineage and empirical review but is not promoted to production authority.","False","False","False","False","False","c7162d62f65dce3d9d46226c14efd7fff2fcc43a8c3e5ac7a9219925be61591f"
"data/terminal2/master_secret_lair/cache/4e009c7ccec616e328b3b8e5009051d128e1e987b654661879ec16bc8ae0da9f.json","STRUCTURAL_FEATURES","False","True","False","NOT_IN_OPENING_INVENTORY","HIGH_PRIORITY_REVIEW","PRESERVE_LEGACY_EVIDENCE","IGNORED_RUNTIME_OR_GENERATED_EVIDENCE","Local ignored/runtime evidence is preserved for lineage and empirical review but is not promoted to production authority.","False","False","False","False","False","9c61de265bc0d85f025203dd60934911e517e8048d39ab0db6eb166b6c545430"
"data/terminal2/master_secret_lair/cache/4e0687624aab3a519a50a5b0749df028ca4decca3b18ee5fd27da78df05faedb.json","STRUCTURAL_FEATURES","False","True","False","NOT_IN_OPENING_INVENTORY","HIGH_PRIORITY_REVIEW","PRESERVE_LEGACY_EVIDENCE","IGNORED_RUNTIME_OR_GENERATED_EVIDENCE","Local ignored/runtime evidence is preserved for lineage and empirical review but is not promoted to production authority.","False","False","False","False","False","585ee70c2f8bba5aea999533415f6b8929993d9d25f82af6195bc778c3214575"
"data/terminal2/master_secret_lair/cache/4f5a290fc65b99a5a0b95d53440db21ef1d524fa11b8b77fedf02af4a0cfba2a.json","STRUCTURAL_FEATURES","False","True","False","NOT_IN_OPENING_INVENTORY","PRESERVE_LEGACY_EVIDENCE","PRESERVE_LEGACY_EVIDENCE","LEGACY_MODEL_FORECAST_RANKING","Legacy modeling, forecasting, or ranking evidence must remain preserved but cannot become V1 authority without the governed tournament and certification sequence.","False","False","False","False","False","e981b31c97588d358f9969f519472a11cb6647bc568280f3af9cf11350ca422b"
"data/terminal2/master_secret_lair/cache/4fa9821dd41f7a09f2b970529f597e0dfe19ee18c82ff9ad97cd750ee95ddc0e.json","STRUCTURAL_FEATURES","False","True","False","NOT_IN_OPENING_INVENTORY","HIGH_PRIORITY_REVIEW","PRESERVE_LEGACY_EVIDENCE","IGNORED_RUNTIME_OR_GENERATED_EVIDENCE","Local ignored/runtime evidence is preserved for lineage and empirical review but is not promoted to production authority.","False","False","False","False","False","7f46b7521d04119aec2aa9a990b526e128e1b73a3564dbca0d646f02faa70d3c"
"data/terminal2/master_secret_lair/cache/501d7b30f1fb1ae62c3767db4ca201c5d787401781c952f314aaf4b38e2c65cd.json","STRUCTURAL_FEATURES","False","True","False","NOT_IN_OPENING_INVENTORY","HIGH_PRIORITY_REVIEW","PRESERVE_LEGACY_EVIDENCE","IGNORED_RUNTIME_OR_GENERATED_EVIDENCE","Local ignored/runtime evidence is preserved for lineage and empirical review but is not promoted to production authority.","False","False","False","False","False","8f6b07ea389845997064c6c70118ac8d6299afa5fa43dce43877e5a8651f25b3"
"data/terminal2/master_secret_lair/cache/509eeafd4f3bfb7859b43b6282b08f46fdd022c47e933efa2d8387699ddf0fa6.json","STRUCTURAL_FEATURES","False","True","False","NOT_IN_OPENING_INVENTORY","PRESERVE_LEGACY_EVIDENCE","PRESERVE_LEGACY_EVIDENCE","LEGACY_MODEL_FORECAST_RANKING","Legacy modeling, forecasting, or ranking evidence must remain preserved but cannot become V1 authority without the governed tournament and certification sequence.","False","False","False","False","False","8db46f22325d8887d05773955f579be5a4180853f921dc632748f69f1a825493"
"data/terminal2/master_secret_lair/cache/5104a108d430e5705bb5865b8de285ef3163c539dfee78daf4bd5fa2b9aa3480.json","STRUCTURAL_FEATURES","False","True","False","NOT_IN_OPENING_INVENTORY","HIGH_PRIORITY_REVIEW","PRESERVE_LEGACY_EVIDENCE","IGNORED_RUNTIME_OR_GENERATED_EVIDENCE","Local ignored/runtime evidence is preserved for lineage and empirical review but is not promoted to production authority.","False","False","False","False","False","bd6fd97cd5e21371a13f69a5142a29b9697862f09cab2ff29d421b8535633d41"
"data/terminal2/master_secret_lair/cache/514e4da922b85c0c0bda765b2ab969efb699d2a35da897dea1c099111a32362f.json","STRUCTURAL_FEATURES","False","True","False","NOT_IN_OPENING_INVENTORY","HIGH_PRIORITY_REVIEW","PRESERVE_LEGACY_EVIDENCE","IGNORED_RUNTIME_OR_GENERATED_EVIDENCE","Local ignored/runtime evidence is preserved for lineage and empirical review but is not promoted to production authority.","False","False","False","False","False","e3dd4b31a68e845ceb2b5d442192f6d9591b9318524781180c400a5cfa859a14"
"data/terminal2/master_secret_lair/cache/51ab0cabfcf0d0b318baa521e43d47bd888b097708b7bccc76d622b5fb44f72c.json","STRUCTURAL_FEATURES","False","True","False","NOT_IN_OPENING_INVENTORY","PRESERVE_LEGACY_EVIDENCE","PRESERVE_LEGACY_EVIDENCE","LEGACY_MODEL_FORECAST_RANKING","Legacy modeling, forecasting, or ranking evidence must remain preserved but cannot become V1 authority without the governed tournament and certification sequence.","False","False","False","False","False","bc950c938fe4d418182bff1d2892f163bd84ab57489b59f62b4b882eeac4331e"
"data/terminal2/master_secret_lair/cache/5353d8413c7f07f902292c8ba9e10113420437592f52e1a1a9721d8f91dbb54f.json","STRUCTURAL_FEATURES","False","True","False","NOT_IN_OPENING_INVENTORY","PRESERVE_LEGACY_EVIDENCE","PRESERVE_LEGACY_EVIDENCE","LEGACY_MODEL_FORECAST_RANKING","Legacy modeling, forecasting, or ranking evidence must remain preserved but cannot become V1 authority without the governed tournament and certification sequence.","False","False","False","False","False","84842d7f92f56da63cb670cad4fd587ca87f849caedb184209b3f77d36e7f2a7"
"data/terminal2/master_secret_lair/cache/53c752f5e38069d1b216101499f63a65eef3a12eaaf721b5cfa57db5c742a7d3.json","STRUCTURAL_FEATURES","False","True","False","NOT_IN_OPENING_INVENTORY","PRESERVE_LEGACY_EVIDENCE","PRESERVE_LEGACY_EVIDENCE","LEGACY_MODEL_FORECAST_RANKING","Legacy modeling, forecasting, or ranking evidence must remain preserved but cannot become V1 authority without the governed tournament and certification sequence.","False","False","False","False","False","7f2951b1de219952e26dc85c4d9dd11f4ac570122e8cced94e1d0b6c4117998e"
"data/terminal2/master_secret_lair/cache/53fbac81be1111bf845481e9a8788d7353e1e3065381ba4ac3810803e572d5a4.json","STRUCTURAL_FEATURES","False","True","False","NOT_IN_OPENING_INVENTORY","HIGH_PRIORITY_REVIEW","PRESERVE_LEGACY_EVIDENCE","IGNORED_RUNTIME_OR_GENERATED_EVIDENCE","Local ignored/runtime evidence is preserved for lineage and empirical review but is not promoted to production authority.","False","False","False","False","False","d09861ceb54dfd271f13922bbe0f6663abda7cbc1e7ba50b16a237916a6383a3"
"data/terminal2/master_secret_lair/cache/5402614b31655d75e760edd37b67e1b437ccaa46a63b68a6cc4d0e95449cc84b.json","STRUCTURAL_FEATURES","False","True","False","NOT_IN_OPENING_INVENTORY","HIGH_PRIORITY_REVIEW","PRESERVE_LEGACY_EVIDENCE","IGNORED_RUNTIME_OR_GENERATED_EVIDENCE","Local ignored/runtime evidence is preserved for lineage and empirical review but is not promoted to production authority.","False","False","False","False","False","9bbcc26cafddf3b69367e03fc7c5f7ebfb5f890fcb2858d475ff06c194d369a7"
"data/terminal2/master_secret_lair/cache/543a90fdfb27ee620fa1ed270d2c7b50d8b22538d1ba78d95fb7479610ab1040.json","STRUCTURAL_FEATURES","False","True","False","NOT_IN_OPENING_INVENTORY","HIGH_PRIORITY_REVIEW","PRESERVE_LEGACY_EVIDENCE","IGNORED_RUNTIME_OR_GENERATED_EVIDENCE","Local ignored/runtime evidence is preserved for lineage and empirical review but is not promoted to production authority.","False","False","False","False","False","daf60b6fdfd5bc2e559c9e5cbe65f4059253e5a2ebb72485c450b236105d7bfa"
"data/terminal2/master_secret_lair/cache/54525e0eef7528d6a6b31cf19579ca40dbf25e74b5859bd765c9230f48cd7823.json","STRUCTURAL_FEATURES","False","True","False","NOT_IN_OPENING_INVENTORY","PRESERVE_LEGACY_EVIDENCE","PRESERVE_LEGACY_EVIDENCE","LEGACY_MODEL_FORECAST_RANKING","Legacy modeling, forecasting, or ranking evidence must remain preserved but cannot become V1 authority without the governed tournament and certification sequence.","False","False","False","False","False","84ceb07c0b95373443bfaa1820f8fa7c663d89441e27bf54faeeb049e4a5ed75"
"data/terminal2/master_secret_lair/cache/54a11cfc6c4ad314ac936b1dec1d8cc11af566c33d1f6ab5beeba075c3657a80.json","STRUCTURAL_FEATURES","False","True","False","NOT_IN_OPENING_INVENTORY","HIGH_PRIORITY_REVIEW","PRESERVE_LEGACY_EVIDENCE","IGNORED_RUNTIME_OR_GENERATED_EVIDENCE","Local ignored/runtime evidence is preserved for lineage and empirical review but is not promoted to production authority.","False","False","False","False","False","8bf7ff5d50c74e1110cfe3b55877f25f3a16ea358287b6b56b14824f6475af2e"
"data/terminal2/master_secret_lair/cache/54aaaf471c340edcc941a674ff5fd65f0f7d6bbe135fcdf2031b091f8eaf61a9.json","STRUCTURAL_FEATURES","False","True","False","NOT_IN_OPENING_INVENTORY","HIGH_PRIORITY_REVIEW","PRESERVE_LEGACY_EVIDENCE","IGNORED_RUNTIME_OR_GENERATED_EVIDENCE","Local ignored/runtime evidence is preserved for lineage and empirical review but is not promoted to production authority.","False","False","False","False","False","910094533074730d89b72a898b4dc23758e6965c8031d7bee21f46cc35814e1c"
"data/terminal2/master_secret_lair/cache/551ec047e45ba4f2f74cb8656f0127f910ebbc71dea960732e6967756d96214d.json","STRUCTURAL_FEATURES","False","True","False","NOT_IN_OPENING_INVENTORY","HIGH_PRIORITY_REVIEW","PRESERVE_LEGACY_EVIDENCE","IGNORED_RUNTIME_OR_GENERATED_EVIDENCE","Local ignored/runtime evidence is preserved for lineage and empirical review but is not promoted to production authority.","False","False","False","False","False","9f3eee401d15528065762b8713278fd5125cc7aec073fca4edaeb1f4e760eec1"
"data/terminal2/master_secret_lair/cache/557e1af506be6ec1b43f7593e0f4dd2955cd04c77b7c1829f3fa9f5822b1b06e.json","STRUCTURAL_FEATURES","False","True","False","NOT_IN_OPENING_INVENTORY","HIGH_PRIORITY_REVIEW","PRESERVE_LEGACY_EVIDENCE","IGNORED_RUNTIME_OR_GENERATED_EVIDENCE","Local ignored/runtime evidence is preserved for lineage and empirical review but is not promoted to production authority.","False","False","False","False","False","57341d69c7dd1a9b16e40247649c1ece34afe219e16ce0afa1873e401d57eb42"
"data/terminal2/master_secret_lair/cache/55fe6b77c19d01f41a546026a8f0f4e9d7fb2760ea7ad9e47274c265dc038be3.json","STRUCTURAL_FEATURES","False","True","False","NOT_IN_OPENING_INVENTORY","HIGH_PRIORITY_REVIEW","PRESERVE_LEGACY_EVIDENCE","IGNORED_RUNTIME_OR_GENERATED_EVIDENCE","Local ignored/runtime evidence is preserved for lineage and empirical review but is not promoted to production authority.","False","False","False","False","False","ed72e505b18586326df0c3f895775942de76ac56a0a06d5414474e894b5c4440"
"data/terminal2/master_secret_lair/cache/561ca9d535b6ab9ba31f4b473c717eb11e251f2952418230470ddfdcc7e960a9.json","STRUCTURAL_FEATURES","False","True","False","NOT_IN_OPENING_INVENTORY","HIGH_PRIORITY_REVIEW","PRESERVE_LEGACY_EVIDENCE","IGNORED_RUNTIME_OR_GENERATED_EVIDENCE","Local ignored/runtime evidence is preserved for lineage and empirical review but is not promoted to production authority.","False","False","False","False","False","b11c15e79166a4a558e119fc5d8f88ab280cbbe6d169fbb15181982acfdc8014"
"data/terminal2/master_secret_lair/cache/5622b2b40791f85ef60d690771a3611574b7943ed6babb2c39dde8254344cbad.json","STRUCTURAL_FEATURES","False","True","False","NOT_IN_OPENING_INVENTORY","HIGH_PRIORITY_REVIEW","PRESERVE_LEGACY_EVIDENCE","IGNORED_RUNTIME_OR_GENERATED_EVIDENCE","Local ignored/runtime evidence is preserved for lineage and empirical review but is not promoted to production authority.","False","False","False","False","False","b9481bd129f31caad3fe4f18b6d788c1db848d3497b445406852588ba3bf9020"
"data/terminal2/master_secret_lair/cache/56de8983b70a5669e9a3677b2690fba14a46e83d6e2bae091d2d18e9d5e1744c.json","STRUCTURAL_FEATURES","False","True","False","NOT_IN_OPENING_INVENTORY","PRESERVE_LEGACY_EVIDENCE","PRESERVE_LEGACY_EVIDENCE","LEGACY_MODEL_FORECAST_RANKING","Legacy modeling, forecasting, or ranking evidence must remain preserved but cannot become V1 authority without the governed tournament and certification sequence.","False","False","False","False","False","8e2aeb0ca04cce4c1b1e325c8e04fdfc85b3460f449fd833031e5bfb25632304"
"data/terminal2/master_secret_lair/cache/5715abcaddb181be93c8c635de89fa79cd0c58440fc144895bbcaea48c6e821c.json","STRUCTURAL_FEATURES","False","True","False","NOT_IN_OPENING_INVENTORY","PRESERVE_LEGACY_EVIDENCE","PRESERVE_LEGACY_EVIDENCE","LEGACY_MODEL_FORECAST_RANKING","Legacy modeling, forecasting, or ranking evidence must remain preserved but cannot become V1 authority without the governed tournament and certification sequence.","False","False","False","False","False","70dd95c762d667db6134cda057d48bc0249dddca3fc5a76bf97c010ca5f2921a"
"data/terminal2/master_secret_lair/cache/5756dd85d78adfab8a24ebcebae8fdfd60d496d55c6a517851a8a3fc93a8c5b8.json","STRUCTURAL_FEATURES","False","True","False","NOT_IN_OPENING_INVENTORY","HIGH_PRIORITY_REVIEW","PRESERVE_LEGACY_EVIDENCE","IGNORED_RUNTIME_OR_GENERATED_EVIDENCE","Local ignored/runtime evidence is preserved for lineage and empirical review but is not promoted to production authority.","False","False","False","False","False","c4254f505856c1fe8812b7d4c2a4a4a035ee1c2a4c4aa331f34c1e1fe2c64f1c"
"data/terminal2/master_secret_lair/cache/5b5a08765887f576ab9b9ca216157418e0394e920b3fb125d26c17f0ddf4d711.json","STRUCTURAL_FEATURES","False","True","False","NOT_IN_OPENING_INVENTORY","PRESERVE_LEGACY_EVIDENCE","PRESERVE_LEGACY_EVIDENCE","LEGACY_MODEL_FORECAST_RANKING","Legacy modeling, forecasting, or ranking evidence must remain preserved but cannot become V1 authority without the governed tournament and certification sequence.","False","False","False","False","False","e89d8a1c6d45966016b734da99474a3b3713e93b14d0709b5567a2ff41c15cae"
"data/terminal2/master_secret_lair/cache/5b79ea8de72d640f612413ede09207cfcfe26633eb70ffb090623cad86177452.json","STRUCTURAL_FEATURES","False","True","False","NOT_IN_OPENING_INVENTORY","HIGH_PRIORITY_REVIEW","PRESERVE_LEGACY_EVIDENCE","IGNORED_RUNTIME_OR_GENERATED_EVIDENCE","Local ignored/runtime evidence is preserved for lineage and empirical review but is not promoted to production authority.","False","False","False","False","False","7a4c25b9f5028f9975c81fee93f3d2214b622bb170f0a5a9c4027fbc4c54a219"
"data/terminal2/master_secret_lair/cache/5b8fe3be2c1138cbe92bc922738e6a65da6dace8781806da90611352c8ef301e.json","STRUCTURAL_FEATURES","False","True","False","NOT_IN_OPENING_INVENTORY","PRESERVE_LEGACY_EVIDENCE","PRESERVE_LEGACY_EVIDENCE","LEGACY_MODEL_FORECAST_RANKING","Legacy modeling, forecasting, or ranking evidence must remain preserved but cannot become V1 authority without the governed tournament and certification sequence.","False","False","False","False","False","d6e1ad4afcd4e193e0e12e2e90067d16a7cb3f18a323e82e246ad0e179b6b981"
"data/terminal2/master_secret_lair/cache/5b972b1ca1634755e4e54f56ac91f0b2d53d361b49b339e0071012fab4e556fc.json","STRUCTURAL_FEATURES","False","True","False","NOT_IN_OPENING_INVENTORY","HIGH_PRIORITY_REVIEW","PRESERVE_LEGACY_EVIDENCE","IGNORED_RUNTIME_OR_GENERATED_EVIDENCE","Local ignored/runtime evidence is preserved for lineage and empirical review but is not promoted to production authority.","False","False","False","False","False","aecc347ad83f9291f4423ed022b760166ecae977dbcd01a35d8cd3221d7ffd43"
"data/terminal2/master_secret_lair/cache/5c77bbcdc7de1b1e5475c64d6035465314b385fbd2d24e7d7a519c37278729fa.json","STRUCTURAL_FEATURES","False","True","False","NOT_IN_OPENING_INVENTORY","PRESERVE_LEGACY_EVIDENCE","PRESERVE_LEGACY_EVIDENCE","LEGACY_MODEL_FORECAST_RANKING","Legacy modeling, forecasting, or ranking evidence must remain preserved but cannot become V1 authority without the governed tournament and certification sequence.","False","False","False","False","False","4a116bf7a1da27209355297543c5ce2d172171820f18664ae6a0d399b2b0a280"
"data/terminal2/master_secret_lair/cache/5d0bdcb4b2f3b4ba6fb874a5e9e7f4dc57911586c2c4e7b33046d22388df52e6.json","STRUCTURAL_FEATURES","False","True","False","NOT_IN_OPENING_INVENTORY","HIGH_PRIORITY_REVIEW","PRESERVE_LEGACY_EVIDENCE","IGNORED_RUNTIME_OR_GENERATED_EVIDENCE","Local ignored/runtime evidence is preserved for lineage and empirical review but is not promoted to production authority.","False","False","False","False","False","548e3609f338cfffde62d6ace365ba7ed0811e19e801b4fc3f1b2144b4a9274b"
"data/terminal2/master_secret_lair/cache/5dd0dd137d35bfd5f0de5284b856855946f674be2ff40bebd49765554fe83828.json","STRUCTURAL_FEATURES","False","True","False","NOT_IN_OPENING_INVENTORY","HIGH_PRIORITY_REVIEW","PRESERVE_LEGACY_EVIDENCE","IGNORED_RUNTIME_OR_GENERATED_EVIDENCE","Local ignored/runtime evidence is preserved for lineage and empirical review but is not promoted to production authority.","False","False","False","False","False","c32901b2eff1949bc72cd96ec900b18220b6262c369e834c892898e7decda0bc"
"data/terminal2/master_secret_lair/cache/5df2dd71d15ebd5b5ed96c8d5a37b2f92a904783ff1fb5f9dedecda9e92a14b3.json","STRUCTURAL_FEATURES","False","True","False","NOT_IN_OPENING_INVENTORY","HIGH_PRIORITY_REVIEW","PRESERVE_LEGACY_EVIDENCE","IGNORED_RUNTIME_OR_GENERATED_EVIDENCE","Local ignored/runtime evidence is preserved for lineage and empirical review but is not promoted to production authority.","False","False","False","False","False","60606eddba23425835fc8e5fa54c3b057371c93d2614a4d0a1002f6ed33e7b61"
"data/terminal2/master_secret_lair/cache/5e11c19e1acc708b9d9467e654bc6fbbeda8d7b7bafb946cbfbb0586bd638faa.json","STRUCTURAL_FEATURES","False","True","False","NOT_IN_OPENING_INVENTORY","HIGH_PRIORITY_REVIEW","PRESERVE_LEGACY_EVIDENCE","IGNORED_RUNTIME_OR_GENERATED_EVIDENCE","Local ignored/runtime evidence is preserved for lineage and empirical review but is not promoted to production authority.","False","False","False","False","False","4e7a3396e280aeec73c8de73884a698038d11dda66040b6113fd6ee956de4ea3"
"data/terminal2/master_secret_lair/cache/5eb7f9bc642f2bb728f34fe7ebf4cdec1f1fa0f23ab8163f1e7181118131c71d.json","STRUCTURAL_FEATURES","False","True","False","NOT_IN_OPENING_INVENTORY","HIGH_PRIORITY_REVIEW","PRESERVE_LEGACY_EVIDENCE","IGNORED_RUNTIME_OR_GENERATED_EVIDENCE","Local ignored/runtime evidence is preserved for lineage and empirical review but is not promoted to production authority.","False","False","False","False","False","f31a186b326804eaaf8dcc62de4361812273a92450f1c9134934021d6cfe4a56"
"data/terminal2/master_secret_lair/cache/5f492100330af21936c9df22e475f2a7848d9423710034c79635a602e33cd15c.json","STRUCTURAL_FEATURES","False","True","False","NOT_IN_OPENING_INVENTORY","HIGH_PRIORITY_REVIEW","PRESERVE_LEGACY_EVIDENCE","IGNORED_RUNTIME_OR_GENERATED_EVIDENCE","Local ignored/runtime evidence is preserved for lineage and empirical review but is not promoted to production authority.","False","False","False","False","False","10ec7fe3ea5914d11575aa4f8e06347587f29dfaf1be11d79b4ec87480b9626d"
"data/terminal2/master_secret_lair/cache/5f820b85f7c07da29e7ea74a6214322522df39b01341ce6ca1ee9fcca14a92e7.json","STRUCTURAL_FEATURES","False","True","False","NOT_IN_OPENING_INVENTORY","PRESERVE_LEGACY_EVIDENCE","PRESERVE_LEGACY_EVIDENCE","LEGACY_MODEL_FORECAST_RANKING","Legacy modeling, forecasting, or ranking evidence must remain preserved but cannot become V1 authority without the governed tournament and certification sequence.","False","False","False","False","False","635657e8a4cf5f7a2e0d576eae38ab9177964f49ba0ac8dd399c16602be9b725"
"data/terminal2/master_secret_lair/cache/6076f4de70f71b27ec35f31ea708a486ff80d77fb9351add89be231cdfa83b21.json","STRUCTURAL_FEATURES","False","True","False","NOT_IN_OPENING_INVENTORY","HIGH_PRIORITY_REVIEW","PRESERVE_LEGACY_EVIDENCE","IGNORED_RUNTIME_OR_GENERATED_EVIDENCE","Local ignored/runtime evidence is preserved for lineage and empirical review but is not promoted to production authority.","False","False","False","False","False","eb1d21ac0eb8ffe7ba1767f69f210fd74b58baa7e47516272d1b07333512b650"
"data/terminal2/master_secret_lair/cache/60794f2d3e59be7d8a77ea744c0fb975eb82cb4ea605299c317a6a4087091ccf.json","STRUCTURAL_FEATURES","False","True","False","NOT_IN_OPENING_INVENTORY","PRESERVE_LEGACY_EVIDENCE","PRESERVE_LEGACY_EVIDENCE","LEGACY_MODEL_FORECAST_RANKING","Legacy modeling, forecasting, or ranking evidence must remain preserved but cannot become V1 authority without the governed tournament and certification sequence.","False","False","False","False","False","834a80d9defecf218d736abbb427e0ab4bb73cee691dd192c4da605b83b97b49"
"data/terminal2/master_secret_lair/cache/611baee61c1770660de68be69ad74cbb027dc7cc91dbfed2052bff438d5f702c.json","STRUCTURAL_FEATURES","False","True","False","NOT_IN_OPENING_INVENTORY","HIGH_PRIORITY_REVIEW","PRESERVE_LEGACY_EVIDENCE","IGNORED_RUNTIME_OR_GENERATED_EVIDENCE","Local ignored/runtime evidence is preserved for lineage and empirical review but is not promoted to production authority.","False","False","False","False","False","153a71daf665e7f7a7a6b84b2e56eb861974ce46ee95bb49f170aea539616707"
"data/terminal2/master_secret_lair/cache/6133bcd8c8c9dc51da09fec9204b852c14d462a27339d9a82581c32e5f28c8e4.json","STRUCTURAL_FEATURES","False","True","False","NOT_IN_OPENING_INVENTORY","HIGH_PRIORITY_REVIEW","PRESERVE_LEGACY_EVIDENCE","IGNORED_RUNTIME_OR_GENERATED_EVIDENCE","Local ignored/runtime evidence is preserved for lineage and empirical review but is not promoted to production authority.","False","False","False","False","False","2de654f913fdf0a8625cf4a03d3eb3031e0376af48be0c9e3df84df46d0cb444"
"data/terminal2/master_secret_lair/cache/617167994f93288966d31caf7e3eb59801cca0e2cbf441c74ddb7769484f6008.json","STRUCTURAL_FEATURES","False","True","False","NOT_IN_OPENING_INVENTORY","PRESERVE_LEGACY_EVIDENCE","PRESERVE_LEGACY_EVIDENCE","LEGACY_MODEL_FORECAST_RANKING","Legacy modeling, forecasting, or ranking evidence must remain preserved but cannot become V1 authority without the governed tournament and certification sequence.","False","False","False","False","False","1cdf94eded941044f4a25b74e9a560e9567a8ffe5031aeea4b43471d6fbc358b"
"data/terminal2/master_secret_lair/cache/623eb28efad0ea19968ce3b9e968acd3b14ef95d5f7293458d7fd878bbc42682.json","STRUCTURAL_FEATURES","False","True","False","NOT_IN_OPENING_INVENTORY","HIGH_PRIORITY_REVIEW","PRESERVE_LEGACY_EVIDENCE","IGNORED_RUNTIME_OR_GENERATED_EVIDENCE","Local ignored/runtime evidence is preserved for lineage and empirical review but is not promoted to production authority.","False","False","False","False","False","64a1492c36303b2baf839d112fad846abc3b68b9606744dbe74a77068782fe27"
"data/terminal2/master_secret_lair/cache/634c9e4ff39fd55879dd8af5d01ba4fb3592af2837c8af4d5692a3dcd2c74f2b.json","STRUCTURAL_FEATURES","False","True","False","NOT_IN_OPENING_INVENTORY","HIGH_PRIORITY_REVIEW","PRESERVE_LEGACY_EVIDENCE","IGNORED_RUNTIME_OR_GENERATED_EVIDENCE","Local ignored/runtime evidence is preserved for lineage and empirical review but is not promoted to production authority.","False","False","False","False","False","d9d4e1cada2b2332715907367462bd26e744c14325c9561c6b1c8d40b66acace"
"data/terminal2/master_secret_lair/cache/6364e2185e3abb483e446927e1b82e380810ab3c164f08d409b195606f2d5025.json","STRUCTURAL_FEATURES","False","True","False","NOT_IN_OPENING_INVENTORY","HIGH_PRIORITY_REVIEW","PRESERVE_LEGACY_EVIDENCE","IGNORED_RUNTIME_OR_GENERATED_EVIDENCE","Local ignored/runtime evidence is preserved for lineage and empirical review but is not promoted to production authority.","False","False","False","False","False","0c159a95c2ff5a1d648f4d832f1160a546795fd2ac25279224341c876a587603"
"data/terminal2/master_secret_lair/cache/637b6bb23e2ff413ae001a843ca68ab80a1889a3b2d9c5052e7e5508a1dbf5e5.json","STRUCTURAL_FEATURES","False","True","False","NOT_IN_OPENING_INVENTORY","PRESERVE_LEGACY_EVIDENCE","PRESERVE_LEGACY_EVIDENCE","LEGACY_MODEL_FORECAST_RANKING","Legacy modeling, forecasting, or ranking evidence must remain preserved but cannot become V1 authority without the governed tournament and certification sequence.","False","False","False","False","False","63be403df138af24009fd96428d103558697e68af1eb8f712b46ecdde1562fdd"
"data/terminal2/master_secret_lair/cache/639c2326f2777a1c04c3f907fd216d24045706593edfb6f8ba8afe64eae598b4.json","STRUCTURAL_FEATURES","False","True","False","NOT_IN_OPENING_INVENTORY","PRESERVE_LEGACY_EVIDENCE","PRESERVE_LEGACY_EVIDENCE","LEGACY_MODEL_FORECAST_RANKING","Legacy modeling, forecasting, or ranking evidence must remain preserved but cannot become V1 authority without the governed tournament and certification sequence.","False","False","False","False","False","f6abc0ac1e56c7e51277eeb84596b9e65f9a7aa4c333113217491d200dc44186"
"data/terminal2/master_secret_lair/cache/639e40a7447fc87d4654bb9521973f76134229b848910b9585f00793b2f64157.json","STRUCTURAL_FEATURES","False","True","False","NOT_IN_OPENING_INVENTORY","PRESERVE_LEGACY_EVIDENCE","PRESERVE_LEGACY_EVIDENCE","LEGACY_MODEL_FORECAST_RANKING","Legacy modeling, forecasting, or ranking evidence must remain preserved but cannot become V1 authority without the governed tournament and certification sequence.","False","False","False","False","False","bad80ec494862012059f07b3c741a5c1fa07f691695988d5fc8d4a7aa96faac1"
"data/terminal2/master_secret_lair/cache/6458d48161d5da6bd0e4b23223964a167027fb7510cb1da95993fc2c9341847d.json","STRUCTURAL_FEATURES","False","True","False","NOT_IN_OPENING_INVENTORY","PRESERVE_LEGACY_EVIDENCE","PRESERVE_LEGACY_EVIDENCE","LEGACY_MODEL_FORECAST_RANKING","Legacy modeling, forecasting, or ranking evidence must remain preserved but cannot become V1 authority without the governed tournament and certification sequence.","False","False","False","False","False","05167361fd8fa4d304f5a282323ada93f6f11c079e9043952a9613ed7df44b35"
"data/terminal2/master_secret_lair/cache/645c831d4030a8ebb80e8fdca99b05ccbff8a0abf0b3cb4c87208be408dc1695.json","STRUCTURAL_FEATURES","False","True","False","NOT_IN_OPENING_INVENTORY","HIGH_PRIORITY_REVIEW","PRESERVE_LEGACY_EVIDENCE","IGNORED_RUNTIME_OR_GENERATED_EVIDENCE","Local ignored/runtime evidence is preserved for lineage and empirical review but is not promoted to production authority.","False","False","False","False","False","f5dfefaeeb7e2beb6c7435d7bbc4c28503691b81b123a1b02653916a98d04ed6"
"data/terminal2/master_secret_lair/cache/64b75240bf2a45ea00dd7f9ceb5fdf60d5dabd9f05f8220371599ec07bfa883f.json","STRUCTURAL_FEATURES","False","True","False","NOT_IN_OPENING_INVENTORY","PRESERVE_LEGACY_EVIDENCE","PRESERVE_LEGACY_EVIDENCE","LEGACY_MODEL_FORECAST_RANKING","Legacy modeling, forecasting, or ranking evidence must remain preserved but cannot become V1 authority without the governed tournament and certification sequence.","False","False","False","False","False","41444a753af693a08031f04983e0613858f427159bbc724adfdcca785ffc6add"
"data/terminal2/master_secret_lair/cache/64b787569aeafeb6f1bb0cbedf62f7ec4fb7ca0f2940e499f39123f1025727d9.json","STRUCTURAL_FEATURES","False","True","False","NOT_IN_OPENING_INVENTORY","HIGH_PRIORITY_REVIEW","PRESERVE_LEGACY_EVIDENCE","IGNORED_RUNTIME_OR_GENERATED_EVIDENCE","Local ignored/runtime evidence is preserved for lineage and empirical review but is not promoted to production authority.","False","False","False","False","False","bc3b51c870068d464fb7ad0ce72473af9db15fe19b6d9ffb8263648ca34bb744"
"data/terminal2/master_secret_lair/cache/66b94c7b51ca6416631049e1584d559601118badbf533669f22fe7c9089a8975.json","STRUCTURAL_FEATURES","False","True","False","NOT_IN_OPENING_INVENTORY","PRESERVE_LEGACY_EVIDENCE","PRESERVE_LEGACY_EVIDENCE","LEGACY_MODEL_FORECAST_RANKING","Legacy modeling, forecasting, or ranking evidence must remain preserved but cannot become V1 authority without the governed tournament and certification sequence.","False","False","False","False","False","e3887a0ed982e0934330780077f17c43b0926067f0b608941e73815afc15046a"
"data/terminal2/master_secret_lair/cache/6716f843921dea416882b44bfeb3690e67dd429423c7f2981a4f7d66dfc52ae4.json","STRUCTURAL_FEATURES","False","True","False","NOT_IN_OPENING_INVENTORY","HIGH_PRIORITY_REVIEW","PRESERVE_LEGACY_EVIDENCE","IGNORED_RUNTIME_OR_GENERATED_EVIDENCE","Local ignored/runtime evidence is preserved for lineage and empirical review but is not promoted to production authority.","False","False","False","False","False","4ecd7fb3a95d3f2632a9598003679fa73408f8ee3cd828445bbe549bcc173ee8"
"data/terminal2/master_secret_lair/cache/68f3ff0b054ed096fa1a32053e014fe50faf08019fa14476689411b5f7cd902b.json","STRUCTURAL_FEATURES","False","True","False","NOT_IN_OPENING_INVENTORY","PRESERVE_LEGACY_EVIDENCE","PRESERVE_LEGACY_EVIDENCE","LEGACY_MODEL_FORECAST_RANKING","Legacy modeling, forecasting, or ranking evidence must remain preserved but cannot become V1 authority without the governed tournament and certification sequence.","False","False","False","False","False","7c9b42e3ec3a38a48f45b2e6437e52233cf0d0ab57b20bab1cae670aee2725da"
"data/terminal2/master_secret_lair/cache/6a9618dc34e4f414e97e14fe5d6269ae7f57c251ef04498b0e1b80568a30c0c1.json","STRUCTURAL_FEATURES","False","True","False","NOT_IN_OPENING_INVENTORY","HIGH_PRIORITY_REVIEW","PRESERVE_LEGACY_EVIDENCE","IGNORED_RUNTIME_OR_GENERATED_EVIDENCE","Local ignored/runtime evidence is preserved for lineage and empirical review but is not promoted to production authority.","False","False","False","False","False","2bd129efb86a209084a4a776936ae771489771ab5f31e4c3a841351b1caf819b"
"data/terminal2/master_secret_lair/cache/6b3451de2c3348a5fcbaaadba0282059a7772775bee51e1337bec71a7ea75e1c.json","STRUCTURAL_FEATURES","False","True","False","NOT_IN_OPENING_INVENTORY","HIGH_PRIORITY_REVIEW","PRESERVE_LEGACY_EVIDENCE","IGNORED_RUNTIME_OR_GENERATED_EVIDENCE","Local ignored/runtime evidence is preserved for lineage and empirical review but is not promoted to production authority.","False","False","False","False","False","7dcbb6fbc53ecc0bcbab53c3f8c4b39b11a40ee3ba3fbfc0d86686e50ce6eea0"
"data/terminal2/master_secret_lair/cache/6c4be7c171ead2ab5f3e6cde3d86d2af2098ef5fba49291e23ab4f9de9718d19.json","STRUCTURAL_FEATURES","False","True","False","NOT_IN_OPENING_INVENTORY","HIGH_PRIORITY_REVIEW","PRESERVE_LEGACY_EVIDENCE","IGNORED_RUNTIME_OR_GENERATED_EVIDENCE","Local ignored/runtime evidence is preserved for lineage and empirical review but is not promoted to production authority.","False","False","False","False","False","02c3a0b6503fc3c4c8caaacd0f2dc9fc127d8966ad372d845c7dbffd116013cc"
"data/terminal2/master_secret_lair/cache/6ce065abaf36ad1e93aeb8574d6e9095aaba1b8865d3e39aa36fa7793cdaa2a8.json","STRUCTURAL_FEATURES","False","True","False","NOT_IN_OPENING_INVENTORY","HIGH_PRIORITY_REVIEW","PRESERVE_LEGACY_EVIDENCE","IGNORED_RUNTIME_OR_GENERATED_EVIDENCE","Local ignored/runtime evidence is preserved for lineage and empirical review but is not promoted to production authority.","False","False","False","False","False","80c70ff938a867e7f59be86e265d298cf0c32321708d269d3bf5716f54233efa"
"data/terminal2/master_secret_lair/cache/6d3ef22bbe170f1955bea2185bc4cdcebedbe67f597b4f538f1bb9af8dfeb693.json","STRUCTURAL_FEATURES","False","True","False","NOT_IN_OPENING_INVENTORY","PRESERVE_LEGACY_EVIDENCE","PRESERVE_LEGACY_EVIDENCE","LEGACY_MODEL_FORECAST_RANKING","Legacy modeling, forecasting, or ranking evidence must remain preserved but cannot become V1 authority without the governed tournament and certification sequence.","False","False","False","False","False","51c6ce4b2810b8cdec5f22d8f6fc4e084f81987387d6a3e302e506bfdc1ff620"
"data/terminal2/master_secret_lair/cache/6d792b9bf81626beb4710a81bc5a9603d046ea43d7bde7bafcb9bcee297386b0.json","STRUCTURAL_FEATURES","False","True","False","NOT_IN_OPENING_INVENTORY","PRESERVE_LEGACY_EVIDENCE","PRESERVE_LEGACY_EVIDENCE","LEGACY_MODEL_FORECAST_RANKING","Legacy modeling, forecasting, or ranking evidence must remain preserved but cannot become V1 authority without the governed tournament and certification sequence.","False","False","False","False","False","90173c71ae37359bd0c3120e3610bda9029e689d656b3f0e488e53011f67af6b"
"data/terminal2/master_secret_lair/cache/6f01787a625f2493f59ec8bda32229c8b64c5dc20642e0b11a34b84c0de57990.json","STRUCTURAL_FEATURES","False","True","False","NOT_IN_OPENING_INVENTORY","PRESERVE_LEGACY_EVIDENCE","PRESERVE_LEGACY_EVIDENCE","LEGACY_MODEL_FORECAST_RANKING","Legacy modeling, forecasting, or ranking evidence must remain preserved but cannot become V1 authority without the governed tournament and certification sequence.","False","False","False","False","False","711ed52aa4f5a9bd33a4e8d51b00763e85b110033f4fa90a371236e200de3933"
"data/terminal2/master_secret_lair/cache/6f2d607c047f8421a5e5580d2d541350be58191945de4d71ff9d32d7b42be7cf.json","STRUCTURAL_FEATURES","False","True","False","NOT_IN_OPENING_INVENTORY","PRESERVE_LEGACY_EVIDENCE","PRESERVE_LEGACY_EVIDENCE","LEGACY_MODEL_FORECAST_RANKING","Legacy modeling, forecasting, or ranking evidence must remain preserved but cannot become V1 authority without the governed tournament and certification sequence.","False","False","False","False","False","7b0b44e68f6b9d1fe1b29dfda6d55dff2d30f2f96fe8e1397288a96399100b89"
"data/terminal2/master_secret_lair/cache/6f8228dc0660108994877f8fd997788e95da6e449fc745570203e342cfdf2bfe.json","STRUCTURAL_FEATURES","False","True","False","NOT_IN_OPENING_INVENTORY","HIGH_PRIORITY_REVIEW","PRESERVE_LEGACY_EVIDENCE","IGNORED_RUNTIME_OR_GENERATED_EVIDENCE","Local ignored/runtime evidence is preserved for lineage and empirical review but is not promoted to production authority.","False","False","False","False","False","efeee91a7e6a2d2284ed6b0525124e420eb5335bb912702aa84eb24fb58722fe"
"data/terminal2/master_secret_lair/cache/7030dccdbe775c6970a8c75498493342b9a2e1d4a1441b7886cbb67b2a3e193a.json","STRUCTURAL_FEATURES","False","True","False","NOT_IN_OPENING_INVENTORY","HIGH_PRIORITY_REVIEW","PRESERVE_LEGACY_EVIDENCE","IGNORED_RUNTIME_OR_GENERATED_EVIDENCE","Local ignored/runtime evidence is preserved for lineage and empirical review but is not promoted to production authority.","False","False","False","False","False","3311a709c070d942c76dd5a770e38f437a88de2e88dd78cd845f6142e0285989"
"data/terminal2/master_secret_lair/cache/7145ce29449b4e5b012e175340f9abe94e257b566a608be526642092f9312838.json","STRUCTURAL_FEATURES","False","True","False","NOT_IN_OPENING_INVENTORY","HIGH_PRIORITY_REVIEW","PRESERVE_LEGACY_EVIDENCE","IGNORED_RUNTIME_OR_GENERATED_EVIDENCE","Local ignored/runtime evidence is preserved for lineage and empirical review but is not promoted to production authority.","False","False","False","False","False","a3be017c84bf3dbc7caf6f4ed85c19e23effd9db7d50051fea3aa88dea344e29"
"data/terminal2/master_secret_lair/cache/72de3ff8e1dae74345af207973ce65c300c8065074a516974a25e24bd68cbfee.json","STRUCTURAL_FEATURES","False","True","False","NOT_IN_OPENING_INVENTORY","HIGH_PRIORITY_REVIEW","PRESERVE_LEGACY_EVIDENCE","IGNORED_RUNTIME_OR_GENERATED_EVIDENCE","Local ignored/runtime evidence is preserved for lineage and empirical review but is not promoted to production authority.","False","False","False","False","False","97cfe715ba622924d47bcbc1fe7475f0c0af1dc2a7f9c54f2b16e38845ada9be"
"data/terminal2/master_secret_lair/cache/72efb3bfd889702cf6f9ef228d784fc88a8050eed5fad38f7a4d36871a7a1649.json","STRUCTURAL_FEATURES","False","True","False","NOT_IN_OPENING_INVENTORY","HIGH_PRIORITY_REVIEW","PRESERVE_LEGACY_EVIDENCE","IGNORED_RUNTIME_OR_GENERATED_EVIDENCE","Local ignored/runtime evidence is preserved for lineage and empirical review but is not promoted to production authority.","False","False","False","False","False","1c1854a92740426a5d9e6c48ead3c0cc393648b790d643e1c036f92d2e64d4c7"
"data/terminal2/master_secret_lair/cache/73176da75d65134ad07380e26d29fa65da0ff671a708205b074b9a9db39ca0b6.json","STRUCTURAL_FEATURES","False","True","False","NOT_IN_OPENING_INVENTORY","HIGH_PRIORITY_REVIEW","PRESERVE_LEGACY_EVIDENCE","IGNORED_RUNTIME_OR_GENERATED_EVIDENCE","Local ignored/runtime evidence is preserved for lineage and empirical review but is not promoted to production authority.","False","False","False","False","False","dd3c95d9ddf0ce9efd5e0ceaf00ca28c22d77ddcc2343ead9c57acd12238cae3"
"data/terminal2/master_secret_lair/cache/73602d78dbd86661826f7fab878212e01124465cba3091b6b34aeb720a1782fc.json","STRUCTURAL_FEATURES","False","True","False","NOT_IN_OPENING_INVENTORY","HIGH_PRIORITY_REVIEW","PRESERVE_LEGACY_EVIDENCE","IGNORED_RUNTIME_OR_GENERATED_EVIDENCE","Local ignored/runtime evidence is preserved for lineage and empirical review but is not promoted to production authority.","False","False","False","False","False","de850fd435b0493f5faea8202814f744ae2df2b992b49fdb2d7fc706ed6efe59"
"data/terminal2/master_secret_lair/cache/73fd2475f3c9549eb4529c330d5c8f3fe024b1d545aa8cded25429eb2c02b7dc.json","STRUCTURAL_FEATURES","False","True","False","NOT_IN_OPENING_INVENTORY","HIGH_PRIORITY_REVIEW","PRESERVE_LEGACY_EVIDENCE","IGNORED_RUNTIME_OR_GENERATED_EVIDENCE","Local ignored/runtime evidence is preserved for lineage and empirical review but is not promoted to production authority.","False","False","False","False","False","c2f5bd0d018bbb5c6199d5f0000aa7423b5a2e902b8275869a678a445ca7a5dc"
"data/terminal2/master_secret_lair/cache/73fef45c0f31888f589ee4a7e9b817c34823cc2afb15bcae97cd17ce9f2e2610.json","STRUCTURAL_FEATURES","False","True","False","NOT_IN_OPENING_INVENTORY","HIGH_PRIORITY_REVIEW","PRESERVE_LEGACY_EVIDENCE","IGNORED_RUNTIME_OR_GENERATED_EVIDENCE","Local ignored/runtime evidence is preserved for lineage and empirical review but is not promoted to production authority.","False","False","False","False","False","7c10f292a8ee5978b08b3cc6842eb41409aedda0d65adad11ff2bc2760baf827"
"data/terminal2/master_secret_lair/cache/74bc20ce30c5d2a2a5584a48aef92d3e7c320bb8799b002a85d3c3f57a0baf02.json","STRUCTURAL_FEATURES","False","True","False","NOT_IN_OPENING_INVENTORY","HIGH_PRIORITY_REVIEW","PRESERVE_LEGACY_EVIDENCE","IGNORED_RUNTIME_OR_GENERATED_EVIDENCE","Local ignored/runtime evidence is preserved for lineage and empirical review but is not promoted to production authority.","False","False","False","False","False","ad0b6fb494d8e7045ab2e75c84a054793fe42e1c086750865e058f7615d36a98"
"data/terminal2/master_secret_lair/cache/7586835f72c19334e21e79d1e44309a7e5fffe5a00daa51c19d1a84adee2c6de.json","STRUCTURAL_FEATURES","False","True","False","NOT_IN_OPENING_INVENTORY","PRESERVE_LEGACY_EVIDENCE","PRESERVE_LEGACY_EVIDENCE","LEGACY_MODEL_FORECAST_RANKING","Legacy modeling, forecasting, or ranking evidence must remain preserved but cannot become V1 authority without the governed tournament and certification sequence.","False","False","False","False","False","74eed290af75c4948df86c873e6158d0dfb03c100139c9107652dff9784febb5"
"data/terminal2/master_secret_lair/cache/75929d3d6801b692f368c0382fcbcd8105895af8508d3e99069fb412294054b3.json","STRUCTURAL_FEATURES","False","True","False","NOT_IN_OPENING_INVENTORY","HIGH_PRIORITY_REVIEW","PRESERVE_LEGACY_EVIDENCE","IGNORED_RUNTIME_OR_GENERATED_EVIDENCE","Local ignored/runtime evidence is preserved for lineage and empirical review but is not promoted to production authority.","False","False","False","False","False","56236eb4759c800970bb9f0febbba9e5e8ab246ef7094c62572f9a9454968c5a"
"data/terminal2/master_secret_lair/cache/767605854ae8df302d8dbf787bf560933b71e8b4000b9659da4831cded2ec236.json","STRUCTURAL_FEATURES","False","True","False","NOT_IN_OPENING_INVENTORY","PRESERVE_LEGACY_EVIDENCE","PRESERVE_LEGACY_EVIDENCE","LEGACY_MODEL_FORECAST_RANKING","Legacy modeling, forecasting, or ranking evidence must remain preserved but cannot become V1 authority without the governed tournament and certification sequence.","False","False","False","False","False","d3e5b7a42a741cab536d0da97bebaeba50f568ea9b5d347dce9900ddd05edd81"
"data/terminal2/master_secret_lair/cache/76f98a86c69059133b5bf21c5b4f68f5d3989be977672eb4f4e087869b58eb5f.json","STRUCTURAL_FEATURES","False","True","False","NOT_IN_OPENING_INVENTORY","HIGH_PRIORITY_REVIEW","PRESERVE_LEGACY_EVIDENCE","IGNORED_RUNTIME_OR_GENERATED_EVIDENCE","Local ignored/runtime evidence is preserved for lineage and empirical review but is not promoted to production authority.","False","False","False","False","False","3fc4c731ce13f2c4fbe6135ad835cceda7c0fe14227cd96659d423809356c5a9"
"data/terminal2/master_secret_lair/cache/77c9f6763cec7e70779d61055fad90eaa4e195c5a8918e72fb055d96770c577f.json","STRUCTURAL_FEATURES","False","True","False","NOT_IN_OPENING_INVENTORY","HIGH_PRIORITY_REVIEW","PRESERVE_LEGACY_EVIDENCE","IGNORED_RUNTIME_OR_GENERATED_EVIDENCE","Local ignored/runtime evidence is preserved for lineage and empirical review but is not promoted to production authority.","False","False","False","False","False","482d0c59b48361508b7963ce49d25b9ae1f121de52afd773bb3985888f980c91"
"data/terminal2/master_secret_lair/cache/77cadc9b006e2ba4e487bd8124b87df32da28d436757a1d92a3aad6a9120134b.json","STRUCTURAL_FEATURES","False","True","False","NOT_IN_OPENING_INVENTORY","HIGH_PRIORITY_REVIEW","PRESERVE_LEGACY_EVIDENCE","IGNORED_RUNTIME_OR_GENERATED_EVIDENCE","Local ignored/runtime evidence is preserved for lineage and empirical review but is not promoted to production authority.","False","False","False","False","False","80214062f63bdfdb607790bd451b4a98f6554513c09792d416edc6b26f3848e1"
"data/terminal2/master_secret_lair/cache/788e50a7b19fb810bff0d72c87916b7400077769d4261d54babf64541aedac22.json","STRUCTURAL_FEATURES","False","True","False","NOT_IN_OPENING_INVENTORY","HIGH_PRIORITY_REVIEW","PRESERVE_LEGACY_EVIDENCE","IGNORED_RUNTIME_OR_GENERATED_EVIDENCE","Local ignored/runtime evidence is preserved for lineage and empirical review but is not promoted to production authority.","False","False","False","False","False","6480de901d54775ba93438a0bb12916bf1b0874140e23c8265700a965b71b099"
"data/terminal2/master_secret_lair/cache/7937f88deba1ee2ea06f273a982973b2e048d2d3bc717ba20db56ef2de52e37f.json","STRUCTURAL_FEATURES","False","True","False","NOT_IN_OPENING_INVENTORY","HIGH_PRIORITY_REVIEW","PRESERVE_LEGACY_EVIDENCE","IGNORED_RUNTIME_OR_GENERATED_EVIDENCE","Local ignored/runtime evidence is preserved for lineage and empirical review but is not promoted to production authority.","False","False","False","False","False","17cd178d1c7e7997d0989ebafd698e70b4078464476a2e1740b2ab7cc56cfda2"
"data/terminal2/master_secret_lair/cache/79509dad2a9f5b8a9cb1b03f9279cfecda935408a33023784909be08c0a2d282.json","STRUCTURAL_FEATURES","False","True","False","NOT_IN_OPENING_INVENTORY","HIGH_PRIORITY_REVIEW","PRESERVE_LEGACY_EVIDENCE","IGNORED_RUNTIME_OR_GENERATED_EVIDENCE","Local ignored/runtime evidence is preserved for lineage and empirical review but is not promoted to production authority.","False","False","False","False","False","f4243cf1c51109d54970797738de562bd97a83028fd58d7b80f09783e19b6f66"
"data/terminal2/master_secret_lair/cache/79f0e7ac770e653e49f93b192d104a9ec6cf15a6b4db371e4d601716a9411926.json","STRUCTURAL_FEATURES","False","True","False","NOT_IN_OPENING_INVENTORY","PRESERVE_LEGACY_EVIDENCE","PRESERVE_LEGACY_EVIDENCE","LEGACY_MODEL_FORECAST_RANKING","Legacy modeling, forecasting, or ranking evidence must remain preserved but cannot become V1 authority without the governed tournament and certification sequence.","False","False","False","False","False","68f38b50f943bdaadb28bf4c192a7ded6ea012fbbcb26034f05e33f4134149ba"
"data/terminal2/master_secret_lair/cache/7a61000e89511bd463ef290a7fbe322c1722e148d3acb0bfd5325638f6405167.json","STRUCTURAL_FEATURES","False","True","False","NOT_IN_OPENING_INVENTORY","PRESERVE_LEGACY_EVIDENCE","PRESERVE_LEGACY_EVIDENCE","LEGACY_MODEL_FORECAST_RANKING","Legacy modeling, forecasting, or ranking evidence must remain preserved but cannot become V1 authority without the governed tournament and certification sequence.","False","False","False","False","False","351153c21ebc92d459888c0b8c0b36e46285be55fd52e3e1b5f9382714967f1c"
"data/terminal2/master_secret_lair/cache/7a9affe1b88a626b251db0b904167328299392fe62fa260e62be4e151715e121.json","STRUCTURAL_FEATURES","False","True","False","NOT_IN_OPENING_INVENTORY","HIGH_PRIORITY_REVIEW","PRESERVE_LEGACY_EVIDENCE","IGNORED_RUNTIME_OR_GENERATED_EVIDENCE","Local ignored/runtime evidence is preserved for lineage and empirical review but is not promoted to production authority.","False","False","False","False","False","01e95a7b14f629a7704de160aa7ff8a36383373f712a3706d27c5cc94ec060ba"
"data/terminal2/master_secret_lair/cache/7adc03cfbf6383134a9f4a86a44d431bccabfa1b1b6a77644f72b6ec0277a367.json","STRUCTURAL_FEATURES","False","True","False","NOT_IN_OPENING_INVENTORY","PRESERVE_LEGACY_EVIDENCE","PRESERVE_LEGACY_EVIDENCE","LEGACY_MODEL_FORECAST_RANKING","Legacy modeling, forecasting, or ranking evidence must remain preserved but cannot become V1 authority without the governed tournament and certification sequence.","False","False","False","False","False","040224c9cf27ebbe26374994c9038c655d90d69994c809801e74dee0e1c003bc"
"data/terminal2/master_secret_lair/cache/7bdb2d78dbadf437286874cfd12dd3bd8611fa977ae63946b68e54f4e7e4a8fe.json","STRUCTURAL_FEATURES","False","True","False","NOT_IN_OPENING_INVENTORY","PRESERVE_LEGACY_EVIDENCE","PRESERVE_LEGACY_EVIDENCE","LEGACY_MODEL_FORECAST_RANKING","Legacy modeling, forecasting, or ranking evidence must remain preserved but cannot become V1 authority without the governed tournament and certification sequence.","False","False","False","False","False","83e230158ba03a003383a32e70362ae5ba1bc1ad511827f44f52997dcffad993"
"data/terminal2/master_secret_lair/cache/7c1c4c2932a0a851c24c0aa15ed9fd38faff806c37097bdb6a687120d532c31f.json","STRUCTURAL_FEATURES","False","True","False","NOT_IN_OPENING_INVENTORY","PRESERVE_LEGACY_EVIDENCE","PRESERVE_LEGACY_EVIDENCE","LEGACY_MODEL_FORECAST_RANKING","Legacy modeling, forecasting, or ranking evidence must remain preserved but cannot become V1 authority without the governed tournament and certification sequence.","False","False","False","False","False","5b5b5cbeb584efb551460717be7002667d7410222a85943b1d81f8a4e69a5102"
"data/terminal2/master_secret_lair/cache/7d299107b52cfe5ce0c4659de4a2d943126da267b66b971463d990d5a95dfc89.json","STRUCTURAL_FEATURES","False","True","False","NOT_IN_OPENING_INVENTORY","HIGH_PRIORITY_REVIEW","PRESERVE_LEGACY_EVIDENCE","IGNORED_RUNTIME_OR_GENERATED_EVIDENCE","Local ignored/runtime evidence is preserved for lineage and empirical review but is not promoted to production authority.","False","False","False","False","False","7f5cd18ccb029b4bc8b187637b6de1bb87462b918e91f1b08d718691e80ffe62"
"data/terminal2/master_secret_lair/cache/7d52c6943e9cc82342623d7c9a64318d424c945901bc4c81585c7758484e2b9b.json","STRUCTURAL_FEATURES","False","True","False","NOT_IN_OPENING_INVENTORY","PRESERVE_LEGACY_EVIDENCE","PRESERVE_LEGACY_EVIDENCE","LEGACY_MODEL_FORECAST_RANKING","Legacy modeling, forecasting, or ranking evidence must remain preserved but cannot become V1 authority without the governed tournament and certification sequence.","False","False","False","False","False","b3f7b3197deae7d9b40fefc238a4c83d422385b0caa7b024c9dc7871ce7f8bc6"
"data/terminal2/master_secret_lair/cache/7e73bea67f7972d8084e9ec113b47fd6dfce1032e6d57a52b25261a2ff4991cb.json","STRUCTURAL_FEATURES","False","True","False","NOT_IN_OPENING_INVENTORY","HIGH_PRIORITY_REVIEW","PRESERVE_LEGACY_EVIDENCE","IGNORED_RUNTIME_OR_GENERATED_EVIDENCE","Local ignored/runtime evidence is preserved for lineage and empirical review but is not promoted to production authority.","False","False","False","False","False","3084a84db4117bd08661564999b9210a28331af7f5033816d0d46eddfd07b0e3"
"data/terminal2/master_secret_lair/cache/7eed2172faa1c11b8e5a1cbcbfa90d4efa6fc8656280cba8e52d90ef19703878.json","STRUCTURAL_FEATURES","False","True","False","NOT_IN_OPENING_INVENTORY","HIGH_PRIORITY_REVIEW","PRESERVE_LEGACY_EVIDENCE","IGNORED_RUNTIME_OR_GENERATED_EVIDENCE","Local ignored/runtime evidence is preserved for lineage and empirical review but is not promoted to production authority.","False","False","False","False","False","539a5fe16a1c9e048f6bc6c2537ceef6ebc38012cd4aa4a10ef1d191f9d1426e"
"data/terminal2/master_secret_lair/cache/7f6d99b0e12fac860f2fb2b66fefea468b318a0564456ebcbc57dc70a53539d2.json","STRUCTURAL_FEATURES","False","True","False","NOT_IN_OPENING_INVENTORY","PRESERVE_LEGACY_EVIDENCE","PRESERVE_LEGACY_EVIDENCE","LEGACY_MODEL_FORECAST_RANKING","Legacy modeling, forecasting, or ranking evidence must remain preserved but cannot become V1 authority without the governed tournament and certification sequence.","False","False","False","False","False","ad4ef923249bfc8a933fa41586dee876d3fd15e5a59f1c5bbc31ffd4a5d99f7c"
"data/terminal2/master_secret_lair/cache/7fb3be51940697f18276628ca8784b4a4105eb9f74061a8cb698671c8f760af7.json","STRUCTURAL_FEATURES","False","True","False","NOT_IN_OPENING_INVENTORY","HIGH_PRIORITY_REVIEW","PRESERVE_LEGACY_EVIDENCE","IGNORED_RUNTIME_OR_GENERATED_EVIDENCE","Local ignored/runtime evidence is preserved for lineage and empirical review but is not promoted to production authority.","False","False","False","False","False","fb952faa45e1415921852610a56d3395261f4515b93cab0be14821940b24dabb"
"data/terminal2/master_secret_lair/cache/80fa330af67241502adb4863de101b0fd37abf4a547eec7e876dbe34cf44966f.json","STRUCTURAL_FEATURES","False","True","False","NOT_IN_OPENING_INVENTORY","PRESERVE_LEGACY_EVIDENCE","PRESERVE_LEGACY_EVIDENCE","LEGACY_MODEL_FORECAST_RANKING","Legacy modeling, forecasting, or ranking evidence must remain preserved but cannot become V1 authority without the governed tournament and certification sequence.","False","False","False","False","False","758cb9c576db4b1f5fdda083bfbb03d30fe7649c7a19ce828465862eae3b6ea5"
"data/terminal2/master_secret_lair/cache/816ebe19b370493b715bad366a4f64d45a1f8ef99e3a8e9f330e79b57372aa94.json","STRUCTURAL_FEATURES","False","True","False","NOT_IN_OPENING_INVENTORY","HIGH_PRIORITY_REVIEW","PRESERVE_LEGACY_EVIDENCE","IGNORED_RUNTIME_OR_GENERATED_EVIDENCE","Local ignored/runtime evidence is preserved for lineage and empirical review but is not promoted to production authority.","False","False","False","False","False","b45b3e67ee12e7179306394c2d30e8acba1b637c9e23f62a3db4d951243fe243"
"data/terminal2/master_secret_lair/cache/823ce4aeb8fcaebb6d636f6bb6167d432fe2d343422b5b9419f8910a9ab34b86.json","STRUCTURAL_FEATURES","False","True","False","NOT_IN_OPENING_INVENTORY","HIGH_PRIORITY_REVIEW","PRESERVE_LEGACY_EVIDENCE","IGNORED_RUNTIME_OR_GENERATED_EVIDENCE","Local ignored/runtime evidence is preserved for lineage and empirical review but is not promoted to production authority.","False","False","False","False","False","7a0b2ad396dfff9ff2e40c6ef5752822908a40ffbf63b169b6e90483f5f38ab2"
"data/terminal2/master_secret_lair/cache/8302364d8a73083ba8b5855810b4086c6ebfba6de835d340228a794ccc811b1c.json","STRUCTURAL_FEATURES","False","True","False","NOT_IN_OPENING_INVENTORY","HIGH_PRIORITY_REVIEW","PRESERVE_LEGACY_EVIDENCE","IGNORED_RUNTIME_OR_GENERATED_EVIDENCE","Local ignored/runtime evidence is preserved for lineage and empirical review but is not promoted to production authority.","False","False","False","False","False","ec901713bc1984c71e39653f9f1ad4610f88d72b06fb2323dc83b893aaba53b3"
"data/terminal2/master_secret_lair/cache/84444ed9ca3c95992817e6536881dfa2af8cb74d6b972159f85b5d70680b1429.json","STRUCTURAL_FEATURES","False","True","False","NOT_IN_OPENING_INVENTORY","PRESERVE_LEGACY_EVIDENCE","PRESERVE_LEGACY_EVIDENCE","LEGACY_MODEL_FORECAST_RANKING","Legacy modeling, forecasting, or ranking evidence must remain preserved but cannot become V1 authority without the governed tournament and certification sequence.","False","False","False","False","False","e3ac6abf3fb41c0ba3031cf459aee61ae0bb84996dee4bae6c782e584317a2ae"
"data/terminal2/master_secret_lair/cache/84bb617216fb4b538e35fa7b0bba2140ca54be6ca221d289024bc58cdd732d32.json","STRUCTURAL_FEATURES","False","True","False","NOT_IN_OPENING_INVENTORY","HIGH_PRIORITY_REVIEW","PRESERVE_LEGACY_EVIDENCE","IGNORED_RUNTIME_OR_GENERATED_EVIDENCE","Local ignored/runtime evidence is preserved for lineage and empirical review but is not promoted to production authority.","False","False","False","False","False","3d8a23d9161db544c1c8da2b2dbc95bc12920021f061bbc695ddbcb30eb83a84"
"data/terminal2/master_secret_lair/cache/853b5fd724e90dc4236e85bb9fe2e40ed988247448f769704c0f6d7ab3490f0f.json","STRUCTURAL_FEATURES","False","True","False","NOT_IN_OPENING_INVENTORY","PRESERVE_LEGACY_EVIDENCE","PRESERVE_LEGACY_EVIDENCE","LEGACY_MODEL_FORECAST_RANKING","Legacy modeling, forecasting, or ranking evidence must remain preserved but cannot become V1 authority without the governed tournament and certification sequence.","False","False","False","False","False","5b656e0995caffe57c6d5cbd32b1ead9e804d29ed43c2e1ec5f4a57005ea776e"
"data/terminal2/master_secret_lair/cache/8622fae0940f1c2ff1f13602102713bd24e4c5278b50d8e9059ca7a07c939808.json","STRUCTURAL_FEATURES","False","True","False","NOT_IN_OPENING_INVENTORY","PRESERVE_LEGACY_EVIDENCE","PRESERVE_LEGACY_EVIDENCE","LEGACY_MODEL_FORECAST_RANKING","Legacy modeling, forecasting, or ranking evidence must remain preserved but cannot become V1 authority without the governed tournament and certification sequence.","False","False","False","False","False","ec84a3fe1139a394cddea1712775e54fe61134cd1266807ef9c2469fb661a545"
"data/terminal2/master_secret_lair/cache/86931d1de59ab3c79496bedecf586a165ade822d72c983c9298ff34d36b91005.json","STRUCTURAL_FEATURES","False","True","False","NOT_IN_OPENING_INVENTORY","HIGH_PRIORITY_GOVERNANCE_REVIEW","PRESERVE_LEGACY_EVIDENCE","IGNORED_RUNTIME_OR_GENERATED_EVIDENCE","Local ignored/runtime evidence is preserved for lineage and empirical review but is not promoted to production authority.","False","False","False","False","False","281e23a639e20e696b5ae5dc35ee254d0d2733e178c0756ed3686dfb62221628"
"data/terminal2/master_secret_lair/cache/86995d19d9ce78e2fc222268dc99b09ec8fec83b8eea0fe0e2680ce452420135.json","STRUCTURAL_FEATURES","False","True","False","NOT_IN_OPENING_INVENTORY","HIGH_PRIORITY_REVIEW","PRESERVE_LEGACY_EVIDENCE","IGNORED_RUNTIME_OR_GENERATED_EVIDENCE","Local ignored/runtime evidence is preserved for lineage and empirical review but is not promoted to production authority.","False","False","False","False","False","55ab8cd89e8f5f8e6c53186238ac753d4a4083a742b354a289c67ac51921f83e"
"data/terminal2/master_secret_lair/cache/87402416a7b202f923957c7d96fdc0df10fb9f527381d830f8b17b5c179db3ed.json","STRUCTURAL_FEATURES","False","True","False","NOT_IN_OPENING_INVENTORY","PRESERVE_LEGACY_EVIDENCE","PRESERVE_LEGACY_EVIDENCE","LEGACY_MODEL_FORECAST_RANKING","Legacy modeling, forecasting, or ranking evidence must remain preserved but cannot become V1 authority without the governed tournament and certification sequence.","False","False","False","False","False","3745465f041af6482e6d02ff095fde45551f8e6bc30f91b76fd2e42170236825"
"data/terminal2/master_secret_lair/cache/876125c4b5e394a94b07aaae7266cad99f48c60c8ad1b5839d359042002b2e4d.json","STRUCTURAL_FEATURES","False","True","False","NOT_IN_OPENING_INVENTORY","HIGH_PRIORITY_REVIEW","PRESERVE_LEGACY_EVIDENCE","IGNORED_RUNTIME_OR_GENERATED_EVIDENCE","Local ignored/runtime evidence is preserved for lineage and empirical review but is not promoted to production authority.","False","False","False","False","False","2b410269048f7b2f09b88ca946e34d28313c3963fc3a8d3e0cf886b9e7ac3ca9"
"data/terminal2/master_secret_lair/cache/87936b7e22297d898d90c47c0b43e8bf6d4b12af35dfcf18ee8a1b1e80346dcb.json","STRUCTURAL_FEATURES","False","True","False","NOT_IN_OPENING_INVENTORY","PRESERVE_LEGACY_EVIDENCE","PRESERVE_LEGACY_EVIDENCE","LEGACY_MODEL_FORECAST_RANKING","Legacy modeling, forecasting, or ranking evidence must remain preserved but cannot become V1 authority without the governed tournament and certification sequence.","False","False","False","False","False","adb70ac9f24c8a51cdbdada2b9f510920d598915c8de369be7d8275de7afd14b"
"data/terminal2/master_secret_lair/cache/879c16105f8cec6ca01bc668b6b1f90cb277cecccff51c32c7e05a94398e757a.json","STRUCTURAL_FEATURES","False","True","False","NOT_IN_OPENING_INVENTORY","HIGH_PRIORITY_REVIEW","PRESERVE_LEGACY_EVIDENCE","IGNORED_RUNTIME_OR_GENERATED_EVIDENCE","Local ignored/runtime evidence is preserved for lineage and empirical review but is not promoted to production authority.","False","False","False","False","False","76d0442fc5839a04279fe398c9f500e4d5e2a5f9efd270e7f4dfbfc7b23d0773"
"data/terminal2/master_secret_lair/cache/87db54c20bbe02ae5bf25666d806e60f44b59617c3b844ee72bda5a81073d987.json","STRUCTURAL_FEATURES","False","True","False","NOT_IN_OPENING_INVENTORY","PRESERVE_LEGACY_EVIDENCE","PRESERVE_LEGACY_EVIDENCE","LEGACY_MODEL_FORECAST_RANKING","Legacy modeling, forecasting, or ranking evidence must remain preserved but cannot become V1 authority without the governed tournament and certification sequence.","False","False","False","False","False","3c9247d938fc644b5aed4b9b6b726d1510bb0aee84dfccfcd14d21fdb3ac4c01"
"data/terminal2/master_secret_lair/cache/87e43a0758eeb9c5c2d31bbaf4d494fa5d34fb048019d54ef05a0be305ca37c8.json","STRUCTURAL_FEATURES","False","True","False","NOT_IN_OPENING_INVENTORY","HIGH_PRIORITY_REVIEW","PRESERVE_LEGACY_EVIDENCE","IGNORED_RUNTIME_OR_GENERATED_EVIDENCE","Local ignored/runtime evidence is preserved for lineage and empirical review but is not promoted to production authority.","False","False","False","False","False","dcfdfd8dd3b96ad7534b07c5d0eacbff13a9e647e514772f6c405549f0fb2170"
"data/terminal2/master_secret_lair/cache/8862d9cc7d9ba28441cd98904b488ab98effcf973d0b05e4f8caf10be2fc7731.json","STRUCTURAL_FEATURES","False","True","False","NOT_IN_OPENING_INVENTORY","PRESERVE_LEGACY_EVIDENCE","PRESERVE_LEGACY_EVIDENCE","LEGACY_MODEL_FORECAST_RANKING","Legacy modeling, forecasting, or ranking evidence must remain preserved but cannot become V1 authority without the governed tournament and certification sequence.","False","False","False","False","False","38854064738edfcf65a5651bef9b9959ab534963a0d46f670fca3051a23b6e1f"
"data/terminal2/master_secret_lair/cache/888f9afbc1496a6f7b4ac28370c3d9652fefff8cd5809fbd7b085f623b9461d1.json","STRUCTURAL_FEATURES","False","True","False","NOT_IN_OPENING_INVENTORY","HIGH_PRIORITY_REVIEW","PRESERVE_LEGACY_EVIDENCE","IGNORED_RUNTIME_OR_GENERATED_EVIDENCE","Local ignored/runtime evidence is preserved for lineage and empirical review but is not promoted to production authority.","False","False","False","False","False","fea58e3d1f5b0fa85ccdee44b3e87982781933d07e6036d5b23bf98a264a8034"
"data/terminal2/master_secret_lair/cache/88f016557ccd54ed17f9a2dd78906b620506eabfe3d295e28d32b19d63fabf3f.json","STRUCTURAL_FEATURES","False","True","False","NOT_IN_OPENING_INVENTORY","PRESERVE_LEGACY_EVIDENCE","PRESERVE_LEGACY_EVIDENCE","LEGACY_MODEL_FORECAST_RANKING","Legacy modeling, forecasting, or ranking evidence must remain preserved but cannot become V1 authority without the governed tournament and certification sequence.","False","False","False","False","False","ecf27403206325b6db93a406a4dc035cbe88db19c06411d3bdfa60109ebca5cb"
"data/terminal2/master_secret_lair/cache/8a531f1085018ef800a60303e5febf78c183b18562d2d3be4c2965d4cab61f8e.json","STRUCTURAL_FEATURES","False","True","False","NOT_IN_OPENING_INVENTORY","PRESERVE_LEGACY_EVIDENCE","PRESERVE_LEGACY_EVIDENCE","LEGACY_MODEL_FORECAST_RANKING","Legacy modeling, forecasting, or ranking evidence must remain preserved but cannot become V1 authority without the governed tournament and certification sequence.","False","False","False","False","False","572c0ffda96d1276e3525155bf8f530dc353da14f971c2ca54c8b11a87353bfe"
"data/terminal2/master_secret_lair/cache/8aec6d881fca021a2083544894b6953d8b44cbafc5188f7fc0bf9ab9f6059180.json","STRUCTURAL_FEATURES","False","True","False","NOT_IN_OPENING_INVENTORY","PRESERVE_LEGACY_EVIDENCE","PRESERVE_LEGACY_EVIDENCE","LEGACY_MODEL_FORECAST_RANKING","Legacy modeling, forecasting, or ranking evidence must remain preserved but cannot become V1 authority without the governed tournament and certification sequence.","False","False","False","False","False","fce730e1d07a8abe0b9f048fd6c30865c5b6d2175308327cb3caf4705fe98d32"
"data/terminal2/master_secret_lair/cache/8b8d4657ce811c73bf74c5ded2bd076bdb07952ee871925e042c7132ac7ce0dd.json","STRUCTURAL_FEATURES","False","True","False","NOT_IN_OPENING_INVENTORY","HIGH_PRIORITY_REVIEW","PRESERVE_LEGACY_EVIDENCE","IGNORED_RUNTIME_OR_GENERATED_EVIDENCE","Local ignored/runtime evidence is preserved for lineage and empirical review but is not promoted to production authority.","False","False","False","False","False","eb3d3ac2006bf24412361a55ad9ba51ce6edb9c7054220ef033a61373266639b"
"data/terminal2/master_secret_lair/cache/8bccbb1ce9158a58b1fe098e21ff47a21cb7d0d253e06e2f8636d1a7637a2bc1.json","STRUCTURAL_FEATURES","False","True","False","NOT_IN_OPENING_INVENTORY","PRESERVE_LEGACY_EVIDENCE","PRESERVE_LEGACY_EVIDENCE","LEGACY_MODEL_FORECAST_RANKING","Legacy modeling, forecasting, or ranking evidence must remain preserved but cannot become V1 authority without the governed tournament and certification sequence.","False","False","False","False","False","1691b83b1dbc243b8706f1afd6d1df26ae2328a383733924e49592e64049f57a"
"data/terminal2/master_secret_lair/cache/8c706f429feef06872255c789dfd6e655e1dead8823399fc1530bb5c75a3376b.json","STRUCTURAL_FEATURES","False","True","False","NOT_IN_OPENING_INVENTORY","PRESERVE_LEGACY_EVIDENCE","PRESERVE_LEGACY_EVIDENCE","LEGACY_MODEL_FORECAST_RANKING","Legacy modeling, forecasting, or ranking evidence must remain preserved but cannot become V1 authority without the governed tournament and certification sequence.","False","False","False","False","False","bffcb17a7d5923cc013c32ce0c71b66710f5ba72b185d9e0c8b271f078fdefb9"
"data/terminal2/master_secret_lair/cache/8d39b348073ed1b8520c3ef5aa6568992f7cb6d39d7abc9859dff0b29c1943fe.json","STRUCTURAL_FEATURES","False","True","False","NOT_IN_OPENING_INVENTORY","HIGH_PRIORITY_REVIEW","PRESERVE_LEGACY_EVIDENCE","IGNORED_RUNTIME_OR_GENERATED_EVIDENCE","Local ignored/runtime evidence is preserved for lineage and empirical review but is not promoted to production authority.","False","False","False","False","False","dd202d4b6cbd4989319e30ef615f85638bb328196e8bf5371976acb1d6f4ff02"
"data/terminal2/master_secret_lair/cache/8d75253dd1778ce636998dbf0eaa6e507854d6ecf9f2d387bec526a7ec51eedf.json","STRUCTURAL_FEATURES","False","True","False","NOT_IN_OPENING_INVENTORY","HIGH_PRIORITY_REVIEW","PRESERVE_LEGACY_EVIDENCE","IGNORED_RUNTIME_OR_GENERATED_EVIDENCE","Local ignored/runtime evidence is preserved for lineage and empirical review but is not promoted to production authority.","False","False","False","False","False","e35bbe16df704284177141f26f90ff3d45b03fafbe5c690c2c449cf1f8c422b2"
"data/terminal2/master_secret_lair/cache/8ef7b9ecb261e1ca1e29c8740b2fb920c656767ad81f9475cdd2a20ea4ee21c2.json","STRUCTURAL_FEATURES","False","True","False","NOT_IN_OPENING_INVENTORY","PRESERVE_LEGACY_EVIDENCE","PRESERVE_LEGACY_EVIDENCE","LEGACY_MODEL_FORECAST_RANKING","Legacy modeling, forecasting, or ranking evidence must remain preserved but cannot become V1 authority without the governed tournament and certification sequence.","False","False","False","False","False","67a61d732a87ae06f5cd97503c660604232a7bc3125aa7ec9495dbc745be0227"
"data/terminal2/master_secret_lair/cache/8f2462e9adfed7ca2bec08788ccd984c34efbb7862a6ace22b8e339241875019.json","STRUCTURAL_FEATURES","False","True","False","NOT_IN_OPENING_INVENTORY","PRESERVE_LEGACY_EVIDENCE","PRESERVE_LEGACY_EVIDENCE","LEGACY_MODEL_FORECAST_RANKING","Legacy modeling, forecasting, or ranking evidence must remain preserved but cannot become V1 authority without the governed tournament and certification sequence.","False","False","False","False","False","eace060adb5fded872f98610c310d0653f3cdedcbf197f0fbc7d3cecdb0db6d4"
"data/terminal2/master_secret_lair/cache/8f44b9aa89fcd6a1f8de09c6e4dfb00cb16f47bc50d3485b20da7d86ec8758e9.json","STRUCTURAL_FEATURES","False","True","False","NOT_IN_OPENING_INVENTORY","HIGH_PRIORITY_REVIEW","PRESERVE_LEGACY_EVIDENCE","IGNORED_RUNTIME_OR_GENERATED_EVIDENCE","Local ignored/runtime evidence is preserved for lineage and empirical review but is not promoted to production authority.","False","False","False","False","False","0f0ae1c3308df204f0ac38ae4bca928b08bedfa6f13ca3a5c5b7101bd393c942"
"data/terminal2/master_secret_lair/cache/905bac92947cd0f197d6cc3bf7e139d8f2921ec24d12614fadc7aaacb1140c5f.json","STRUCTURAL_FEATURES","False","True","False","NOT_IN_OPENING_INVENTORY","PRESERVE_LEGACY_EVIDENCE","PRESERVE_LEGACY_EVIDENCE","LEGACY_MODEL_FORECAST_RANKING","Legacy modeling, forecasting, or ranking evidence must remain preserved but cannot become V1 authority without the governed tournament and certification sequence.","False","False","False","False","False","8736304aa004a06cc3da95ae699b07929d3c30e46be0a92c049e6f33e9dc4852"
"data/terminal2/master_secret_lair/cache/91cb6dfbd81c628764e37414874e637b2426f1de5b8da4941a9fa45707feecd4.json","STRUCTURAL_FEATURES","False","True","False","NOT_IN_OPENING_INVENTORY","HIGH_PRIORITY_REVIEW","PRESERVE_LEGACY_EVIDENCE","IGNORED_RUNTIME_OR_GENERATED_EVIDENCE","Local ignored/runtime evidence is preserved for lineage and empirical review but is not promoted to production authority.","False","False","False","False","False","96a01a7b74f0ee5363c08e50318a1fd489bdc81afb31c26598e0113459b64f7f"
"data/terminal2/master_secret_lair/cache/91fce82c8841f1c1dae19322a58419bc04e32f81a110473d69fafc4275f058ae.json","STRUCTURAL_FEATURES","False","True","False","NOT_IN_OPENING_INVENTORY","HIGH_PRIORITY_REVIEW","PRESERVE_LEGACY_EVIDENCE","IGNORED_RUNTIME_OR_GENERATED_EVIDENCE","Local ignored/runtime evidence is preserved for lineage and empirical review but is not promoted to production authority.","False","False","False","False","False","971a46bfb9f5869cbc4488944ddb063c737ac6ab23dd07976b6499f2d90d7f02"
"data/terminal2/master_secret_lair/cache/928f797a866f67140b26b637aac2095bb6a05c0edeb832d14056b119eb1cab79.json","STRUCTURAL_FEATURES","False","True","False","NOT_IN_OPENING_INVENTORY","PRESERVE_LEGACY_EVIDENCE","PRESERVE_LEGACY_EVIDENCE","LEGACY_MODEL_FORECAST_RANKING","Legacy modeling, forecasting, or ranking evidence must remain preserved but cannot become V1 authority without the governed tournament and certification sequence.","False","False","False","False","False","c6225a3bfe970135d7a72b562eccf6e3fffd64a890491e9edc908a5a420d8608"
"data/terminal2/master_secret_lair/cache/92e48cccb5e7b21ec567613e729e0ff4cb3767284ae47751723e4655bd2f8584.json","STRUCTURAL_FEATURES","False","True","False","NOT_IN_OPENING_INVENTORY","PRESERVE_LEGACY_EVIDENCE","PRESERVE_LEGACY_EVIDENCE","LEGACY_MODEL_FORECAST_RANKING","Legacy modeling, forecasting, or ranking evidence must remain preserved but cannot become V1 authority without the governed tournament and certification sequence.","False","False","False","False","False","92eb986eae7b31e6ce810567117c82c131ea31e5acb9e202097dbf1f0f28bb07"
"data/terminal2/master_secret_lair/cache/9362ce4e4957663f32e646635ccc5a23b018bb475a832613896b1167352d4386.json","STRUCTURAL_FEATURES","False","True","False","NOT_IN_OPENING_INVENTORY","HIGH_PRIORITY_REVIEW","PRESERVE_LEGACY_EVIDENCE","IGNORED_RUNTIME_OR_GENERATED_EVIDENCE","Local ignored/runtime evidence is preserved for lineage and empirical review but is not promoted to production authority.","False","False","False","False","False","e5bd5b4242000b909b0ce73627bc6dae989fef9ca14b37896afed46faf29fb8a"
"data/terminal2/master_secret_lair/cache/93a2e65e412200e1a45de19610b39b944c03a76692bfade1353e6fdc222ae5f9.json","STRUCTURAL_FEATURES","False","True","False","NOT_IN_OPENING_INVENTORY","HIGH_PRIORITY_REVIEW","PRESERVE_LEGACY_EVIDENCE","IGNORED_RUNTIME_OR_GENERATED_EVIDENCE","Local ignored/runtime evidence is preserved for lineage and empirical review but is not promoted to production authority.","False","False","False","False","False","eb7327b2b487c0656610f6386ac5ea33a9422d704c7df077ba96fe81a7dfb27f"
"data/terminal2/master_secret_lair/cache/93fe05dc730fcf8bb76b6fad417ba1a0f9d2e6d60c5629aa0c07db2d85e9fa35.json","STRUCTURAL_FEATURES","False","True","False","NOT_IN_OPENING_INVENTORY","PRESERVE_LEGACY_EVIDENCE","PRESERVE_LEGACY_EVIDENCE","LEGACY_MODEL_FORECAST_RANKING","Legacy modeling, forecasting, or ranking evidence must remain preserved but cannot become V1 authority without the governed tournament and certification sequence.","False","False","False","False","False","79cded232b2a51275131cd27ceb2daca60211888173f124a8e1fad41d305f1f2"
"data/terminal2/master_secret_lair/cache/946e5d55e74f01de14492fdb8d423708fd53962b20e1bd38687e2d77dd61f534.json","STRUCTURAL_FEATURES","False","True","False","NOT_IN_OPENING_INVENTORY","HIGH_PRIORITY_REVIEW","PRESERVE_LEGACY_EVIDENCE","IGNORED_RUNTIME_OR_GENERATED_EVIDENCE","Local ignored/runtime evidence is preserved for lineage and empirical review but is not promoted to production authority.","False","False","False","False","False","3b3cc5189fe60b8fcb1a039a0dd8fc77a99dfe1f583a7568362fd86b66b8135b"
"data/terminal2/master_secret_lair/cache/9515534aaac06f95ec83b20131cc3abfe14eb98178462009e1c993b682c62a85.json","STRUCTURAL_FEATURES","False","True","False","NOT_IN_OPENING_INVENTORY","HIGH_PRIORITY_REVIEW","PRESERVE_LEGACY_EVIDENCE","IGNORED_RUNTIME_OR_GENERATED_EVIDENCE","Local ignored/runtime evidence is preserved for lineage and empirical review but is not promoted to production authority.","False","False","False","False","False","2bccfedaa5d60b3aee2066e1538eff71d7d4bb744b9c4a27db62c71b18b1c009"
"data/terminal2/master_secret_lair/cache/952098da84d94208cd7fff78b2a46e974fa218e307de73686dc0fa190b56451e.json","STRUCTURAL_FEATURES","False","True","False","NOT_IN_OPENING_INVENTORY","HIGH_PRIORITY_REVIEW","PRESERVE_LEGACY_EVIDENCE","IGNORED_RUNTIME_OR_GENERATED_EVIDENCE","Local ignored/runtime evidence is preserved for lineage and empirical review but is not promoted to production authority.","False","False","False","False","False","8dffcd9b1c9eab9e729470d8195e4f8e260345c475228ea1ba6e9ce971f367e1"
"data/terminal2/master_secret_lair/cache/95da3e79f9ca6762131c439a83bf72dc6b39c19c9c468880a66e453f41eb4077.json","STRUCTURAL_FEATURES","False","True","False","NOT_IN_OPENING_INVENTORY","PRESERVE_LEGACY_EVIDENCE","PRESERVE_LEGACY_EVIDENCE","LEGACY_MODEL_FORECAST_RANKING","Legacy modeling, forecasting, or ranking evidence must remain preserved but cannot become V1 authority without the governed tournament and certification sequence.","False","False","False","False","False","52ea913bc211b7bfcb8b02f5942e8f1950248cb7e90542f874431418d2d69ac9"
"data/terminal2/master_secret_lair/cache/9616df06f77b010260c7770a02bf563c1ce57dbc9d0d636ce14f2ffc46730eb7.json","STRUCTURAL_FEATURES","False","True","False","NOT_IN_OPENING_INVENTORY","HIGH_PRIORITY_REVIEW","PRESERVE_LEGACY_EVIDENCE","IGNORED_RUNTIME_OR_GENERATED_EVIDENCE","Local ignored/runtime evidence is preserved for lineage and empirical review but is not promoted to production authority.","False","False","False","False","False","5e9d37104b96aabd4641d5b08b943ef04d5b3f3ccb8409b4fab966bb70235b28"
"data/terminal2/master_secret_lair/cache/9634f8ec9e533fb7efe8c829ee883d4aa0becb14a967d66606322ffb29f8d8c2.json","STRUCTURAL_FEATURES","False","True","False","NOT_IN_OPENING_INVENTORY","HIGH_PRIORITY_REVIEW","PRESERVE_LEGACY_EVIDENCE","IGNORED_RUNTIME_OR_GENERATED_EVIDENCE","Local ignored/runtime evidence is preserved for lineage and empirical review but is not promoted to production authority.","False","False","False","False","False","48ee0e4cb1e5a062a6793a1ccfedcf12cb6e530a1cde6e2282118226c9dee9b4"
"data/terminal2/master_secret_lair/cache/974da84e8626b34788453466077b1017e2e316cf2cf23fac318fbd7708c56a3a.json","STRUCTURAL_FEATURES","False","True","False","NOT_IN_OPENING_INVENTORY","HIGH_PRIORITY_REVIEW","PRESERVE_LEGACY_EVIDENCE","IGNORED_RUNTIME_OR_GENERATED_EVIDENCE","Local ignored/runtime evidence is preserved for lineage and empirical review but is not promoted to production authority.","False","False","False","False","False","c232e8b0553f4c28224c1b0bf48ec7650c1eecd852e23283ed09e9c4eaac52fd"
"data/terminal2/master_secret_lair/cache/984e4c0211cdf9e754a3e874fa0897e1f10e882f977fe17737443cb7bb831d65.json","STRUCTURAL_FEATURES","False","True","False","NOT_IN_OPENING_INVENTORY","HIGH_PRIORITY_REVIEW","PRESERVE_LEGACY_EVIDENCE","IGNORED_RUNTIME_OR_GENERATED_EVIDENCE","Local ignored/runtime evidence is preserved for lineage and empirical review but is not promoted to production authority.","False","False","False","False","False","b39765ac4e442657625c190bd0b01c830ecd27948764b4c03fdc4f6e25a64abd"
"data/terminal2/master_secret_lair/cache/987ed2986c9a14a4dfdd7e7b4020245c4232d155f1815d7ac87157a342ac43f4.json","STRUCTURAL_FEATURES","False","True","False","NOT_IN_OPENING_INVENTORY","PRESERVE_LEGACY_EVIDENCE","PRESERVE_LEGACY_EVIDENCE","LEGACY_MODEL_FORECAST_RANKING","Legacy modeling, forecasting, or ranking evidence must remain preserved but cannot become V1 authority without the governed tournament and certification sequence.","False","False","False","False","False","c3e8ddadd0e698b7cbda39501f223b1ff7ef3a316ed9a2c8235de4334b34c4d8"
"data/terminal2/master_secret_lair/cache/98e0fce1a34ec235c49b92afb862eb17efc2cc0ed5e32b2c26b129246bf24a75.json","STRUCTURAL_FEATURES","False","True","False","NOT_IN_OPENING_INVENTORY","HIGH_PRIORITY_REVIEW","PRESERVE_LEGACY_EVIDENCE","IGNORED_RUNTIME_OR_GENERATED_EVIDENCE","Local ignored/runtime evidence is preserved for lineage and empirical review but is not promoted to production authority.","False","False","False","False","False","6af1848564f213fd2def0ee63acf0475974d72425725ae669a0bbef559b912e5"
"data/terminal2/master_secret_lair/cache/9ca538fbf351b8eb3d0a526d14b944b2f3db53eec1f04bfd6ebac7ce85e332a6.json","STRUCTURAL_FEATURES","False","True","False","NOT_IN_OPENING_INVENTORY","PRESERVE_LEGACY_EVIDENCE","PRESERVE_LEGACY_EVIDENCE","LEGACY_MODEL_FORECAST_RANKING","Legacy modeling, forecasting, or ranking evidence must remain preserved but cannot become V1 authority without the governed tournament and certification sequence.","False","False","False","False","False","41b8c35060c3a36ef24d67492dabc1aff2858b2dc5cb37a5cc1ffef9c91bfce9"
"data/terminal2/master_secret_lair/cache/9d145d947b50f29cd664f09e40f705591120ece96e1e7f93905e31ecb7daa05b.json","STRUCTURAL_FEATURES","False","True","False","NOT_IN_OPENING_INVENTORY","HIGH_PRIORITY_REVIEW","PRESERVE_LEGACY_EVIDENCE","IGNORED_RUNTIME_OR_GENERATED_EVIDENCE","Local ignored/runtime evidence is preserved for lineage and empirical review but is not promoted to production authority.","False","False","False","False","False","cefbf0e0cb69bc3ed45a2bc52fe48579f2633294083ce806f911e8e80d03fb57"
"data/terminal2/master_secret_lair/cache/9e207950ebccba5bf21d9572de2a2977c62d0ece9725a8db3a1109ed4fa3fe9a.json","STRUCTURAL_FEATURES","False","True","False","NOT_IN_OPENING_INVENTORY","PRESERVE_LEGACY_EVIDENCE","PRESERVE_LEGACY_EVIDENCE","LEGACY_MODEL_FORECAST_RANKING","Legacy modeling, forecasting, or ranking evidence must remain preserved but cannot become V1 authority without the governed tournament and certification sequence.","False","False","False","False","False","c66dad7f7808e2ef0fffc877fd34c49b523a4f3867a9d06da85fb9f7037845e1"
"data/terminal2/master_secret_lair/cache/9e63bc081c782d03f337156ce9ed1a0d9a507a07bc7cd9e9e395f5708a40053e.json","STRUCTURAL_FEATURES","False","True","False","NOT_IN_OPENING_INVENTORY","HIGH_PRIORITY_REVIEW","PRESERVE_LEGACY_EVIDENCE","IGNORED_RUNTIME_OR_GENERATED_EVIDENCE","Local ignored/runtime evidence is preserved for lineage and empirical review but is not promoted to production authority.","False","False","False","False","False","148a4e224da47da00ce25f3c47b17c16d856d28d26d0b48d330321559fd1e4e3"
"data/terminal2/master_secret_lair/cache/9e95213550e4fcf356306597a696772edc543e47630a73174d8483e5206c6d1a.json","STRUCTURAL_FEATURES","False","True","False","NOT_IN_OPENING_INVENTORY","PRESERVE_LEGACY_EVIDENCE","PRESERVE_LEGACY_EVIDENCE","LEGACY_MODEL_FORECAST_RANKING","Legacy modeling, forecasting, or ranking evidence must remain preserved but cannot become V1 authority without the governed tournament and certification sequence.","False","False","False","False","False","d4e60bb3bb730d6b5890419eb8a6367e34491236adfa99e29f8c513f66505820"
"data/terminal2/master_secret_lair/cache/a02709d9df2695478152d1687f1f6ef178124d10b214f205a9fe321da8072d3e.json","STRUCTURAL_FEATURES","False","True","False","NOT_IN_OPENING_INVENTORY","HIGH_PRIORITY_REVIEW","PRESERVE_LEGACY_EVIDENCE","IGNORED_RUNTIME_OR_GENERATED_EVIDENCE","Local ignored/runtime evidence is preserved for lineage and empirical review but is not promoted to production authority.","False","False","False","False","False","c3a16897b92ad9cd3c7bf12f5244d462ba27567364cde7abfb3cb1d0a4d0e759"
"data/terminal2/master_secret_lair/cache/a076b6d7b428d2c7b8c7b41d1311775a39a58e17fdd3c900738f96e7f2766ced.json","STRUCTURAL_FEATURES","False","True","False","NOT_IN_OPENING_INVENTORY","HIGH_PRIORITY_REVIEW","PRESERVE_LEGACY_EVIDENCE","IGNORED_RUNTIME_OR_GENERATED_EVIDENCE","Local ignored/runtime evidence is preserved for lineage and empirical review but is not promoted to production authority.","False","False","False","False","False","5f1fbda2c1641454d3b9736b2a0f669ed94fb22d198a67193566f1b8cb4905db"
"data/terminal2/master_secret_lair/cache/a0ae4b5d871dd2856768a7bb50d62083ed805ee9838430f09edd673cac0a60f2.json","STRUCTURAL_FEATURES","False","True","False","NOT_IN_OPENING_INVENTORY","HIGH_PRIORITY_REVIEW","PRESERVE_LEGACY_EVIDENCE","IGNORED_RUNTIME_OR_GENERATED_EVIDENCE","Local ignored/runtime evidence is preserved for lineage and empirical review but is not promoted to production authority.","False","False","False","False","False","7dea20ce967f766b050388842d0fb45cc10347caa507d534dd9b6ac2e05332db"
"data/terminal2/master_secret_lair/cache/a1c80cf6e8fa7c67f98a764a03a9c0f6f0fd535a0fbc08e49fed1bbedef490fc.json","STRUCTURAL_FEATURES","False","True","False","NOT_IN_OPENING_INVENTORY","HIGH_PRIORITY_REVIEW","PRESERVE_LEGACY_EVIDENCE","IGNORED_RUNTIME_OR_GENERATED_EVIDENCE","Local ignored/runtime evidence is preserved for lineage and empirical review but is not promoted to production authority.","False","False","False","False","False","5147cc3e0ff32bb8ec3af5be8478d777324f8ff8a6c20642bc8134b59e2b87bd"
"data/terminal2/master_secret_lair/cache/a26b10a30ec9f03a06b819b33e63b6189b539be81e2ea7161bd22bcfd75a9138.json","STRUCTURAL_FEATURES","False","True","False","NOT_IN_OPENING_INVENTORY","HIGH_PRIORITY_REVIEW","PRESERVE_LEGACY_EVIDENCE","IGNORED_RUNTIME_OR_GENERATED_EVIDENCE","Local ignored/runtime evidence is preserved for lineage and empirical review but is not promoted to production authority.","False","False","False","False","False","e800c7ec0af5cccccee9e9552a4269588cdba04267def9b09a4c3660c9a4ad1b"
"data/terminal2/master_secret_lair/cache/a31cb6d098f83555ee53451989b079408eb9bd2d084764f24026791904938b7e.json","STRUCTURAL_FEATURES","False","True","False","NOT_IN_OPENING_INVENTORY","HIGH_PRIORITY_REVIEW","PRESERVE_LEGACY_EVIDENCE","IGNORED_RUNTIME_OR_GENERATED_EVIDENCE","Local ignored/runtime evidence is preserved for lineage and empirical review but is not promoted to production authority.","False","False","False","False","False","a79dc6d9dd7c31beded912e9a4e9f12086b56cc75fe75c48f92ad517f18fb407"
"data/terminal2/master_secret_lair/cache/a4b063334c341f7235220f155326259b9b2e454290d98bb606237e11e1bd9571.json","STRUCTURAL_FEATURES","False","True","False","NOT_IN_OPENING_INVENTORY","PRESERVE_LEGACY_EVIDENCE","PRESERVE_LEGACY_EVIDENCE","LEGACY_MODEL_FORECAST_RANKING","Legacy modeling, forecasting, or ranking evidence must remain preserved but cannot become V1 authority without the governed tournament and certification sequence.","False","False","False","False","False","49499b4aa8a0dbfba07b89057e343a4af70cf6b797fc60f8ef3849130793e4f0"
"data/terminal2/master_secret_lair/cache/a4d35af9496bbc590d170466df01d298a63db4230b547f44b2fb200acca42942.json","STRUCTURAL_FEATURES","False","True","False","NOT_IN_OPENING_INVENTORY","HIGH_PRIORITY_REVIEW","PRESERVE_LEGACY_EVIDENCE","IGNORED_RUNTIME_OR_GENERATED_EVIDENCE","Local ignored/runtime evidence is preserved for lineage and empirical review but is not promoted to production authority.","False","False","False","False","False","358d666e27b62a22b30bd0b958b8802a650f42a0defdd3e568f3c8e26a7637ad"
"data/terminal2/master_secret_lair/cache/a4fd8f0a902a09d9cfafced84da5b3bfe45417888bb41791df11769a1a86b083.json","STRUCTURAL_FEATURES","False","True","False","NOT_IN_OPENING_INVENTORY","PRESERVE_LEGACY_EVIDENCE","PRESERVE_LEGACY_EVIDENCE","LEGACY_MODEL_FORECAST_RANKING","Legacy modeling, forecasting, or ranking evidence must remain preserved but cannot become V1 authority without the governed tournament and certification sequence.","False","False","False","False","False","0f460b40e4fe36656a97d711dbd5e38c77b66d436a07738e3609c0a86d871740"
"data/terminal2/master_secret_lair/cache/a5f8881fb05b51b49a05f1b543ac32b05b8e1c8d088c8d463c43fd6581e4efb4.json","STRUCTURAL_FEATURES","False","True","False","NOT_IN_OPENING_INVENTORY","PRESERVE_LEGACY_EVIDENCE","PRESERVE_LEGACY_EVIDENCE","LEGACY_MODEL_FORECAST_RANKING","Legacy modeling, forecasting, or ranking evidence must remain preserved but cannot become V1 authority without the governed tournament and certification sequence.","False","False","False","False","False","0f445604c64982eef3ba0ae56c63eba6c3f4f07d8e022181ea2171b1a8b150b2"
"data/terminal2/master_secret_lair/cache/a627a5e1305414019c908572f6e558972c026e3026ff44baa1c4a7216bdee932.json","STRUCTURAL_FEATURES","False","True","False","NOT_IN_OPENING_INVENTORY","HIGH_PRIORITY_REVIEW","PRESERVE_LEGACY_EVIDENCE","IGNORED_RUNTIME_OR_GENERATED_EVIDENCE","Local ignored/runtime evidence is preserved for lineage and empirical review but is not promoted to production authority.","False","False","False","False","False","408db3d4656d1652491e3e336ff54a415a371fb615bd632dae2b4cb8b4c7571c"
"data/terminal2/master_secret_lair/cache/a6a1f5b3d4e9a2a1b130a72089d647da5b8bd70f1de391b7853fbaa80b62d130.json","STRUCTURAL_FEATURES","False","True","False","NOT_IN_OPENING_INVENTORY","HIGH_PRIORITY_REVIEW","PRESERVE_LEGACY_EVIDENCE","IGNORED_RUNTIME_OR_GENERATED_EVIDENCE","Local ignored/runtime evidence is preserved for lineage and empirical review but is not promoted to production authority.","False","False","False","False","False","2391eddc00796ef050d9bf9bd85831089a2a47d8123291ba51e790e41ea2fbf6"
"data/terminal2/master_secret_lair/cache/a6fdeec6c3989da0ad67e0414aacdc2d7e36ad5b80b40521acbbb4ea60ed2b34.json","STRUCTURAL_FEATURES","False","True","False","NOT_IN_OPENING_INVENTORY","PRESERVE_LEGACY_EVIDENCE","PRESERVE_LEGACY_EVIDENCE","LEGACY_MODEL_FORECAST_RANKING","Legacy modeling, forecasting, or ranking evidence must remain preserved but cannot become V1 authority without the governed tournament and certification sequence.","False","False","False","False","False","926c635ff27d747c247fe97731c8b93ce17e9b937f8f24ce9739ebbce953fb0f"
"data/terminal2/master_secret_lair/cache/a7546dcd5a4bef254221379512027c086d8fa4e306ecb08c50d6062700240c12.json","STRUCTURAL_FEATURES","False","True","False","NOT_IN_OPENING_INVENTORY","HIGH_PRIORITY_REVIEW","PRESERVE_LEGACY_EVIDENCE","IGNORED_RUNTIME_OR_GENERATED_EVIDENCE","Local ignored/runtime evidence is preserved for lineage and empirical review but is not promoted to production authority.","False","False","False","False","False","28818b58333497d893fe20f0e456defed84c7aad34a9cff9f16639bf671e1fea"
"data/terminal2/master_secret_lair/cache/a794fe431974b73d161e6149ec20fa359fbcc46882c835e1c0923fda9aea4beb.json","STRUCTURAL_FEATURES","False","True","False","NOT_IN_OPENING_INVENTORY","HIGH_PRIORITY_REVIEW","PRESERVE_LEGACY_EVIDENCE","IGNORED_RUNTIME_OR_GENERATED_EVIDENCE","Local ignored/runtime evidence is preserved for lineage and empirical review but is not promoted to production authority.","False","False","False","False","False","81741ef464c0ff4898aa704e5140de35dbe212c1e83112be7353277ae909a49d"
"data/terminal2/master_secret_lair/cache/a7b383e94df27b308a0ae4068ca3337babf32b2642fa7166086d6c88b61c228c.json","STRUCTURAL_FEATURES","False","True","False","NOT_IN_OPENING_INVENTORY","PRESERVE_LEGACY_EVIDENCE","PRESERVE_LEGACY_EVIDENCE","LEGACY_MODEL_FORECAST_RANKING","Legacy modeling, forecasting, or ranking evidence must remain preserved but cannot become V1 authority without the governed tournament and certification sequence.","False","False","False","False","False","d7c6a3087162822bea474540a598012a7c2ef2b513ee81e0b8d692beab00d3ad"
"data/terminal2/master_secret_lair/cache/a8b4addfa3d07688248727aab3add2a3bff2875b362c8f2870727ca63a120ca7.json","STRUCTURAL_FEATURES","False","True","False","NOT_IN_OPENING_INVENTORY","HIGH_PRIORITY_REVIEW","PRESERVE_LEGACY_EVIDENCE","IGNORED_RUNTIME_OR_GENERATED_EVIDENCE","Local ignored/runtime evidence is preserved for lineage and empirical review but is not promoted to production authority.","False","False","False","False","False","67bf58f7601cfc88f1679f553aace00caecceec7e434f7f32e92fd8fbc6606e3"
"data/terminal2/master_secret_lair/cache/a9fc4fc2d4c3ce153da0030cf6d44a013487c755cab9cb9a65d4ee1f449e78a3.json","STRUCTURAL_FEATURES","False","True","False","NOT_IN_OPENING_INVENTORY","PRESERVE_LEGACY_EVIDENCE","PRESERVE_LEGACY_EVIDENCE","LEGACY_MODEL_FORECAST_RANKING","Legacy modeling, forecasting, or ranking evidence must remain preserved but cannot become V1 authority without the governed tournament and certification sequence.","False","False","False","False","False","fa66747b20f39b4769063782c186883500a94098646b30df4dd426fc0f1ee3aa"
"data/terminal2/master_secret_lair/cache/aa273c6d8a50e4ac295b37b1624afff8986f3b5b2d7b440bbaccd2c44182c36c.json","STRUCTURAL_FEATURES","False","True","False","NOT_IN_OPENING_INVENTORY","PRESERVE_LEGACY_EVIDENCE","PRESERVE_LEGACY_EVIDENCE","LEGACY_MODEL_FORECAST_RANKING","Legacy modeling, forecasting, or ranking evidence must remain preserved but cannot become V1 authority without the governed tournament and certification sequence.","False","False","False","False","False","6e0405829895868a80ca24b57ea2b2c3b02da975d14148abaf90707e63391537"
"data/terminal2/master_secret_lair/cache/ab0c2ecfc91889641334ca8fda1a64c87b3457d90a5f61b685c1cd26d720e3e5.json","STRUCTURAL_FEATURES","False","True","False","NOT_IN_OPENING_INVENTORY","PRESERVE_LEGACY_EVIDENCE","PRESERVE_LEGACY_EVIDENCE","LEGACY_MODEL_FORECAST_RANKING","Legacy modeling, forecasting, or ranking evidence must remain preserved but cannot become V1 authority without the governed tournament and certification sequence.","False","False","False","False","False","93e5977f890758b1a9a252dd5ef526946c5b20d6a6718751ea87f46a803abb7b"
"data/terminal2/master_secret_lair/cache/abce41078f9b966bb0a62fd06276a0bbf8c987702080b0c00144fc704940efae.json","STRUCTURAL_FEATURES","False","True","False","NOT_IN_OPENING_INVENTORY","HIGH_PRIORITY_REVIEW","PRESERVE_LEGACY_EVIDENCE","IGNORED_RUNTIME_OR_GENERATED_EVIDENCE","Local ignored/runtime evidence is preserved for lineage and empirical review but is not promoted to production authority.","False","False","False","False","False","32ca15d18c381ac28444c76e385bb546b99f4c89bb113c2b38c8c31cf5e8b84b"
"data/terminal2/master_secret_lair/cache/abcfaf6eebfdd4f67a2b54f9c0238593afe318551cc422c3547d5856765d23b0.json","STRUCTURAL_FEATURES","False","True","False","NOT_IN_OPENING_INVENTORY","PRESERVE_LEGACY_EVIDENCE","PRESERVE_LEGACY_EVIDENCE","LEGACY_MODEL_FORECAST_RANKING","Legacy modeling, forecasting, or ranking evidence must remain preserved but cannot become V1 authority without the governed tournament and certification sequence.","False","False","False","False","False","6d760bf55ce3d1b8c0b585b0a4ad1673f3b2ee5ff303c6865f5d3d1f67d05e33"
"data/terminal2/master_secret_lair/cache/abf3eb7cb52d61b355960d6a55b13253debcf7ed40c514baaa924801b15e12f9.json","STRUCTURAL_FEATURES","False","True","False","NOT_IN_OPENING_INVENTORY","PRESERVE_LEGACY_EVIDENCE","PRESERVE_LEGACY_EVIDENCE","LEGACY_MODEL_FORECAST_RANKING","Legacy modeling, forecasting, or ranking evidence must remain preserved but cannot become V1 authority without the governed tournament and certification sequence.","False","False","False","False","False","237557d770f16954608b824627908f27149083885b84f722009559c5e5d2e3cb"
"data/terminal2/master_secret_lair/cache/ac52dc3b015f1e2e02a3a286a06f8be637c6e5629cf6ad207c9572d9b3b2c67f.json","STRUCTURAL_FEATURES","False","True","False","NOT_IN_OPENING_INVENTORY","HIGH_PRIORITY_REVIEW","PRESERVE_LEGACY_EVIDENCE","IGNORED_RUNTIME_OR_GENERATED_EVIDENCE","Local ignored/runtime evidence is preserved for lineage and empirical review but is not promoted to production authority.","False","False","False","False","False","3978819418ebe7677a466dda5888aeced8ba740de8270dbdefbe3a34ae1e5b36"
"data/terminal2/master_secret_lair/cache/accf3ac2143781045a471b4e43a6862447f46566e7f7db6b105e420ac6b64252.json","STRUCTURAL_FEATURES","False","True","False","NOT_IN_OPENING_INVENTORY","HIGH_PRIORITY_REVIEW","PRESERVE_LEGACY_EVIDENCE","IGNORED_RUNTIME_OR_GENERATED_EVIDENCE","Local ignored/runtime evidence is preserved for lineage and empirical review but is not promoted to production authority.","False","False","False","False","False","4faaf050cf6d258d3b2d4811ebf60830e34e94b236c5905d0ebb8375f8cf3961"
"data/terminal2/master_secret_lair/cache/adc5dad96bbfff13fc479c3b71a680cd0fcc05b953a4f800ad58d2ef4d86aed3.json","STRUCTURAL_FEATURES","False","True","False","NOT_IN_OPENING_INVENTORY","HIGH_PRIORITY_REVIEW","PRESERVE_LEGACY_EVIDENCE","IGNORED_RUNTIME_OR_GENERATED_EVIDENCE","Local ignored/runtime evidence is preserved for lineage and empirical review but is not promoted to production authority.","False","False","False","False","False","7859502a126d459fdecc2a4a2fb427e62fca714c3a4f535ea8d7747b44e5d45a"
"data/terminal2/master_secret_lair/cache/ae1d33d9aee73c9db920c586bf7d8b04fdc0c16ad4a520d5a991ac3ef7199944.json","STRUCTURAL_FEATURES","False","True","False","NOT_IN_OPENING_INVENTORY","HIGH_PRIORITY_REVIEW","PRESERVE_LEGACY_EVIDENCE","IGNORED_RUNTIME_OR_GENERATED_EVIDENCE","Local ignored/runtime evidence is preserved for lineage and empirical review but is not promoted to production authority.","False","False","False","False","False","b29bf0aa6a602f3aa58ef02f81ca1cacf02940d5ba329f7e50e893837130b37c"
"data/terminal2/master_secret_lair/cache/ae86b834b9fc62fc35f73b74c334c33b7b19a13af9b42cac1ef2d98109560bd8.json","STRUCTURAL_FEATURES","False","True","False","NOT_IN_OPENING_INVENTORY","HIGH_PRIORITY_REVIEW","PRESERVE_LEGACY_EVIDENCE","IGNORED_RUNTIME_OR_GENERATED_EVIDENCE","Local ignored/runtime evidence is preserved for lineage and empirical review but is not promoted to production authority.","False","False","False","False","False","e3c2c0e55f7ffbf3911919ea514d3c63c33857c6f8abff35a01a1fb9c5142434"
"data/terminal2/master_secret_lair/cache/af185ebabe7126f525fb873b49307d41848eabd397d18185b32705913317629e.json","STRUCTURAL_FEATURES","False","True","False","NOT_IN_OPENING_INVENTORY","HIGH_PRIORITY_REVIEW","PRESERVE_LEGACY_EVIDENCE","IGNORED_RUNTIME_OR_GENERATED_EVIDENCE","Local ignored/runtime evidence is preserved for lineage and empirical review but is not promoted to production authority.","False","False","False","False","False","3ae4040b724746f48ae8e7755bf2da282d6e4d39932f53f5c6dd85ede94900e4"
"data/terminal2/master_secret_lair/cache/af201651e7c0cdfea5efdab60f5cffd6d764a85f678fa3df10c3fe599ac1f73a.json","STRUCTURAL_FEATURES","False","True","False","NOT_IN_OPENING_INVENTORY","HIGH_PRIORITY_REVIEW","PRESERVE_LEGACY_EVIDENCE","IGNORED_RUNTIME_OR_GENERATED_EVIDENCE","Local ignored/runtime evidence is preserved for lineage and empirical review but is not promoted to production authority.","False","False","False","False","False","421a0679445936e2dbc7f47c94831f39021ce91569dae9dc32a7504fda5f11c5"
"data/terminal2/master_secret_lair/cache/af681241069a9ce98cab9762681b58f4f5e16c4e46568ed7b21ed7052ed3d0df.json","STRUCTURAL_FEATURES","False","True","False","NOT_IN_OPENING_INVENTORY","HIGH_PRIORITY_REVIEW","PRESERVE_LEGACY_EVIDENCE","IGNORED_RUNTIME_OR_GENERATED_EVIDENCE","Local ignored/runtime evidence is preserved for lineage and empirical review but is not promoted to production authority.","False","False","False","False","False","a465a836737cd19c4a0f8adb30e3ffafc52ffc935767ddac5fe8c9bae1a12da5"
"data/terminal2/master_secret_lair/cache/b02b47915b9f77b08f64e7d43757740df013e67cb540eaa11304a4cd68397372.json","STRUCTURAL_FEATURES","False","True","False","NOT_IN_OPENING_INVENTORY","PRESERVE_LEGACY_EVIDENCE","PRESERVE_LEGACY_EVIDENCE","LEGACY_MODEL_FORECAST_RANKING","Legacy modeling, forecasting, or ranking evidence must remain preserved but cannot become V1 authority without the governed tournament and certification sequence.","False","False","False","False","False","a1352eee0fca8947d59519fd7bf304f09249a8e67c135144460577337d363cc0"
"data/terminal2/master_secret_lair/cache/b1724f8169e2598f988f5dae875ff135346801f678172b216c6ca957cc615e7a.json","STRUCTURAL_FEATURES","False","True","False","NOT_IN_OPENING_INVENTORY","HIGH_PRIORITY_REVIEW","PRESERVE_LEGACY_EVIDENCE","IGNORED_RUNTIME_OR_GENERATED_EVIDENCE","Local ignored/runtime evidence is preserved for lineage and empirical review but is not promoted to production authority.","False","False","False","False","False","baa9d5b80a75d9cce0e57d4c2f53f3343daff3bd07ec41ef7fac3b16dc1914d8"
"data/terminal2/master_secret_lair/cache/b1acb6584b047778b0511ea2edf948253a97e7253df8faf7c4985abe2d589701.json","STRUCTURAL_FEATURES","False","True","False","NOT_IN_OPENING_INVENTORY","HIGH_PRIORITY_REVIEW","PRESERVE_LEGACY_EVIDENCE","IGNORED_RUNTIME_OR_GENERATED_EVIDENCE","Local ignored/runtime evidence is preserved for lineage and empirical review but is not promoted to production authority.","False","False","False","False","False","aa5777211bfb07a8284ea34c16d900c1a4e32249f7b9a64535151062b0c91101"
"data/terminal2/master_secret_lair/cache/b1e2315a05f019242a0bd2994dff55917a84021e867264ce1e5693411d945680.json","STRUCTURAL_FEATURES","False","True","False","NOT_IN_OPENING_INVENTORY","HIGH_PRIORITY_REVIEW","PRESERVE_LEGACY_EVIDENCE","IGNORED_RUNTIME_OR_GENERATED_EVIDENCE","Local ignored/runtime evidence is preserved for lineage and empirical review but is not promoted to production authority.","False","False","False","False","False","29a03a37da1dbb58e176416b77aaf19282fba6c0eb11030ef1afecf3eb254528"
"data/terminal2/master_secret_lair/cache/b1f4ebaa904827ac7e9ea9d5b5650f1ccca58ebe231508ffc98efe878a1c6456.json","STRUCTURAL_FEATURES","False","True","False","NOT_IN_OPENING_INVENTORY","HIGH_PRIORITY_REVIEW","PRESERVE_LEGACY_EVIDENCE","IGNORED_RUNTIME_OR_GENERATED_EVIDENCE","Local ignored/runtime evidence is preserved for lineage and empirical review but is not promoted to production authority.","False","False","False","False","False","135cc4f3ecc4746708b66e6e2d99cf03cc92d07170e87b2162df8c4e406496c6"
"data/terminal2/master_secret_lair/cache/b2a7c6c77353228c5d3e4d5ac190aeb1a692aa220bed5204fa7fafca0ddb791b.json","STRUCTURAL_FEATURES","False","True","False","NOT_IN_OPENING_INVENTORY","PRESERVE_LEGACY_EVIDENCE","PRESERVE_LEGACY_EVIDENCE","LEGACY_MODEL_FORECAST_RANKING","Legacy modeling, forecasting, or ranking evidence must remain preserved but cannot become V1 authority without the governed tournament and certification sequence.","False","False","False","False","False","f2a19715ebc362ff72d307b54687b701ef6e2e9a3fd58dc5fccdd22399f9359b"
"data/terminal2/master_secret_lair/cache/b3daa4a531ef6f19c0b429bb9ae7e41515fdc5a164775f20d1c0e8b2226478ad.json","STRUCTURAL_FEATURES","False","True","False","NOT_IN_OPENING_INVENTORY","HIGH_PRIORITY_REVIEW","PRESERVE_LEGACY_EVIDENCE","IGNORED_RUNTIME_OR_GENERATED_EVIDENCE","Local ignored/runtime evidence is preserved for lineage and empirical review but is not promoted to production authority.","False","False","False","False","False","06844f3187f1bcb9ba29697ce73d6d6c73dc5f5ce5fd1657f30c085791bf4fe8"
"data/terminal2/master_secret_lair/cache/b484becdd1880cd65e2e84a952d872578ae7f5235fba5431fba3b5f42de2484e.json","STRUCTURAL_FEATURES","False","True","False","NOT_IN_OPENING_INVENTORY","HIGH_PRIORITY_REVIEW","PRESERVE_LEGACY_EVIDENCE","IGNORED_RUNTIME_OR_GENERATED_EVIDENCE","Local ignored/runtime evidence is preserved for lineage and empirical review but is not promoted to production authority.","False","False","False","False","False","cf428b5b9b7aaf46009eca64c7eef8e3c86ca602038ad2422011833b93729cfd"
"data/terminal2/master_secret_lair/cache/b496dc28b1901f214bcf434b5bfe0af97cd8b5d7f17b3c623abddc4c8277bee0.json","STRUCTURAL_FEATURES","False","True","False","NOT_IN_OPENING_INVENTORY","HIGH_PRIORITY_REVIEW","PRESERVE_LEGACY_EVIDENCE","IGNORED_RUNTIME_OR_GENERATED_EVIDENCE","Local ignored/runtime evidence is preserved for lineage and empirical review but is not promoted to production authority.","False","False","False","False","False","895fdcefa75e1aa6e1a2362da849a8be4132e1c9cd04d53b04f4b7af114437bf"
"data/terminal2/master_secret_lair/cache/b4b78bb190a6a36623049df38008b044488d5d09990f50144ce9813d5b7b5930.json","STRUCTURAL_FEATURES","False","True","False","NOT_IN_OPENING_INVENTORY","PRESERVE_LEGACY_EVIDENCE","PRESERVE_LEGACY_EVIDENCE","LEGACY_MODEL_FORECAST_RANKING","Legacy modeling, forecasting, or ranking evidence must remain preserved but cannot become V1 authority without the governed tournament and certification sequence.","False","False","False","False","False","41a1e783284f767d6bb04f29fe44632b49fa22910104afd9527f39ac828a6689"
"data/terminal2/master_secret_lair/cache/b552db7bfe44621e4d328cc2a2bdca75b49709a3318eb8d1cc4eef9fcd6c8f6a.json","STRUCTURAL_FEATURES","False","True","False","NOT_IN_OPENING_INVENTORY","HIGH_PRIORITY_REVIEW","PRESERVE_LEGACY_EVIDENCE","IGNORED_RUNTIME_OR_GENERATED_EVIDENCE","Local ignored/runtime evidence is preserved for lineage and empirical review but is not promoted to production authority.","False","False","False","False","False","fc6193d60d9999fa1724e43c8f1d2430296c6528925a6edc46450c7ddbb400ee"
"data/terminal2/master_secret_lair/cache/b5f01205109f6bbe5bbdded3252fcc0e2cb6e6f210b61e8ea0b9d8d3e8d49203.json","STRUCTURAL_FEATURES","False","True","False","NOT_IN_OPENING_INVENTORY","PRESERVE_LEGACY_EVIDENCE","PRESERVE_LEGACY_EVIDENCE","LEGACY_MODEL_FORECAST_RANKING","Legacy modeling, forecasting, or ranking evidence must remain preserved but cannot become V1 authority without the governed tournament and certification sequence.","False","False","False","False","False","3e87e4c2c0b380a0d55b7c50dee9a5312a017be4682107d62a5b4c82b3caba12"
"data/terminal2/master_secret_lair/cache/b6027fe3c5692aa933657ea43537b14d2c13742c3e091cbdc64ded440848ddd8.json","STRUCTURAL_FEATURES","False","True","False","NOT_IN_OPENING_INVENTORY","HIGH_PRIORITY_REVIEW","PRESERVE_LEGACY_EVIDENCE","IGNORED_RUNTIME_OR_GENERATED_EVIDENCE","Local ignored/runtime evidence is preserved for lineage and empirical review but is not promoted to production authority.","False","False","False","False","False","d197328640e5b3e5d7b76fafb082d69c0cd19df64bf53c8ca3110bb53c1c1579"
"data/terminal2/master_secret_lair/cache/b6fbf736cf8a51b0e465ff675952c299d9550192759dfa9872fc05313bdddab5.json","STRUCTURAL_FEATURES","False","True","False","NOT_IN_OPENING_INVENTORY","HIGH_PRIORITY_REVIEW","PRESERVE_LEGACY_EVIDENCE","IGNORED_RUNTIME_OR_GENERATED_EVIDENCE","Local ignored/runtime evidence is preserved for lineage and empirical review but is not promoted to production authority.","False","False","False","False","False","11c5c04ae29a9166274204e771eea7e2fe140f1a0cdb07d3caca3d7d07f95c35"
"data/terminal2/master_secret_lair/cache/b6fde899a489810cb61b27e28c245abbbbbcab0f87897feb4d29ede4ee647396.json","STRUCTURAL_FEATURES","False","True","False","NOT_IN_OPENING_INVENTORY","PRESERVE_LEGACY_EVIDENCE","PRESERVE_LEGACY_EVIDENCE","LEGACY_MODEL_FORECAST_RANKING","Legacy modeling, forecasting, or ranking evidence must remain preserved but cannot become V1 authority without the governed tournament and certification sequence.","False","False","False","False","False","df30267bf6c7a64708d7f190fa2854d956112abb767b7f8c01c41d1287d82616"
"data/terminal2/master_secret_lair/cache/b710a7d354e0ca5bd6166e379a51e199e626ca6737396bdd5db246b39702385b.json","STRUCTURAL_FEATURES","False","True","False","NOT_IN_OPENING_INVENTORY","HIGH_PRIORITY_REVIEW","PRESERVE_LEGACY_EVIDENCE","IGNORED_RUNTIME_OR_GENERATED_EVIDENCE","Local ignored/runtime evidence is preserved for lineage and empirical review but is not promoted to production authority.","False","False","False","False","False","906fc7d0bb0b227db7c3b48bb395d9f6a5b164bac619b7cf7a3662aab1cc69f2"
"data/terminal2/master_secret_lair/cache/b7470f1e82d9b68de4a06350d3b0e899796daeee80fb339bfaa2db6a44f24b68.json","STRUCTURAL_FEATURES","False","True","False","NOT_IN_OPENING_INVENTORY","PRESERVE_LEGACY_EVIDENCE","PRESERVE_LEGACY_EVIDENCE","LEGACY_MODEL_FORECAST_RANKING","Legacy modeling, forecasting, or ranking evidence must remain preserved but cannot become V1 authority without the governed tournament and certification sequence.","False","False","False","False","False","ccc66901d25f8ab256075d114d1503d3649a9f9be92e2ad1077e7fc982431019"
"data/terminal2/master_secret_lair/cache/b7b4630449f0cb86c12aa65bd67db365c0262c82627ae1a7eb749d281bec9229.json","STRUCTURAL_FEATURES","False","True","False","NOT_IN_OPENING_INVENTORY","HIGH_PRIORITY_REVIEW","PRESERVE_LEGACY_EVIDENCE","IGNORED_RUNTIME_OR_GENERATED_EVIDENCE","Local ignored/runtime evidence is preserved for lineage and empirical review but is not promoted to production authority.","False","False","False","False","False","5cc8ccc9210cb923b59b09b262d8bc9750af0adb43ff8421deba1939389ff682"
"data/terminal2/master_secret_lair/cache/b80c653a3785190c4879785d3b77c96fd25d9eb7e5d60c64fa5a34c258d73f86.json","STRUCTURAL_FEATURES","False","True","False","NOT_IN_OPENING_INVENTORY","HIGH_PRIORITY_REVIEW","PRESERVE_LEGACY_EVIDENCE","IGNORED_RUNTIME_OR_GENERATED_EVIDENCE","Local ignored/runtime evidence is preserved for lineage and empirical review but is not promoted to production authority.","False","False","False","False","False","c1a0b420ef544f810688b70d0db15c4af6170be2df0c574ca8383bb4cc12483f"
"data/terminal2/master_secret_lair/cache/b83e80c8096f3ec790e6e028c9e2593e827fa3cc963bfae10bcf45a158b5e796.json","STRUCTURAL_FEATURES","False","True","False","NOT_IN_OPENING_INVENTORY","PRESERVE_LEGACY_EVIDENCE","PRESERVE_LEGACY_EVIDENCE","LEGACY_MODEL_FORECAST_RANKING","Legacy modeling, forecasting, or ranking evidence must remain preserved but cannot become V1 authority without the governed tournament and certification sequence.","False","False","False","False","False","15bbfd73efb6e96e674bf595e51dd2a2d790c4440cef64c60d133ac086ffd2cc"
"data/terminal2/master_secret_lair/cache/b916f8251300696d0815a9b20f409f36c3c85b79e8f7f2c9cf48f7fe0b7e6927.json","STRUCTURAL_FEATURES","False","True","False","NOT_IN_OPENING_INVENTORY","HIGH_PRIORITY_REVIEW","PRESERVE_LEGACY_EVIDENCE","IGNORED_RUNTIME_OR_GENERATED_EVIDENCE","Local ignored/runtime evidence is preserved for lineage and empirical review but is not promoted to production authority.","False","False","False","False","False","4e2c68eed23086ff2f32ca9a16902d4817c267952a9ef784e57fc410b642250c"
"data/terminal2/master_secret_lair/cache/ba7a9a72051f4f55438f08f96f019eeec47383eb97340507082bad1d199541a1.json","STRUCTURAL_FEATURES","False","True","False","NOT_IN_OPENING_INVENTORY","PRESERVE_LEGACY_EVIDENCE","PRESERVE_LEGACY_EVIDENCE","LEGACY_MODEL_FORECAST_RANKING","Legacy modeling, forecasting, or ranking evidence must remain preserved but cannot become V1 authority without the governed tournament and certification sequence.","False","False","False","False","False","5bfc96c3c47695820da7fa48ba4f4d3b5e3bc375f21fe3df8f354d3ed2c39823"
"data/terminal2/master_secret_lair/cache/baa6f8d1f501ef6735659bcbd0c4bd06e7297970a8929839a1dfe159416b5cb1.json","STRUCTURAL_FEATURES","False","True","False","NOT_IN_OPENING_INVENTORY","PRESERVE_LEGACY_EVIDENCE","PRESERVE_LEGACY_EVIDENCE","LEGACY_MODEL_FORECAST_RANKING","Legacy modeling, forecasting, or ranking evidence must remain preserved but cannot become V1 authority without the governed tournament and certification sequence.","False","False","False","False","False","eddce21ece4307e0cd6eee0899b4962748a34e46f32e3202bc3f19720c2cee16"
"data/terminal2/master_secret_lair/cache/bb3a64f1cf6e16d94bef1908193eb49503423fd852452bc90c32e5355918ef87.json","STRUCTURAL_FEATURES","False","True","False","NOT_IN_OPENING_INVENTORY","HIGH_PRIORITY_REVIEW","PRESERVE_LEGACY_EVIDENCE","IGNORED_RUNTIME_OR_GENERATED_EVIDENCE","Local ignored/runtime evidence is preserved for lineage and empirical review but is not promoted to production authority.","False","False","False","False","False","ed14883b2278290a4e452769a72f76f9e65add78af3bc56e24179b79227b0799"
"data/terminal2/master_secret_lair/cache/bb6dc63295d0a292aea4275745fd07748e4d02f853b7304737cdc1a81c52c2b6.json","STRUCTURAL_FEATURES","False","True","False","NOT_IN_OPENING_INVENTORY","HIGH_PRIORITY_REVIEW","PRESERVE_LEGACY_EVIDENCE","IGNORED_RUNTIME_OR_GENERATED_EVIDENCE","Local ignored/runtime evidence is preserved for lineage and empirical review but is not promoted to production authority.","False","False","False","False","False","5540d4eb9ea7ec3c84a2c35192a1f73ef9395344a0e73df444f809acc0c887c9"
"data/terminal2/master_secret_lair/cache/bb7b9cebefb674b2e4e1b37689ae583f262bbb212ba9719171940479726d3e0f.json","STRUCTURAL_FEATURES","False","True","False","NOT_IN_OPENING_INVENTORY","PRESERVE_LEGACY_EVIDENCE","PRESERVE_LEGACY_EVIDENCE","LEGACY_MODEL_FORECAST_RANKING","Legacy modeling, forecasting, or ranking evidence must remain preserved but cannot become V1 authority without the governed tournament and certification sequence.","False","False","False","False","False","187af6c3c74efc876cf2d2e0484e1a7f7a0ca11fab9b2a4a25cc00978cb60bbd"
"data/terminal2/master_secret_lair/cache/bbca182eb144b00a6e2431cef25f5792974c677fcc0a44a1e6c24952695ae5bf.json","STRUCTURAL_FEATURES","False","True","False","NOT_IN_OPENING_INVENTORY","HIGH_PRIORITY_REVIEW","PRESERVE_LEGACY_EVIDENCE","IGNORED_RUNTIME_OR_GENERATED_EVIDENCE","Local ignored/runtime evidence is preserved for lineage and empirical review but is not promoted to production authority.","False","False","False","False","False","f6224b96d55194a98a43cdc337226f889a5bb1f3ccd0fe3104f146faaf69ce11"
"data/terminal2/master_secret_lair/cache/bc877fa36d9c2a6cae88e3756e671019fc3a07fb19cb50c4bd37e06dbea48689.json","STRUCTURAL_FEATURES","False","True","False","NOT_IN_OPENING_INVENTORY","HIGH_PRIORITY_REVIEW","PRESERVE_LEGACY_EVIDENCE","IGNORED_RUNTIME_OR_GENERATED_EVIDENCE","Local ignored/runtime evidence is preserved for lineage and empirical review but is not promoted to production authority.","False","False","False","False","False","b56753ce9ba53811fd8434551db7689153945beea4937f1988b314167f0a5e23"
"data/terminal2/master_secret_lair/cache/bd4bbb8e6d5e10236d9dda93e5c42f3e5f01a6e6593d1bb05e3d074f96c34155.json","STRUCTURAL_FEATURES","False","True","False","NOT_IN_OPENING_INVENTORY","HIGH_PRIORITY_REVIEW","PRESERVE_LEGACY_EVIDENCE","IGNORED_RUNTIME_OR_GENERATED_EVIDENCE","Local ignored/runtime evidence is preserved for lineage and empirical review but is not promoted to production authority.","False","False","False","False","False","f13cdeef0bac42060141a070eaaa4a889bb100d49ee21ea5161c1a2fa09117f8"
"data/terminal2/master_secret_lair/cache/bd9e84a36e1f1983f94ccdf08b50e3ec600345ac67081a26b40ae9f38bdc91d0.json","STRUCTURAL_FEATURES","False","True","False","NOT_IN_OPENING_INVENTORY","HIGH_PRIORITY_REVIEW","PRESERVE_LEGACY_EVIDENCE","IGNORED_RUNTIME_OR_GENERATED_EVIDENCE","Local ignored/runtime evidence is preserved for lineage and empirical review but is not promoted to production authority.","False","False","False","False","False","03713c18318d97b897ecd6ec123a54e328e58f0babe9c6b2b96084114ef46343"
"data/terminal2/master_secret_lair/cache/bdc6f5f1e52d6b5a897f44f0d32acb9925c261d9b0fdda48bcc40c871966b8f8.json","STRUCTURAL_FEATURES","False","True","False","NOT_IN_OPENING_INVENTORY","HIGH_PRIORITY_REVIEW","PRESERVE_LEGACY_EVIDENCE","IGNORED_RUNTIME_OR_GENERATED_EVIDENCE","Local ignored/runtime evidence is preserved for lineage and empirical review but is not promoted to production authority.","False","False","False","False","False","21d1e28cbfe7590e42c797b12a903c0bd8e644ac524bbd8c07d6a1d7bad3ea2d"
"data/terminal2/master_secret_lair/cache/c05ad431f7882f9556a3e213978615e4f59f30b0326992df56ed89dfe8883384.json","STRUCTURAL_FEATURES","False","True","False","NOT_IN_OPENING_INVENTORY","HIGH_PRIORITY_REVIEW","PRESERVE_LEGACY_EVIDENCE","IGNORED_RUNTIME_OR_GENERATED_EVIDENCE","Local ignored/runtime evidence is preserved for lineage and empirical review but is not promoted to production authority.","False","False","False","False","False","83b286cdf2225d8e6413f1458addb33a84d0a3d2476598a9d226486ea180d4ba"
"data/terminal2/master_secret_lair/cache/c15f63504b709c9b630f7a6851cf51dc08d52e7c072550abd01d2efa1d4ad56b.json","STRUCTURAL_FEATURES","False","True","False","NOT_IN_OPENING_INVENTORY","PRESERVE_LEGACY_EVIDENCE","PRESERVE_LEGACY_EVIDENCE","LEGACY_MODEL_FORECAST_RANKING","Legacy modeling, forecasting, or ranking evidence must remain preserved but cannot become V1 authority without the governed tournament and certification sequence.","False","False","False","False","False","0d9b03d738094de37617a9039259075570ea9b45380cfedffa1b22de8d608948"
"data/terminal2/master_secret_lair/cache/c1c9f0394e3c6b34f8661e8948a6f3e80d0f35fee3881588a2e0e2c0b6d38a0b.json","STRUCTURAL_FEATURES","False","True","False","NOT_IN_OPENING_INVENTORY","HIGH_PRIORITY_REVIEW","PRESERVE_LEGACY_EVIDENCE","IGNORED_RUNTIME_OR_GENERATED_EVIDENCE","Local ignored/runtime evidence is preserved for lineage and empirical review but is not promoted to production authority.","False","False","False","False","False","1d97b41bc1a5c862562a6060c83cf9944969334645562cd70d141fbfd47c8f94"
"data/terminal2/master_secret_lair/cache/c21f81241c7532152988df277a3d27ef2a9c114f4b0a88f182ccdfc637e2fac7.json","STRUCTURAL_FEATURES","False","True","False","NOT_IN_OPENING_INVENTORY","PRESERVE_LEGACY_EVIDENCE","PRESERVE_LEGACY_EVIDENCE","LEGACY_MODEL_FORECAST_RANKING","Legacy modeling, forecasting, or ranking evidence must remain preserved but cannot become V1 authority without the governed tournament and certification sequence.","False","False","False","False","False","42bdb29451f3a17912c1b0de5fc3030f5a44adb38e5a0650859e49499178f7e9"
"data/terminal2/master_secret_lair/cache/c346c477d55f4d63897cf45dd704c4d302890eed089216af411de636756df569.json","STRUCTURAL_FEATURES","False","True","False","NOT_IN_OPENING_INVENTORY","HIGH_PRIORITY_REVIEW","PRESERVE_LEGACY_EVIDENCE","IGNORED_RUNTIME_OR_GENERATED_EVIDENCE","Local ignored/runtime evidence is preserved for lineage and empirical review but is not promoted to production authority.","False","False","False","False","False","358d666e27b62a22b30bd0b958b8802a650f42a0defdd3e568f3c8e26a7637ad"
"data/terminal2/master_secret_lair/cache/c39103595273042365ca4c349db1b9e122684e5e110ce683f687e02bb0b29361.json","STRUCTURAL_FEATURES","False","True","False","NOT_IN_OPENING_INVENTORY","PRESERVE_LEGACY_EVIDENCE","PRESERVE_LEGACY_EVIDENCE","LEGACY_MODEL_FORECAST_RANKING","Legacy modeling, forecasting, or ranking evidence must remain preserved but cannot become V1 authority without the governed tournament and certification sequence.","False","False","False","False","False","9d8159227f09b075226d569e2901909aa67219360f147ae4c8a8a4b06ae1ae66"
"data/terminal2/master_secret_lair/cache/c41b72f56af7967cb8d9dfdefd4a2f1ec0a97817d953d04133290356871ff84e.json","STRUCTURAL_FEATURES","False","True","False","NOT_IN_OPENING_INVENTORY","HIGH_PRIORITY_REVIEW","PRESERVE_LEGACY_EVIDENCE","IGNORED_RUNTIME_OR_GENERATED_EVIDENCE","Local ignored/runtime evidence is preserved for lineage and empirical review but is not promoted to production authority.","False","False","False","False","False","e382ce033528b4458187b50b684293a50338a7ac354f861391f4d17b3115eda3"
"data/terminal2/master_secret_lair/cache/c4905329fb36e30ed1c9b739812c29e5d9b30349d4b16bd65e9aef0b0bd7503c.json","STRUCTURAL_FEATURES","False","True","False","NOT_IN_OPENING_INVENTORY","PRESERVE_LEGACY_EVIDENCE","PRESERVE_LEGACY_EVIDENCE","LEGACY_MODEL_FORECAST_RANKING","Legacy modeling, forecasting, or ranking evidence must remain preserved but cannot become V1 authority without the governed tournament and certification sequence.","False","False","False","False","False","a65abbc0da26c60b20580fb8d545f8574051ae90988d79c69927711bd69ef11e"
"data/terminal2/master_secret_lair/cache/c4a4b820aabe02c8f39016199cf110a6a6dc9d2d6d267eb35c4234a14b24a7ce.json","STRUCTURAL_FEATURES","False","True","False","NOT_IN_OPENING_INVENTORY","PRESERVE_LEGACY_EVIDENCE","PRESERVE_LEGACY_EVIDENCE","LEGACY_MODEL_FORECAST_RANKING","Legacy modeling, forecasting, or ranking evidence must remain preserved but cannot become V1 authority without the governed tournament and certification sequence.","False","False","False","False","False","50c5be1d2a0fd0f15dcfd07e4d1f17ac53d08fd4f29fbdbcbac42d8bb37d8f75"
"data/terminal2/master_secret_lair/cache/c4e6bddc5a2340e49718682ed2f710d5d04edfcc29a6fa4dd67ca7497fb62e12.json","STRUCTURAL_FEATURES","False","True","False","NOT_IN_OPENING_INVENTORY","HIGH_PRIORITY_REVIEW","PRESERVE_LEGACY_EVIDENCE","IGNORED_RUNTIME_OR_GENERATED_EVIDENCE","Local ignored/runtime evidence is preserved for lineage and empirical review but is not promoted to production authority.","False","False","False","False","False","5374e5dc96d177ff46cefa47d490419d1ada4c9a8ba976a0b3313c98562a3b56"
"data/terminal2/master_secret_lair/cache/c508e04dc5f8816feeb68108bd8210efc741c185e97bed8639ce42d749dcd211.json","STRUCTURAL_FEATURES","False","True","False","NOT_IN_OPENING_INVENTORY","PRESERVE_LEGACY_EVIDENCE","PRESERVE_LEGACY_EVIDENCE","LEGACY_MODEL_FORECAST_RANKING","Legacy modeling, forecasting, or ranking evidence must remain preserved but cannot become V1 authority without the governed tournament and certification sequence.","False","False","False","False","False","773213b03ec33efb87042a33d71938f21098fbb472cfe7b776656ee95722e67a"
"data/terminal2/master_secret_lair/cache/c508f2a4897c00b0986b6cdec21028f340813e75bdb7bc7d95fecac501d7abe5.json","STRUCTURAL_FEATURES","False","True","False","NOT_IN_OPENING_INVENTORY","HIGH_PRIORITY_REVIEW","PRESERVE_LEGACY_EVIDENCE","IGNORED_RUNTIME_OR_GENERATED_EVIDENCE","Local ignored/runtime evidence is preserved for lineage and empirical review but is not promoted to production authority.","False","False","False","False","False","ee3011ec7f03d2b1d74b7cfb18a5d6a43084255261ee31005bfa35addf736a25"
"data/terminal2/master_secret_lair/cache/c522bd03b9d2f6de159a2803a29158340dcd1dbb3b3cdfb4384bd5dee893a743.json","STRUCTURAL_FEATURES","False","True","False","NOT_IN_OPENING_INVENTORY","HIGH_PRIORITY_REVIEW","PRESERVE_LEGACY_EVIDENCE","IGNORED_RUNTIME_OR_GENERATED_EVIDENCE","Local ignored/runtime evidence is preserved for lineage and empirical review but is not promoted to production authority.","False","False","False","False","False","3c1f4e6ed335049149717f82a752c385d30f54e7b74534a50769a51758adc4a0"
"data/terminal2/master_secret_lair/cache/c5562359a3c3729f73b83f277faa558e304ef7354b8d2be289639f88b08af893.json","STRUCTURAL_FEATURES","False","True","False","NOT_IN_OPENING_INVENTORY","HIGH_PRIORITY_REVIEW","PRESERVE_LEGACY_EVIDENCE","IGNORED_RUNTIME_OR_GENERATED_EVIDENCE","Local ignored/runtime evidence is preserved for lineage and empirical review but is not promoted to production authority.","False","False","False","False","False","aa62d27c74f286b1d60f5d9a0d919858fe2f46d1637f7b20226fc22f1f19674e"
"data/terminal2/master_secret_lair/cache/c559252150b41d0ca044c8ce11cc8f998ae9fd38d35a67b9c90a6da455dc08a0.json","STRUCTURAL_FEATURES","False","True","False","NOT_IN_OPENING_INVENTORY","PRESERVE_LEGACY_EVIDENCE","PRESERVE_LEGACY_EVIDENCE","LEGACY_MODEL_FORECAST_RANKING","Legacy modeling, forecasting, or ranking evidence must remain preserved but cannot become V1 authority without the governed tournament and certification sequence.","False","False","False","False","False","df51b14d02f6605a2a6bfb898093b0be3f39c5c6c313655af1e0f0857cb3c3c1"
"data/terminal2/master_secret_lair/cache/c5971b0fb266c17acd78f0ca27964781afc2026a8f5cfff4b5734c06e3c89923.json","STRUCTURAL_FEATURES","False","True","False","NOT_IN_OPENING_INVENTORY","PRESERVE_LEGACY_EVIDENCE","PRESERVE_LEGACY_EVIDENCE","LEGACY_MODEL_FORECAST_RANKING","Legacy modeling, forecasting, or ranking evidence must remain preserved but cannot become V1 authority without the governed tournament and certification sequence.","False","False","False","False","False","805e565d5314afa9fd34c86efb4261f52986b31a701966772314592cff4dea44"
"data/terminal2/master_secret_lair/cache/c62efd2316128e6d873087f48ef526bfdebcaa0793cdf8b3980113a6dd2d80bb.json","STRUCTURAL_FEATURES","False","True","False","NOT_IN_OPENING_INVENTORY","HIGH_PRIORITY_REVIEW","PRESERVE_LEGACY_EVIDENCE","IGNORED_RUNTIME_OR_GENERATED_EVIDENCE","Local ignored/runtime evidence is preserved for lineage and empirical review but is not promoted to production authority.","False","False","False","False","False","3b6f2d3cd51edffd686041c8920fc5d5302df513919bcd16be952002bbc4fade"
"data/terminal2/master_secret_lair/cache/c81eb5d92aee1aa6b03801898f29aa2f2f6d81621d17d79db0c40ebac436a072.json","STRUCTURAL_FEATURES","False","True","False","NOT_IN_OPENING_INVENTORY","PRESERVE_LEGACY_EVIDENCE","PRESERVE_LEGACY_EVIDENCE","LEGACY_MODEL_FORECAST_RANKING","Legacy modeling, forecasting, or ranking evidence must remain preserved but cannot become V1 authority without the governed tournament and certification sequence.","False","False","False","False","False","b960bb4d4cbb0c6e00f31cfb3b00f4c1b6e99d41f7f33dce4366ac78eee7aa15"
"data/terminal2/master_secret_lair/cache/c87634bd87cd0d84d9abdde301061c44085001cc627d5ee595bf342593c1bdd2.json","STRUCTURAL_FEATURES","False","True","False","NOT_IN_OPENING_INVENTORY","PRESERVE_LEGACY_EVIDENCE","PRESERVE_LEGACY_EVIDENCE","LEGACY_MODEL_FORECAST_RANKING","Legacy modeling, forecasting, or ranking evidence must remain preserved but cannot become V1 authority without the governed tournament and certification sequence.","False","False","False","False","False","afbeb2510f3e67eb91ab30eae53bd11c1f61100c5e71503d69f4e5611e8c3ac7"
"data/terminal2/master_secret_lair/cache/c8a47af68eaa7c2355d8feb7f551ca396f6e9e81760ba61aa141176753e46c43.json","STRUCTURAL_FEATURES","False","True","False","NOT_IN_OPENING_INVENTORY","HIGH_PRIORITY_REVIEW","PRESERVE_LEGACY_EVIDENCE","IGNORED_RUNTIME_OR_GENERATED_EVIDENCE","Local ignored/runtime evidence is preserved for lineage and empirical review but is not promoted to production authority.","False","False","False","False","False","7c311c30c785afed7f7a6eed855fd84193e32ad6ed7b2910ae3a4bf5451ef927"
"data/terminal2/master_secret_lair/cache/c91c20431f879e5601d712060b10d4cc05b728a4dec6841debb043dfe4e12885.json","STRUCTURAL_FEATURES","False","True","False","NOT_IN_OPENING_INVENTORY","PRESERVE_LEGACY_EVIDENCE","PRESERVE_LEGACY_EVIDENCE","LEGACY_MODEL_FORECAST_RANKING","Legacy modeling, forecasting, or ranking evidence must remain preserved but cannot become V1 authority without the governed tournament and certification sequence.","False","False","False","False","False","5d830794cc5bd9986acada3a273507b550a5e930c7ddbf7b9e21be8102559103"
"data/terminal2/master_secret_lair/cache/c96fc5b5853638bf5a8308e966e7d7918fe3021112b749ce5081cf82f7e2ad05.json","STRUCTURAL_FEATURES","False","True","False","NOT_IN_OPENING_INVENTORY","PRESERVE_LEGACY_EVIDENCE","PRESERVE_LEGACY_EVIDENCE","LEGACY_MODEL_FORECAST_RANKING","Legacy modeling, forecasting, or ranking evidence must remain preserved but cannot become V1 authority without the governed tournament and certification sequence.","False","False","False","False","False","b0d4e1ef0f0fbabf7555614643c2acaf70f901d78a899df418f75d495b96869f"
"data/terminal2/master_secret_lair/cache/cace52c845dca325ffe2ded0144c4fd21e6e6449877226feeea47db6d672ef61.json","STRUCTURAL_FEATURES","False","True","False","NOT_IN_OPENING_INVENTORY","HIGH_PRIORITY_REVIEW","PRESERVE_LEGACY_EVIDENCE","IGNORED_RUNTIME_OR_GENERATED_EVIDENCE","Local ignored/runtime evidence is preserved for lineage and empirical review but is not promoted to production authority.","False","False","False","False","False","24c4d8571b5fe5c1c25c20ae4bc0b03ec31f7987ed8ac5c01394310961668d10"
"data/terminal2/master_secret_lair/cache/cb44bfeb1e2b76caa82959f77df0399e18c529ce6c4f0563dfddaa46af4edb7f.json","STRUCTURAL_FEATURES","False","True","False","NOT_IN_OPENING_INVENTORY","HIGH_PRIORITY_REVIEW","PRESERVE_LEGACY_EVIDENCE","IGNORED_RUNTIME_OR_GENERATED_EVIDENCE","Local ignored/runtime evidence is preserved for lineage and empirical review but is not promoted to production authority.","False","False","False","False","False","358d666e27b62a22b30bd0b958b8802a650f42a0defdd3e568f3c8e26a7637ad"
"data/terminal2/master_secret_lair/cache/cbac309de1e0fe3cab02475293e52dcf54c11e871a3637f7749cacf4965acdfe.json","STRUCTURAL_FEATURES","False","True","False","NOT_IN_OPENING_INVENTORY","PRESERVE_LEGACY_EVIDENCE","PRESERVE_LEGACY_EVIDENCE","LEGACY_MODEL_FORECAST_RANKING","Legacy modeling, forecasting, or ranking evidence must remain preserved but cannot become V1 authority without the governed tournament and certification sequence.","False","False","False","False","False","671e1dfd8c5f397bcaee55a1a18e3f779ef7910d1631b5d331fa7f63339302d9"
"data/terminal2/master_secret_lair/cache/cc7c9cac01bef389f950a7e0f29931328408ba371adc063b68e8979f6d2e1af2.json","STRUCTURAL_FEATURES","False","True","False","NOT_IN_OPENING_INVENTORY","HIGH_PRIORITY_REVIEW","PRESERVE_LEGACY_EVIDENCE","IGNORED_RUNTIME_OR_GENERATED_EVIDENCE","Local ignored/runtime evidence is preserved for lineage and empirical review but is not promoted to production authority.","False","False","False","False","False","f4676c6fa6b9e3c841439d4ae62943bbfd0e03150f82cc367f28240ffe987cea"
"data/terminal2/master_secret_lair/cache/ce68c198fb09d5c8b0d082d9564de6b9f640b288b54ee578332ad334b117d5e5.json","STRUCTURAL_FEATURES","False","True","False","NOT_IN_OPENING_INVENTORY","HIGH_PRIORITY_REVIEW","PRESERVE_LEGACY_EVIDENCE","IGNORED_RUNTIME_OR_GENERATED_EVIDENCE","Local ignored/runtime evidence is preserved for lineage and empirical review but is not promoted to production authority.","False","False","False","False","False","3d982eed16ac48274edeb7a2c75abbe664030c1fb521db94bd2352907bde7c2d"
"data/terminal2/master_secret_lair/cache/cf23be8e11c9724b597fda168d8083642c5cc9baa2170944d08eccd33f7a2fa7.json","STRUCTURAL_FEATURES","False","True","False","NOT_IN_OPENING_INVENTORY","HIGH_PRIORITY_REVIEW","PRESERVE_LEGACY_EVIDENCE","IGNORED_RUNTIME_OR_GENERATED_EVIDENCE","Local ignored/runtime evidence is preserved for lineage and empirical review but is not promoted to production authority.","False","False","False","False","False","4dc8df44f969872883458b3bf3342da1ba566af2f83c46349acdf41720dd09e7"
"data/terminal2/master_secret_lair/cache/cfc4b0c80dad08406c68a736846dc0989169a657852a32ca10dd83360ceaefc9.json","STRUCTURAL_FEATURES","False","True","False","NOT_IN_OPENING_INVENTORY","HIGH_PRIORITY_REVIEW","PRESERVE_LEGACY_EVIDENCE","IGNORED_RUNTIME_OR_GENERATED_EVIDENCE","Local ignored/runtime evidence is preserved for lineage and empirical review but is not promoted to production authority.","False","False","False","False","False","358d666e27b62a22b30bd0b958b8802a650f42a0defdd3e568f3c8e26a7637ad"
"data/terminal2/master_secret_lair/cache/cfec86b0a0a17388d3e24a8feb180a64cbea232273eb08e76c6940be34ffe5ef.json","STRUCTURAL_FEATURES","False","True","False","NOT_IN_OPENING_INVENTORY","HIGH_PRIORITY_REVIEW","PRESERVE_LEGACY_EVIDENCE","IGNORED_RUNTIME_OR_GENERATED_EVIDENCE","Local ignored/runtime evidence is preserved for lineage and empirical review but is not promoted to production authority.","False","False","False","False","False","156e1b0792ec414f5dc4a982cc1a8328b1f6984190dff7a170de602a8b47b92b"
"data/terminal2/master_secret_lair/cache/d04da9538e6f641f282cfed46f28a1ae889e0dafbd58d822bd772061e4ed4112.json","STRUCTURAL_FEATURES","False","True","False","NOT_IN_OPENING_INVENTORY","HIGH_PRIORITY_REVIEW","PRESERVE_LEGACY_EVIDENCE","IGNORED_RUNTIME_OR_GENERATED_EVIDENCE","Local ignored/runtime evidence is preserved for lineage and empirical review but is not promoted to production authority.","False","False","False","False","False","37badbba41ebacbbdd9d6e87573f24152a16c41f1676211374024b3208c5e2bb"
"data/terminal2/master_secret_lair/cache/d08290e05608bbcf1ee9792c8197f6ee75d0f39f617547f83e37558eb1fe7e10.json","STRUCTURAL_FEATURES","False","True","False","NOT_IN_OPENING_INVENTORY","HIGH_PRIORITY_REVIEW","PRESERVE_LEGACY_EVIDENCE","IGNORED_RUNTIME_OR_GENERATED_EVIDENCE","Local ignored/runtime evidence is preserved for lineage and empirical review but is not promoted to production authority.","False","False","False","False","False","802ce58fa01705d3867dd818ceaf5d88f24bb446bb00dc212e141b3dcb388d54"
"data/terminal2/master_secret_lair/cache/d166cafe871c403374d5367d1306d20e615f34870708e9c69a229958905e9d02.json","STRUCTURAL_FEATURES","False","True","False","NOT_IN_OPENING_INVENTORY","PRESERVE_LEGACY_EVIDENCE","PRESERVE_LEGACY_EVIDENCE","LEGACY_MODEL_FORECAST_RANKING","Legacy modeling, forecasting, or ranking evidence must remain preserved but cannot become V1 authority without the governed tournament and certification sequence.","False","False","False","False","False","5803dadeaf106794d682c45f130dbb5c1c8e8e122ab4981b782d49623a693ab5"
"data/terminal2/master_secret_lair/cache/d170466d3b4bb45ddcc219043bc2d36ce71907066159e5ad8dfbf676b818d994.json","STRUCTURAL_FEATURES","False","True","False","NOT_IN_OPENING_INVENTORY","PRESERVE_LEGACY_EVIDENCE","PRESERVE_LEGACY_EVIDENCE","LEGACY_MODEL_FORECAST_RANKING","Legacy modeling, forecasting, or ranking evidence must remain preserved but cannot become V1 authority without the governed tournament and certification sequence.","False","False","False","False","False","657cac802bc51e76916c4c1c3dfc52920acc4c65cddb613ca6bcd8dda88c3eba"
"data/terminal2/master_secret_lair/cache/d22ff94e8dd4cfe0c1482c8ebda0a0ab9d7e3d120e7203900746fccd79233486.json","STRUCTURAL_FEATURES","False","True","False","NOT_IN_OPENING_INVENTORY","PRESERVE_LEGACY_EVIDENCE","PRESERVE_LEGACY_EVIDENCE","LEGACY_MODEL_FORECAST_RANKING","Legacy modeling, forecasting, or ranking evidence must remain preserved but cannot become V1 authority without the governed tournament and certification sequence.","False","False","False","False","False","f0be86a1f8ee778b755ef9761820e5edbf5718294faa7c52cd89369f563c51ac"
"data/terminal2/master_secret_lair/cache/d242b11095dff732954a9b89cc02cf2439c49da344479b7ae2ada39af3cb8c56.json","STRUCTURAL_FEATURES","False","True","False","NOT_IN_OPENING_INVENTORY","HIGH_PRIORITY_REVIEW","PRESERVE_LEGACY_EVIDENCE","IGNORED_RUNTIME_OR_GENERATED_EVIDENCE","Local ignored/runtime evidence is preserved for lineage and empirical review but is not promoted to production authority.","False","False","False","False","False","78224f5667fa4105e8894320abfdf2ae3e207292710a264d4ba39c9135266936"
"data/terminal2/master_secret_lair/cache/d2767f26e25fc9e70fb9b5802b26d72785e81967c0b3519b5624b4a1be65a8a0.json","STRUCTURAL_FEATURES","False","True","False","NOT_IN_OPENING_INVENTORY","HIGH_PRIORITY_REVIEW","PRESERVE_LEGACY_EVIDENCE","IGNORED_RUNTIME_OR_GENERATED_EVIDENCE","Local ignored/runtime evidence is preserved for lineage and empirical review but is not promoted to production authority.","False","False","False","False","False","5648d998ac0bcf72c9107b1c0b14ed1f498a5fbf4951b72b59341bb511804542"
"data/terminal2/master_secret_lair/cache/d29b7181e6501c77d4e513da84a516716a53f807670edf7e36003ac35c3b8c99.json","STRUCTURAL_FEATURES","False","True","False","NOT_IN_OPENING_INVENTORY","HIGH_PRIORITY_REVIEW","PRESERVE_LEGACY_EVIDENCE","IGNORED_RUNTIME_OR_GENERATED_EVIDENCE","Local ignored/runtime evidence is preserved for lineage and empirical review but is not promoted to production authority.","False","False","False","False","False","83a262b6d0fcd429ed75717a3dee9c871ac9d238ae4c8b7b2ac15471f2f94a3b"
"data/terminal2/master_secret_lair/cache/d32285460c784ca1359c6edae0ab3f9e6a0ac185cc52a508fa8070252dd8dfaf.json","STRUCTURAL_FEATURES","False","True","False","NOT_IN_OPENING_INVENTORY","PRESERVE_LEGACY_EVIDENCE","PRESERVE_LEGACY_EVIDENCE","LEGACY_MODEL_FORECAST_RANKING","Legacy modeling, forecasting, or ranking evidence must remain preserved but cannot become V1 authority without the governed tournament and certification sequence.","False","False","False","False","False","7073de858448fa10007fd29deebc756fb4cd30c2194f8858f1c7c866ceb4e888"
"data/terminal2/master_secret_lair/cache/d486d103220cc164a1698bd2d7c1761de7fde84c7a07d87f35dd43a692652090.json","STRUCTURAL_FEATURES","False","True","False","NOT_IN_OPENING_INVENTORY","HIGH_PRIORITY_REVIEW","PRESERVE_LEGACY_EVIDENCE","IGNORED_RUNTIME_OR_GENERATED_EVIDENCE","Local ignored/runtime evidence is preserved for lineage and empirical review but is not promoted to production authority.","False","False","False","False","False","85a4954c648859098976a37b336357c0b5ab10a9eb2f5152dc9ce8f8d8d7e628"
"data/terminal2/master_secret_lair/cache/d4942cefd633bffc7c0d514fa53644bf604b439cba3d5f9e4de7f1932d8ce275.json","STRUCTURAL_FEATURES","False","True","False","NOT_IN_OPENING_INVENTORY","PRESERVE_LEGACY_EVIDENCE","PRESERVE_LEGACY_EVIDENCE","LEGACY_MODEL_FORECAST_RANKING","Legacy modeling, forecasting, or ranking evidence must remain preserved but cannot become V1 authority without the governed tournament and certification sequence.","False","False","False","False","False","b75f1ef8767593850116d16b3e86a41b2c510dc1ff01b98398e821ac7ab77504"
"data/terminal2/master_secret_lair/cache/d4b96a6b829a3f735574d890088a0427cacc49535e7a392240521c556da26cb7.json","STRUCTURAL_FEATURES","False","True","False","NOT_IN_OPENING_INVENTORY","HIGH_PRIORITY_REVIEW","PRESERVE_LEGACY_EVIDENCE","IGNORED_RUNTIME_OR_GENERATED_EVIDENCE","Local ignored/runtime evidence is preserved for lineage and empirical review but is not promoted to production authority.","False","False","False","False","False","1d9b9139537e39d4b886198f7dbb19528ac8192391349bcc8183421d459281f6"
"data/terminal2/master_secret_lair/cache/d54f08b04921557745698a43ea7bdbf9da5ed5efe15fd2375ecddb265288bcf1.json","STRUCTURAL_FEATURES","False","True","False","NOT_IN_OPENING_INVENTORY","PRESERVE_LEGACY_EVIDENCE","PRESERVE_LEGACY_EVIDENCE","LEGACY_MODEL_FORECAST_RANKING","Legacy modeling, forecasting, or ranking evidence must remain preserved but cannot become V1 authority without the governed tournament and certification sequence.","False","False","False","False","False","c9b1e7cd5c9ff0bfbefea31c6b35c297449ffe5cc16cdec8544cd86d42b39f6e"
"data/terminal2/master_secret_lair/cache/d65456aef3cce25c7a7ba37ff7c05f16a49e41d692392f236ef855e2fc819ec1.json","STRUCTURAL_FEATURES","False","True","False","NOT_IN_OPENING_INVENTORY","HIGH_PRIORITY_REVIEW","PRESERVE_LEGACY_EVIDENCE","IGNORED_RUNTIME_OR_GENERATED_EVIDENCE","Local ignored/runtime evidence is preserved for lineage and empirical review but is not promoted to production authority.","False","False","False","False","False","3a2aa4a034e5464933ac2efd6dc2569372ec935ae2e642ef89489ece8ce9e085"
"data/terminal2/master_secret_lair/cache/d6ad7a1d8082e67505fbf61d2a86a967f7ad1a6e78b0288d4314b882dbc3ae6a.json","STRUCTURAL_FEATURES","False","True","False","NOT_IN_OPENING_INVENTORY","HIGH_PRIORITY_REVIEW","PRESERVE_LEGACY_EVIDENCE","IGNORED_RUNTIME_OR_GENERATED_EVIDENCE","Local ignored/runtime evidence is preserved for lineage and empirical review but is not promoted to production authority.","False","False","False","False","False","c9e8aa67086571b23788c9edd55194f6ace85821f4efd1ea8838acc3a10c0628"
"data/terminal2/master_secret_lair/cache/d7633fd8576b2f1264a7f76d68107d7b62a30e0ec32e72f1160c0e44bb45ee0b.json","STRUCTURAL_FEATURES","False","True","False","NOT_IN_OPENING_INVENTORY","HIGH_PRIORITY_REVIEW","PRESERVE_LEGACY_EVIDENCE","IGNORED_RUNTIME_OR_GENERATED_EVIDENCE","Local ignored/runtime evidence is preserved for lineage and empirical review but is not promoted to production authority.","False","False","False","False","False","7c34a884996490a096c70082b080741cf54263bacab8aa1240b740fa5f6d697a"
"data/terminal2/master_secret_lair/cache/d7f93e0b82257e88ef9d515fa7254ad966fb4a06026af09deee78ebf4a7c06d3.json","STRUCTURAL_FEATURES","False","True","False","NOT_IN_OPENING_INVENTORY","PRESERVE_LEGACY_EVIDENCE","PRESERVE_LEGACY_EVIDENCE","LEGACY_MODEL_FORECAST_RANKING","Legacy modeling, forecasting, or ranking evidence must remain preserved but cannot become V1 authority without the governed tournament and certification sequence.","False","False","False","False","False","4e9d802d6363fe50fe5525e12f1150da7f27a11a441627ad828c57d825a6736a"
"data/terminal2/master_secret_lair/cache/d814e09bc176a32b6c0c3e2f44328f5b81dcdb80d5645ee8d11ac8c799ad1e0e.json","STRUCTURAL_FEATURES","False","True","False","NOT_IN_OPENING_INVENTORY","PRESERVE_LEGACY_EVIDENCE","PRESERVE_LEGACY_EVIDENCE","LEGACY_MODEL_FORECAST_RANKING","Legacy modeling, forecasting, or ranking evidence must remain preserved but cannot become V1 authority without the governed tournament and certification sequence.","False","False","False","False","False","f5c9de4c3e0da73325a6e4892b74262fce34bed145e397c5135a58284a33bb4d"
"data/terminal2/master_secret_lair/cache/d838d54638f9dc024af57b5f70902818af8d218ccde1695bf64293dd8044b37e.json","STRUCTURAL_FEATURES","False","True","False","NOT_IN_OPENING_INVENTORY","PRESERVE_LEGACY_EVIDENCE","PRESERVE_LEGACY_EVIDENCE","LEGACY_MODEL_FORECAST_RANKING","Legacy modeling, forecasting, or ranking evidence must remain preserved but cannot become V1 authority without the governed tournament and certification sequence.","False","False","False","False","False","47ef8dd435cbdf96418ba1e8b1d6089f7d739fba58c7702bcb8a69b5a72b89b0"
"data/terminal2/master_secret_lair/cache/d8848bbf750db87f02c1be21fe7aae9bce0a978f65eaa0896d1329270fa04479.json","STRUCTURAL_FEATURES","False","True","False","NOT_IN_OPENING_INVENTORY","HIGH_PRIORITY_REVIEW","PRESERVE_LEGACY_EVIDENCE","IGNORED_RUNTIME_OR_GENERATED_EVIDENCE","Local ignored/runtime evidence is preserved for lineage and empirical review but is not promoted to production authority.","False","False","False","False","False","61aa036f1ecd18735dc43ed93efa72ee2fbb5d176ce133cab28b75addc7c02f0"
"data/terminal2/master_secret_lair/cache/d8fc733d3b46e074ec453f07ae6dbcb2263e4648def2dd465e4bea275cce16ad.json","STRUCTURAL_FEATURES","False","True","False","NOT_IN_OPENING_INVENTORY","HIGH_PRIORITY_REVIEW","PRESERVE_LEGACY_EVIDENCE","IGNORED_RUNTIME_OR_GENERATED_EVIDENCE","Local ignored/runtime evidence is preserved for lineage and empirical review but is not promoted to production authority.","False","False","False","False","False","0937875f269a5a16e7fed5f40fee15e826d8876ec942ec71689c975a2e3037f2"
"data/terminal2/master_secret_lair/cache/db33b43b70137919770b671d2b7a25e6bc355225a0e458eb9d8ecfea79c4064d.json","STRUCTURAL_FEATURES","False","True","False","NOT_IN_OPENING_INVENTORY","HIGH_PRIORITY_REVIEW","PRESERVE_LEGACY_EVIDENCE","IGNORED_RUNTIME_OR_GENERATED_EVIDENCE","Local ignored/runtime evidence is preserved for lineage and empirical review but is not promoted to production authority.","False","False","False","False","False","be976a4c3a5a32f4effa8121fb961c2faf7e9ba301842bddecd6e3800bef509f"
"data/terminal2/master_secret_lair/cache/dbb2c167443a9f00e060803226edea4446583d4be851bb02bc34875a0d34f874.json","STRUCTURAL_FEATURES","False","True","False","NOT_IN_OPENING_INVENTORY","HIGH_PRIORITY_REVIEW","PRESERVE_LEGACY_EVIDENCE","IGNORED_RUNTIME_OR_GENERATED_EVIDENCE","Local ignored/runtime evidence is preserved for lineage and empirical review but is not promoted to production authority.","False","False","False","False","False","d9f6d714d65cf7ce3b9de5a76539c6d693e7e01612f44b07c320fa25484dbe9a"
"data/terminal2/master_secret_lair/cache/dbd68928e889999904dcf111aade727b4a648dfdea4478561b4cec60afb4b9cf.json","STRUCTURAL_FEATURES","False","True","False","NOT_IN_OPENING_INVENTORY","HIGH_PRIORITY_REVIEW","PRESERVE_LEGACY_EVIDENCE","IGNORED_RUNTIME_OR_GENERATED_EVIDENCE","Local ignored/runtime evidence is preserved for lineage and empirical review but is not promoted to production authority.","False","False","False","False","False","74c5a56d3a6565a70b4532488eb8cc7f0acd3eb9285effa528f38218208598fc"
"data/terminal2/master_secret_lair/cache/dbd6e3ef24e03c8585a2e0e67d2229319f05a8d21e688c458076b5822b5a026a.json","STRUCTURAL_FEATURES","False","True","False","NOT_IN_OPENING_INVENTORY","HIGH_PRIORITY_REVIEW","PRESERVE_LEGACY_EVIDENCE","IGNORED_RUNTIME_OR_GENERATED_EVIDENCE","Local ignored/runtime evidence is preserved for lineage and empirical review but is not promoted to production authority.","False","False","False","False","False","7fb0bd32b465f0e0cb8f5282ebf6b6cb2ec95c10da8aa64c96058b658c353a4f"
"data/terminal2/master_secret_lair/cache/dc66d00e9137089de468902bae6f3e4d5421c84543e0c057c768c32066b675d6.json","STRUCTURAL_FEATURES","False","True","False","NOT_IN_OPENING_INVENTORY","PRESERVE_LEGACY_EVIDENCE","PRESERVE_LEGACY_EVIDENCE","LEGACY_MODEL_FORECAST_RANKING","Legacy modeling, forecasting, or ranking evidence must remain preserved but cannot become V1 authority without the governed tournament and certification sequence.","False","False","False","False","False","f38e76a019153e202b52247372a3f3cc099ed8e31ba21e3ebbf5c7e0f15544f4"
"data/terminal2/master_secret_lair/cache/dcaf12064d92c93d6ad62d441d3837b1867d6f85e71b71148a9a905fc7398bb1.json","STRUCTURAL_FEATURES","False","True","False","NOT_IN_OPENING_INVENTORY","HIGH_PRIORITY_REVIEW","PRESERVE_LEGACY_EVIDENCE","IGNORED_RUNTIME_OR_GENERATED_EVIDENCE","Local ignored/runtime evidence is preserved for lineage and empirical review but is not promoted to production authority.","False","False","False","False","False","aa96557dc09e87c84110c629ab0c3ded9e3acf0c96029989b6ffcd361d72eca3"
"data/terminal2/master_secret_lair/cache/ddf723c2acbcb799eed057734ea98fc306cba235420c329d3f163a463a887dda.json","STRUCTURAL_FEATURES","False","True","False","NOT_IN_OPENING_INVENTORY","HIGH_PRIORITY_REVIEW","PRESERVE_LEGACY_EVIDENCE","IGNORED_RUNTIME_OR_GENERATED_EVIDENCE","Local ignored/runtime evidence is preserved for lineage and empirical review but is not promoted to production authority.","False","False","False","False","False","563d5dfbacf2cdc98126d5d3d78d764ae33e18954b10155d7eaf5e27e2c38d98"
"data/terminal2/master_secret_lair/cache/de0135ae92d4e5eccd587b646c8fbc61d6e54473dc13328848efc95a4b1a7fe8.json","STRUCTURAL_FEATURES","False","True","False","NOT_IN_OPENING_INVENTORY","HIGH_PRIORITY_REVIEW","PRESERVE_LEGACY_EVIDENCE","IGNORED_RUNTIME_OR_GENERATED_EVIDENCE","Local ignored/runtime evidence is preserved for lineage and empirical review but is not promoted to production authority.","False","False","False","False","False","1eeae9b520977778fd866609f2d12d8ee8c6436db71e112e471737616b891140"
"data/terminal2/master_secret_lair/cache/de4ee67dca4d1d1bc9ecbb45cfa74810194facaf3bc255c9a7fdcb5cc91d4fef.json","STRUCTURAL_FEATURES","False","True","False","NOT_IN_OPENING_INVENTORY","HIGH_PRIORITY_REVIEW","PRESERVE_LEGACY_EVIDENCE","IGNORED_RUNTIME_OR_GENERATED_EVIDENCE","Local ignored/runtime evidence is preserved for lineage and empirical review but is not promoted to production authority.","False","False","False","False","False","6dceda67f58a93151d61fef946f0adec2ae64cb726490303939fe2f1bee200ae"
"data/terminal2/master_secret_lair/cache/dee2d32487ceca73139f8fa5e38e3f79b0fe371d394495dd867da822b5c1935e.json","STRUCTURAL_FEATURES","False","True","False","NOT_IN_OPENING_INVENTORY","PRESERVE_LEGACY_EVIDENCE","PRESERVE_LEGACY_EVIDENCE","LEGACY_MODEL_FORECAST_RANKING","Legacy modeling, forecasting, or ranking evidence must remain preserved but cannot become V1 authority without the governed tournament and certification sequence.","False","False","False","False","False","88aad690973f9bbe83a96da2d760c9d57b568d64ecd5c65673f1419696695b03"
"data/terminal2/master_secret_lair/cache/dfdb5f806e0344dd05fa226cf7c2314bc11149a9a01295a4f6c907c1d84b1ff5.json","STRUCTURAL_FEATURES","False","True","False","NOT_IN_OPENING_INVENTORY","PRESERVE_LEGACY_EVIDENCE","PRESERVE_LEGACY_EVIDENCE","LEGACY_MODEL_FORECAST_RANKING","Legacy modeling, forecasting, or ranking evidence must remain preserved but cannot become V1 authority without the governed tournament and certification sequence.","False","False","False","False","False","1d9da1d712c9d2893bd7d47cc7f221bb7d5d21abbc675b6424248c51c24f8282"
"data/terminal2/master_secret_lair/cache/dff564979eab9dcd973fc6dfb237e1a7ef648a1741bff48e9d8c2ac45c7d5727.json","STRUCTURAL_FEATURES","False","True","False","NOT_IN_OPENING_INVENTORY","HIGH_PRIORITY_REVIEW","PRESERVE_LEGACY_EVIDENCE","IGNORED_RUNTIME_OR_GENERATED_EVIDENCE","Local ignored/runtime evidence is preserved for lineage and empirical review but is not promoted to production authority.","False","False","False","False","False","36c2d2d4961ae2b18756a23c5cb0465b3539f3cd72eab7cfffae96a48f4278fc"
"data/terminal2/master_secret_lair/cache/e00ddbe3c56ffd56d60d97f9056d67ca39a7c88c3f3c38d8a882ac9d6d75be2c.json","STRUCTURAL_FEATURES","False","True","False","NOT_IN_OPENING_INVENTORY","PRESERVE_LEGACY_EVIDENCE","PRESERVE_LEGACY_EVIDENCE","LEGACY_MODEL_FORECAST_RANKING","Legacy modeling, forecasting, or ranking evidence must remain preserved but cannot become V1 authority without the governed tournament and certification sequence.","False","False","False","False","False","f4378d1084e24acf7dd6fe8c5d35366ff05df4a790bbd7c59b8e1268b1c5fd74"
"data/terminal2/master_secret_lair/cache/e04958579b50ff07337001156ebd22ddd6b65a88f11e0b41c755ee4c2d091621.json","STRUCTURAL_FEATURES","False","True","False","NOT_IN_OPENING_INVENTORY","PRESERVE_LEGACY_EVIDENCE","PRESERVE_LEGACY_EVIDENCE","LEGACY_MODEL_FORECAST_RANKING","Legacy modeling, forecasting, or ranking evidence must remain preserved but cannot become V1 authority without the governed tournament and certification sequence.","False","False","False","False","False","65037f844b7d6c1645cfc36d2d0a674a43ae35ed9927cf92206785fb16973065"
"data/terminal2/master_secret_lair/cache/e05bd553a64b899783cbc9bf916b4a985106970a9427045f0db54e8c5ac78bd9.json","STRUCTURAL_FEATURES","False","True","False","NOT_IN_OPENING_INVENTORY","HIGH_PRIORITY_REVIEW","PRESERVE_LEGACY_EVIDENCE","IGNORED_RUNTIME_OR_GENERATED_EVIDENCE","Local ignored/runtime evidence is preserved for lineage and empirical review but is not promoted to production authority.","False","False","False","False","False","e80eefde758863d8b829bea3c1cb27d386dbf6f9ad0db5c1675c696eb0db967f"
"data/terminal2/master_secret_lair/cache/e0e0a5ccea844fa366e35299f94fc249cbd5e03676b924aa3c836573b5e74758.json","STRUCTURAL_FEATURES","False","True","False","NOT_IN_OPENING_INVENTORY","HIGH_PRIORITY_REVIEW","PRESERVE_LEGACY_EVIDENCE","IGNORED_RUNTIME_OR_GENERATED_EVIDENCE","Local ignored/runtime evidence is preserved for lineage and empirical review but is not promoted to production authority.","False","False","False","False","False","4c4f2ea0a940fd7a8deccbb5a7e7ecb6336c8ac592fd5bd5e18c3c7a22d52004"
"data/terminal2/master_secret_lair/cache/e1042aedf1173aa48ab97093c06f45d1226e51b72cf59739619b69a2c9cc3da5.json","STRUCTURAL_FEATURES","False","True","False","NOT_IN_OPENING_INVENTORY","PRESERVE_LEGACY_EVIDENCE","PRESERVE_LEGACY_EVIDENCE","LEGACY_MODEL_FORECAST_RANKING","Legacy modeling, forecasting, or ranking evidence must remain preserved but cannot become V1 authority without the governed tournament and certification sequence.","False","False","False","False","False","f5c3711873f2cabbf021e6df4207520e91751b5788402947fa818065ed87730a"
"data/terminal2/master_secret_lair/cache/e15ec78c60fe424b48800c724d8baa26b515a28d6393b55b80e1819d862d8c7d.json","STRUCTURAL_FEATURES","False","True","False","NOT_IN_OPENING_INVENTORY","HIGH_PRIORITY_REVIEW","PRESERVE_LEGACY_EVIDENCE","IGNORED_RUNTIME_OR_GENERATED_EVIDENCE","Local ignored/runtime evidence is preserved for lineage and empirical review but is not promoted to production authority.","False","False","False","False","False","741cbdb2c587d913c1db2d55adbe9aa1af4e4dd0ea674dce8c4730f3b1e5c362"
"data/terminal2/master_secret_lair/cache/e2adfd24314bb9c0f1c2e19c10af3d8b8fdde0a7ecb5ff9419e5326a3d84f70e.json","STRUCTURAL_FEATURES","False","True","False","NOT_IN_OPENING_INVENTORY","HIGH_PRIORITY_REVIEW","PRESERVE_LEGACY_EVIDENCE","IGNORED_RUNTIME_OR_GENERATED_EVIDENCE","Local ignored/runtime evidence is preserved for lineage and empirical review but is not promoted to production authority.","False","False","False","False","False","3262e60f63a2c67a2016da3b1df8f3bb5d299ce56ecd2e3f62a657881624ceff"
"data/terminal2/master_secret_lair/cache/e2be54c373fd5bf23c0c2ce444de171dc6b5aae2d1cbee736c127d68e05fd4ec.txt","STRUCTURAL_FEATURES","False","True","False","NOT_IN_OPENING_INVENTORY","PRESERVE_LEGACY_EVIDENCE","PRESERVE_LEGACY_EVIDENCE","LEGACY_MODEL_FORECAST_RANKING","Legacy modeling, forecasting, or ranking evidence must remain preserved but cannot become V1 authority without the governed tournament and certification sequence.","False","False","False","False","False","0465452e4e8872219b3327d45ed01347570e03e2825399b8106223ef400ce345"
"data/terminal2/master_secret_lair/cache/e32c100d92e9533364dca0ab15e84462d5090d2546691cfe217a9b0845a5f164.json","STRUCTURAL_FEATURES","False","True","False","NOT_IN_OPENING_INVENTORY","PRESERVE_LEGACY_EVIDENCE","PRESERVE_LEGACY_EVIDENCE","LEGACY_MODEL_FORECAST_RANKING","Legacy modeling, forecasting, or ranking evidence must remain preserved but cannot become V1 authority without the governed tournament and certification sequence.","False","False","False","False","False","04773b3a9b92bab918ca4aed288f40ce086ed50bdf43e82144bd3d06061b37a9"
"data/terminal2/master_secret_lair/cache/e32fbf02df12cb3ef3129e1d43f23ba5ab5b1291c51dfeba9250bc2031069f85.json","STRUCTURAL_FEATURES","False","True","False","NOT_IN_OPENING_INVENTORY","PRESERVE_LEGACY_EVIDENCE","PRESERVE_LEGACY_EVIDENCE","LEGACY_MODEL_FORECAST_RANKING","Legacy modeling, forecasting, or ranking evidence must remain preserved but cannot become V1 authority without the governed tournament and certification sequence.","False","False","False","False","False","714647da9c252e05989765c7cf37de0a584855b10735be901d592eecfc791f0d"
"data/terminal2/master_secret_lair/cache/e3b2fd5e2e0ef7e2e9558f5441d65b70d03b3266f689f4e44ca2c75fb62d743c.json","STRUCTURAL_FEATURES","False","True","False","NOT_IN_OPENING_INVENTORY","HIGH_PRIORITY_REVIEW","PRESERVE_LEGACY_EVIDENCE","IGNORED_RUNTIME_OR_GENERATED_EVIDENCE","Local ignored/runtime evidence is preserved for lineage and empirical review but is not promoted to production authority.","False","False","False","False","False","19621190c6a245ae010371f2608af979c8a616b795f554f2764e16ba09527947"
"data/terminal2/master_secret_lair/cache/e3b94aa32a2a89f982039b5b47060a4cb55a72d2338413b5f1b75618b594b144.json","STRUCTURAL_FEATURES","False","True","False","NOT_IN_OPENING_INVENTORY","PRESERVE_LEGACY_EVIDENCE","PRESERVE_LEGACY_EVIDENCE","LEGACY_MODEL_FORECAST_RANKING","Legacy modeling, forecasting, or ranking evidence must remain preserved but cannot become V1 authority without the governed tournament and certification sequence.","False","False","False","False","False","a1c8f241982b2e6ae04c127aa27e404e4bb86486f494c21be7bbbc00370a568e"
"data/terminal2/master_secret_lair/cache/e5240b5491cd4e4e342b900d2ee6e1f60a1d0e2fa767e5b519b0967221dae70d.json","STRUCTURAL_FEATURES","False","True","False","NOT_IN_OPENING_INVENTORY","HIGH_PRIORITY_REVIEW","PRESERVE_LEGACY_EVIDENCE","IGNORED_RUNTIME_OR_GENERATED_EVIDENCE","Local ignored/runtime evidence is preserved for lineage and empirical review but is not promoted to production authority.","False","False","False","False","False","f71a6ce5a5b040927f57dd6f66d98152a1c2385aefcf5a7efa2fa999387bcadd"
"data/terminal2/master_secret_lair/cache/e676b290b41fa0f828ef3bfbebc6654183040a5d4cb122352c6c3391cb993d21.json","STRUCTURAL_FEATURES","False","True","False","NOT_IN_OPENING_INVENTORY","PRESERVE_LEGACY_EVIDENCE","PRESERVE_LEGACY_EVIDENCE","LEGACY_MODEL_FORECAST_RANKING","Legacy modeling, forecasting, or ranking evidence must remain preserved but cannot become V1 authority without the governed tournament and certification sequence.","False","False","False","False","False","dc6a7385442c354af4f054553fe04d693df1c555488fe3622192c5b5823b2046"
"data/terminal2/master_secret_lair/cache/e6b2dc841a244c7797333a91004b7c69af26961f8cd3a3ee38232f9beae542ae.json","STRUCTURAL_FEATURES","False","True","False","NOT_IN_OPENING_INVENTORY","HIGH_PRIORITY_REVIEW","PRESERVE_LEGACY_EVIDENCE","IGNORED_RUNTIME_OR_GENERATED_EVIDENCE","Local ignored/runtime evidence is preserved for lineage and empirical review but is not promoted to production authority.","False","False","False","False","False","9ff4a2b7653bc9e20bfb3e8d8ecfc3e9b4b3397d2f0c9b9389ed037895107cdc"
"data/terminal2/master_secret_lair/cache/e6c80ac6074531976a6adfbf16ad9fd30a0f4a797e84ad17de65872ca0f54085.json","STRUCTURAL_FEATURES","False","True","False","NOT_IN_OPENING_INVENTORY","HIGH_PRIORITY_REVIEW","PRESERVE_LEGACY_EVIDENCE","IGNORED_RUNTIME_OR_GENERATED_EVIDENCE","Local ignored/runtime evidence is preserved for lineage and empirical review but is not promoted to production authority.","False","False","False","False","False","56c517ea2a9f354df70ca6a6fd53f5907485bf028476151870a12ea896a1d228"
"data/terminal2/master_secret_lair/cache/e6f852bb3f8b6ed05ff55282999b68819988b438925f660ccd919fc444c2c1f8.json","STRUCTURAL_FEATURES","False","True","False","NOT_IN_OPENING_INVENTORY","HIGH_PRIORITY_REVIEW","PRESERVE_LEGACY_EVIDENCE","IGNORED_RUNTIME_OR_GENERATED_EVIDENCE","Local ignored/runtime evidence is preserved for lineage and empirical review but is not promoted to production authority.","False","False","False","False","False","0cb5e90d943981f014245ed5c4bfc85f26c4dcfe0b4a3da3f4aabad20e7db506"
"data/terminal2/master_secret_lair/cache/e7033474c428bf8d0ca3eafb03e5c08a33a055ea520aec2ffffcb82a8dbf2a89.json","STRUCTURAL_FEATURES","False","True","False","NOT_IN_OPENING_INVENTORY","HIGH_PRIORITY_REVIEW","PRESERVE_LEGACY_EVIDENCE","IGNORED_RUNTIME_OR_GENERATED_EVIDENCE","Local ignored/runtime evidence is preserved for lineage and empirical review but is not promoted to production authority.","False","False","False","False","False","fec243d28cf7ed4172ff6ed9633fec4a9c2cc7c12d05e90e8c4bc2fb63b01f1c"
"data/terminal2/master_secret_lair/cache/e76b29e2d8bd11f5905f881ace634031bf94af8afa1840b6229b01d69846d8dc.json","STRUCTURAL_FEATURES","False","True","False","NOT_IN_OPENING_INVENTORY","HIGH_PRIORITY_REVIEW","PRESERVE_LEGACY_EVIDENCE","IGNORED_RUNTIME_OR_GENERATED_EVIDENCE","Local ignored/runtime evidence is preserved for lineage and empirical review but is not promoted to production authority.","False","False","False","False","False","aca5fe8b16cb786ee9bdeb181e82cc66e6e992ddc9b0e3fd65881f2465a18e54"
"data/terminal2/master_secret_lair/cache/e7e0f110b4cd429c7e23baa417c73bdb4cd35a1b006f77ded5417101533d0f46.json","STRUCTURAL_FEATURES","False","True","False","NOT_IN_OPENING_INVENTORY","HIGH_PRIORITY_REVIEW","PRESERVE_LEGACY_EVIDENCE","IGNORED_RUNTIME_OR_GENERATED_EVIDENCE","Local ignored/runtime evidence is preserved for lineage and empirical review but is not promoted to production authority.","False","False","False","False","False","64edafc221e692fffb2b470001232f7c1beeb48c12e3743e30c985a0ddc59537"
"data/terminal2/master_secret_lair/cache/e85633571887a25a6ae6795210be022f6e1452465d7a60c0a860658c41a2d2e8.json","STRUCTURAL_FEATURES","False","True","False","NOT_IN_OPENING_INVENTORY","HIGH_PRIORITY_REVIEW","PRESERVE_LEGACY_EVIDENCE","IGNORED_RUNTIME_OR_GENERATED_EVIDENCE","Local ignored/runtime evidence is preserved for lineage and empirical review but is not promoted to production authority.","False","False","False","False","False","0c4afb8d5b0187ff51d87151ba1bd2c13f5a2f02229d7129b2beaf65a5c42523"
"data/terminal2/master_secret_lair/cache/e901f611940a6e6848e5822c6b46943ecd0c395641e672084efbe1e8a5a725c8.json","STRUCTURAL_FEATURES","False","True","False","NOT_IN_OPENING_INVENTORY","HIGH_PRIORITY_REVIEW","PRESERVE_LEGACY_EVIDENCE","IGNORED_RUNTIME_OR_GENERATED_EVIDENCE","Local ignored/runtime evidence is preserved for lineage and empirical review but is not promoted to production authority.","False","False","False","False","False","345ac94a207e6a5e1d021f6c863331d9476540ac43d9042a33e767b3afb687b8"
"data/terminal2/master_secret_lair/cache/e99b24aa3d5b551e7aba24c9dd45177a07d88a2d5c3d3d35eb45bf9be2bcaaee.json","STRUCTURAL_FEATURES","False","True","False","NOT_IN_OPENING_INVENTORY","HIGH_PRIORITY_REVIEW","PRESERVE_LEGACY_EVIDENCE","IGNORED_RUNTIME_OR_GENERATED_EVIDENCE","Local ignored/runtime evidence is preserved for lineage and empirical review but is not promoted to production authority.","False","False","False","False","False","7905e5f3cbcdc353d5e47526c88daec4eba744cff1f9d4ceff4df46b9cfb5630"
"data/terminal2/master_secret_lair/cache/e9c2ef66d69f595cdb31152a67d7a8c242692d1287cb53e296601a3c42a5a191.json","STRUCTURAL_FEATURES","False","True","False","NOT_IN_OPENING_INVENTORY","PRESERVE_LEGACY_EVIDENCE","PRESERVE_LEGACY_EVIDENCE","LEGACY_MODEL_FORECAST_RANKING","Legacy modeling, forecasting, or ranking evidence must remain preserved but cannot become V1 authority without the governed tournament and certification sequence.","False","False","False","False","False","863f74ba3c1818104c9a12a910ddf00a264253f46627c03076014faa549de598"
"data/terminal2/master_secret_lair/cache/e9d74f03d9b34ad7de22a3c40044b3079613c86389365b8ed19cd167d431efc1.json","STRUCTURAL_FEATURES","False","True","False","NOT_IN_OPENING_INVENTORY","HIGH_PRIORITY_REVIEW","PRESERVE_LEGACY_EVIDENCE","IGNORED_RUNTIME_OR_GENERATED_EVIDENCE","Local ignored/runtime evidence is preserved for lineage and empirical review but is not promoted to production authority.","False","False","False","False","False","beac42076f25848f98dfaa5eeebcfebde4c5603c671b97930d91069bf089ec7b"
"data/terminal2/master_secret_lair/cache/eb1c80f4499d22af9a4fe782f7aea108fddca8ad8f5039182bfd31ac3e2d9010.json","STRUCTURAL_FEATURES","False","True","False","NOT_IN_OPENING_INVENTORY","HIGH_PRIORITY_REVIEW","PRESERVE_LEGACY_EVIDENCE","IGNORED_RUNTIME_OR_GENERATED_EVIDENCE","Local ignored/runtime evidence is preserved for lineage and empirical review but is not promoted to production authority.","False","False","False","False","False","c1a7d37c54f77990d624be840248d1a293b4491a03e6aae9a0be7969d2227410"
"data/terminal2/master_secret_lair/cache/eb65e1ff8620d85ee6e3e8e3cded647deb4ea59696a38abdd87a3ba6194b7cb7.json","STRUCTURAL_FEATURES","False","True","False","NOT_IN_OPENING_INVENTORY","PRESERVE_LEGACY_EVIDENCE","PRESERVE_LEGACY_EVIDENCE","LEGACY_MODEL_FORECAST_RANKING","Legacy modeling, forecasting, or ranking evidence must remain preserved but cannot become V1 authority without the governed tournament and certification sequence.","False","False","False","False","False","29c95795366920a37913c055d52ad7f7dc94a4ca7018315ce1705155b118728a"
"data/terminal2/master_secret_lair/cache/ee41350de380072cd82ae46058c3ff2d0f5fe1dbe15e99553fb3d05ccd42407b.json","STRUCTURAL_FEATURES","False","True","False","NOT_IN_OPENING_INVENTORY","HIGH_PRIORITY_REVIEW","PRESERVE_LEGACY_EVIDENCE","IGNORED_RUNTIME_OR_GENERATED_EVIDENCE","Local ignored/runtime evidence is preserved for lineage and empirical review but is not promoted to production authority.","False","False","False","False","False","78548efeb536195e742c6730ef8d3e42e71a39c984e44019928d85484b0527d5"
"data/terminal2/master_secret_lair/cache/eece269f73aeabaa4ec14f1ac9db477ff7060b62a1e8c2b64b971889f015898c.json","STRUCTURAL_FEATURES","False","True","False","NOT_IN_OPENING_INVENTORY","PRESERVE_LEGACY_EVIDENCE","PRESERVE_LEGACY_EVIDENCE","LEGACY_MODEL_FORECAST_RANKING","Legacy modeling, forecasting, or ranking evidence must remain preserved but cannot become V1 authority without the governed tournament and certification sequence.","False","False","False","False","False","cace5f38caeb54822406095f5ee5b618cd4fe370e6e26eb0997cc8334ff37120"
"data/terminal2/master_secret_lair/cache/efd96d4a63d17b3a3d8554e5d09dbcab6f67fe30a43b3c7f21815545484f6d01.json","STRUCTURAL_FEATURES","False","True","False","NOT_IN_OPENING_INVENTORY","HIGH_PRIORITY_REVIEW","PRESERVE_LEGACY_EVIDENCE","IGNORED_RUNTIME_OR_GENERATED_EVIDENCE","Local ignored/runtime evidence is preserved for lineage and empirical review but is not promoted to production authority.","False","False","False","False","False","198f08eb371fdcaa1de8bf302a3a27544f7ff95c97c4a649375fe0a1b0eb75a3"
"data/terminal2/master_secret_lair/cache/eff33dd5a2dbb7c8e718b320743a4c9d6fa2042aa2b2d55de796eb518d28033b.json","STRUCTURAL_FEATURES","False","True","False","NOT_IN_OPENING_INVENTORY","HIGH_PRIORITY_REVIEW","PRESERVE_LEGACY_EVIDENCE","IGNORED_RUNTIME_OR_GENERATED_EVIDENCE","Local ignored/runtime evidence is preserved for lineage and empirical review but is not promoted to production authority.","False","False","False","False","False","bf2eeec8db787f6393d68bed577148752b7840a8e35132f5362e0dc61a7faef3"
"data/terminal2/master_secret_lair/cache/f02bb6621b27876c302eaf7e3a6dac054dbad3359505c9de1e2335df89633aaa.json","STRUCTURAL_FEATURES","False","True","False","NOT_IN_OPENING_INVENTORY","PRESERVE_LEGACY_EVIDENCE","PRESERVE_LEGACY_EVIDENCE","LEGACY_MODEL_FORECAST_RANKING","Legacy modeling, forecasting, or ranking evidence must remain preserved but cannot become V1 authority without the governed tournament and certification sequence.","False","False","False","False","False","e7458ae3af4432263493e59e3a9eb7228921acdb35e9817e06dd3dfd1c6ab4b7"
"data/terminal2/master_secret_lair/cache/f05dd38a1371899d0d51ae3abf31cab0916e795a0af9ee411db9c229645ff2b6.json","STRUCTURAL_FEATURES","False","True","False","NOT_IN_OPENING_INVENTORY","PRESERVE_LEGACY_EVIDENCE","PRESERVE_LEGACY_EVIDENCE","LEGACY_MODEL_FORECAST_RANKING","Legacy modeling, forecasting, or ranking evidence must remain preserved but cannot become V1 authority without the governed tournament and certification sequence.","False","False","False","False","False","b8977d88a0c13372cfc15020710a1e584168c7e5f4555e4e28d1fe2323c102aa"
"data/terminal2/master_secret_lair/cache/f07f59b883be33b95bba9e8220194fa6fb2a615014df6576be2946c4d982be81.json","STRUCTURAL_FEATURES","False","True","False","NOT_IN_OPENING_INVENTORY","PRESERVE_LEGACY_EVIDENCE","PRESERVE_LEGACY_EVIDENCE","LEGACY_MODEL_FORECAST_RANKING","Legacy modeling, forecasting, or ranking evidence must remain preserved but cannot become V1 authority without the governed tournament and certification sequence.","False","False","False","False","False","e4693eeb3cd5e74eec9f1c19f6736f7a498fd19b95cb59aa12545162c6deb340"
"data/terminal2/master_secret_lair/cache/f3087e62da5bc5a0f7a836829b016a23ffd3c6587b2a490d71013bcb8a502542.json","STRUCTURAL_FEATURES","False","True","False","NOT_IN_OPENING_INVENTORY","PRESERVE_LEGACY_EVIDENCE","PRESERVE_LEGACY_EVIDENCE","LEGACY_MODEL_FORECAST_RANKING","Legacy modeling, forecasting, or ranking evidence must remain preserved but cannot become V1 authority without the governed tournament and certification sequence.","False","False","False","False","False","894bd6f8b296f4a5bdd7a819175dc5d6e2da4f429599d6983a5b6e599cd9c23b"
"data/terminal2/master_secret_lair/cache/f4396554843da0b3e1cacb30a03f6495444bcacbbd2bd6f67f6092513679ffc4.json","STRUCTURAL_FEATURES","False","True","False","NOT_IN_OPENING_INVENTORY","PRESERVE_LEGACY_EVIDENCE","PRESERVE_LEGACY_EVIDENCE","LEGACY_MODEL_FORECAST_RANKING","Legacy modeling, forecasting, or ranking evidence must remain preserved but cannot become V1 authority without the governed tournament and certification sequence.","False","False","False","False","False","43b73e89915b33f279a5949310e829ec407a7fa3140b7c16607fe8631c1d4db8"
"data/terminal2/master_secret_lair/cache/f5241f028ec06d59b848757215c6e5d01254b71570b25612282bc90b6a9e4a36.json","STRUCTURAL_FEATURES","False","True","False","NOT_IN_OPENING_INVENTORY","PRESERVE_LEGACY_EVIDENCE","PRESERVE_LEGACY_EVIDENCE","LEGACY_MODEL_FORECAST_RANKING","Legacy modeling, forecasting, or ranking evidence must remain preserved but cannot become V1 authority without the governed tournament and certification sequence.","False","False","False","False","False","69a692a9e293d17b9e3580b712619f614d46863af0168f729a0abb917286a4f9"
"data/terminal2/master_secret_lair/cache/f5643c1fc5b1057be961a6596646322370ae78be36fbbcf024ff2977078bf584.json","STRUCTURAL_FEATURES","False","True","False","NOT_IN_OPENING_INVENTORY","PRESERVE_LEGACY_EVIDENCE","PRESERVE_LEGACY_EVIDENCE","LEGACY_MODEL_FORECAST_RANKING","Legacy modeling, forecasting, or ranking evidence must remain preserved but cannot become V1 authority without the governed tournament and certification sequence.","False","False","False","False","False","ee1a1bbc7eecdbe9a2457309a9e35979aff930ca7786a5cf1e629bb08a266023"
"data/terminal2/master_secret_lair/cache/f65e916d896e46ee9bb96559a24749d48c154ebbfb4c9106ab93e36f47e6fce4.json","STRUCTURAL_FEATURES","False","True","False","NOT_IN_OPENING_INVENTORY","HIGH_PRIORITY_REVIEW","PRESERVE_LEGACY_EVIDENCE","IGNORED_RUNTIME_OR_GENERATED_EVIDENCE","Local ignored/runtime evidence is preserved for lineage and empirical review but is not promoted to production authority.","False","False","False","False","False","6905cff3b166c100d71b7a020222b4db364494cc9fe0b6ef517aba9ff20f72f7"
"data/terminal2/master_secret_lair/cache/f69b0115cdd7b2841e23faabae4273ce148b16059f532b85d070969b334ea88c.json","STRUCTURAL_FEATURES","False","True","False","NOT_IN_OPENING_INVENTORY","PRESERVE_LEGACY_EVIDENCE","PRESERVE_LEGACY_EVIDENCE","LEGACY_MODEL_FORECAST_RANKING","Legacy modeling, forecasting, or ranking evidence must remain preserved but cannot become V1 authority without the governed tournament and certification sequence.","False","False","False","False","False","6b95c9522518e06ad9608720b482a9e99ca58577a19bb29c5af844afd6387abc"
"data/terminal2/master_secret_lair/cache/f6dd4ecfcc7c9979afe61edff66116e0c9f3bbf3e706b9454ac181c3f57ecc6c.json","STRUCTURAL_FEATURES","False","True","False","NOT_IN_OPENING_INVENTORY","HIGH_PRIORITY_REVIEW","PRESERVE_LEGACY_EVIDENCE","IGNORED_RUNTIME_OR_GENERATED_EVIDENCE","Local ignored/runtime evidence is preserved for lineage and empirical review but is not promoted to production authority.","False","False","False","False","False","154117c41463c9dbe1b872af7ed3e88316e3572c8a0d6642cb4b466868d74814"
"data/terminal2/master_secret_lair/cache/f7af425e87d72b87d5d2e4b4d054c0a4a88a9e9385cacd341e45d2f608832954.json","STRUCTURAL_FEATURES","False","True","False","NOT_IN_OPENING_INVENTORY","PRESERVE_LEGACY_EVIDENCE","PRESERVE_LEGACY_EVIDENCE","LEGACY_MODEL_FORECAST_RANKING","Legacy modeling, forecasting, or ranking evidence must remain preserved but cannot become V1 authority without the governed tournament and certification sequence.","False","False","False","False","False","3f3fae8e7b0255b55993539623b742899b430f0fbd1825c77764340966e5b7c8"
"data/terminal2/master_secret_lair/cache/f844a0f418237affe1768a1f32eabcbd1276defe178bc60c03bd6f01205ecbe1.json","STRUCTURAL_FEATURES","False","True","False","NOT_IN_OPENING_INVENTORY","HIGH_PRIORITY_REVIEW","PRESERVE_LEGACY_EVIDENCE","IGNORED_RUNTIME_OR_GENERATED_EVIDENCE","Local ignored/runtime evidence is preserved for lineage and empirical review but is not promoted to production authority.","False","False","False","False","False","66930d272a823fc89e16360ed63ea284261c63f469ec301b5316c6e497ed1aa3"
"data/terminal2/master_secret_lair/cache/f938ddf7b2adb293c39bd2a717b5afee5e545323f69d1a5fbe7d6dc7f442bd1e.json","STRUCTURAL_FEATURES","False","True","False","NOT_IN_OPENING_INVENTORY","PRESERVE_LEGACY_EVIDENCE","PRESERVE_LEGACY_EVIDENCE","LEGACY_MODEL_FORECAST_RANKING","Legacy modeling, forecasting, or ranking evidence must remain preserved but cannot become V1 authority without the governed tournament and certification sequence.","False","False","False","False","False","7a0632e1d7415a0f8a038990e95977ae745ae590855ec33055de708205c189dc"
"data/terminal2/master_secret_lair/cache/fa4d941db6686ea5ca71e26a52880b2899a50743d8ce248c7100ab29c0440c22.json","STRUCTURAL_FEATURES","False","True","False","NOT_IN_OPENING_INVENTORY","PRESERVE_LEGACY_EVIDENCE","PRESERVE_LEGACY_EVIDENCE","LEGACY_MODEL_FORECAST_RANKING","Legacy modeling, forecasting, or ranking evidence must remain preserved but cannot become V1 authority without the governed tournament and certification sequence.","False","False","False","False","False","2149c93220f66c835e85d63c7e5838b24cc1480c847b5ffeae556757d2efa6ed"
"data/terminal2/master_secret_lair/cache/fa9707c6e3eeae00a8157b21e5f83c2d79373cbd80aaa8a28ff5baecd09c7e0b.json","STRUCTURAL_FEATURES","False","True","False","NOT_IN_OPENING_INVENTORY","PRESERVE_LEGACY_EVIDENCE","PRESERVE_LEGACY_EVIDENCE","LEGACY_MODEL_FORECAST_RANKING","Legacy modeling, forecasting, or ranking evidence must remain preserved but cannot become V1 authority without the governed tournament and certification sequence.","False","False","False","False","False","766bf2c172bd65e04dc8830246473c1232675a3516f08f55ac68b65c5d88975e"
"data/terminal2/master_secret_lair/cache/fafa88552f4ed0d183f99cc1b396079357c3ec0d8bed1d560f9452e399309c52.json","STRUCTURAL_FEATURES","False","True","False","NOT_IN_OPENING_INVENTORY","HIGH_PRIORITY_REVIEW","PRESERVE_LEGACY_EVIDENCE","IGNORED_RUNTIME_OR_GENERATED_EVIDENCE","Local ignored/runtime evidence is preserved for lineage and empirical review but is not promoted to production authority.","False","False","False","False","False","358d666e27b62a22b30bd0b958b8802a650f42a0defdd3e568f3c8e26a7637ad"
"data/terminal2/master_secret_lair/cache/fb4ae1b45b8aff972d6c63975c84351be0988ccd85223dc6beb49a0b0114c0f7.json","STRUCTURAL_FEATURES","False","True","False","NOT_IN_OPENING_INVENTORY","HIGH_PRIORITY_REVIEW","PRESERVE_LEGACY_EVIDENCE","IGNORED_RUNTIME_OR_GENERATED_EVIDENCE","Local ignored/runtime evidence is preserved for lineage and empirical review but is not promoted to production authority.","False","False","False","False","False","45fdf1a33344149a6a1c78d7249eb31648a1d675e5f3f803938a8e0e04cdd0d1"
"data/terminal2/master_secret_lair/cache/fb4e64f1f293e94877cda0d2660e287930e479f9a83e0a9356290124f3e5a3a5.json","STRUCTURAL_FEATURES","False","True","False","NOT_IN_OPENING_INVENTORY","PRESERVE_LEGACY_EVIDENCE","PRESERVE_LEGACY_EVIDENCE","LEGACY_MODEL_FORECAST_RANKING","Legacy modeling, forecasting, or ranking evidence must remain preserved but cannot become V1 authority without the governed tournament and certification sequence.","False","False","False","False","False","369c31534a3e81eb103c5432eddadbdd40a27ab28f2f9a80d6f19e46f1b31006"
"data/terminal2/master_secret_lair/cache/fb790a20b866a46232b99824ad1d9fb8ceac2069cbab304ed25d85f3951919b2.json","STRUCTURAL_FEATURES","False","True","False","NOT_IN_OPENING_INVENTORY","HIGH_PRIORITY_REVIEW","PRESERVE_LEGACY_EVIDENCE","IGNORED_RUNTIME_OR_GENERATED_EVIDENCE","Local ignored/runtime evidence is preserved for lineage and empirical review but is not promoted to production authority.","False","False","False","False","False","cc427a74ed40439dda2f3709eedc066b43d3c2e161aed0cef6c30fccb15a1f13"
"data/terminal2/master_secret_lair/cache/fbb4a5e09293172dff3edd625daed48e2144c237e381562a853dc20c7ce3baf9.json","STRUCTURAL_FEATURES","False","True","False","NOT_IN_OPENING_INVENTORY","HIGH_PRIORITY_REVIEW","PRESERVE_LEGACY_EVIDENCE","IGNORED_RUNTIME_OR_GENERATED_EVIDENCE","Local ignored/runtime evidence is preserved for lineage and empirical review but is not promoted to production authority.","False","False","False","False","False","92f312720e8efeb4c2567460bc416610ea098851b11ffd11699329c87ce43475"
"data/terminal2/master_secret_lair/cache/fd234a992cbc9daa1e5e79804e8bb5e2a263f19618c141b61f7e8d2e8346d38c.json","STRUCTURAL_FEATURES","False","True","False","NOT_IN_OPENING_INVENTORY","HIGH_PRIORITY_REVIEW","PRESERVE_LEGACY_EVIDENCE","IGNORED_RUNTIME_OR_GENERATED_EVIDENCE","Local ignored/runtime evidence is preserved for lineage and empirical review but is not promoted to production authority.","False","False","False","False","False","c3607ff58904165a2086d782884bef42b95c4fceb07f4994b9172a3e095e4062"
"data/terminal2/master_secret_lair/cache/fdf9f21b6d8db939f98c2dd344b750e7714d913fcddd606b767ea61371f4d976.json","STRUCTURAL_FEATURES","False","True","False","NOT_IN_OPENING_INVENTORY","PRESERVE_LEGACY_EVIDENCE","PRESERVE_LEGACY_EVIDENCE","LEGACY_MODEL_FORECAST_RANKING","Legacy modeling, forecasting, or ranking evidence must remain preserved but cannot become V1 authority without the governed tournament and certification sequence.","False","False","False","False","False","17db7b6d2357bc84c11ef9a69f3dd590a793cbce3a0ab83d9bae50c233acdaef"
"data/terminal2/master_secret_lair/cache/fe1ca1393dfa15a4ea6ac4adbce2e3e3e71efa53b5c490a18ddd05bf4e25fa3a.json","STRUCTURAL_FEATURES","False","True","False","NOT_IN_OPENING_INVENTORY","HIGH_PRIORITY_REVIEW","PRESERVE_LEGACY_EVIDENCE","IGNORED_RUNTIME_OR_GENERATED_EVIDENCE","Local ignored/runtime evidence is preserved for lineage and empirical review but is not promoted to production authority.","False","False","False","False","False","2a0faa4dc9d0e6b0e3cb22953dccdeda406ddecb84cf122708c843d45b7edc21"
"data/terminal2/master_secret_lair/cache/ffefb72323446f544628251e7db75c44a2dd72bd172a0db666b5fc08d86210d6.json","STRUCTURAL_FEATURES","False","True","False","NOT_IN_OPENING_INVENTORY","HIGH_PRIORITY_REVIEW","PRESERVE_LEGACY_EVIDENCE","IGNORED_RUNTIME_OR_GENERATED_EVIDENCE","Local ignored/runtime evidence is preserved for lineage and empirical review but is not promoted to production authority.","False","False","False","False","False","4753b165f1f53b56114f92a665a2f57f9197121fbe4d4c60df04b2fb3fc4ab6c"
"data/terminal2/master_secret_lair/master_secret_lair_price_history.csv","HISTORICAL_EVIDENCE","False","True","False","NOT_IN_OPENING_INVENTORY","ADAPT_CANDIDATE","PRESERVE_LEGACY_EVIDENCE","IGNORED_RUNTIME_OR_GENERATED_EVIDENCE","Local ignored/runtime evidence is preserved for lineage and empirical review but is not promoted to production authority.","False","False","False","False","False","0ec8d326dc561a86c0f910fa4528ce85635c783b65c6e2e709edcafb554b70ed"
"data/terminal2/master_secret_lair/master_secret_lair_product_map.csv","STRUCTURAL_FEATURES","False","True","False","NOT_IN_OPENING_INVENTORY","ADAPT_CANDIDATE","PRESERVE_LEGACY_EVIDENCE","IGNORED_RUNTIME_OR_GENERATED_EVIDENCE","Local ignored/runtime evidence is preserved for lineage and empirical review but is not promoted to production authority.","False","False","False","False","False","1485482d9fc1902ae19acea2788ea1e5bdeef16c072a741ae72d744b544414ae"
"data/terminal2/master_secret_lair/master_secret_lair_products.csv","STRUCTURAL_FEATURES","False","True","False","NOT_IN_OPENING_INVENTORY","ADAPT_CANDIDATE","PRESERVE_LEGACY_EVIDENCE","IGNORED_RUNTIME_OR_GENERATED_EVIDENCE","Local ignored/runtime evidence is preserved for lineage and empirical review but is not promoted to production authority.","False","False","False","False","False","95285d1de16892436c1fc830f790a4906b54f434ceaee6db0491bab6dfeb4b7e"
"data/terminal2/secret_lair_discovery_raw/official/SLD20260721T214542197148.html","SOURCE_ACQUISITION","False","True","False","NOT_IN_OPENING_INVENTORY","HIGH_PRIORITY_REVIEW","PRESERVE_LEGACY_EVIDENCE","IGNORED_RUNTIME_OR_GENERATED_EVIDENCE","Local ignored/runtime evidence is preserved for lineage and empirical review but is not promoted to production authority.","False","False","False","False","False","19d172d666afdb54afd1c6e76a4b82af84548c51adc80c5965b3cdadf13c2f2d"
"data/terminal2/secret_lair_discovery_raw/official/SLD20260721T214925837596.html","SOURCE_ACQUISITION","False","True","False","NOT_IN_OPENING_INVENTORY","HIGH_PRIORITY_REVIEW","PRESERVE_LEGACY_EVIDENCE","IGNORED_RUNTIME_OR_GENERATED_EVIDENCE","Local ignored/runtime evidence is preserved for lineage and empirical review but is not promoted to production authority.","False","False","False","False","False","19d172d666afdb54afd1c6e76a4b82af84548c51adc80c5965b3cdadf13c2f2d"
"data/terminal2/secret_lair_discovery_raw/official/SLD20260721T215646126284.html","SOURCE_ACQUISITION","False","True","False","NOT_IN_OPENING_INVENTORY","HIGH_PRIORITY_REVIEW","PRESERVE_LEGACY_EVIDENCE","IGNORED_RUNTIME_OR_GENERATED_EVIDENCE","Local ignored/runtime evidence is preserved for lineage and empirical review but is not promoted to production authority.","False","False","False","False","False","19d172d666afdb54afd1c6e76a4b82af84548c51adc80c5965b3cdadf13c2f2d"
"data/terminal2/secret_lair_discovery_raw/official/SLD20260721T221717222360.html","SOURCE_ACQUISITION","False","True","False","NOT_IN_OPENING_INVENTORY","HIGH_PRIORITY_REVIEW","PRESERVE_LEGACY_EVIDENCE","IGNORED_RUNTIME_OR_GENERATED_EVIDENCE","Local ignored/runtime evidence is preserved for lineage and empirical review but is not promoted to production authority.","False","False","False","False","False","19d172d666afdb54afd1c6e76a4b82af84548c51adc80c5965b3cdadf13c2f2d"
"data/terminal2/secret_lair_discovery_raw/official/SLD20260721T225047687899.html","SOURCE_ACQUISITION","False","True","False","NOT_IN_OPENING_INVENTORY","HIGH_PRIORITY_REVIEW","PRESERVE_LEGACY_EVIDENCE","IGNORED_RUNTIME_OR_GENERATED_EVIDENCE","Local ignored/runtime evidence is preserved for lineage and empirical review but is not promoted to production authority.","False","False","False","False","False","19d172d666afdb54afd1c6e76a4b82af84548c51adc80c5965b3cdadf13c2f2d"
"data/terminal2/secret_lair_discovery_raw/official/SLD20260721T230743934917.html","SOURCE_ACQUISITION","False","True","False","NOT_IN_OPENING_INVENTORY","HIGH_PRIORITY_REVIEW","PRESERVE_LEGACY_EVIDENCE","IGNORED_RUNTIME_OR_GENERATED_EVIDENCE","Local ignored/runtime evidence is preserved for lineage and empirical review but is not promoted to production authority.","False","False","False","False","False","19d172d666afdb54afd1c6e76a4b82af84548c51adc80c5965b3cdadf13c2f2d"
"data/terminal2/secret_lair_discovery_raw/official/SLD20260722T121803821857.html","SOURCE_ACQUISITION","False","True","False","NOT_IN_OPENING_INVENTORY","HIGH_PRIORITY_REVIEW","PRESERVE_LEGACY_EVIDENCE","IGNORED_RUNTIME_OR_GENERATED_EVIDENCE","Local ignored/runtime evidence is preserved for lineage and empirical review but is not promoted to production authority.","False","False","False","False","False","19d172d666afdb54afd1c6e76a4b82af84548c51adc80c5965b3cdadf13c2f2d"
"data/terminal2/secret_lair_discovery_raw/official/SLD20260722T122941188428.html","SOURCE_ACQUISITION","False","True","False","NOT_IN_OPENING_INVENTORY","HIGH_PRIORITY_REVIEW","PRESERVE_LEGACY_EVIDENCE","IGNORED_RUNTIME_OR_GENERATED_EVIDENCE","Local ignored/runtime evidence is preserved for lineage and empirical review but is not promoted to production authority.","False","False","False","False","False","19d172d666afdb54afd1c6e76a4b82af84548c51adc80c5965b3cdadf13c2f2d"
"data/terminal2/secret_lair_discovery_raw/official/SLD20260722T131128260083.html","SOURCE_ACQUISITION","False","True","False","NOT_IN_OPENING_INVENTORY","HIGH_PRIORITY_REVIEW","PRESERVE_LEGACY_EVIDENCE","IGNORED_RUNTIME_OR_GENERATED_EVIDENCE","Local ignored/runtime evidence is preserved for lineage and empirical review but is not promoted to production authority.","False","False","False","False","False","19d172d666afdb54afd1c6e76a4b82af84548c51adc80c5965b3cdadf13c2f2d"
"data/terminal2/secret_lair_discovery_raw/official/SLD20260722T132000021691.html","SOURCE_ACQUISITION","False","True","False","NOT_IN_OPENING_INVENTORY","HIGH_PRIORITY_REVIEW","PRESERVE_LEGACY_EVIDENCE","IGNORED_RUNTIME_OR_GENERATED_EVIDENCE","Local ignored/runtime evidence is preserved for lineage and empirical review but is not promoted to production authority.","False","False","False","False","False","19d172d666afdb54afd1c6e76a4b82af84548c51adc80c5965b3cdadf13c2f2d"
"data/terminal2/secret_lair_discovery_raw/official/SLD20260722T135252143529.html","SOURCE_ACQUISITION","False","True","False","NOT_IN_OPENING_INVENTORY","HIGH_PRIORITY_REVIEW","PRESERVE_LEGACY_EVIDENCE","IGNORED_RUNTIME_OR_GENERATED_EVIDENCE","Local ignored/runtime evidence is preserved for lineage and empirical review but is not promoted to production authority.","False","False","False","False","False","19d172d666afdb54afd1c6e76a4b82af84548c51adc80c5965b3cdadf13c2f2d"
"data/terminal2/secret_lair_discovery_raw/official/SLD20260722T135458835800.html","SOURCE_ACQUISITION","False","True","False","NOT_IN_OPENING_INVENTORY","HIGH_PRIORITY_REVIEW","PRESERVE_LEGACY_EVIDENCE","IGNORED_RUNTIME_OR_GENERATED_EVIDENCE","Local ignored/runtime evidence is preserved for lineage and empirical review but is not promoted to production authority.","False","False","False","False","False","19d172d666afdb54afd1c6e76a4b82af84548c51adc80c5965b3cdadf13c2f2d"
"data/terminal2/secret_lair_discovery_raw/official/SLD20260722T140536931631.html","SOURCE_ACQUISITION","False","True","False","NOT_IN_OPENING_INVENTORY","HIGH_PRIORITY_REVIEW","PRESERVE_LEGACY_EVIDENCE","IGNORED_RUNTIME_OR_GENERATED_EVIDENCE","Local ignored/runtime evidence is preserved for lineage and empirical review but is not promoted to production authority.","False","False","False","False","False","19d172d666afdb54afd1c6e76a4b82af84548c51adc80c5965b3cdadf13c2f2d"
"data/terminal2/secret_lair_discovery_raw/official/SLD20260722T140844077179.html","SOURCE_ACQUISITION","False","True","False","NOT_IN_OPENING_INVENTORY","HIGH_PRIORITY_REVIEW","PRESERVE_LEGACY_EVIDENCE","IGNORED_RUNTIME_OR_GENERATED_EVIDENCE","Local ignored/runtime evidence is preserved for lineage and empirical review but is not promoted to production authority.","False","False","False","False","False","19d172d666afdb54afd1c6e76a4b82af84548c51adc80c5965b3cdadf13c2f2d"
"data/terminal2/secret_lair_discovery_raw/official/SLD20260722T141812766345.html","SOURCE_ACQUISITION","False","True","False","NOT_IN_OPENING_INVENTORY","HIGH_PRIORITY_REVIEW","PRESERVE_LEGACY_EVIDENCE","IGNORED_RUNTIME_OR_GENERATED_EVIDENCE","Local ignored/runtime evidence is preserved for lineage and empirical review but is not promoted to production authority.","False","False","False","False","False","19d172d666afdb54afd1c6e76a4b82af84548c51adc80c5965b3cdadf13c2f2d"
"data/terminal2/secret_lair_discovery_raw/official/SLD20260722T142520089836.html","SOURCE_ACQUISITION","False","True","False","NOT_IN_OPENING_INVENTORY","HIGH_PRIORITY_REVIEW","PRESERVE_LEGACY_EVIDENCE","IGNORED_RUNTIME_OR_GENERATED_EVIDENCE","Local ignored/runtime evidence is preserved for lineage and empirical review but is not promoted to production authority.","False","False","False","False","False","19d172d666afdb54afd1c6e76a4b82af84548c51adc80c5965b3cdadf13c2f2d"
"data/terminal2/secret_lair_discovery_raw/official/SLD20260722T143520732981.html","SOURCE_ACQUISITION","False","True","False","NOT_IN_OPENING_INVENTORY","HIGH_PRIORITY_REVIEW","PRESERVE_LEGACY_EVIDENCE","IGNORED_RUNTIME_OR_GENERATED_EVIDENCE","Local ignored/runtime evidence is preserved for lineage and empirical review but is not promoted to production authority.","False","False","False","False","False","19d172d666afdb54afd1c6e76a4b82af84548c51adc80c5965b3cdadf13c2f2d"
"data/terminal2/secret_lair_discovery_raw/official/SLD20260722T143817050598.html","SOURCE_ACQUISITION","False","True","False","NOT_IN_OPENING_INVENTORY","HIGH_PRIORITY_REVIEW","PRESERVE_LEGACY_EVIDENCE","IGNORED_RUNTIME_OR_GENERATED_EVIDENCE","Local ignored/runtime evidence is preserved for lineage and empirical review but is not promoted to production authority.","False","False","False","False","False","19d172d666afdb54afd1c6e76a4b82af84548c51adc80c5965b3cdadf13c2f2d"
"data/terminal2/secret_lair_discovery_raw/official/SLD20260722T150906382669.html","SOURCE_ACQUISITION","False","True","False","NOT_IN_OPENING_INVENTORY","HIGH_PRIORITY_REVIEW","PRESERVE_LEGACY_EVIDENCE","IGNORED_RUNTIME_OR_GENERATED_EVIDENCE","Local ignored/runtime evidence is preserved for lineage and empirical review but is not promoted to production authority.","False","False","False","False","False","19d172d666afdb54afd1c6e76a4b82af84548c51adc80c5965b3cdadf13c2f2d"
"data/terminal2/secret_lair_discovery_raw/official/SLD20260722T151117157466.html","SOURCE_ACQUISITION","False","True","False","NOT_IN_OPENING_INVENTORY","HIGH_PRIORITY_REVIEW","PRESERVE_LEGACY_EVIDENCE","IGNORED_RUNTIME_OR_GENERATED_EVIDENCE","Local ignored/runtime evidence is preserved for lineage and empirical review but is not promoted to production authority.","False","False","False","False","False","19d172d666afdb54afd1c6e76a4b82af84548c51adc80c5965b3cdadf13c2f2d"
"data/terminal2/secret_lair_discovery_raw/official/SLD20260722T171304098062.html","SOURCE_ACQUISITION","False","True","False","NOT_IN_OPENING_INVENTORY","HIGH_PRIORITY_REVIEW","PRESERVE_LEGACY_EVIDENCE","IGNORED_RUNTIME_OR_GENERATED_EVIDENCE","Local ignored/runtime evidence is preserved for lineage and empirical review but is not promoted to production authority.","False","False","False","False","False","19d172d666afdb54afd1c6e76a4b82af84548c51adc80c5965b3cdadf13c2f2d"
"data/terminal2/secret_lair_discovery_raw/official/SLD20260722T171840222831.html","SOURCE_ACQUISITION","False","True","False","NOT_IN_OPENING_INVENTORY","HIGH_PRIORITY_REVIEW","PRESERVE_LEGACY_EVIDENCE","IGNORED_RUNTIME_OR_GENERATED_EVIDENCE","Local ignored/runtime evidence is preserved for lineage and empirical review but is not promoted to production authority.","False","False","False","False","False","19d172d666afdb54afd1c6e76a4b82af84548c51adc80c5965b3cdadf13c2f2d"
"data/terminal2/secret_lair_discovery_raw/official/SLD20260722T172207703832.html","SOURCE_ACQUISITION","False","True","False","NOT_IN_OPENING_INVENTORY","HIGH_PRIORITY_REVIEW","PRESERVE_LEGACY_EVIDENCE","IGNORED_RUNTIME_OR_GENERATED_EVIDENCE","Local ignored/runtime evidence is preserved for lineage and empirical review but is not promoted to production authority.","False","False","False","False","False","19d172d666afdb54afd1c6e76a4b82af84548c51adc80c5965b3cdadf13c2f2d"
"data/terminal2/secret_lair_discovery_raw/official/SLD20260722T172416042086.html","SOURCE_ACQUISITION","False","True","False","NOT_IN_OPENING_INVENTORY","HIGH_PRIORITY_REVIEW","PRESERVE_LEGACY_EVIDENCE","IGNORED_RUNTIME_OR_GENERATED_EVIDENCE","Local ignored/runtime evidence is preserved for lineage and empirical review but is not promoted to production authority.","False","False","False","False","False","19d172d666afdb54afd1c6e76a4b82af84548c51adc80c5965b3cdadf13c2f2d"
"data/terminal2/secret_lair_discovery_raw/official/SLD20260722T172724864855.html","SOURCE_ACQUISITION","False","True","False","NOT_IN_OPENING_INVENTORY","HIGH_PRIORITY_REVIEW","PRESERVE_LEGACY_EVIDENCE","IGNORED_RUNTIME_OR_GENERATED_EVIDENCE","Local ignored/runtime evidence is preserved for lineage and empirical review but is not promoted to production authority.","False","False","False","False","False","19d172d666afdb54afd1c6e76a4b82af84548c51adc80c5965b3cdadf13c2f2d"
"data/terminal2/secret_lair_discovery_raw/official/SLD20260722T173223950058.html","SOURCE_ACQUISITION","False","True","False","NOT_IN_OPENING_INVENTORY","HIGH_PRIORITY_REVIEW","PRESERVE_LEGACY_EVIDENCE","IGNORED_RUNTIME_OR_GENERATED_EVIDENCE","Local ignored/runtime evidence is preserved for lineage and empirical review but is not promoted to production authority.","False","False","False","False","False","19d172d666afdb54afd1c6e76a4b82af84548c51adc80c5965b3cdadf13c2f2d"
"data/terminal2/secret_lair_discovery_raw/official/SLD20260722T173847394004.html","SOURCE_ACQUISITION","False","True","False","NOT_IN_OPENING_INVENTORY","HIGH_PRIORITY_REVIEW","PRESERVE_LEGACY_EVIDENCE","IGNORED_RUNTIME_OR_GENERATED_EVIDENCE","Local ignored/runtime evidence is preserved for lineage and empirical review but is not promoted to production authority.","False","False","False","False","False","19d172d666afdb54afd1c6e76a4b82af84548c51adc80c5965b3cdadf13c2f2d"
"data/terminal2/secret_lair_discovery_raw/official/SLD20260722T174310142760.html","SOURCE_ACQUISITION","False","True","False","NOT_IN_OPENING_INVENTORY","HIGH_PRIORITY_REVIEW","PRESERVE_LEGACY_EVIDENCE","IGNORED_RUNTIME_OR_GENERATED_EVIDENCE","Local ignored/runtime evidence is preserved for lineage and empirical review but is not promoted to production authority.","False","False","False","False","False","19d172d666afdb54afd1c6e76a4b82af84548c51adc80c5965b3cdadf13c2f2d"
"data/terminal2/secret_lair_discovery_raw/official/SLD20260722T174956132095.html","SOURCE_ACQUISITION","False","True","False","NOT_IN_OPENING_INVENTORY","HIGH_PRIORITY_REVIEW","PRESERVE_LEGACY_EVIDENCE","IGNORED_RUNTIME_OR_GENERATED_EVIDENCE","Local ignored/runtime evidence is preserved for lineage and empirical review but is not promoted to production authority.","False","False","False","False","False","19d172d666afdb54afd1c6e76a4b82af84548c51adc80c5965b3cdadf13c2f2d"
"data/terminal2/secret_lair_discovery_raw/official/SLD20260722T175210347719.html","SOURCE_ACQUISITION","False","True","False","NOT_IN_OPENING_INVENTORY","HIGH_PRIORITY_REVIEW","PRESERVE_LEGACY_EVIDENCE","IGNORED_RUNTIME_OR_GENERATED_EVIDENCE","Local ignored/runtime evidence is preserved for lineage and empirical review but is not promoted to production authority.","False","False","False","False","False","19d172d666afdb54afd1c6e76a4b82af84548c51adc80c5965b3cdadf13c2f2d"
"data/terminal2/secret_lair_discovery_raw/official/SLD20260722T175728351304.html","SOURCE_ACQUISITION","False","True","False","NOT_IN_OPENING_INVENTORY","HIGH_PRIORITY_REVIEW","PRESERVE_LEGACY_EVIDENCE","IGNORED_RUNTIME_OR_GENERATED_EVIDENCE","Local ignored/runtime evidence is preserved for lineage and empirical review but is not promoted to production authority.","False","False","False","False","False","19d172d666afdb54afd1c6e76a4b82af84548c51adc80c5965b3cdadf13c2f2d"
"data/terminal2/secret_lair_discovery_raw/official/SLD20260722T180105771656.html","SOURCE_ACQUISITION","False","True","False","NOT_IN_OPENING_INVENTORY","HIGH_PRIORITY_REVIEW","PRESERVE_LEGACY_EVIDENCE","IGNORED_RUNTIME_OR_GENERATED_EVIDENCE","Local ignored/runtime evidence is preserved for lineage and empirical review but is not promoted to production authority.","False","False","False","False","False","19d172d666afdb54afd1c6e76a4b82af84548c51adc80c5965b3cdadf13c2f2d"
"data/terminal2/secret_lair_discovery_raw/official/SLD20260722T180440797755.html","SOURCE_ACQUISITION","False","True","False","NOT_IN_OPENING_INVENTORY","HIGH_PRIORITY_REVIEW","PRESERVE_LEGACY_EVIDENCE","IGNORED_RUNTIME_OR_GENERATED_EVIDENCE","Local ignored/runtime evidence is preserved for lineage and empirical review but is not promoted to production authority.","False","False","False","False","False","19d172d666afdb54afd1c6e76a4b82af84548c51adc80c5965b3cdadf13c2f2d"
"data/terminal2/secret_lair_discovery_raw/official/SLD20260722T180846927826.html","SOURCE_ACQUISITION","False","True","False","NOT_IN_OPENING_INVENTORY","HIGH_PRIORITY_REVIEW","PRESERVE_LEGACY_EVIDENCE","IGNORED_RUNTIME_OR_GENERATED_EVIDENCE","Local ignored/runtime evidence is preserved for lineage and empirical review but is not promoted to production authority.","False","False","False","False","False","19d172d666afdb54afd1c6e76a4b82af84548c51adc80c5965b3cdadf13c2f2d"
"data/terminal2/secret_lair_discovery_raw/official/SLD20260722T181947901294.html","SOURCE_ACQUISITION","False","True","False","NOT_IN_OPENING_INVENTORY","HIGH_PRIORITY_REVIEW","PRESERVE_LEGACY_EVIDENCE","IGNORED_RUNTIME_OR_GENERATED_EVIDENCE","Local ignored/runtime evidence is preserved for lineage and empirical review but is not promoted to production authority.","False","False","False","False","False","19d172d666afdb54afd1c6e76a4b82af84548c51adc80c5965b3cdadf13c2f2d"
"data/terminal2/secret_lair_discovery_raw/official/SLD20260722T182228786404.html","SOURCE_ACQUISITION","False","True","False","NOT_IN_OPENING_INVENTORY","HIGH_PRIORITY_REVIEW","PRESERVE_LEGACY_EVIDENCE","IGNORED_RUNTIME_OR_GENERATED_EVIDENCE","Local ignored/runtime evidence is preserved for lineage and empirical review but is not promoted to production authority.","False","False","False","False","False","19d172d666afdb54afd1c6e76a4b82af84548c51adc80c5965b3cdadf13c2f2d"
"data/terminal2/secret_lair_discovery_raw/official/SLD20260722T182902129219.html","SOURCE_ACQUISITION","False","True","False","NOT_IN_OPENING_INVENTORY","HIGH_PRIORITY_REVIEW","PRESERVE_LEGACY_EVIDENCE","IGNORED_RUNTIME_OR_GENERATED_EVIDENCE","Local ignored/runtime evidence is preserved for lineage and empirical review but is not promoted to production authority.","False","False","False","False","False","19d172d666afdb54afd1c6e76a4b82af84548c51adc80c5965b3cdadf13c2f2d"
"data/terminal2/secret_lair_discovery_raw/official/SLD20260722T183120470853.html","SOURCE_ACQUISITION","False","True","False","NOT_IN_OPENING_INVENTORY","HIGH_PRIORITY_REVIEW","PRESERVE_LEGACY_EVIDENCE","IGNORED_RUNTIME_OR_GENERATED_EVIDENCE","Local ignored/runtime evidence is preserved for lineage and empirical review but is not promoted to production authority.","False","False","False","False","False","19d172d666afdb54afd1c6e76a4b82af84548c51adc80c5965b3cdadf13c2f2d"
"data/terminal2/secret_lair_discovery_raw/official/SLD20260722T183636049642.html","SOURCE_ACQUISITION","False","True","False","NOT_IN_OPENING_INVENTORY","HIGH_PRIORITY_REVIEW","PRESERVE_LEGACY_EVIDENCE","IGNORED_RUNTIME_OR_GENERATED_EVIDENCE","Local ignored/runtime evidence is preserved for lineage and empirical review but is not promoted to production authority.","False","False","False","False","False","19d172d666afdb54afd1c6e76a4b82af84548c51adc80c5965b3cdadf13c2f2d"
"data/terminal2/secret_lair_discovery_raw/official/SLD20260722T184443919296.html","SOURCE_ACQUISITION","False","True","False","NOT_IN_OPENING_INVENTORY","HIGH_PRIORITY_REVIEW","PRESERVE_LEGACY_EVIDENCE","IGNORED_RUNTIME_OR_GENERATED_EVIDENCE","Local ignored/runtime evidence is preserved for lineage and empirical review but is not promoted to production authority.","False","False","False","False","False","19d172d666afdb54afd1c6e76a4b82af84548c51adc80c5965b3cdadf13c2f2d"
"data/terminal2/secret_lair_discovery_raw/official/SLD20260722T185210823806.html","SOURCE_ACQUISITION","False","True","False","NOT_IN_OPENING_INVENTORY","HIGH_PRIORITY_REVIEW","PRESERVE_LEGACY_EVIDENCE","IGNORED_RUNTIME_OR_GENERATED_EVIDENCE","Local ignored/runtime evidence is preserved for lineage and empirical review but is not promoted to production authority.","False","False","False","False","False","19d172d666afdb54afd1c6e76a4b82af84548c51adc80c5965b3cdadf13c2f2d"
"data/terminal2/secret_lair_discovery_raw/official/SLD20260722T185712529594.html","SOURCE_ACQUISITION","False","True","False","NOT_IN_OPENING_INVENTORY","HIGH_PRIORITY_REVIEW","PRESERVE_LEGACY_EVIDENCE","IGNORED_RUNTIME_OR_GENERATED_EVIDENCE","Local ignored/runtime evidence is preserved for lineage and empirical review but is not promoted to production authority.","False","False","False","False","False","19d172d666afdb54afd1c6e76a4b82af84548c51adc80c5965b3cdadf13c2f2d"
"data/terminal2/secret_lair_discovery_raw/official/SLD20260722T192947034419.html","SOURCE_ACQUISITION","False","True","False","NOT_IN_OPENING_INVENTORY","HIGH_PRIORITY_REVIEW","PRESERVE_LEGACY_EVIDENCE","IGNORED_RUNTIME_OR_GENERATED_EVIDENCE","Local ignored/runtime evidence is preserved for lineage and empirical review but is not promoted to production authority.","False","False","False","False","False","19d172d666afdb54afd1c6e76a4b82af84548c51adc80c5965b3cdadf13c2f2d"
"data/terminal2/secret_lair_discovery_raw/official/SLD20260722T193352982199.html","SOURCE_ACQUISITION","False","True","False","NOT_IN_OPENING_INVENTORY","HIGH_PRIORITY_REVIEW","PRESERVE_LEGACY_EVIDENCE","IGNORED_RUNTIME_OR_GENERATED_EVIDENCE","Local ignored/runtime evidence is preserved for lineage and empirical review but is not promoted to production authority.","False","False","False","False","False","19d172d666afdb54afd1c6e76a4b82af84548c51adc80c5965b3cdadf13c2f2d"
"data/terminal2/secret_lair_discovery_raw/official/SLD20260722T193951362101.html","SOURCE_ACQUISITION","False","True","False","NOT_IN_OPENING_INVENTORY","HIGH_PRIORITY_REVIEW","PRESERVE_LEGACY_EVIDENCE","IGNORED_RUNTIME_OR_GENERATED_EVIDENCE","Local ignored/runtime evidence is preserved for lineage and empirical review but is not promoted to production authority.","False","False","False","False","False","19d172d666afdb54afd1c6e76a4b82af84548c51adc80c5965b3cdadf13c2f2d"
"data/terminal2/secret_lair_discovery_raw/official/SLD20260722T194358878346.html","SOURCE_ACQUISITION","False","True","False","NOT_IN_OPENING_INVENTORY","HIGH_PRIORITY_REVIEW","PRESERVE_LEGACY_EVIDENCE","IGNORED_RUNTIME_OR_GENERATED_EVIDENCE","Local ignored/runtime evidence is preserved for lineage and empirical review but is not promoted to production authority.","False","False","False","False","False","19d172d666afdb54afd1c6e76a4b82af84548c51adc80c5965b3cdadf13c2f2d"
"data/terminal2/secret_lair_discovery_raw/official/SLD20260722T194729138390.html","SOURCE_ACQUISITION","False","True","False","NOT_IN_OPENING_INVENTORY","HIGH_PRIORITY_REVIEW","PRESERVE_LEGACY_EVIDENCE","IGNORED_RUNTIME_OR_GENERATED_EVIDENCE","Local ignored/runtime evidence is preserved for lineage and empirical review but is not promoted to production authority.","False","False","False","False","False","19d172d666afdb54afd1c6e76a4b82af84548c51adc80c5965b3cdadf13c2f2d"
"data/terminal2/secret_lair_discovery_raw/official/SLD20260722T195107985875.html","SOURCE_ACQUISITION","False","True","False","NOT_IN_OPENING_INVENTORY","HIGH_PRIORITY_REVIEW","PRESERVE_LEGACY_EVIDENCE","IGNORED_RUNTIME_OR_GENERATED_EVIDENCE","Local ignored/runtime evidence is preserved for lineage and empirical review but is not promoted to production authority.","False","False","False","False","False","19d172d666afdb54afd1c6e76a4b82af84548c51adc80c5965b3cdadf13c2f2d"
"data/terminal2/secret_lair_discovery_raw/official/SLD20260722T195426054435.html","SOURCE_ACQUISITION","False","True","False","NOT_IN_OPENING_INVENTORY","HIGH_PRIORITY_REVIEW","PRESERVE_LEGACY_EVIDENCE","IGNORED_RUNTIME_OR_GENERATED_EVIDENCE","Local ignored/runtime evidence is preserved for lineage and empirical review but is not promoted to production authority.","False","False","False","False","False","19d172d666afdb54afd1c6e76a4b82af84548c51adc80c5965b3cdadf13c2f2d"
"data/terminal2/secret_lair_discovery_raw/official/SLD20260722T195556657033.html","SOURCE_ACQUISITION","False","True","False","NOT_IN_OPENING_INVENTORY","HIGH_PRIORITY_REVIEW","PRESERVE_LEGACY_EVIDENCE","IGNORED_RUNTIME_OR_GENERATED_EVIDENCE","Local ignored/runtime evidence is preserved for lineage and empirical review but is not promoted to production authority.","False","False","False","False","False","19d172d666afdb54afd1c6e76a4b82af84548c51adc80c5965b3cdadf13c2f2d"
"data/terminal2/secret_lair_discovery_raw/official/SLD20260722T195835345299.html","SOURCE_ACQUISITION","False","True","False","NOT_IN_OPENING_INVENTORY","HIGH_PRIORITY_REVIEW","PRESERVE_LEGACY_EVIDENCE","IGNORED_RUNTIME_OR_GENERATED_EVIDENCE","Local ignored/runtime evidence is preserved for lineage and empirical review but is not promoted to production authority.","False","False","False","False","False","19d172d666afdb54afd1c6e76a4b82af84548c51adc80c5965b3cdadf13c2f2d"
"data/terminal2/secret_lair_discovery_raw/official/SLD20260722T200001255818.html","SOURCE_ACQUISITION","False","True","False","NOT_IN_OPENING_INVENTORY","HIGH_PRIORITY_REVIEW","PRESERVE_LEGACY_EVIDENCE","IGNORED_RUNTIME_OR_GENERATED_EVIDENCE","Local ignored/runtime evidence is preserved for lineage and empirical review but is not promoted to production authority.","False","False","False","False","False","19d172d666afdb54afd1c6e76a4b82af84548c51adc80c5965b3cdadf13c2f2d"
"data/terminal2/secret_lair_discovery_raw/official/SLD20260722T200208697721.html","SOURCE_ACQUISITION","False","True","False","NOT_IN_OPENING_INVENTORY","HIGH_PRIORITY_REVIEW","PRESERVE_LEGACY_EVIDENCE","IGNORED_RUNTIME_OR_GENERATED_EVIDENCE","Local ignored/runtime evidence is preserved for lineage and empirical review but is not promoted to production authority.","False","False","False","False","False","19d172d666afdb54afd1c6e76a4b82af84548c51adc80c5965b3cdadf13c2f2d"
"data/terminal2/secret_lair_discovery_raw/official/SLD20260722T200805871393.html","SOURCE_ACQUISITION","False","True","False","NOT_IN_OPENING_INVENTORY","HIGH_PRIORITY_REVIEW","PRESERVE_LEGACY_EVIDENCE","IGNORED_RUNTIME_OR_GENERATED_EVIDENCE","Local ignored/runtime evidence is preserved for lineage and empirical review but is not promoted to production authority.","False","False","False","False","False","19d172d666afdb54afd1c6e76a4b82af84548c51adc80c5965b3cdadf13c2f2d"
"data/terminal2/secret_lair_discovery_raw/official/SLD20260722T201132197738.html","SOURCE_ACQUISITION","False","True","False","NOT_IN_OPENING_INVENTORY","HIGH_PRIORITY_REVIEW","PRESERVE_LEGACY_EVIDENCE","IGNORED_RUNTIME_OR_GENERATED_EVIDENCE","Local ignored/runtime evidence is preserved for lineage and empirical review but is not promoted to production authority.","False","False","False","False","False","19d172d666afdb54afd1c6e76a4b82af84548c51adc80c5965b3cdadf13c2f2d"
"data/terminal2/secret_lair_discovery_raw/official/SLD20260722T201519021102.html","SOURCE_ACQUISITION","False","True","False","NOT_IN_OPENING_INVENTORY","HIGH_PRIORITY_REVIEW","PRESERVE_LEGACY_EVIDENCE","IGNORED_RUNTIME_OR_GENERATED_EVIDENCE","Local ignored/runtime evidence is preserved for lineage and empirical review but is not promoted to production authority.","False","False","False","False","False","19d172d666afdb54afd1c6e76a4b82af84548c51adc80c5965b3cdadf13c2f2d"
"data/terminal2/secret_lair_discovery_raw/official/SLD20260722T202012990099.html","SOURCE_ACQUISITION","False","True","False","NOT_IN_OPENING_INVENTORY","HIGH_PRIORITY_REVIEW","PRESERVE_LEGACY_EVIDENCE","IGNORED_RUNTIME_OR_GENERATED_EVIDENCE","Local ignored/runtime evidence is preserved for lineage and empirical review but is not promoted to production authority.","False","False","False","False","False","19d172d666afdb54afd1c6e76a4b82af84548c51adc80c5965b3cdadf13c2f2d"
"data/terminal2/secret_lair_discovery_raw/official/SLD20260722T202417078385.html","SOURCE_ACQUISITION","False","True","False","NOT_IN_OPENING_INVENTORY","HIGH_PRIORITY_REVIEW","PRESERVE_LEGACY_EVIDENCE","IGNORED_RUNTIME_OR_GENERATED_EVIDENCE","Local ignored/runtime evidence is preserved for lineage and empirical review but is not promoted to production authority.","False","False","False","False","False","19d172d666afdb54afd1c6e76a4b82af84548c51adc80c5965b3cdadf13c2f2d"
"data/terminal2/secret_lair_discovery_raw/official/SLD20260722T202818512118.html","SOURCE_ACQUISITION","False","True","False","NOT_IN_OPENING_INVENTORY","HIGH_PRIORITY_REVIEW","PRESERVE_LEGACY_EVIDENCE","IGNORED_RUNTIME_OR_GENERATED_EVIDENCE","Local ignored/runtime evidence is preserved for lineage and empirical review but is not promoted to production authority.","False","False","False","False","False","19d172d666afdb54afd1c6e76a4b82af84548c51adc80c5965b3cdadf13c2f2d"
"data/terminal2/secret_lair_discovery_raw/official/SLD20260722T203125728353.html","SOURCE_ACQUISITION","False","True","False","NOT_IN_OPENING_INVENTORY","HIGH_PRIORITY_REVIEW","PRESERVE_LEGACY_EVIDENCE","IGNORED_RUNTIME_OR_GENERATED_EVIDENCE","Local ignored/runtime evidence is preserved for lineage and empirical review but is not promoted to production authority.","False","False","False","False","False","19d172d666afdb54afd1c6e76a4b82af84548c51adc80c5965b3cdadf13c2f2d"
"data/terminal2/secret_lair_discovery_raw/official/SLD20260722T203452016842.html","SOURCE_ACQUISITION","False","True","False","NOT_IN_OPENING_INVENTORY","HIGH_PRIORITY_REVIEW","PRESERVE_LEGACY_EVIDENCE","IGNORED_RUNTIME_OR_GENERATED_EVIDENCE","Local ignored/runtime evidence is preserved for lineage and empirical review but is not promoted to production authority.","False","False","False","False","False","19d172d666afdb54afd1c6e76a4b82af84548c51adc80c5965b3cdadf13c2f2d"
"data/terminal2/secret_lair_discovery_raw/official/SLD20260722T204144368443.html","SOURCE_ACQUISITION","False","True","False","NOT_IN_OPENING_INVENTORY","HIGH_PRIORITY_REVIEW","PRESERVE_LEGACY_EVIDENCE","IGNORED_RUNTIME_OR_GENERATED_EVIDENCE","Local ignored/runtime evidence is preserved for lineage and empirical review but is not promoted to production authority.","False","False","False","False","False","19d172d666afdb54afd1c6e76a4b82af84548c51adc80c5965b3cdadf13c2f2d"
"data/terminal2/secret_lair_discovery_raw/official/SLD20260722T204420361159.html","SOURCE_ACQUISITION","False","True","False","NOT_IN_OPENING_INVENTORY","HIGH_PRIORITY_REVIEW","PRESERVE_LEGACY_EVIDENCE","IGNORED_RUNTIME_OR_GENERATED_EVIDENCE","Local ignored/runtime evidence is preserved for lineage and empirical review but is not promoted to production authority.","False","False","False","False","False","19d172d666afdb54afd1c6e76a4b82af84548c51adc80c5965b3cdadf13c2f2d"
"data/terminal2/secret_lair_discovery_raw/official/SLD20260725T125853250750.html","SOURCE_ACQUISITION","False","True","False","NOT_IN_OPENING_INVENTORY","HIGH_PRIORITY_REVIEW","PRESERVE_LEGACY_EVIDENCE","IGNORED_RUNTIME_OR_GENERATED_EVIDENCE","Local ignored/runtime evidence is preserved for lineage and empirical review but is not promoted to production authority.","False","False","False","False","False","19d172d666afdb54afd1c6e76a4b82af84548c51adc80c5965b3cdadf13c2f2d"
"data/terminal2/secret_lair_discovery_raw/official/SLD20260727T111603994217.html","SOURCE_ACQUISITION","False","True","False","NOT_IN_OPENING_INVENTORY","HIGH_PRIORITY_REVIEW","PRESERVE_LEGACY_EVIDENCE","IGNORED_RUNTIME_OR_GENERATED_EVIDENCE","Local ignored/runtime evidence is preserved for lineage and empirical review but is not promoted to production authority.","False","False","False","False","False","19d172d666afdb54afd1c6e76a4b82af84548c51adc80c5965b3cdadf13c2f2d"
"data/terminal2/secret_lair_discovery_raw/official/SLD20260727T121303783346.html","SOURCE_ACQUISITION","False","True","False","NOT_IN_OPENING_INVENTORY","HIGH_PRIORITY_REVIEW","PRESERVE_LEGACY_EVIDENCE","IGNORED_RUNTIME_OR_GENERATED_EVIDENCE","Local ignored/runtime evidence is preserved for lineage and empirical review but is not promoted to production authority.","False","False","False","False","False","19d172d666afdb54afd1c6e76a4b82af84548c51adc80c5965b3cdadf13c2f2d"
"data/terminal2/secret_lair_discovery_raw/official/SLD20260727T123520829946.html","SOURCE_ACQUISITION","False","True","False","NOT_IN_OPENING_INVENTORY","HIGH_PRIORITY_REVIEW","PRESERVE_LEGACY_EVIDENCE","IGNORED_RUNTIME_OR_GENERATED_EVIDENCE","Local ignored/runtime evidence is preserved for lineage and empirical review but is not promoted to production authority.","False","False","False","False","False","19d172d666afdb54afd1c6e76a4b82af84548c51adc80c5965b3cdadf13c2f2d"
"data/terminal2/secret_lair_discovery_raw/official/SLD20260727T124832515605.html","SOURCE_ACQUISITION","False","True","False","NOT_IN_OPENING_INVENTORY","HIGH_PRIORITY_REVIEW","PRESERVE_LEGACY_EVIDENCE","IGNORED_RUNTIME_OR_GENERATED_EVIDENCE","Local ignored/runtime evidence is preserved for lineage and empirical review but is not promoted to production authority.","False","False","False","False","False","19d172d666afdb54afd1c6e76a4b82af84548c51adc80c5965b3cdadf13c2f2d"
"data/terminal2/secret_lair_discovery_raw/official/SLD20260728T103118319559.html","SOURCE_ACQUISITION","False","True","False","NOT_IN_OPENING_INVENTORY","HIGH_PRIORITY_REVIEW","PRESERVE_LEGACY_EVIDENCE","IGNORED_RUNTIME_OR_GENERATED_EVIDENCE","Local ignored/runtime evidence is preserved for lineage and empirical review but is not promoted to production authority.","False","False","False","False","False","19d172d666afdb54afd1c6e76a4b82af84548c51adc80c5965b3cdadf13c2f2d"
"data/terminal2/secret_lair_discovery_raw/official/SLD20260728T110146714453.html","SOURCE_ACQUISITION","False","True","False","NOT_IN_OPENING_INVENTORY","HIGH_PRIORITY_REVIEW","PRESERVE_LEGACY_EVIDENCE","IGNORED_RUNTIME_OR_GENERATED_EVIDENCE","Local ignored/runtime evidence is preserved for lineage and empirical review but is not promoted to production authority.","False","False","False","False","False","19d172d666afdb54afd1c6e76a4b82af84548c51adc80c5965b3cdadf13c2f2d"
"data/terminal2/secret_lair_discovery_raw/official/SLD20260728T111039386849.html","SOURCE_ACQUISITION","False","True","False","NOT_IN_OPENING_INVENTORY","HIGH_PRIORITY_REVIEW","PRESERVE_LEGACY_EVIDENCE","IGNORED_RUNTIME_OR_GENERATED_EVIDENCE","Local ignored/runtime evidence is preserved for lineage and empirical review but is not promoted to production authority.","False","False","False","False","False","19d172d666afdb54afd1c6e76a4b82af84548c51adc80c5965b3cdadf13c2f2d"
"data/terminal2/secret_lair_discovery_raw/official/SLD20260728T111630974838.html","SOURCE_ACQUISITION","False","True","False","NOT_IN_OPENING_INVENTORY","HIGH_PRIORITY_REVIEW","PRESERVE_LEGACY_EVIDENCE","IGNORED_RUNTIME_OR_GENERATED_EVIDENCE","Local ignored/runtime evidence is preserved for lineage and empirical review but is not promoted to production authority.","False","False","False","False","False","19d172d666afdb54afd1c6e76a4b82af84548c51adc80c5965b3cdadf13c2f2d"
"data/terminal2/secret_lair_discovery_raw/official/SLD20260728T112915516235.html","SOURCE_ACQUISITION","False","True","False","NOT_IN_OPENING_INVENTORY","HIGH_PRIORITY_REVIEW","PRESERVE_LEGACY_EVIDENCE","IGNORED_RUNTIME_OR_GENERATED_EVIDENCE","Local ignored/runtime evidence is preserved for lineage and empirical review but is not promoted to production authority.","False","False","False","False","False","19d172d666afdb54afd1c6e76a4b82af84548c51adc80c5965b3cdadf13c2f2d"
"data/terminal2/secret_lair_discovery_raw/official/SLD20260728T114747757454.html","SOURCE_ACQUISITION","False","True","False","NOT_IN_OPENING_INVENTORY","HIGH_PRIORITY_REVIEW","PRESERVE_LEGACY_EVIDENCE","IGNORED_RUNTIME_OR_GENERATED_EVIDENCE","Local ignored/runtime evidence is preserved for lineage and empirical review but is not promoted to production authority.","False","False","False","False","False","19d172d666afdb54afd1c6e76a4b82af84548c51adc80c5965b3cdadf13c2f2d"
"data/terminal2/secret_lair_discovery_raw/official/SLD20260728T115233431718.html","SOURCE_ACQUISITION","False","True","False","NOT_IN_OPENING_INVENTORY","HIGH_PRIORITY_REVIEW","PRESERVE_LEGACY_EVIDENCE","IGNORED_RUNTIME_OR_GENERATED_EVIDENCE","Local ignored/runtime evidence is preserved for lineage and empirical review but is not promoted to production authority.","False","False","False","False","False","19d172d666afdb54afd1c6e76a4b82af84548c51adc80c5965b3cdadf13c2f2d"
"data/terminal2/secret_lair_discovery_raw/official/SLD20260728T115745142389.html","SOURCE_ACQUISITION","False","True","False","NOT_IN_OPENING_INVENTORY","HIGH_PRIORITY_REVIEW","PRESERVE_LEGACY_EVIDENCE","IGNORED_RUNTIME_OR_GENERATED_EVIDENCE","Local ignored/runtime evidence is preserved for lineage and empirical review but is not promoted to production authority.","False","False","False","False","False","19d172d666afdb54afd1c6e76a4b82af84548c51adc80c5965b3cdadf13c2f2d"
"data/terminal2/secret_lair_discovery_raw/official/SLD20260728T120315083732.html","SOURCE_ACQUISITION","False","True","False","NOT_IN_OPENING_INVENTORY","HIGH_PRIORITY_REVIEW","PRESERVE_LEGACY_EVIDENCE","IGNORED_RUNTIME_OR_GENERATED_EVIDENCE","Local ignored/runtime evidence is preserved for lineage and empirical review but is not promoted to production authority.","False","False","False","False","False","19d172d666afdb54afd1c6e76a4b82af84548c51adc80c5965b3cdadf13c2f2d"
"data/terminal2/secret_lair_discovery_raw/official/SLD20260728T121651471024.html","SOURCE_ACQUISITION","False","True","False","NOT_IN_OPENING_INVENTORY","HIGH_PRIORITY_REVIEW","PRESERVE_LEGACY_EVIDENCE","IGNORED_RUNTIME_OR_GENERATED_EVIDENCE","Local ignored/runtime evidence is preserved for lineage and empirical review but is not promoted to production authority.","False","False","False","False","False","19d172d666afdb54afd1c6e76a4b82af84548c51adc80c5965b3cdadf13c2f2d"
"data/terminal2/secret_lair_discovery_raw/official/SLD20260728T122648362185.html","SOURCE_ACQUISITION","False","True","False","NOT_IN_OPENING_INVENTORY","HIGH_PRIORITY_REVIEW","PRESERVE_LEGACY_EVIDENCE","IGNORED_RUNTIME_OR_GENERATED_EVIDENCE","Local ignored/runtime evidence is preserved for lineage and empirical review but is not promoted to production authority.","False","False","False","False","False","19d172d666afdb54afd1c6e76a4b82af84548c51adc80c5965b3cdadf13c2f2d"
"data/terminal2/secret_lair_discovery_raw/official/SLD20260728T124138976403.html","SOURCE_ACQUISITION","False","True","False","NOT_IN_OPENING_INVENTORY","HIGH_PRIORITY_REVIEW","PRESERVE_LEGACY_EVIDENCE","IGNORED_RUNTIME_OR_GENERATED_EVIDENCE","Local ignored/runtime evidence is preserved for lineage and empirical review but is not promoted to production authority.","False","False","False","False","False","19d172d666afdb54afd1c6e76a4b82af84548c51adc80c5965b3cdadf13c2f2d"
"data/terminal2/secret_lair_discovery_raw/official/SLD20260728T125314462560.html","SOURCE_ACQUISITION","False","True","False","NOT_IN_OPENING_INVENTORY","HIGH_PRIORITY_REVIEW","PRESERVE_LEGACY_EVIDENCE","IGNORED_RUNTIME_OR_GENERATED_EVIDENCE","Local ignored/runtime evidence is preserved for lineage and empirical review but is not promoted to production authority.","False","False","False","False","False","19d172d666afdb54afd1c6e76a4b82af84548c51adc80c5965b3cdadf13c2f2d"
"data/terminal2/secret_lair_discovery_raw/official/SLD20260728T125526826381.html","SOURCE_ACQUISITION","False","True","False","NOT_IN_OPENING_INVENTORY","HIGH_PRIORITY_REVIEW","PRESERVE_LEGACY_EVIDENCE","IGNORED_RUNTIME_OR_GENERATED_EVIDENCE","Local ignored/runtime evidence is preserved for lineage and empirical review but is not promoted to production authority.","False","False","False","False","False","19d172d666afdb54afd1c6e76a4b82af84548c51adc80c5965b3cdadf13c2f2d"
"data/terminal2/secret_lair_discovery_raw/official/SLD20260728T130056840462.html","SOURCE_ACQUISITION","False","True","False","NOT_IN_OPENING_INVENTORY","HIGH_PRIORITY_REVIEW","PRESERVE_LEGACY_EVIDENCE","IGNORED_RUNTIME_OR_GENERATED_EVIDENCE","Local ignored/runtime evidence is preserved for lineage and empirical review but is not promoted to production authority.","False","False","False","False","False","19d172d666afdb54afd1c6e76a4b82af84548c51adc80c5965b3cdadf13c2f2d"
"data/terminal2/secret_lair_discovery_raw/official/SLD20260728T131245556723.html","SOURCE_ACQUISITION","False","True","False","NOT_IN_OPENING_INVENTORY","HIGH_PRIORITY_REVIEW","PRESERVE_LEGACY_EVIDENCE","IGNORED_RUNTIME_OR_GENERATED_EVIDENCE","Local ignored/runtime evidence is preserved for lineage and empirical review but is not promoted to production authority.","False","False","False","False","False","19d172d666afdb54afd1c6e76a4b82af84548c51adc80c5965b3cdadf13c2f2d"
"data/terminal2/secret_lair_discovery_raw/official/SLD20260728T131842083529.html","SOURCE_ACQUISITION","False","True","False","NOT_IN_OPENING_INVENTORY","HIGH_PRIORITY_REVIEW","PRESERVE_LEGACY_EVIDENCE","IGNORED_RUNTIME_OR_GENERATED_EVIDENCE","Local ignored/runtime evidence is preserved for lineage and empirical review but is not promoted to production authority.","False","False","False","False","False","19d172d666afdb54afd1c6e76a4b82af84548c51adc80c5965b3cdadf13c2f2d"
"data/terminal2/secret_lair_discovery_raw/official/SLD20260728T134102457110.html","SOURCE_ACQUISITION","False","True","False","NOT_IN_OPENING_INVENTORY","HIGH_PRIORITY_REVIEW","PRESERVE_LEGACY_EVIDENCE","IGNORED_RUNTIME_OR_GENERATED_EVIDENCE","Local ignored/runtime evidence is preserved for lineage and empirical review but is not promoted to production authority.","False","False","False","False","False","19d172d666afdb54afd1c6e76a4b82af84548c51adc80c5965b3cdadf13c2f2d"
"data/terminal2/secret_lair_discovery_raw/official/SLD20260728T134432768373.html","SOURCE_ACQUISITION","False","True","False","NOT_IN_OPENING_INVENTORY","HIGH_PRIORITY_REVIEW","PRESERVE_LEGACY_EVIDENCE","IGNORED_RUNTIME_OR_GENERATED_EVIDENCE","Local ignored/runtime evidence is preserved for lineage and empirical review but is not promoted to production authority.","False","False","False","False","False","19d172d666afdb54afd1c6e76a4b82af84548c51adc80c5965b3cdadf13c2f2d"
"data/terminal2/secret_lair_discovery_raw/official/SLD20260728T135656773267.html","SOURCE_ACQUISITION","False","True","False","NOT_IN_OPENING_INVENTORY","HIGH_PRIORITY_REVIEW","PRESERVE_LEGACY_EVIDENCE","IGNORED_RUNTIME_OR_GENERATED_EVIDENCE","Local ignored/runtime evidence is preserved for lineage and empirical review but is not promoted to production authority.","False","False","False","False","False","19d172d666afdb54afd1c6e76a4b82af84548c51adc80c5965b3cdadf13c2f2d"
"data/terminal2/secret_lair_discovery_raw/official/SLD20260728T225859909248.html","SOURCE_ACQUISITION","False","True","False","NOT_IN_OPENING_INVENTORY","HIGH_PRIORITY_REVIEW","PRESERVE_LEGACY_EVIDENCE","IGNORED_RUNTIME_OR_GENERATED_EVIDENCE","Local ignored/runtime evidence is preserved for lineage and empirical review but is not promoted to production authority.","False","False","False","False","False","19d172d666afdb54afd1c6e76a4b82af84548c51adc80c5965b3cdadf13c2f2d"
"data/terminal2/secret_lair_discovery_raw/official/SLD20260731T181130947884.html","SOURCE_ACQUISITION","False","True","False","NOT_IN_OPENING_INVENTORY","HIGH_PRIORITY_REVIEW","PRESERVE_LEGACY_EVIDENCE","IGNORED_RUNTIME_OR_GENERATED_EVIDENCE","Local ignored/runtime evidence is preserved for lineage and empirical review but is not promoted to production authority.","False","False","False","False","False","19d172d666afdb54afd1c6e76a4b82af84548c51adc80c5965b3cdadf13c2f2d"
"data/terminal2/secret_lair_discovery_raw/official/SLD20260731T181723770204.html","SOURCE_ACQUISITION","False","True","False","NOT_IN_OPENING_INVENTORY","HIGH_PRIORITY_REVIEW","PRESERVE_LEGACY_EVIDENCE","IGNORED_RUNTIME_OR_GENERATED_EVIDENCE","Local ignored/runtime evidence is preserved for lineage and empirical review but is not promoted to production authority.","False","False","False","False","False","19d172d666afdb54afd1c6e76a4b82af84548c51adc80c5965b3cdadf13c2f2d"
"data/terminal2/secret_lair_discovery_raw/official/SLD20260731T182338647547.html","SOURCE_ACQUISITION","False","True","False","NOT_IN_OPENING_INVENTORY","HIGH_PRIORITY_REVIEW","PRESERVE_LEGACY_EVIDENCE","IGNORED_RUNTIME_OR_GENERATED_EVIDENCE","Local ignored/runtime evidence is preserved for lineage and empirical review but is not promoted to production authority.","False","False","False","False","False","19d172d666afdb54afd1c6e76a4b82af84548c51adc80c5965b3cdadf13c2f2d"
"data/terminal2/secret_lair_discovery_raw/official/SLD20260731T182412609347.html","SOURCE_ACQUISITION","False","True","False","NOT_IN_OPENING_INVENTORY","HIGH_PRIORITY_REVIEW","PRESERVE_LEGACY_EVIDENCE","IGNORED_RUNTIME_OR_GENERATED_EVIDENCE","Local ignored/runtime evidence is preserved for lineage and empirical review but is not promoted to production authority.","False","False","False","False","False","19d172d666afdb54afd1c6e76a4b82af84548c51adc80c5965b3cdadf13c2f2d"
"data/terminal2/secret_lair_discovery_raw/official/SLD20260731T183243124142.html","SOURCE_ACQUISITION","False","True","False","NOT_IN_OPENING_INVENTORY","HIGH_PRIORITY_REVIEW","PRESERVE_LEGACY_EVIDENCE","IGNORED_RUNTIME_OR_GENERATED_EVIDENCE","Local ignored/runtime evidence is preserved for lineage and empirical review but is not promoted to production authority.","False","False","False","False","False","19d172d666afdb54afd1c6e76a4b82af84548c51adc80c5965b3cdadf13c2f2d"
"data/terminal2/secret_lair_discovery_raw/official/SLD20260731T183713014354.html","SOURCE_ACQUISITION","False","True","False","NOT_IN_OPENING_INVENTORY","HIGH_PRIORITY_REVIEW","PRESERVE_LEGACY_EVIDENCE","IGNORED_RUNTIME_OR_GENERATED_EVIDENCE","Local ignored/runtime evidence is preserved for lineage and empirical review but is not promoted to production authority.","False","False","False","False","False","19d172d666afdb54afd1c6e76a4b82af84548c51adc80c5965b3cdadf13c2f2d"
"data/terminal2/secret_lair_discovery_raw/official/SLD20260731T185511401334.html","SOURCE_ACQUISITION","False","True","False","NOT_IN_OPENING_INVENTORY","HIGH_PRIORITY_REVIEW","PRESERVE_LEGACY_EVIDENCE","IGNORED_RUNTIME_OR_GENERATED_EVIDENCE","Local ignored/runtime evidence is preserved for lineage and empirical review but is not promoted to production authority.","False","False","False","False","False","19d172d666afdb54afd1c6e76a4b82af84548c51adc80c5965b3cdadf13c2f2d"
"data/terminal2/secret_lair_discovery_raw/official/SLD20260731T191138961994.html","SOURCE_ACQUISITION","False","True","False","NOT_IN_OPENING_INVENTORY","HIGH_PRIORITY_REVIEW","PRESERVE_LEGACY_EVIDENCE","IGNORED_RUNTIME_OR_GENERATED_EVIDENCE","Local ignored/runtime evidence is preserved for lineage and empirical review but is not promoted to production authority.","False","False","False","False","False","19d172d666afdb54afd1c6e76a4b82af84548c51adc80c5965b3cdadf13c2f2d"
"data/terminal2/secret_lair_discovery_raw/official/SLD20260731T191820196773.html","SOURCE_ACQUISITION","False","True","False","NOT_IN_OPENING_INVENTORY","HIGH_PRIORITY_REVIEW","PRESERVE_LEGACY_EVIDENCE","IGNORED_RUNTIME_OR_GENERATED_EVIDENCE","Local ignored/runtime evidence is preserved for lineage and empirical review but is not promoted to production authority.","False","False","False","False","False","19d172d666afdb54afd1c6e76a4b82af84548c51adc80c5965b3cdadf13c2f2d"
"data/terminal2/secret_lair_discovery_raw/official/SLD20260731T192557502726.html","SOURCE_ACQUISITION","False","True","False","NOT_IN_OPENING_INVENTORY","HIGH_PRIORITY_REVIEW","PRESERVE_LEGACY_EVIDENCE","IGNORED_RUNTIME_OR_GENERATED_EVIDENCE","Local ignored/runtime evidence is preserved for lineage and empirical review but is not promoted to production authority.","False","False","False","False","False","19d172d666afdb54afd1c6e76a4b82af84548c51adc80c5965b3cdadf13c2f2d"
"data/terminal2/secret_lair_discovery_raw/official/SLD20260731T193905737048.html","SOURCE_ACQUISITION","False","True","False","NOT_IN_OPENING_INVENTORY","HIGH_PRIORITY_REVIEW","PRESERVE_LEGACY_EVIDENCE","IGNORED_RUNTIME_OR_GENERATED_EVIDENCE","Local ignored/runtime evidence is preserved for lineage and empirical review but is not promoted to production authority.","False","False","False","False","False","19d172d666afdb54afd1c6e76a4b82af84548c51adc80c5965b3cdadf13c2f2d"
"data/terminal2/secret_lair_discovery_raw/official/SLD20260731T195804801404.html","SOURCE_ACQUISITION","False","True","False","NOT_IN_OPENING_INVENTORY","HIGH_PRIORITY_REVIEW","PRESERVE_LEGACY_EVIDENCE","IGNORED_RUNTIME_OR_GENERATED_EVIDENCE","Local ignored/runtime evidence is preserved for lineage and empirical review but is not promoted to production authority.","False","False","False","False","False","19d172d666afdb54afd1c6e76a4b82af84548c51adc80c5965b3cdadf13c2f2d"
"data/terminal2/secret_lair_discovery_raw/official/SLD20260731T203311332397.html","SOURCE_ACQUISITION","False","True","False","NOT_IN_OPENING_INVENTORY","HIGH_PRIORITY_REVIEW","PRESERVE_LEGACY_EVIDENCE","IGNORED_RUNTIME_OR_GENERATED_EVIDENCE","Local ignored/runtime evidence is preserved for lineage and empirical review but is not promoted to production authority.","False","False","False","False","False","19d172d666afdb54afd1c6e76a4b82af84548c51adc80c5965b3cdadf13c2f2d"
"data/terminal2/secret_lair_discovery_raw/official/SLD20260731T203454895788.html","SOURCE_ACQUISITION","False","True","False","NOT_IN_OPENING_INVENTORY","HIGH_PRIORITY_REVIEW","PRESERVE_LEGACY_EVIDENCE","IGNORED_RUNTIME_OR_GENERATED_EVIDENCE","Local ignored/runtime evidence is preserved for lineage and empirical review but is not promoted to production authority.","False","False","False","False","False","19d172d666afdb54afd1c6e76a4b82af84548c51adc80c5965b3cdadf13c2f2d"
"data/terminal2/secret_lair_discovery_raw/official/SLD20260731T210622688442.html","SOURCE_ACQUISITION","False","True","False","NOT_IN_OPENING_INVENTORY","HIGH_PRIORITY_REVIEW","PRESERVE_LEGACY_EVIDENCE","IGNORED_RUNTIME_OR_GENERATED_EVIDENCE","Local ignored/runtime evidence is preserved for lineage and empirical review but is not promoted to production authority.","False","False","False","False","False","19d172d666afdb54afd1c6e76a4b82af84548c51adc80c5965b3cdadf13c2f2d"
"data/terminal2/secret_lair_discovery_raw/official/SLD20260731T212141669544.html","SOURCE_ACQUISITION","False","True","False","NOT_IN_OPENING_INVENTORY","HIGH_PRIORITY_REVIEW","PRESERVE_LEGACY_EVIDENCE","IGNORED_RUNTIME_OR_GENERATED_EVIDENCE","Local ignored/runtime evidence is preserved for lineage and empirical review but is not promoted to production authority.","False","False","False","False","False","19d172d666afdb54afd1c6e76a4b82af84548c51adc80c5965b3cdadf13c2f2d"
"data/terminal2/secret_lair_discovery_raw/official/SLD20260803T015308543175.html","SOURCE_ACQUISITION","False","True","False","NOT_IN_OPENING_INVENTORY","HIGH_PRIORITY_REVIEW","PRESERVE_LEGACY_EVIDENCE","IGNORED_RUNTIME_OR_GENERATED_EVIDENCE","Local ignored/runtime evidence is preserved for lineage and empirical review but is not promoted to production authority.","False","False","False","False","False","19d172d666afdb54afd1c6e76a4b82af84548c51adc80c5965b3cdadf13c2f2d"
"data/terminal2/secret_lair_discovery_raw/official/SLD20260803T120410534968.html","SOURCE_ACQUISITION","False","True","False","NOT_IN_OPENING_INVENTORY","HIGH_PRIORITY_REVIEW","PRESERVE_LEGACY_EVIDENCE","IGNORED_RUNTIME_OR_GENERATED_EVIDENCE","Local ignored/runtime evidence is preserved for lineage and empirical review but is not promoted to production authority.","False","False","False","False","False","19d172d666afdb54afd1c6e76a4b82af84548c51adc80c5965b3cdadf13c2f2d"
"data/terminal2/secret_lair_discovery_raw/official/SLD20260803T122610110057.html","SOURCE_ACQUISITION","False","True","False","NOT_IN_OPENING_INVENTORY","HIGH_PRIORITY_REVIEW","PRESERVE_LEGACY_EVIDENCE","IGNORED_RUNTIME_OR_GENERATED_EVIDENCE","Local ignored/runtime evidence is preserved for lineage and empirical review but is not promoted to production authority.","False","False","False","False","False","19d172d666afdb54afd1c6e76a4b82af84548c51adc80c5965b3cdadf13c2f2d"
"data/terminal2/secret_lair_discovery_raw/official/SLD20260803T125746216643.html","SOURCE_ACQUISITION","False","True","False","NOT_IN_OPENING_INVENTORY","HIGH_PRIORITY_REVIEW","PRESERVE_LEGACY_EVIDENCE","IGNORED_RUNTIME_OR_GENERATED_EVIDENCE","Local ignored/runtime evidence is preserved for lineage and empirical review but is not promoted to production authority.","False","False","False","False","False","19d172d666afdb54afd1c6e76a4b82af84548c51adc80c5965b3cdadf13c2f2d"
"data/terminal2/secret_lair_discovery_raw/official/SLD20260803T141455136668.html","SOURCE_ACQUISITION","False","True","False","NOT_IN_OPENING_INVENTORY","HIGH_PRIORITY_REVIEW","PRESERVE_LEGACY_EVIDENCE","IGNORED_RUNTIME_OR_GENERATED_EVIDENCE","Local ignored/runtime evidence is preserved for lineage and empirical review but is not promoted to production authority.","False","False","False","False","False","19d172d666afdb54afd1c6e76a4b82af84548c51adc80c5965b3cdadf13c2f2d"
"data/terminal2/secret_lair_discovery_raw/official/SLD20260803T154408186997.html","SOURCE_ACQUISITION","False","True","False","NOT_IN_OPENING_INVENTORY","HIGH_PRIORITY_REVIEW","PRESERVE_LEGACY_EVIDENCE","IGNORED_RUNTIME_OR_GENERATED_EVIDENCE","Local ignored/runtime evidence is preserved for lineage and empirical review but is not promoted to production authority.","False","False","False","False","False","19d172d666afdb54afd1c6e76a4b82af84548c51adc80c5965b3cdadf13c2f2d"
"data/terminal2/secret_lair_discovery_raw/official/SLD20260803T160711257485.html","SOURCE_ACQUISITION","False","True","False","NOT_IN_OPENING_INVENTORY","HIGH_PRIORITY_REVIEW","PRESERVE_LEGACY_EVIDENCE","IGNORED_RUNTIME_OR_GENERATED_EVIDENCE","Local ignored/runtime evidence is preserved for lineage and empirical review but is not promoted to production authority.","False","False","False","False","False","19d172d666afdb54afd1c6e76a4b82af84548c51adc80c5965b3cdadf13c2f2d"
"data/terminal2/secret_lair_discovery_raw/official/SLD20260803T162027995600.html","SOURCE_ACQUISITION","False","True","False","NOT_IN_OPENING_INVENTORY","HIGH_PRIORITY_REVIEW","PRESERVE_LEGACY_EVIDENCE","IGNORED_RUNTIME_OR_GENERATED_EVIDENCE","Local ignored/runtime evidence is preserved for lineage and empirical review but is not promoted to production authority.","False","False","False","False","False","19d172d666afdb54afd1c6e76a4b82af84548c51adc80c5965b3cdadf13c2f2d"
"data/terminal2/secret_lair_discovery_raw/official/SLD20260803T163407606652.html","SOURCE_ACQUISITION","False","True","False","NOT_IN_OPENING_INVENTORY","HIGH_PRIORITY_REVIEW","PRESERVE_LEGACY_EVIDENCE","IGNORED_RUNTIME_OR_GENERATED_EVIDENCE","Local ignored/runtime evidence is preserved for lineage and empirical review but is not promoted to production authority.","False","False","False","False","False","19d172d666afdb54afd1c6e76a4b82af84548c51adc80c5965b3cdadf13c2f2d"
"data/terminal2/secret_lair_discovery_raw/official/SLD20260803T164438677361.html","SOURCE_ACQUISITION","False","True","False","NOT_IN_OPENING_INVENTORY","HIGH_PRIORITY_REVIEW","PRESERVE_LEGACY_EVIDENCE","IGNORED_RUNTIME_OR_GENERATED_EVIDENCE","Local ignored/runtime evidence is preserved for lineage and empirical review but is not promoted to production authority.","False","False","False","False","False","19d172d666afdb54afd1c6e76a4b82af84548c51adc80c5965b3cdadf13c2f2d"
"data/terminal2/secret_lair_discovery_raw/official/SLD20260803T171835616740.html","SOURCE_ACQUISITION","False","True","False","NOT_IN_OPENING_INVENTORY","HIGH_PRIORITY_REVIEW","PRESERVE_LEGACY_EVIDENCE","IGNORED_RUNTIME_OR_GENERATED_EVIDENCE","Local ignored/runtime evidence is preserved for lineage and empirical review but is not promoted to production authority.","False","False","False","False","False","19d172d666afdb54afd1c6e76a4b82af84548c51adc80c5965b3cdadf13c2f2d"
"data/terminal2/secret_lair_discovery_raw/official/SLD20260803T174849072381.html","SOURCE_ACQUISITION","False","True","False","NOT_IN_OPENING_INVENTORY","HIGH_PRIORITY_REVIEW","PRESERVE_LEGACY_EVIDENCE","IGNORED_RUNTIME_OR_GENERATED_EVIDENCE","Local ignored/runtime evidence is preserved for lineage and empirical review but is not promoted to production authority.","False","False","False","False","False","19d172d666afdb54afd1c6e76a4b82af84548c51adc80c5965b3cdadf13c2f2d"
"data/terminal2/secret_lair_discovery_raw/official/SLD20260803T180324807866.html","SOURCE_ACQUISITION","False","True","False","NOT_IN_OPENING_INVENTORY","HIGH_PRIORITY_REVIEW","PRESERVE_LEGACY_EVIDENCE","IGNORED_RUNTIME_OR_GENERATED_EVIDENCE","Local ignored/runtime evidence is preserved for lineage and empirical review but is not promoted to production authority.","False","False","False","False","False","19d172d666afdb54afd1c6e76a4b82af84548c51adc80c5965b3cdadf13c2f2d"
"data/terminal2/secret_lair_discovery_raw/official/SLD20260803T192716885686.html","SOURCE_ACQUISITION","False","True","False","NOT_IN_OPENING_INVENTORY","HIGH_PRIORITY_REVIEW","PRESERVE_LEGACY_EVIDENCE","IGNORED_RUNTIME_OR_GENERATED_EVIDENCE","Local ignored/runtime evidence is preserved for lineage and empirical review but is not promoted to production authority.","False","False","False","False","False","19d172d666afdb54afd1c6e76a4b82af84548c51adc80c5965b3cdadf13c2f2d"
"data/terminal2/secret_lair_discovery_raw/official/SLD20260803T204526855085.html","SOURCE_ACQUISITION","False","True","False","NOT_IN_OPENING_INVENTORY","HIGH_PRIORITY_REVIEW","PRESERVE_LEGACY_EVIDENCE","IGNORED_RUNTIME_OR_GENERATED_EVIDENCE","Local ignored/runtime evidence is preserved for lineage and empirical review but is not promoted to production authority.","False","False","False","False","False","19d172d666afdb54afd1c6e76a4b82af84548c51adc80c5965b3cdadf13c2f2d"
"data/terminal2/secret_lair_discovery_raw/official/SLD20260803T210843253868.html","SOURCE_ACQUISITION","False","True","False","NOT_IN_OPENING_INVENTORY","HIGH_PRIORITY_REVIEW","PRESERVE_LEGACY_EVIDENCE","IGNORED_RUNTIME_OR_GENERATED_EVIDENCE","Local ignored/runtime evidence is preserved for lineage and empirical review but is not promoted to production authority.","False","False","False","False","False","19d172d666afdb54afd1c6e76a4b82af84548c51adc80c5965b3cdadf13c2f2d"
"data/terminal2/secret_lair_discovery_raw/official/SLD20260803T215356397123.html","SOURCE_ACQUISITION","False","True","False","NOT_IN_OPENING_INVENTORY","HIGH_PRIORITY_REVIEW","PRESERVE_LEGACY_EVIDENCE","IGNORED_RUNTIME_OR_GENERATED_EVIDENCE","Local ignored/runtime evidence is preserved for lineage and empirical review but is not promoted to production authority.","False","False","False","False","False","19d172d666afdb54afd1c6e76a4b82af84548c51adc80c5965b3cdadf13c2f2d"
"data/terminal2/secret_lair_discovery_raw/official/SLD20260803T221805828533.html","SOURCE_ACQUISITION","False","True","False","NOT_IN_OPENING_INVENTORY","HIGH_PRIORITY_REVIEW","PRESERVE_LEGACY_EVIDENCE","IGNORED_RUNTIME_OR_GENERATED_EVIDENCE","Local ignored/runtime evidence is preserved for lineage and empirical review but is not promoted to production authority.","False","False","False","False","False","19d172d666afdb54afd1c6e76a4b82af84548c51adc80c5965b3cdadf13c2f2d"
"data/terminal2/secret_lair_discovery_raw/official/SLD20260803T232609398435.html","SOURCE_ACQUISITION","False","True","False","NOT_IN_OPENING_INVENTORY","HIGH_PRIORITY_REVIEW","PRESERVE_LEGACY_EVIDENCE","IGNORED_RUNTIME_OR_GENERATED_EVIDENCE","Local ignored/runtime evidence is preserved for lineage and empirical review but is not promoted to production authority.","False","False","False","False","False","19d172d666afdb54afd1c6e76a4b82af84548c51adc80c5965b3cdadf13c2f2d"
"data/terminal2/secret_lair_discovery_raw/official/SLD20260804T020927954363.html","SOURCE_ACQUISITION","False","True","False","NOT_IN_OPENING_INVENTORY","HIGH_PRIORITY_REVIEW","PRESERVE_LEGACY_EVIDENCE","IGNORED_RUNTIME_OR_GENERATED_EVIDENCE","Local ignored/runtime evidence is preserved for lineage and empirical review but is not promoted to production authority.","False","False","False","False","False","19d172d666afdb54afd1c6e76a4b82af84548c51adc80c5965b3cdadf13c2f2d"
"data/terminal2/secret_lair_discovery_raw/official/SLD20260804T025437990728.html","SOURCE_ACQUISITION","False","True","False","NOT_IN_OPENING_INVENTORY","HIGH_PRIORITY_REVIEW","PRESERVE_LEGACY_EVIDENCE","IGNORED_RUNTIME_OR_GENERATED_EVIDENCE","Local ignored/runtime evidence is preserved for lineage and empirical review but is not promoted to production authority.","False","False","False","False","False","19d172d666afdb54afd1c6e76a4b82af84548c51adc80c5965b3cdadf13c2f2d"
"data/terminal2/secret_lair_discovery_raw/official/SLD20260804T031801609950.html","SOURCE_ACQUISITION","False","True","False","NOT_IN_OPENING_INVENTORY","HIGH_PRIORITY_REVIEW","PRESERVE_LEGACY_EVIDENCE","IGNORED_RUNTIME_OR_GENERATED_EVIDENCE","Local ignored/runtime evidence is preserved for lineage and empirical review but is not promoted to production authority.","False","False","False","False","False","19d172d666afdb54afd1c6e76a4b82af84548c51adc80c5965b3cdadf13c2f2d"
"data/terminal2/secret_lair_discovery_raw/official/SLD20260804T034235644796.html","SOURCE_ACQUISITION","False","True","False","NOT_IN_OPENING_INVENTORY","HIGH_PRIORITY_REVIEW","PRESERVE_LEGACY_EVIDENCE","IGNORED_RUNTIME_OR_GENERATED_EVIDENCE","Local ignored/runtime evidence is preserved for lineage and empirical review but is not promoted to production authority.","False","False","False","False","False","19d172d666afdb54afd1c6e76a4b82af84548c51adc80c5965b3cdadf13c2f2d"
"data/terminal2/secret_lair_discovery_raw/official/SLD20260804T040002698710.html","SOURCE_ACQUISITION","False","True","False","NOT_IN_OPENING_INVENTORY","HIGH_PRIORITY_REVIEW","PRESERVE_LEGACY_EVIDENCE","IGNORED_RUNTIME_OR_GENERATED_EVIDENCE","Local ignored/runtime evidence is preserved for lineage and empirical review but is not promoted to production authority.","False","False","False","False","False","19d172d666afdb54afd1c6e76a4b82af84548c51adc80c5965b3cdadf13c2f2d"
"data/terminal2/secret_lair_discovery_raw/official/SLD20260804T120807121861.html","SOURCE_ACQUISITION","False","True","False","NOT_IN_OPENING_INVENTORY","HIGH_PRIORITY_REVIEW","PRESERVE_LEGACY_EVIDENCE","IGNORED_RUNTIME_OR_GENERATED_EVIDENCE","Local ignored/runtime evidence is preserved for lineage and empirical review but is not promoted to production authority.","False","False","False","False","False","19d172d666afdb54afd1c6e76a4b82af84548c51adc80c5965b3cdadf13c2f2d"
"data/terminal2/secret_lair_discovery_raw/official/SLD20260804T123457265953.html","SOURCE_ACQUISITION","False","True","False","NOT_IN_OPENING_INVENTORY","HIGH_PRIORITY_REVIEW","PRESERVE_LEGACY_EVIDENCE","IGNORED_RUNTIME_OR_GENERATED_EVIDENCE","Local ignored/runtime evidence is preserved for lineage and empirical review but is not promoted to production authority.","False","False","False","False","False","19d172d666afdb54afd1c6e76a4b82af84548c51adc80c5965b3cdadf13c2f2d"
"data/terminal2/secret_lair_discovery_raw/official/SLD20260804T151811423813.html","SOURCE_ACQUISITION","False","True","False","NOT_IN_OPENING_INVENTORY","HIGH_PRIORITY_REVIEW","PRESERVE_LEGACY_EVIDENCE","IGNORED_RUNTIME_OR_GENERATED_EVIDENCE","Local ignored/runtime evidence is preserved for lineage and empirical review but is not promoted to production authority.","False","False","False","False","False","19d172d666afdb54afd1c6e76a4b82af84548c51adc80c5965b3cdadf13c2f2d"
"data/terminal2/secret_lair_discovery_raw/official/SLD20260804T164627313070.html","SOURCE_ACQUISITION","False","True","False","NOT_IN_OPENING_INVENTORY","HIGH_PRIORITY_REVIEW","PRESERVE_LEGACY_EVIDENCE","IGNORED_RUNTIME_OR_GENERATED_EVIDENCE","Local ignored/runtime evidence is preserved for lineage and empirical review but is not promoted to production authority.","False","False","False","False","False","19d172d666afdb54afd1c6e76a4b82af84548c51adc80c5965b3cdadf13c2f2d"
"data/terminal2/secret_lair_discovery_raw/official/SLD20260804T185934039279.html","SOURCE_ACQUISITION","False","True","False","NOT_IN_OPENING_INVENTORY","HIGH_PRIORITY_REVIEW","PRESERVE_LEGACY_EVIDENCE","IGNORED_RUNTIME_OR_GENERATED_EVIDENCE","Local ignored/runtime evidence is preserved for lineage and empirical review but is not promoted to production authority.","False","False","False","False","False","19d172d666afdb54afd1c6e76a4b82af84548c51adc80c5965b3cdadf13c2f2d"
"data/terminal2/secret_lair_discovery_raw/official/SLD20260804T200951395125.html","SOURCE_ACQUISITION","False","True","False","NOT_IN_OPENING_INVENTORY","HIGH_PRIORITY_REVIEW","PRESERVE_LEGACY_EVIDENCE","IGNORED_RUNTIME_OR_GENERATED_EVIDENCE","Local ignored/runtime evidence is preserved for lineage and empirical review but is not promoted to production authority.","False","False","False","False","False","19d172d666afdb54afd1c6e76a4b82af84548c51adc80c5965b3cdadf13c2f2d"
"data/terminal2/secret_lair_discovery_raw/official/SLD20260804T202630018112.html","SOURCE_ACQUISITION","False","True","False","NOT_IN_OPENING_INVENTORY","HIGH_PRIORITY_REVIEW","PRESERVE_LEGACY_EVIDENCE","IGNORED_RUNTIME_OR_GENERATED_EVIDENCE","Local ignored/runtime evidence is preserved for lineage and empirical review but is not promoted to production authority.","False","False","False","False","False","19d172d666afdb54afd1c6e76a4b82af84548c51adc80c5965b3cdadf13c2f2d"
"data/terminal2/secret_lair_discovery_raw/official/SLD20260804T203836358519.html","SOURCE_ACQUISITION","False","True","False","NOT_IN_OPENING_INVENTORY","HIGH_PRIORITY_REVIEW","PRESERVE_LEGACY_EVIDENCE","IGNORED_RUNTIME_OR_GENERATED_EVIDENCE","Local ignored/runtime evidence is preserved for lineage and empirical review but is not promoted to production authority.","False","False","False","False","False","19d172d666afdb54afd1c6e76a4b82af84548c51adc80c5965b3cdadf13c2f2d"
"data/terminal2/secret_lair_discovery_raw/official/SLD20260804T212500920935.html","SOURCE_ACQUISITION","False","True","False","NOT_IN_OPENING_INVENTORY","HIGH_PRIORITY_REVIEW","PRESERVE_LEGACY_EVIDENCE","IGNORED_RUNTIME_OR_GENERATED_EVIDENCE","Local ignored/runtime evidence is preserved for lineage and empirical review but is not promoted to production authority.","False","False","False","False","False","19d172d666afdb54afd1c6e76a4b82af84548c51adc80c5965b3cdadf13c2f2d"
"data/terminal2/secret_lair_discovery_raw/official/SLD20260804T221232844751.html","SOURCE_ACQUISITION","False","True","False","NOT_IN_OPENING_INVENTORY","HIGH_PRIORITY_REVIEW","PRESERVE_LEGACY_EVIDENCE","IGNORED_RUNTIME_OR_GENERATED_EVIDENCE","Local ignored/runtime evidence is preserved for lineage and empirical review but is not promoted to production authority.","False","False","False","False","False","19d172d666afdb54afd1c6e76a4b82af84548c51adc80c5965b3cdadf13c2f2d"
"data/terminal2/secret_lair_discovery_raw/official/SLD20260804T221917312728.html","SOURCE_ACQUISITION","False","True","False","NOT_IN_OPENING_INVENTORY","HIGH_PRIORITY_REVIEW","PRESERVE_LEGACY_EVIDENCE","IGNORED_RUNTIME_OR_GENERATED_EVIDENCE","Local ignored/runtime evidence is preserved for lineage and empirical review but is not promoted to production authority.","False","False","False","False","False","19d172d666afdb54afd1c6e76a4b82af84548c51adc80c5965b3cdadf13c2f2d"
"data/terminal2/secret_lair_discovery_raw/official/SLD20260804T222826092364.html","SOURCE_ACQUISITION","False","True","False","NOT_IN_OPENING_INVENTORY","HIGH_PRIORITY_REVIEW","PRESERVE_LEGACY_EVIDENCE","IGNORED_RUNTIME_OR_GENERATED_EVIDENCE","Local ignored/runtime evidence is preserved for lineage and empirical review but is not promoted to production authority.","False","False","False","False","False","19d172d666afdb54afd1c6e76a4b82af84548c51adc80c5965b3cdadf13c2f2d"
"data/terminal2/secret_lair_discovery_raw/official/SLD20260804T224037741588.html","SOURCE_ACQUISITION","False","True","False","NOT_IN_OPENING_INVENTORY","HIGH_PRIORITY_REVIEW","PRESERVE_LEGACY_EVIDENCE","IGNORED_RUNTIME_OR_GENERATED_EVIDENCE","Local ignored/runtime evidence is preserved for lineage and empirical review but is not promoted to production authority.","False","False","False","False","False","19d172d666afdb54afd1c6e76a4b82af84548c51adc80c5965b3cdadf13c2f2d"
"data/terminal2/secret_lair_discovery_raw/official/SLD20260804T225153362096.html","SOURCE_ACQUISITION","False","True","False","NOT_IN_OPENING_INVENTORY","HIGH_PRIORITY_REVIEW","PRESERVE_LEGACY_EVIDENCE","IGNORED_RUNTIME_OR_GENERATED_EVIDENCE","Local ignored/runtime evidence is preserved for lineage and empirical review but is not promoted to production authority.","False","False","False","False","False","19d172d666afdb54afd1c6e76a4b82af84548c51adc80c5965b3cdadf13c2f2d"
"data/terminal2/secret_lair_discovery_raw/official/SLD20260804T230349303836.html","SOURCE_ACQUISITION","False","True","False","NOT_IN_OPENING_INVENTORY","HIGH_PRIORITY_REVIEW","PRESERVE_LEGACY_EVIDENCE","IGNORED_RUNTIME_OR_GENERATED_EVIDENCE","Local ignored/runtime evidence is preserved for lineage and empirical review but is not promoted to production authority.","False","False","False","False","False","19d172d666afdb54afd1c6e76a4b82af84548c51adc80c5965b3cdadf13c2f2d"
"data/terminal2/secret_lair_discovery_raw/official/SLD20260804T231749503747.html","SOURCE_ACQUISITION","False","True","False","NOT_IN_OPENING_INVENTORY","HIGH_PRIORITY_REVIEW","PRESERVE_LEGACY_EVIDENCE","IGNORED_RUNTIME_OR_GENERATED_EVIDENCE","Local ignored/runtime evidence is preserved for lineage and empirical review but is not promoted to production authority.","False","False","False","False","False","19d172d666afdb54afd1c6e76a4b82af84548c51adc80c5965b3cdadf13c2f2d"
"data/terminal2/secret_lair_discovery_raw/official/SLD20260804T232237753388.html","SOURCE_ACQUISITION","False","True","False","NOT_IN_OPENING_INVENTORY","HIGH_PRIORITY_REVIEW","PRESERVE_LEGACY_EVIDENCE","IGNORED_RUNTIME_OR_GENERATED_EVIDENCE","Local ignored/runtime evidence is preserved for lineage and empirical review but is not promoted to production authority.","False","False","False","False","False","19d172d666afdb54afd1c6e76a4b82af84548c51adc80c5965b3cdadf13c2f2d"
"data/terminal2/secret_lair_discovery_raw/official/SLD20260804T233625633177.html","SOURCE_ACQUISITION","False","True","False","NOT_IN_OPENING_INVENTORY","HIGH_PRIORITY_REVIEW","PRESERVE_LEGACY_EVIDENCE","IGNORED_RUNTIME_OR_GENERATED_EVIDENCE","Local ignored/runtime evidence is preserved for lineage and empirical review but is not promoted to production authority.","False","False","False","False","False","19d172d666afdb54afd1c6e76a4b82af84548c51adc80c5965b3cdadf13c2f2d"
"data/terminal2/secret_lair_discovery_raw/official/SLD20260805T004943362155.html","SOURCE_ACQUISITION","False","True","False","NOT_IN_OPENING_INVENTORY","HIGH_PRIORITY_REVIEW","PRESERVE_LEGACY_EVIDENCE","IGNORED_RUNTIME_OR_GENERATED_EVIDENCE","Local ignored/runtime evidence is preserved for lineage and empirical review but is not promoted to production authority.","False","False","False","False","False","19d172d666afdb54afd1c6e76a4b82af84548c51adc80c5965b3cdadf13c2f2d"
"data/terminal2/secret_lair_discovery_raw/official/SLD20260805T112253456604.html","SOURCE_ACQUISITION","False","True","False","NOT_IN_OPENING_INVENTORY","HIGH_PRIORITY_REVIEW","PRESERVE_LEGACY_EVIDENCE","IGNORED_RUNTIME_OR_GENERATED_EVIDENCE","Local ignored/runtime evidence is preserved for lineage and empirical review but is not promoted to production authority.","False","False","False","False","False","19d172d666afdb54afd1c6e76a4b82af84548c51adc80c5965b3cdadf13c2f2d"
"data/terminal2/secret_lair_discovery_raw/official/SLD20260805T113726384907.html","SOURCE_ACQUISITION","False","True","False","NOT_IN_OPENING_INVENTORY","HIGH_PRIORITY_REVIEW","PRESERVE_LEGACY_EVIDENCE","IGNORED_RUNTIME_OR_GENERATED_EVIDENCE","Local ignored/runtime evidence is preserved for lineage and empirical review but is not promoted to production authority.","False","False","False","False","False","19d172d666afdb54afd1c6e76a4b82af84548c51adc80c5965b3cdadf13c2f2d"
"data/terminal2/secret_lair_discovery_raw/official/SLD20260805T115944820464.html","SOURCE_ACQUISITION","False","True","False","NOT_IN_OPENING_INVENTORY","HIGH_PRIORITY_REVIEW","PRESERVE_LEGACY_EVIDENCE","IGNORED_RUNTIME_OR_GENERATED_EVIDENCE","Local ignored/runtime evidence is preserved for lineage and empirical review but is not promoted to production authority.","False","False","False","False","False","19d172d666afdb54afd1c6e76a4b82af84548c51adc80c5965b3cdadf13c2f2d"
"data/terminal2/secret_lair_discovery_raw/official/SLD20260805T124903980744.html","SOURCE_ACQUISITION","False","True","False","NOT_IN_OPENING_INVENTORY","HIGH_PRIORITY_REVIEW","PRESERVE_LEGACY_EVIDENCE","IGNORED_RUNTIME_OR_GENERATED_EVIDENCE","Local ignored/runtime evidence is preserved for lineage and empirical review but is not promoted to production authority.","False","False","False","False","False","19d172d666afdb54afd1c6e76a4b82af84548c51adc80c5965b3cdadf13c2f2d"
"data/terminal2/secret_lair_discovery_raw/official/SLD20260805T132746461262.html","SOURCE_ACQUISITION","False","True","False","NOT_IN_OPENING_INVENTORY","HIGH_PRIORITY_REVIEW","PRESERVE_LEGACY_EVIDENCE","IGNORED_RUNTIME_OR_GENERATED_EVIDENCE","Local ignored/runtime evidence is preserved for lineage and empirical review but is not promoted to production authority.","False","False","False","False","False","19d172d666afdb54afd1c6e76a4b82af84548c51adc80c5965b3cdadf13c2f2d"
"data/terminal2/secret_lair_discovery_raw/official/SLD20260805T134948206158.html","SOURCE_ACQUISITION","False","True","False","NOT_IN_OPENING_INVENTORY","HIGH_PRIORITY_REVIEW","PRESERVE_LEGACY_EVIDENCE","IGNORED_RUNTIME_OR_GENERATED_EVIDENCE","Local ignored/runtime evidence is preserved for lineage and empirical review but is not promoted to production authority.","False","False","False","False","False","19d172d666afdb54afd1c6e76a4b82af84548c51adc80c5965b3cdadf13c2f2d"
"data/terminal2/secret_lair_discovery_raw/official/SLD20260805T151325893221.html","SOURCE_ACQUISITION","False","True","False","NOT_IN_OPENING_INVENTORY","HIGH_PRIORITY_REVIEW","PRESERVE_LEGACY_EVIDENCE","IGNORED_RUNTIME_OR_GENERATED_EVIDENCE","Local ignored/runtime evidence is preserved for lineage and empirical review but is not promoted to production authority.","False","False","False","False","False","19d172d666afdb54afd1c6e76a4b82af84548c51adc80c5965b3cdadf13c2f2d"
"data/terminal2/secret_lair_discovery_raw/official/SLD20260805T170816459313.html","SOURCE_ACQUISITION","False","True","False","NOT_IN_OPENING_INVENTORY","HIGH_PRIORITY_REVIEW","PRESERVE_LEGACY_EVIDENCE","IGNORED_RUNTIME_OR_GENERATED_EVIDENCE","Local ignored/runtime evidence is preserved for lineage and empirical review but is not promoted to production authority.","False","False","False","False","False","19d172d666afdb54afd1c6e76a4b82af84548c51adc80c5965b3cdadf13c2f2d"
"data/terminal2/secret_lair_discovery_raw/official/SLD20260805T174327155809.html","SOURCE_ACQUISITION","False","True","False","NOT_IN_OPENING_INVENTORY","HIGH_PRIORITY_REVIEW","PRESERVE_LEGACY_EVIDENCE","IGNORED_RUNTIME_OR_GENERATED_EVIDENCE","Local ignored/runtime evidence is preserved for lineage and empirical review but is not promoted to production authority.","False","False","False","False","False","19d172d666afdb54afd1c6e76a4b82af84548c51adc80c5965b3cdadf13c2f2d"
"data/terminal2/secret_lair_discovery_raw/official/SLD20260806T143726439995.html","SOURCE_ACQUISITION","False","True","False","NOT_IN_OPENING_INVENTORY","HIGH_PRIORITY_REVIEW","PRESERVE_LEGACY_EVIDENCE","IGNORED_RUNTIME_OR_GENERATED_EVIDENCE","Local ignored/runtime evidence is preserved for lineage and empirical review but is not promoted to production authority.","False","False","False","False","False","19d172d666afdb54afd1c6e76a4b82af84548c51adc80c5965b3cdadf13c2f2d"
"data/terminal2/secret_lair_discovery_raw/official/SLD20260806T150015685676.html","SOURCE_ACQUISITION","False","True","False","NOT_IN_OPENING_INVENTORY","HIGH_PRIORITY_REVIEW","PRESERVE_LEGACY_EVIDENCE","IGNORED_RUNTIME_OR_GENERATED_EVIDENCE","Local ignored/runtime evidence is preserved for lineage and empirical review but is not promoted to production authority.","False","False","False","False","False","19d172d666afdb54afd1c6e76a4b82af84548c51adc80c5965b3cdadf13c2f2d"
"data/terminal2/secret_lair_discovery_raw/official/SLD20260806T175536084408.html","SOURCE_ACQUISITION","False","True","False","NOT_IN_OPENING_INVENTORY","HIGH_PRIORITY_REVIEW","PRESERVE_LEGACY_EVIDENCE","IGNORED_RUNTIME_OR_GENERATED_EVIDENCE","Local ignored/runtime evidence is preserved for lineage and empirical review but is not promoted to production authority.","False","False","False","False","False","19d172d666afdb54afd1c6e76a4b82af84548c51adc80c5965b3cdadf13c2f2d"
"data/terminal2/secret_lair_discovery_raw/official/SLD20260809T160434381862.html","SOURCE_ACQUISITION","False","True","False","NOT_IN_OPENING_INVENTORY","HIGH_PRIORITY_REVIEW","PRESERVE_LEGACY_EVIDENCE","IGNORED_RUNTIME_OR_GENERATED_EVIDENCE","Local ignored/runtime evidence is preserved for lineage and empirical review but is not promoted to production authority.","False","False","False","False","False","19d172d666afdb54afd1c6e76a4b82af84548c51adc80c5965b3cdadf13c2f2d"
"data/terminal2/secret_lair_discovery_state.csv","SOURCE_ACQUISITION","False","True","False","NOT_IN_OPENING_INVENTORY","ADAPT_CANDIDATE","PRESERVE_LEGACY_EVIDENCE","IGNORED_RUNTIME_OR_GENERATED_EVIDENCE","Local ignored/runtime evidence is preserved for lineage and empirical review but is not promoted to production authority.","False","False","False","False","False","c80cdf4ec886ef6df91a4f7aeb5a7a61981f0350302511f047ee2c45831afb85"
"data/validation/phase_10/ebay_matching/batches/sealed_secret_lair_0000_0004/batch_manifest.json","IDENTITY_MATCHING","False","True","False","NOT_IN_OPENING_INVENTORY","HIGH_PRIORITY_REVIEW","PRESERVE_LEGACY_EVIDENCE","IGNORED_RUNTIME_OR_GENERATED_EVIDENCE","Local ignored/runtime evidence is preserved for lineage and empirical review but is not promoted to production authority.","False","False","False","False","False","5e02185622efef61561297558b63e45055731a953c373dbc44d2b0a8f676c324"
"data/validation/phase_10/ebay_matching/batches/sealed_secret_lair_0000_0004/ebay_canonical_match_universe_2026-07-23.csv","IDENTITY_REGISTRY","False","True","False","NOT_IN_OPENING_INVENTORY","HIGH_PRIORITY_REVIEW","PRESERVE_LEGACY_EVIDENCE","IGNORED_RUNTIME_OR_GENERATED_EVIDENCE","Local ignored/runtime evidence is preserved for lineage and empirical review but is not promoted to production authority.","False","False","False","False","False","0210bc7b74529874b11cdc28b5054d60b9185c6c568ac658dfb75ff13bd7ea53"
"data/validation/phase_10/ebay_matching/batches/sealed_secret_lair_0000_0004/ebay_listing_match_results_2026-07-23.csv","SUPPLY_LIQUIDITY","False","True","False","NOT_IN_OPENING_INVENTORY","HIGH_PRIORITY_REVIEW","PRESERVE_LEGACY_EVIDENCE","IGNORED_RUNTIME_OR_GENERATED_EVIDENCE","Local ignored/runtime evidence is preserved for lineage and empirical review but is not promoted to production authority.","False","False","False","False","False","8c51d960c47d8fd8c970638e9f58a774a8829ca7ab6081f0382408093539049d"
"data/validation/phase_10/ebay_matching/batches/sealed_secret_lair_0000_0004/ebay_manual_review_2026-07-23.csv","IDENTITY_MATCHING","False","True","False","NOT_IN_OPENING_INVENTORY","HIGH_PRIORITY_REVIEW","PRESERVE_LEGACY_EVIDENCE","IGNORED_RUNTIME_OR_GENERATED_EVIDENCE","Local ignored/runtime evidence is preserved for lineage and empirical review but is not promoted to production authority.","False","False","False","False","False","cfb9b46e34f78fb4e604e6e92e034f76069165d7b9b46ab1b93b283010d66c01"
"data/validation/phase_10/ebay_matching/batches/sealed_secret_lair_0000_0004/ebay_matching_summary_2026-07-23.json","IDENTITY_MATCHING","False","True","False","NOT_IN_OPENING_INVENTORY","HIGH_PRIORITY_REVIEW","PRESERVE_LEGACY_EVIDENCE","IGNORED_RUNTIME_OR_GENERATED_EVIDENCE","Local ignored/runtime evidence is preserved for lineage and empirical review but is not promoted to production authority.","False","False","False","False","False","63eeae56a3cc5573a59dc9fa7cf9ca9a074e33974c327caaef8902c6bb19f99e"
"data/validation/phase_10/ebay_matching/batches/sealed_secret_lair_0000_0004/ebay_product_coverage_2026-07-23.csv","IDENTITY_MATCHING","False","True","False","NOT_IN_OPENING_INVENTORY","HIGH_PRIORITY_REVIEW","PRESERVE_LEGACY_EVIDENCE","IGNORED_RUNTIME_OR_GENERATED_EVIDENCE","Local ignored/runtime evidence is preserved for lineage and empirical review but is not promoted to production authority.","False","False","False","False","False","0b9967991b51a6582033d38dacbc258f16c00e40f9a637fd3b8b3a6957179ad6"
"data/validation/phase_10/ebay_matching/batches/sealed_secret_lair_0000_0024/batch_manifest.json","IDENTITY_MATCHING","False","True","False","NOT_IN_OPENING_INVENTORY","HIGH_PRIORITY_REVIEW","PRESERVE_LEGACY_EVIDENCE","IGNORED_RUNTIME_OR_GENERATED_EVIDENCE","Local ignored/runtime evidence is preserved for lineage and empirical review but is not promoted to production authority.","False","False","False","False","False","60ba2ce782f27ad44caa60925c3307792f378ac27e470e32034a2f4e5b61d823"
"data/validation/phase_10/ebay_matching/batches/sealed_secret_lair_0000_0024/ebay_canonical_match_universe_2026-07-23.csv","IDENTITY_REGISTRY","False","True","False","NOT_IN_OPENING_INVENTORY","HIGH_PRIORITY_REVIEW","PRESERVE_LEGACY_EVIDENCE","IGNORED_RUNTIME_OR_GENERATED_EVIDENCE","Local ignored/runtime evidence is preserved for lineage and empirical review but is not promoted to production authority.","False","False","False","False","False","32d7c075213958d2d797ebfbc4e2d4cd8c6b6e24827eec682ed6835d1b73de61"
"data/validation/phase_10/ebay_matching/batches/sealed_secret_lair_0000_0024/ebay_listing_match_results_2026-07-23.csv","SUPPLY_LIQUIDITY","False","True","False","NOT_IN_OPENING_INVENTORY","HIGH_PRIORITY_REVIEW","PRESERVE_LEGACY_EVIDENCE","IGNORED_RUNTIME_OR_GENERATED_EVIDENCE","Local ignored/runtime evidence is preserved for lineage and empirical review but is not promoted to production authority.","False","False","False","False","False","a45c8fbdc583c5d786cbf6374b07e987d674de255a65076d1f12c6157708bc39"
"data/validation/phase_10/ebay_matching/batches/sealed_secret_lair_0000_0024/ebay_manual_review_2026-07-23.csv","IDENTITY_MATCHING","False","True","False","NOT_IN_OPENING_INVENTORY","HIGH_PRIORITY_REVIEW","PRESERVE_LEGACY_EVIDENCE","IGNORED_RUNTIME_OR_GENERATED_EVIDENCE","Local ignored/runtime evidence is preserved for lineage and empirical review but is not promoted to production authority.","False","False","False","False","False","63ddae82b50b4f5d7fdfb4d2f163443c495c4e145804985bd2c3efa63550197f"
"data/validation/phase_10/ebay_matching/batches/sealed_secret_lair_0000_0024/ebay_matching_summary_2026-07-23.json","IDENTITY_MATCHING","False","True","False","NOT_IN_OPENING_INVENTORY","HIGH_PRIORITY_REVIEW","PRESERVE_LEGACY_EVIDENCE","IGNORED_RUNTIME_OR_GENERATED_EVIDENCE","Local ignored/runtime evidence is preserved for lineage and empirical review but is not promoted to production authority.","False","False","False","False","False","716da44283a4157fb3b51d6d160a8db1dd8e25b492878c7ee3d8b1acff592a5e"
"data/validation/phase_10/ebay_matching/batches/sealed_secret_lair_0000_0024/ebay_product_coverage_2026-07-23.csv","IDENTITY_MATCHING","False","True","False","NOT_IN_OPENING_INVENTORY","HIGH_PRIORITY_REVIEW","PRESERVE_LEGACY_EVIDENCE","IGNORED_RUNTIME_OR_GENERATED_EVIDENCE","Local ignored/runtime evidence is preserved for lineage and empirical review but is not promoted to production authority.","False","False","False","False","False","76627d1a1628106b8303d3b4ef444f45c61163d807e11dc4c841cbd3270bf504"
"data/validation/phase_10/ebay_matching/batches/sealed_secret_lair_0005_0009/batch_manifest.json","IDENTITY_MATCHING","False","True","False","NOT_IN_OPENING_INVENTORY","HIGH_PRIORITY_REVIEW","PRESERVE_LEGACY_EVIDENCE","IGNORED_RUNTIME_OR_GENERATED_EVIDENCE","Local ignored/runtime evidence is preserved for lineage and empirical review but is not promoted to production authority.","False","False","False","False","False","400d83d06c65c65c1dcac21c1594632d8b3429a764cbbd1bf769983a1f410c12"
"data/validation/phase_10/ebay_matching/batches/sealed_secret_lair_0005_0009/ebay_canonical_match_universe_2026-07-23.csv","IDENTITY_REGISTRY","False","True","False","NOT_IN_OPENING_INVENTORY","HIGH_PRIORITY_REVIEW","PRESERVE_LEGACY_EVIDENCE","IGNORED_RUNTIME_OR_GENERATED_EVIDENCE","Local ignored/runtime evidence is preserved for lineage and empirical review but is not promoted to production authority.","False","False","False","False","False","8b4fe4425ebca703f36f135d6f0f5c6f0d28e457767f909d5ec7dfe8c5a7d0aa"
"data/validation/phase_10/ebay_matching/batches/sealed_secret_lair_0005_0009/ebay_listing_match_results_2026-07-23.csv","SUPPLY_LIQUIDITY","False","True","False","NOT_IN_OPENING_INVENTORY","HIGH_PRIORITY_REVIEW","PRESERVE_LEGACY_EVIDENCE","IGNORED_RUNTIME_OR_GENERATED_EVIDENCE","Local ignored/runtime evidence is preserved for lineage and empirical review but is not promoted to production authority.","False","False","False","False","False","a93b5f7109f36ba067c4f3ebf053909ef91d6a808891712626bd6059c665de2d"
"data/validation/phase_10/ebay_matching/batches/sealed_secret_lair_0005_0009/ebay_manual_review_2026-07-23.csv","IDENTITY_MATCHING","False","True","False","NOT_IN_OPENING_INVENTORY","HIGH_PRIORITY_REVIEW","PRESERVE_LEGACY_EVIDENCE","IGNORED_RUNTIME_OR_GENERATED_EVIDENCE","Local ignored/runtime evidence is preserved for lineage and empirical review but is not promoted to production authority.","False","False","False","False","False","84aa0fdc6ccff4780f4d1305f27d912185ded875385b3ff54f8b4c4b8c6274ae"
"data/validation/phase_10/ebay_matching/batches/sealed_secret_lair_0005_0009/ebay_matching_summary_2026-07-23.json","IDENTITY_MATCHING","False","True","False","NOT_IN_OPENING_INVENTORY","HIGH_PRIORITY_REVIEW","PRESERVE_LEGACY_EVIDENCE","IGNORED_RUNTIME_OR_GENERATED_EVIDENCE","Local ignored/runtime evidence is preserved for lineage and empirical review but is not promoted to production authority.","False","False","False","False","False","f842657cbfb343961a000ec4cbc90279834855d0ca7f33821cf33ffc73600a68"
"data/validation/phase_10/ebay_matching/batches/sealed_secret_lair_0005_0009/ebay_product_coverage_2026-07-23.csv","IDENTITY_MATCHING","False","True","False","NOT_IN_OPENING_INVENTORY","HIGH_PRIORITY_REVIEW","PRESERVE_LEGACY_EVIDENCE","IGNORED_RUNTIME_OR_GENERATED_EVIDENCE","Local ignored/runtime evidence is preserved for lineage and empirical review but is not promoted to production authority.","False","False","False","False","False","d259a522cd0c7e2f7c7ce168f5cb980af4045b16005189a8ad62df3b6200044c"
"data/validation/phase_10/ebay_matching/batches/sealed_secret_lair_0010_0014/batch_manifest.json","IDENTITY_MATCHING","False","True","False","NOT_IN_OPENING_INVENTORY","HIGH_PRIORITY_REVIEW","PRESERVE_LEGACY_EVIDENCE","IGNORED_RUNTIME_OR_GENERATED_EVIDENCE","Local ignored/runtime evidence is preserved for lineage and empirical review but is not promoted to production authority.","False","False","False","False","False","b1150149ae5d2e4cd7ab8aec37574f2807dbe9cd9dd0f6051c540e05678d2ea2"
"data/validation/phase_10/ebay_matching/batches/sealed_secret_lair_0010_0014/ebay_canonical_match_universe_2026-07-23.csv","IDENTITY_REGISTRY","False","True","False","NOT_IN_OPENING_INVENTORY","HIGH_PRIORITY_REVIEW","PRESERVE_LEGACY_EVIDENCE","IGNORED_RUNTIME_OR_GENERATED_EVIDENCE","Local ignored/runtime evidence is preserved for lineage and empirical review but is not promoted to production authority.","False","False","False","False","False","ce508ab1fe03d141de0eec2020cf754940498c74ff313773a2562a56783013f9"
"data/validation/phase_10/ebay_matching/batches/sealed_secret_lair_0010_0014/ebay_listing_match_results_2026-07-23.csv","SUPPLY_LIQUIDITY","False","True","False","NOT_IN_OPENING_INVENTORY","HIGH_PRIORITY_REVIEW","PRESERVE_LEGACY_EVIDENCE","IGNORED_RUNTIME_OR_GENERATED_EVIDENCE","Local ignored/runtime evidence is preserved for lineage and empirical review but is not promoted to production authority.","False","False","False","False","False","20471f33598ca9fccfc4e99355704ad87716550344696215d2096aeb9ec40236"
"data/validation/phase_10/ebay_matching/batches/sealed_secret_lair_0010_0014/ebay_manual_review_2026-07-23.csv","IDENTITY_MATCHING","False","True","False","NOT_IN_OPENING_INVENTORY","HIGH_PRIORITY_REVIEW","PRESERVE_LEGACY_EVIDENCE","IGNORED_RUNTIME_OR_GENERATED_EVIDENCE","Local ignored/runtime evidence is preserved for lineage and empirical review but is not promoted to production authority.","False","False","False","False","False","ea5c023361371746dfbf850f43e11f654c35335a774d0b5048e78784dff12d61"
"data/validation/phase_10/ebay_matching/batches/sealed_secret_lair_0010_0014/ebay_matching_summary_2026-07-23.json","IDENTITY_MATCHING","False","True","False","NOT_IN_OPENING_INVENTORY","HIGH_PRIORITY_REVIEW","PRESERVE_LEGACY_EVIDENCE","IGNORED_RUNTIME_OR_GENERATED_EVIDENCE","Local ignored/runtime evidence is preserved for lineage and empirical review but is not promoted to production authority.","False","False","False","False","False","8d537e622237ee6ca975c5e49e1f467ae792dfbc5a6d0ec14087ac4950911977"
"data/validation/phase_10/ebay_matching/batches/sealed_secret_lair_0010_0014/ebay_product_coverage_2026-07-23.csv","IDENTITY_MATCHING","False","True","False","NOT_IN_OPENING_INVENTORY","HIGH_PRIORITY_REVIEW","PRESERVE_LEGACY_EVIDENCE","IGNORED_RUNTIME_OR_GENERATED_EVIDENCE","Local ignored/runtime evidence is preserved for lineage and empirical review but is not promoted to production authority.","False","False","False","False","False","69b8e019257ad1c0189b8e9ef9311da36a85cc6a4714b841bccb4e1a54b9515b"
"data/validation/phase_10/ebay_matching/batches/sealed_secret_lair_0015_0019/batch_manifest.json","IDENTITY_MATCHING","False","True","False","NOT_IN_OPENING_INVENTORY","HIGH_PRIORITY_REVIEW","PRESERVE_LEGACY_EVIDENCE","IGNORED_RUNTIME_OR_GENERATED_EVIDENCE","Local ignored/runtime evidence is preserved for lineage and empirical review but is not promoted to production authority.","False","False","False","False","False","faac8aaf872032a67265158ee80eb3af5ef2221ecb0b55127e16b2e069712659"
"data/validation/phase_10/ebay_matching/batches/sealed_secret_lair_0015_0019/ebay_canonical_match_universe_2026-07-23.csv","IDENTITY_REGISTRY","False","True","False","NOT_IN_OPENING_INVENTORY","HIGH_PRIORITY_REVIEW","PRESERVE_LEGACY_EVIDENCE","IGNORED_RUNTIME_OR_GENERATED_EVIDENCE","Local ignored/runtime evidence is preserved for lineage and empirical review but is not promoted to production authority.","False","False","False","False","False","08689a090d2953f2357b4a787b1831dc0a574239b9b1cba6919c8ef680bbfd07"
"data/validation/phase_10/ebay_matching/batches/sealed_secret_lair_0015_0019/ebay_listing_match_results_2026-07-23.csv","SUPPLY_LIQUIDITY","False","True","False","NOT_IN_OPENING_INVENTORY","HIGH_PRIORITY_REVIEW","PRESERVE_LEGACY_EVIDENCE","IGNORED_RUNTIME_OR_GENERATED_EVIDENCE","Local ignored/runtime evidence is preserved for lineage and empirical review but is not promoted to production authority.","False","False","False","False","False","71d3600eeb9cb3a13de5cf2b824dec369bf218440736e40d876f289f700ddcf2"
"data/validation/phase_10/ebay_matching/batches/sealed_secret_lair_0015_0019/ebay_manual_review_2026-07-23.csv","IDENTITY_MATCHING","False","True","False","NOT_IN_OPENING_INVENTORY","HIGH_PRIORITY_REVIEW","PRESERVE_LEGACY_EVIDENCE","IGNORED_RUNTIME_OR_GENERATED_EVIDENCE","Local ignored/runtime evidence is preserved for lineage and empirical review but is not promoted to production authority.","False","False","False","False","False","0a2908152b81b8e049ba8deadb9ac4822d9d57e3330b94f7404bc6a4654b6534"
"data/validation/phase_10/ebay_matching/batches/sealed_secret_lair_0015_0019/ebay_matching_summary_2026-07-23.json","IDENTITY_MATCHING","False","True","False","NOT_IN_OPENING_INVENTORY","HIGH_PRIORITY_REVIEW","PRESERVE_LEGACY_EVIDENCE","IGNORED_RUNTIME_OR_GENERATED_EVIDENCE","Local ignored/runtime evidence is preserved for lineage and empirical review but is not promoted to production authority.","False","False","False","False","False","4cb8965f838d33f9076f983e5e2ca3f500c063af235ea51a6fef5f5453410557"
"data/validation/phase_10/ebay_matching/batches/sealed_secret_lair_0015_0019/ebay_product_coverage_2026-07-23.csv","IDENTITY_MATCHING","False","True","False","NOT_IN_OPENING_INVENTORY","HIGH_PRIORITY_REVIEW","PRESERVE_LEGACY_EVIDENCE","IGNORED_RUNTIME_OR_GENERATED_EVIDENCE","Local ignored/runtime evidence is preserved for lineage and empirical review but is not promoted to production authority.","False","False","False","False","False","e9b511a9345329712915e74baa6f0e3949368eba4276a22a79a55e0df994feb1"
"data/validation/phase_10/ebay_matching/batches/sealed_secret_lair_0020_0029/batch_manifest.json","IDENTITY_MATCHING","False","True","False","NOT_IN_OPENING_INVENTORY","HIGH_PRIORITY_REVIEW","PRESERVE_LEGACY_EVIDENCE","IGNORED_RUNTIME_OR_GENERATED_EVIDENCE","Local ignored/runtime evidence is preserved for lineage and empirical review but is not promoted to production authority.","False","False","False","False","False","db1650f34a266c765e43d0abeba1c5f397de08792c7549d32a41c6d1dc23acdd"
"data/validation/phase_10/ebay_matching/batches/sealed_secret_lair_0020_0029/ebay_canonical_match_universe_2026-07-23.csv","IDENTITY_REGISTRY","False","True","False","NOT_IN_OPENING_INVENTORY","HIGH_PRIORITY_REVIEW","PRESERVE_LEGACY_EVIDENCE","IGNORED_RUNTIME_OR_GENERATED_EVIDENCE","Local ignored/runtime evidence is preserved for lineage and empirical review but is not promoted to production authority.","False","False","False","False","False","871f7767e46e906fa9221ea2147ea54decd387555db2dad260fe5093dc8cbe9e"
"data/validation/phase_10/ebay_matching/batches/sealed_secret_lair_0020_0029/ebay_listing_match_results_2026-07-23.csv","SUPPLY_LIQUIDITY","False","True","False","NOT_IN_OPENING_INVENTORY","HIGH_PRIORITY_REVIEW","PRESERVE_LEGACY_EVIDENCE","IGNORED_RUNTIME_OR_GENERATED_EVIDENCE","Local ignored/runtime evidence is preserved for lineage and empirical review but is not promoted to production authority.","False","False","False","False","False","17e1448956385d2c71fe8b52b1ab390869fffab0f16d833979c0c1a921b9b364"
"data/validation/phase_10/ebay_matching/batches/sealed_secret_lair_0020_0029/ebay_manual_review_2026-07-23.csv","IDENTITY_MATCHING","False","True","False","NOT_IN_OPENING_INVENTORY","HIGH_PRIORITY_REVIEW","PRESERVE_LEGACY_EVIDENCE","IGNORED_RUNTIME_OR_GENERATED_EVIDENCE","Local ignored/runtime evidence is preserved for lineage and empirical review but is not promoted to production authority.","False","False","False","False","False","afe3b2d09eacf99368f1e76dd9bc7b42995d3acce544ab4faf9795faccc692f7"
"data/validation/phase_10/ebay_matching/batches/sealed_secret_lair_0020_0029/ebay_matching_summary_2026-07-23.json","IDENTITY_MATCHING","False","True","False","NOT_IN_OPENING_INVENTORY","HIGH_PRIORITY_REVIEW","PRESERVE_LEGACY_EVIDENCE","IGNORED_RUNTIME_OR_GENERATED_EVIDENCE","Local ignored/runtime evidence is preserved for lineage and empirical review but is not promoted to production authority.","False","False","False","False","False","18dbb0c5894e30616039c9c6ad9659c20f1adb6dccf0015847d19d7816d1298e"
"data/validation/phase_10/ebay_matching/batches/sealed_secret_lair_0020_0029/ebay_product_coverage_2026-07-23.csv","IDENTITY_MATCHING","False","True","False","NOT_IN_OPENING_INVENTORY","HIGH_PRIORITY_REVIEW","PRESERVE_LEGACY_EVIDENCE","IGNORED_RUNTIME_OR_GENERATED_EVIDENCE","Local ignored/runtime evidence is preserved for lineage and empirical review but is not promoted to production authority.","False","False","False","False","False","c8332bcf801b0155eef29cbd47c31883ad099c82d25ff921433e5c1ea57236bd"
"data/validation/phase_10/ebay_matching/batches/sealed_secret_lair_0030_0054/batch_manifest.json","IDENTITY_MATCHING","False","True","False","NOT_IN_OPENING_INVENTORY","HIGH_PRIORITY_REVIEW","PRESERVE_LEGACY_EVIDENCE","IGNORED_RUNTIME_OR_GENERATED_EVIDENCE","Local ignored/runtime evidence is preserved for lineage and empirical review but is not promoted to production authority.","False","False","False","False","False","4c00bd6d05582b114bcd332f525278e277edc073da42b896ad74797b9d5769fa"
"data/validation/phase_10/ebay_matching/batches/sealed_secret_lair_0030_0054/ebay_canonical_match_universe_2026-07-23.csv","IDENTITY_REGISTRY","False","True","False","NOT_IN_OPENING_INVENTORY","HIGH_PRIORITY_REVIEW","PRESERVE_LEGACY_EVIDENCE","IGNORED_RUNTIME_OR_GENERATED_EVIDENCE","Local ignored/runtime evidence is preserved for lineage and empirical review but is not promoted to production authority.","False","False","False","False","False","365a448b62a0da8c97d0d59fc01001a853be4b8f1307fa47658d9147f777db42"
"data/validation/phase_10/ebay_matching/batches/sealed_secret_lair_0030_0054/ebay_listing_match_results_2026-07-23.csv","SUPPLY_LIQUIDITY","False","True","False","NOT_IN_OPENING_INVENTORY","HIGH_PRIORITY_REVIEW","PRESERVE_LEGACY_EVIDENCE","IGNORED_RUNTIME_OR_GENERATED_EVIDENCE","Local ignored/runtime evidence is preserved for lineage and empirical review but is not promoted to production authority.","False","False","False","False","False","c7960e8f3010c93d9d657152d28c5d976293b4d599c28079c1595d10094d6d48"
"data/validation/phase_10/ebay_matching/batches/sealed_secret_lair_0030_0054/ebay_manual_review_2026-07-23.csv","IDENTITY_MATCHING","False","True","False","NOT_IN_OPENING_INVENTORY","HIGH_PRIORITY_REVIEW","PRESERVE_LEGACY_EVIDENCE","IGNORED_RUNTIME_OR_GENERATED_EVIDENCE","Local ignored/runtime evidence is preserved for lineage and empirical review but is not promoted to production authority.","False","False","False","False","False","6a9c664221224be3107b2840eae7fb5574d504c4816988f74d06e53f9c4c0f1b"
"data/validation/phase_10/ebay_matching/batches/sealed_secret_lair_0030_0054/ebay_matching_summary_2026-07-23.json","IDENTITY_MATCHING","False","True","False","NOT_IN_OPENING_INVENTORY","HIGH_PRIORITY_REVIEW","PRESERVE_LEGACY_EVIDENCE","IGNORED_RUNTIME_OR_GENERATED_EVIDENCE","Local ignored/runtime evidence is preserved for lineage and empirical review but is not promoted to production authority.","False","False","False","False","False","ee490497414262a437b0fccae1186c79dd368b2a44cc184d85316c16002f2c36"
"data/validation/phase_10/ebay_matching/batches/sealed_secret_lair_0030_0054/ebay_product_coverage_2026-07-23.csv","IDENTITY_MATCHING","False","True","False","NOT_IN_OPENING_INVENTORY","HIGH_PRIORITY_REVIEW","PRESERVE_LEGACY_EVIDENCE","IGNORED_RUNTIME_OR_GENERATED_EVIDENCE","Local ignored/runtime evidence is preserved for lineage and empirical review but is not promoted to production authority.","False","False","False","False","False","a0b3c766393336729e1d4763e5847153783bfe92b522c6a98278a15687054ea3"
"data/validation/phase_10/ebay_matching/batches/sealed_secret_lair_0055_0079/batch_manifest.json","IDENTITY_MATCHING","False","True","False","NOT_IN_OPENING_INVENTORY","HIGH_PRIORITY_REVIEW","PRESERVE_LEGACY_EVIDENCE","IGNORED_RUNTIME_OR_GENERATED_EVIDENCE","Local ignored/runtime evidence is preserved for lineage and empirical review but is not promoted to production authority.","False","False","False","False","False","241e07b38fc08f4d5da70a95461ce6dce69a9b2376e946cac991926ffd76509e"
"data/validation/phase_10/ebay_matching/batches/sealed_secret_lair_0055_0079/ebay_canonical_match_universe_2026-07-23.csv","IDENTITY_REGISTRY","False","True","False","NOT_IN_OPENING_INVENTORY","HIGH_PRIORITY_REVIEW","PRESERVE_LEGACY_EVIDENCE","IGNORED_RUNTIME_OR_GENERATED_EVIDENCE","Local ignored/runtime evidence is preserved for lineage and empirical review but is not promoted to production authority.","False","False","False","False","False","0931c54b12e99dd6eb6a79722a08a32747a290bfbbd6db3ca16da324ae333823"
"data/validation/phase_10/ebay_matching/batches/sealed_secret_lair_0055_0079/ebay_listing_match_results_2026-07-23.csv","SUPPLY_LIQUIDITY","False","True","False","NOT_IN_OPENING_INVENTORY","HIGH_PRIORITY_REVIEW","PRESERVE_LEGACY_EVIDENCE","IGNORED_RUNTIME_OR_GENERATED_EVIDENCE","Local ignored/runtime evidence is preserved for lineage and empirical review but is not promoted to production authority.","False","False","False","False","False","9149cc39a44d4f11e463bf003b4a7247a72b665d32161eb06b94763c07572596"
"data/validation/phase_10/ebay_matching/batches/sealed_secret_lair_0055_0079/ebay_manual_review_2026-07-23.csv","IDENTITY_MATCHING","False","True","False","NOT_IN_OPENING_INVENTORY","HIGH_PRIORITY_REVIEW","PRESERVE_LEGACY_EVIDENCE","IGNORED_RUNTIME_OR_GENERATED_EVIDENCE","Local ignored/runtime evidence is preserved for lineage and empirical review but is not promoted to production authority.","False","False","False","False","False","171ddc23c88454bb4aa8014a679639865737822d4b4fdb6c153009e799407c8c"
"data/validation/phase_10/ebay_matching/batches/sealed_secret_lair_0055_0079/ebay_matching_summary_2026-07-23.json","IDENTITY_MATCHING","False","True","False","NOT_IN_OPENING_INVENTORY","HIGH_PRIORITY_REVIEW","PRESERVE_LEGACY_EVIDENCE","IGNORED_RUNTIME_OR_GENERATED_EVIDENCE","Local ignored/runtime evidence is preserved for lineage and empirical review but is not promoted to production authority.","False","False","False","False","False","dab466a91854c60c6905316f1c6d56c33af94b7a4f0d17a1c2176159bfae3f5b"
"data/validation/phase_10/ebay_matching/batches/sealed_secret_lair_0055_0079/ebay_product_coverage_2026-07-23.csv","IDENTITY_MATCHING","False","True","False","NOT_IN_OPENING_INVENTORY","HIGH_PRIORITY_REVIEW","PRESERVE_LEGACY_EVIDENCE","IGNORED_RUNTIME_OR_GENERATED_EVIDENCE","Local ignored/runtime evidence is preserved for lineage and empirical review but is not promoted to production authority.","False","False","False","False","False","599a81492b1b92280747c92b4abada08bc7b7ba228c2e447e9af009d4f7b59c5"
"data/validation/phase_10/ebay_matching/batches/sealed_secret_lair_0080_0104/batch_manifest.json","IDENTITY_MATCHING","False","True","False","NOT_IN_OPENING_INVENTORY","HIGH_PRIORITY_REVIEW","PRESERVE_LEGACY_EVIDENCE","IGNORED_RUNTIME_OR_GENERATED_EVIDENCE","Local ignored/runtime evidence is preserved for lineage and empirical review but is not promoted to production authority.","False","False","False","False","False","3d2836a449362388782e1311ac41c96cda6bc96e14b5e06e26afe98eff097ea6"
"data/validation/phase_10/ebay_matching/batches/sealed_secret_lair_0080_0104/ebay_canonical_match_universe_2026-07-23.csv","IDENTITY_REGISTRY","False","True","False","NOT_IN_OPENING_INVENTORY","HIGH_PRIORITY_REVIEW","PRESERVE_LEGACY_EVIDENCE","IGNORED_RUNTIME_OR_GENERATED_EVIDENCE","Local ignored/runtime evidence is preserved for lineage and empirical review but is not promoted to production authority.","False","False","False","False","False","27a13129c28430ea476aaeff27261185031d742126e5553572cc46d88a66036e"
"data/validation/phase_10/ebay_matching/batches/sealed_secret_lair_0080_0104/ebay_listing_match_results_2026-07-23.csv","SUPPLY_LIQUIDITY","False","True","False","NOT_IN_OPENING_INVENTORY","HIGH_PRIORITY_REVIEW","PRESERVE_LEGACY_EVIDENCE","IGNORED_RUNTIME_OR_GENERATED_EVIDENCE","Local ignored/runtime evidence is preserved for lineage and empirical review but is not promoted to production authority.","False","False","False","False","False","cc7245fb51fa790716a4dfd09ca1429db41fc27fd2299ab8e160b6df2035b916"
"data/validation/phase_10/ebay_matching/batches/sealed_secret_lair_0080_0104/ebay_manual_review_2026-07-23.csv","IDENTITY_MATCHING","False","True","False","NOT_IN_OPENING_INVENTORY","HIGH_PRIORITY_REVIEW","PRESERVE_LEGACY_EVIDENCE","IGNORED_RUNTIME_OR_GENERATED_EVIDENCE","Local ignored/runtime evidence is preserved for lineage and empirical review but is not promoted to production authority.","False","False","False","False","False","50642b29020d96444bde668f9b64e6d7543b4b6962665a52bbaa0a443528c0f5"
"data/validation/phase_10/ebay_matching/batches/sealed_secret_lair_0080_0104/ebay_matching_summary_2026-07-23.json","IDENTITY_MATCHING","False","True","False","NOT_IN_OPENING_INVENTORY","HIGH_PRIORITY_REVIEW","PRESERVE_LEGACY_EVIDENCE","IGNORED_RUNTIME_OR_GENERATED_EVIDENCE","Local ignored/runtime evidence is preserved for lineage and empirical review but is not promoted to production authority.","False","False","False","False","False","9a2aa96fe069678a2c6fb179db4af262601551654c2957022e3c6f1b5c47273e"
"data/validation/phase_10/ebay_matching/batches/sealed_secret_lair_0080_0104/ebay_product_coverage_2026-07-23.csv","IDENTITY_MATCHING","False","True","False","NOT_IN_OPENING_INVENTORY","HIGH_PRIORITY_REVIEW","PRESERVE_LEGACY_EVIDENCE","IGNORED_RUNTIME_OR_GENERATED_EVIDENCE","Local ignored/runtime evidence is preserved for lineage and empirical review but is not promoted to production authority.","False","False","False","False","False","c36971c3404bf71a130da731a028e9bb38c633bd57678df2b373180e046a8b05"
"data/validation/phase_10/ebay_matching/batches/sealed_secret_lair_0105_0129/batch_manifest.json","IDENTITY_MATCHING","False","True","False","NOT_IN_OPENING_INVENTORY","HIGH_PRIORITY_REVIEW","PRESERVE_LEGACY_EVIDENCE","IGNORED_RUNTIME_OR_GENERATED_EVIDENCE","Local ignored/runtime evidence is preserved for lineage and empirical review but is not promoted to production authority.","False","False","False","False","False","3d49cdfa9db5406ecf2cd11b98069834a21370ca67f2f1535b88d4775ce403a1"
"data/validation/phase_10/ebay_matching/batches/sealed_secret_lair_0105_0129/ebay_canonical_match_universe_2026-07-23.csv","IDENTITY_REGISTRY","False","True","False","NOT_IN_OPENING_INVENTORY","HIGH_PRIORITY_REVIEW","PRESERVE_LEGACY_EVIDENCE","IGNORED_RUNTIME_OR_GENERATED_EVIDENCE","Local ignored/runtime evidence is preserved for lineage and empirical review but is not promoted to production authority.","False","False","False","False","False","ae9b78ed73d7ec6c239e4efabde188139c3e466f52291a76ca5e4e70cbf46d36"
"data/validation/phase_10/ebay_matching/batches/sealed_secret_lair_0105_0129/ebay_listing_match_results_2026-07-23.csv","SUPPLY_LIQUIDITY","False","True","False","NOT_IN_OPENING_INVENTORY","HIGH_PRIORITY_REVIEW","PRESERVE_LEGACY_EVIDENCE","IGNORED_RUNTIME_OR_GENERATED_EVIDENCE","Local ignored/runtime evidence is preserved for lineage and empirical review but is not promoted to production authority.","False","False","False","False","False","ea438c12983e74c4b476bd4992303b533aa68bf4b587cb29f8ebcecf1a1f8ca7"
"data/validation/phase_10/ebay_matching/batches/sealed_secret_lair_0105_0129/ebay_manual_review_2026-07-23.csv","IDENTITY_MATCHING","False","True","False","NOT_IN_OPENING_INVENTORY","HIGH_PRIORITY_REVIEW","PRESERVE_LEGACY_EVIDENCE","IGNORED_RUNTIME_OR_GENERATED_EVIDENCE","Local ignored/runtime evidence is preserved for lineage and empirical review but is not promoted to production authority.","False","False","False","False","False","050692ef3ed7242c9b527eeb5fb489a39c1950dcea54cb11a15353ec8785ef52"
"data/validation/phase_10/ebay_matching/batches/sealed_secret_lair_0105_0129/ebay_matching_summary_2026-07-23.json","IDENTITY_MATCHING","False","True","False","NOT_IN_OPENING_INVENTORY","HIGH_PRIORITY_REVIEW","PRESERVE_LEGACY_EVIDENCE","IGNORED_RUNTIME_OR_GENERATED_EVIDENCE","Local ignored/runtime evidence is preserved for lineage and empirical review but is not promoted to production authority.","False","False","False","False","False","e705741d497a1413a38677833b408af04c7d39c3ea69857fc368073a6aa97696"
"data/validation/phase_10/ebay_matching/batches/sealed_secret_lair_0105_0129/ebay_product_coverage_2026-07-23.csv","IDENTITY_MATCHING","False","True","False","NOT_IN_OPENING_INVENTORY","HIGH_PRIORITY_REVIEW","PRESERVE_LEGACY_EVIDENCE","IGNORED_RUNTIME_OR_GENERATED_EVIDENCE","Local ignored/runtime evidence is preserved for lineage and empirical review but is not promoted to production authority.","False","False","False","False","False","772009b4141dea0c8a43940fbbe61ac7b98e747912c55acf710e62a9606ca6d3"
"data/validation/phase_10/ebay_matching/batches/sealed_secret_lair_0130_0229/batch_manifest.json","IDENTITY_MATCHING","False","True","False","NOT_IN_OPENING_INVENTORY","HIGH_PRIORITY_REVIEW","PRESERVE_LEGACY_EVIDENCE","IGNORED_RUNTIME_OR_GENERATED_EVIDENCE","Local ignored/runtime evidence is preserved for lineage and empirical review but is not promoted to production authority.","False","False","False","False","False","7ed34458c29194b89a1e2ce7d0558d0632b73ea37114962aaf7fe29320cba606"
"data/validation/phase_10/ebay_matching/batches/sealed_secret_lair_0130_0229/ebay_canonical_match_universe_2026-07-23.csv","IDENTITY_REGISTRY","False","True","False","NOT_IN_OPENING_INVENTORY","HIGH_PRIORITY_REVIEW","PRESERVE_LEGACY_EVIDENCE","IGNORED_RUNTIME_OR_GENERATED_EVIDENCE","Local ignored/runtime evidence is preserved for lineage and empirical review but is not promoted to production authority.","False","False","False","False","False","23ef845dd79225cdcebd562bf99aab48d1c003ac32e822f46729de51097dabcd"
"data/validation/phase_10/ebay_matching/batches/sealed_secret_lair_0130_0229/ebay_listing_match_results_2026-07-23.csv","SUPPLY_LIQUIDITY","False","True","False","NOT_IN_OPENING_INVENTORY","HIGH_PRIORITY_REVIEW","PRESERVE_LEGACY_EVIDENCE","IGNORED_RUNTIME_OR_GENERATED_EVIDENCE","Local ignored/runtime evidence is preserved for lineage and empirical review but is not promoted to production authority.","False","False","False","False","False","e4196025e278c22a012079df0b5ded1fbeb83fd806179b30146fa187b783481a"
"data/validation/phase_10/ebay_matching/batches/sealed_secret_lair_0130_0229/ebay_manual_review_2026-07-23.csv","IDENTITY_MATCHING","False","True","False","NOT_IN_OPENING_INVENTORY","HIGH_PRIORITY_REVIEW","PRESERVE_LEGACY_EVIDENCE","IGNORED_RUNTIME_OR_GENERATED_EVIDENCE","Local ignored/runtime evidence is preserved for lineage and empirical review but is not promoted to production authority.","False","False","False","False","False","b3d8d281a7fe0dc6704b6112ed587704912f767d23e3abfa5f9445ea6c217754"
"data/validation/phase_10/ebay_matching/batches/sealed_secret_lair_0130_0229/ebay_matching_summary_2026-07-23.json","IDENTITY_MATCHING","False","True","False","NOT_IN_OPENING_INVENTORY","HIGH_PRIORITY_REVIEW","PRESERVE_LEGACY_EVIDENCE","IGNORED_RUNTIME_OR_GENERATED_EVIDENCE","Local ignored/runtime evidence is preserved for lineage and empirical review but is not promoted to production authority.","False","False","False","False","False","8c701e870188b591e30b33011f49bb2d9b95e6173d349b0be8a1cdeca77870c0"
"data/validation/phase_10/ebay_matching/batches/sealed_secret_lair_0130_0229/ebay_product_coverage_2026-07-23.csv","IDENTITY_MATCHING","False","True","False","NOT_IN_OPENING_INVENTORY","HIGH_PRIORITY_REVIEW","PRESERVE_LEGACY_EVIDENCE","IGNORED_RUNTIME_OR_GENERATED_EVIDENCE","Local ignored/runtime evidence is preserved for lineage and empirical review but is not promoted to production authority.","False","False","False","False","False","648747d000c22f9b2688331d7126c68b7553d7d63d214bd19756ec41fd524c31"
"data/validation/phase_10/ebay_matching/batches/sealed_secret_lair_0130_0229/exception_audit/accepted_exceptions.csv","IDENTITY_MATCHING","False","True","False","NOT_IN_OPENING_INVENTORY","HIGH_PRIORITY_REVIEW","PRESERVE_LEGACY_EVIDENCE","IGNORED_RUNTIME_OR_GENERATED_EVIDENCE","Local ignored/runtime evidence is preserved for lineage and empirical review but is not promoted to production authority.","False","False","False","False","False","ab874e39a76de7c1768fcff5db4a67489a5a09337572d49d60efb69e64989372"
"data/validation/phase_10/ebay_matching/batches/sealed_secret_lair_0130_0229/exception_audit/accepted_random_sample.csv","IDENTITY_MATCHING","False","True","False","NOT_IN_OPENING_INVENTORY","HIGH_PRIORITY_REVIEW","PRESERVE_LEGACY_EVIDENCE","IGNORED_RUNTIME_OR_GENERATED_EVIDENCE","Local ignored/runtime evidence is preserved for lineage and empirical review but is not promoted to production authority.","False","False","False","False","False","b0c014aa430d169977ad1f49ca673284dbc16a4715b32c9e6a3b0928a779ec7b"
"data/validation/phase_10/ebay_matching/batches/sealed_secret_lair_0130_0229/exception_audit/audit_report.json","IDENTITY_MATCHING","False","True","False","NOT_IN_OPENING_INVENTORY","HIGH_PRIORITY_REVIEW","PRESERVE_LEGACY_EVIDENCE","IGNORED_RUNTIME_OR_GENERATED_EVIDENCE","Local ignored/runtime evidence is preserved for lineage and empirical review but is not promoted to production authority.","False","False","False","False","False","43eaf1c1070426efae85eb029444e7199378fee2ae6bce7baac5b469cd185ab0"
"data/validation/phase_10/ebay_matching/batches/sealed_secret_lair_0130_0229/exception_audit/review_summary_by_product.csv","IDENTITY_MATCHING","False","True","False","NOT_IN_OPENING_INVENTORY","HIGH_PRIORITY_REVIEW","PRESERVE_LEGACY_EVIDENCE","IGNORED_RUNTIME_OR_GENERATED_EVIDENCE","Local ignored/runtime evidence is preserved for lineage and empirical review but is not promoted to production authority.","False","False","False","False","False","2f80e067cf108c7b61e22b19d92c37b785f11a15507efd9aafb739f9a72e44f3"
"data/validation/phase_10/ebay_matching/batches/sealed_secret_lair_0230_0429/batch_manifest.json","IDENTITY_MATCHING","False","True","False","NOT_IN_OPENING_INVENTORY","HIGH_PRIORITY_REVIEW","PRESERVE_LEGACY_EVIDENCE","IGNORED_RUNTIME_OR_GENERATED_EVIDENCE","Local ignored/runtime evidence is preserved for lineage and empirical review but is not promoted to production authority.","False","False","False","False","False","a47110dd7cc0695cd74624bacf3e46c7608f7c51d7bd1de748eaa976e12e745e"
"data/validation/phase_10/ebay_matching/batches/sealed_secret_lair_0230_0429/ebay_canonical_match_universe_2026-07-23.csv","IDENTITY_REGISTRY","False","True","False","NOT_IN_OPENING_INVENTORY","HIGH_PRIORITY_REVIEW","PRESERVE_LEGACY_EVIDENCE","IGNORED_RUNTIME_OR_GENERATED_EVIDENCE","Local ignored/runtime evidence is preserved for lineage and empirical review but is not promoted to production authority.","False","False","False","False","False","131a2fb4cecbfcd14309fe18a62b30c3be8c1db19ef875a0a320a119bdd5f01b"
"data/validation/phase_10/ebay_matching/batches/sealed_secret_lair_0230_0429/ebay_listing_match_results_2026-07-23.csv","SUPPLY_LIQUIDITY","False","True","False","NOT_IN_OPENING_INVENTORY","HIGH_PRIORITY_REVIEW","PRESERVE_LEGACY_EVIDENCE","IGNORED_RUNTIME_OR_GENERATED_EVIDENCE","Local ignored/runtime evidence is preserved for lineage and empirical review but is not promoted to production authority.","False","False","False","False","False","5bbe620544be22b8f8eee849ac53f1a5f8c86940bb3511b676b09300d1914cb8"
"data/validation/phase_10/ebay_matching/batches/sealed_secret_lair_0230_0429/ebay_manual_review_2026-07-23.csv","IDENTITY_MATCHING","False","True","False","NOT_IN_OPENING_INVENTORY","HIGH_PRIORITY_REVIEW","PRESERVE_LEGACY_EVIDENCE","IGNORED_RUNTIME_OR_GENERATED_EVIDENCE","Local ignored/runtime evidence is preserved for lineage and empirical review but is not promoted to production authority.","False","False","False","False","False","cdfb6e22ce17a70cf65b625340893325c213e6a2434b6e8477d9bf23dfe89f1a"
"data/validation/phase_10/ebay_matching/batches/sealed_secret_lair_0230_0429/ebay_matching_summary_2026-07-23.json","IDENTITY_MATCHING","False","True","False","NOT_IN_OPENING_INVENTORY","HIGH_PRIORITY_REVIEW","PRESERVE_LEGACY_EVIDENCE","IGNORED_RUNTIME_OR_GENERATED_EVIDENCE","Local ignored/runtime evidence is preserved for lineage and empirical review but is not promoted to production authority.","False","False","False","False","False","a2417a27447e7ae20c7bd61546d5e55e5c022c6385b009918d619feb04e6887c"
"data/validation/phase_10/ebay_matching/batches/sealed_secret_lair_0230_0429/ebay_product_coverage_2026-07-23.csv","IDENTITY_MATCHING","False","True","False","NOT_IN_OPENING_INVENTORY","HIGH_PRIORITY_REVIEW","PRESERVE_LEGACY_EVIDENCE","IGNORED_RUNTIME_OR_GENERATED_EVIDENCE","Local ignored/runtime evidence is preserved for lineage and empirical review but is not promoted to production authority.","False","False","False","False","False","fe1ac647b8c89f2d3606dc6a7db69535931ba9ac9b759783738c541dfd664c58"
"data/validation/phase_10/ebay_matching/batches/sealed_secret_lair_0230_0429/exception_audit/accepted_exceptions.csv","IDENTITY_MATCHING","False","True","False","NOT_IN_OPENING_INVENTORY","HIGH_PRIORITY_REVIEW","PRESERVE_LEGACY_EVIDENCE","IGNORED_RUNTIME_OR_GENERATED_EVIDENCE","Local ignored/runtime evidence is preserved for lineage and empirical review but is not promoted to production authority.","False","False","False","False","False","ab874e39a76de7c1768fcff5db4a67489a5a09337572d49d60efb69e64989372"
"data/validation/phase_10/ebay_matching/batches/sealed_secret_lair_0230_0429/exception_audit/accepted_random_sample.csv","IDENTITY_MATCHING","False","True","False","NOT_IN_OPENING_INVENTORY","HIGH_PRIORITY_REVIEW","PRESERVE_LEGACY_EVIDENCE","IGNORED_RUNTIME_OR_GENERATED_EVIDENCE","Local ignored/runtime evidence is preserved for lineage and empirical review but is not promoted to production authority.","False","False","False","False","False","52030976cef84d258e808bb52acfab894c1ffd4d093dd9938484ed3ffc97da44"
"data/validation/phase_10/ebay_matching/batches/sealed_secret_lair_0230_0429/exception_audit/audit_report.json","IDENTITY_MATCHING","False","True","False","NOT_IN_OPENING_INVENTORY","HIGH_PRIORITY_REVIEW","PRESERVE_LEGACY_EVIDENCE","IGNORED_RUNTIME_OR_GENERATED_EVIDENCE","Local ignored/runtime evidence is preserved for lineage and empirical review but is not promoted to production authority.","False","False","False","False","False","afeb80f8d1706040f14692e051c0bc0f6d1e5c598d7a561b72491d0f34c3264d"
"data/validation/phase_10/ebay_matching/batches/sealed_secret_lair_0230_0429/exception_audit/review_summary_by_product.csv","IDENTITY_MATCHING","False","True","False","NOT_IN_OPENING_INVENTORY","HIGH_PRIORITY_REVIEW","PRESERVE_LEGACY_EVIDENCE","IGNORED_RUNTIME_OR_GENERATED_EVIDENCE","Local ignored/runtime evidence is preserved for lineage and empirical review but is not promoted to production authority.","False","False","False","False","False","758c249579557710f81eee02a418c2ce87c890813cc822fc8bf38f90b70b3644"
"data/validation/phase_10/ebay_matching/batches/sealed_secret_lair_0430_0629/batch_manifest.json","IDENTITY_MATCHING","False","True","False","NOT_IN_OPENING_INVENTORY","HIGH_PRIORITY_REVIEW","PRESERVE_LEGACY_EVIDENCE","IGNORED_RUNTIME_OR_GENERATED_EVIDENCE","Local ignored/runtime evidence is preserved for lineage and empirical review but is not promoted to production authority.","False","False","False","False","False","417d9718920cebaa446cfc90434746434aca63ad1409c741d9bd1f28ceba0863"
"data/validation/phase_10/ebay_matching/batches/sealed_secret_lair_0430_0629/ebay_canonical_match_universe_2026-07-23.csv","IDENTITY_REGISTRY","False","True","False","NOT_IN_OPENING_INVENTORY","HIGH_PRIORITY_REVIEW","PRESERVE_LEGACY_EVIDENCE","IGNORED_RUNTIME_OR_GENERATED_EVIDENCE","Local ignored/runtime evidence is preserved for lineage and empirical review but is not promoted to production authority.","False","False","False","False","False","e29fc808df762a03c498d3e0707bbe8adf5793cfc58e5740c88493092d0049b0"
"data/validation/phase_10/ebay_matching/batches/sealed_secret_lair_0430_0629/ebay_listing_match_results_2026-07-23.csv","SUPPLY_LIQUIDITY","False","True","False","NOT_IN_OPENING_INVENTORY","HIGH_PRIORITY_REVIEW","PRESERVE_LEGACY_EVIDENCE","IGNORED_RUNTIME_OR_GENERATED_EVIDENCE","Local ignored/runtime evidence is preserved for lineage and empirical review but is not promoted to production authority.","False","False","False","False","False","45f42ed20125427f69d260b26edf5d3609fa80886fed3550a202784d68d3d79d"
"data/validation/phase_10/ebay_matching/batches/sealed_secret_lair_0430_0629/ebay_manual_review_2026-07-23.csv","IDENTITY_MATCHING","False","True","False","NOT_IN_OPENING_INVENTORY","HIGH_PRIORITY_REVIEW","PRESERVE_LEGACY_EVIDENCE","IGNORED_RUNTIME_OR_GENERATED_EVIDENCE","Local ignored/runtime evidence is preserved for lineage and empirical review but is not promoted to production authority.","False","False","False","False","False","ff9c57b7175b8aaf6f724dc99e1d856012aa799138e9586abffd56da81853c4a"
"data/validation/phase_10/ebay_matching/batches/sealed_secret_lair_0430_0629/ebay_matching_summary_2026-07-23.json","IDENTITY_MATCHING","False","True","False","NOT_IN_OPENING_INVENTORY","HIGH_PRIORITY_REVIEW","PRESERVE_LEGACY_EVIDENCE","IGNORED_RUNTIME_OR_GENERATED_EVIDENCE","Local ignored/runtime evidence is preserved for lineage and empirical review but is not promoted to production authority.","False","False","False","False","False","91c6895c3afee3dd3fec013e753ba4ec134e2089da070563d4bfee9ffebdc1d7"
"data/validation/phase_10/ebay_matching/batches/sealed_secret_lair_0430_0629/ebay_product_coverage_2026-07-23.csv","IDENTITY_MATCHING","False","True","False","NOT_IN_OPENING_INVENTORY","HIGH_PRIORITY_REVIEW","PRESERVE_LEGACY_EVIDENCE","IGNORED_RUNTIME_OR_GENERATED_EVIDENCE","Local ignored/runtime evidence is preserved for lineage and empirical review but is not promoted to production authority.","False","False","False","False","False","4f5e2a13ee97eb33c6e55e6c55aaec946288db54b9596572b1797e8b6617c1d3"
"data/validation/phase_10/ebay_matching/batches/sealed_secret_lair_0430_0629/exception_audit/accepted_exceptions.csv","IDENTITY_MATCHING","False","True","False","NOT_IN_OPENING_INVENTORY","HIGH_PRIORITY_REVIEW","PRESERVE_LEGACY_EVIDENCE","IGNORED_RUNTIME_OR_GENERATED_EVIDENCE","Local ignored/runtime evidence is preserved for lineage and empirical review but is not promoted to production authority.","False","False","False","False","False","ab874e39a76de7c1768fcff5db4a67489a5a09337572d49d60efb69e64989372"
"data/validation/phase_10/ebay_matching/batches/sealed_secret_lair_0430_0629/exception_audit/accepted_random_sample.csv","IDENTITY_MATCHING","False","True","False","NOT_IN_OPENING_INVENTORY","HIGH_PRIORITY_REVIEW","PRESERVE_LEGACY_EVIDENCE","IGNORED_RUNTIME_OR_GENERATED_EVIDENCE","Local ignored/runtime evidence is preserved for lineage and empirical review but is not promoted to production authority.","False","False","False","False","False","8641f06f4173fe6908cbc7d1e1576d95fa5b5b8fdbcc51e933fda7224065d131"
"data/validation/phase_10/ebay_matching/batches/sealed_secret_lair_0430_0629/exception_audit/audit_report.json","IDENTITY_MATCHING","False","True","False","NOT_IN_OPENING_INVENTORY","HIGH_PRIORITY_REVIEW","PRESERVE_LEGACY_EVIDENCE","IGNORED_RUNTIME_OR_GENERATED_EVIDENCE","Local ignored/runtime evidence is preserved for lineage and empirical review but is not promoted to production authority.","False","False","False","False","False","7a758f594b4239511143b6b1e2fadb0199c4370ce1d504965738ebd5f8f026e4"
"data/validation/phase_10/ebay_matching/batches/sealed_secret_lair_0430_0629/exception_audit/review_summary_by_product.csv","IDENTITY_MATCHING","False","True","False","NOT_IN_OPENING_INVENTORY","HIGH_PRIORITY_REVIEW","PRESERVE_LEGACY_EVIDENCE","IGNORED_RUNTIME_OR_GENERATED_EVIDENCE","Local ignored/runtime evidence is preserved for lineage and empirical review but is not promoted to production authority.","False","False","False","False","False","932c6b4c6ca4697befb1fb678b73bfc5fdcac8623ca995eed32e71589d53b51f"
"data/validation/phase_10/ebay_matching/batches/sealed_secret_lair_0630_0829/attempts/attempt_20260724T105457Z/ebay_canonical_match_universe_2026-07-24.csv","IDENTITY_REGISTRY","False","True","False","NOT_IN_OPENING_INVENTORY","HIGH_PRIORITY_REVIEW","PRESERVE_LEGACY_EVIDENCE","IGNORED_RUNTIME_OR_GENERATED_EVIDENCE","Local ignored/runtime evidence is preserved for lineage and empirical review but is not promoted to production authority.","False","False","False","False","False","3c135dd5aa6ebd3df9d8bbeedc0f5d2cc749c38833f26e910dd8269271d8cdfc"
"data/validation/phase_10/ebay_matching/batches/sealed_secret_lair_0630_0829/attempts/attempt_20260724T105457Z/ebay_listing_match_results_2026-07-24.csv","SUPPLY_LIQUIDITY","False","True","False","NOT_IN_OPENING_INVENTORY","HIGH_PRIORITY_REVIEW","PRESERVE_LEGACY_EVIDENCE","IGNORED_RUNTIME_OR_GENERATED_EVIDENCE","Local ignored/runtime evidence is preserved for lineage and empirical review but is not promoted to production authority.","False","False","False","False","False","e21859cff2681dee99f8ab044759734f67ad3c62cb14066e051dfb5afde6cc01"
"data/validation/phase_10/ebay_matching/batches/sealed_secret_lair_0630_0829/attempts/attempt_20260724T105457Z/ebay_manual_review_2026-07-24.csv","IDENTITY_MATCHING","False","True","False","NOT_IN_OPENING_INVENTORY","HIGH_PRIORITY_REVIEW","PRESERVE_LEGACY_EVIDENCE","IGNORED_RUNTIME_OR_GENERATED_EVIDENCE","Local ignored/runtime evidence is preserved for lineage and empirical review but is not promoted to production authority.","False","False","False","False","False","b4ceb104efea9c66b160d65d333e05b18150c16324038ba80d7d99af8de8aed1"
"data/validation/phase_10/ebay_matching/batches/sealed_secret_lair_0630_0829/attempts/attempt_20260724T105457Z/ebay_matching_summary_2026-07-24.json","IDENTITY_MATCHING","False","True","False","NOT_IN_OPENING_INVENTORY","HIGH_PRIORITY_REVIEW","PRESERVE_LEGACY_EVIDENCE","IGNORED_RUNTIME_OR_GENERATED_EVIDENCE","Local ignored/runtime evidence is preserved for lineage and empirical review but is not promoted to production authority.","False","False","False","False","False","fc052c4a5560ada2fe31a05b7e82764e7c772833b4b7f554dde8fd5d071d1b4e"
"data/validation/phase_10/ebay_matching/batches/sealed_secret_lair_0630_0829/attempts/attempt_20260724T105457Z/ebay_product_coverage_2026-07-24.csv","IDENTITY_MATCHING","False","True","False","NOT_IN_OPENING_INVENTORY","HIGH_PRIORITY_REVIEW","PRESERVE_LEGACY_EVIDENCE","IGNORED_RUNTIME_OR_GENERATED_EVIDENCE","Local ignored/runtime evidence is preserved for lineage and empirical review but is not promoted to production authority.","False","False","False","False","False","9e1f424c33561ac4d2d88449c97169c8f8ace59a8040e68858f118b59d289471"
"data/validation/phase_10/ebay_matching/batches/sealed_secret_lair_0630_0829/attempts/attempt_20260724T105457Z/exception_audit/accepted_exceptions.csv","IDENTITY_MATCHING","False","True","False","NOT_IN_OPENING_INVENTORY","HIGH_PRIORITY_REVIEW","PRESERVE_LEGACY_EVIDENCE","IGNORED_RUNTIME_OR_GENERATED_EVIDENCE","Local ignored/runtime evidence is preserved for lineage and empirical review but is not promoted to production authority.","False","False","False","False","False","ab874e39a76de7c1768fcff5db4a67489a5a09337572d49d60efb69e64989372"
"data/validation/phase_10/ebay_matching/batches/sealed_secret_lair_0630_0829/attempts/attempt_20260724T105457Z/exception_audit/accepted_random_sample.csv","IDENTITY_MATCHING","False","True","False","NOT_IN_OPENING_INVENTORY","HIGH_PRIORITY_REVIEW","PRESERVE_LEGACY_EVIDENCE","IGNORED_RUNTIME_OR_GENERATED_EVIDENCE","Local ignored/runtime evidence is preserved for lineage and empirical review but is not promoted to production authority.","False","False","False","False","False","9b52322e0109df2c40ea0985ae92c9299287af022c63cc95fcb1b5e8c1170a71"
"data/validation/phase_10/ebay_matching/batches/sealed_secret_lair_0630_0829/attempts/attempt_20260724T105457Z/exception_audit/audit_report.json","IDENTITY_MATCHING","False","True","False","NOT_IN_OPENING_INVENTORY","HIGH_PRIORITY_REVIEW","PRESERVE_LEGACY_EVIDENCE","IGNORED_RUNTIME_OR_GENERATED_EVIDENCE","Local ignored/runtime evidence is preserved for lineage and empirical review but is not promoted to production authority.","False","False","False","False","False","76aac0e0776ba8d4a1e6609d3fb226748f87abea084ee7f43d8047cac1115270"
"data/validation/phase_10/ebay_matching/batches/sealed_secret_lair_0630_0829/attempts/attempt_20260724T105457Z/exception_audit/review_summary_by_product.csv","IDENTITY_MATCHING","False","True","False","NOT_IN_OPENING_INVENTORY","HIGH_PRIORITY_REVIEW","PRESERVE_LEGACY_EVIDENCE","IGNORED_RUNTIME_OR_GENERATED_EVIDENCE","Local ignored/runtime evidence is preserved for lineage and empirical review but is not promoted to production authority.","False","False","False","False","False","0d8ea90cf260472749eb76d1f4925c34f91a75e71eb68917e2b2a6b375cb7b12"
"data/validation/phase_10/ebay_matching/batches/sealed_secret_lair_0630_0829/attempts/attempt_20260724T105457Z/resume_attempt_manifest.json","IDENTITY_MATCHING","False","True","False","NOT_IN_OPENING_INVENTORY","HIGH_PRIORITY_REVIEW","PRESERVE_LEGACY_EVIDENCE","IGNORED_RUNTIME_OR_GENERATED_EVIDENCE","Local ignored/runtime evidence is preserved for lineage and empirical review but is not promoted to production authority.","False","False","False","False","False","c1e7313d774e3846d638e8a9b9c08fbcd81d7c76a3c23032ac70597856fb1e62"
"data/validation/phase_10/ebay_matching/batches/sealed_secret_lair_0630_0829/batch_manifest.json","IDENTITY_MATCHING","False","True","False","NOT_IN_OPENING_INVENTORY","HIGH_PRIORITY_REVIEW","PRESERVE_LEGACY_EVIDENCE","IGNORED_RUNTIME_OR_GENERATED_EVIDENCE","Local ignored/runtime evidence is preserved for lineage and empirical review but is not promoted to production authority.","False","False","False","False","False","981b55b3a9672c26f9c43e6e0d7f84842c4ecb699ced85099b5fe22186302868"
"data/validation/phase_10/ebay_matching/batches/sealed_secret_lair_0630_0829/certified_consolidation_manifest.json","IDENTITY_MATCHING","False","True","False","NOT_IN_OPENING_INVENTORY","HIGH_PRIORITY_REVIEW","PRESERVE_LEGACY_EVIDENCE","IGNORED_RUNTIME_OR_GENERATED_EVIDENCE","Local ignored/runtime evidence is preserved for lineage and empirical review but is not promoted to production authority.","False","False","False","False","False","469d67fcc81096c70cdf71a7d7092e4fafb33b8c06d9959c40dcc095a6714d2c"
"data/validation/phase_10/ebay_matching/batches/sealed_secret_lair_0630_0829/consolidated/consolidation_20260724T110424Z/consolidation_manifest.json","IDENTITY_MATCHING","False","True","False","NOT_IN_OPENING_INVENTORY","HIGH_PRIORITY_REVIEW","PRESERVE_LEGACY_EVIDENCE","IGNORED_RUNTIME_OR_GENERATED_EVIDENCE","Local ignored/runtime evidence is preserved for lineage and empirical review but is not promoted to production authority.","False","False","False","False","False","2de981b4faed07aa29055f6a2e53525f64eb8bbae1c311e120e61582559d12a7"
"data/validation/phase_10/ebay_matching/batches/sealed_secret_lair_0630_0829/consolidated/consolidation_20260724T110424Z/ebay_canonical_match_universe_2026-07-24.csv","IDENTITY_REGISTRY","False","True","False","NOT_IN_OPENING_INVENTORY","HIGH_PRIORITY_REVIEW","PRESERVE_LEGACY_EVIDENCE","IGNORED_RUNTIME_OR_GENERATED_EVIDENCE","Local ignored/runtime evidence is preserved for lineage and empirical review but is not promoted to production authority.","False","False","False","False","False","fead14e0a4fbd30940c602259dc0865fb8e09a5b7c43241c5e3662b79bab2217"
"data/validation/phase_10/ebay_matching/batches/sealed_secret_lair_0630_0829/consolidated/consolidation_20260724T110424Z/ebay_listing_match_results_2026-07-24.csv","SUPPLY_LIQUIDITY","False","True","False","NOT_IN_OPENING_INVENTORY","HIGH_PRIORITY_REVIEW","PRESERVE_LEGACY_EVIDENCE","IGNORED_RUNTIME_OR_GENERATED_EVIDENCE","Local ignored/runtime evidence is preserved for lineage and empirical review but is not promoted to production authority.","False","False","False","False","False","592ef083ad1af16c3f1583412b0bdf20b54eca220cf87a8a842d55e800cdc8eb"
"data/validation/phase_10/ebay_matching/batches/sealed_secret_lair_0630_0829/consolidated/consolidation_20260724T110424Z/ebay_manual_review_2026-07-24.csv","IDENTITY_MATCHING","False","True","False","NOT_IN_OPENING_INVENTORY","HIGH_PRIORITY_REVIEW","PRESERVE_LEGACY_EVIDENCE","IGNORED_RUNTIME_OR_GENERATED_EVIDENCE","Local ignored/runtime evidence is preserved for lineage and empirical review but is not promoted to production authority.","False","False","False","False","False","a5de900afe3e375ee709b1b09a415114e18c8a396a712c6820193a52f2acdb92"
"data/validation/phase_10/ebay_matching/batches/sealed_secret_lair_0630_0829/consolidated/consolidation_20260724T110424Z/ebay_product_coverage_2026-07-24.csv","IDENTITY_MATCHING","False","True","False","NOT_IN_OPENING_INVENTORY","HIGH_PRIORITY_REVIEW","PRESERVE_LEGACY_EVIDENCE","IGNORED_RUNTIME_OR_GENERATED_EVIDENCE","Local ignored/runtime evidence is preserved for lineage and empirical review but is not promoted to production authority.","False","False","False","False","False","0a8a895c58d687cc1c2eed7b68faba1c3d57a266e47d372046841303f097aa70"
"data/validation/phase_10/ebay_matching/batches/sealed_secret_lair_0630_0829/consolidated/consolidation_20260724T110424Z/exception_audit/accepted_exceptions.csv","IDENTITY_MATCHING","False","True","False","NOT_IN_OPENING_INVENTORY","HIGH_PRIORITY_REVIEW","PRESERVE_LEGACY_EVIDENCE","IGNORED_RUNTIME_OR_GENERATED_EVIDENCE","Local ignored/runtime evidence is preserved for lineage and empirical review but is not promoted to production authority.","False","False","False","False","False","ab874e39a76de7c1768fcff5db4a67489a5a09337572d49d60efb69e64989372"
"data/validation/phase_10/ebay_matching/batches/sealed_secret_lair_0630_0829/consolidated/consolidation_20260724T110424Z/exception_audit/accepted_random_sample.csv","IDENTITY_MATCHING","False","True","False","NOT_IN_OPENING_INVENTORY","HIGH_PRIORITY_REVIEW","PRESERVE_LEGACY_EVIDENCE","IGNORED_RUNTIME_OR_GENERATED_EVIDENCE","Local ignored/runtime evidence is preserved for lineage and empirical review but is not promoted to production authority.","False","False","False","False","False","dd56292935574df8afb104af7d25684947fdfdeaaab94bdd9c227be4f6ec1cac"
"data/validation/phase_10/ebay_matching/batches/sealed_secret_lair_0630_0829/consolidated/consolidation_20260724T110424Z/exception_audit/audit_report.json","IDENTITY_MATCHING","False","True","False","NOT_IN_OPENING_INVENTORY","HIGH_PRIORITY_REVIEW","PRESERVE_LEGACY_EVIDENCE","IGNORED_RUNTIME_OR_GENERATED_EVIDENCE","Local ignored/runtime evidence is preserved for lineage and empirical review but is not promoted to production authority.","False","False","False","False","False","1dca6606c36272b74e9644134ac54d84359f81d25c05b30120c740d18a2045ff"
"data/validation/phase_10/ebay_matching/batches/sealed_secret_lair_0630_0829/consolidated/consolidation_20260724T110424Z/exception_audit/review_summary_by_product.csv","IDENTITY_MATCHING","False","True","False","NOT_IN_OPENING_INVENTORY","HIGH_PRIORITY_REVIEW","PRESERVE_LEGACY_EVIDENCE","IGNORED_RUNTIME_OR_GENERATED_EVIDENCE","Local ignored/runtime evidence is preserved for lineage and empirical review but is not promoted to production authority.","False","False","False","False","False","03645bb88b4db97dbbc3a43f75d7aab7a27423427dd0df557269530550bec7d0"
"data/validation/phase_10/ebay_matching/batches/sealed_secret_lair_0630_0829/ebay_canonical_match_universe_2026-07-24.csv","IDENTITY_REGISTRY","False","True","False","NOT_IN_OPENING_INVENTORY","HIGH_PRIORITY_REVIEW","PRESERVE_LEGACY_EVIDENCE","IGNORED_RUNTIME_OR_GENERATED_EVIDENCE","Local ignored/runtime evidence is preserved for lineage and empirical review but is not promoted to production authority.","False","False","False","False","False","fead14e0a4fbd30940c602259dc0865fb8e09a5b7c43241c5e3662b79bab2217"
"data/validation/phase_10/ebay_matching/batches/sealed_secret_lair_0630_0829/ebay_listing_match_results_2026-07-24.csv","SUPPLY_LIQUIDITY","False","True","False","NOT_IN_OPENING_INVENTORY","HIGH_PRIORITY_REVIEW","PRESERVE_LEGACY_EVIDENCE","IGNORED_RUNTIME_OR_GENERATED_EVIDENCE","Local ignored/runtime evidence is preserved for lineage and empirical review but is not promoted to production authority.","False","False","False","False","False","592ef083ad1af16c3f1583412b0bdf20b54eca220cf87a8a842d55e800cdc8eb"
"data/validation/phase_10/ebay_matching/batches/sealed_secret_lair_0630_0829/ebay_manual_review_2026-07-24.csv","IDENTITY_MATCHING","False","True","False","NOT_IN_OPENING_INVENTORY","HIGH_PRIORITY_REVIEW","PRESERVE_LEGACY_EVIDENCE","IGNORED_RUNTIME_OR_GENERATED_EVIDENCE","Local ignored/runtime evidence is preserved for lineage and empirical review but is not promoted to production authority.","False","False","False","False","False","a5de900afe3e375ee709b1b09a415114e18c8a396a712c6820193a52f2acdb92"
"data/validation/phase_10/ebay_matching/batches/sealed_secret_lair_0630_0829/ebay_matching_summary_2026-07-23.json","IDENTITY_MATCHING","False","True","False","NOT_IN_OPENING_INVENTORY","HIGH_PRIORITY_REVIEW","PRESERVE_LEGACY_EVIDENCE","IGNORED_RUNTIME_OR_GENERATED_EVIDENCE","Local ignored/runtime evidence is preserved for lineage and empirical review but is not promoted to production authority.","False","False","False","False","False","a8f8a26bd5012abf524e56d6631b062cfe6b625693749f9cbe820bfa64208ad3"
"data/validation/phase_10/ebay_matching/batches/sealed_secret_lair_0630_0829/ebay_product_coverage_2026-07-24.csv","IDENTITY_MATCHING","False","True","False","NOT_IN_OPENING_INVENTORY","HIGH_PRIORITY_REVIEW","PRESERVE_LEGACY_EVIDENCE","IGNORED_RUNTIME_OR_GENERATED_EVIDENCE","Local ignored/runtime evidence is preserved for lineage and empirical review but is not promoted to production authority.","False","False","False","False","False","0a8a895c58d687cc1c2eed7b68faba1c3d57a266e47d372046841303f097aa70"
"data/validation/phase_10/ebay_matching/batches/sealed_secret_lair_0630_0829/exception_audit/accepted_exceptions.csv","IDENTITY_MATCHING","False","True","False","NOT_IN_OPENING_INVENTORY","HIGH_PRIORITY_REVIEW","PRESERVE_LEGACY_EVIDENCE","IGNORED_RUNTIME_OR_GENERATED_EVIDENCE","Local ignored/runtime evidence is preserved for lineage and empirical review but is not promoted to production authority.","False","False","False","False","False","ab874e39a76de7c1768fcff5db4a67489a5a09337572d49d60efb69e64989372"
"data/validation/phase_10/ebay_matching/batches/sealed_secret_lair_0630_0829/exception_audit/accepted_random_sample.csv","IDENTITY_MATCHING","False","True","False","NOT_IN_OPENING_INVENTORY","HIGH_PRIORITY_REVIEW","PRESERVE_LEGACY_EVIDENCE","IGNORED_RUNTIME_OR_GENERATED_EVIDENCE","Local ignored/runtime evidence is preserved for lineage and empirical review but is not promoted to production authority.","False","False","False","False","False","dd56292935574df8afb104af7d25684947fdfdeaaab94bdd9c227be4f6ec1cac"
"data/validation/phase_10/ebay_matching/batches/sealed_secret_lair_0630_0829/exception_audit/audit_report.json","IDENTITY_MATCHING","False","True","False","NOT_IN_OPENING_INVENTORY","HIGH_PRIORITY_REVIEW","PRESERVE_LEGACY_EVIDENCE","IGNORED_RUNTIME_OR_GENERATED_EVIDENCE","Local ignored/runtime evidence is preserved for lineage and empirical review but is not promoted to production authority.","False","False","False","False","False","a3ebc74b43df550c724ce6efc5a8f572b3c1a49558015d16b8ae54bc2a2b7c2f"
"data/validation/phase_10/ebay_matching/batches/sealed_secret_lair_0630_0829/exception_audit/review_summary_by_product.csv","IDENTITY_MATCHING","False","True","False","NOT_IN_OPENING_INVENTORY","HIGH_PRIORITY_REVIEW","PRESERVE_LEGACY_EVIDENCE","IGNORED_RUNTIME_OR_GENERATED_EVIDENCE","Local ignored/runtime evidence is preserved for lineage and empirical review but is not promoted to production authority.","False","False","False","False","False","03645bb88b4db97dbbc3a43f75d7aab7a27423427dd0df557269530550bec7d0"
"data/validation/phase_10/ebay_matching/batches/sealed_secret_lair_0630_0829/promotion_backups/backup_20260724T110938Z/batch_manifest.json","IDENTITY_MATCHING","False","True","False","NOT_IN_OPENING_INVENTORY","HIGH_PRIORITY_REVIEW","PRESERVE_LEGACY_EVIDENCE","IGNORED_RUNTIME_OR_GENERATED_EVIDENCE","Local ignored/runtime evidence is preserved for lineage and empirical review but is not promoted to production authority.","False","False","False","False","False","471432bad92c449fd1e49bf450e62078920f1945003be2fd5fae6da07e90dd89"
"data/validation/phase_10/ebay_matching/batches/sealed_secret_lair_0630_0829/promotion_backups/backup_20260724T110938Z/ebay_canonical_match_universe_2026-07-23.csv","IDENTITY_REGISTRY","False","True","False","NOT_IN_OPENING_INVENTORY","HIGH_PRIORITY_REVIEW","PRESERVE_LEGACY_EVIDENCE","IGNORED_RUNTIME_OR_GENERATED_EVIDENCE","Local ignored/runtime evidence is preserved for lineage and empirical review but is not promoted to production authority.","False","False","False","False","False","fead14e0a4fbd30940c602259dc0865fb8e09a5b7c43241c5e3662b79bab2217"
"data/validation/phase_10/ebay_matching/batches/sealed_secret_lair_0630_0829/promotion_backups/backup_20260724T110938Z/ebay_listing_match_results_2026-07-23.csv","SUPPLY_LIQUIDITY","False","True","False","NOT_IN_OPENING_INVENTORY","HIGH_PRIORITY_REVIEW","PRESERVE_LEGACY_EVIDENCE","IGNORED_RUNTIME_OR_GENERATED_EVIDENCE","Local ignored/runtime evidence is preserved for lineage and empirical review but is not promoted to production authority.","False","False","False","False","False","f77c770996677012a3a12e1b4598ebc5f1d7991898273c620342117e1c81b1cb"
"data/validation/phase_10/ebay_matching/batches/sealed_secret_lair_0630_0829/promotion_backups/backup_20260724T110938Z/ebay_manual_review_2026-07-23.csv","IDENTITY_MATCHING","False","True","False","NOT_IN_OPENING_INVENTORY","HIGH_PRIORITY_REVIEW","PRESERVE_LEGACY_EVIDENCE","IGNORED_RUNTIME_OR_GENERATED_EVIDENCE","Local ignored/runtime evidence is preserved for lineage and empirical review but is not promoted to production authority.","False","False","False","False","False","a01ffd927e3c5ce33bdd0f4848d1f75fb746df18708dec2d6f085802e7d4af14"
"data/validation/phase_10/ebay_matching/batches/sealed_secret_lair_0630_0829/promotion_backups/backup_20260724T110938Z/ebay_product_coverage_2026-07-23.csv","IDENTITY_MATCHING","False","True","False","NOT_IN_OPENING_INVENTORY","HIGH_PRIORITY_REVIEW","PRESERVE_LEGACY_EVIDENCE","IGNORED_RUNTIME_OR_GENERATED_EVIDENCE","Local ignored/runtime evidence is preserved for lineage and empirical review but is not promoted to production authority.","False","False","False","False","False","055f3728fb940c3a87b27b20131923b85007a94ac257ee3dd982e6489c324dab"
"data/validation/phase_10/ebay_matching/batches/sealed_secret_lair_0830_0972/attempts/attempt_20260724T111205Z/ebay_canonical_match_universe_2026-07-24.csv","IDENTITY_REGISTRY","False","True","False","NOT_IN_OPENING_INVENTORY","HIGH_PRIORITY_REVIEW","PRESERVE_LEGACY_EVIDENCE","IGNORED_RUNTIME_OR_GENERATED_EVIDENCE","Local ignored/runtime evidence is preserved for lineage and empirical review but is not promoted to production authority.","False","False","False","False","False","277bf41879992132d332a21807af829f98f8f2946885b65ec701f6c33127c7eb"
"data/validation/phase_10/ebay_matching/batches/sealed_secret_lair_0830_0972/attempts/attempt_20260724T111205Z/ebay_listing_match_results_2026-07-24.csv","SUPPLY_LIQUIDITY","False","True","False","NOT_IN_OPENING_INVENTORY","HIGH_PRIORITY_REVIEW","PRESERVE_LEGACY_EVIDENCE","IGNORED_RUNTIME_OR_GENERATED_EVIDENCE","Local ignored/runtime evidence is preserved for lineage and empirical review but is not promoted to production authority.","False","False","False","False","False","9e45a663803a17a94f54b0b30aa926285bd9381769c2c6eb82c1b29baf04c6a3"
"data/validation/phase_10/ebay_matching/batches/sealed_secret_lair_0830_0972/attempts/attempt_20260724T111205Z/ebay_manual_review_2026-07-24.csv","IDENTITY_MATCHING","False","True","False","NOT_IN_OPENING_INVENTORY","HIGH_PRIORITY_REVIEW","PRESERVE_LEGACY_EVIDENCE","IGNORED_RUNTIME_OR_GENERATED_EVIDENCE","Local ignored/runtime evidence is preserved for lineage and empirical review but is not promoted to production authority.","False","False","False","False","False","035b2bc82f19b4889cfdf2f517bb3e2a2b1a81f71710c43f91527a3e4cd3bb6d"
"data/validation/phase_10/ebay_matching/batches/sealed_secret_lair_0830_0972/attempts/attempt_20260724T111205Z/ebay_matching_summary_2026-07-24.json","IDENTITY_MATCHING","False","True","False","NOT_IN_OPENING_INVENTORY","HIGH_PRIORITY_REVIEW","PRESERVE_LEGACY_EVIDENCE","IGNORED_RUNTIME_OR_GENERATED_EVIDENCE","Local ignored/runtime evidence is preserved for lineage and empirical review but is not promoted to production authority.","False","False","False","False","False","ee46b1d6ba72770963249375b2ed052b8c1bdfdaea8cd1e687ce1d2ab4bda553"
"data/validation/phase_10/ebay_matching/batches/sealed_secret_lair_0830_0972/attempts/attempt_20260724T111205Z/ebay_product_coverage_2026-07-24.csv","IDENTITY_MATCHING","False","True","False","NOT_IN_OPENING_INVENTORY","HIGH_PRIORITY_REVIEW","PRESERVE_LEGACY_EVIDENCE","IGNORED_RUNTIME_OR_GENERATED_EVIDENCE","Local ignored/runtime evidence is preserved for lineage and empirical review but is not promoted to production authority.","False","False","False","False","False","717c61747f44caadc519d14b4aa285f1b24222ea5a15f7864ad60bb6cb4c8a2c"
"data/validation/phase_10/ebay_matching/batches/sealed_secret_lair_0830_0972/batch_manifest.json","IDENTITY_MATCHING","False","True","False","NOT_IN_OPENING_INVENTORY","HIGH_PRIORITY_REVIEW","PRESERVE_LEGACY_EVIDENCE","IGNORED_RUNTIME_OR_GENERATED_EVIDENCE","Local ignored/runtime evidence is preserved for lineage and empirical review but is not promoted to production authority.","False","False","False","False","False","d96f26c6730982765944ebf776a3403acf54ed3b0c70e9a04c908fcea1d211b6"
"data/validation/phase_10/ebay_matching/batches/sealed_secret_lair_0830_0972/ebay_canonical_match_universe_2026-07-24.csv","IDENTITY_REGISTRY","False","True","False","NOT_IN_OPENING_INVENTORY","HIGH_PRIORITY_REVIEW","PRESERVE_LEGACY_EVIDENCE","IGNORED_RUNTIME_OR_GENERATED_EVIDENCE","Local ignored/runtime evidence is preserved for lineage and empirical review but is not promoted to production authority.","False","False","False","False","False","277bf41879992132d332a21807af829f98f8f2946885b65ec701f6c33127c7eb"
"data/validation/phase_10/ebay_matching/batches/sealed_secret_lair_0830_0972/ebay_listing_match_results_2026-07-24.csv","SUPPLY_LIQUIDITY","False","True","False","NOT_IN_OPENING_INVENTORY","HIGH_PRIORITY_REVIEW","PRESERVE_LEGACY_EVIDENCE","IGNORED_RUNTIME_OR_GENERATED_EVIDENCE","Local ignored/runtime evidence is preserved for lineage and empirical review but is not promoted to production authority.","False","False","False","False","False","330a6d440b06b2a2fc3a9e44682294a6c639c7ec150f2981c842d7a97eb9bdaf"
"data/validation/phase_10/ebay_matching/batches/sealed_secret_lair_0830_0972/ebay_manual_review_2026-07-24.csv","IDENTITY_MATCHING","False","True","False","NOT_IN_OPENING_INVENTORY","HIGH_PRIORITY_REVIEW","PRESERVE_LEGACY_EVIDENCE","IGNORED_RUNTIME_OR_GENERATED_EVIDENCE","Local ignored/runtime evidence is preserved for lineage and empirical review but is not promoted to production authority.","False","False","False","False","False","f5dcc7ad92b3b185dc4b016892ea1f837c2e8d2d1122fac1b143bbe334f67eb4"
"data/validation/phase_10/ebay_matching/batches/sealed_secret_lair_0830_0972/ebay_matching_summary_2026-07-24.json","IDENTITY_MATCHING","False","True","False","NOT_IN_OPENING_INVENTORY","HIGH_PRIORITY_REVIEW","PRESERVE_LEGACY_EVIDENCE","IGNORED_RUNTIME_OR_GENERATED_EVIDENCE","Local ignored/runtime evidence is preserved for lineage and empirical review but is not promoted to production authority.","False","False","False","False","False","5aeeeb090ed3bc9ae6c33dd04ed5cc839c59e400c8bb448e702bc6917790100e"
"data/validation/phase_10/ebay_matching/batches/sealed_secret_lair_0830_0972/ebay_product_coverage_2026-07-24.csv","IDENTITY_MATCHING","False","True","False","NOT_IN_OPENING_INVENTORY","HIGH_PRIORITY_REVIEW","PRESERVE_LEGACY_EVIDENCE","IGNORED_RUNTIME_OR_GENERATED_EVIDENCE","Local ignored/runtime evidence is preserved for lineage and empirical review but is not promoted to production authority.","False","False","False","False","False","8df6d86c08b61f20c07b656fc46cbdf29a52231a6e7bb573372da2a3128150d2"
"data/validation/phase_10/ebay_matching/batches/sealed_secret_lair_0830_0972/exception_audit/accepted_exceptions.csv","IDENTITY_MATCHING","False","True","False","NOT_IN_OPENING_INVENTORY","HIGH_PRIORITY_REVIEW","PRESERVE_LEGACY_EVIDENCE","IGNORED_RUNTIME_OR_GENERATED_EVIDENCE","Local ignored/runtime evidence is preserved for lineage and empirical review but is not promoted to production authority.","False","False","False","False","False","ab874e39a76de7c1768fcff5db4a67489a5a09337572d49d60efb69e64989372"
"data/validation/phase_10/ebay_matching/batches/sealed_secret_lair_0830_0972/exception_audit/accepted_random_sample.csv","IDENTITY_MATCHING","False","True","False","NOT_IN_OPENING_INVENTORY","HIGH_PRIORITY_REVIEW","PRESERVE_LEGACY_EVIDENCE","IGNORED_RUNTIME_OR_GENERATED_EVIDENCE","Local ignored/runtime evidence is preserved for lineage and empirical review but is not promoted to production authority.","False","False","False","False","False","6b4a8281003c12b4df37f52c1578ea48cfbff5b0ca0dad747715469022cbb99d"
"data/validation/phase_10/ebay_matching/batches/sealed_secret_lair_0830_0972/exception_audit/audit_report.json","IDENTITY_MATCHING","False","True","False","NOT_IN_OPENING_INVENTORY","HIGH_PRIORITY_REVIEW","PRESERVE_LEGACY_EVIDENCE","IGNORED_RUNTIME_OR_GENERATED_EVIDENCE","Local ignored/runtime evidence is preserved for lineage and empirical review but is not promoted to production authority.","False","False","False","False","False","50e837c550cbf78afec56c24b3dd37ef6cfdcf529ac278bc4dcc24809dee6c95"
"data/validation/phase_10/ebay_matching/batches/sealed_secret_lair_0830_0972/exception_audit/review_summary_by_product.csv","IDENTITY_MATCHING","False","True","False","NOT_IN_OPENING_INVENTORY","HIGH_PRIORITY_REVIEW","PRESERVE_LEGACY_EVIDENCE","IGNORED_RUNTIME_OR_GENERATED_EVIDENCE","Local ignored/runtime evidence is preserved for lineage and empirical review but is not promoted to production authority.","False","False","False","False","False","7a4b5696d31d77662e406ce6a8a28969dd2176740f2112ac1672fba223f0c582"
"data/validation/phase_10/ebay_matching/batches/sealed_secret_lair_0830_0972/promotion_backups/backup_20260724T121719Z/ebay_canonical_match_universe_2026-07-24.csv","IDENTITY_REGISTRY","False","True","False","NOT_IN_OPENING_INVENTORY","HIGH_PRIORITY_REVIEW","PRESERVE_LEGACY_EVIDENCE","IGNORED_RUNTIME_OR_GENERATED_EVIDENCE","Local ignored/runtime evidence is preserved for lineage and empirical review but is not promoted to production authority.","False","False","False","False","False","277bf41879992132d332a21807af829f98f8f2946885b65ec701f6c33127c7eb"
"data/validation/phase_10/ebay_matching/batches/sealed_secret_lair_0830_0972/promotion_backups/backup_20260724T121719Z/ebay_listing_match_results_2026-07-24.csv","SUPPLY_LIQUIDITY","False","True","False","NOT_IN_OPENING_INVENTORY","HIGH_PRIORITY_REVIEW","PRESERVE_LEGACY_EVIDENCE","IGNORED_RUNTIME_OR_GENERATED_EVIDENCE","Local ignored/runtime evidence is preserved for lineage and empirical review but is not promoted to production authority.","False","False","False","False","False","9e45a663803a17a94f54b0b30aa926285bd9381769c2c6eb82c1b29baf04c6a3"
"data/validation/phase_10/ebay_matching/batches/sealed_secret_lair_0830_0972/promotion_backups/backup_20260724T121719Z/ebay_manual_review_2026-07-24.csv","IDENTITY_MATCHING","False","True","False","NOT_IN_OPENING_INVENTORY","HIGH_PRIORITY_REVIEW","PRESERVE_LEGACY_EVIDENCE","IGNORED_RUNTIME_OR_GENERATED_EVIDENCE","Local ignored/runtime evidence is preserved for lineage and empirical review but is not promoted to production authority.","False","False","False","False","False","035b2bc82f19b4889cfdf2f517bb3e2a2b1a81f71710c43f91527a3e4cd3bb6d"
"data/validation/phase_10/ebay_matching/batches/sealed_secret_lair_0830_0972/promotion_backups/backup_20260724T121719Z/ebay_matching_summary_2026-07-24.json","IDENTITY_MATCHING","False","True","False","NOT_IN_OPENING_INVENTORY","HIGH_PRIORITY_REVIEW","PRESERVE_LEGACY_EVIDENCE","IGNORED_RUNTIME_OR_GENERATED_EVIDENCE","Local ignored/runtime evidence is preserved for lineage and empirical review but is not promoted to production authority.","False","False","False","False","False","ee46b1d6ba72770963249375b2ed052b8c1bdfdaea8cd1e687ce1d2ab4bda553"
"data/validation/phase_10/ebay_matching/batches/sealed_secret_lair_0830_0972/promotion_backups/backup_20260724T121719Z/ebay_product_coverage_2026-07-24.csv","IDENTITY_MATCHING","False","True","False","NOT_IN_OPENING_INVENTORY","HIGH_PRIORITY_REVIEW","PRESERVE_LEGACY_EVIDENCE","IGNORED_RUNTIME_OR_GENERATED_EVIDENCE","Local ignored/runtime evidence is preserved for lineage and empirical review but is not promoted to production authority.","False","False","False","False","False","717c61747f44caadc519d14b4aa285f1b24222ea5a15f7864ad60bb6cb4c8a2c"
"data/validation/phase_10/ebay_matching/batches/sealed_secret_lair_0830_0972/promotion_backups/backup_20260724T121719Z/exception_audit/accepted_exceptions.csv","IDENTITY_MATCHING","False","True","False","NOT_IN_OPENING_INVENTORY","HIGH_PRIORITY_REVIEW","PRESERVE_LEGACY_EVIDENCE","IGNORED_RUNTIME_OR_GENERATED_EVIDENCE","Local ignored/runtime evidence is preserved for lineage and empirical review but is not promoted to production authority.","False","False","False","False","False","9a474419c5260583ce2a7fb7a12f7f1c8b8bbb316d9290ce96dafa3e00cf1619"
"data/validation/phase_10/ebay_matching/batches/sealed_secret_lair_0830_0972/promotion_backups/backup_20260724T121719Z/exception_audit/accepted_random_sample.csv","IDENTITY_MATCHING","False","True","False","NOT_IN_OPENING_INVENTORY","HIGH_PRIORITY_REVIEW","PRESERVE_LEGACY_EVIDENCE","IGNORED_RUNTIME_OR_GENERATED_EVIDENCE","Local ignored/runtime evidence is preserved for lineage and empirical review but is not promoted to production authority.","False","False","False","False","False","744b16321e63b8dbcad1f94f8a204a875feb294e0b05a0226dbf394d9a36ee5e"
"data/validation/phase_10/ebay_matching/batches/sealed_secret_lair_0830_0972/promotion_backups/backup_20260724T121719Z/exception_audit/audit_report.json","IDENTITY_MATCHING","False","True","False","NOT_IN_OPENING_INVENTORY","REUSE_OR_ADAPT_CANDIDATE","PRESERVE_LEGACY_EVIDENCE","IGNORED_RUNTIME_OR_GENERATED_EVIDENCE","Local ignored/runtime evidence is preserved for lineage and empirical review but is not promoted to production authority.","False","False","False","False","False","f0a8c63a0532c3aac319a83e1221ca4f886681a395a3408c6368b3fa18564a0c"
"data/validation/phase_10/ebay_matching/batches/sealed_secret_lair_0830_0972/promotion_backups/backup_20260724T121719Z/exception_audit/collision_family_diagnostic.csv","IDENTITY_MATCHING","False","True","False","NOT_IN_OPENING_INVENTORY","HIGH_PRIORITY_REVIEW","PRESERVE_LEGACY_EVIDENCE","IGNORED_RUNTIME_OR_GENERATED_EVIDENCE","Local ignored/runtime evidence is preserved for lineage and empirical review but is not promoted to production authority.","False","False","False","False","False","154622220dfeb159e8d790fbb325441703607bb9c0eeafb96c35eee56093a9bd"
"data/validation/phase_10/ebay_matching/batches/sealed_secret_lair_0830_0972/promotion_backups/backup_20260724T121719Z/exception_audit/review_summary_by_product.csv","IDENTITY_MATCHING","False","True","False","NOT_IN_OPENING_INVENTORY","HIGH_PRIORITY_REVIEW","PRESERVE_LEGACY_EVIDENCE","IGNORED_RUNTIME_OR_GENERATED_EVIDENCE","Local ignored/runtime evidence is preserved for lineage and empirical review but is not promoted to production authority.","False","False","False","False","False","02e9d3f588c8e794b0b5c8b287d8b631aa73d614ce1c5a81bd0b5e97e9d55477"
"data/validation/phase_10/ebay_matching/batches/sealed_secret_lair_0830_0972/reclassification_promotion_manifest.json","IDENTITY_MATCHING","False","True","False","NOT_IN_OPENING_INVENTORY","HIGH_PRIORITY_REVIEW","PRESERVE_LEGACY_EVIDENCE","IGNORED_RUNTIME_OR_GENERATED_EVIDENCE","Local ignored/runtime evidence is preserved for lineage and empirical review but is not promoted to production authority.","False","False","False","False","False","149d26d2f79e06db89b0689b0739d21a3451ec7d3b65a93d94e2142c9764647e"
"data/validation/phase_10/ebay_matching/batches/sealed_secret_lair_0830_0972/reclassified/reclassification_20260724T120952Z/ebay_canonical_match_universe_2026-07-24.csv","IDENTITY_REGISTRY","False","True","False","NOT_IN_OPENING_INVENTORY","HIGH_PRIORITY_REVIEW","PRESERVE_LEGACY_EVIDENCE","IGNORED_RUNTIME_OR_GENERATED_EVIDENCE","Local ignored/runtime evidence is preserved for lineage and empirical review but is not promoted to production authority.","False","False","False","False","False","277bf41879992132d332a21807af829f98f8f2946885b65ec701f6c33127c7eb"
"data/validation/phase_10/ebay_matching/batches/sealed_secret_lair_0830_0972/reclassified/reclassification_20260724T120952Z/ebay_listing_match_results_2026-07-24.csv","SUPPLY_LIQUIDITY","False","True","False","NOT_IN_OPENING_INVENTORY","HIGH_PRIORITY_REVIEW","PRESERVE_LEGACY_EVIDENCE","IGNORED_RUNTIME_OR_GENERATED_EVIDENCE","Local ignored/runtime evidence is preserved for lineage and empirical review but is not promoted to production authority.","False","False","False","False","False","330a6d440b06b2a2fc3a9e44682294a6c639c7ec150f2981c842d7a97eb9bdaf"
"data/validation/phase_10/ebay_matching/batches/sealed_secret_lair_0830_0972/reclassified/reclassification_20260724T120952Z/ebay_manual_review_2026-07-24.csv","IDENTITY_MATCHING","False","True","False","NOT_IN_OPENING_INVENTORY","HIGH_PRIORITY_REVIEW","PRESERVE_LEGACY_EVIDENCE","IGNORED_RUNTIME_OR_GENERATED_EVIDENCE","Local ignored/runtime evidence is preserved for lineage and empirical review but is not promoted to production authority.","False","False","False","False","False","f5dcc7ad92b3b185dc4b016892ea1f837c2e8d2d1122fac1b143bbe334f67eb4"
"data/validation/phase_10/ebay_matching/batches/sealed_secret_lair_0830_0972/reclassified/reclassification_20260724T120952Z/ebay_matching_summary_2026-07-24.json","IDENTITY_MATCHING","False","True","False","NOT_IN_OPENING_INVENTORY","HIGH_PRIORITY_REVIEW","PRESERVE_LEGACY_EVIDENCE","IGNORED_RUNTIME_OR_GENERATED_EVIDENCE","Local ignored/runtime evidence is preserved for lineage and empirical review but is not promoted to production authority.","False","False","False","False","False","5aeeeb090ed3bc9ae6c33dd04ed5cc839c59e400c8bb448e702bc6917790100e"
"data/validation/phase_10/ebay_matching/batches/sealed_secret_lair_0830_0972/reclassified/reclassification_20260724T120952Z/ebay_product_coverage_2026-07-24.csv","IDENTITY_MATCHING","False","True","False","NOT_IN_OPENING_INVENTORY","HIGH_PRIORITY_REVIEW","PRESERVE_LEGACY_EVIDENCE","IGNORED_RUNTIME_OR_GENERATED_EVIDENCE","Local ignored/runtime evidence is preserved for lineage and empirical review but is not promoted to production authority.","False","False","False","False","False","8df6d86c08b61f20c07b656fc46cbdf29a52231a6e7bb573372da2a3128150d2"
"data/validation/phase_10/ebay_matching/batches/sealed_secret_lair_0830_0972/reclassified/reclassification_20260724T120952Z/exception_audit/accepted_exceptions.csv","IDENTITY_MATCHING","False","True","False","NOT_IN_OPENING_INVENTORY","HIGH_PRIORITY_REVIEW","PRESERVE_LEGACY_EVIDENCE","IGNORED_RUNTIME_OR_GENERATED_EVIDENCE","Local ignored/runtime evidence is preserved for lineage and empirical review but is not promoted to production authority.","False","False","False","False","False","ab874e39a76de7c1768fcff5db4a67489a5a09337572d49d60efb69e64989372"
"data/validation/phase_10/ebay_matching/batches/sealed_secret_lair_0830_0972/reclassified/reclassification_20260724T120952Z/exception_audit/accepted_random_sample.csv","IDENTITY_MATCHING","False","True","False","NOT_IN_OPENING_INVENTORY","HIGH_PRIORITY_REVIEW","PRESERVE_LEGACY_EVIDENCE","IGNORED_RUNTIME_OR_GENERATED_EVIDENCE","Local ignored/runtime evidence is preserved for lineage and empirical review but is not promoted to production authority.","False","False","False","False","False","6b4a8281003c12b4df37f52c1578ea48cfbff5b0ca0dad747715469022cbb99d"
"data/validation/phase_10/ebay_matching/batches/sealed_secret_lair_0830_0972/reclassified/reclassification_20260724T120952Z/exception_audit/audit_report.json","IDENTITY_MATCHING","False","True","False","NOT_IN_OPENING_INVENTORY","HIGH_PRIORITY_REVIEW","PRESERVE_LEGACY_EVIDENCE","IGNORED_RUNTIME_OR_GENERATED_EVIDENCE","Local ignored/runtime evidence is preserved for lineage and empirical review but is not promoted to production authority.","False","False","False","False","False","7e1b63da1d3d6f87b1d0528c410da2395c8af558f9db22e17e686ea870bdc1f0"
"data/validation/phase_10/ebay_matching/batches/sealed_secret_lair_0830_0972/reclassified/reclassification_20260724T120952Z/exception_audit/review_summary_by_product.csv","IDENTITY_MATCHING","False","True","False","NOT_IN_OPENING_INVENTORY","HIGH_PRIORITY_REVIEW","PRESERVE_LEGACY_EVIDENCE","IGNORED_RUNTIME_OR_GENERATED_EVIDENCE","Local ignored/runtime evidence is preserved for lineage and empirical review but is not promoted to production authority.","False","False","False","False","False","7a4b5696d31d77662e406ce6a8a28969dd2176740f2112ac1672fba223f0c582"
"data/validation/phase_10/ebay_matching/batches/sealed_secret_lair_0830_0972/reclassified/reclassification_20260724T120952Z/reclassification_manifest.json","IDENTITY_MATCHING","False","True","False","NOT_IN_OPENING_INVENTORY","HIGH_PRIORITY_REVIEW","PRESERVE_LEGACY_EVIDENCE","IGNORED_RUNTIME_OR_GENERATED_EVIDENCE","Local ignored/runtime evidence is preserved for lineage and empirical review but is not promoted to production authority.","False","False","False","False","False","74a86563c658267a92ad19a4a70f95df7625826461eda6792785a9aa771b7d12"
"data/validation/phase_10/ebay_matching/certification/secret_lair_ebay_lane_certification.json","IDENTITY_MATCHING","False","True","False","NOT_IN_OPENING_INVENTORY","HIGH_PRIORITY_REVIEW","PRESERVE_LEGACY_EVIDENCE","IGNORED_RUNTIME_OR_GENERATED_EVIDENCE","Local ignored/runtime evidence is preserved for lineage and empirical review but is not promoted to production authority.","False","False","False","False","False","b781fd137380590722e2a6150ae4c5d8d5bc5974f0ae522cee524732c6f2f14c"
"data/validation/phase_10/ebay_matching/certification/SECRET_LAIR_EBAY_LANE_CERTIFICATION.md","IDENTITY_MATCHING","False","True","False","NOT_IN_OPENING_INVENTORY","HIGH_PRIORITY_REVIEW","PRESERVE_LEGACY_EVIDENCE","IGNORED_RUNTIME_OR_GENERATED_EVIDENCE","Local ignored/runtime evidence is preserved for lineage and empirical review but is not promoted to production authority.","False","False","False","False","False","6047c7e5d9577ca92ef51242f4b26bcc21aac935ab29adf122fa055c2641de0a"
"data/validation/phase_10/ebay_matching/full_model_evaluation/secret_lair_full_forecast_inputs.csv","IDENTITY_MATCHING","False","True","False","NOT_IN_OPENING_INVENTORY","PRESERVE_LEGACY_EVIDENCE","PRESERVE_LEGACY_EVIDENCE","LEGACY_MODEL_FORECAST_RANKING","Legacy modeling, forecasting, or ranking evidence must remain preserved but cannot become V1 authority without the governed tournament and certification sequence.","False","False","False","False","False","20d404c1ac317392e01cdc0e95e582b3fb11114fbcc3020d4e5c99654e09a216"
"data/validation/phase_10/ebay_matching/full_model_evaluation/secret_lair_full_model_evaluation.csv","IDENTITY_MATCHING","False","True","False","NOT_IN_OPENING_INVENTORY","PRESERVE_LEGACY_EVIDENCE","PRESERVE_LEGACY_EVIDENCE","LEGACY_MODEL_FORECAST_RANKING","Legacy modeling, forecasting, or ranking evidence must remain preserved but cannot become V1 authority without the governed tournament and certification sequence.","False","False","False","False","False","e45192029c10a09c55f7d255a1064a3042604b88ac2e3f234194dd5ad3e70f32"
"data/validation/phase_10/ebay_matching/full_model_evaluation/SECRET_LAIR_FULL_MODEL_EVALUATION_CERTIFICATION.md","IDENTITY_MATCHING","False","True","False","NOT_IN_OPENING_INVENTORY","PRESERVE_LEGACY_EVIDENCE","PRESERVE_LEGACY_EVIDENCE","LEGACY_MODEL_FORECAST_RANKING","Legacy modeling, forecasting, or ranking evidence must remain preserved but cannot become V1 authority without the governed tournament and certification sequence.","False","False","False","False","False","975f0600ca5dddd8fdd8bcfdd55a7a79985128816c8f5d11b34ce416e9dad123"
"data/validation/phase_10/ebay_matching/full_model_evaluation/secret_lair_full_model_evaluation_manifest.json","IDENTITY_MATCHING","False","True","False","NOT_IN_OPENING_INVENTORY","PRESERVE_LEGACY_EVIDENCE","PRESERVE_LEGACY_EVIDENCE","LEGACY_MODEL_FORECAST_RANKING","Legacy modeling, forecasting, or ranking evidence must remain preserved but cannot become V1 authority without the governed tournament and certification sequence.","False","False","False","False","False","8e777a6ff7f2b01436863024cd25399a532d14766865905561b67b932f7de0d2"
"data/validation/phase_10/ebay_matching/full_model_evaluation/secret_lair_full_product_registry.csv","IDENTITY_REGISTRY","False","True","False","NOT_IN_OPENING_INVENTORY","PRESERVE_LEGACY_EVIDENCE","PRESERVE_LEGACY_EVIDENCE","LEGACY_MODEL_FORECAST_RANKING","Legacy modeling, forecasting, or ranking evidence must remain preserved but cannot become V1 authority without the governed tournament and certification sequence.","False","False","False","False","False","05adf1f3fc101468432c74b552821d5344f164ed1e29009e16d0160ea572a628"
"data/validation/phase_10/ebay_matching/full_model_evaluation/secret_lair_guarded_recommendations.csv","IDENTITY_MATCHING","False","True","False","NOT_IN_OPENING_INVENTORY","HIGH_PRIORITY_REVIEW","PRESERVE_LEGACY_EVIDENCE","IGNORED_RUNTIME_OR_GENERATED_EVIDENCE","Local ignored/runtime evidence is preserved for lineage and empirical review but is not promoted to production authority.","False","False","False","False","False","6a39e92b6b29ee2cd4e4e3d22fb089282453046a2aa546de125fa05595e932bd"
"data/validation/phase_10/ebay_matching/full_registry_owned_portfolio/SECRET_LAIR_FULL_REGISTRY_PORTFOLIO_CERTIFICATION.md","IDENTITY_REGISTRY","False","True","False","NOT_IN_OPENING_INVENTORY","PRESERVE_LEGACY_EVIDENCE","PRESERVE_LEGACY_EVIDENCE","LEGACY_MODEL_FORECAST_RANKING","Legacy modeling, forecasting, or ranking evidence must remain preserved but cannot become V1 authority without the governed tournament and certification sequence.","False","False","False","False","False","54b02c617006a4b598f8fb76f7c49b1c242672b42bf0b2a3d48d214768bc172c"
"data/validation/phase_10/ebay_matching/full_registry_owned_portfolio/secret_lair_full_registry_portfolio_manifest.json","IDENTITY_REGISTRY","False","True","False","NOT_IN_OPENING_INVENTORY","PRESERVE_LEGACY_EVIDENCE","PRESERVE_LEGACY_EVIDENCE","LEGACY_MODEL_FORECAST_RANKING","Legacy modeling, forecasting, or ranking evidence must remain preserved but cannot become V1 authority without the governed tournament and certification sequence.","False","False","False","False","False","de82bd3e533d8bd9be860f1636ccef9c427bdcc7beeae15556860e73fc87e00d"
"data/validation/phase_10/ebay_matching/full_registry_owned_portfolio/secret_lair_holdings_full_registry.csv","IDENTITY_REGISTRY","False","True","False","NOT_IN_OPENING_INVENTORY","HIGH_PRIORITY_REVIEW","PRESERVE_LEGACY_EVIDENCE","IGNORED_RUNTIME_OR_GENERATED_EVIDENCE","Local ignored/runtime evidence is preserved for lineage and empirical review but is not promoted to production authority.","False","False","False","False","False","2c1c85e41d67118355ff345c27b93e7304cbfaf186ca0fd30471138515a0d5e1"
"data/validation/phase_10/ebay_matching/full_registry_owned_portfolio/secret_lair_owned_forecasts.csv","IDENTITY_REGISTRY","False","True","False","NOT_IN_OPENING_INVENTORY","PRESERVE_LEGACY_EVIDENCE","PRESERVE_LEGACY_EVIDENCE","LEGACY_MODEL_FORECAST_RANKING","Legacy modeling, forecasting, or ranking evidence must remain preserved but cannot become V1 authority without the governed tournament and certification sequence.","False","False","False","False","False","e396ebf92ed03c5751d2c5ed91771fe0f62281644c6beb48505c467508bb7f17"
"data/validation/phase_10/ebay_matching/full_registry_owned_portfolio/secret_lair_owned_guarded_recommendations.csv","IDENTITY_REGISTRY","False","True","False","NOT_IN_OPENING_INVENTORY","HIGH_PRIORITY_REVIEW","PRESERVE_LEGACY_EVIDENCE","IGNORED_RUNTIME_OR_GENERATED_EVIDENCE","Local ignored/runtime evidence is preserved for lineage and empirical review but is not promoted to production authority.","False","False","False","False","False","723ef44f86745186bb17b1d61bd8ad54725a95923ed336e15c61d1ee8ba8e549"
"data/validation/phase_10/ebay_matching/full_registry_owned_portfolio/secret_lair_owned_inventory_crosswalk.csv","IDENTITY_REGISTRY","False","True","False","NOT_IN_OPENING_INVENTORY","HIGH_PRIORITY_REVIEW","PRESERVE_LEGACY_EVIDENCE","IGNORED_RUNTIME_OR_GENERATED_EVIDENCE","Local ignored/runtime evidence is preserved for lineage and empirical review but is not promoted to production authority.","False","False","False","False","False","65b40fe6f9e084f63374f59b466d2af31a9d7255095bd2d739a83163f36d5910"
"data/validation/phase_10/ebay_matching/full_registry_owned_portfolio/secret_lair_owned_inventory_diagnostics.csv","IDENTITY_REGISTRY","False","True","False","NOT_IN_OPENING_INVENTORY","HIGH_PRIORITY_REVIEW","PRESERVE_LEGACY_EVIDENCE","IGNORED_RUNTIME_OR_GENERATED_EVIDENCE","Local ignored/runtime evidence is preserved for lineage and empirical review but is not promoted to production authority.","False","False","False","False","False","9c2984e3378c6a5ac234003dd8e6aed2d49891791bbc3d8d03d5ceb5ac24ac1e"
"data/validation/phase_10/ebay_matching/full_registry_owned_portfolio/secret_lair_owned_portfolio_positions.csv","IDENTITY_REGISTRY","False","True","False","NOT_IN_OPENING_INVENTORY","HIGH_PRIORITY_REVIEW","PRESERVE_LEGACY_EVIDENCE","IGNORED_RUNTIME_OR_GENERATED_EVIDENCE","Local ignored/runtime evidence is preserved for lineage and empirical review but is not promoted to production authority.","False","False","False","False","False","4c54453ec38e0e2e87a0b541611504a2a728356a583f7efe8fb27230a357e157"
"data/validation/phase_10/ebay_matching/full_registry_owned_portfolio/secret_lair_owned_universal_positions.csv","IDENTITY_REGISTRY","False","True","False","NOT_IN_OPENING_INVENTORY","HIGH_PRIORITY_REVIEW","PRESERVE_LEGACY_EVIDENCE","IGNORED_RUNTIME_OR_GENERATED_EVIDENCE","Local ignored/runtime evidence is preserved for lineage and empirical review but is not promoted to production authority.","False","False","False","False","False","dea6d2c3ff37e433bc1d2fcdcb55bd08f7e099158e39dce639b21dc3d2d32a9d"
"data/validation/phase_10/ebay_matching/market_observation_quality_audit/secret_lair_market_observation_quality_audit.csv","IDENTITY_MATCHING","False","True","False","NOT_IN_OPENING_INVENTORY","REUSE_OR_ADAPT_CANDIDATE","PRESERVE_LEGACY_EVIDENCE","IGNORED_RUNTIME_OR_GENERATED_EVIDENCE","Local ignored/runtime evidence is preserved for lineage and empirical review but is not promoted to production authority.","False","False","False","False","False","fba257468d58a45e4593ba322090656d13b888465e3243e230fc54ea4838fa2b"
"data/validation/phase_10/ebay_matching/market_observation_quality_audit/secret_lair_market_observation_quality_audit_summary.json","IDENTITY_MATCHING","False","True","False","NOT_IN_OPENING_INVENTORY","REUSE_OR_ADAPT_CANDIDATE","PRESERVE_LEGACY_EVIDENCE","IGNORED_RUNTIME_OR_GENERATED_EVIDENCE","Local ignored/runtime evidence is preserved for lineage and empirical review but is not promoted to production authority.","False","False","False","False","False","9a5a620b7d6fcee8553a4c04c132a9b8fe6f0c5fe94e93da8a50507408fd2e6b"
"data/validation/phase_10/ebay_matching/market_observation_quality_audit/secret_lair_market_observation_review_queue.csv","IDENTITY_MATCHING","False","True","False","NOT_IN_OPENING_INVENTORY","REUSE_OR_ADAPT_CANDIDATE","PRESERVE_LEGACY_EVIDENCE","IGNORED_RUNTIME_OR_GENERATED_EVIDENCE","Local ignored/runtime evidence is preserved for lineage and empirical review but is not promoted to production authority.","False","False","False","False","False","8095e000a629afb07a7124dece58cbd322ae281433538d619725111597c05871"
"data/validation/phase_10/ebay_matching/market_observations/secret_lair_market_observation_summary.json","IDENTITY_MATCHING","False","True","False","NOT_IN_OPENING_INVENTORY","HIGH_PRIORITY_REVIEW","PRESERVE_LEGACY_EVIDENCE","IGNORED_RUNTIME_OR_GENERATED_EVIDENCE","Local ignored/runtime evidence is preserved for lineage and empirical review but is not promoted to production authority.","False","False","False","False","False","a86960695bd0f8fa849eb14f4546f6218be4a842928a8c1cce839403e70cfb78"
"data/validation/phase_10/ebay_matching/market_observations/secret_lair_market_observations.csv","IDENTITY_MATCHING","False","True","False","NOT_IN_OPENING_INVENTORY","HIGH_PRIORITY_REVIEW","PRESERVE_LEGACY_EVIDENCE","IGNORED_RUNTIME_OR_GENERATED_EVIDENCE","Local ignored/runtime evidence is preserved for lineage and empirical review but is not promoted to production authority.","False","False","False","False","False","41fda9ecd083e01b9cbf32cb30a748bcc30d3719f072458f61e4eac2945e26e0"
"data/validation/phase_10/ebay_matching/market_value_admission/SECRET_LAIR_MARKET_VALUE_ADMISSION_CERTIFICATION.md","IDENTITY_MATCHING","False","True","False","NOT_IN_OPENING_INVENTORY","HIGH_PRIORITY_REVIEW","PRESERVE_LEGACY_EVIDENCE","IGNORED_RUNTIME_OR_GENERATED_EVIDENCE","Local ignored/runtime evidence is preserved for lineage and empirical review but is not promoted to production authority.","False","False","False","False","False","b4b11e2764d471e6d78d22a4a1b41f9f2c93afd094fec74d90e1b616d6a3100c"
"data/validation/phase_10/ebay_matching/market_value_admission/secret_lair_market_value_admission_ledger.csv","IDENTITY_MATCHING","False","True","False","NOT_IN_OPENING_INVENTORY","REUSE_OR_ADAPT_CANDIDATE","PRESERVE_LEGACY_EVIDENCE","IGNORED_RUNTIME_OR_GENERATED_EVIDENCE","Local ignored/runtime evidence is preserved for lineage and empirical review but is not promoted to production authority.","False","False","False","False","False","4d6c19b3c7d75187afe1b2be35b64ae727c1d196128b25e0fc2bab26d894f063"
"data/validation/phase_10/ebay_matching/market_value_admission/secret_lair_market_value_admission_manifest.json","IDENTITY_MATCHING","False","True","False","NOT_IN_OPENING_INVENTORY","REUSE_OR_ADAPT_CANDIDATE","PRESERVE_LEGACY_EVIDENCE","IGNORED_RUNTIME_OR_GENERATED_EVIDENCE","Local ignored/runtime evidence is preserved for lineage and empirical review but is not promoted to production authority.","False","False","False","False","False","3f5aa875a3de36463d9fd958ea253f9190598e6c58ee0c53470d6b6c4a8d24c1"
"data/validation/phase_10/ebay_matching/market_value_admission/secret_lair_model_market_values.csv","IDENTITY_MATCHING","False","True","False","NOT_IN_OPENING_INVENTORY","HIGH_PRIORITY_REVIEW","PRESERVE_LEGACY_EVIDENCE","IGNORED_RUNTIME_OR_GENERATED_EVIDENCE","Local ignored/runtime evidence is preserved for lineage and empirical review but is not promoted to production authority.","False","False","False","False","False","a096d3eec7cb17168d501376381f64e4a78964ed0ac5b6259ccd1db02cfed3c5"
"data/validation/phase_10/ebay_matching/production_closeout/phase_10_secret_lair_production_closeout.json","IDENTITY_MATCHING","False","True","False","NOT_IN_OPENING_INVENTORY","HIGH_PRIORITY_REVIEW","PRESERVE_LEGACY_EVIDENCE","IGNORED_RUNTIME_OR_GENERATED_EVIDENCE","Local ignored/runtime evidence is preserved for lineage and empirical review but is not promoted to production authority.","False","False","False","False","False","2d42af37bfd26a4a814ce929cb37df553e2f87728795aa520fb1fa7019a696f9"
"data/validation/phase_10/ebay_matching/production_closeout/PHASE_10_SECRET_LAIR_PRODUCTION_CLOSEOUT_CERTIFICATION.md","IDENTITY_MATCHING","False","True","False","NOT_IN_OPENING_INVENTORY","HIGH_PRIORITY_REVIEW","PRESERVE_LEGACY_EVIDENCE","IGNORED_RUNTIME_OR_GENERATED_EVIDENCE","Local ignored/runtime evidence is preserved for lineage and empirical review but is not promoted to production authority.","False","False","False","False","False","8f3d74cee6c624b6fe27aa0faacb082927b9785ab8a2e0140dd48b24623791c2"
"data/validation/phase_10/ebay_matching/production_refresh/full_model_evaluation/secret_lair_full_forecast_inputs.csv","IDENTITY_MATCHING","False","True","False","NOT_IN_OPENING_INVENTORY","PRESERVE_LEGACY_EVIDENCE","PRESERVE_LEGACY_EVIDENCE","LEGACY_MODEL_FORECAST_RANKING","Legacy modeling, forecasting, or ranking evidence must remain preserved but cannot become V1 authority without the governed tournament and certification sequence.","False","False","False","False","False","0b5d758b8a75d605d55ce7fbd897fb2a47d714db89ff3f22a7068f5c1f944832"
"data/validation/phase_10/ebay_matching/production_refresh/full_model_evaluation/secret_lair_full_model_evaluation.csv","IDENTITY_MATCHING","False","True","False","NOT_IN_OPENING_INVENTORY","PRESERVE_LEGACY_EVIDENCE","PRESERVE_LEGACY_EVIDENCE","LEGACY_MODEL_FORECAST_RANKING","Legacy modeling, forecasting, or ranking evidence must remain preserved but cannot become V1 authority without the governed tournament and certification sequence.","False","False","False","False","False","4d3c3cd13c318bfafbb978696356005854c2a43f3aa6b271be282c65f6a99c99"
"data/validation/phase_10/ebay_matching/production_refresh/full_model_evaluation/SECRET_LAIR_FULL_MODEL_EVALUATION_CERTIFICATION.md","IDENTITY_MATCHING","False","True","False","NOT_IN_OPENING_INVENTORY","PRESERVE_LEGACY_EVIDENCE","PRESERVE_LEGACY_EVIDENCE","LEGACY_MODEL_FORECAST_RANKING","Legacy modeling, forecasting, or ranking evidence must remain preserved but cannot become V1 authority without the governed tournament and certification sequence.","False","False","False","False","False","09faaf4240cc6b3b5a0165dd502f4e1a3cafe4ad6909520133d10ab7217fd7ef"
"data/validation/phase_10/ebay_matching/production_refresh/full_model_evaluation/secret_lair_full_model_evaluation_manifest.json","IDENTITY_MATCHING","False","True","False","NOT_IN_OPENING_INVENTORY","PRESERVE_LEGACY_EVIDENCE","PRESERVE_LEGACY_EVIDENCE","LEGACY_MODEL_FORECAST_RANKING","Legacy modeling, forecasting, or ranking evidence must remain preserved but cannot become V1 authority without the governed tournament and certification sequence.","False","False","False","False","False","76de0c19b6114e43d024c6c6989e95a250d231f432a475dfb8103cdae458959b"
"data/validation/phase_10/ebay_matching/production_refresh/full_model_evaluation/secret_lair_full_product_registry.csv","IDENTITY_REGISTRY","False","True","False","NOT_IN_OPENING_INVENTORY","PRESERVE_LEGACY_EVIDENCE","PRESERVE_LEGACY_EVIDENCE","LEGACY_MODEL_FORECAST_RANKING","Legacy modeling, forecasting, or ranking evidence must remain preserved but cannot become V1 authority without the governed tournament and certification sequence.","False","False","False","False","False","48e9f4b8e2fb20c72f20ad0c15852bd6617807f16d5a9d983b8a98c1cc36b6a2"
"data/validation/phase_10/ebay_matching/production_refresh/full_model_evaluation/secret_lair_guarded_recommendations.csv","IDENTITY_MATCHING","False","True","False","NOT_IN_OPENING_INVENTORY","PRESERVE_LEGACY_EVIDENCE","PRESERVE_LEGACY_EVIDENCE","LEGACY_MODEL_FORECAST_RANKING","Legacy modeling, forecasting, or ranking evidence must remain preserved but cannot become V1 authority without the governed tournament and certification sequence.","False","False","False","False","False","c313b3de8778f7a204a4e35d30df3f5e0652f2326f47c15edf4d84323ff52d72"
"data/validation/phase_10/ebay_matching/production_refresh/owned_portfolio/SECRET_LAIR_FULL_REGISTRY_PORTFOLIO_CERTIFICATION.md","IDENTITY_REGISTRY","False","True","False","NOT_IN_OPENING_INVENTORY","PRESERVE_LEGACY_EVIDENCE","PRESERVE_LEGACY_EVIDENCE","LEGACY_MODEL_FORECAST_RANKING","Legacy modeling, forecasting, or ranking evidence must remain preserved but cannot become V1 authority without the governed tournament and certification sequence.","False","False","False","False","False","54b02c617006a4b598f8fb76f7c49b1c242672b42bf0b2a3d48d214768bc172c"
"data/validation/phase_10/ebay_matching/production_refresh/owned_portfolio/secret_lair_full_registry_portfolio_manifest.json","IDENTITY_REGISTRY","False","True","False","NOT_IN_OPENING_INVENTORY","PRESERVE_LEGACY_EVIDENCE","PRESERVE_LEGACY_EVIDENCE","LEGACY_MODEL_FORECAST_RANKING","Legacy modeling, forecasting, or ranking evidence must remain preserved but cannot become V1 authority without the governed tournament and certification sequence.","False","False","False","False","False","1babc11fa12ddd48084b28b21fad682e3875b19b215121c9ecd11ec4200c624b"
"data/validation/phase_10/ebay_matching/production_refresh/owned_portfolio/secret_lair_holdings_full_registry.csv","IDENTITY_REGISTRY","False","True","False","NOT_IN_OPENING_INVENTORY","HIGH_PRIORITY_REVIEW","PRESERVE_LEGACY_EVIDENCE","IGNORED_RUNTIME_OR_GENERATED_EVIDENCE","Local ignored/runtime evidence is preserved for lineage and empirical review but is not promoted to production authority.","False","False","False","False","False","2c1c85e41d67118355ff345c27b93e7304cbfaf186ca0fd30471138515a0d5e1"
"data/validation/phase_10/ebay_matching/production_refresh/owned_portfolio/secret_lair_owned_forecasts.csv","IDENTITY_MATCHING","False","True","False","NOT_IN_OPENING_INVENTORY","PRESERVE_LEGACY_EVIDENCE","PRESERVE_LEGACY_EVIDENCE","LEGACY_MODEL_FORECAST_RANKING","Legacy modeling, forecasting, or ranking evidence must remain preserved but cannot become V1 authority without the governed tournament and certification sequence.","False","False","False","False","False","e396ebf92ed03c5751d2c5ed91771fe0f62281644c6beb48505c467508bb7f17"
"data/validation/phase_10/ebay_matching/production_refresh/owned_portfolio/secret_lair_owned_guarded_recommendations.csv","IDENTITY_MATCHING","False","True","False","NOT_IN_OPENING_INVENTORY","HIGH_PRIORITY_REVIEW","PRESERVE_LEGACY_EVIDENCE","IGNORED_RUNTIME_OR_GENERATED_EVIDENCE","Local ignored/runtime evidence is preserved for lineage and empirical review but is not promoted to production authority.","False","False","False","False","False","723ef44f86745186bb17b1d61bd8ad54725a95923ed336e15c61d1ee8ba8e549"
"data/validation/phase_10/ebay_matching/production_refresh/owned_portfolio/secret_lair_owned_inventory_crosswalk.csv","IDENTITY_MATCHING","False","True","False","NOT_IN_OPENING_INVENTORY","HIGH_PRIORITY_REVIEW","PRESERVE_LEGACY_EVIDENCE","IGNORED_RUNTIME_OR_GENERATED_EVIDENCE","Local ignored/runtime evidence is preserved for lineage and empirical review but is not promoted to production authority.","False","False","False","False","False","65b40fe6f9e084f63374f59b466d2af31a9d7255095bd2d739a83163f36d5910"
"data/validation/phase_10/ebay_matching/production_refresh/owned_portfolio/secret_lair_owned_inventory_diagnostics.csv","IDENTITY_MATCHING","False","True","False","NOT_IN_OPENING_INVENTORY","HIGH_PRIORITY_REVIEW","PRESERVE_LEGACY_EVIDENCE","IGNORED_RUNTIME_OR_GENERATED_EVIDENCE","Local ignored/runtime evidence is preserved for lineage and empirical review but is not promoted to production authority.","False","False","False","False","False","9c2984e3378c6a5ac234003dd8e6aed2d49891791bbc3d8d03d5ceb5ac24ac1e"
"data/validation/phase_10/ebay_matching/production_refresh/owned_portfolio/secret_lair_owned_portfolio_positions.csv","IDENTITY_MATCHING","False","True","False","NOT_IN_OPENING_INVENTORY","HIGH_PRIORITY_REVIEW","PRESERVE_LEGACY_EVIDENCE","IGNORED_RUNTIME_OR_GENERATED_EVIDENCE","Local ignored/runtime evidence is preserved for lineage and empirical review but is not promoted to production authority.","False","False","False","False","False","4c54453ec38e0e2e87a0b541611504a2a728356a583f7efe8fb27230a357e157"
"data/validation/phase_10/ebay_matching/production_refresh/owned_portfolio/secret_lair_owned_universal_positions.csv","IDENTITY_MATCHING","False","True","False","NOT_IN_OPENING_INVENTORY","HIGH_PRIORITY_REVIEW","PRESERVE_LEGACY_EVIDENCE","IGNORED_RUNTIME_OR_GENERATED_EVIDENCE","Local ignored/runtime evidence is preserved for lineage and empirical review but is not promoted to production authority.","False","False","False","False","False","dea6d2c3ff37e433bc1d2fcdcb55bd08f7e099158e39dce639b21dc3d2d32a9d"
"data/validation/phase_10/ebay_matching/production_refresh/secret_lair_production_refresh_manifest.json","IDENTITY_MATCHING","False","True","False","NOT_IN_OPENING_INVENTORY","PRESERVE_LEGACY_EVIDENCE","PRESERVE_LEGACY_EVIDENCE","LEGACY_MODEL_FORECAST_RANKING","Legacy modeling, forecasting, or ranking evidence must remain preserved but cannot become V1 authority without the governed tournament and certification sequence.","False","False","False","False","False","36d50a7e348248c78679b331b6d205b13c3c09b070e3600e55c497c915b35de3"
"data/validation/phase_10/ebay_matching/terminal_integration/secret_lair_forecast_eligible_values.csv","IDENTITY_MATCHING","False","True","False","NOT_IN_OPENING_INVENTORY","PRESERVE_LEGACY_EVIDENCE","PRESERVE_LEGACY_EVIDENCE","LEGACY_MODEL_FORECAST_RANKING","Legacy modeling, forecasting, or ranking evidence must remain preserved but cannot become V1 authority without the governed tournament and certification sequence.","False","False","False","False","False","9cbb67dbf7dc0b0f989136e2c15324f9af744cd118041b8e79fdbcf927b1811f"
"data/validation/phase_10/ebay_matching/terminal_integration/secret_lair_portfolio_positions.csv","IDENTITY_MATCHING","False","True","False","NOT_IN_OPENING_INVENTORY","PRESERVE_LEGACY_EVIDENCE","PRESERVE_LEGACY_EVIDENCE","LEGACY_MODEL_FORECAST_RANKING","Legacy modeling, forecasting, or ranking evidence must remain preserved but cannot become V1 authority without the governed tournament and certification sequence.","False","False","False","False","False","2a106175327b7e4f4ba3ae83b07988f150c0c8ca932a30e5b31e0387b4caf70b"
"data/validation/phase_10/ebay_matching/terminal_integration/secret_lair_portfolio_valuation_diagnostics.csv","IDENTITY_MATCHING","False","True","False","NOT_IN_OPENING_INVENTORY","HIGH_PRIORITY_REVIEW","PRESERVE_LEGACY_EVIDENCE","IGNORED_RUNTIME_OR_GENERATED_EVIDENCE","Local ignored/runtime evidence is preserved for lineage and empirical review but is not promoted to production authority.","False","False","False","False","False","6f21fb2926fe97d8dcae3b68462cb56eee28326680fccc18a871ceb4d9cda77f"
"data/validation/phase_10/ebay_matching/terminal_integration/secret_lair_recommendation_eligible_values.csv","IDENTITY_MATCHING","False","True","False","NOT_IN_OPENING_INVENTORY","PRESERVE_LEGACY_EVIDENCE","PRESERVE_LEGACY_EVIDENCE","LEGACY_MODEL_FORECAST_RANKING","Legacy modeling, forecasting, or ranking evidence must remain preserved but cannot become V1 authority without the governed tournament and certification sequence.","False","False","False","False","False","9cbb67dbf7dc0b0f989136e2c15324f9af744cd118041b8e79fdbcf927b1811f"
"data/validation/phase_10/ebay_matching/terminal_integration/SECRET_LAIR_TERMINAL_INTEGRATION_CERTIFICATION.md","IDENTITY_MATCHING","False","True","False","NOT_IN_OPENING_INVENTORY","PRESERVE_LEGACY_EVIDENCE","PRESERVE_LEGACY_EVIDENCE","LEGACY_MODEL_FORECAST_RANKING","Legacy modeling, forecasting, or ranking evidence must remain preserved but cannot become V1 authority without the governed tournament and certification sequence.","False","False","False","False","False","72bf2dae49864e13e7e318424c3ea9df2003feb7f60006f824acd3aae2268874"
"data/validation/phase_10/ebay_matching/terminal_integration/secret_lair_terminal_integration_manifest.json","IDENTITY_MATCHING","False","True","False","NOT_IN_OPENING_INVENTORY","PRESERVE_LEGACY_EVIDENCE","PRESERVE_LEGACY_EVIDENCE","LEGACY_MODEL_FORECAST_RANKING","Legacy modeling, forecasting, or ranking evidence must remain preserved but cannot become V1 authority without the governed tournament and certification sequence.","False","False","False","False","False","9e89a7b5aa82b4bc0dcc3f521d9a48c5dd2f3e018e3b44a8353bfa23d5571d50"
"data/validation/phase_10/ebay_matching/terminal_integration/secret_lair_terminal_valuation_universe.csv","IDENTITY_MATCHING","False","True","False","NOT_IN_OPENING_INVENTORY","PRESERVE_LEGACY_EVIDENCE","PRESERVE_LEGACY_EVIDENCE","LEGACY_MODEL_FORECAST_RANKING","Legacy modeling, forecasting, or ranking evidence must remain preserved but cannot become V1 authority without the governed tournament and certification sequence.","False","False","False","False","False","9cbb67dbf7dc0b0f989136e2c15324f9af744cd118041b8e79fdbcf927b1811f"
"data/validation/phase_10/ebay_matching/terminal_integration/secret_lair_universal_portfolio_positions.csv","IDENTITY_MATCHING","False","True","False","NOT_IN_OPENING_INVENTORY","HIGH_PRIORITY_REVIEW","PRESERVE_LEGACY_EVIDENCE","IGNORED_RUNTIME_OR_GENERATED_EVIDENCE","Local ignored/runtime evidence is preserved for lineage and empirical review but is not promoted to production authority.","False","False","False","False","False","bc6b6da0fec03bd327e4501ed324aae2366bea834698790efef8ea10b9a9a84b"
"data/validation/phase_10/external_discovery/tcgcsv/tcgcsv_secret_lair_product_evidence_2026-07-22.csv","SOURCE_ACQUISITION","True","False","True","REVIEW_FOR_REUSE","PRESERVE_LEGACY_EVIDENCE","PRESERVE_LEGACY_EVIDENCE","LEGACY_MODEL_FORECAST_RANKING","Legacy modeling, forecasting, or ranking evidence must remain preserved but cannot become V1 authority without the governed tournament and certification sequence.","False","False","False","False","False","f2e82ddeb21811271f794b35cba92e7cd538db17587e877a5b89fe1f1401178d"
"data/validation/phase_10/mtg_data_inventory/secret_lair_data_source_shortlist_2026-07-22.csv","INTEGRATION_EXPORT","True","False","True","REVIEW_FOR_REUSE","REUSE_OR_ADAPT_CANDIDATE","PRESERVE_LEGACY_EVIDENCE","LEGACY_ARCHIVE_OR_DATA_EVIDENCE","Historical, staging, reference, validation, archive, or prior runtime evidence remains available for audit but is not current V1 authority.","False","False","False","False","False","afb7551493cce631fb88a28c91b16193c3700c32ff188c7ba969db33cbfa0395"
"data/validation/phase_10/mtg_data_inventory/secret_lair_declared_output_recovery_2026-07-22.csv","INTEGRATION_EXPORT","True","False","True","REVIEW_FOR_REUSE","PRESERVE_LEGACY_EVIDENCE","PRESERVE_LEGACY_EVIDENCE","LEGACY_MODEL_FORECAST_RANKING","Legacy modeling, forecasting, or ranking evidence must remain preserved but cannot become V1 authority without the governed tournament and certification sequence.","False","False","False","False","False","2b86ba1b071ec64d7bd889071fa179c6b6de326c09bd64fbea319d4c90458395"
"data/validation/phase_10/premium_universe_eligibility/official_secret_lair_cache/116efa41324e00a0102ed72f7fe0b43144c5dffbb5c70ee94d17e71f93221ed9.html","INTEGRATION_EXPORT","False","True","False","NOT_IN_OPENING_INVENTORY","HIGH_PRIORITY_REVIEW","PRESERVE_LEGACY_EVIDENCE","IGNORED_RUNTIME_OR_GENERATED_EVIDENCE","Local ignored/runtime evidence is preserved for lineage and empirical review but is not promoted to production authority.","False","False","False","False","False","a8b077512581bd0117eaa34066b3da1105d3b76e453254b29203c2ebde330644"
"data/validation/phase_10/premium_universe_eligibility/official_secret_lair_cache/147a7a2d931c1644823ec853656951e38ba23ea85df9d5da1b1ce29e9a805c50.html","INTEGRATION_EXPORT","False","True","False","NOT_IN_OPENING_INVENTORY","HIGH_PRIORITY_REVIEW","PRESERVE_LEGACY_EVIDENCE","IGNORED_RUNTIME_OR_GENERATED_EVIDENCE","Local ignored/runtime evidence is preserved for lineage and empirical review but is not promoted to production authority.","False","False","False","False","False","7e4876bb2f8cde8ee38d1587721a3f9c0be1e4027f2f644299ceea6a7670a393"
"data/validation/phase_10/premium_universe_eligibility/official_secret_lair_cache/155bd5a168841695b248d6e6176d1f8be6acfd86e8e5b149d2149f8eae38ae0a.html","INTEGRATION_EXPORT","False","True","False","NOT_IN_OPENING_INVENTORY","HIGH_PRIORITY_REVIEW","PRESERVE_LEGACY_EVIDENCE","IGNORED_RUNTIME_OR_GENERATED_EVIDENCE","Local ignored/runtime evidence is preserved for lineage and empirical review but is not promoted to production authority.","False","False","False","False","False","68a7b1566db46bb122703bf3a90d9597c701dfc379aab504dc930410d82b7090"
"data/validation/phase_10/premium_universe_eligibility/official_secret_lair_cache/1dfa5dc90c7424aa79ea29a9c0e44cbec81439c372be760e1243d68ce8ac7c63.html","INTEGRATION_EXPORT","False","True","False","NOT_IN_OPENING_INVENTORY","HIGH_PRIORITY_REVIEW","PRESERVE_LEGACY_EVIDENCE","IGNORED_RUNTIME_OR_GENERATED_EVIDENCE","Local ignored/runtime evidence is preserved for lineage and empirical review but is not promoted to production authority.","False","False","False","False","False","2ab0bb107052a02c648fd341e8145ad1e8c78bb00ff01c5297d0d27c5b673326"
"data/validation/phase_10/premium_universe_eligibility/official_secret_lair_cache/22771ac626162d8a303b65bf0b732cee289645359c17ce88f185b2241a84527d.html","INTEGRATION_EXPORT","False","True","False","NOT_IN_OPENING_INVENTORY","HIGH_PRIORITY_REVIEW","PRESERVE_LEGACY_EVIDENCE","IGNORED_RUNTIME_OR_GENERATED_EVIDENCE","Local ignored/runtime evidence is preserved for lineage and empirical review but is not promoted to production authority.","False","False","False","False","False","bf53a27c7207d5da177d19130e0ae326de1370d9d08c843e348363636830d520"
"data/validation/phase_10/premium_universe_eligibility/official_secret_lair_cache/267f9b8b422c904b401ae8bbccf0dfa4e9effa57194d790e4bff9055737b9f33.html","INTEGRATION_EXPORT","False","True","False","NOT_IN_OPENING_INVENTORY","HIGH_PRIORITY_REVIEW","PRESERVE_LEGACY_EVIDENCE","IGNORED_RUNTIME_OR_GENERATED_EVIDENCE","Local ignored/runtime evidence is preserved for lineage and empirical review but is not promoted to production authority.","False","False","False","False","False","757c21bcbd203139cdf2178caf6703106f9ebb020f7a583ef6d16d93ed738c8d"
"data/validation/phase_10/premium_universe_eligibility/official_secret_lair_cache/2acce89189e844d1335b56546392694dbfdd78ae190460d4c9c283d264611a4c.html","INTEGRATION_EXPORT","False","True","False","NOT_IN_OPENING_INVENTORY","HIGH_PRIORITY_REVIEW","PRESERVE_LEGACY_EVIDENCE","IGNORED_RUNTIME_OR_GENERATED_EVIDENCE","Local ignored/runtime evidence is preserved for lineage and empirical review but is not promoted to production authority.","False","False","False","False","False","6f4d8d42566a219250febd912fcd8c2a8615e7d55fbed374cd79e87adb803b7b"
"data/validation/phase_10/premium_universe_eligibility/official_secret_lair_cache/2c886ea505ff6354ad4e91d4901ac489c40908c47e6a95599557d5501c14615e.html","INTEGRATION_EXPORT","False","True","False","NOT_IN_OPENING_INVENTORY","HIGH_PRIORITY_REVIEW","PRESERVE_LEGACY_EVIDENCE","IGNORED_RUNTIME_OR_GENERATED_EVIDENCE","Local ignored/runtime evidence is preserved for lineage and empirical review but is not promoted to production authority.","False","False","False","False","False","68a7b1566db46bb122703bf3a90d9597c701dfc379aab504dc930410d82b7090"
"data/validation/phase_10/premium_universe_eligibility/official_secret_lair_cache/3296ca655321cb09127ee7080169b8f0d266e7bdaa353eb2922749413c73990b.html","INTEGRATION_EXPORT","False","True","False","NOT_IN_OPENING_INVENTORY","HIGH_PRIORITY_REVIEW","PRESERVE_LEGACY_EVIDENCE","IGNORED_RUNTIME_OR_GENERATED_EVIDENCE","Local ignored/runtime evidence is preserved for lineage and empirical review but is not promoted to production authority.","False","False","False","False","False","ba362a313b1da3d89bfecea9fc00d086dc13e6c332c8d38e08137281d09c7af0"
"data/validation/phase_10/premium_universe_eligibility/official_secret_lair_cache/3bde32a99233a969e172ccf2773cf40068793858016dc82315d7178d74192787.html","INTEGRATION_EXPORT","False","True","False","NOT_IN_OPENING_INVENTORY","HIGH_PRIORITY_REVIEW","PRESERVE_LEGACY_EVIDENCE","IGNORED_RUNTIME_OR_GENERATED_EVIDENCE","Local ignored/runtime evidence is preserved for lineage and empirical review but is not promoted to production authority.","False","False","False","False","False","03c3e6831fc78140ad79e949a180bcd9d0ce75d1fb73e42cc411187dec3433b5"
"data/validation/phase_10/premium_universe_eligibility/official_secret_lair_cache/40352664b74f43752a02a63f6e5f8846aae57404e23461263f8efc26a3c80178.html","INTEGRATION_EXPORT","False","True","False","NOT_IN_OPENING_INVENTORY","HIGH_PRIORITY_REVIEW","PRESERVE_LEGACY_EVIDENCE","IGNORED_RUNTIME_OR_GENERATED_EVIDENCE","Local ignored/runtime evidence is preserved for lineage and empirical review but is not promoted to production authority.","False","False","False","False","False","ea8bb3101b224b25248c494a1060456666aaca4088bae8c107200473ed913275"
"data/validation/phase_10/premium_universe_eligibility/official_secret_lair_cache/42ab5f7fe526161f208d4bff45b1cbb82ef7bb4c2bf628d65160c5294a293dc8.html","INTEGRATION_EXPORT","False","True","False","NOT_IN_OPENING_INVENTORY","HIGH_PRIORITY_REVIEW","PRESERVE_LEGACY_EVIDENCE","IGNORED_RUNTIME_OR_GENERATED_EVIDENCE","Local ignored/runtime evidence is preserved for lineage and empirical review but is not promoted to production authority.","False","False","False","False","False","db2beba6c69053137edd3fe1f9d12b2d361033574b212edccc9492f8d0b49ba4"
"data/validation/phase_10/premium_universe_eligibility/official_secret_lair_cache/42d3f6b652a3f405d2f7055124fbc847f03efb6de8faba44c01b5393b1b1a119.html","INTEGRATION_EXPORT","False","True","False","NOT_IN_OPENING_INVENTORY","HIGH_PRIORITY_REVIEW","PRESERVE_LEGACY_EVIDENCE","IGNORED_RUNTIME_OR_GENERATED_EVIDENCE","Local ignored/runtime evidence is preserved for lineage and empirical review but is not promoted to production authority.","False","False","False","False","False","1542977ebe41a8e8209f83eb0b82e34b54af0b1bfa99d0be4e34282966aa86bc"
"data/validation/phase_10/premium_universe_eligibility/official_secret_lair_cache/4346ab43ff9eb4af9902cc816abc63ac86343906e61ccd489d903b63af11a1b9.html","INTEGRATION_EXPORT","False","True","False","NOT_IN_OPENING_INVENTORY","HIGH_PRIORITY_REVIEW","PRESERVE_LEGACY_EVIDENCE","IGNORED_RUNTIME_OR_GENERATED_EVIDENCE","Local ignored/runtime evidence is preserved for lineage and empirical review but is not promoted to production authority.","False","False","False","False","False","58cf2ce298f5884c575e1f129a506ca390b7abe89fec91473ce102cc522adbc5"
"data/validation/phase_10/premium_universe_eligibility/official_secret_lair_cache/44f29376a2cabbd9651a3546ab6cad169982cfec8f518d1dddf33ddf7c7e0b51.html","INTEGRATION_EXPORT","False","True","False","NOT_IN_OPENING_INVENTORY","HIGH_PRIORITY_REVIEW","PRESERVE_LEGACY_EVIDENCE","IGNORED_RUNTIME_OR_GENERATED_EVIDENCE","Local ignored/runtime evidence is preserved for lineage and empirical review but is not promoted to production authority.","False","False","False","False","False","0ecc8631ebb8e27539905974782d8d125162aca42950dbfa8d33d6395e813a9c"
"data/validation/phase_10/premium_universe_eligibility/official_secret_lair_cache/4678efa817e1b329818d6e81fd5d22d2627caacf316636bf7e7ac0eba1d2cbdb.html","INTEGRATION_EXPORT","False","True","False","NOT_IN_OPENING_INVENTORY","HIGH_PRIORITY_REVIEW","PRESERVE_LEGACY_EVIDENCE","IGNORED_RUNTIME_OR_GENERATED_EVIDENCE","Local ignored/runtime evidence is preserved for lineage and empirical review but is not promoted to production authority.","False","False","False","False","False","5ca0253edf71de541cf2e0fc3d2eb950bbf4aa8cedad60e00754fa5772706e36"
"data/validation/phase_10/premium_universe_eligibility/official_secret_lair_cache/496219922cb38035bea71959c255ca85b4cbb45613432682bbf3399d007c0148.html","INTEGRATION_EXPORT","False","True","False","NOT_IN_OPENING_INVENTORY","HIGH_PRIORITY_REVIEW","PRESERVE_LEGACY_EVIDENCE","IGNORED_RUNTIME_OR_GENERATED_EVIDENCE","Local ignored/runtime evidence is preserved for lineage and empirical review but is not promoted to production authority.","False","False","False","False","False","c8bce7a2d9213f7ab630596c6eb10c6143d1497a27694fd39f8e90ffbaeb5348"
"data/validation/phase_10/premium_universe_eligibility/official_secret_lair_cache/4e7841eab4e0e56a50d4241670e946ed1d10be018a1960e73995e335daf40be8.html","INTEGRATION_EXPORT","False","True","False","NOT_IN_OPENING_INVENTORY","HIGH_PRIORITY_REVIEW","PRESERVE_LEGACY_EVIDENCE","IGNORED_RUNTIME_OR_GENERATED_EVIDENCE","Local ignored/runtime evidence is preserved for lineage and empirical review but is not promoted to production authority.","False","False","False","False","False","8d295831b2d3fd1aa243bfc4e48724dca143d78c8cbfbb4fe00ac206712496b6"
"data/validation/phase_10/premium_universe_eligibility/official_secret_lair_cache/4f17507bcbcde5ed6e714e4f83b727c048fb15f7415a10d5043c71da62b1583a.html","INTEGRATION_EXPORT","False","True","False","NOT_IN_OPENING_INVENTORY","HIGH_PRIORITY_REVIEW","PRESERVE_LEGACY_EVIDENCE","IGNORED_RUNTIME_OR_GENERATED_EVIDENCE","Local ignored/runtime evidence is preserved for lineage and empirical review but is not promoted to production authority.","False","False","False","False","False","2795e907e603119ed442e0c693ddbfae9b297348540df6428e2a6a8afe88549f"
"data/validation/phase_10/premium_universe_eligibility/official_secret_lair_cache/57ae0350494ecbd20798fba472cb9c8b33695852f04e59923d2ef1bb9e5cc516.html","INTEGRATION_EXPORT","False","True","False","NOT_IN_OPENING_INVENTORY","HIGH_PRIORITY_REVIEW","PRESERVE_LEGACY_EVIDENCE","IGNORED_RUNTIME_OR_GENERATED_EVIDENCE","Local ignored/runtime evidence is preserved for lineage and empirical review but is not promoted to production authority.","False","False","False","False","False","af6bdee3d271d531fdf6dea3766083fb823511d7b30242a4c9354eda95e04f66"
"data/validation/phase_10/premium_universe_eligibility/official_secret_lair_cache/57c3aaaac36b7f713bf2e1992fd96c0b4eb92e05dc1e3160e063bdb23e788583.html","INTEGRATION_EXPORT","False","True","False","NOT_IN_OPENING_INVENTORY","HIGH_PRIORITY_REVIEW","PRESERVE_LEGACY_EVIDENCE","IGNORED_RUNTIME_OR_GENERATED_EVIDENCE","Local ignored/runtime evidence is preserved for lineage and empirical review but is not promoted to production authority.","False","False","False","False","False","ec507336e4a5fc42362a5ac6f249d4383dd2e8a4fc312aecd624ce7bdfa61b05"
"data/validation/phase_10/premium_universe_eligibility/official_secret_lair_cache/6198872556e793a51f5faaa22494c9b5015b192d1461c4654a5ba824ef861ee1.html","INTEGRATION_EXPORT","False","True","False","NOT_IN_OPENING_INVENTORY","HIGH_PRIORITY_REVIEW","PRESERVE_LEGACY_EVIDENCE","IGNORED_RUNTIME_OR_GENERATED_EVIDENCE","Local ignored/runtime evidence is preserved for lineage and empirical review but is not promoted to production authority.","False","False","False","False","False","b84dc093f22ba43146cf194b88dbf916ee08905ceab0eb8628e0f260c8e44a39"
"data/validation/phase_10/premium_universe_eligibility/official_secret_lair_cache/64718c3f7e8e1dd90aa0e6b870692ee34ac7c8b0705d3ace4ce3c5173783d981.html","INTEGRATION_EXPORT","False","True","False","NOT_IN_OPENING_INVENTORY","HIGH_PRIORITY_REVIEW","PRESERVE_LEGACY_EVIDENCE","IGNORED_RUNTIME_OR_GENERATED_EVIDENCE","Local ignored/runtime evidence is preserved for lineage and empirical review but is not promoted to production authority.","False","False","False","False","False","5b1cf1534f50159459d47573baca92057329bc08dce057847518ea33f8effae9"
"data/validation/phase_10/premium_universe_eligibility/official_secret_lair_cache/6682043b73c73b04df595abbeaa053264019bcfdc39eeed3ec183b432f5c08cc.html","INTEGRATION_EXPORT","False","True","False","NOT_IN_OPENING_INVENTORY","HIGH_PRIORITY_REVIEW","PRESERVE_LEGACY_EVIDENCE","IGNORED_RUNTIME_OR_GENERATED_EVIDENCE","Local ignored/runtime evidence is preserved for lineage and empirical review but is not promoted to production authority.","False","False","False","False","False","8d295831b2d3fd1aa243bfc4e48724dca143d78c8cbfbb4fe00ac206712496b6"
"data/validation/phase_10/premium_universe_eligibility/official_secret_lair_cache/6b5824a6e7fda322b5f8ce100bf17c6b0b7d269c9229d45e93d9ba471ab33b1c.html","INTEGRATION_EXPORT","False","True","False","NOT_IN_OPENING_INVENTORY","HIGH_PRIORITY_REVIEW","PRESERVE_LEGACY_EVIDENCE","IGNORED_RUNTIME_OR_GENERATED_EVIDENCE","Local ignored/runtime evidence is preserved for lineage and empirical review but is not promoted to production authority.","False","False","False","False","False","3fc791998d735770248303af98bcbe5e82cbd321a3afb933c7d3a4facba2ea84"
"data/validation/phase_10/premium_universe_eligibility/official_secret_lair_cache/6cbb9d8e67a8d8692955cc1d8f2fe7c060e2aed3011fa5710c0acd235374ca26.html","INTEGRATION_EXPORT","False","True","False","NOT_IN_OPENING_INVENTORY","HIGH_PRIORITY_REVIEW","PRESERVE_LEGACY_EVIDENCE","IGNORED_RUNTIME_OR_GENERATED_EVIDENCE","Local ignored/runtime evidence is preserved for lineage and empirical review but is not promoted to production authority.","False","False","False","False","False","af6bdee3d271d531fdf6dea3766083fb823511d7b30242a4c9354eda95e04f66"
"data/validation/phase_10/premium_universe_eligibility/official_secret_lair_cache/6e912c05aab2ed45edcf3680a4e0eecdf11c6f2f65b39118e2d0083b2ac2bb3b.html","INTEGRATION_EXPORT","False","True","False","NOT_IN_OPENING_INVENTORY","HIGH_PRIORITY_REVIEW","PRESERVE_LEGACY_EVIDENCE","IGNORED_RUNTIME_OR_GENERATED_EVIDENCE","Local ignored/runtime evidence is preserved for lineage and empirical review but is not promoted to production authority.","False","False","False","False","False","2d8aca5bddc96f379c769d045f7d8bb532460f82d8cf0308b35e6612ab8d625f"
"data/validation/phase_10/premium_universe_eligibility/official_secret_lair_cache/7ad2373bccd90d0bb671bd10b5250e4d3f5638c896a217d87375e752d2fb49ec.html","INTEGRATION_EXPORT","False","True","False","NOT_IN_OPENING_INVENTORY","HIGH_PRIORITY_REVIEW","PRESERVE_LEGACY_EVIDENCE","IGNORED_RUNTIME_OR_GENERATED_EVIDENCE","Local ignored/runtime evidence is preserved for lineage and empirical review but is not promoted to production authority.","False","False","False","False","False","4aa39ca8557431b9446797fbec5c2b4e98ac94ac7d1e5742baa3feb8cc629642"
"data/validation/phase_10/premium_universe_eligibility/official_secret_lair_cache/7e85a39c4ed90ed80ef73d461a7db9ccf0edaab3625779860063a60f0dfda96b.html","INTEGRATION_EXPORT","False","True","False","NOT_IN_OPENING_INVENTORY","HIGH_PRIORITY_REVIEW","PRESERVE_LEGACY_EVIDENCE","IGNORED_RUNTIME_OR_GENERATED_EVIDENCE","Local ignored/runtime evidence is preserved for lineage and empirical review but is not promoted to production authority.","False","False","False","False","False","5877d9e1dadd883b65e2a82a861b44496f1941d04de6bcab3d7c1e2a5644519f"
"data/validation/phase_10/premium_universe_eligibility/official_secret_lair_cache/837f3533fcd174526d96aeed59e3c445ec044d32baa49535c51377fb8bb91d1d.html","INTEGRATION_EXPORT","False","True","False","NOT_IN_OPENING_INVENTORY","HIGH_PRIORITY_REVIEW","PRESERVE_LEGACY_EVIDENCE","IGNORED_RUNTIME_OR_GENERATED_EVIDENCE","Local ignored/runtime evidence is preserved for lineage and empirical review but is not promoted to production authority.","False","False","False","False","False","ba362a313b1da3d89bfecea9fc00d086dc13e6c332c8d38e08137281d09c7af0"
"data/validation/phase_10/premium_universe_eligibility/official_secret_lair_cache/83bc48b530d28e16ed76d87fd8b5e69cfcf2cc5ca9d8f47ad1034eb25202ad14.html","INTEGRATION_EXPORT","False","True","False","NOT_IN_OPENING_INVENTORY","HIGH_PRIORITY_REVIEW","PRESERVE_LEGACY_EVIDENCE","IGNORED_RUNTIME_OR_GENERATED_EVIDENCE","Local ignored/runtime evidence is preserved for lineage and empirical review but is not promoted to production authority.","False","False","False","False","False","e620ffb17683536e6ba9bb330196cc2952c349f958aaceff8a33fda23c237b1c"
"data/validation/phase_10/premium_universe_eligibility/official_secret_lair_cache/8728603d6b332a03a699df89ae9f7a2564579070a7aff61b0f1d0e92530f16c5.html","INTEGRATION_EXPORT","False","True","False","NOT_IN_OPENING_INVENTORY","HIGH_PRIORITY_REVIEW","PRESERVE_LEGACY_EVIDENCE","IGNORED_RUNTIME_OR_GENERATED_EVIDENCE","Local ignored/runtime evidence is preserved for lineage and empirical review but is not promoted to production authority.","False","False","False","False","False","4ca1f5610740755e863880f14d311d32055c6b4aeeeb8d02588bd7cdd49ca331"
"data/validation/phase_10/premium_universe_eligibility/official_secret_lair_cache/8ee095480261b85d0da232f3f278490b422ed64768d6c4f387ea472df32491bf.html","INTEGRATION_EXPORT","False","True","False","NOT_IN_OPENING_INVENTORY","HIGH_PRIORITY_REVIEW","PRESERVE_LEGACY_EVIDENCE","IGNORED_RUNTIME_OR_GENERATED_EVIDENCE","Local ignored/runtime evidence is preserved for lineage and empirical review but is not promoted to production authority.","False","False","False","False","False","db66716ccab5895e9bc83d47ba7797f7c00069e36d89e47193ecec753e02b08a"
"data/validation/phase_10/premium_universe_eligibility/official_secret_lair_cache/907a89fc57e06b3acea5a8a3b36494ea89ae743df05de224153fa6c6ccf8d1d1.html","INTEGRATION_EXPORT","False","True","False","NOT_IN_OPENING_INVENTORY","HIGH_PRIORITY_REVIEW","PRESERVE_LEGACY_EVIDENCE","IGNORED_RUNTIME_OR_GENERATED_EVIDENCE","Local ignored/runtime evidence is preserved for lineage and empirical review but is not promoted to production authority.","False","False","False","False","False","be946541a92882358d0c96a3060c72271b1a87a19ed862d9ffffe486d3994d49"
"data/validation/phase_10/premium_universe_eligibility/official_secret_lair_cache/925b5be1173828ea1f2cee5117ae4a47a6bfa90d0131bbde93880712170ace73.html","INTEGRATION_EXPORT","False","True","False","NOT_IN_OPENING_INVENTORY","HIGH_PRIORITY_REVIEW","PRESERVE_LEGACY_EVIDENCE","IGNORED_RUNTIME_OR_GENERATED_EVIDENCE","Local ignored/runtime evidence is preserved for lineage and empirical review but is not promoted to production authority.","False","False","False","False","False","8214eb9dc6e64ef1d32bb9b307d1503974f51fd63ebb4315cbf4b78042c769f3"
"data/validation/phase_10/premium_universe_eligibility/official_secret_lair_cache/9ba249d987d38197a1e1e5e4d814877cf01c3e424c35bb391e523514478a9327.html","INTEGRATION_EXPORT","False","True","False","NOT_IN_OPENING_INVENTORY","HIGH_PRIORITY_REVIEW","PRESERVE_LEGACY_EVIDENCE","IGNORED_RUNTIME_OR_GENERATED_EVIDENCE","Local ignored/runtime evidence is preserved for lineage and empirical review but is not promoted to production authority.","False","False","False","False","False","0ecc8631ebb8e27539905974782d8d125162aca42950dbfa8d33d6395e813a9c"
"data/validation/phase_10/premium_universe_eligibility/official_secret_lair_cache/9c2b01d6e423744f4abee717e081aacd8055a6630cc6a2d7a9f022fd6b4aebb4.html","INTEGRATION_EXPORT","False","True","False","NOT_IN_OPENING_INVENTORY","HIGH_PRIORITY_REVIEW","PRESERVE_LEGACY_EVIDENCE","IGNORED_RUNTIME_OR_GENERATED_EVIDENCE","Local ignored/runtime evidence is preserved for lineage and empirical review but is not promoted to production authority.","False","False","False","False","False","4ca1f5610740755e863880f14d311d32055c6b4aeeeb8d02588bd7cdd49ca331"
"data/validation/phase_10/premium_universe_eligibility/official_secret_lair_cache/a4ff479a7542e2477dd7f490640d1d10baadc84de1e1f4506fbcfc0e31bf9dfc.html","INTEGRATION_EXPORT","False","True","False","NOT_IN_OPENING_INVENTORY","HIGH_PRIORITY_REVIEW","PRESERVE_LEGACY_EVIDENCE","IGNORED_RUNTIME_OR_GENERATED_EVIDENCE","Local ignored/runtime evidence is preserved for lineage and empirical review but is not promoted to production authority.","False","False","False","False","False","dff670288b238382c2f4c95f12a3c8990ed430004c885ffbd68a8b5c5138f8f1"
"data/validation/phase_10/premium_universe_eligibility/official_secret_lair_cache/a5a0a1baa1febffaa8d5e7db46703b9f667df9c8ce6bf970d9d7c7a309d6984e.html","INTEGRATION_EXPORT","False","True","False","NOT_IN_OPENING_INVENTORY","HIGH_PRIORITY_REVIEW","PRESERVE_LEGACY_EVIDENCE","IGNORED_RUNTIME_OR_GENERATED_EVIDENCE","Local ignored/runtime evidence is preserved for lineage and empirical review but is not promoted to production authority.","False","False","False","False","False","3fc791998d735770248303af98bcbe5e82cbd321a3afb933c7d3a4facba2ea84"
"data/validation/phase_10/premium_universe_eligibility/official_secret_lair_cache/b53f16c67a61bc2e0d7fe467c04cfbedae618823e5419e140762a723fed7264a.html","INTEGRATION_EXPORT","False","True","False","NOT_IN_OPENING_INVENTORY","HIGH_PRIORITY_REVIEW","PRESERVE_LEGACY_EVIDENCE","IGNORED_RUNTIME_OR_GENERATED_EVIDENCE","Local ignored/runtime evidence is preserved for lineage and empirical review but is not promoted to production authority.","False","False","False","False","False","6f4d8d42566a219250febd912fcd8c2a8615e7d55fbed374cd79e87adb803b7b"
"data/validation/phase_10/premium_universe_eligibility/official_secret_lair_cache/bbb97bd296679ad12ee6ab269cc232f18ddfcfb2b70d9293fed5558d598a7ef8.html","INTEGRATION_EXPORT","False","True","False","NOT_IN_OPENING_INVENTORY","HIGH_PRIORITY_REVIEW","PRESERVE_LEGACY_EVIDENCE","IGNORED_RUNTIME_OR_GENERATED_EVIDENCE","Local ignored/runtime evidence is preserved for lineage and empirical review but is not promoted to production authority.","False","False","False","False","False","ea8bb3101b224b25248c494a1060456666aaca4088bae8c107200473ed913275"
"data/validation/phase_10/premium_universe_eligibility/official_secret_lair_cache/bd000573a5b5a7b4369575a04f189a3c58857c82a1c84bf31b22c53fc3064fe6.html","INTEGRATION_EXPORT","False","True","False","NOT_IN_OPENING_INVENTORY","HIGH_PRIORITY_REVIEW","PRESERVE_LEGACY_EVIDENCE","IGNORED_RUNTIME_OR_GENERATED_EVIDENCE","Local ignored/runtime evidence is preserved for lineage and empirical review but is not promoted to production authority.","False","False","False","False","False","95e358ef01d69997cbc95954dace21ec068d386630cb75cfd3716ab8f189ac27"
"data/validation/phase_10/premium_universe_eligibility/official_secret_lair_cache/c1e1532a062bd5dabfd6fe7abf275849cf953d27ca53e0fc5781f7d661bf5058.html","INTEGRATION_EXPORT","False","True","False","NOT_IN_OPENING_INVENTORY","HIGH_PRIORITY_REVIEW","PRESERVE_LEGACY_EVIDENCE","IGNORED_RUNTIME_OR_GENERATED_EVIDENCE","Local ignored/runtime evidence is preserved for lineage and empirical review but is not promoted to production authority.","False","False","False","False","False","8b2d66249f0bc42e396bc8061d7cdd888d6c513651bbe2c2c2061821223127d6"
"data/validation/phase_10/premium_universe_eligibility/official_secret_lair_cache/c274f7225c32d4f9d33c4f80a6c30c5421521f0f5fdb5dfc9fb0fdf8dae48cd8.html","INTEGRATION_EXPORT","False","True","False","NOT_IN_OPENING_INVENTORY","HIGH_PRIORITY_REVIEW","PRESERVE_LEGACY_EVIDENCE","IGNORED_RUNTIME_OR_GENERATED_EVIDENCE","Local ignored/runtime evidence is preserved for lineage and empirical review but is not promoted to production authority.","False","False","False","False","False","e86b51da825ba871ff37cbf2bb7f58f98aacd83873a7c2b86e3ee66062b03508"
"data/validation/phase_10/premium_universe_eligibility/official_secret_lair_cache/c42742fac54254ebd4310c8ccda48cdbaca72aa8942c2ab2914ade5f03758275.html","INTEGRATION_EXPORT","False","True","False","NOT_IN_OPENING_INVENTORY","HIGH_PRIORITY_REVIEW","PRESERVE_LEGACY_EVIDENCE","IGNORED_RUNTIME_OR_GENERATED_EVIDENCE","Local ignored/runtime evidence is preserved for lineage and empirical review but is not promoted to production authority.","False","False","False","False","False","ec507336e4a5fc42362a5ac6f249d4383dd2e8a4fc312aecd624ce7bdfa61b05"
"data/validation/phase_10/premium_universe_eligibility/official_secret_lair_cache/cb064da090bc8f1e972aae45b19fbcd3ed8b3258ce3ca87d067be3f436e8a126.html","INTEGRATION_EXPORT","False","True","False","NOT_IN_OPENING_INVENTORY","HIGH_PRIORITY_REVIEW","PRESERVE_LEGACY_EVIDENCE","IGNORED_RUNTIME_OR_GENERATED_EVIDENCE","Local ignored/runtime evidence is preserved for lineage and empirical review but is not promoted to production authority.","False","False","False","False","False","95e358ef01d69997cbc95954dace21ec068d386630cb75cfd3716ab8f189ac27"
"data/validation/phase_10/premium_universe_eligibility/official_secret_lair_cache/cd02fd02dd0602c0d1d8520717f8cd46f3aa87fbadbb617821cc0c75e64ddbc7.html","INTEGRATION_EXPORT","False","True","False","NOT_IN_OPENING_INVENTORY","HIGH_PRIORITY_REVIEW","PRESERVE_LEGACY_EVIDENCE","IGNORED_RUNTIME_OR_GENERATED_EVIDENCE","Local ignored/runtime evidence is preserved for lineage and empirical review but is not promoted to production authority.","False","False","False","False","False","61287e4dff966ce7c1fe9c102a1a369756b85af21c8b84fdb3270b091c72b244"
"data/validation/phase_10/premium_universe_eligibility/official_secret_lair_cache/d2956f322eff7be373fa47ba938a9c1c372709974c5a140af730b2c91d5d8318.html","INTEGRATION_EXPORT","False","True","False","NOT_IN_OPENING_INVENTORY","HIGH_PRIORITY_REVIEW","PRESERVE_LEGACY_EVIDENCE","IGNORED_RUNTIME_OR_GENERATED_EVIDENCE","Local ignored/runtime evidence is preserved for lineage and empirical review but is not promoted to production authority.","False","False","False","False","False","b84dc093f22ba43146cf194b88dbf916ee08905ceab0eb8628e0f260c8e44a39"
"data/validation/phase_10/premium_universe_eligibility/official_secret_lair_cache/d3ca7ef496d2a5c5439c5c3fc181294a7964e2123913eba3a330f914f8a98465.html","INTEGRATION_EXPORT","False","True","False","NOT_IN_OPENING_INVENTORY","HIGH_PRIORITY_REVIEW","PRESERVE_LEGACY_EVIDENCE","IGNORED_RUNTIME_OR_GENERATED_EVIDENCE","Local ignored/runtime evidence is preserved for lineage and empirical review but is not promoted to production authority.","False","False","False","False","False","337af91d9a309f71c63ed4af2ae53246e734279e50f93e27746e4da96d1037c3"
"data/validation/phase_10/premium_universe_eligibility/official_secret_lair_cache/d9f5fffa42e35161f7a2786bbf91fd3271fcb404d06f8307ad95628ade74465f.html","INTEGRATION_EXPORT","False","True","False","NOT_IN_OPENING_INVENTORY","HIGH_PRIORITY_REVIEW","PRESERVE_LEGACY_EVIDENCE","IGNORED_RUNTIME_OR_GENERATED_EVIDENCE","Local ignored/runtime evidence is preserved for lineage and empirical review but is not promoted to production authority.","False","False","False","False","False","757c21bcbd203139cdf2178caf6703106f9ebb020f7a583ef6d16d93ed738c8d"
"data/validation/phase_10/premium_universe_eligibility/official_secret_lair_cache/dfbb5a7b947438b6be841156cbfe8060cf0ae63a9c6cc77dd5f552bb546c4214.html","INTEGRATION_EXPORT","False","True","False","NOT_IN_OPENING_INVENTORY","HIGH_PRIORITY_REVIEW","PRESERVE_LEGACY_EVIDENCE","IGNORED_RUNTIME_OR_GENERATED_EVIDENCE","Local ignored/runtime evidence is preserved for lineage and empirical review but is not promoted to production authority.","False","False","False","False","False","db2beba6c69053137edd3fe1f9d12b2d361033574b212edccc9492f8d0b49ba4"
"data/validation/phase_10/premium_universe_eligibility/official_secret_lair_cache/e1008e80bd098cdc4cd2a5122179b2c26416ce4a79a362b22748a1866707f116.html","INTEGRATION_EXPORT","False","True","False","NOT_IN_OPENING_INVENTORY","HIGH_PRIORITY_REVIEW","PRESERVE_LEGACY_EVIDENCE","IGNORED_RUNTIME_OR_GENERATED_EVIDENCE","Local ignored/runtime evidence is preserved for lineage and empirical review but is not promoted to production authority.","False","False","False","False","False","808398f09fbca8154130c16067008ca15d092e94ea8219ea3e0cde9ea9018ec8"
"data/validation/phase_10/premium_universe_eligibility/official_secret_lair_cache/e2be54c373fd5bf23c0c2ce444de171dc6b5aae2d1cbee736c127d68e05fd4ec.html","INTEGRATION_EXPORT","False","True","False","NOT_IN_OPENING_INVENTORY","HIGH_PRIORITY_REVIEW","PRESERVE_LEGACY_EVIDENCE","IGNORED_RUNTIME_OR_GENERATED_EVIDENCE","Local ignored/runtime evidence is preserved for lineage and empirical review but is not promoted to production authority.","False","False","False","False","False","f63047bf569f49252d67e2dfcaa9a1f4341c396b170ca6d0da92b7ff717a2d71"
"data/validation/phase_10/premium_universe_eligibility/official_secret_lair_cache/e95add071fe397ad7a73d949748aaf5e9fb2d5d626bae56b5dbe3f876483aede.html","INTEGRATION_EXPORT","False","True","False","NOT_IN_OPENING_INVENTORY","HIGH_PRIORITY_REVIEW","PRESERVE_LEGACY_EVIDENCE","IGNORED_RUNTIME_OR_GENERATED_EVIDENCE","Local ignored/runtime evidence is preserved for lineage and empirical review but is not promoted to production authority.","False","False","False","False","False","7e4876bb2f8cde8ee38d1587721a3f9c0be1e4027f2f644299ceea6a7670a393"
"data/validation/phase_10/premium_universe_eligibility/official_secret_lair_cache/e994ab78fd89dc177d39769d31bb9fc6b22e92396f8cea5935c672bb150fc3f1.html","INTEGRATION_EXPORT","False","True","False","NOT_IN_OPENING_INVENTORY","HIGH_PRIORITY_REVIEW","PRESERVE_LEGACY_EVIDENCE","IGNORED_RUNTIME_OR_GENERATED_EVIDENCE","Local ignored/runtime evidence is preserved for lineage and empirical review but is not promoted to production authority.","False","False","False","False","False","1542977ebe41a8e8209f83eb0b82e34b54af0b1bfa99d0be4e34282966aa86bc"
"data/validation/phase_10/premium_universe_eligibility/official_secret_lair_cache/f2b985e4ba08d0bcafad229a8f67423fb5481aa98e527cb61f5e88efcabf015b.html","INTEGRATION_EXPORT","False","True","False","NOT_IN_OPENING_INVENTORY","HIGH_PRIORITY_REVIEW","PRESERVE_LEGACY_EVIDENCE","IGNORED_RUNTIME_OR_GENERATED_EVIDENCE","Local ignored/runtime evidence is preserved for lineage and empirical review but is not promoted to production authority.","False","False","False","False","False","5fce781eaf9eda41a0c325825e961989668483912479e9991a8a4e40fc4cbd32"
"data/validation/phase_10/premium_universe_eligibility/official_secret_lair_cache/fdc056d81b5d466cb871a07859bf97c6f5f4e7c4e1983400a93cce6c7e7ab1aa.html","INTEGRATION_EXPORT","False","True","False","NOT_IN_OPENING_INVENTORY","HIGH_PRIORITY_REVIEW","PRESERVE_LEGACY_EVIDENCE","IGNORED_RUNTIME_OR_GENERATED_EVIDENCE","Local ignored/runtime evidence is preserved for lineage and empirical review but is not promoted to production authority.","False","False","False","False","False","acb0de71974896e2d039ef4b1b36202141c1380680da4f86e913885e2929d4cf"
"data/validation/phase_10/premium_universe_eligibility/official_secret_lair_cache/fddc269e40aa82d7131b491395abb41af14fc1b13dafc8a79aa420f5f3bcb6b3.html","INTEGRATION_EXPORT","False","True","False","NOT_IN_OPENING_INVENTORY","HIGH_PRIORITY_REVIEW","PRESERVE_LEGACY_EVIDENCE","IGNORED_RUNTIME_OR_GENERATED_EVIDENCE","Local ignored/runtime evidence is preserved for lineage and empirical review but is not promoted to production authority.","False","False","False","False","False","a885db2a935d904a65cacd094fbd3f4081a8b659fd9bc5ddcb065df7c8aa5324"
"data/validation/phase_10/premium_universe_eligibility/official_secret_lair_cache/ff7fdcb566bca9e050067a2b0d186bfc8ecf91ac4ff9111ab4772758e1e882f2.html","INTEGRATION_EXPORT","False","True","False","NOT_IN_OPENING_INVENTORY","HIGH_PRIORITY_REVIEW","PRESERVE_LEGACY_EVIDENCE","IGNORED_RUNTIME_OR_GENERATED_EVIDENCE","Local ignored/runtime evidence is preserved for lineage and empirical review but is not promoted to production authority.","False","False","False","False","False","49283de05dfdaf3e5de489b9574f54a5804fdbe962d9a7904bc7a599829cd6ae"
"data/validation/phase_10/premium_universe_eligibility/official_secret_lair_cache/ff8e602fbcdd941038af271db9e0461c9180ca7c173f4a0c619cca0858145fc1.html","INTEGRATION_EXPORT","False","True","False","NOT_IN_OPENING_INVENTORY","HIGH_PRIORITY_REVIEW","PRESERVE_LEGACY_EVIDENCE","IGNORED_RUNTIME_OR_GENERATED_EVIDENCE","Local ignored/runtime evidence is preserved for lineage and empirical review but is not promoted to production authority.","False","False","False","False","False","cb0b556c6710ee61f9bdb01f9651efc106a47f92f226af82f62eed72841dfc2d"
"data/validation/phase_10/premium_universe_eligibility/official_secret_lair_cache/ffdcdb82b178b3c44f7eb5e80564810d44d24dad1328b88c23b1a16b80b779d2.html","INTEGRATION_EXPORT","False","True","False","NOT_IN_OPENING_INVENTORY","HIGH_PRIORITY_REVIEW","PRESERVE_LEGACY_EVIDENCE","IGNORED_RUNTIME_OR_GENERATED_EVIDENCE","Local ignored/runtime evidence is preserved for lineage and empirical review but is not promoted to production authority.","False","False","False","False","False","dff670288b238382c2f4c95f12a3c8990ed430004c885ffbd68a8b5c5138f8f1"
"data/validation/phase_10/premium_universe_eligibility/official_secret_lair_cache_expanded/1dfa5dc90c7424aa79ea29a9c0e44cbec81439c372be760e1243d68ce8ac7c63.txt","INTEGRATION_EXPORT","False","True","False","NOT_IN_OPENING_INVENTORY","HIGH_PRIORITY_REVIEW","PRESERVE_LEGACY_EVIDENCE","IGNORED_RUNTIME_OR_GENERATED_EVIDENCE","Local ignored/runtime evidence is preserved for lineage and empirical review but is not promoted to production authority.","False","False","False","False","False","2ab0bb107052a02c648fd341e8145ad1e8c78bb00ff01c5297d0d27c5b673326"
"data/validation/phase_10/premium_universe_eligibility/official_secret_lair_cache_expanded/3bde32a99233a969e172ccf2773cf40068793858016dc82315d7178d74192787.txt","INTEGRATION_EXPORT","False","True","False","NOT_IN_OPENING_INVENTORY","HIGH_PRIORITY_REVIEW","PRESERVE_LEGACY_EVIDENCE","IGNORED_RUNTIME_OR_GENERATED_EVIDENCE","Local ignored/runtime evidence is preserved for lineage and empirical review but is not promoted to production authority.","False","False","False","False","False","03c3e6831fc78140ad79e949a180bcd9d0ce75d1fb73e42cc411187dec3433b5"
"data/validation/phase_10/premium_universe_eligibility/official_secret_lair_cache_expanded/64718c3f7e8e1dd90aa0e6b870692ee34ac7c8b0705d3ace4ce3c5173783d981.txt","INTEGRATION_EXPORT","False","True","False","NOT_IN_OPENING_INVENTORY","HIGH_PRIORITY_REVIEW","PRESERVE_LEGACY_EVIDENCE","IGNORED_RUNTIME_OR_GENERATED_EVIDENCE","Local ignored/runtime evidence is preserved for lineage and empirical review but is not promoted to production authority.","False","False","False","False","False","5b1cf1534f50159459d47573baca92057329bc08dce057847518ea33f8effae9"
"data/validation/phase_10/premium_universe_eligibility/official_secret_lair_cache_expanded/678cf469265e66ecc88f83af83d86ebaf57b83fa08bd0d95894e1adbedfae3f4.txt","INTEGRATION_EXPORT","False","True","False","NOT_IN_OPENING_INVENTORY","HIGH_PRIORITY_REVIEW","PRESERVE_LEGACY_EVIDENCE","IGNORED_RUNTIME_OR_GENERATED_EVIDENCE","Local ignored/runtime evidence is preserved for lineage and empirical review but is not promoted to production authority.","False","False","False","False","False","2ab0bb107052a02c648fd341e8145ad1e8c78bb00ff01c5297d0d27c5b673326"
"data/validation/phase_10/premium_universe_eligibility/official_secret_lair_cache_expanded/6deabcd9bd9dcc7a1ecc618dce9925e8fb79262a71e3dd2b8d108bb22d231212.txt","INTEGRATION_EXPORT","False","True","False","NOT_IN_OPENING_INVENTORY","HIGH_PRIORITY_REVIEW","PRESERVE_LEGACY_EVIDENCE","IGNORED_RUNTIME_OR_GENERATED_EVIDENCE","Local ignored/runtime evidence is preserved for lineage and empirical review but is not promoted to production authority.","False","False","False","False","False","03c3e6831fc78140ad79e949a180bcd9d0ce75d1fb73e42cc411187dec3433b5"
"data/validation/phase_10/premium_universe_eligibility/official_secret_lair_cache_expanded/7d1b712204aa7e05a29029f12ffaeb7104da57474efcc31f65383af8cd105868.txt","INTEGRATION_EXPORT","False","True","False","NOT_IN_OPENING_INVENTORY","HIGH_PRIORITY_REVIEW","PRESERVE_LEGACY_EVIDENCE","IGNORED_RUNTIME_OR_GENERATED_EVIDENCE","Local ignored/runtime evidence is preserved for lineage and empirical review but is not promoted to production authority.","False","False","False","False","False","2ab0bb107052a02c648fd341e8145ad1e8c78bb00ff01c5297d0d27c5b673326"
"data/validation/phase_10/premium_universe_eligibility/official_secret_lair_cache_expanded/8ee095480261b85d0da232f3f278490b422ed64768d6c4f387ea472df32491bf.txt","INTEGRATION_EXPORT","False","True","False","NOT_IN_OPENING_INVENTORY","HIGH_PRIORITY_REVIEW","PRESERVE_LEGACY_EVIDENCE","IGNORED_RUNTIME_OR_GENERATED_EVIDENCE","Local ignored/runtime evidence is preserved for lineage and empirical review but is not promoted to production authority.","False","False","False","False","False","db66716ccab5895e9bc83d47ba7797f7c00069e36d89e47193ecec753e02b08a"
"data/validation/phase_10/premium_universe_eligibility/official_secret_lair_cache_expanded/ccb71e755e63cbab71799e8d253b807774995dafcde562e9b8ea7e712cab8d99.txt","INTEGRATION_EXPORT","False","True","False","NOT_IN_OPENING_INVENTORY","HIGH_PRIORITY_REVIEW","PRESERVE_LEGACY_EVIDENCE","IGNORED_RUNTIME_OR_GENERATED_EVIDENCE","Local ignored/runtime evidence is preserved for lineage and empirical review but is not promoted to production authority.","False","False","False","False","False","49283de05dfdaf3e5de489b9574f54a5804fdbe962d9a7904bc7a599829cd6ae"
"data/validation/phase_10/premium_universe_eligibility/official_secret_lair_cache_expanded/e2be54c373fd5bf23c0c2ce444de171dc6b5aae2d1cbee736c127d68e05fd4ec.txt","INTEGRATION_EXPORT","False","True","False","NOT_IN_OPENING_INVENTORY","PRESERVE_LEGACY_EVIDENCE","PRESERVE_LEGACY_EVIDENCE","LEGACY_MODEL_FORECAST_RANKING","Legacy modeling, forecasting, or ranking evidence must remain preserved but cannot become V1 authority without the governed tournament and certification sequence.","False","False","False","False","False","f63047bf569f49252d67e2dfcaa9a1f4341c396b170ca6d0da92b7ff717a2d71"
"data/validation/phase_10/premium_universe_eligibility/official_secret_lair_cache_expanded/e38aa9bbd2da0e66cd489d5358bf075c7cdd452322e61ae5bd0aff0135621f88.txt","INTEGRATION_EXPORT","False","True","False","NOT_IN_OPENING_INVENTORY","HIGH_PRIORITY_REVIEW","PRESERVE_LEGACY_EVIDENCE","IGNORED_RUNTIME_OR_GENERATED_EVIDENCE","Local ignored/runtime evidence is preserved for lineage and empirical review but is not promoted to production authority.","False","False","False","False","False","db66716ccab5895e9bc83d47ba7797f7c00069e36d89e47193ecec753e02b08a"
"data/validation/phase_10/premium_universe_eligibility/official_secret_lair_cache_expanded/e5f34274f8eb58ba9a3f4ed2ee92e1e9832a1ec0cd31a6221744ad598ef0590d.txt","INTEGRATION_EXPORT","False","True","False","NOT_IN_OPENING_INVENTORY","HIGH_PRIORITY_REVIEW","PRESERVE_LEGACY_EVIDENCE","IGNORED_RUNTIME_OR_GENERATED_EVIDENCE","Local ignored/runtime evidence is preserved for lineage and empirical review but is not promoted to production authority.","False","False","False","False","False","5b1cf1534f50159459d47573baca92057329bc08dce057847518ea33f8effae9"
"data/validation/phase_10/premium_universe_eligibility/official_secret_lair_cache_expanded/ff7fdcb566bca9e050067a2b0d186bfc8ecf91ac4ff9111ab4772758e1e882f2.txt","INTEGRATION_EXPORT","False","True","False","NOT_IN_OPENING_INVENTORY","HIGH_PRIORITY_REVIEW","PRESERVE_LEGACY_EVIDENCE","IGNORED_RUNTIME_OR_GENERATED_EVIDENCE","Local ignored/runtime evidence is preserved for lineage and empirical review but is not promoted to production authority.","False","False","False","False","False","49283de05dfdaf3e5de489b9574f54a5804fdbe962d9a7904bc7a599829cd6ae"
"data/validation/phase_10/premium_universe_eligibility/official_secret_lair_cache_expanded/ffece3bd5e431207bf7fa8c5e5ab499f87da7cd8bce69fcef9d8b8573c40b40c.txt","INTEGRATION_EXPORT","False","True","False","NOT_IN_OPENING_INVENTORY","HIGH_PRIORITY_REVIEW","PRESERVE_LEGACY_EVIDENCE","IGNORED_RUNTIME_OR_GENERATED_EVIDENCE","Local ignored/runtime evidence is preserved for lineage and empirical review but is not promoted to production authority.","False","False","False","False","False","c7111e11f2ba482782d1665ac417d116e525b865a45a4ae3ced41096fee70d21"
"data/validation/phase_10/premium_universe_eligibility/secret_lair_catalog_discovery_summary.csv","SOURCE_ACQUISITION","False","True","False","NOT_IN_OPENING_INVENTORY","HIGH_PRIORITY_REVIEW","PRESERVE_LEGACY_EVIDENCE","IGNORED_RUNTIME_OR_GENERATED_EVIDENCE","Local ignored/runtime evidence is preserved for lineage and empirical review but is not promoted to production authority.","False","False","False","False","False","d7bd43c525aa005b4e45809d12568bf03d3592f1a93b09f77ea32395df8b7dfd"
"data/validation/phase_10/premium_universe_eligibility/secret_lair_catalog_missing_from_candidates.csv","INTEGRATION_EXPORT","False","True","False","NOT_IN_OPENING_INVENTORY","HIGH_PRIORITY_REVIEW","PRESERVE_LEGACY_EVIDENCE","IGNORED_RUNTIME_OR_GENERATED_EVIDENCE","Local ignored/runtime evidence is preserved for lineage and empirical review but is not promoted to production authority.","False","False","False","False","False","8f96f75f03ce5ccf1fc717243924b1e2f743499b6b4f5313d2a53153f991847b"
"data/validation/phase_10/premium_universe_eligibility/secret_lair_complete_universe_working.csv","INTEGRATION_EXPORT","False","True","False","NOT_IN_OPENING_INVENTORY","REUSE_OR_ADAPT_CANDIDATE","PRESERVE_LEGACY_EVIDENCE","IGNORED_RUNTIME_OR_GENERATED_EVIDENCE","Local ignored/runtime evidence is preserved for lineage and empirical review but is not promoted to production authority.","False","False","False","False","False","31225edec20e5db515e15a2c168742de8e8c4861b6b0056e039bdff917ec00a0"
"data/validation/phase_10/premium_universe_eligibility/secret_lair_full_catalog_discovery.csv","SOURCE_ACQUISITION","False","True","False","NOT_IN_OPENING_INVENTORY","HIGH_PRIORITY_REVIEW","PRESERVE_LEGACY_EVIDENCE","IGNORED_RUNTIME_OR_GENERATED_EVIDENCE","Local ignored/runtime evidence is preserved for lineage and empirical review but is not promoted to production authority.","False","False","False","False","False","8f96f75f03ce5ccf1fc717243924b1e2f743499b6b4f5313d2a53153f991847b"
"data/validation/phase_10/premium_universe_eligibility/secret_lair_master_expansion_certification.csv","STRUCTURAL_FEATURES","True","False","True","REVIEW_FOR_REUSE","ADAPT_CANDIDATE","PRESERVE_LEGACY_EVIDENCE","LEGACY_ARCHIVE_OR_DATA_EVIDENCE","Historical, staging, reference, validation, archive, or prior runtime evidence remains available for audit but is not current V1 authority.","False","False","False","False","False","7a85aa72a406329a1b3a08953f0ec4e28157e9b8a2a90ac928f966a519de9270"
"data/validation/phase_10/premium_universe_eligibility/secret_lair_master_expansion_certification.json","STRUCTURAL_FEATURES","True","False","True","REVIEW_FOR_REUSE","REUSE_OR_ADAPT_CANDIDATE","PRESERVE_LEGACY_EVIDENCE","LEGACY_ARCHIVE_OR_DATA_EVIDENCE","Historical, staging, reference, validation, archive, or prior runtime evidence remains available for audit but is not current V1 authority.","False","False","False","False","False","f376b74d9af54cffe7964d50a5f148ee5f1da469b021acb0ed0fb991029bc06a"
"data/validation/phase_10/premium_universe_eligibility/secret_lair_master_expansion_summary.csv","STRUCTURAL_FEATURES","True","False","True","REVIEW_FOR_REUSE","REUSE_OR_ADAPT_CANDIDATE","PRESERVE_LEGACY_EVIDENCE","LEGACY_ARCHIVE_OR_DATA_EVIDENCE","Historical, staging, reference, validation, archive, or prior runtime evidence remains available for audit but is not current V1 authority.","False","False","False","False","False","b1b2adea56d79aaa3e2d9c42168930f824fc4839c5c92dcb135f2ce832524ff5"
"data/validation/phase_10/premium_universe_eligibility/secret_lair_master_governed_universe.csv","STRUCTURAL_FEATURES","False","True","False","NOT_IN_OPENING_INVENTORY","REUSE_OR_ADAPT_CANDIDATE","PRESERVE_LEGACY_EVIDENCE","IGNORED_RUNTIME_OR_GENERATED_EVIDENCE","Local ignored/runtime evidence is preserved for lineage and empirical review but is not promoted to production authority.","False","False","False","False","False","6ca3c7e43644061ccce3c5c5fa6028593d52448c5641149e19944a085a0fcb0c"
"data/validation/phase_10/premium_universe_eligibility/secret_lair_master_registry_ready_universe.csv","IDENTITY_REGISTRY","True","False","True","REVIEW_FOR_REUSE","ADAPT_CANDIDATE","PRESERVE_LEGACY_EVIDENCE","LEGACY_ARCHIVE_OR_DATA_EVIDENCE","Historical, staging, reference, validation, archive, or prior runtime evidence remains available for audit but is not current V1 authority.","False","False","False","False","False","1934cb617bcbdb1c306c6bc49fbadd4d65e4d430c1723fd3f60243f1eebea588"
"data/validation/phase_10/premium_universe_eligibility/secret_lair_master_review_required_universe.csv","STRUCTURAL_FEATURES","True","False","True","REVIEW_FOR_REUSE","REUSE_OR_ADAPT_CANDIDATE","PRESERVE_LEGACY_EVIDENCE","LEGACY_ARCHIVE_OR_DATA_EVIDENCE","Historical, staging, reference, validation, archive, or prior runtime evidence remains available for audit but is not current V1 authority.","False","False","False","False","False","baffe3a09456600e33c0d982adfeb4558a1a237715ad61fff14cca43a0c7fb87"
"data/validation/phase_10/premium_universe_eligibility/secret_lair_official_archive_failures_expanded.json","HISTORICAL_EVIDENCE","False","True","False","NOT_IN_OPENING_INVENTORY","HIGH_PRIORITY_REVIEW","PRESERVE_LEGACY_EVIDENCE","IGNORED_RUNTIME_OR_GENERATED_EVIDENCE","Local ignored/runtime evidence is preserved for lineage and empirical review but is not promoted to production authority.","False","False","False","False","False","57af259b43a5efb25498db8d271427781d499ff19e6f406234b6e5b41d066053"
"data/validation/phase_10/premium_universe_eligibility/secret_lair_official_archive_inventory.csv","HISTORICAL_EVIDENCE","False","True","False","NOT_IN_OPENING_INVENTORY","HIGH_PRIORITY_REVIEW","PRESERVE_LEGACY_EVIDENCE","IGNORED_RUNTIME_OR_GENERATED_EVIDENCE","Local ignored/runtime evidence is preserved for lineage and empirical review but is not promoted to production authority.","False","False","False","False","False","7e9ac3e8fef78caac910818705fc3856a65b06f8b9ebbac29dbe1a52014cc679"
"data/validation/phase_10/premium_universe_eligibility/secret_lair_official_archive_inventory_expanded.csv","HISTORICAL_EVIDENCE","False","True","False","NOT_IN_OPENING_INVENTORY","HIGH_PRIORITY_REVIEW","PRESERVE_LEGACY_EVIDENCE","IGNORED_RUNTIME_OR_GENERATED_EVIDENCE","Local ignored/runtime evidence is preserved for lineage and empirical review but is not promoted to production authority.","False","False","False","False","False","5a4ebeaa7d2714aa025b0b406b5704373fffda65eb253ec95433966064a697c1"
"data/validation/phase_10/premium_universe_eligibility/secret_lair_official_archive_summary.csv","HISTORICAL_EVIDENCE","False","True","False","NOT_IN_OPENING_INVENTORY","HIGH_PRIORITY_REVIEW","PRESERVE_LEGACY_EVIDENCE","IGNORED_RUNTIME_OR_GENERATED_EVIDENCE","Local ignored/runtime evidence is preserved for lineage and empirical review but is not promoted to production authority.","False","False","False","False","False","559224963b947bee9b60ea7bab04cb26491ee7c78935ce66633bc0d9dbd62645"
"data/validation/phase_10/premium_universe_eligibility/secret_lair_official_archive_summary_expanded.csv","HISTORICAL_EVIDENCE","False","True","False","NOT_IN_OPENING_INVENTORY","HIGH_PRIORITY_REVIEW","PRESERVE_LEGACY_EVIDENCE","IGNORED_RUNTIME_OR_GENERATED_EVIDENCE","Local ignored/runtime evidence is preserved for lineage and empirical review but is not promoted to production authority.","False","False","False","False","False","c422618f455c2e577fcc4c26a2180ac93df670bdb09906677931af6a6a4c3533"
"data/validation/phase_10/premium_universe_eligibility/secret_lair_official_candidate_crosswalk_expanded.csv","IDENTITY_MATCHING","False","True","False","NOT_IN_OPENING_INVENTORY","HIGH_PRIORITY_REVIEW","PRESERVE_LEGACY_EVIDENCE","IGNORED_RUNTIME_OR_GENERATED_EVIDENCE","Local ignored/runtime evidence is preserved for lineage and empirical review but is not promoted to production authority.","False","False","False","False","False","5a4ebeaa7d2714aa025b0b406b5704373fffda65eb253ec95433966064a697c1"
"data/validation/phase_10/premium_universe_eligibility/secret_lair_official_discovery_sources.csv","SOURCE_ACQUISITION","False","True","False","NOT_IN_OPENING_INVENTORY","ADAPT_CANDIDATE","PRESERVE_LEGACY_EVIDENCE","IGNORED_RUNTIME_OR_GENERATED_EVIDENCE","Local ignored/runtime evidence is preserved for lineage and empirical review but is not promoted to production authority.","False","False","False","False","False","c3ca64be8ec00dc8ea3b8c40e234e833b1691c90e39bf59f6972c094064bc4a5"
"data/validation/phase_10/premium_universe_eligibility/secret_lair_official_missing_from_candidates.csv","INTEGRATION_EXPORT","False","True","False","NOT_IN_OPENING_INVENTORY","HIGH_PRIORITY_REVIEW","PRESERVE_LEGACY_EVIDENCE","IGNORED_RUNTIME_OR_GENERATED_EVIDENCE","Local ignored/runtime evidence is preserved for lineage and empirical review but is not promoted to production authority.","False","False","False","False","False","7e9ac3e8fef78caac910818705fc3856a65b06f8b9ebbac29dbe1a52014cc679"
"data/validation/phase_10/premium_universe_eligibility/secret_lair_official_missing_from_candidates_expanded.csv","INTEGRATION_EXPORT","False","True","False","NOT_IN_OPENING_INVENTORY","HIGH_PRIORITY_REVIEW","PRESERVE_LEGACY_EVIDENCE","IGNORED_RUNTIME_OR_GENERATED_EVIDENCE","Local ignored/runtime evidence is preserved for lineage and empirical review but is not promoted to production authority.","False","False","False","False","False","5a4ebeaa7d2714aa025b0b406b5704373fffda65eb253ec95433966064a697c1"
"data/validation/phase_10/premium_universe_eligibility/secret_lair_owned_inventory_crosswalk.csv","IDENTITY_MATCHING","False","True","False","NOT_IN_OPENING_INVENTORY","HIGH_PRIORITY_REVIEW","PRESERVE_LEGACY_EVIDENCE","IGNORED_RUNTIME_OR_GENERATED_EVIDENCE","Local ignored/runtime evidence is preserved for lineage and empirical review but is not promoted to production authority.","False","False","False","False","False","f3ab3f0a4bc9db663fa91e0b74d182fe262e6e4f39caddd38a3e05b5bbdcd473"
"data/validation/phase_10/premium_universe_eligibility/secret_lair_owned_inventory_master_crosswalk.csv","IDENTITY_MATCHING","True","False","True","REVIEW_FOR_REUSE","ADAPT_CANDIDATE","PRESERVE_LEGACY_EVIDENCE","LEGACY_ARCHIVE_OR_DATA_EVIDENCE","Historical, staging, reference, validation, archive, or prior runtime evidence remains available for audit but is not current V1 authority.","False","False","False","False","False","e3a1f2bbc021e2028de7cf2d2a5f143896d1d8f5ff04e98d74c2a48ed045109f"
"data/validation/phase_10/premium_universe_eligibility/secret_lair_owned_inventory_seed.csv","INTEGRATION_EXPORT","False","True","False","NOT_IN_OPENING_INVENTORY","HIGH_PRIORITY_REVIEW","PRESERVE_LEGACY_EVIDENCE","IGNORED_RUNTIME_OR_GENERATED_EVIDENCE","Local ignored/runtime evidence is preserved for lineage and empirical review but is not promoted to production authority.","False","False","False","False","False","b2fd3532f4fcca5ae2198e265db8886f04f6a91097368a27332c6444e759ee03"
"data/validation/phase_10/premium_universe_eligibility/secret_lair_structural_candidates_2026-07-22.csv","STRUCTURAL_FEATURES","True","False","True","REVIEW_FOR_REUSE","REUSE_OR_ADAPT_CANDIDATE","PRESERVE_LEGACY_EVIDENCE","LEGACY_ARCHIVE_OR_DATA_EVIDENCE","Historical, staging, reference, validation, archive, or prior runtime evidence remains available for audit but is not current V1 authority.","False","False","False","False","False","b150151295306d36519c116ce8358e15adddefe89cbfdb0616c5c8cd98b9f6db"
"data/validation/phase_10/premium_universe_eligibility/secret_lair_universe_additions.csv","INTEGRATION_EXPORT","False","True","False","NOT_IN_OPENING_INVENTORY","REUSE_OR_ADAPT_CANDIDATE","PRESERVE_LEGACY_EVIDENCE","IGNORED_RUNTIME_OR_GENERATED_EVIDENCE","Local ignored/runtime evidence is preserved for lineage and empirical review but is not promoted to production authority.","False","False","False","False","False","363cebf5b459e1e32c93430f14e756d2999051597fab19074c5c2aba7757772b"
"data/validation/phase_10/secret_lair_reconstruction/secret_lair_bundle_component_candidate_summary_2026-07-22.json","INTEGRATION_EXPORT","True","False","True","REVIEW_FOR_REUSE","HIGH_PRIORITY_REVIEW","PRESERVE_LEGACY_EVIDENCE","LEGACY_ARCHIVE_OR_DATA_EVIDENCE","Historical, staging, reference, validation, archive, or prior runtime evidence remains available for audit but is not current V1 authority.","False","False","False","False","False","8fd3a4b5924641b9438f9a79d3569f814e9ae8c4eb02069fbac5e30893b307b7"
"data/validation/phase_10/secret_lair_reconstruction/secret_lair_bundle_component_candidates_2026-07-22.csv","INTEGRATION_EXPORT","True","False","True","REVIEW_FOR_REUSE","HIGH_PRIORITY_GOVERNANCE_REVIEW","PRESERVE_LEGACY_EVIDENCE","LEGACY_ARCHIVE_OR_DATA_EVIDENCE","Historical, staging, reference, validation, archive, or prior runtime evidence remains available for audit but is not current V1 authority.","False","False","False","False","False","132ee13b42746cc06547cdd5c40326a9f93e78e9ede9eb167a9c1986c3e74452"
"data/validation/phase_10/secret_lair_reconstruction/secret_lair_bundle_component_floor_01_2026-07-22.csv","INTEGRATION_EXPORT","True","False","True","REVIEW_FOR_REUSE","HIGH_PRIORITY_GOVERNANCE_REVIEW","PRESERVE_LEGACY_EVIDENCE","LEGACY_ARCHIVE_OR_DATA_EVIDENCE","Historical, staging, reference, validation, archive, or prior runtime evidence remains available for audit but is not current V1 authority.","False","False","False","False","False","65ed58576b1b078019c4edd6b17a590c6099028467b504ab810ea2236275dfe9"
"data/validation/phase_10/secret_lair_reconstruction/secret_lair_bundle_component_floor_01_summary_2026-07-22.json","INTEGRATION_EXPORT","True","False","True","REVIEW_FOR_REUSE","HIGH_PRIORITY_GOVERNANCE_REVIEW","PRESERVE_LEGACY_EVIDENCE","LEGACY_ARCHIVE_OR_DATA_EVIDENCE","Historical, staging, reference, validation, archive, or prior runtime evidence remains available for audit but is not current V1 authority.","False","False","False","False","False","ad359a3caf352a771876743ecc17f9e2f38cfbfc3f2380c772bc4132739ce047"
"data/validation/phase_10/secret_lair_reconstruction/secret_lair_bundle_component_floor_02a_2026-07-22.csv","INTEGRATION_EXPORT","True","False","True","REVIEW_FOR_REUSE","HIGH_PRIORITY_GOVERNANCE_REVIEW","PRESERVE_LEGACY_EVIDENCE","LEGACY_ARCHIVE_OR_DATA_EVIDENCE","Historical, staging, reference, validation, archive, or prior runtime evidence remains available for audit but is not current V1 authority.","False","False","False","False","False","4528820fc060da1b2aa0c8e8f8290108309561e9658d3980fe5fba8d76b3396e"
"data/validation/phase_10/secret_lair_reconstruction/secret_lair_bundle_component_floor_02a_summary_2026-07-22.json","INTEGRATION_EXPORT","True","False","True","REVIEW_FOR_REUSE","HIGH_PRIORITY_GOVERNANCE_REVIEW","PRESERVE_LEGACY_EVIDENCE","LEGACY_ARCHIVE_OR_DATA_EVIDENCE","Historical, staging, reference, validation, archive, or prior runtime evidence remains available for audit but is not current V1 authority.","False","False","False","False","False","38a12b4581ad4e24f36ae66cd3ee75b39031b56ab3423e9cf71f35f4dbd50cf4"
"data/validation/phase_10/secret_lair_reconstruction/secret_lair_bundle_component_floor_review_01_2026-07-22.csv","INTEGRATION_EXPORT","True","False","True","REVIEW_FOR_REUSE","HIGH_PRIORITY_REVIEW","PRESERVE_LEGACY_EVIDENCE","LEGACY_ARCHIVE_OR_DATA_EVIDENCE","Historical, staging, reference, validation, archive, or prior runtime evidence remains available for audit but is not current V1 authority.","False","False","False","False","False","24a50fa278ceda9c673c26cea8de61ce20aeb018b7e39c69b8a113022c8c2499"
"data/validation/phase_10/secret_lair_reconstruction/secret_lair_bundle_component_floor_review_02a_2026-07-22.csv","INTEGRATION_EXPORT","True","False","True","REVIEW_FOR_REUSE","HIGH_PRIORITY_REVIEW","PRESERVE_LEGACY_EVIDENCE","LEGACY_ARCHIVE_OR_DATA_EVIDENCE","Historical, staging, reference, validation, archive, or prior runtime evidence remains available for audit but is not current V1 authority.","False","False","False","False","False","24a50fa278ceda9c673c26cea8de61ce20aeb018b7e39c69b8a113022c8c2499"
"data/validation/phase_10/secret_lair_reconstruction/secret_lair_bundle_component_review_queue_2026-07-22.csv","INTEGRATION_EXPORT","True","False","True","REVIEW_FOR_REUSE","HIGH_PRIORITY_GOVERNANCE_REVIEW","PRESERVE_LEGACY_EVIDENCE","LEGACY_ARCHIVE_OR_DATA_EVIDENCE","Historical, staging, reference, validation, archive, or prior runtime evidence remains available for audit but is not current V1 authority.","False","False","False","False","False","b569ed90e75b1416637fbbfb2c8d08ac9bf9457298242c43506356c15a62724b"
"data/validation/phase_10/secret_lair_reconstruction/secret_lair_bundle_official_evidence_queue_2026-07-22.csv","INTEGRATION_EXPORT","True","False","True","REVIEW_FOR_REUSE","HIGH_PRIORITY_GOVERNANCE_REVIEW","PRESERVE_LEGACY_EVIDENCE","LEGACY_ARCHIVE_OR_DATA_EVIDENCE","Historical, staging, reference, validation, archive, or prior runtime evidence remains available for audit but is not current V1 authority.","False","False","False","False","False","f7e045d0e8bc3492463c80c7e577c5efae6a940982d1a519e7ba91f93f55909a"
"data/validation/phase_10/secret_lair_reconstruction/secret_lair_catalog_reconstruction_summary_2026-07-22.json","INTEGRATION_EXPORT","True","False","True","REVIEW_FOR_REUSE","ADAPT_CANDIDATE","PRESERVE_LEGACY_EVIDENCE","LEGACY_ARCHIVE_OR_DATA_EVIDENCE","Historical, staging, reference, validation, archive, or prior runtime evidence remains available for audit but is not current V1 authority.","False","False","False","False","False","04ef4d97f28b098f10c585cd3491d3b48964545bbe62c74c8e6d9e85d72113d5"
"data/validation/phase_10/secret_lair_reconstruction/secret_lair_certified_parent_map_01_2026-07-22.csv","INTEGRATION_EXPORT","True","False","True","REVIEW_FOR_REUSE","HIGH_PRIORITY_GOVERNANCE_REVIEW","PRESERVE_LEGACY_EVIDENCE","LEGACY_ARCHIVE_OR_DATA_EVIDENCE","Historical, staging, reference, validation, archive, or prior runtime evidence remains available for audit but is not current V1 authority.","False","False","False","False","False","9cb1490d78f1efba7ba70f14ebfdb96931044a0acfc92031d82fcd7c220c443d"
"data/validation/phase_10/secret_lair_reconstruction/secret_lair_certified_parent_map_02a_2026-07-22.csv","INTEGRATION_EXPORT","True","False","True","REVIEW_FOR_REUSE","HIGH_PRIORITY_GOVERNANCE_REVIEW","PRESERVE_LEGACY_EVIDENCE","LEGACY_ARCHIVE_OR_DATA_EVIDENCE","Historical, staging, reference, validation, archive, or prior runtime evidence remains available for audit but is not current V1 authority.","False","False","False","False","False","33ab25f325fdf0ba96d1471d1d24b6a65b5a2500287515d71c939bf7651e033b"
"data/validation/phase_10/secret_lair_reconstruction/secret_lair_component_price_review_queue_2026-07-22.csv","INTEGRATION_EXPORT","True","False","True","REVIEW_FOR_REUSE","HIGH_PRIORITY_REVIEW","PRESERVE_LEGACY_EVIDENCE","LEGACY_ARCHIVE_OR_DATA_EVIDENCE","Historical, staging, reference, validation, archive, or prior runtime evidence remains available for audit but is not current V1 authority.","False","False","False","False","False","89d1ee3ca0b936fcfb7f0553d76ca2a9c1880c2d6556b24c6b1b3349b76c04ea"
"data/validation/phase_10/secret_lair_reconstruction/secret_lair_component_price_subtypes_2026-07-22.csv","INTEGRATION_EXPORT","True","False","True","REVIEW_FOR_REUSE","HIGH_PRIORITY_REVIEW","PRESERVE_LEGACY_EVIDENCE","LEGACY_ARCHIVE_OR_DATA_EVIDENCE","Historical, staging, reference, validation, archive, or prior runtime evidence remains available for audit but is not current V1 authority.","False","False","False","False","False","8d14d3e78d18ce4bb269708d9f814b3bb1869f57356cea1b38c76ec04618b755"
"data/validation/phase_10/secret_lair_reconstruction/secret_lair_component_price_summary_2026-07-22.json","INTEGRATION_EXPORT","True","False","True","REVIEW_FOR_REUSE","HIGH_PRIORITY_GOVERNANCE_REVIEW","PRESERVE_LEGACY_EVIDENCE","LEGACY_ARCHIVE_OR_DATA_EVIDENCE","Historical, staging, reference, validation, archive, or prior runtime evidence remains available for audit but is not current V1 authority.","False","False","False","False","False","84f710679c745dd53455a863da3b841058134a10d2340e6010543462c1f00f9c"
"data/validation/phase_10/secret_lair_reconstruction/secret_lair_component_universe_review_queue_2026-07-22.csv","INTEGRATION_EXPORT","True","False","True","REVIEW_FOR_REUSE","HIGH_PRIORITY_REVIEW","PRESERVE_LEGACY_EVIDENCE","LEGACY_ARCHIVE_OR_DATA_EVIDENCE","Historical, staging, reference, validation, archive, or prior runtime evidence remains available for audit but is not current V1 authority.","False","False","False","False","False","4751ac9ca496443f3c202cafdd479b25b7ac7070805e93b8fbe7b439bac5ed1b"
"data/validation/phase_10/secret_lair_reconstruction/secret_lair_component_universe_summary_2026-07-22.json","INTEGRATION_EXPORT","True","False","True","REVIEW_FOR_REUSE","HIGH_PRIORITY_GOVERNANCE_REVIEW","PRESERVE_LEGACY_EVIDENCE","LEGACY_ARCHIVE_OR_DATA_EVIDENCE","Historical, staging, reference, validation, archive, or prior runtime evidence remains available for audit but is not current V1 authority.","False","False","False","False","False","11414e9ddbab8416fb44f71675ea739fe1e6a9209d5a507ec9ee22e8cd0ec960"
"data/validation/phase_10/secret_lair_reconstruction/secret_lair_confirmed_component_map_01_2026-07-22.csv","INTEGRATION_EXPORT","True","False","True","REVIEW_FOR_REUSE","HIGH_PRIORITY_GOVERNANCE_REVIEW","PRESERVE_LEGACY_EVIDENCE","LEGACY_ARCHIVE_OR_DATA_EVIDENCE","Historical, staging, reference, validation, archive, or prior runtime evidence remains available for audit but is not current V1 authority.","False","False","False","False","False","91f727bb58d72c2f3d4fa64703167786fe37c89a762026152f709a44348b8210"
"data/validation/phase_10/secret_lair_reconstruction/secret_lair_confirmed_component_map_02a_2026-07-22.csv","INTEGRATION_EXPORT","True","False","True","REVIEW_FOR_REUSE","HIGH_PRIORITY_GOVERNANCE_REVIEW","PRESERVE_LEGACY_EVIDENCE","LEGACY_ARCHIVE_OR_DATA_EVIDENCE","Historical, staging, reference, validation, archive, or prior runtime evidence remains available for audit but is not current V1 authority.","False","False","False","False","False","c14a6b4fa092e59b4d2934279f75f0915c33349a3ff59f6fdcae19ac416490d0"
"data/validation/phase_10/secret_lair_reconstruction/secret_lair_current_price_review_queue_2026-07-22.csv","CURRENT_PRICE_EVIDENCE","True","False","True","REVIEW_FOR_REUSE","ADAPT_CANDIDATE","PRESERVE_LEGACY_EVIDENCE","LEGACY_ARCHIVE_OR_DATA_EVIDENCE","Historical, staging, reference, validation, archive, or prior runtime evidence remains available for audit but is not current V1 authority.","False","False","False","False","False","e08a1a2a283b08acd92954afe7fddca8b2ec202ae4e4ecf61e558c56a182203f"
"data/validation/phase_10/secret_lair_reconstruction/secret_lair_current_price_subtypes_2026-07-22.csv","CURRENT_PRICE_EVIDENCE","True","False","True","REVIEW_FOR_REUSE","ADAPT_CANDIDATE","PRESERVE_LEGACY_EVIDENCE","LEGACY_ARCHIVE_OR_DATA_EVIDENCE","Historical, staging, reference, validation, archive, or prior runtime evidence remains available for audit but is not current V1 authority.","False","False","False","False","False","61301cc0fb89411207d82af8180202bfba4730ce179e1e36ac22031ae3916733"
"data/validation/phase_10/secret_lair_reconstruction/secret_lair_current_price_summary_2026-07-22.json","CURRENT_PRICE_EVIDENCE","True","False","True","REVIEW_FOR_REUSE","HIGH_PRIORITY_REVIEW","PRESERVE_LEGACY_EVIDENCE","LEGACY_ARCHIVE_OR_DATA_EVIDENCE","Historical, staging, reference, validation, archive, or prior runtime evidence remains available for audit but is not current V1 authority.","False","False","False","False","False","c216c8b99a3f24b76cf2637a440bdad5f6dbb1b02700fa70072e748ccbf0f2da"
"data/validation/phase_10/secret_lair_reconstruction/secret_lair_duplicate_marketplace_evidence_2026-07-22.csv","SUPPLY_LIQUIDITY","True","False","True","REVIEW_FOR_REUSE","HIGH_PRIORITY_REVIEW","PRESERVE_LEGACY_EVIDENCE","LEGACY_ARCHIVE_OR_DATA_EVIDENCE","Historical, staging, reference, validation, archive, or prior runtime evidence remains available for audit but is not current V1 authority.","False","False","False","False","False","28d2e2d007b38d1ebf047562851b6a0a13c03ee49301bf25561eb704aecc1ade"
"data/validation/phase_10/secret_lair_reconstruction/secret_lair_evidence_matches_2026-07-22.csv","IDENTITY_MATCHING","True","False","True","REVIEW_FOR_REUSE","HIGH_PRIORITY_GOVERNANCE_REVIEW","PRESERVE_LEGACY_EVIDENCE","LEGACY_ARCHIVE_OR_DATA_EVIDENCE","Historical, staging, reference, validation, archive, or prior runtime evidence remains available for audit but is not current V1 authority.","False","False","False","False","False","607b3b78c278340f88d36549a1f5b57428fe3b23aab833811945de3ba10f0947"
"data/validation/phase_10/secret_lair_reconstruction/secret_lair_full_catalog_classification_2026-07-22.csv","INTEGRATION_EXPORT","True","False","True","REVIEW_FOR_REUSE","PRESERVE_LEGACY_EVIDENCE","PRESERVE_LEGACY_EVIDENCE","LEGACY_MODEL_FORECAST_RANKING","Legacy modeling, forecasting, or ranking evidence must remain preserved but cannot become V1 authority without the governed tournament and certification sequence.","False","False","False","False","False","5fb6e30b933ede3ee0dd7b273ed489713361f5a80305e6f17153d213551aa17b"
"data/validation/phase_10/secret_lair_reconstruction/secret_lair_nonstructural_marketplace_evidence_2026-07-22.csv","SUPPLY_LIQUIDITY","True","False","True","REVIEW_FOR_REUSE","PRESERVE_LEGACY_EVIDENCE","PRESERVE_LEGACY_EVIDENCE","LEGACY_MODEL_FORECAST_RANKING","Legacy modeling, forecasting, or ranking evidence must remain preserved but cannot become V1 authority without the governed tournament and certification sequence.","False","False","False","False","False","4a34e2f2df5e120472271e73f8110af3e52b2917b3163add9e8b8ebacd4e6d4d"
"data/validation/phase_10/secret_lair_reconstruction/secret_lair_official_bundle_evidence_seed_01_2026-07-22.csv","INTEGRATION_EXPORT","True","False","True","REVIEW_FOR_REUSE","ADAPT_CANDIDATE","PRESERVE_LEGACY_EVIDENCE","LEGACY_ARCHIVE_OR_DATA_EVIDENCE","Historical, staging, reference, validation, archive, or prior runtime evidence remains available for audit but is not current V1 authority.","False","False","False","False","False","6f85c41173a95dd61d6c008ff0bf9d4c47eeb9fc7d301776563d36d0033bb9ab"
"data/validation/phase_10/secret_lair_reconstruction/secret_lair_official_bundle_evidence_seed_01_summary_2026-07-22.json","INTEGRATION_EXPORT","True","False","True","REVIEW_FOR_REUSE","HIGH_PRIORITY_REVIEW","PRESERVE_LEGACY_EVIDENCE","LEGACY_ARCHIVE_OR_DATA_EVIDENCE","Historical, staging, reference, validation, archive, or prior runtime evidence remains available for audit but is not current V1 authority.","False","False","False","False","False","cb0ad48193ca3bec7f23616ac1e7e87423c411a7a0f1a714e153797e234b0041"
"data/validation/phase_10/secret_lair_reconstruction/secret_lair_official_bundle_evidence_seed_02a_2026-07-22.csv","INTEGRATION_EXPORT","True","False","True","REVIEW_FOR_REUSE","ADAPT_CANDIDATE","PRESERVE_LEGACY_EVIDENCE","LEGACY_ARCHIVE_OR_DATA_EVIDENCE","Historical, staging, reference, validation, archive, or prior runtime evidence remains available for audit but is not current V1 authority.","False","False","False","False","False","a6da7abfad895990064b432804357f51ff4807521cd3e4023c289eb4a316d221"
"data/validation/phase_10/secret_lair_reconstruction/secret_lair_official_bundle_evidence_seed_02a_summary_2026-07-22.json","INTEGRATION_EXPORT","True","False","True","REVIEW_FOR_REUSE","HIGH_PRIORITY_REVIEW","PRESERVE_LEGACY_EVIDENCE","LEGACY_ARCHIVE_OR_DATA_EVIDENCE","Historical, staging, reference, validation, archive, or prior runtime evidence remains available for audit but is not current V1 authority.","False","False","False","False","False","9baf87ed12fce4edc33170ced35bf0c32bdaef42a95a3251cca3a911a633810f"
"data/validation/phase_10/secret_lair_reconstruction/secret_lair_official_bundle_parent_coverage_01_2026-07-22.csv","INTEGRATION_EXPORT","True","False","True","REVIEW_FOR_REUSE","ADAPT_CANDIDATE","PRESERVE_LEGACY_EVIDENCE","LEGACY_ARCHIVE_OR_DATA_EVIDENCE","Historical, staging, reference, validation, archive, or prior runtime evidence remains available for audit but is not current V1 authority.","False","False","False","False","False","c412cae5ea58f5548badfa594e765b6096b3488fd1f7c8c8c8cff78afb8e6ef0"
"data/validation/phase_10/secret_lair_reconstruction/secret_lair_official_bundle_parent_coverage_02a_2026-07-22.csv","INTEGRATION_EXPORT","True","False","True","REVIEW_FOR_REUSE","ADAPT_CANDIDATE","PRESERVE_LEGACY_EVIDENCE","LEGACY_ARCHIVE_OR_DATA_EVIDENCE","Historical, staging, reference, validation, archive, or prior runtime evidence remains available for audit but is not current V1 authority.","False","False","False","False","False","ba8a1a81869f7858de4e100a0a7cebe729cb947d1ab4c0fbf6d325754bd81a67"
"data/validation/phase_10/secret_lair_reconstruction/secret_lair_official_component_resolution_01_2026-07-22.csv","INTEGRATION_EXPORT","True","False","True","REVIEW_FOR_REUSE","HIGH_PRIORITY_GOVERNANCE_REVIEW","PRESERVE_LEGACY_EVIDENCE","LEGACY_ARCHIVE_OR_DATA_EVIDENCE","Historical, staging, reference, validation, archive, or prior runtime evidence remains available for audit but is not current V1 authority.","False","False","False","False","False","642d7d6b27dc850c75206fe42c1602ea112f9e969439220bba7f523b138eea24"
"data/validation/phase_10/secret_lair_reconstruction/secret_lair_official_component_resolution_01_summary_2026-07-22.json","INTEGRATION_EXPORT","True","False","True","REVIEW_FOR_REUSE","HIGH_PRIORITY_REVIEW","PRESERVE_LEGACY_EVIDENCE","LEGACY_ARCHIVE_OR_DATA_EVIDENCE","Historical, staging, reference, validation, archive, or prior runtime evidence remains available for audit but is not current V1 authority.","False","False","False","False","False","3ea6132f881cd7692764c61c5526816ef776bbcf5b0315e87bc632dbe7778e14"
"data/validation/phase_10/secret_lair_reconstruction/secret_lair_official_component_resolution_02a_2026-07-22.csv","INTEGRATION_EXPORT","True","False","True","REVIEW_FOR_REUSE","HIGH_PRIORITY_GOVERNANCE_REVIEW","PRESERVE_LEGACY_EVIDENCE","LEGACY_ARCHIVE_OR_DATA_EVIDENCE","Historical, staging, reference, validation, archive, or prior runtime evidence remains available for audit but is not current V1 authority.","False","False","False","False","False","8ce52fe1cec83eed32e827a58239aef9d3bbcef93e2b83fe2acf32a8bf87599d"
"data/validation/phase_10/secret_lair_reconstruction/secret_lair_official_component_resolution_02a_summary_2026-07-22.json","INTEGRATION_EXPORT","True","False","True","REVIEW_FOR_REUSE","HIGH_PRIORITY_REVIEW","PRESERVE_LEGACY_EVIDENCE","LEGACY_ARCHIVE_OR_DATA_EVIDENCE","Historical, staging, reference, validation, archive, or prior runtime evidence remains available for audit but is not current V1 authority.","False","False","False","False","False","38efc1c05649fd3b80cbfa9f5328e79ed6e8d86b6cd1908724ac5d6653140364"
"data/validation/phase_10/secret_lair_reconstruction/secret_lair_official_component_resolution_review_01_2026-07-22.csv","INTEGRATION_EXPORT","True","False","True","REVIEW_FOR_REUSE","HIGH_PRIORITY_REVIEW","PRESERVE_LEGACY_EVIDENCE","LEGACY_ARCHIVE_OR_DATA_EVIDENCE","Historical, staging, reference, validation, archive, or prior runtime evidence remains available for audit but is not current V1 authority.","False","False","False","False","False","fc4048ebde293b09e5bf87939186fecb816e076596b0b0940b9f5d55b9d535c8"
"data/validation/phase_10/secret_lair_reconstruction/secret_lair_official_component_resolution_review_02a_2026-07-22.csv","INTEGRATION_EXPORT","True","False","True","REVIEW_FOR_REUSE","HIGH_PRIORITY_REVIEW","PRESERVE_LEGACY_EVIDENCE","LEGACY_ARCHIVE_OR_DATA_EVIDENCE","Historical, staging, reference, validation, archive, or prior runtime evidence remains available for audit but is not current V1 authority.","False","False","False","False","False","fc4048ebde293b09e5bf87939186fecb816e076596b0b0940b9f5d55b9d535c8"
"data/validation/phase_10/secret_lair_reconstruction/secret_lair_official_research_batch_01_2026-07-22.csv","INTEGRATION_EXPORT","True","False","True","REVIEW_FOR_REUSE","HIGH_PRIORITY_GOVERNANCE_REVIEW","PRESERVE_LEGACY_EVIDENCE","LEGACY_ARCHIVE_OR_DATA_EVIDENCE","Historical, staging, reference, validation, archive, or prior runtime evidence remains available for audit but is not current V1 authority.","False","False","False","False","False","033beed38af98787047b51497bc79c56ea2de978d0c6842cc4dfc97b0bdb718e"
"data/validation/phase_10/secret_lair_reconstruction/secret_lair_official_research_batch_01_candidates_2026-07-22.csv","INTEGRATION_EXPORT","True","False","True","REVIEW_FOR_REUSE","HIGH_PRIORITY_REVIEW","PRESERVE_LEGACY_EVIDENCE","LEGACY_ARCHIVE_OR_DATA_EVIDENCE","Historical, staging, reference, validation, archive, or prior runtime evidence remains available for audit but is not current V1 authority.","False","False","False","False","False","f3b32cfc67c2e6146d32c1c1963383d66f9d88481c4f6bd01cd37ce316ebaf75"
"data/validation/phase_10/secret_lair_reconstruction/secret_lair_official_research_batch_01_summary_2026-07-22.json","INTEGRATION_EXPORT","True","False","True","REVIEW_FOR_REUSE","HIGH_PRIORITY_REVIEW","PRESERVE_LEGACY_EVIDENCE","LEGACY_ARCHIVE_OR_DATA_EVIDENCE","Historical, staging, reference, validation, archive, or prior runtime evidence remains available for audit but is not current V1 authority.","False","False","False","False","False","9f5bcf840ddd3dcb40614826d2dea384025e60344f0c1e3e1345b9d854fc11be"
"data/validation/phase_10/secret_lair_reconstruction/secret_lair_official_research_batch_02_2026-07-22.csv","INTEGRATION_EXPORT","True","False","True","REVIEW_FOR_REUSE","HIGH_PRIORITY_REVIEW","PRESERVE_LEGACY_EVIDENCE","LEGACY_ARCHIVE_OR_DATA_EVIDENCE","Historical, staging, reference, validation, archive, or prior runtime evidence remains available for audit but is not current V1 authority.","False","False","False","False","False","fcfa208c4a2e1440710c1ebfebcb538e3a5dfb0fea1104de71a2dd4cb340da61"
"data/validation/phase_10/secret_lair_reconstruction/secret_lair_official_research_batch_02_candidates_2026-07-22.csv","INTEGRATION_EXPORT","True","False","True","REVIEW_FOR_REUSE","HIGH_PRIORITY_REVIEW","PRESERVE_LEGACY_EVIDENCE","LEGACY_ARCHIVE_OR_DATA_EVIDENCE","Historical, staging, reference, validation, archive, or prior runtime evidence remains available for audit but is not current V1 authority.","False","False","False","False","False","6cdf9aff6daf43b3f00866ae1b82f6b5fd3cee01dd72ea8151f3ddbfba3fc081"
"data/validation/phase_10/secret_lair_reconstruction/secret_lair_official_research_batch_02_groups_2026-07-22.csv","INTEGRATION_EXPORT","True","False","True","REVIEW_FOR_REUSE","HIGH_PRIORITY_REVIEW","PRESERVE_LEGACY_EVIDENCE","LEGACY_ARCHIVE_OR_DATA_EVIDENCE","Historical, staging, reference, validation, archive, or prior runtime evidence remains available for audit but is not current V1 authority.","False","False","False","False","False","e5fe5ed61cc1815443efaf65d51981b8cdd77f79414f153ca04e0ee02ee636a8"
"data/validation/phase_10/secret_lair_reconstruction/secret_lair_official_research_batch_02_summary_2026-07-22.json","INTEGRATION_EXPORT","True","False","True","REVIEW_FOR_REUSE","HIGH_PRIORITY_REVIEW","PRESERVE_LEGACY_EVIDENCE","LEGACY_ARCHIVE_OR_DATA_EVIDENCE","Historical, staging, reference, validation, archive, or prior runtime evidence remains available for audit but is not current V1 authority.","False","False","False","False","False","dbee58b72421ecc2423d9df6855ff6cd8e43cb3b03fea6f30db3530c853b31d1"
"data/validation/phase_10/secret_lair_reconstruction/secret_lair_price_recovery_classification_review_2026-07-22.csv","INTEGRATION_EXPORT","True","False","True","REVIEW_FOR_REUSE","REUSE_OR_ADAPT_CANDIDATE","PRESERVE_LEGACY_EVIDENCE","LEGACY_ARCHIVE_OR_DATA_EVIDENCE","Historical, staging, reference, validation, archive, or prior runtime evidence remains available for audit but is not current V1 authority.","False","False","False","False","False","7aa4f08e2cb23d5f0f56595d328a211e7aaa1b85b86aebe58bf2dca458c89815"
"data/validation/phase_10/secret_lair_reconstruction/secret_lair_price_recovery_classification_summary_2026-07-22.json","INTEGRATION_EXPORT","True","False","True","REVIEW_FOR_REUSE","HIGH_PRIORITY_REVIEW","PRESERVE_LEGACY_EVIDENCE","LEGACY_ARCHIVE_OR_DATA_EVIDENCE","Historical, staging, reference, validation, archive, or prior runtime evidence remains available for audit but is not current V1 authority.","False","False","False","False","False","d11c8b041d1b9812b316465be256d2fa8b1554465e28bf7ab081a76c7e5fb87f"
"data/validation/phase_10/secret_lair_reconstruction/secret_lair_tcgcsv_price_fetch_log_2026-07-22.csv","INTEGRATION_EXPORT","True","False","True","REVIEW_FOR_REUSE","ADAPT_CANDIDATE","PRESERVE_LEGACY_EVIDENCE","LEGACY_ARCHIVE_OR_DATA_EVIDENCE","Historical, staging, reference, validation, archive, or prior runtime evidence remains available for audit but is not current V1 authority.","False","False","False","False","False","0ad638c3921ea154711d4bd0abf535182925bd977740e17cd4378410911faffd"
"data/validation/phase_10/secret_lair_reconstruction/secret_lair_unmatched_structural_candidates_2026-07-22.csv","IDENTITY_MATCHING","True","False","True","REVIEW_FOR_REUSE","REUSE_OR_ADAPT_CANDIDATE","PRESERVE_LEGACY_EVIDENCE","LEGACY_ARCHIVE_OR_DATA_EVIDENCE","Historical, staging, reference, validation, archive, or prior runtime evidence remains available for audit but is not current V1 authority.","False","False","False","False","False","fea72de29ba7c0538e25ff49c8e49b87f37f556371efd8533bcae2928142da4b"
"data/validation/phase_8/secret_lair_historical_performance/PHASE_8_2_1D_2_HISTORICAL_PERFORMANCE_CERTIFICATION.md","HISTORICAL_EVIDENCE","False","True","False","NOT_IN_OPENING_INVENTORY","PRESERVE_LEGACY_EVIDENCE","PRESERVE_LEGACY_EVIDENCE","LEGACY_MODEL_FORECAST_RANKING","Legacy modeling, forecasting, or ranking evidence must remain preserved but cannot become V1 authority without the governed tournament and certification sequence.","False","False","False","False","False","42780401094b9f59e3612e03d91aa40c8ac3d93c67b2e7f053902ce9e7fa8bce"
"data/validation/phase_8/secret_lair_historical_performance/PHASE_8_2_1D_2_HISTORICAL_PERFORMANCE_MANIFEST.json","HISTORICAL_EVIDENCE","False","True","False","NOT_IN_OPENING_INVENTORY","PRESERVE_LEGACY_EVIDENCE","PRESERVE_LEGACY_EVIDENCE","LEGACY_MODEL_FORECAST_RANKING","Legacy modeling, forecasting, or ranking evidence must remain preserved but cannot become V1 authority without the governed tournament and certification sequence.","False","False","False","False","False","2ed9003e3c2bdc1d0101f7acf4ede4a68becfa557c0d7b107729c991c0502ce1"
"data/validation/phase_8/secret_lair_historical_performance/secret_lair_historical_performance.csv","HISTORICAL_EVIDENCE","False","True","False","NOT_IN_OPENING_INVENTORY","PRESERVE_LEGACY_EVIDENCE","PRESERVE_LEGACY_EVIDENCE","LEGACY_MODEL_FORECAST_RANKING","Legacy modeling, forecasting, or ranking evidence must remain preserved but cannot become V1 authority without the governed tournament and certification sequence.","False","False","False","False","False","6613d566dd5ce1afa2453e53e4afa637aea0056805b9b181c425081b92816c8b"
"data/validation/phase_8/secret_lair_history_recovery/candidate_master_secret_lair_price_history.csv","HISTORICAL_EVIDENCE","False","True","False","NOT_IN_OPENING_INVENTORY","ADAPT_CANDIDATE","PRESERVE_LEGACY_EVIDENCE","IGNORED_RUNTIME_OR_GENERATED_EVIDENCE","Local ignored/runtime evidence is preserved for lineage and empirical review but is not promoted to production authority.","False","False","False","False","False","6b316f4594bc86c5de482a8385f73f676c8cdce24cbc5884ce7db5186a0a0dd9"
"data/validation/phase_8/secret_lair_history_recovery/historical_performance_validation/source/PHASE_8_2_1D_2_HISTORICAL_PERFORMANCE_CERTIFICATION.md","HISTORICAL_EVIDENCE","False","True","False","NOT_IN_OPENING_INVENTORY","PRESERVE_LEGACY_EVIDENCE","PRESERVE_LEGACY_EVIDENCE","LEGACY_MODEL_FORECAST_RANKING","Legacy modeling, forecasting, or ranking evidence must remain preserved but cannot become V1 authority without the governed tournament and certification sequence.","False","False","False","False","False","42780401094b9f59e3612e03d91aa40c8ac3d93c67b2e7f053902ce9e7fa8bce"
"data/validation/phase_8/secret_lair_history_recovery/historical_performance_validation/source/PHASE_8_2_1D_2_HISTORICAL_PERFORMANCE_MANIFEST.json","HISTORICAL_EVIDENCE","False","True","False","NOT_IN_OPENING_INVENTORY","PRESERVE_LEGACY_EVIDENCE","PRESERVE_LEGACY_EVIDENCE","LEGACY_MODEL_FORECAST_RANKING","Legacy modeling, forecasting, or ranking evidence must remain preserved but cannot become V1 authority without the governed tournament and certification sequence.","False","False","False","False","False","338f9a21e47f876a7aadc93f9d6cb9ef3419eba07f9eb861d5fd55b6c970073f"
"data/validation/phase_8/secret_lair_history_recovery/historical_performance_validation/source/secret_lair_historical_performance.csv","HISTORICAL_EVIDENCE","False","True","False","NOT_IN_OPENING_INVENTORY","PRESERVE_LEGACY_EVIDENCE","PRESERVE_LEGACY_EVIDENCE","LEGACY_MODEL_FORECAST_RANKING","Legacy modeling, forecasting, or ranking evidence must remain preserved but cannot become V1 authority without the governed tournament and certification sequence.","False","False","False","False","False","6613d566dd5ce1afa2453e53e4afa637aea0056805b9b181c425081b92816c8b"
"data/validation/phase_8/secret_lair_history_recovery/historical_performance_validation/uip/historical_performance.csv","HISTORICAL_EVIDENCE","False","True","False","NOT_IN_OPENING_INVENTORY","PRESERVE_LEGACY_EVIDENCE","PRESERVE_LEGACY_EVIDENCE","LEGACY_MODEL_FORECAST_RANKING","Legacy modeling, forecasting, or ranking evidence must remain preserved but cannot become V1 authority without the governed tournament and certification sequence.","False","False","False","False","False","6613d566dd5ce1afa2453e53e4afa637aea0056805b9b181c425081b92816c8b"
"data/validation/phase_8/secret_lair_history_recovery/historical_performance_validation/universal/historical_performance.csv","HISTORICAL_EVIDENCE","False","True","False","NOT_IN_OPENING_INVENTORY","PRESERVE_LEGACY_EVIDENCE","PRESERVE_LEGACY_EVIDENCE","LEGACY_MODEL_FORECAST_RANKING","Legacy modeling, forecasting, or ranking evidence must remain preserved but cannot become V1 authority without the governed tournament and certification sequence.","False","False","False","False","False","6613d566dd5ce1afa2453e53e4afa637aea0056805b9b181c425081b92816c8b"
"data/validation/phase_8/secret_lair_history_recovery/PHASE_8_2_1D_3_HISTORY_RECOVERY_MANIFEST.json","HISTORICAL_EVIDENCE","False","True","False","NOT_IN_OPENING_INVENTORY","HIGH_PRIORITY_REVIEW","PRESERVE_LEGACY_EVIDENCE","IGNORED_RUNTIME_OR_GENERATED_EVIDENCE","Local ignored/runtime evidence is preserved for lineage and empirical review but is not promoted to production authority.","False","False","False","False","False","15e9fa88e7b2594e5d8e0a006a5308501001dda9e1e841c6c92c1a812fac1a1a"
"data/validation/phase_8/secret_lair_history_recovery/PHASE_8_2_1D_3_NO_LOSS_VALIDATION.json","HISTORICAL_EVIDENCE","False","True","False","NOT_IN_OPENING_INVENTORY","PRESERVE_LEGACY_EVIDENCE","PRESERVE_LEGACY_EVIDENCE","LEGACY_MODEL_FORECAST_RANKING","Legacy modeling, forecasting, or ranking evidence must remain preserved but cannot become V1 authority without the governed tournament and certification sequence.","False","False","False","False","False","25c0764d8ffdeed4b43c0649220f7be5f3b659789265f2eb317bf02a91a4a93b"
"data/validation/phase_8/secret_lair_history_recovery/secret_lair_longitudinal_coverage.csv","HISTORICAL_EVIDENCE","False","True","False","NOT_IN_OPENING_INVENTORY","HIGH_PRIORITY_REVIEW","PRESERVE_LEGACY_EVIDENCE","IGNORED_RUNTIME_OR_GENERATED_EVIDENCE","Local ignored/runtime evidence is preserved for lineage and empirical review but is not promoted to production authority.","False","False","False","False","False","b2cd95eacb514e31719999f580c57743eab737503efb52f9771c521cdb6a82e3"
"data/validation/phase_8/secret_lair_history_recovery/secret_lair_rejected_history_rows.csv","HISTORICAL_EVIDENCE","False","True","False","NOT_IN_OPENING_INVENTORY","ADAPT_CANDIDATE","PRESERVE_LEGACY_EVIDENCE","IGNORED_RUNTIME_OR_GENERATED_EVIDENCE","Local ignored/runtime evidence is preserved for lineage and empirical review but is not promoted to production authority.","False","False","False","False","False","38aefd08adc5ebc8dcab499b546c7e9c93378d315fc922c34617902e7ad94b73"
"data/warehouse/current/secret_lair/master_secret_lair_card_metadata.csv","STRUCTURAL_FEATURES","False","True","False","NOT_IN_OPENING_INVENTORY","PRESERVE_LEGACY_EVIDENCE","PRESERVE_LEGACY_EVIDENCE","LEGACY_MODEL_FORECAST_RANKING","Legacy modeling, forecasting, or ranking evidence must remain preserved but cannot become V1 authority without the governed tournament and certification sequence.","False","False","False","False","False","0c7ae7dd1cbc04e36fd1f6b21ae6bf25aeaae41d7785edb58b42fbb646c83488"
"data/warehouse/current/secret_lair/master_secret_lair_price_history.csv","HISTORICAL_EVIDENCE","False","True","False","NOT_IN_OPENING_INVENTORY","ADAPT_CANDIDATE","PRESERVE_LEGACY_EVIDENCE","IGNORED_RUNTIME_OR_GENERATED_EVIDENCE","Local ignored/runtime evidence is preserved for lineage and empirical review but is not promoted to production authority.","False","False","False","False","False","6b316f4594bc86c5de482a8385f73f676c8cdce24cbc5884ce7db5186a0a0dd9"
"data/warehouse/current/secret_lair/master_secret_lair_prices_current.csv","STRUCTURAL_FEATURES","False","True","False","NOT_IN_OPENING_INVENTORY","ADAPT_CANDIDATE","PRESERVE_LEGACY_EVIDENCE","IGNORED_RUNTIME_OR_GENERATED_EVIDENCE","Local ignored/runtime evidence is preserved for lineage and empirical review but is not promoted to production authority.","False","False","False","False","False","2e711a4ce8d98ba0376af96d79790b05b111358d8cdaf4c9335be7e0f2dc5164"
"data/warehouse/current/secret_lair/master_secret_lair_product_map.csv","STRUCTURAL_FEATURES","False","True","False","NOT_IN_OPENING_INVENTORY","ADAPT_CANDIDATE","PRESERVE_LEGACY_EVIDENCE","IGNORED_RUNTIME_OR_GENERATED_EVIDENCE","Local ignored/runtime evidence is preserved for lineage and empirical review but is not promoted to production authority.","False","False","False","False","False","1485482d9fc1902ae19acea2788ea1e5bdeef16c072a741ae72d744b544414ae"
"data/warehouse/current/secret_lair/master_secret_lair_products.csv","STRUCTURAL_FEATURES","False","True","False","NOT_IN_OPENING_INVENTORY","ADAPT_CANDIDATE","PRESERVE_LEGACY_EVIDENCE","IGNORED_RUNTIME_OR_GENERATED_EVIDENCE","Local ignored/runtime evidence is preserved for lineage and empirical review but is not promoted to production authority.","False","False","False","False","False","95285d1de16892436c1fc830f790a4906b54f434ceaee6db0491bab6dfeb4b7e"
"data/warehouse/current/secret_lair/master_secret_lair_review_queue.csv","STRUCTURAL_FEATURES","False","True","False","NOT_IN_OPENING_INVENTORY","ADAPT_CANDIDATE","PRESERVE_LEGACY_EVIDENCE","IGNORED_RUNTIME_OR_GENERATED_EVIDENCE","Local ignored/runtime evidence is preserved for lineage and empirical review but is not promoted to production authority.","False","False","False","False","False","e1495e3f4fc8545e80d77655733404a77249db6c67954605c4b57375536d16c6"
"data/warehouse/current/secret_lair/master_secret_lair_source_records.csv","STRUCTURAL_FEATURES","False","True","False","NOT_IN_OPENING_INVENTORY","PRESERVE_LEGACY_EVIDENCE","PRESERVE_LEGACY_EVIDENCE","LEGACY_MODEL_FORECAST_RANKING","Legacy modeling, forecasting, or ranking evidence must remain preserved but cannot become V1 authority without the governed tournament and certification sequence.","False","False","False","False","False","301ce70939cec10c40c4b441fc3f60dea3c6a0b66105cfe315d621eeeca84ea6"
"data/warehouse/current/secret_lair/master_secret_lair_summary.csv","STRUCTURAL_FEATURES","False","True","False","NOT_IN_OPENING_INVENTORY","HIGH_PRIORITY_REVIEW","PRESERVE_LEGACY_EVIDENCE","IGNORED_RUNTIME_OR_GENERATED_EVIDENCE","Local ignored/runtime evidence is preserved for lineage and empirical review but is not promoted to production authority.","False","False","False","False","False","31342b3b0f099f41ae1a97e40c82121d88aa0fd9a18d9b89dca05b46def96c10"
"data/warehouse/history/2026-07-23/20260723T135538Z-fd7a9106/secret_lair/master_secret_lair_card_metadata.csv","HISTORICAL_EVIDENCE","False","True","False","NOT_IN_OPENING_INVENTORY","PRESERVE_LEGACY_EVIDENCE","PRESERVE_LEGACY_EVIDENCE","LEGACY_MODEL_FORECAST_RANKING","Legacy modeling, forecasting, or ranking evidence must remain preserved but cannot become V1 authority without the governed tournament and certification sequence.","False","False","False","False","False","0c7ae7dd1cbc04e36fd1f6b21ae6bf25aeaae41d7785edb58b42fbb646c83488"
"data/warehouse/history/2026-07-23/20260723T135538Z-fd7a9106/secret_lair/master_secret_lair_prices_current.csv","HISTORICAL_EVIDENCE","False","True","False","NOT_IN_OPENING_INVENTORY","ADAPT_CANDIDATE","PRESERVE_LEGACY_EVIDENCE","IGNORED_RUNTIME_OR_GENERATED_EVIDENCE","Local ignored/runtime evidence is preserved for lineage and empirical review but is not promoted to production authority.","False","False","False","False","False","2e711a4ce8d98ba0376af96d79790b05b111358d8cdaf4c9335be7e0f2dc5164"
"data/warehouse/history/2026-07-23/20260723T135538Z-fd7a9106/secret_lair/master_secret_lair_product_map.csv","HISTORICAL_EVIDENCE","False","True","False","NOT_IN_OPENING_INVENTORY","ADAPT_CANDIDATE","PRESERVE_LEGACY_EVIDENCE","IGNORED_RUNTIME_OR_GENERATED_EVIDENCE","Local ignored/runtime evidence is preserved for lineage and empirical review but is not promoted to production authority.","False","False","False","False","False","1485482d9fc1902ae19acea2788ea1e5bdeef16c072a741ae72d744b544414ae"
"data/warehouse/history/2026-07-23/20260723T135538Z-fd7a9106/secret_lair/master_secret_lair_products.csv","HISTORICAL_EVIDENCE","False","True","False","NOT_IN_OPENING_INVENTORY","ADAPT_CANDIDATE","PRESERVE_LEGACY_EVIDENCE","IGNORED_RUNTIME_OR_GENERATED_EVIDENCE","Local ignored/runtime evidence is preserved for lineage and empirical review but is not promoted to production authority.","False","False","False","False","False","95285d1de16892436c1fc830f790a4906b54f434ceaee6db0491bab6dfeb4b7e"
"data/warehouse/history/2026-07-23/20260723T135538Z-fd7a9106/secret_lair/master_secret_lair_review_queue.csv","HISTORICAL_EVIDENCE","False","True","False","NOT_IN_OPENING_INVENTORY","ADAPT_CANDIDATE","PRESERVE_LEGACY_EVIDENCE","IGNORED_RUNTIME_OR_GENERATED_EVIDENCE","Local ignored/runtime evidence is preserved for lineage and empirical review but is not promoted to production authority.","False","False","False","False","False","e1495e3f4fc8545e80d77655733404a77249db6c67954605c4b57375536d16c6"
"data/warehouse/history/2026-07-23/20260723T135538Z-fd7a9106/secret_lair/master_secret_lair_summary.csv","HISTORICAL_EVIDENCE","False","True","False","NOT_IN_OPENING_INVENTORY","HIGH_PRIORITY_REVIEW","PRESERVE_LEGACY_EVIDENCE","IGNORED_RUNTIME_OR_GENERATED_EVIDENCE","Local ignored/runtime evidence is preserved for lineage and empirical review but is not promoted to production authority.","False","False","False","False","False","31342b3b0f099f41ae1a97e40c82121d88aa0fd9a18d9b89dca05b46def96c10"
"docs/MASTER_SECRET_LAIR_DATABASE_ARCHITECTURE.md","STRUCTURAL_FEATURES","True","False","True","REVIEW_FOR_ADAPTATION","HIGH_PRIORITY_REVIEW","PRESERVE_LEGACY_EVIDENCE","LEGACY_DOCUMENTATION","Legacy documentation records prior behavior and lineage but does not govern Secret Lair V1.","False","False","False","False","False","839c44de971024b46bf2ac8731e28035332c494d71d20d2a4d6b88ba38ab096f"
"docs/MASTER_SECRET_LAIR_DATABASE_OPERATIONS.md","STRUCTURAL_FEATURES","True","False","True","REVIEW_FOR_ADAPTATION","HIGH_PRIORITY_REVIEW","PRESERVE_LEGACY_EVIDENCE","LEGACY_DOCUMENTATION","Legacy documentation records prior behavior and lineage but does not govern Secret Lair V1.","False","False","False","False","False","2d71532520bc1296879656502ebb1d37a864e3edf8839b22901fccadde6a58c8"
"docs/phase_10/PHASE_10_SECRET_LAIR_PRODUCTION_CLOSEOUT.md","INTEGRATION_EXPORT","True","False","True","REVIEW_FOR_ADAPTATION","PRESERVE_LEGACY_EVIDENCE","PRESERVE_LEGACY_EVIDENCE","LEGACY_MODEL_FORECAST_RANKING","Legacy modeling, forecasting, or ranking evidence must remain preserved but cannot become V1 authority without the governed tournament and certification sequence.","False","False","False","False","False","0e77b6216270a2be1a24af48554f1b303e51f52feb077fcbe23f1fb7cd7757e3"
"docs/phase_8/collector/NEW_CHAT_PROMPT_PRECOLLECTOR_SECRET_LAIR.md","DOCUMENTATION","True","False","True","REVIEW_FOR_ADAPTATION","PRESERVE_LEGACY_EVIDENCE","PRESERVE_LEGACY_EVIDENCE","LEGACY_MODEL_FORECAST_RANKING","Legacy modeling, forecasting, or ranking evidence must remain preserved but cannot become V1 authority without the governed tournament and certification sequence.","False","False","False","False","False","d2de2d1748ba67277f8b24753f487eb65f5d595f42532b2317ce6180107ed506"
"docs/phase_8/mtg_intelligence_recovery/authoritative_trace/secret_lair_authoritative_trace.csv","LEGACY_MODEL_INTELLIGENCE","True","False","True","REVIEW_FOR_ADAPTATION","PRESERVE_LEGACY_EVIDENCE","PRESERVE_LEGACY_EVIDENCE","LEGACY_MODEL_FORECAST_RANKING","Legacy modeling, forecasting, or ranking evidence must remain preserved but cannot become V1 authority without the governed tournament and certification sequence.","False","False","False","False","False","3ced728007151802f6056994293668fead81315d1ccc2bcca5b59c9b80fd2d54"
"docs/phase_8/mtg_intelligence_recovery/PHASE_8_2_1C_2_SECRET_LAIR_REPAIR.md","LEGACY_MODEL_INTELLIGENCE","True","False","True","REVIEW_FOR_ADAPTATION","PRESERVE_LEGACY_EVIDENCE","PRESERVE_LEGACY_EVIDENCE","LEGACY_MODEL_FORECAST_RANKING","Legacy modeling, forecasting, or ranking evidence must remain preserved but cannot become V1 authority without the governed tournament and certification sequence.","False","False","False","False","False","8c55a6b61cdd553f3402c863f94d764f22d013b979e3415bda31c0a9e82b624c"
"docs/phase_8/mtg_intelligence_recovery/secret_lair_intelligence_recovery/PHASE_8_2_1C_2_CERTIFICATION.json","LEGACY_MODEL_INTELLIGENCE","True","False","True","REVIEW_FOR_ADAPTATION","PRESERVE_LEGACY_EVIDENCE","PRESERVE_LEGACY_EVIDENCE","LEGACY_MODEL_FORECAST_RANKING","Legacy modeling, forecasting, or ranking evidence must remain preserved but cannot become V1 authority without the governed tournament and certification sequence.","False","False","False","False","False","ab1c9b313ad9ce50aef1b245ed1dbbc8ced5d57dd777486aeca47bb415640d5f"
"docs/phase_8/mtg_intelligence_recovery/secret_lair_intelligence_recovery/PHASE_8_2_1C_BASELINE_AUDIT.json","LEGACY_MODEL_INTELLIGENCE","True","False","True","REVIEW_FOR_ADAPTATION","PRESERVE_LEGACY_EVIDENCE","PRESERVE_LEGACY_EVIDENCE","LEGACY_MODEL_FORECAST_RANKING","Legacy modeling, forecasting, or ranking evidence must remain preserved but cannot become V1 authority without the governed tournament and certification sequence.","False","False","False","False","False","957a105b7795c753f4c34bb1b55eae3c2a71e536ff09491dcfd20dbcb6ad5a37"
"docs/phase_8/mtg_intelligence_recovery/secret_lair_intelligence_recovery/PHASE_8_2_1C_BASELINE_AUDIT.md","LEGACY_MODEL_INTELLIGENCE","True","False","True","REVIEW_FOR_ADAPTATION","PRESERVE_LEGACY_EVIDENCE","PRESERVE_LEGACY_EVIDENCE","LEGACY_MODEL_FORECAST_RANKING","Legacy modeling, forecasting, or ranking evidence must remain preserved but cannot become V1 authority without the governed tournament and certification sequence.","False","False","False","False","False","a844fbfadb492c50c88965cb23377d91cdc6fcbd58b2b021ba72bf9877124d11"
"docs/phase_8/mtg_intelligence_recovery/secret_lair_intelligence_recovery/secret_lair_coverage_matrix.csv","LEGACY_MODEL_INTELLIGENCE","True","False","True","REVIEW_FOR_ADAPTATION","PRESERVE_LEGACY_EVIDENCE","PRESERVE_LEGACY_EVIDENCE","LEGACY_MODEL_FORECAST_RANKING","Legacy modeling, forecasting, or ranking evidence must remain preserved but cannot become V1 authority without the governed tournament and certification sequence.","False","False","False","False","False","b69b8f89ecf85fd179f0bde046813f6fd0ec2fc0a4224b9a29cd4b02ed469e7f"
"docs/phase_8/mtg_intelligence_recovery/secret_lair_intelligence_recovery/secret_lair_dataset_summary.csv","LEGACY_MODEL_INTELLIGENCE","True","False","True","REVIEW_FOR_ADAPTATION","PRESERVE_LEGACY_EVIDENCE","PRESERVE_LEGACY_EVIDENCE","LEGACY_MODEL_FORECAST_RANKING","Legacy modeling, forecasting, or ranking evidence must remain preserved but cannot become V1 authority without the governed tournament and certification sequence.","False","False","False","False","False","025123199ec7a281326efac3d429f5067bc3bf06acc56d00f64965fd0ce9a7f8"
"docs/phase_8/mtg_intelligence_recovery/secret_lair_intelligence_recovery/secret_lair_field_semantic_matrix.csv","LEGACY_MODEL_INTELLIGENCE","True","False","True","REVIEW_FOR_ADAPTATION","PRESERVE_LEGACY_EVIDENCE","PRESERVE_LEGACY_EVIDENCE","LEGACY_MODEL_FORECAST_RANKING","Legacy modeling, forecasting, or ranking evidence must remain preserved but cannot become V1 authority without the governed tournament and certification sequence.","False","False","False","False","False","f7612f8f8c935151d88b33cb3f2a9193e570d98ac03f9c2099757bc4c7a15747"
"docs/phase_8/mtg_intelligence_recovery/secret_lair_intelligence_recovery/secret_lair_semantic_aggregates.csv","LEGACY_MODEL_INTELLIGENCE","True","False","True","REVIEW_FOR_ADAPTATION","PRESERVE_LEGACY_EVIDENCE","PRESERVE_LEGACY_EVIDENCE","LEGACY_MODEL_FORECAST_RANKING","Legacy modeling, forecasting, or ranking evidence must remain preserved but cannot become V1 authority without the governed tournament and certification sequence.","False","False","False","False","False","b51cc3c652242d2e0ca840ba65494173819321a52d619a59369e7a414f65d824"
"docs/phase_8/mtg_intelligence_recovery/secret_lair_intelligence_recovery/secret_lair_semantic_row_audit.csv","LEGACY_MODEL_INTELLIGENCE","True","False","True","REVIEW_FOR_ADAPTATION","PRESERVE_LEGACY_EVIDENCE","PRESERVE_LEGACY_EVIDENCE","LEGACY_MODEL_FORECAST_RANKING","Legacy modeling, forecasting, or ranking evidence must remain preserved but cannot become V1 authority without the governed tournament and certification sequence.","False","False","False","False","False","d2633ba5d7d6577f9eb97ff2bf6933c7a8b3b2a8208ac0ed28f80c014e567852"
"docs/phase_8/mtg_intelligence_recovery/secret_lair_intelligence_recovery/secret_lair_source_inventory.csv","LEGACY_MODEL_INTELLIGENCE","True","False","True","HIGH_PRIORITY_EVIDENCE_AUDIT","HIGH_PRIORITY_REVIEW","PRESERVE_LEGACY_EVIDENCE","LEGACY_DOCUMENTATION","Legacy documentation records prior behavior and lineage but does not govern Secret Lair V1.","False","False","False","False","False","2c183f5af86357bf96b2f3b76d5ef3b9027a60117e946b7a4fa4d222d6d8e08e"
"docs/phase_8/secret_lair/secret_lair_existing_component_inventory.csv","DOCUMENTATION","True","False","False","NOT_IN_OPENING_INVENTORY","HIGH_PRIORITY_GOVERNANCE_REVIEW","REUSE","CURRENT_V1_GOVERNANCE_AUTHORITY","Created specifically to govern the current Secret Lair V1 opening and SL-1 audit.","False","False","False","False","False","2ff9905fef6ef359cabdffe59c73699d85efbbc4bce786ad382850641acf7022"
"docs/phase_8/secret_lair/SECRET_LAIR_V1_OPENING_GOVERNANCE.md","DOCUMENTATION","True","False","False","NOT_IN_OPENING_INVENTORY","PRESERVE_LEGACY_EVIDENCE","REUSE","CURRENT_V1_GOVERNANCE_AUTHORITY","Created specifically to govern the current Secret Lair V1 opening and SL-1 audit.","False","False","False","False","False","dbc833949ce82fa7f7861c132d7a70ae7da67e50b8e252a5dcb9f36434b10371"
"docs/phase_8/secret_lair_export_recovery/PHASE_8_2_1A_SECRET_LAIR_RECOVERY_AUDIT.md","INTEGRATION_EXPORT","True","False","True","PRESERVE_LEGACY_EVIDENCE","PRESERVE_LEGACY_EVIDENCE","PRESERVE_LEGACY_EVIDENCE","LEGACY_MODEL_FORECAST_RANKING","Legacy modeling, forecasting, or ranking evidence must remain preserved but cannot become V1 authority without the governed tournament and certification sequence.","False","False","False","False","False","350041489aa235dda525bacf44e264281fa82c95168f9be902171f3d50bdf3fc"
"docs/phase_8/secret_lair_export_recovery/secret_lair_coverage_reconciliation.csv","INTEGRATION_EXPORT","True","False","True","PRESERVE_LEGACY_EVIDENCE","PRESERVE_LEGACY_EVIDENCE","PRESERVE_LEGACY_EVIDENCE","LEGACY_MODEL_FORECAST_RANKING","Legacy modeling, forecasting, or ranking evidence must remain preserved but cannot become V1 authority without the governed tournament and certification sequence.","False","False","False","False","False","abe74768315edeb36fe6145b2b873fa407f42e4154c7e56bef1cc2209a7fd778"
"docs/phase_8/secret_lair_export_recovery/secret_lair_field_matrix.csv","INTEGRATION_EXPORT","True","False","True","PRESERVE_LEGACY_EVIDENCE","PRESERVE_LEGACY_EVIDENCE","PRESERVE_LEGACY_EVIDENCE","LEGACY_MODEL_FORECAST_RANKING","Legacy modeling, forecasting, or ranking evidence must remain preserved but cannot become V1 authority without the governed tournament and certification sequence.","False","False","False","False","False","85ce5c114b6836426b578ec6827271de123ee992e3bb9b8e41e5ecba425cb900"
"docs/phase_8/secret_lair_export_recovery/secret_lair_recovery_audit.json","INTEGRATION_EXPORT","True","False","True","PRESERVE_LEGACY_EVIDENCE","PRESERVE_LEGACY_EVIDENCE","PRESERVE_LEGACY_EVIDENCE","LEGACY_MODEL_FORECAST_RANKING","Legacy modeling, forecasting, or ranking evidence must remain preserved but cannot become V1 authority without the governed tournament and certification sequence.","False","False","False","False","False","aae546976ce67d691759ebdf579169598689018b7a84e74f5dae6438db384736"
"docs/phase_8/secret_lair_export_recovery/secret_lair_source_inventory.csv","INTEGRATION_EXPORT","True","False","True","PRESERVE_LEGACY_EVIDENCE","PRESERVE_LEGACY_EVIDENCE","PRESERVE_LEGACY_EVIDENCE","LEGACY_MODEL_FORECAST_RANKING","Legacy modeling, forecasting, or ranking evidence must remain preserved but cannot become V1 authority without the governed tournament and certification sequence.","False","False","False","False","False","bada50e1661d9e70ed2d62f2685f4cfd1d6c923ba6312d3fbf6e66c7c210b493"
"docs/SECRET_LAIR_ACQUISITION_CONFIGURATION_GUIDE.md","SOURCE_ACQUISITION","True","False","True","REVIEW_FOR_ADAPTATION","ADAPT_CANDIDATE","PRESERVE_LEGACY_EVIDENCE","LEGACY_DOCUMENTATION","Legacy documentation records prior behavior and lineage but does not govern Secret Lair V1.","False","False","False","False","False","c61d6139b36db0101d8c1b68ba5b93e48c7d6f300c5855c8d47310a28d1b7dc2"
"docs/SECRET_LAIR_ARCHIVE_REGISTRY_INTEGRITY.md","IDENTITY_REGISTRY","True","False","True","HIGH_PRIORITY_IDENTITY_AUDIT","ADAPT_CANDIDATE","PRESERVE_LEGACY_EVIDENCE","LEGACY_DOCUMENTATION","Legacy documentation records prior behavior and lineage but does not govern Secret Lair V1.","False","False","False","False","False","2b8dc2654f68017b1cace9fbfd2893550f2dd78f48e978cb932dbf30a0be84c2"
"docs/SECRET_LAIR_BACKFILL_ARCHITECTURE.md","HISTORICAL_EVIDENCE","True","False","True","HIGH_PRIORITY_EVIDENCE_AUDIT","REUSE_OR_ADAPT_CANDIDATE","PRESERVE_LEGACY_EVIDENCE","LEGACY_DOCUMENTATION","Legacy documentation records prior behavior and lineage but does not govern Secret Lair V1.","False","False","False","False","False","590ec14fdcca0c188217da2f38a981f0c1c419d0e931ebbe6e83fca53eabdcd9"
"docs/SECRET_LAIR_BACKFILL_VALIDATION_CHECKLIST.md","HISTORICAL_EVIDENCE","True","False","True","REVIEW_FOR_REUSE","REUSE_OR_ADAPT_CANDIDATE","PRESERVE_LEGACY_EVIDENCE","LEGACY_DOCUMENTATION","Legacy documentation records prior behavior and lineage but does not govern Secret Lair V1.","False","False","False","False","False","bcbb753494e1b218e5138474a62bf10d215c1a75ca0bd2d9369f9bb7239d1fb1"
"docs/SECRET_LAIR_DATA_POPULATION_ARCHITECTURE.md","DOCUMENTATION","True","False","True","REVIEW_FOR_ADAPTATION","HIGH_PRIORITY_REVIEW","PRESERVE_LEGACY_EVIDENCE","LEGACY_DOCUMENTATION","Legacy documentation records prior behavior and lineage but does not govern Secret Lair V1.","False","False","False","False","False","123803bfbd3301d5e069ee520be642b75461d4f488af0d24710cae43660ec24d"
"docs/SECRET_LAIR_DATETIME_STANDARD.md","DOCUMENTATION","True","False","True","REVIEW_FOR_ADAPTATION","HIGH_PRIORITY_REVIEW","PRESERVE_LEGACY_EVIDENCE","LEGACY_DOCUMENTATION","Legacy documentation records prior behavior and lineage but does not govern Secret Lair V1.","False","False","False","False","False","b2aa9c653446a4a0c75c877b1d03a611ee1e9fdd68f182b7add08919681bc7bb"
"docs/SECRET_LAIR_DISCOVERY_ARCHITECTURE.md","SOURCE_ACQUISITION","True","False","True","HIGH_PRIORITY_EVIDENCE_AUDIT","HIGH_PRIORITY_REVIEW","PRESERVE_LEGACY_EVIDENCE","LEGACY_DOCUMENTATION","Legacy documentation records prior behavior and lineage but does not govern Secret Lair V1.","False","False","False","False","False","fcb9ade43558788d3bee05a20331312cfd70d5c3676aa3158a4ff75f43f500c1"
"docs/SECRET_LAIR_DISCOVERY_CONFIGURATION_GUIDE.md","SOURCE_ACQUISITION","True","False","True","HIGH_PRIORITY_EVIDENCE_AUDIT","HIGH_PRIORITY_REVIEW","PRESERVE_LEGACY_EVIDENCE","LEGACY_DOCUMENTATION","Legacy documentation records prior behavior and lineage but does not govern Secret Lair V1.","False","False","False","False","False","ad4e98e5eb6bf357b1bd3a1196d139d4d55a0cf3765661049bdc4b3527711e4a"
"docs/SECRET_LAIR_DISCOVERY_VALIDATION_CHECKLIST.md","SOURCE_ACQUISITION","True","False","True","REVIEW_FOR_REUSE","HIGH_PRIORITY_REVIEW","PRESERVE_LEGACY_EVIDENCE","LEGACY_DOCUMENTATION","Legacy documentation records prior behavior and lineage but does not govern Secret Lair V1.","False","False","False","False","False","9ea17b6ec83a1879d34c1515beb87317f7b8ae3dda5f5e288ae213854794a544"
"docs/SECRET_LAIR_FOUNDATION_ARCHITECTURE.md","DOCUMENTATION","True","False","True","REVIEW_FOR_ADAPTATION","HIGH_PRIORITY_REVIEW","PRESERVE_LEGACY_EVIDENCE","LEGACY_DOCUMENTATION","Legacy documentation records prior behavior and lineage but does not govern Secret Lair V1.","False","False","False","False","False","ccb7e4089a33a7eebef44df07f9ba16b9b64247d63868aed970bbfe072deb474"
"docs/SECRET_LAIR_HISTORICAL_ARCHIVE_GUIDE.md","HISTORICAL_EVIDENCE","True","False","True","HIGH_PRIORITY_IDENTITY_AUDIT","HIGH_PRIORITY_REVIEW","PRESERVE_LEGACY_EVIDENCE","LEGACY_DOCUMENTATION","Legacy documentation records prior behavior and lineage but does not govern Secret Lair V1.","False","False","False","False","False","9297918bf1503c7ed083e3f12df3f9cf180f90befd86675d075cf2af5f255a12"
"docs/SECRET_LAIR_INTELLIGENCE_CALIBRATION_GUIDE.md","LEGACY_MODEL_INTELLIGENCE","True","False","True","REVIEW_FOR_ADAPTATION","HIGH_PRIORITY_REVIEW","PRESERVE_LEGACY_EVIDENCE","LEGACY_DOCUMENTATION","Legacy documentation records prior behavior and lineage but does not govern Secret Lair V1.","False","False","False","False","False","9ad4b77f8db87ac2c3384ed3b19fb31ece96ccadefa8282077ddb869900bb6b5"
"docs/SECRET_LAIR_INTELLIGENCE_DATA_READINESS.md","LEGACY_MODEL_INTELLIGENCE","True","False","True","REVIEW_FOR_ADAPTATION","HIGH_PRIORITY_REVIEW","PRESERVE_LEGACY_EVIDENCE","LEGACY_DOCUMENTATION","Legacy documentation records prior behavior and lineage but does not govern Secret Lair V1.","False","False","False","False","False","eaa6b15152e08c5774bdb97dccf9393ccd6b3cbeb6061f60a487ad889650392e"
"docs/SECRET_LAIR_INTELLIGENCE_EXPANSION_ARCHITECTURE.md","LEGACY_MODEL_INTELLIGENCE","True","False","True","REVIEW_FOR_ADAPTATION","HIGH_PRIORITY_REVIEW","PRESERVE_LEGACY_EVIDENCE","LEGACY_DOCUMENTATION","Legacy documentation records prior behavior and lineage but does not govern Secret Lair V1.","False","False","False","False","False","36537d32e69b778058a78f4762659c0da814f7d68eaa7f01d42a826c4455847c"
"docs/SECRET_LAIR_POPULATION_REVIEW_GUIDE.md","DOCUMENTATION","True","False","True","REVIEW_FOR_ADAPTATION","HIGH_PRIORITY_REVIEW","PRESERVE_LEGACY_EVIDENCE","LEGACY_DOCUMENTATION","Legacy documentation records prior behavior and lineage but does not govern Secret Lair V1.","False","False","False","False","False","0449146d2f46ace2c015f555d0f9242cea2e6499a75722251d43fd5421567449"
"docs/SECRET_LAIR_PRICE_IMPORT_GUIDE.md","DOCUMENTATION","True","False","True","HIGH_PRIORITY_EVIDENCE_AUDIT","ADAPT_CANDIDATE","PRESERVE_LEGACY_EVIDENCE","LEGACY_DOCUMENTATION","Legacy documentation records prior behavior and lineage but does not govern Secret Lair V1.","False","False","False","False","False","058eeb92c49f7ae9ed8b33384bcf724e12fe0a95a143660dd35be9120f26dc44"
"docs/SECRET_LAIR_PRICING_ARCHITECTURE.md","CURRENT_PRICE_EVIDENCE","True","False","True","HIGH_PRIORITY_EVIDENCE_AUDIT","PRESERVE_LEGACY_EVIDENCE","PRESERVE_LEGACY_EVIDENCE","LEGACY_MODEL_FORECAST_RANKING","Legacy modeling, forecasting, or ranking evidence must remain preserved but cannot become V1 authority without the governed tournament and certification sequence.","False","False","False","False","False","35df7a47c287efe230a52ecca06e52f661e054857c4144573b4c01087df17691"
"docs/SECRET_LAIR_PRODUCTION_PROMOTION_ARCHITECTURE.md","DOCUMENTATION","True","False","True","REVIEW_FOR_ADAPTATION","HIGH_PRIORITY_REVIEW","PRESERVE_LEGACY_EVIDENCE","LEGACY_DOCUMENTATION","Legacy documentation records prior behavior and lineage but does not govern Secret Lair V1.","False","False","False","False","False","da2617ffc0a893434f3ee589a728cea9dec7fffc12930190e05a4fa20f67679b"
"docs/SECRET_LAIR_PROMOTION_OPERATIONS.md","DOCUMENTATION","True","False","True","REVIEW_FOR_ADAPTATION","REUSE_OR_ADAPT_CANDIDATE","PRESERVE_LEGACY_EVIDENCE","LEGACY_DOCUMENTATION","Legacy documentation records prior behavior and lineage but does not govern Secret Lair V1.","False","False","False","False","False","afec9d0a9e9a99e2ba9cdd8f38bba6dbdc36cf81132990dce0f321ca1bb379da"
"docs/SECRET_LAIR_SOURCE_ACQUISITION_ARCHITECTURE.md","SOURCE_ACQUISITION","True","False","True","HIGH_PRIORITY_EVIDENCE_AUDIT","HIGH_PRIORITY_REVIEW","PRESERVE_LEGACY_EVIDENCE","LEGACY_DOCUMENTATION","Legacy documentation records prior behavior and lineage but does not govern Secret Lair V1.","False","False","False","False","False","e51fc20a6c5772f386915319b64b8af999a32fcffa6e3f82bf0f650b28958dc7"
"docs/SECRET_LAIR_SOURCE_INTEGRATION_GUIDE.md","INTEGRATION_EXPORT","True","False","True","HIGH_PRIORITY_EVIDENCE_AUDIT","REUSE_OR_ADAPT_CANDIDATE","PRESERVE_LEGACY_EVIDENCE","LEGACY_DOCUMENTATION","Legacy documentation records prior behavior and lineage but does not govern Secret Lair V1.","False","False","False","False","False","52fe498bf452500066a558fe14828186c284039ec8e740c878006ec4236dd639"
"docs/SECRET_LAIR_VALIDATION_CHECKLIST.md","VALIDATION_CERTIFICATION","True","False","True","REVIEW_FOR_REUSE","ADAPT_CANDIDATE","PRESERVE_LEGACY_EVIDENCE","LEGACY_DOCUMENTATION","Legacy documentation records prior behavior and lineage but does not govern Secret Lair V1.","False","False","False","False","False","0947bd2836e08fe309fdde38f20dcffa2e39a6715b28f9f89db5d546a39b79d8"
"docs/standards/mtg/lanes/SECRET_LAIR_METHOD_SPECIFICATION.md","DOCUMENTATION","True","False","True","REVIEW_FOR_ADAPTATION","HIGH_PRIORITY_REVIEW","PRESERVE_LEGACY_EVIDENCE","LEGACY_DOCUMENTATION","Legacy documentation records prior behavior and lineage but does not govern Secret Lair V1.","False","False","False","False","False","bad21a41a6c4f273b5c1b28fbe4e4302b5b5cc9694c733f47e289ee929a9ab40"
"phase_8_2_1a_secret_lair_recovery_audit.zip","OTHER_SECRET_LAIR_COMPONENT","False","True","False","NOT_IN_OPENING_INVENTORY","HIGH_PRIORITY_REVIEW","PRESERVE_LEGACY_EVIDENCE","IGNORED_RUNTIME_OR_GENERATED_EVIDENCE","Local ignored/runtime evidence is preserved for lineage and empirical review but is not promoted to production authority.","False","False","False","False","False","19f3f32bc0d192ae8d8244e47b60aee4677b31946a7baa0b939c5d484c7a2120"
"README_TERMINAL_2_10_0_SECRET_LAIR_HISTORICAL_MARKET_ARCHIVE.md","HISTORICAL_EVIDENCE","True","False","True","HIGH_PRIORITY_IDENTITY_AUDIT","HIGH_PRIORITY_REVIEW","PRESERVE_LEGACY_EVIDENCE","LEGACY_DOCUMENTATION","Legacy documentation records prior behavior and lineage but does not govern Secret Lair V1.","False","False","False","False","False","f4043a530f63c510da28f81cc263196d59cea39948372c32f48086ed30f851e1"
"README_TERMINAL_2_6_0_SECRET_LAIR_FOUNDATION.md","DOCUMENTATION","True","False","True","REVIEW_FOR_ADAPTATION","PRESERVE_LEGACY_EVIDENCE","PRESERVE_LEGACY_EVIDENCE","LEGACY_MODEL_FORECAST_RANKING","Legacy modeling, forecasting, or ranking evidence must remain preserved but cannot become V1 authority without the governed tournament and certification sequence.","False","False","False","False","False","5d125fa16d0f100715f9f7a50ff261168070cf9e88bdb600af95244f7f747afd"
"README_TERMINAL_2_6_1_SECRET_LAIR_PRICING.md","CURRENT_PRICE_EVIDENCE","True","False","True","HIGH_PRIORITY_EVIDENCE_AUDIT","ADAPT_CANDIDATE","PRESERVE_LEGACY_EVIDENCE","LEGACY_DOCUMENTATION","Legacy documentation records prior behavior and lineage but does not govern Secret Lair V1.","False","False","False","False","False","d8e9289a27abecb78d41e84f72eec60d331735330a6733d4d9673a527013227c"
"README_TERMINAL_2_6_2_SECRET_LAIR_BACKFILL.md","HISTORICAL_EVIDENCE","True","False","True","HIGH_PRIORITY_EVIDENCE_AUDIT","REUSE_OR_ADAPT_CANDIDATE","PRESERVE_LEGACY_EVIDENCE","LEGACY_DOCUMENTATION","Legacy documentation records prior behavior and lineage but does not govern Secret Lair V1.","False","False","False","False","False","cbf83e85928e76ab14a7fde4d3e5fcaae3034b22f9a134eed4937a7a7f49da34"
"README_TERMINAL_2_7_0_SECRET_LAIR_SOURCE_ACQUISITION.md","SOURCE_ACQUISITION","True","False","True","HIGH_PRIORITY_EVIDENCE_AUDIT","HIGH_PRIORITY_REVIEW","PRESERVE_LEGACY_EVIDENCE","LEGACY_DOCUMENTATION","Legacy documentation records prior behavior and lineage but does not govern Secret Lair V1.","False","False","False","False","False","09a7af7a8dfbc7805986f3f0129fe447f149eaf14276c8235091a1e8e958d36f"
"README_TERMINAL_2_7_1_SECRET_LAIR_DISCOVERY.md","SOURCE_ACQUISITION","True","False","True","HIGH_PRIORITY_EVIDENCE_AUDIT","HIGH_PRIORITY_REVIEW","PRESERVE_LEGACY_EVIDENCE","LEGACY_DOCUMENTATION","Legacy documentation records prior behavior and lineage but does not govern Secret Lair V1.","False","False","False","False","False","d3f05ce084128c782ccf56317ce36237f867d3651c8acbe7ef8ff17939b623e1"
"README_TERMINAL_2_9_5_SECRET_LAIR_INTELLIGENCE_EXPANSION.md","LEGACY_MODEL_INTELLIGENCE","True","False","True","REVIEW_FOR_ADAPTATION","HIGH_PRIORITY_REVIEW","PRESERVE_LEGACY_EVIDENCE","LEGACY_DOCUMENTATION","Legacy documentation records prior behavior and lineage but does not govern Secret Lair V1.","False","False","False","False","False","4ab8a538ced2de21ac90ac4b2740ddfd2bb9f60e0f4d71391d089e305e51a689"
"README_TERMINAL_2_9_6_SECRET_LAIR_DATA_POPULATION.md","DOCUMENTATION","True","False","True","REVIEW_FOR_ADAPTATION","HIGH_PRIORITY_REVIEW","PRESERVE_LEGACY_EVIDENCE","LEGACY_DOCUMENTATION","Legacy documentation records prior behavior and lineage but does not govern Secret Lair V1.","False","False","False","False","False","18d249d98cbe93552fa268050049c09e3c46d1a6ad135f4637df325ef225ef19"
"README_TERMINAL_2_9_7_MASTER_SECRET_LAIR_DATABASE.md","STRUCTURAL_FEATURES","True","False","True","REVIEW_FOR_ADAPTATION","HIGH_PRIORITY_REVIEW","PRESERVE_LEGACY_EVIDENCE","LEGACY_DOCUMENTATION","Legacy documentation records prior behavior and lineage but does not govern Secret Lair V1.","False","False","False","False","False","348c358945d6123e44ac56e53fa949f6daf052f53e48d8557908175a5f725bc1"
"README_TERMINAL_2_9_8A_SECRET_LAIR_DATETIME_FIX.md","DOCUMENTATION","True","False","True","REVIEW_FOR_ADAPTATION","HIGH_PRIORITY_REVIEW","PRESERVE_LEGACY_EVIDENCE","LEGACY_DOCUMENTATION","Legacy documentation records prior behavior and lineage but does not govern Secret Lair V1.","False","False","False","False","False","cf11151e8b75210d744ed742625072dc5a7c85e28705fcb0bb785b23627a0903"
"README_TERMINAL_2_9_8B_SECRET_LAIR_DATETIME_STANDARDIZATION.md","DOCUMENTATION","True","False","True","REVIEW_FOR_ADAPTATION","HIGH_PRIORITY_REVIEW","PRESERVE_LEGACY_EVIDENCE","LEGACY_DOCUMENTATION","Legacy documentation records prior behavior and lineage but does not govern Secret Lair V1.","False","False","False","False","False","1e2cb7fe4e3a5b54360c18cae97d996b7b3e7658d89a99c48e2e958bd02830bd"
"README_TERMINAL_2_9_9_SECRET_LAIR_INTELLIGENCE_CALIBRATION.md","LEGACY_MODEL_INTELLIGENCE","True","False","True","REVIEW_FOR_ADAPTATION","PRESERVE_LEGACY_EVIDENCE","PRESERVE_LEGACY_EVIDENCE","LEGACY_MODEL_FORECAST_RANKING","Legacy modeling, forecasting, or ranking evidence must remain preserved but cannot become V1 authority without the governed tournament and certification sequence.","False","False","False","False","False","c17fdb308729b8d50af983c7ef0b1add2d8a8243cb7564036cc2069557bb12b1"
"scripts/__pycache__/activate_secret_lair_master_ebay_universe.cpython-314.pyc","STRUCTURAL_FEATURES","False","True","False","NOT_IN_OPENING_INVENTORY","HIGH_PRIORITY_REVIEW","PRESERVE_LEGACY_EVIDENCE","IGNORED_RUNTIME_OR_GENERATED_EVIDENCE","Local ignored/runtime evidence is preserved for lineage and empirical review but is not promoted to production authority.","False","False","False","False","False","873549e40691d573f363ce424849eddd5c048a0630b01716fe8878e380be44ca"
"scripts/__pycache__/aggregate_secret_lair_market_observations.cpython-314.pyc","OTHER_SECRET_LAIR_COMPONENT","False","True","False","NOT_IN_OPENING_INVENTORY","HIGH_PRIORITY_REVIEW","PRESERVE_LEGACY_EVIDENCE","IGNORED_RUNTIME_OR_GENERATED_EVIDENCE","Local ignored/runtime evidence is preserved for lineage and empirical review but is not promoted to production authority.","False","False","False","False","False","0b392c5393e8a50beb0489bd155a1abeeb8d44b5b0479f4fb2b30c65257bd10f"
"scripts/__pycache__/apply_full_registry_secret_lair_portfolio_bundle.cpython-314.pyc","IDENTITY_REGISTRY","False","True","False","NOT_IN_OPENING_INVENTORY","HIGH_PRIORITY_REVIEW","PRESERVE_LEGACY_EVIDENCE","IGNORED_RUNTIME_OR_GENERATED_EVIDENCE","Local ignored/runtime evidence is preserved for lineage and empirical review but is not promoted to production authority.","False","False","False","False","False","bd53ecc889c8f4ba4d0d7f52a0e6f3707ff05a4bd585b360a8c9d878cb56610f"
"scripts/__pycache__/apply_full_secret_lair_model_evaluation_bundle.cpython-314.pyc","LEGACY_MODEL_INTELLIGENCE","False","True","False","NOT_IN_OPENING_INVENTORY","HIGH_PRIORITY_REVIEW","PRESERVE_LEGACY_EVIDENCE","IGNORED_RUNTIME_OR_GENERATED_EVIDENCE","Local ignored/runtime evidence is preserved for lineage and empirical review but is not promoted to production authority.","False","False","False","False","False","71c647a2737fbe2f80f40a62b9a644a06c0219abc91d770ee936102b1ba005b4"
"scripts/__pycache__/apply_phase_10_secret_lair_production_closeout_bundle.cpython-314.pyc","INTEGRATION_EXPORT","False","True","False","NOT_IN_OPENING_INVENTORY","HIGH_PRIORITY_REVIEW","PRESERVE_LEGACY_EVIDENCE","IGNORED_RUNTIME_OR_GENERATED_EVIDENCE","Local ignored/runtime evidence is preserved for lineage and empirical review but is not promoted to production authority.","False","False","False","False","False","e174ae9fe7233eef9aa74eaa9b6747d1be8cba441407c5d8a4d4cb78bf2e2119"
"scripts/__pycache__/apply_secret_lair_batch_0230_collision_hardening.cpython-314.pyc","OTHER_SECRET_LAIR_COMPONENT","False","True","False","NOT_IN_OPENING_INVENTORY","HIGH_PRIORITY_REVIEW","PRESERVE_LEGACY_EVIDENCE","IGNORED_RUNTIME_OR_GENERATED_EVIDENCE","Local ignored/runtime evidence is preserved for lineage and empirical review but is not promoted to production authority.","False","False","False","False","False","27055126f8b5f462961989fa18f8996419042f1134716c81c788a40af38ec5c7"
"scripts/__pycache__/apply_secret_lair_batch_0430_collision_hardening.cpython-314.pyc","OTHER_SECRET_LAIR_COMPONENT","False","True","False","NOT_IN_OPENING_INVENTORY","HIGH_PRIORITY_REVIEW","PRESERVE_LEGACY_EVIDENCE","IGNORED_RUNTIME_OR_GENERATED_EVIDENCE","Local ignored/runtime evidence is preserved for lineage and empirical review but is not promoted to production authority.","False","False","False","False","False","90ca157b0c537b31a4931b877c6748f098f83ccd15e386ef0f1797ff7a48fe45"
"scripts/__pycache__/apply_secret_lair_batch_0630_collision_hardening.cpython-314.pyc","OTHER_SECRET_LAIR_COMPONENT","False","True","False","NOT_IN_OPENING_INVENTORY","HIGH_PRIORITY_REVIEW","PRESERVE_LEGACY_EVIDENCE","IGNORED_RUNTIME_OR_GENERATED_EVIDENCE","Local ignored/runtime evidence is preserved for lineage and empirical review but is not promoted to production authority.","False","False","False","False","False","3fbdbc30e48584e9cb76aabd62ddbef307ba051a019974906cad0a6bfcd3dd79"
"scripts/__pycache__/apply_secret_lair_batch1_identity_hardening.cpython-314.pyc","IDENTITY_REGISTRY","False","True","False","NOT_IN_OPENING_INVENTORY","HIGH_PRIORITY_REVIEW","PRESERVE_LEGACY_EVIDENCE","IGNORED_RUNTIME_OR_GENERATED_EVIDENCE","Local ignored/runtime evidence is preserved for lineage and empirical review but is not promoted to production authority.","False","False","False","False","False","b2539f19237383e00b6b84098994730ec2903ba93f5d61cfd200e1367ed64d69"
"scripts/__pycache__/apply_secret_lair_bundle_identity_hardening.cpython-314.pyc","IDENTITY_REGISTRY","False","True","False","NOT_IN_OPENING_INVENTORY","HIGH_PRIORITY_REVIEW","PRESERVE_LEGACY_EVIDENCE","IGNORED_RUNTIME_OR_GENERATED_EVIDENCE","Local ignored/runtime evidence is preserved for lineage and empirical review but is not promoted to production authority.","False","False","False","False","False","c42126a32a9ef9af1a575957ec5608d8b59ddcf758a6ef8165246664cbb2c5f4"
"scripts/__pycache__/apply_secret_lair_ebay_lane_certification.cpython-314.pyc","VALIDATION_CERTIFICATION","False","True","False","NOT_IN_OPENING_INVENTORY","HIGH_PRIORITY_REVIEW","PRESERVE_LEGACY_EVIDENCE","IGNORED_RUNTIME_OR_GENERATED_EVIDENCE","Local ignored/runtime evidence is preserved for lineage and empirical review but is not promoted to production authority.","False","False","False","False","False","73682f9ad12f14415b0fd3787e7f2130e0e50ac7daf7a6c744f6a7646cde62c0"
"scripts/__pycache__/apply_secret_lair_foil_subtype_hardening.cpython-314.pyc","OTHER_SECRET_LAIR_COMPONENT","False","True","False","NOT_IN_OPENING_INVENTORY","HIGH_PRIORITY_REVIEW","PRESERVE_LEGACY_EVIDENCE","IGNORED_RUNTIME_OR_GENERATED_EVIDENCE","Local ignored/runtime evidence is preserved for lineage and empirical review but is not promoted to production authority.","False","False","False","False","False","22ae4fb1164c694d52766bbf9f29112dd666fbb1a390f29946f692083348f6f0"
"scripts/__pycache__/apply_secret_lair_holdings_workflow_bundle.cpython-314.pyc","OTHER_SECRET_LAIR_COMPONENT","False","True","False","NOT_IN_OPENING_INVENTORY","HIGH_PRIORITY_REVIEW","PRESERVE_LEGACY_EVIDENCE","IGNORED_RUNTIME_OR_GENERATED_EVIDENCE","Local ignored/runtime evidence is preserved for lineage and empirical review but is not promoted to production authority.","False","False","False","False","False","45d3d24a4b09d55279784160fbea82c5bee00d1e144080ac448f86b29ee1e36f"
"scripts/__pycache__/apply_secret_lair_identity_collision_hardening.cpython-314.pyc","IDENTITY_REGISTRY","False","True","False","NOT_IN_OPENING_INVENTORY","HIGH_PRIORITY_REVIEW","PRESERVE_LEGACY_EVIDENCE","IGNORED_RUNTIME_OR_GENERATED_EVIDENCE","Local ignored/runtime evidence is preserved for lineage and empirical review but is not promoted to production authority.","False","False","False","False","False","de13f9f0e465196a056ef65c7208778d1f1f85de037d96a462a351f9018ad03e"
"scripts/__pycache__/apply_secret_lair_market_observation_aggregation.cpython-314.pyc","OTHER_SECRET_LAIR_COMPONENT","False","True","False","NOT_IN_OPENING_INVENTORY","HIGH_PRIORITY_REVIEW","PRESERVE_LEGACY_EVIDENCE","IGNORED_RUNTIME_OR_GENERATED_EVIDENCE","Local ignored/runtime evidence is preserved for lineage and empirical review but is not promoted to production authority.","False","False","False","False","False","d49c8ec3834f070090ad73432bbc536e160caaf48ca0821e2e684059c3285919"
"scripts/__pycache__/apply_secret_lair_market_observation_quality_audit.cpython-314.pyc","OTHER_SECRET_LAIR_COMPONENT","False","True","False","NOT_IN_OPENING_INVENTORY","HIGH_PRIORITY_REVIEW","PRESERVE_LEGACY_EVIDENCE","IGNORED_RUNTIME_OR_GENERATED_EVIDENCE","Local ignored/runtime evidence is preserved for lineage and empirical review but is not promoted to production authority.","False","False","False","False","False","29f60004d43ea047f26bebc3104aae3745a0a57aa87d71389c8beaf77ab8031e"
"scripts/__pycache__/apply_secret_lair_market_value_admission_bundle.cpython-314.pyc","OTHER_SECRET_LAIR_COMPONENT","False","True","False","NOT_IN_OPENING_INVENTORY","HIGH_PRIORITY_REVIEW","PRESERVE_LEGACY_EVIDENCE","IGNORED_RUNTIME_OR_GENERATED_EVIDENCE","Local ignored/runtime evidence is preserved for lineage and empirical review but is not promoted to production authority.","False","False","False","False","False","d177c2771b58242b7497c78b50b346412744eaa06953e68260c920d0278f6e01"
"scripts/__pycache__/apply_secret_lair_mixed_finish_hardening.cpython-314.pyc","OTHER_SECRET_LAIR_COMPONENT","False","True","False","NOT_IN_OPENING_INVENTORY","HIGH_PRIORITY_REVIEW","PRESERVE_LEGACY_EVIDENCE","IGNORED_RUNTIME_OR_GENERATED_EVIDENCE","Local ignored/runtime evidence is preserved for lineage and empirical review but is not promoted to production authority.","False","False","False","False","False","456d7e90881157a8dd1e381ee6d43c1dbfa4cbfe9fb09686444b015e48c8e950"
"scripts/__pycache__/apply_secret_lair_terminal_integration_bundle.cpython-314.pyc","INTEGRATION_EXPORT","False","True","False","NOT_IN_OPENING_INVENTORY","HIGH_PRIORITY_REVIEW","PRESERVE_LEGACY_EVIDENCE","IGNORED_RUNTIME_OR_GENERATED_EVIDENCE","Local ignored/runtime evidence is preserved for lineage and empirical review but is not promoted to production authority.","False","False","False","False","False","b836414fd987d6aaaaade056852770d6af749c327be874a8ca5a498e68a55589"
"scripts/__pycache__/audit_phase_8_2_1c_secret_lair_intelligence.cpython-314.pyc","LEGACY_MODEL_INTELLIGENCE","False","True","False","NOT_IN_OPENING_INVENTORY","HIGH_PRIORITY_REVIEW","PRESERVE_LEGACY_EVIDENCE","IGNORED_RUNTIME_OR_GENERATED_EVIDENCE","Local ignored/runtime evidence is preserved for lineage and empirical review but is not promoted to production authority.","False","False","False","False","False","079fb5a7bbb2c7b12772f9272245a3d6bf29016fdc348b3aab9e48a737d5a8e6"
"scripts/__pycache__/audit_secret_lair_market_observations.cpython-314.pyc","OTHER_SECRET_LAIR_COMPONENT","False","True","False","NOT_IN_OPENING_INVENTORY","HIGH_PRIORITY_REVIEW","PRESERVE_LEGACY_EVIDENCE","IGNORED_RUNTIME_OR_GENERATED_EVIDENCE","Local ignored/runtime evidence is preserved for lineage and empirical review but is not promoted to production authority.","False","False","False","False","False","5a01c58ab797dfbd5efc71dd042c4a4376a5fcfe6f28bdae3cf30b593d13a133"
"scripts/__pycache__/build_full_registry_secret_lair_portfolio.cpython-314.pyc","IDENTITY_REGISTRY","False","True","False","NOT_IN_OPENING_INVENTORY","HIGH_PRIORITY_REVIEW","PRESERVE_LEGACY_EVIDENCE","IGNORED_RUNTIME_OR_GENERATED_EVIDENCE","Local ignored/runtime evidence is preserved for lineage and empirical review but is not promoted to production authority.","False","False","False","False","False","8eae859e1b3da1c5b00abb0c522fef20d885ca57825e3d968a592d6a89f87ea2"
"scripts/__pycache__/build_full_secret_lair_model_evaluation.cpython-314.pyc","LEGACY_MODEL_INTELLIGENCE","False","True","False","NOT_IN_OPENING_INVENTORY","HIGH_PRIORITY_REVIEW","PRESERVE_LEGACY_EVIDENCE","IGNORED_RUNTIME_OR_GENERATED_EVIDENCE","Local ignored/runtime evidence is preserved for lineage and empirical review but is not promoted to production authority.","False","False","False","False","False","c7b489da444559d9ee9678160a8cf9eb36075f16dd65d715e5863c7662f75dbd"
"scripts/__pycache__/build_phase_8_2_1d_2_secret_lair_historical_performance.cpython-314.pyc","HISTORICAL_EVIDENCE","False","True","False","NOT_IN_OPENING_INVENTORY","HIGH_PRIORITY_REVIEW","PRESERVE_LEGACY_EVIDENCE","IGNORED_RUNTIME_OR_GENERATED_EVIDENCE","Local ignored/runtime evidence is preserved for lineage and empirical review but is not promoted to production authority.","False","False","False","False","False","63647bc61fbf478c28a1de4cb3d881baaca9f4bf8af7c422a46864e5880af290"
"scripts/__pycache__/build_secret_lair_market_value_admission.cpython-314.pyc","OTHER_SECRET_LAIR_COMPONENT","False","True","False","NOT_IN_OPENING_INVENTORY","HIGH_PRIORITY_REVIEW","PRESERVE_LEGACY_EVIDENCE","IGNORED_RUNTIME_OR_GENERATED_EVIDENCE","Local ignored/runtime evidence is preserved for lineage and empirical review but is not promoted to production authority.","False","False","False","False","False","0af3f8430a7c3aa21501d2cce14aeae58f2dc0fd672466b5d2f8ccd47533fccb"
"scripts/__pycache__/build_secret_lair_master_governed_expansion.cpython-314.pyc","STRUCTURAL_FEATURES","False","True","False","NOT_IN_OPENING_INVENTORY","HIGH_PRIORITY_REVIEW","PRESERVE_LEGACY_EVIDENCE","IGNORED_RUNTIME_OR_GENERATED_EVIDENCE","Local ignored/runtime evidence is preserved for lineage and empirical review but is not promoted to production authority.","False","False","False","False","False","e551ea1acf58aa5fb361acb7fd0436a8e25c8496e20ce6afdf30c8ea92a5da56"
"scripts/__pycache__/build_secret_lair_terminal_integration.cpython-314.pyc","INTEGRATION_EXPORT","False","True","False","NOT_IN_OPENING_INVENTORY","HIGH_PRIORITY_REVIEW","PRESERVE_LEGACY_EVIDENCE","IGNORED_RUNTIME_OR_GENERATED_EVIDENCE","Local ignored/runtime evidence is preserved for lineage and empirical review but is not promoted to production authority.","False","False","False","False","False","93ef99cca7c37f8966f1e920aaf1db82b051d431e45cb0f1184305911ea20d98"
"scripts/__pycache__/build_secret_lair_universe_cleanup_workspace.cpython-314.pyc","OTHER_SECRET_LAIR_COMPONENT","False","True","False","NOT_IN_OPENING_INVENTORY","HIGH_PRIORITY_REVIEW","PRESERVE_LEGACY_EVIDENCE","IGNORED_RUNTIME_OR_GENERATED_EVIDENCE","Local ignored/runtime evidence is preserved for lineage and empirical review but is not promoted to production authority.","False","False","False","False","False","c8210f90340b1999d35b1d726daa689a66418d136377fcb8b7299c9eb94eca61"
"scripts/__pycache__/certify_phase_10_secret_lair_closeout.cpython-314.pyc","INTEGRATION_EXPORT","False","True","False","NOT_IN_OPENING_INVENTORY","HIGH_PRIORITY_REVIEW","PRESERVE_LEGACY_EVIDENCE","IGNORED_RUNTIME_OR_GENERATED_EVIDENCE","Local ignored/runtime evidence is preserved for lineage and empirical review but is not promoted to production authority.","False","False","False","False","False","096e2b9fa00897656899dc4bf47702491d89e31001b2fb7890d7214bb45778a9"
"scripts/__pycache__/certify_phase_8_2_1c_2_secret_lair_semantics.cpython-314.pyc","VALIDATION_CERTIFICATION","False","True","False","NOT_IN_OPENING_INVENTORY","HIGH_PRIORITY_REVIEW","PRESERVE_LEGACY_EVIDENCE","IGNORED_RUNTIME_OR_GENERATED_EVIDENCE","Local ignored/runtime evidence is preserved for lineage and empirical review but is not promoted to production authority.","False","False","False","False","False","5b17cc3b26ddb23eec6d668d66ae63eb62ecc4443e8d2a3d79c70010bcee600c"
"scripts/__pycache__/certify_secret_lair_ebay_lane.cpython-314.pyc","VALIDATION_CERTIFICATION","False","True","False","NOT_IN_OPENING_INVENTORY","HIGH_PRIORITY_REVIEW","PRESERVE_LEGACY_EVIDENCE","IGNORED_RUNTIME_OR_GENERATED_EVIDENCE","Local ignored/runtime evidence is preserved for lineage and empirical review but is not promoted to production authority.","False","False","False","False","False","4fbc9558a9dab309f28c3156213d240c3791f8a8f207ff40e6207461ac425e25"
"scripts/__pycache__/certify_secret_lair_master_governed_expansion.cpython-314.pyc","STRUCTURAL_FEATURES","False","True","False","NOT_IN_OPENING_INVENTORY","HIGH_PRIORITY_REVIEW","PRESERVE_LEGACY_EVIDENCE","IGNORED_RUNTIME_OR_GENERATED_EVIDENCE","Local ignored/runtime evidence is preserved for lineage and empirical review but is not promoted to production authority.","False","False","False","False","False","5725bdc83017ace3f117b88514d5e8ce61a0c485d12361c3d8c0733c72bf2a7b"
"scripts/__pycache__/crawl_official_secret_lair_archive.cpython-314.pyc","HISTORICAL_EVIDENCE","False","True","False","NOT_IN_OPENING_INVENTORY","HIGH_PRIORITY_REVIEW","PRESERVE_LEGACY_EVIDENCE","IGNORED_RUNTIME_OR_GENERATED_EVIDENCE","Local ignored/runtime evidence is preserved for lineage and empirical review but is not promoted to production authority.","False","False","False","False","False","0252f376ed198cee195adf6b0bdc3e953482c80516e54568bf03922ed93f612b"
"scripts/__pycache__/discover_full_secret_lair_catalog.cpython-314.pyc","SOURCE_ACQUISITION","False","True","False","NOT_IN_OPENING_INVENTORY","HIGH_PRIORITY_REVIEW","PRESERVE_LEGACY_EVIDENCE","IGNORED_RUNTIME_OR_GENERATED_EVIDENCE","Local ignored/runtime evidence is preserved for lineage and empirical review but is not promoted to production authority.","False","False","False","False","False","ee41ce641f8a5a9e59638ea08ccdab9a0051132bf55f40a16bb1ac8b41e85044"
"scripts/__pycache__/expand_official_secret_lair_archive_discovery.cpython-314.pyc","HISTORICAL_EVIDENCE","False","True","False","NOT_IN_OPENING_INVENTORY","HIGH_PRIORITY_REVIEW","PRESERVE_LEGACY_EVIDENCE","IGNORED_RUNTIME_OR_GENERATED_EVIDENCE","Local ignored/runtime evidence is preserved for lineage and empirical review but is not promoted to production authority.","False","False","False","False","False","e9f46123090fe6d8ca876799f863e3bc332887c5f39ebf17695ebc86074142d9"
"scripts/__pycache__/fix_secret_lair_bundle_expectation_test.cpython-314.pyc","VALIDATION_CERTIFICATION","False","True","False","NOT_IN_OPENING_INVENTORY","HIGH_PRIORITY_REVIEW","PRESERVE_LEGACY_EVIDENCE","IGNORED_RUNTIME_OR_GENERATED_EVIDENCE","Local ignored/runtime evidence is preserved for lineage and empirical review but is not promoted to production authority.","False","False","False","False","False","1b279365bf9825f49c99acc9e0331a37434bdfce927834382b577397c2156943"
"scripts/__pycache__/fix_secret_lair_bundle_expectation_test.cpython-314-pytest-9.1.1.pyc","VALIDATION_CERTIFICATION","False","True","False","NOT_IN_OPENING_INVENTORY","HIGH_PRIORITY_REVIEW","PRESERVE_LEGACY_EVIDENCE","IGNORED_RUNTIME_OR_GENERATED_EVIDENCE","Local ignored/runtime evidence is preserved for lineage and empirical review but is not promoted to production authority.","False","False","False","False","False","39d5775ba7caff45c3d9fede5c06170c313b3048ad1a4fc243dc0e24d2535871"
"scripts/__pycache__/fix_secret_lair_discovery_import_path.cpython-314.pyc","SOURCE_ACQUISITION","False","True","False","NOT_IN_OPENING_INVENTORY","HIGH_PRIORITY_REVIEW","PRESERVE_LEGACY_EVIDENCE","IGNORED_RUNTIME_OR_GENERATED_EVIDENCE","Local ignored/runtime evidence is preserved for lineage and empirical review but is not promoted to production authority.","False","False","False","False","False","532ae32b408a3d8f883fa74bc59f29a364f5e7a0ce0f161829d8525d58402637"
"scripts/__pycache__/fix_secret_lair_test_product_helper.cpython-314.pyc","VALIDATION_CERTIFICATION","False","True","False","NOT_IN_OPENING_INVENTORY","HIGH_PRIORITY_REVIEW","PRESERVE_LEGACY_EVIDENCE","IGNORED_RUNTIME_OR_GENERATED_EVIDENCE","Local ignored/runtime evidence is preserved for lineage and empirical review but is not promoted to production authority.","False","False","False","False","False","3981559b621c653d368c5bb90ae2d6cfb41216e04e6cf2721352e0a956d25988"
"scripts/__pycache__/install_phase_8_2_1c_2_secret_lair_repair.cpython-314.pyc","OTHER_SECRET_LAIR_COMPONENT","False","True","False","NOT_IN_OPENING_INVENTORY","HIGH_PRIORITY_REVIEW","PRESERVE_LEGACY_EVIDENCE","IGNORED_RUNTIME_OR_GENERATED_EVIDENCE","Local ignored/runtime evidence is preserved for lineage and empirical review but is not promoted to production authority.","False","False","False","False","False","0f27b2348af9874d054fb1325b2c0e4ec33662d5badfabfb2d4c74aed86b2772"
"scripts/__pycache__/manage_secret_lair_holdings.cpython-314.pyc","OTHER_SECRET_LAIR_COMPONENT","False","True","False","NOT_IN_OPENING_INVENTORY","HIGH_PRIORITY_REVIEW","PRESERVE_LEGACY_EVIDENCE","IGNORED_RUNTIME_OR_GENERATED_EVIDENCE","Local ignored/runtime evidence is preserved for lineage and empirical review but is not promoted to production authority.","False","False","False","False","False","2bbac4bd8e5a92f880cce37a61bc4e88f8afe4f17c35584a613da8980c2ebb0a"
"scripts/__pycache__/promote_phase_8_2_1d_3_secret_lair_history.cpython-314.pyc","HISTORICAL_EVIDENCE","False","True","False","NOT_IN_OPENING_INVENTORY","HIGH_PRIORITY_REVIEW","PRESERVE_LEGACY_EVIDENCE","IGNORED_RUNTIME_OR_GENERATED_EVIDENCE","Local ignored/runtime evidence is preserved for lineage and empirical review but is not promoted to production authority.","False","False","False","False","False","b8b78c772197cf94b88fb0af9eee401c397fbd3f15fbd56526c50f2bc63a6726"
"scripts/__pycache__/rebuild_phase_8_2_1c_2_secret_lair_chain.cpython-314.pyc","OTHER_SECRET_LAIR_COMPONENT","False","True","False","NOT_IN_OPENING_INVENTORY","HIGH_PRIORITY_REVIEW","PRESERVE_LEGACY_EVIDENCE","IGNORED_RUNTIME_OR_GENERATED_EVIDENCE","Local ignored/runtime evidence is preserved for lineage and empirical review but is not promoted to production authority.","False","False","False","False","False","507641deb08238e6f281ce9a6fad50b70032ada78c9880eab22fa60e1a401dc3"
"scripts/__pycache__/recover_phase_8_2_1d_3_secret_lair_history.cpython-314.pyc","HISTORICAL_EVIDENCE","False","True","False","NOT_IN_OPENING_INVENTORY","HIGH_PRIORITY_REVIEW","PRESERVE_LEGACY_EVIDENCE","IGNORED_RUNTIME_OR_GENERATED_EVIDENCE","Local ignored/runtime evidence is preserved for lineage and empirical review but is not promoted to production authority.","False","False","False","False","False","770433118d72c235b05a4da570505be5dc033e6b9c9662d08853829779e16d6f"
"scripts/__pycache__/refresh_secret_lair_portfolio.cpython-314.pyc","OTHER_SECRET_LAIR_COMPONENT","False","True","False","NOT_IN_OPENING_INVENTORY","HIGH_PRIORITY_REVIEW","PRESERVE_LEGACY_EVIDENCE","IGNORED_RUNTIME_OR_GENERATED_EVIDENCE","Local ignored/runtime evidence is preserved for lineage and empirical review but is not promoted to production authority.","False","False","False","False","False","9dff9f84f52bf3f3fc3ecea4d38b8a450d4f8f0b2da7c2c00261f3a07b5177a7"
"scripts/__pycache__/repair_secret_lair_ebay_lane_certification.cpython-314.pyc","VALIDATION_CERTIFICATION","False","True","False","NOT_IN_OPENING_INVENTORY","HIGH_PRIORITY_REVIEW","PRESERVE_LEGACY_EVIDENCE","IGNORED_RUNTIME_OR_GENERATED_EVIDENCE","Local ignored/runtime evidence is preserved for lineage and empirical review but is not promoted to production authority.","False","False","False","False","False","e1aa89a5e0395431a444cda9a2e016a7e68f818fdbfa52cad8e7be493c9652e8"
"scripts/__pycache__/run_secret_lair_production_refresh.cpython-314.pyc","OTHER_SECRET_LAIR_COMPONENT","False","True","False","NOT_IN_OPENING_INVENTORY","HIGH_PRIORITY_REVIEW","PRESERVE_LEGACY_EVIDENCE","IGNORED_RUNTIME_OR_GENERATED_EVIDENCE","Local ignored/runtime evidence is preserved for lineage and empirical review but is not promoted to production authority.","False","False","False","False","False","5960e0d097e46d270557977a21e4fabecf8137c260caff63bb72fa5d29f3f16f"
"scripts/activate_secret_lair_master_ebay_universe.py","STRUCTURAL_FEATURES","True","False","True","REVIEW_FOR_ADAPTATION","ADAPT_CANDIDATE","ADAPT","TRACKED_LEGACY_INFRASTRUCTURE_REQUIRES_V1_RECONCILIATION","Tracked infrastructure may supply reusable mechanics, but its identity, source, evidence, validation, or integration semantics must be reconciled to V1 before use.","False","False","False","False","False","70631266d270379f6478e16addc6684946b12f98c86b09120524ec3177d9c860"
"scripts/aggregate_secret_lair_market_observations.py","OTHER_SECRET_LAIR_COMPONENT","True","False","True","REVIEW_FOR_ADAPTATION","HIGH_PRIORITY_REVIEW","ADAPT","TRACKED_LEGACY_INFRASTRUCTURE_REQUIRES_V1_RECONCILIATION","Tracked infrastructure may supply reusable mechanics, but its identity, source, evidence, validation, or integration semantics must be reconciled to V1 before use.","False","False","False","False","False","535af2c0261f3a65aef2881e9de0a97c6d6cb4cb7076718cb44bbed09246807b"
"scripts/apply_full_registry_secret_lair_portfolio_bundle.py","IDENTITY_REGISTRY","True","False","True","HIGH_PRIORITY_IDENTITY_AUDIT","PRESERVE_LEGACY_EVIDENCE","PRESERVE_LEGACY_EVIDENCE","LEGACY_MODEL_FORECAST_RANKING","Legacy modeling, forecasting, or ranking evidence must remain preserved but cannot become V1 authority without the governed tournament and certification sequence.","False","False","False","False","False","4efdcbf1a06fc89e3f92754087fdef1f6addae239a729d17b370be935f1cf104"
"scripts/apply_full_secret_lair_model_evaluation_bundle.py","LEGACY_MODEL_INTELLIGENCE","True","False","True","REVIEW_FOR_ADAPTATION","PRESERVE_LEGACY_EVIDENCE","PRESERVE_LEGACY_EVIDENCE","LEGACY_MODEL_FORECAST_RANKING","Legacy modeling, forecasting, or ranking evidence must remain preserved but cannot become V1 authority without the governed tournament and certification sequence.","False","False","False","False","False","10164b82dbc140e9b5e72f71ef573b95d09de643f91d69f280b598ab2dee6460"
"scripts/apply_phase_10_secret_lair_production_closeout_bundle.py","INTEGRATION_EXPORT","True","False","True","REVIEW_FOR_ADAPTATION","PRESERVE_LEGACY_EVIDENCE","PRESERVE_LEGACY_EVIDENCE","LEGACY_MODEL_FORECAST_RANKING","Legacy modeling, forecasting, or ranking evidence must remain preserved but cannot become V1 authority without the governed tournament and certification sequence.","False","False","False","False","False","e83558d25d4587f916696353018b3ffc35483a38a242e11f6fef9738e8ce4db4"
"scripts/apply_secret_lair_batch_0230_collision_hardening.py","OTHER_SECRET_LAIR_COMPONENT","True","False","True","REVIEW_FOR_ADAPTATION","HIGH_PRIORITY_REVIEW","ADAPT","TRACKED_LEGACY_INFRASTRUCTURE_REQUIRES_V1_RECONCILIATION","Tracked infrastructure may supply reusable mechanics, but its identity, source, evidence, validation, or integration semantics must be reconciled to V1 before use.","False","False","False","False","False","11591ec91fbeefb5314dc2d4fb288833c0724afe59d4709431bbd3bf19bc6d2a"
"scripts/apply_secret_lair_batch_0430_collision_hardening.py","OTHER_SECRET_LAIR_COMPONENT","True","False","True","REVIEW_FOR_ADAPTATION","HIGH_PRIORITY_REVIEW","ADAPT","TRACKED_LEGACY_INFRASTRUCTURE_REQUIRES_V1_RECONCILIATION","Tracked infrastructure may supply reusable mechanics, but its identity, source, evidence, validation, or integration semantics must be reconciled to V1 before use.","False","False","False","False","False","fc980879ece9d541bca3f8a8a0e15fff0cc4845cf717ac56eb78315ad2ea1d33"
"scripts/apply_secret_lair_batch_0630_collision_hardening.py","OTHER_SECRET_LAIR_COMPONENT","True","False","True","REVIEW_FOR_ADAPTATION","HIGH_PRIORITY_REVIEW","ADAPT","TRACKED_LEGACY_INFRASTRUCTURE_REQUIRES_V1_RECONCILIATION","Tracked infrastructure may supply reusable mechanics, but its identity, source, evidence, validation, or integration semantics must be reconciled to V1 before use.","False","False","False","False","False","c31ed91652c1df0a20278f7027195da705a531f3307a8695e6b13b96c45abc1b"
"scripts/apply_secret_lair_batch1_identity_hardening.py","IDENTITY_REGISTRY","True","False","True","HIGH_PRIORITY_IDENTITY_AUDIT","HIGH_PRIORITY_REVIEW","ADAPT","TRACKED_LEGACY_INFRASTRUCTURE_REQUIRES_V1_RECONCILIATION","Tracked infrastructure may supply reusable mechanics, but its identity, source, evidence, validation, or integration semantics must be reconciled to V1 before use.","False","False","False","False","False","5bb1de882e7e3753ecbc6c8da4e39da60c91c727a1833df4f05b5ab9af17be5b"
"scripts/apply_secret_lair_bundle_identity_hardening.py","IDENTITY_REGISTRY","True","False","True","HIGH_PRIORITY_IDENTITY_AUDIT","HIGH_PRIORITY_REVIEW","ADAPT","TRACKED_LEGACY_INFRASTRUCTURE_REQUIRES_V1_RECONCILIATION","Tracked infrastructure may supply reusable mechanics, but its identity, source, evidence, validation, or integration semantics must be reconciled to V1 before use.","False","False","False","False","False","bfb31366b425980610a4caa64cee6e3ef0ece9fc7b4d5cc20e10524abd1ba18e"
"scripts/apply_secret_lair_ebay_lane_certification.py","VALIDATION_CERTIFICATION","True","False","True","REVIEW_FOR_ADAPTATION","HIGH_PRIORITY_REVIEW","ADAPT","TRACKED_LEGACY_INFRASTRUCTURE_REQUIRES_V1_RECONCILIATION","Tracked infrastructure may supply reusable mechanics, but its identity, source, evidence, validation, or integration semantics must be reconciled to V1 before use.","False","False","False","False","False","6339f89c95c4ae376a876993e9b9341c949a122b51a7a0bdeb119c2ae66c01c5"
"scripts/apply_secret_lair_foil_subtype_hardening.py","OTHER_SECRET_LAIR_COMPONENT","True","False","True","REVIEW_FOR_ADAPTATION","HIGH_PRIORITY_REVIEW","ADAPT","TRACKED_LEGACY_INFRASTRUCTURE_REQUIRES_V1_RECONCILIATION","Tracked infrastructure may supply reusable mechanics, but its identity, source, evidence, validation, or integration semantics must be reconciled to V1 before use.","False","False","False","False","False","e7e60d1461338f17fbfa13ad4e0f55b1ea98268229884eb112a30c6dc92eee4e"
"scripts/apply_secret_lair_holdings_workflow_bundle.py","OTHER_SECRET_LAIR_COMPONENT","True","False","True","REVIEW_FOR_ADAPTATION","PRESERVE_LEGACY_EVIDENCE","PRESERVE_LEGACY_EVIDENCE","LEGACY_MODEL_FORECAST_RANKING","Legacy modeling, forecasting, or ranking evidence must remain preserved but cannot become V1 authority without the governed tournament and certification sequence.","False","False","False","False","False","213edb6775a987f290d06a26dc7900d34173dd9301802ae140fc40c83a0d19f3"
"scripts/apply_secret_lair_identity_collision_hardening.py","IDENTITY_REGISTRY","True","False","True","HIGH_PRIORITY_IDENTITY_AUDIT","HIGH_PRIORITY_REVIEW","ADAPT","TRACKED_LEGACY_INFRASTRUCTURE_REQUIRES_V1_RECONCILIATION","Tracked infrastructure may supply reusable mechanics, but its identity, source, evidence, validation, or integration semantics must be reconciled to V1 before use.","False","False","False","False","False","af81efdf4e5e964d7d09679a3236de8380061cab4fc752e1227a71a53bed9467"
"scripts/apply_secret_lair_market_observation_aggregation.py","OTHER_SECRET_LAIR_COMPONENT","True","False","True","REVIEW_FOR_ADAPTATION","HIGH_PRIORITY_REVIEW","ADAPT","TRACKED_LEGACY_INFRASTRUCTURE_REQUIRES_V1_RECONCILIATION","Tracked infrastructure may supply reusable mechanics, but its identity, source, evidence, validation, or integration semantics must be reconciled to V1 before use.","False","False","False","False","False","74243a5b06f5f0553f6e11cde2f031db4d5aa3079adb73753584c6eb3e650115"
"scripts/apply_secret_lair_market_observation_quality_audit.py","OTHER_SECRET_LAIR_COMPONENT","True","False","True","REVIEW_FOR_ADAPTATION","REUSE_OR_ADAPT_CANDIDATE","ADAPT","TRACKED_LEGACY_INFRASTRUCTURE_REQUIRES_V1_RECONCILIATION","Tracked infrastructure may supply reusable mechanics, but its identity, source, evidence, validation, or integration semantics must be reconciled to V1 before use.","False","False","False","False","False","8c6a93c2a897f78906148678247bcf6c247b21fece0f7320d1e0e9d57dc3dcdd"
"scripts/apply_secret_lair_market_value_admission_bundle.py","OTHER_SECRET_LAIR_COMPONENT","True","False","True","REVIEW_FOR_ADAPTATION","REUSE_OR_ADAPT_CANDIDATE","ADAPT","TRACKED_LEGACY_INFRASTRUCTURE_REQUIRES_V1_RECONCILIATION","Tracked infrastructure may supply reusable mechanics, but its identity, source, evidence, validation, or integration semantics must be reconciled to V1 before use.","False","False","False","False","False","0c1ff98629c6b0518e005a8d8386ab2271c7577b4f35b0252699370554a223f6"
"scripts/apply_secret_lair_mixed_finish_hardening.py","OTHER_SECRET_LAIR_COMPONENT","True","False","True","REVIEW_FOR_ADAPTATION","HIGH_PRIORITY_REVIEW","ADAPT","TRACKED_LEGACY_INFRASTRUCTURE_REQUIRES_V1_RECONCILIATION","Tracked infrastructure may supply reusable mechanics, but its identity, source, evidence, validation, or integration semantics must be reconciled to V1 before use.","False","False","False","False","False","ae6546105471be49cb12f9d9a7625fa4c8d72742559e200b73e485cd56faf97f"
"scripts/apply_secret_lair_terminal_integration_bundle.py","INTEGRATION_EXPORT","True","False","True","REVIEW_FOR_ADAPTATION","PRESERVE_LEGACY_EVIDENCE","PRESERVE_LEGACY_EVIDENCE","LEGACY_MODEL_FORECAST_RANKING","Legacy modeling, forecasting, or ranking evidence must remain preserved but cannot become V1 authority without the governed tournament and certification sequence.","False","False","False","False","False","3a9021e36ae087da3edae5859c9f5a9ceab9eee14cd9603160300dcdc194dd99"
"scripts/audit_phase_8_2_1c_secret_lair_intelligence.py","LEGACY_MODEL_INTELLIGENCE","True","False","True","REVIEW_FOR_ADAPTATION","PRESERVE_LEGACY_EVIDENCE","PRESERVE_LEGACY_EVIDENCE","LEGACY_MODEL_FORECAST_RANKING","Legacy modeling, forecasting, or ranking evidence must remain preserved but cannot become V1 authority without the governed tournament and certification sequence.","False","False","False","False","False","f76d82af26d6d590f0b86e5a00bf6becf6bda5fe605db0672c917a9f902fdcbc"
"scripts/audit_secret_lair_export_recovery.py","INTEGRATION_EXPORT","True","False","True","PRESERVE_LEGACY_EVIDENCE","PRESERVE_LEGACY_EVIDENCE","PRESERVE_LEGACY_EVIDENCE","LEGACY_MODEL_FORECAST_RANKING","Legacy modeling, forecasting, or ranking evidence must remain preserved but cannot become V1 authority without the governed tournament and certification sequence.","False","False","False","False","False","346394ec947c5609cdafddb54efce0661dba0d667421c952214e70cbcaf58d7d"
"scripts/audit_secret_lair_market_observations.py","OTHER_SECRET_LAIR_COMPONENT","True","False","True","REVIEW_FOR_ADAPTATION","REUSE_OR_ADAPT_CANDIDATE","ADAPT","TRACKED_LEGACY_INFRASTRUCTURE_REQUIRES_V1_RECONCILIATION","Tracked infrastructure may supply reusable mechanics, but its identity, source, evidence, validation, or integration semantics must be reconciled to V1 before use.","False","False","False","False","False","6bcfa2ce82102f22332acea2612ecc2e3caa16c6a2352f3491ee7d2d942682ea"
"scripts/build_full_registry_secret_lair_portfolio.py","IDENTITY_REGISTRY","True","False","True","HIGH_PRIORITY_IDENTITY_AUDIT","HIGH_PRIORITY_REVIEW","ADAPT","TRACKED_LEGACY_INFRASTRUCTURE_REQUIRES_V1_RECONCILIATION","Tracked infrastructure may supply reusable mechanics, but its identity, source, evidence, validation, or integration semantics must be reconciled to V1 before use.","False","False","False","False","False","9a6e286f7f9d95c0feca2a19c34d14b0dac054aa14c92dcdf3a20447e8294f47"
"scripts/build_full_secret_lair_model_evaluation.py","LEGACY_MODEL_INTELLIGENCE","True","False","True","REVIEW_FOR_ADAPTATION","PRESERVE_LEGACY_EVIDENCE","PRESERVE_LEGACY_EVIDENCE","LEGACY_MODEL_FORECAST_RANKING","Legacy modeling, forecasting, or ranking evidence must remain preserved but cannot become V1 authority without the governed tournament and certification sequence.","False","False","False","False","False","732fa9bf2615a013033649919e70012a0bdfa8916a35ca32ec4e8d8f13514c73"
"scripts/build_phase_8_2_1d_2_secret_lair_historical_performance.py","HISTORICAL_EVIDENCE","True","False","True","REVIEW_FOR_ADAPTATION","PRESERVE_LEGACY_EVIDENCE","PRESERVE_LEGACY_EVIDENCE","LEGACY_MODEL_FORECAST_RANKING","Legacy modeling, forecasting, or ranking evidence must remain preserved but cannot become V1 authority without the governed tournament and certification sequence.","False","False","False","False","False","8e6873a2dfd90c5c156ff14fab1a72071d0e89dd44e353785c9a6a926a970324"
"scripts/build_secret_lair_market_value_admission.py","OTHER_SECRET_LAIR_COMPONENT","True","False","True","REVIEW_FOR_ADAPTATION","REUSE_OR_ADAPT_CANDIDATE","ADAPT","TRACKED_LEGACY_INFRASTRUCTURE_REQUIRES_V1_RECONCILIATION","Tracked infrastructure may supply reusable mechanics, but its identity, source, evidence, validation, or integration semantics must be reconciled to V1 before use.","False","False","False","False","False","9a5d1dbca8fcda30d93a1212cd30e30447ff1589a9f72f4defe7ef2c7defaa6b"
"scripts/build_secret_lair_master_governed_expansion.py","STRUCTURAL_FEATURES","True","False","True","REVIEW_FOR_ADAPTATION","REUSE_OR_ADAPT_CANDIDATE","ADAPT","TRACKED_LEGACY_INFRASTRUCTURE_REQUIRES_V1_RECONCILIATION","Tracked infrastructure may supply reusable mechanics, but its identity, source, evidence, validation, or integration semantics must be reconciled to V1 before use.","False","False","False","False","False","59109a94a1893f4aa0a7c24ea06ea9ea6ac258ba8caf06547fbae26ab762b37c"
"scripts/build_secret_lair_terminal_integration.py","INTEGRATION_EXPORT","True","False","True","REVIEW_FOR_ADAPTATION","PRESERVE_LEGACY_EVIDENCE","PRESERVE_LEGACY_EVIDENCE","LEGACY_MODEL_FORECAST_RANKING","Legacy modeling, forecasting, or ranking evidence must remain preserved but cannot become V1 authority without the governed tournament and certification sequence.","False","False","False","False","False","d33683b596795afd781d89c2d0f3137914862ddc3c58e927d5443aaa0af426b7"
"scripts/build_secret_lair_universe_cleanup_workspace.py","OTHER_SECRET_LAIR_COMPONENT","True","False","True","REVIEW_FOR_ADAPTATION","REUSE_OR_ADAPT_CANDIDATE","ADAPT","TRACKED_LEGACY_INFRASTRUCTURE_REQUIRES_V1_RECONCILIATION","Tracked infrastructure may supply reusable mechanics, but its identity, source, evidence, validation, or integration semantics must be reconciled to V1 before use.","False","False","False","False","False","814870825a6cf7fc616ab01266d7c6f212b5e5a9a3563882d8f781372c076c53"
"scripts/certify_phase_10_secret_lair_closeout.py","INTEGRATION_EXPORT","True","False","True","REVIEW_FOR_ADAPTATION","PRESERVE_LEGACY_EVIDENCE","PRESERVE_LEGACY_EVIDENCE","LEGACY_MODEL_FORECAST_RANKING","Legacy modeling, forecasting, or ranking evidence must remain preserved but cannot become V1 authority without the governed tournament and certification sequence.","False","False","False","False","False","6decbc714a090b334757c76bb52ffefce724f5af296aa9454f62aa8825027fd2"
"scripts/certify_phase_8_2_1c_2_secret_lair_semantics.py","VALIDATION_CERTIFICATION","True","False","True","REVIEW_FOR_ADAPTATION","PRESERVE_LEGACY_EVIDENCE","PRESERVE_LEGACY_EVIDENCE","LEGACY_MODEL_FORECAST_RANKING","Legacy modeling, forecasting, or ranking evidence must remain preserved but cannot become V1 authority without the governed tournament and certification sequence.","False","False","False","False","False","bf5a6698833ebec906255cbfcb6586e0879220618d58a3bc7ddd7f8eaf12f39d"
"scripts/certify_secret_lair_ebay_lane.py","VALIDATION_CERTIFICATION","True","False","True","REVIEW_FOR_ADAPTATION","HIGH_PRIORITY_REVIEW","ADAPT","TRACKED_LEGACY_INFRASTRUCTURE_REQUIRES_V1_RECONCILIATION","Tracked infrastructure may supply reusable mechanics, but its identity, source, evidence, validation, or integration semantics must be reconciled to V1 before use.","False","False","False","False","False","ae288d9b9ca6e914d3a859979a90a52a84bccf7420d981ce1e7f04a5ca73ca08"
"scripts/certify_secret_lair_master_governed_expansion.py","STRUCTURAL_FEATURES","True","False","True","REVIEW_FOR_ADAPTATION","REUSE_OR_ADAPT_CANDIDATE","ADAPT","TRACKED_LEGACY_INFRASTRUCTURE_REQUIRES_V1_RECONCILIATION","Tracked infrastructure may supply reusable mechanics, but its identity, source, evidence, validation, or integration semantics must be reconciled to V1 before use.","False","False","False","False","False","55212891db668562375a3a48f6e0d3c9af56cc6f3577e45ceb026af5e69a81ad"
"scripts/crawl_official_secret_lair_archive.py","HISTORICAL_EVIDENCE","True","False","True","HIGH_PRIORITY_IDENTITY_AUDIT","HIGH_PRIORITY_REVIEW","ADAPT","TRACKED_LEGACY_INFRASTRUCTURE_REQUIRES_V1_RECONCILIATION","Tracked infrastructure may supply reusable mechanics, but its identity, source, evidence, validation, or integration semantics must be reconciled to V1 before use.","False","False","False","False","False","0458b5321bc24cffa9dfbd3abd685644d0fb69d3215eadf54219bdc2dd8a2243"
"scripts/discover_full_secret_lair_catalog.py","SOURCE_ACQUISITION","True","False","True","REVIEW_FOR_ADAPTATION","HIGH_PRIORITY_REVIEW","ADAPT","TRACKED_LEGACY_INFRASTRUCTURE_REQUIRES_V1_RECONCILIATION","Tracked infrastructure may supply reusable mechanics, but its identity, source, evidence, validation, or integration semantics must be reconciled to V1 before use.","False","False","False","False","False","99c0d38c5ef43e111a821e79ac00ef99fbacd28a0b107d6f7653d6e8c520d18e"
"scripts/expand_official_secret_lair_archive_discovery.py","HISTORICAL_EVIDENCE","True","False","True","HIGH_PRIORITY_IDENTITY_AUDIT","ADAPT_CANDIDATE","ADAPT","TRACKED_LEGACY_INFRASTRUCTURE_REQUIRES_V1_RECONCILIATION","Tracked infrastructure may supply reusable mechanics, but its identity, source, evidence, validation, or integration semantics must be reconciled to V1 before use.","False","False","False","False","False","285dd706115edc7a9dfc2a436f39b317358957d33b690a366e15277042a860e5"
"scripts/fix_secret_lair_discovery_import_path.py","SOURCE_ACQUISITION","True","False","True","HIGH_PRIORITY_EVIDENCE_AUDIT","HIGH_PRIORITY_REVIEW","ADAPT","TRACKED_LEGACY_INFRASTRUCTURE_REQUIRES_V1_RECONCILIATION","Tracked infrastructure may supply reusable mechanics, but its identity, source, evidence, validation, or integration semantics must be reconciled to V1 before use.","False","False","False","False","False","9950f2d818358c077392abbc54ccb33d9b580ec0a3a95c9e7d31267fb1fd9ea0"
"scripts/install_phase_8_2_1c_2_secret_lair_repair.py","OTHER_SECRET_LAIR_COMPONENT","True","False","True","REVIEW_FOR_ADAPTATION","PRESERVE_LEGACY_EVIDENCE","PRESERVE_LEGACY_EVIDENCE","LEGACY_MODEL_FORECAST_RANKING","Legacy modeling, forecasting, or ranking evidence must remain preserved but cannot become V1 authority without the governed tournament and certification sequence.","False","False","False","False","False","4a4bb62e5c096dfede4b4896f8d0a0a5398d07a3a504227cba224ed06ca51817"
"scripts/manage_secret_lair_holdings.py","OTHER_SECRET_LAIR_COMPONENT","True","False","True","REVIEW_FOR_ADAPTATION","PRESERVE_LEGACY_EVIDENCE","PRESERVE_LEGACY_EVIDENCE","LEGACY_MODEL_FORECAST_RANKING","Legacy modeling, forecasting, or ranking evidence must remain preserved but cannot become V1 authority without the governed tournament and certification sequence.","False","False","False","False","False","2ae582b8aa75b78c82bec8fb1806b9abf1e09460df5b37c63e903dad3a06986b"
"scripts/phase_8_2_1c_2_payload/__pycache__/build_full_secret_lair_model_evaluation.cpython-314.pyc","LEGACY_MODEL_INTELLIGENCE","False","True","False","NOT_IN_OPENING_INVENTORY","HIGH_PRIORITY_REVIEW","PRESERVE_LEGACY_EVIDENCE","IGNORED_RUNTIME_OR_GENERATED_EVIDENCE","Local ignored/runtime evidence is preserved for lineage and empirical review but is not promoted to production authority.","False","False","False","False","False","e638edcf6ba7ab9b7042cfc463f11782493a5ed63f44c9e677dd2e7fbf742a37"
"scripts/phase_8_2_1c_2_payload/build_full_secret_lair_model_evaluation.py","LEGACY_MODEL_INTELLIGENCE","True","False","True","REVIEW_FOR_ADAPTATION","PRESERVE_LEGACY_EVIDENCE","PRESERVE_LEGACY_EVIDENCE","LEGACY_MODEL_FORECAST_RANKING","Legacy modeling, forecasting, or ranking evidence must remain preserved but cannot become V1 authority without the governed tournament and certification sequence.","False","False","False","False","False","732fa9bf2615a013033649919e70012a0bdfa8916a35ca32ec4e8d8f13514c73"
"scripts/promote_phase_8_2_1d_3_secret_lair_history.py","HISTORICAL_EVIDENCE","True","False","True","REVIEW_FOR_ADAPTATION","HIGH_PRIORITY_REVIEW","ADAPT","TRACKED_LEGACY_INFRASTRUCTURE_REQUIRES_V1_RECONCILIATION","Tracked infrastructure may supply reusable mechanics, but its identity, source, evidence, validation, or integration semantics must be reconciled to V1 before use.","False","False","False","False","False","118d86a8e3a013d164e35a35011b156cce7bedb3ee8a01fe04089a38c5a2e45a"
"scripts/rebuild_phase_8_2_1c_2_secret_lair_chain.py","OTHER_SECRET_LAIR_COMPONENT","True","False","True","REVIEW_FOR_ADAPTATION","HIGH_PRIORITY_REVIEW","ADAPT","TRACKED_LEGACY_INFRASTRUCTURE_REQUIRES_V1_RECONCILIATION","Tracked infrastructure may supply reusable mechanics, but its identity, source, evidence, validation, or integration semantics must be reconciled to V1 before use.","False","False","False","False","False","88f5711f65e512a1ba17eae9e400f0d87f4447705e4063197354678aba6fa597"
"scripts/recover_phase_8_2_1d_3_secret_lair_history.py","HISTORICAL_EVIDENCE","True","False","True","REVIEW_FOR_ADAPTATION","ADAPT_CANDIDATE","ADAPT","TRACKED_LEGACY_INFRASTRUCTURE_REQUIRES_V1_RECONCILIATION","Tracked infrastructure may supply reusable mechanics, but its identity, source, evidence, validation, or integration semantics must be reconciled to V1 before use.","False","False","False","False","False","0928d7c6b9a9acd5a9042a0773d13040417881ca29039faba65d997d1feda9a8"
"scripts/refresh_secret_lair_portfolio.py","OTHER_SECRET_LAIR_COMPONENT","True","False","True","REVIEW_FOR_ADAPTATION","HIGH_PRIORITY_REVIEW","ADAPT","TRACKED_LEGACY_INFRASTRUCTURE_REQUIRES_V1_RECONCILIATION","Tracked infrastructure may supply reusable mechanics, but its identity, source, evidence, validation, or integration semantics must be reconciled to V1 before use.","False","False","False","False","False","91d20bae927ff97716eb8e04436e8eb5e37af79ad2ec2e72b32f9afd477db745"
"scripts/repair_secret_lair_ebay_lane_certification.py","VALIDATION_CERTIFICATION","True","False","True","REVIEW_FOR_ADAPTATION","HIGH_PRIORITY_REVIEW","ADAPT","TRACKED_LEGACY_INFRASTRUCTURE_REQUIRES_V1_RECONCILIATION","Tracked infrastructure may supply reusable mechanics, but its identity, source, evidence, validation, or integration semantics must be reconciled to V1 before use.","False","False","False","False","False","b13b0683298443128ee90b468b14785954e5ce3d2f94a08bf35cf199b3cab8a3"
"scripts/run_secret_lair_production_refresh.py","OTHER_SECRET_LAIR_COMPONENT","True","False","True","REVIEW_FOR_ADAPTATION","HIGH_PRIORITY_REVIEW","ADAPT","TRACKED_LEGACY_INFRASTRUCTURE_REQUIRES_V1_RECONCILIATION","Tracked infrastructure may supply reusable mechanics, but its identity, source, evidence, validation, or integration semantics must be reconciled to V1 before use.","False","False","False","False","False","78f5a7792d809896b936d70cb99aeff4ba29c0fbdd19e53dc9c07fb62f69e35f"
"scripts/secret_lair_reconstruction/__pycache__/build_secret_lair_bundle_component_candidates.cpython-314.pyc","OTHER_SECRET_LAIR_COMPONENT","False","True","False","NOT_IN_OPENING_INVENTORY","HIGH_PRIORITY_REVIEW","PRESERVE_LEGACY_EVIDENCE","IGNORED_RUNTIME_OR_GENERATED_EVIDENCE","Local ignored/runtime evidence is preserved for lineage and empirical review but is not promoted to production authority.","False","False","False","False","False","2a789daf2a13e5edc9392a82f29f86ecf6dbcd280fcc471ab7b33432b9ee72e3"
"scripts/secret_lair_reconstruction/__pycache__/build_secret_lair_component_universe.cpython-314.pyc","OTHER_SECRET_LAIR_COMPONENT","False","True","False","NOT_IN_OPENING_INVENTORY","HIGH_PRIORITY_REVIEW","PRESERVE_LEGACY_EVIDENCE","IGNORED_RUNTIME_OR_GENERATED_EVIDENCE","Local ignored/runtime evidence is preserved for lineage and empirical review but is not promoted to production authority.","False","False","False","False","False","3f4f15535ab3eb2306ebfb0c2b09e9b299f46877a5e8ecb8480135096eca28fd"
"scripts/secret_lair_reconstruction/__pycache__/build_secret_lair_official_evidence_seed_01.cpython-314.pyc","OTHER_SECRET_LAIR_COMPONENT","False","True","False","NOT_IN_OPENING_INVENTORY","HIGH_PRIORITY_REVIEW","PRESERVE_LEGACY_EVIDENCE","IGNORED_RUNTIME_OR_GENERATED_EVIDENCE","Local ignored/runtime evidence is preserved for lineage and empirical review but is not promoted to production authority.","False","False","False","False","False","abd5aeec1628a21d8249a78dd08221f719a250a47adf549cad147f1f86e30fac"
"scripts/secret_lair_reconstruction/__pycache__/build_secret_lair_official_evidence_seed_02a.cpython-314.pyc","OTHER_SECRET_LAIR_COMPONENT","False","True","False","NOT_IN_OPENING_INVENTORY","HIGH_PRIORITY_REVIEW","PRESERVE_LEGACY_EVIDENCE","IGNORED_RUNTIME_OR_GENERATED_EVIDENCE","Local ignored/runtime evidence is preserved for lineage and empirical review but is not promoted to production authority.","False","False","False","False","False","60b002d22729adf8100858757823b465db114a49f9bf041905a3402ba985fa98"
"scripts/secret_lair_reconstruction/__pycache__/build_secret_lair_official_research_batch.cpython-314.pyc","OTHER_SECRET_LAIR_COMPONENT","False","True","False","NOT_IN_OPENING_INVENTORY","HIGH_PRIORITY_REVIEW","PRESERVE_LEGACY_EVIDENCE","IGNORED_RUNTIME_OR_GENERATED_EVIDENCE","Local ignored/runtime evidence is preserved for lineage and empirical review but is not promoted to production authority.","False","False","False","False","False","2327cda61b1d6a83711b011e48be4b0bf0ee676c46f6867ff54427e4af08f37f"
"scripts/secret_lair_reconstruction/__pycache__/build_secret_lair_official_research_batch_02.cpython-314.pyc","OTHER_SECRET_LAIR_COMPONENT","False","True","False","NOT_IN_OPENING_INVENTORY","HIGH_PRIORITY_REVIEW","PRESERVE_LEGACY_EVIDENCE","IGNORED_RUNTIME_OR_GENERATED_EVIDENCE","Local ignored/runtime evidence is preserved for lineage and empirical review but is not promoted to production authority.","False","False","False","False","False","556ef648421081b28556cfdf3c3f9831968733f170914097dba0d9f672612771"
"scripts/secret_lair_reconstruction/__pycache__/certify_secret_lair_parent_maps_and_component_floors_01.cpython-314.pyc","VALIDATION_CERTIFICATION","False","True","False","NOT_IN_OPENING_INVENTORY","HIGH_PRIORITY_REVIEW","PRESERVE_LEGACY_EVIDENCE","IGNORED_RUNTIME_OR_GENERATED_EVIDENCE","Local ignored/runtime evidence is preserved for lineage and empirical review but is not promoted to production authority.","False","False","False","False","False","fe9fb806532bce5c86cdfbfb858e5395cf74d380deb24f75e34404cc6509fc7c"
"scripts/secret_lair_reconstruction/__pycache__/certify_secret_lair_parent_maps_and_component_floors_02a.cpython-314.pyc","VALIDATION_CERTIFICATION","False","True","False","NOT_IN_OPENING_INVENTORY","HIGH_PRIORITY_REVIEW","PRESERVE_LEGACY_EVIDENCE","IGNORED_RUNTIME_OR_GENERATED_EVIDENCE","Local ignored/runtime evidence is preserved for lineage and empirical review but is not promoted to production authority.","False","False","False","False","False","4c358cdd24b5f09499871a8f6e3407cc46c1b9746257a96538ebdc6895cc11d5"
"scripts/secret_lair_reconstruction/__pycache__/classify_secret_lair_price_recovery.cpython-314.pyc","OTHER_SECRET_LAIR_COMPONENT","False","True","False","NOT_IN_OPENING_INVENTORY","HIGH_PRIORITY_REVIEW","PRESERVE_LEGACY_EVIDENCE","IGNORED_RUNTIME_OR_GENERATED_EVIDENCE","Local ignored/runtime evidence is preserved for lineage and empirical review but is not promoted to production authority.","False","False","False","False","False","8f02b5e94b06290c14785a59c4e5dae5028a126d7f3d7461c2d713eac7b90042"
"scripts/secret_lair_reconstruction/__pycache__/reconstruct_secret_lair_catalog.cpython-314.pyc","OTHER_SECRET_LAIR_COMPONENT","False","True","False","NOT_IN_OPENING_INVENTORY","HIGH_PRIORITY_REVIEW","PRESERVE_LEGACY_EVIDENCE","IGNORED_RUNTIME_OR_GENERATED_EVIDENCE","Local ignored/runtime evidence is preserved for lineage and empirical review but is not promoted to production authority.","False","False","False","False","False","e0ff12c18875839916c7a2d1be962b8eb51349b8708b8d1fbcac9615d5dfbc60"
"scripts/secret_lair_reconstruction/__pycache__/reconstruct_secret_lair_component_prices.cpython-314.pyc","OTHER_SECRET_LAIR_COMPONENT","False","True","False","NOT_IN_OPENING_INVENTORY","HIGH_PRIORITY_REVIEW","PRESERVE_LEGACY_EVIDENCE","IGNORED_RUNTIME_OR_GENERATED_EVIDENCE","Local ignored/runtime evidence is preserved for lineage and empirical review but is not promoted to production authority.","False","False","False","False","False","0e9a14272d2ec71abf1ad53b9048c390603d4ee828722314ea37a1402083a5ff"
"scripts/secret_lair_reconstruction/__pycache__/reconstruct_secret_lair_current_prices.cpython-314.pyc","CURRENT_PRICE_EVIDENCE","False","True","False","NOT_IN_OPENING_INVENTORY","HIGH_PRIORITY_REVIEW","PRESERVE_LEGACY_EVIDENCE","IGNORED_RUNTIME_OR_GENERATED_EVIDENCE","Local ignored/runtime evidence is preserved for lineage and empirical review but is not promoted to production authority.","False","False","False","False","False","8755c0f1c3e4169125b282ce9c1db35d9841f89e4e5b00019710275c49b02dcc"
"scripts/secret_lair_reconstruction/__pycache__/resolve_secret_lair_official_components_01.cpython-314.pyc","OTHER_SECRET_LAIR_COMPONENT","False","True","False","NOT_IN_OPENING_INVENTORY","HIGH_PRIORITY_REVIEW","PRESERVE_LEGACY_EVIDENCE","IGNORED_RUNTIME_OR_GENERATED_EVIDENCE","Local ignored/runtime evidence is preserved for lineage and empirical review but is not promoted to production authority.","False","False","False","False","False","fa7ebbe047675b60dd6cb37921e8737639b6f402a3b4f39662fad9a591af6991"
"scripts/secret_lair_reconstruction/__pycache__/resolve_secret_lair_official_components_02a.cpython-314.pyc","OTHER_SECRET_LAIR_COMPONENT","False","True","False","NOT_IN_OPENING_INVENTORY","HIGH_PRIORITY_REVIEW","PRESERVE_LEGACY_EVIDENCE","IGNORED_RUNTIME_OR_GENERATED_EVIDENCE","Local ignored/runtime evidence is preserved for lineage and empirical review but is not promoted to production authority.","False","False","False","False","False","6c133d13550f1694bab93c9ce4e407eca40870d0dc9319e6dd96e3205029af9b"
"scripts/secret_lair_reconstruction/build_secret_lair_bundle_component_candidates.py","OTHER_SECRET_LAIR_COMPONENT","True","False","True","REVIEW_FOR_ADAPTATION","HIGH_PRIORITY_GOVERNANCE_REVIEW","RETIRE_FROM_PRODUCTION_AUTHORITY","V1_ASSET_OR_LANE_GOVERNANCE_CONFLICT","Tracked legacy component contains semantics potentially inconsistent with the V1 Secret Lair asset boundary or lane-specific assumptions and may not be promoted.","False","False","False","False","False","62720866d12db0870b20d486d30a3445a5e8810932e4e4e671a22627287b7462"
"scripts/secret_lair_reconstruction/build_secret_lair_component_universe.py","OTHER_SECRET_LAIR_COMPONENT","True","False","True","REVIEW_FOR_ADAPTATION","HIGH_PRIORITY_GOVERNANCE_REVIEW","RETIRE_FROM_PRODUCTION_AUTHORITY","V1_ASSET_OR_LANE_GOVERNANCE_CONFLICT","Tracked legacy component contains semantics potentially inconsistent with the V1 Secret Lair asset boundary or lane-specific assumptions and may not be promoted.","False","False","False","False","False","d1071b38453e17cce10ff5b63368c7c4376ae6e8850165c3137c3c0c1236ac19"
"scripts/secret_lair_reconstruction/build_secret_lair_official_evidence_seed_01.py","OTHER_SECRET_LAIR_COMPONENT","True","False","True","REVIEW_FOR_ADAPTATION","HIGH_PRIORITY_GOVERNANCE_REVIEW","RETIRE_FROM_PRODUCTION_AUTHORITY","V1_ASSET_OR_LANE_GOVERNANCE_CONFLICT","Tracked legacy component contains semantics potentially inconsistent with the V1 Secret Lair asset boundary or lane-specific assumptions and may not be promoted.","False","False","False","False","False","72883a55f2528fdd2c0609a5b2e89b45978bee590257d2af72b90039f181b223"
"scripts/secret_lair_reconstruction/build_secret_lair_official_evidence_seed_02a.py","OTHER_SECRET_LAIR_COMPONENT","True","False","True","REVIEW_FOR_ADAPTATION","HIGH_PRIORITY_GOVERNANCE_REVIEW","RETIRE_FROM_PRODUCTION_AUTHORITY","V1_ASSET_OR_LANE_GOVERNANCE_CONFLICT","Tracked legacy component contains semantics potentially inconsistent with the V1 Secret Lair asset boundary or lane-specific assumptions and may not be promoted.","False","False","False","False","False","d388f9fa59cb2641bcf9deea0fdc6dcc1337ae33eb8b624c14dfb5ca8dd4cc96"
"scripts/secret_lair_reconstruction/build_secret_lair_official_research_batch.py","OTHER_SECRET_LAIR_COMPONENT","True","False","True","REVIEW_FOR_ADAPTATION","ADAPT_CANDIDATE","ADAPT","TRACKED_LEGACY_INFRASTRUCTURE_REQUIRES_V1_RECONCILIATION","Tracked infrastructure may supply reusable mechanics, but its identity, source, evidence, validation, or integration semantics must be reconciled to V1 before use.","False","False","False","False","False","5ab72c297a02eb2a6f0e3179526be3879624b49c07d4344c0c40d9f2d5b17304"
"scripts/secret_lair_reconstruction/build_secret_lair_official_research_batch_02.py","OTHER_SECRET_LAIR_COMPONENT","True","False","True","REVIEW_FOR_ADAPTATION","HIGH_PRIORITY_REVIEW","ADAPT","TRACKED_LEGACY_INFRASTRUCTURE_REQUIRES_V1_RECONCILIATION","Tracked infrastructure may supply reusable mechanics, but its identity, source, evidence, validation, or integration semantics must be reconciled to V1 before use.","False","False","False","False","False","60730cfef6399d336e6c8baf80d3cc676da186233217495b40ea2763572f389e"
"scripts/secret_lair_reconstruction/certify_secret_lair_parent_maps_and_component_floors_01.py","VALIDATION_CERTIFICATION","True","False","True","REVIEW_FOR_ADAPTATION","HIGH_PRIORITY_GOVERNANCE_REVIEW","RETIRE_FROM_PRODUCTION_AUTHORITY","V1_ASSET_OR_LANE_GOVERNANCE_CONFLICT","Tracked legacy component contains semantics potentially inconsistent with the V1 Secret Lair asset boundary or lane-specific assumptions and may not be promoted.","False","False","False","False","False","61251cc50f433fa5ee97bace141e34c878c1c9e008c9a60342998978120da998"
"scripts/secret_lair_reconstruction/certify_secret_lair_parent_maps_and_component_floors_02a.py","VALIDATION_CERTIFICATION","True","False","True","REVIEW_FOR_ADAPTATION","HIGH_PRIORITY_GOVERNANCE_REVIEW","RETIRE_FROM_PRODUCTION_AUTHORITY","V1_ASSET_OR_LANE_GOVERNANCE_CONFLICT","Tracked legacy component contains semantics potentially inconsistent with the V1 Secret Lair asset boundary or lane-specific assumptions and may not be promoted.","False","False","False","False","False","ab81ff4fd6314e837708643e158c29074ad7e23becec8cf2de42ab034543beb2"
"scripts/secret_lair_reconstruction/classify_secret_lair_price_recovery.py","OTHER_SECRET_LAIR_COMPONENT","True","False","True","HIGH_PRIORITY_EVIDENCE_AUDIT","REUSE_OR_ADAPT_CANDIDATE","ADAPT","TRACKED_LEGACY_INFRASTRUCTURE_REQUIRES_V1_RECONCILIATION","Tracked infrastructure may supply reusable mechanics, but its identity, source, evidence, validation, or integration semantics must be reconciled to V1 before use.","False","False","False","False","False","b037334f89c8aa680c58cb0d8382a33468c2717e4fe6dc4ef2847a915d1d0d6a"
"scripts/secret_lair_reconstruction/reconstruct_secret_lair_catalog.py","OTHER_SECRET_LAIR_COMPONENT","True","False","True","REVIEW_FOR_ADAPTATION","REUSE_OR_ADAPT_CANDIDATE","ADAPT","TRACKED_LEGACY_INFRASTRUCTURE_REQUIRES_V1_RECONCILIATION","Tracked infrastructure may supply reusable mechanics, but its identity, source, evidence, validation, or integration semantics must be reconciled to V1 before use.","False","False","False","False","False","9acfdd4a51b23f87f9633034f181abc9423a79dce73f0f7475e1c7ff89873687"
"scripts/secret_lair_reconstruction/reconstruct_secret_lair_component_prices.py","OTHER_SECRET_LAIR_COMPONENT","True","False","True","HIGH_PRIORITY_EVIDENCE_AUDIT","PRESERVE_LEGACY_EVIDENCE","PRESERVE_LEGACY_EVIDENCE","LEGACY_MODEL_FORECAST_RANKING","Legacy modeling, forecasting, or ranking evidence must remain preserved but cannot become V1 authority without the governed tournament and certification sequence.","False","False","False","False","False","510db204dd98d764729d7139030b73f7908d6490555230a955fb80b670c950f8"
"scripts/secret_lair_reconstruction/reconstruct_secret_lair_current_prices.py","CURRENT_PRICE_EVIDENCE","True","False","True","HIGH_PRIORITY_EVIDENCE_AUDIT","PRESERVE_LEGACY_EVIDENCE","PRESERVE_LEGACY_EVIDENCE","LEGACY_MODEL_FORECAST_RANKING","Legacy modeling, forecasting, or ranking evidence must remain preserved but cannot become V1 authority without the governed tournament and certification sequence.","False","False","False","False","False","1a6a77af5e9f046207f3038dc7cc0cf66e22e6d6dc76c9fb93f18f289a392f2d"
"scripts/secret_lair_reconstruction/resolve_secret_lair_official_components_01.py","OTHER_SECRET_LAIR_COMPONENT","True","False","True","REVIEW_FOR_ADAPTATION","HIGH_PRIORITY_GOVERNANCE_REVIEW","RETIRE_FROM_PRODUCTION_AUTHORITY","V1_ASSET_OR_LANE_GOVERNANCE_CONFLICT","Tracked legacy component contains semantics potentially inconsistent with the V1 Secret Lair asset boundary or lane-specific assumptions and may not be promoted.","False","False","False","False","False","df285a73ebae88fe8d78fdf56326efc6facb88382fd13ad4f9a7e0b2fa3ddb90"
"scripts/secret_lair_reconstruction/resolve_secret_lair_official_components_02a.py","OTHER_SECRET_LAIR_COMPONENT","True","False","True","REVIEW_FOR_ADAPTATION","HIGH_PRIORITY_GOVERNANCE_REVIEW","RETIRE_FROM_PRODUCTION_AUTHORITY","V1_ASSET_OR_LANE_GOVERNANCE_CONFLICT","Tracked legacy component contains semantics potentially inconsistent with the V1 Secret Lair asset boundary or lane-specific assumptions and may not be promoted.","False","False","False","False","False","b977a727eb7e2bd3734a5bf4836cea88a0f0d5341061176acf4385263c3d460d"
"terminal2/market_sources/__pycache__/full_secret_lair_evaluation.cpython-314.pyc","OTHER_SECRET_LAIR_COMPONENT","False","True","False","NOT_IN_OPENING_INVENTORY","HIGH_PRIORITY_REVIEW","PRESERVE_LEGACY_EVIDENCE","IGNORED_RUNTIME_OR_GENERATED_EVIDENCE","Local ignored/runtime evidence is preserved for lineage and empirical review but is not promoted to production authority.","False","False","False","False","False","bca82c8de0d3b13d69a7d5099237844d840a59298c4b5ac979a5f34b23f8a399"
"terminal2/market_sources/__pycache__/secret_lair_market_values.cpython-314.pyc","OTHER_SECRET_LAIR_COMPONENT","False","True","False","NOT_IN_OPENING_INVENTORY","HIGH_PRIORITY_REVIEW","PRESERVE_LEGACY_EVIDENCE","IGNORED_RUNTIME_OR_GENERATED_EVIDENCE","Local ignored/runtime evidence is preserved for lineage and empirical review but is not promoted to production authority.","False","False","False","False","False","b26ca789f19be07dde7d2fc199600952d8346bd84499b3e9356ecb6ca65ec188"
"terminal2/market_sources/__pycache__/secret_lair_terminal.cpython-314.pyc","OTHER_SECRET_LAIR_COMPONENT","False","True","False","NOT_IN_OPENING_INVENTORY","HIGH_PRIORITY_REVIEW","PRESERVE_LEGACY_EVIDENCE","IGNORED_RUNTIME_OR_GENERATED_EVIDENCE","Local ignored/runtime evidence is preserved for lineage and empirical review but is not promoted to production authority.","False","False","False","False","False","9686b24ff3d872a7b2ff95a12ffd1870fb8d5b72495f45e149d060aaf8e9783d"
"terminal2/market_sources/full_secret_lair_evaluation.py","OTHER_SECRET_LAIR_COMPONENT","True","False","True","HIGH_PRIORITY_EVIDENCE_AUDIT","PRESERVE_LEGACY_EVIDENCE","PRESERVE_LEGACY_EVIDENCE","LEGACY_MODEL_FORECAST_RANKING","Legacy modeling, forecasting, or ranking evidence must remain preserved but cannot become V1 authority without the governed tournament and certification sequence.","False","False","False","False","False","e96fa2631750fe64f638ef5b30af2bb0ef678d16b48be7170bfed5f24c6f1fe2"
"terminal2/market_sources/secret_lair_market_values.py","OTHER_SECRET_LAIR_COMPONENT","True","False","True","HIGH_PRIORITY_EVIDENCE_AUDIT","HIGH_PRIORITY_REVIEW","ADAPT","TRACKED_LEGACY_INFRASTRUCTURE_REQUIRES_V1_RECONCILIATION","Tracked infrastructure may supply reusable mechanics, but its identity, source, evidence, validation, or integration semantics must be reconciled to V1 before use.","False","False","False","False","False","c72e20e6d563162b4ed53c06937c68b4de25faafe6b0426bdb707d3e375f97fa"
"terminal2/market_sources/secret_lair_terminal.py","OTHER_SECRET_LAIR_COMPONENT","True","False","True","HIGH_PRIORITY_EVIDENCE_AUDIT","PRESERVE_LEGACY_EVIDENCE","PRESERVE_LEGACY_EVIDENCE","LEGACY_MODEL_FORECAST_RANKING","Legacy modeling, forecasting, or ranking evidence must remain preserved but cannot become V1 authority without the governed tournament and certification sequence.","False","False","False","False","False","7e0fcf7aebf82577369229feb3531d850774c2de6f0a5e7137d5ad3a829ce5a9"
"terminal2/portfolio/__pycache__/secret_lair_full_registry.cpython-314.pyc","IDENTITY_REGISTRY","False","True","False","NOT_IN_OPENING_INVENTORY","HIGH_PRIORITY_REVIEW","PRESERVE_LEGACY_EVIDENCE","IGNORED_RUNTIME_OR_GENERATED_EVIDENCE","Local ignored/runtime evidence is preserved for lineage and empirical review but is not promoted to production authority.","False","False","False","False","False","df36d40da3635a35dce7a5126e7a3131d3c3300743aa994c04e3b7c39d62cd91"
"terminal2/portfolio/secret_lair_full_registry.py","IDENTITY_REGISTRY","True","False","True","HIGH_PRIORITY_IDENTITY_AUDIT","PRESERVE_LEGACY_EVIDENCE","PRESERVE_LEGACY_EVIDENCE","LEGACY_MODEL_FORECAST_RANKING","Legacy modeling, forecasting, or ranking evidence must remain preserved but cannot become V1 authority without the governed tournament and certification sequence.","False","False","False","False","False","cda8ae19610673dc142beab238bca685a158060638b0f8f027641452d02a25e4"
"terminal2/secret_lair/__init__.py","OTHER_SECRET_LAIR_COMPONENT","True","False","True","REVIEW_FOR_ADAPTATION","ADAPT_CANDIDATE","ADAPT","TRACKED_LEGACY_INFRASTRUCTURE_REQUIRES_V1_RECONCILIATION","Tracked infrastructure may supply reusable mechanics, but its identity, source, evidence, validation, or integration semantics must be reconciled to V1 before use.","False","False","False","False","False","4e554b5d43b4010218274a6131c02ada2579e710eeb143b125ba6cf602406c6c"
"terminal2/secret_lair/__pycache__/__init__.cpython-314.pyc","OTHER_SECRET_LAIR_COMPONENT","False","True","False","NOT_IN_OPENING_INVENTORY","HIGH_PRIORITY_REVIEW","PRESERVE_LEGACY_EVIDENCE","IGNORED_RUNTIME_OR_GENERATED_EVIDENCE","Local ignored/runtime evidence is preserved for lineage and empirical review but is not promoted to production authority.","False","False","False","False","False","86a57dcd13c6fe4f95df4f1c7de0f7bd6a4b5ce7b2b97b198601db8899769e70"
"terminal2/secret_lair/__pycache__/contracts.cpython-314.pyc","OTHER_SECRET_LAIR_COMPONENT","False","True","False","NOT_IN_OPENING_INVENTORY","HIGH_PRIORITY_REVIEW","PRESERVE_LEGACY_EVIDENCE","IGNORED_RUNTIME_OR_GENERATED_EVIDENCE","Local ignored/runtime evidence is preserved for lineage and empirical review but is not promoted to production authority.","False","False","False","False","False","b6ac018f4843092c6b2b2d7ddcb71997807e5c68697f426205649763d2965119"
"terminal2/secret_lair/__pycache__/datetime_utils.cpython-314.pyc","OTHER_SECRET_LAIR_COMPONENT","False","True","False","NOT_IN_OPENING_INVENTORY","HIGH_PRIORITY_REVIEW","PRESERVE_LEGACY_EVIDENCE","IGNORED_RUNTIME_OR_GENERATED_EVIDENCE","Local ignored/runtime evidence is preserved for lineage and empirical review but is not promoted to production authority.","False","False","False","False","False","b848fffae705a4847821208e01719bab215e19d13164eba8c6abce5da19efbc8"
"terminal2/secret_lair/__pycache__/exports.cpython-314.pyc","INTEGRATION_EXPORT","False","True","False","NOT_IN_OPENING_INVENTORY","HIGH_PRIORITY_REVIEW","PRESERVE_LEGACY_EVIDENCE","IGNORED_RUNTIME_OR_GENERATED_EVIDENCE","Local ignored/runtime evidence is preserved for lineage and empirical review but is not promoted to production authority.","False","False","False","False","False","7af60384ff720f8bc3e885c0b856715ae28062bb32a6b3330f60ccc0319124bd"
"terminal2/secret_lair/__pycache__/identifiers.cpython-314.pyc","OTHER_SECRET_LAIR_COMPONENT","False","True","False","NOT_IN_OPENING_INVENTORY","HIGH_PRIORITY_REVIEW","PRESERVE_LEGACY_EVIDENCE","IGNORED_RUNTIME_OR_GENERATED_EVIDENCE","Local ignored/runtime evidence is preserved for lineage and empirical review but is not promoted to production authority.","False","False","False","False","False","c0f63a4f9aac9c1563024de19e6a49304f4c1164365fffdf89e6a736b61f2ddd"
"terminal2/secret_lair/__pycache__/imports.cpython-314.pyc","OTHER_SECRET_LAIR_COMPONENT","False","True","False","NOT_IN_OPENING_INVENTORY","HIGH_PRIORITY_REVIEW","PRESERVE_LEGACY_EVIDENCE","IGNORED_RUNTIME_OR_GENERATED_EVIDENCE","Local ignored/runtime evidence is preserved for lineage and empirical review but is not promoted to production authority.","False","False","False","False","False","e06701befc74397b4e71b7719d6bf0cd73fad7d0c461af217d3fdf85f9ffed6b"
"terminal2/secret_lair/__pycache__/metadata.cpython-314.pyc","OTHER_SECRET_LAIR_COMPONENT","False","True","False","NOT_IN_OPENING_INVENTORY","HIGH_PRIORITY_REVIEW","PRESERVE_LEGACY_EVIDENCE","IGNORED_RUNTIME_OR_GENERATED_EVIDENCE","Local ignored/runtime evidence is preserved for lineage and empirical review but is not promoted to production authority.","False","False","False","False","False","830abdda4f6e552be5a5e0b2156c60c8e38adb8800c260f6fb5887a734fa04f5"
"terminal2/secret_lair/__pycache__/price_imports.cpython-314.pyc","OTHER_SECRET_LAIR_COMPONENT","False","True","False","NOT_IN_OPENING_INVENTORY","HIGH_PRIORITY_REVIEW","PRESERVE_LEGACY_EVIDENCE","IGNORED_RUNTIME_OR_GENERATED_EVIDENCE","Local ignored/runtime evidence is preserved for lineage and empirical review but is not promoted to production authority.","False","False","False","False","False","95009d52c93c08209f321fca8ee2e7f10a1ea1477b758c4e3f5c67fab22da6c2"
"terminal2/secret_lair/__pycache__/pricing.cpython-314.pyc","CURRENT_PRICE_EVIDENCE","False","True","False","NOT_IN_OPENING_INVENTORY","HIGH_PRIORITY_REVIEW","PRESERVE_LEGACY_EVIDENCE","IGNORED_RUNTIME_OR_GENERATED_EVIDENCE","Local ignored/runtime evidence is preserved for lineage and empirical review but is not promoted to production authority.","False","False","False","False","False","92085794533c8de835ec9d03cbf3520650c51f451036b006aeb522e60c0438a3"
"terminal2/secret_lair/__pycache__/pricing_contracts.cpython-314.pyc","CURRENT_PRICE_EVIDENCE","False","True","False","NOT_IN_OPENING_INVENTORY","HIGH_PRIORITY_REVIEW","PRESERVE_LEGACY_EVIDENCE","IGNORED_RUNTIME_OR_GENERATED_EVIDENCE","Local ignored/runtime evidence is preserved for lineage and empirical review but is not promoted to production authority.","False","False","False","False","False","3621826812850e3f42174044b541d2466a9bc9d20b013e81e4e4a07759e5a884"
"terminal2/secret_lair/__pycache__/pricing_exports.cpython-314.pyc","CURRENT_PRICE_EVIDENCE","False","True","False","NOT_IN_OPENING_INVENTORY","HIGH_PRIORITY_REVIEW","PRESERVE_LEGACY_EVIDENCE","IGNORED_RUNTIME_OR_GENERATED_EVIDENCE","Local ignored/runtime evidence is preserved for lineage and empirical review but is not promoted to production authority.","False","False","False","False","False","107de86d24d0a6dff64efcdba2587874923deaa97d80e7a63eb1dc541b739039"
"terminal2/secret_lair/__pycache__/pricing_validation.cpython-314.pyc","CURRENT_PRICE_EVIDENCE","False","True","False","NOT_IN_OPENING_INVENTORY","HIGH_PRIORITY_REVIEW","PRESERVE_LEGACY_EVIDENCE","IGNORED_RUNTIME_OR_GENERATED_EVIDENCE","Local ignored/runtime evidence is preserved for lineage and empirical review but is not promoted to production authority.","False","False","False","False","False","84ebcf741abad3f883af3c5f9c109c08336f9a3ad044e9191ee40a8c4c93f4ce"
"terminal2/secret_lair/__pycache__/registry.cpython-314.pyc","IDENTITY_REGISTRY","False","True","False","NOT_IN_OPENING_INVENTORY","HIGH_PRIORITY_REVIEW","PRESERVE_LEGACY_EVIDENCE","IGNORED_RUNTIME_OR_GENERATED_EVIDENCE","Local ignored/runtime evidence is preserved for lineage and empirical review but is not promoted to production authority.","False","False","False","False","False","593106aafebe67cdf214e7795e9d2eaf240f3560ec7632fe8ab56b1578dc08b7"
"terminal2/secret_lair/__pycache__/validation.cpython-314.pyc","VALIDATION_CERTIFICATION","False","True","False","NOT_IN_OPENING_INVENTORY","HIGH_PRIORITY_REVIEW","PRESERVE_LEGACY_EVIDENCE","IGNORED_RUNTIME_OR_GENERATED_EVIDENCE","Local ignored/runtime evidence is preserved for lineage and empirical review but is not promoted to production authority.","False","False","False","False","False","75c2e6d39b99027cf8172041f1a075e320b27235b63526b2bea8c929403da975"
"terminal2/secret_lair/acquisition/__init__.py","SOURCE_ACQUISITION","True","False","True","REVIEW_FOR_ADAPTATION","HIGH_PRIORITY_REVIEW","ADAPT","TRACKED_LEGACY_INFRASTRUCTURE_REQUIRES_V1_RECONCILIATION","Tracked infrastructure may supply reusable mechanics, but its identity, source, evidence, validation, or integration semantics must be reconciled to V1 before use.","False","False","False","False","False","2ceed607214644c8c8fcf4d8d9a8d46965db3089e86cab10eec83e49667f7154"
"terminal2/secret_lair/acquisition/__pycache__/__init__.cpython-314.pyc","SOURCE_ACQUISITION","False","True","False","NOT_IN_OPENING_INVENTORY","HIGH_PRIORITY_REVIEW","PRESERVE_LEGACY_EVIDENCE","IGNORED_RUNTIME_OR_GENERATED_EVIDENCE","Local ignored/runtime evidence is preserved for lineage and empirical review but is not promoted to production authority.","False","False","False","False","False","5e2b4e82a99b2381cd1266178ec625332ce81bc733ef89eb0c62bc2bc1e0eafa"
"terminal2/secret_lair/acquisition/__pycache__/config.cpython-314.pyc","SOURCE_ACQUISITION","False","True","False","NOT_IN_OPENING_INVENTORY","HIGH_PRIORITY_REVIEW","PRESERVE_LEGACY_EVIDENCE","IGNORED_RUNTIME_OR_GENERATED_EVIDENCE","Local ignored/runtime evidence is preserved for lineage and empirical review but is not promoted to production authority.","False","False","False","False","False","62d8d4695b97b6700e1c30b31e438dbd50a1b617597c9bbe08acecd8ba3dd6fd"
"terminal2/secret_lair/acquisition/__pycache__/connectors.cpython-314.pyc","SOURCE_ACQUISITION","False","True","False","NOT_IN_OPENING_INVENTORY","HIGH_PRIORITY_REVIEW","PRESERVE_LEGACY_EVIDENCE","IGNORED_RUNTIME_OR_GENERATED_EVIDENCE","Local ignored/runtime evidence is preserved for lineage and empirical review but is not promoted to production authority.","False","False","False","False","False","911576961844b8a09d2e3f3ebd94bd44cf4f9e1ec9f869d3489effd6a1a26411"
"terminal2/secret_lair/acquisition/__pycache__/contracts.cpython-314.pyc","SOURCE_ACQUISITION","False","True","False","NOT_IN_OPENING_INVENTORY","HIGH_PRIORITY_REVIEW","PRESERVE_LEGACY_EVIDENCE","IGNORED_RUNTIME_OR_GENERATED_EVIDENCE","Local ignored/runtime evidence is preserved for lineage and empirical review but is not promoted to production authority.","False","False","False","False","False","63d42c7ee9e7c02ab3da1caa64f7e2b661f6dd1cb70811112296014802f7ae44"
"terminal2/secret_lair/acquisition/__pycache__/engine.cpython-314.pyc","SOURCE_ACQUISITION","False","True","False","NOT_IN_OPENING_INVENTORY","HIGH_PRIORITY_REVIEW","PRESERVE_LEGACY_EVIDENCE","IGNORED_RUNTIME_OR_GENERATED_EVIDENCE","Local ignored/runtime evidence is preserved for lineage and empirical review but is not promoted to production authority.","False","False","False","False","False","a383db57e49c50d5b1c0f96ec74e86e33680640567d0959a67b7e6f531040d94"
"terminal2/secret_lair/acquisition/__pycache__/exports.cpython-314.pyc","SOURCE_ACQUISITION","False","True","False","NOT_IN_OPENING_INVENTORY","HIGH_PRIORITY_REVIEW","PRESERVE_LEGACY_EVIDENCE","IGNORED_RUNTIME_OR_GENERATED_EVIDENCE","Local ignored/runtime evidence is preserved for lineage and empirical review but is not promoted to production authority.","False","False","False","False","False","bd8a48c103bafa542d0e31836d79c2b7800fde212cb5424bcf17ccd5b679d74d"
"terminal2/secret_lair/acquisition/__pycache__/normalize.cpython-314.pyc","SOURCE_ACQUISITION","False","True","False","NOT_IN_OPENING_INVENTORY","HIGH_PRIORITY_REVIEW","PRESERVE_LEGACY_EVIDENCE","IGNORED_RUNTIME_OR_GENERATED_EVIDENCE","Local ignored/runtime evidence is preserved for lineage and empirical review but is not promoted to production authority.","False","False","False","False","False","486c461a94e49aa0c398df40ef1d018b4cdcd033969c86c659974a9763e3b203"
"terminal2/secret_lair/acquisition/__pycache__/validation.cpython-314.pyc","SOURCE_ACQUISITION","False","True","False","NOT_IN_OPENING_INVENTORY","HIGH_PRIORITY_REVIEW","PRESERVE_LEGACY_EVIDENCE","IGNORED_RUNTIME_OR_GENERATED_EVIDENCE","Local ignored/runtime evidence is preserved for lineage and empirical review but is not promoted to production authority.","False","False","False","False","False","9944ba633a335ae810f947835d49e6e9b126e70e39d4307ec92225935075faab"
"terminal2/secret_lair/acquisition/config.py","SOURCE_ACQUISITION","True","False","True","REVIEW_FOR_ADAPTATION","HIGH_PRIORITY_REVIEW","ADAPT","TRACKED_LEGACY_INFRASTRUCTURE_REQUIRES_V1_RECONCILIATION","Tracked infrastructure may supply reusable mechanics, but its identity, source, evidence, validation, or integration semantics must be reconciled to V1 before use.","False","False","False","False","False","49cf19e3eaa9d18475bea73a1a0841778a71109382387a3fffc6776f1d78c890"
"terminal2/secret_lair/acquisition/connectors.py","SOURCE_ACQUISITION","True","False","True","REVIEW_FOR_ADAPTATION","HIGH_PRIORITY_REVIEW","ADAPT","TRACKED_LEGACY_INFRASTRUCTURE_REQUIRES_V1_RECONCILIATION","Tracked infrastructure may supply reusable mechanics, but its identity, source, evidence, validation, or integration semantics must be reconciled to V1 before use.","False","False","False","False","False","0c37d3d1dc0383f7b79167ac9e32bf5bc6eb3a91e59cf1c1c68a20478197f998"
"terminal2/secret_lair/acquisition/contracts.py","SOURCE_ACQUISITION","True","False","True","REVIEW_FOR_ADAPTATION","ADAPT_CANDIDATE","ADAPT","TRACKED_LEGACY_INFRASTRUCTURE_REQUIRES_V1_RECONCILIATION","Tracked infrastructure may supply reusable mechanics, but its identity, source, evidence, validation, or integration semantics must be reconciled to V1 before use.","False","False","False","False","False","b0bacf2714d5d3797f5331f6f9bdebc272aef78571093b99f8d12526be1478de"
"terminal2/secret_lair/acquisition/engine.py","SOURCE_ACQUISITION","True","False","True","REVIEW_FOR_ADAPTATION","ADAPT_CANDIDATE","ADAPT","TRACKED_LEGACY_INFRASTRUCTURE_REQUIRES_V1_RECONCILIATION","Tracked infrastructure may supply reusable mechanics, but its identity, source, evidence, validation, or integration semantics must be reconciled to V1 before use.","False","False","False","False","False","2ccd17f7d38adbc043077f0d1d98f18c95b9190e68fc8197d7f3e9c3a490e9e8"
"terminal2/secret_lair/acquisition/exports.py","SOURCE_ACQUISITION","True","False","True","REVIEW_FOR_ADAPTATION","HIGH_PRIORITY_REVIEW","ADAPT","TRACKED_LEGACY_INFRASTRUCTURE_REQUIRES_V1_RECONCILIATION","Tracked infrastructure may supply reusable mechanics, but its identity, source, evidence, validation, or integration semantics must be reconciled to V1 before use.","False","False","False","False","False","0c117d8a0a36132513bd9598f2cb1baab215e85c1d1cc68b4d74237f35eee2c6"
"terminal2/secret_lair/acquisition/normalize.py","SOURCE_ACQUISITION","True","False","True","REVIEW_FOR_ADAPTATION","HIGH_PRIORITY_REVIEW","ADAPT","TRACKED_LEGACY_INFRASTRUCTURE_REQUIRES_V1_RECONCILIATION","Tracked infrastructure may supply reusable mechanics, but its identity, source, evidence, validation, or integration semantics must be reconciled to V1 before use.","False","False","False","False","False","c5b551ff62d33a0b249d405190b1c37d0c1818daed1213834a7bd2b0fcd91042"
"terminal2/secret_lair/acquisition/validation.py","SOURCE_ACQUISITION","True","False","True","REVIEW_FOR_REUSE","HIGH_PRIORITY_REVIEW","ADAPT","TRACKED_LEGACY_INFRASTRUCTURE_REQUIRES_V1_RECONCILIATION","Tracked infrastructure may supply reusable mechanics, but its identity, source, evidence, validation, or integration semantics must be reconciled to V1 before use.","False","False","False","False","False","cc02d667a96dbb383523ecd427fded410da9db5bf6ff979facd803fdbfe559cd"
"terminal2/secret_lair/archive/__init__.py","HISTORICAL_EVIDENCE","True","False","True","HIGH_PRIORITY_IDENTITY_AUDIT","HIGH_PRIORITY_REVIEW","PRESERVE_LEGACY_EVIDENCE","LEGACY_ARCHIVE_OR_DATA_EVIDENCE","Historical, staging, reference, validation, archive, or prior runtime evidence remains available for audit but is not current V1 authority.","False","False","False","False","False","4b64c1c12db237c17dd798b26b9ea51c64066527505ccbbcb3037ad258e6a274"
"terminal2/secret_lair/archive/__pycache__/__init__.cpython-314.pyc","HISTORICAL_EVIDENCE","False","True","False","NOT_IN_OPENING_INVENTORY","HIGH_PRIORITY_REVIEW","PRESERVE_LEGACY_EVIDENCE","IGNORED_RUNTIME_OR_GENERATED_EVIDENCE","Local ignored/runtime evidence is preserved for lineage and empirical review but is not promoted to production authority.","False","False","False","False","False","8ea63f0557f059b288e5768ac3ba81e6cbc3361b5521447f9049cdfa714c19e5"
"terminal2/secret_lair/archive/__pycache__/contracts.cpython-314.pyc","HISTORICAL_EVIDENCE","False","True","False","NOT_IN_OPENING_INVENTORY","HIGH_PRIORITY_REVIEW","PRESERVE_LEGACY_EVIDENCE","IGNORED_RUNTIME_OR_GENERATED_EVIDENCE","Local ignored/runtime evidence is preserved for lineage and empirical review but is not promoted to production authority.","False","False","False","False","False","3d4c6323f5a685a9d04ab6fd37a95ea0d7faea50f1803be6c95eaeaf56a0a179"
"terminal2/secret_lair/archive/__pycache__/engine.cpython-314.pyc","HISTORICAL_EVIDENCE","False","True","False","NOT_IN_OPENING_INVENTORY","HIGH_PRIORITY_REVIEW","PRESERVE_LEGACY_EVIDENCE","IGNORED_RUNTIME_OR_GENERATED_EVIDENCE","Local ignored/runtime evidence is preserved for lineage and empirical review but is not promoted to production authority.","False","False","False","False","False","2ada0b6c021c01922bf04a88c2149b7fae118d6c9a178bdf5e52e50d44012968"
"terminal2/secret_lair/archive/__pycache__/exports.cpython-314.pyc","HISTORICAL_EVIDENCE","False","True","False","NOT_IN_OPENING_INVENTORY","HIGH_PRIORITY_REVIEW","PRESERVE_LEGACY_EVIDENCE","IGNORED_RUNTIME_OR_GENERATED_EVIDENCE","Local ignored/runtime evidence is preserved for lineage and empirical review but is not promoted to production authority.","False","False","False","False","False","634a3fed390a65481cc08ab476809a550369ba9dfd7b6b4928db6df3687909a8"
"terminal2/secret_lair/archive/__pycache__/validation.cpython-314.pyc","HISTORICAL_EVIDENCE","False","True","False","NOT_IN_OPENING_INVENTORY","HIGH_PRIORITY_REVIEW","PRESERVE_LEGACY_EVIDENCE","IGNORED_RUNTIME_OR_GENERATED_EVIDENCE","Local ignored/runtime evidence is preserved for lineage and empirical review but is not promoted to production authority.","False","False","False","False","False","76a21786d7e038bc7bf0008c5e9cb8eab8e56b366d2e2d59e0be92a5bb739eec"
"terminal2/secret_lair/archive/contracts.py","HISTORICAL_EVIDENCE","True","False","True","HIGH_PRIORITY_IDENTITY_AUDIT","ADAPT_CANDIDATE","PRESERVE_LEGACY_EVIDENCE","LEGACY_ARCHIVE_OR_DATA_EVIDENCE","Historical, staging, reference, validation, archive, or prior runtime evidence remains available for audit but is not current V1 authority.","False","False","False","False","False","df35c05c83afd43f7abac0c101e8ccd6784c1e0e94ce87204138477f07172aca"
"terminal2/secret_lair/archive/engine.py","HISTORICAL_EVIDENCE","True","False","True","HIGH_PRIORITY_IDENTITY_AUDIT","ADAPT_CANDIDATE","PRESERVE_LEGACY_EVIDENCE","LEGACY_ARCHIVE_OR_DATA_EVIDENCE","Historical, staging, reference, validation, archive, or prior runtime evidence remains available for audit but is not current V1 authority.","False","False","False","False","False","b221aa1607a046648a3997be1ed6652edaa5887cac8c6b800ab45ff04e2aa6ff"
"terminal2/secret_lair/archive/exports.py","HISTORICAL_EVIDENCE","True","False","True","HIGH_PRIORITY_IDENTITY_AUDIT","HIGH_PRIORITY_REVIEW","PRESERVE_LEGACY_EVIDENCE","LEGACY_ARCHIVE_OR_DATA_EVIDENCE","Historical, staging, reference, validation, archive, or prior runtime evidence remains available for audit but is not current V1 authority.","False","False","False","False","False","b7d04536235de8966dd0bb14b446653a319b403982e4e1d9bc8667d376dd5218"
"terminal2/secret_lair/archive/validation.py","HISTORICAL_EVIDENCE","True","False","True","REVIEW_FOR_REUSE","HIGH_PRIORITY_REVIEW","PRESERVE_LEGACY_EVIDENCE","LEGACY_ARCHIVE_OR_DATA_EVIDENCE","Historical, staging, reference, validation, archive, or prior runtime evidence remains available for audit but is not current V1 authority.","False","False","False","False","False","217e27f57d683dc01119152ef3ae850a34a1b85f26c34f37843723e6a4750b59"
"terminal2/secret_lair/backfill/__init__.py","HISTORICAL_EVIDENCE","True","False","True","HIGH_PRIORITY_EVIDENCE_AUDIT","HIGH_PRIORITY_REVIEW","ADAPT","TRACKED_LEGACY_INFRASTRUCTURE_REQUIRES_V1_RECONCILIATION","Tracked infrastructure may supply reusable mechanics, but its identity, source, evidence, validation, or integration semantics must be reconciled to V1 before use.","False","False","False","False","False","a76ca1d58b06d2139f15de7c51cf1214305ff7305564a5ab8ab749e7370da79b"
"terminal2/secret_lair/backfill/__pycache__/__init__.cpython-314.pyc","HISTORICAL_EVIDENCE","False","True","False","NOT_IN_OPENING_INVENTORY","HIGH_PRIORITY_REVIEW","PRESERVE_LEGACY_EVIDENCE","IGNORED_RUNTIME_OR_GENERATED_EVIDENCE","Local ignored/runtime evidence is preserved for lineage and empirical review but is not promoted to production authority.","False","False","False","False","False","433f1b6a11c3fd745770ebca06f885fca3028ac956e239560648c23bed929811"
"terminal2/secret_lair/backfill/__pycache__/contracts.cpython-314.pyc","HISTORICAL_EVIDENCE","False","True","False","NOT_IN_OPENING_INVENTORY","HIGH_PRIORITY_REVIEW","PRESERVE_LEGACY_EVIDENCE","IGNORED_RUNTIME_OR_GENERATED_EVIDENCE","Local ignored/runtime evidence is preserved for lineage and empirical review but is not promoted to production authority.","False","False","False","False","False","bbcd63faa73803bf4c6dec5f0a5a2ccd6a592e70e23a8a13631783baecfc61d6"
"terminal2/secret_lair/backfill/__pycache__/engine.cpython-314.pyc","HISTORICAL_EVIDENCE","False","True","False","NOT_IN_OPENING_INVENTORY","HIGH_PRIORITY_REVIEW","PRESERVE_LEGACY_EVIDENCE","IGNORED_RUNTIME_OR_GENERATED_EVIDENCE","Local ignored/runtime evidence is preserved for lineage and empirical review but is not promoted to production authority.","False","False","False","False","False","6f29b1a1ec180868a44fed539b9caabaa57846c76f1717d22357e230ae54b6eb"
"terminal2/secret_lair/backfill/__pycache__/exports.cpython-314.pyc","HISTORICAL_EVIDENCE","False","True","False","NOT_IN_OPENING_INVENTORY","HIGH_PRIORITY_REVIEW","PRESERVE_LEGACY_EVIDENCE","IGNORED_RUNTIME_OR_GENERATED_EVIDENCE","Local ignored/runtime evidence is preserved for lineage and empirical review but is not promoted to production authority.","False","False","False","False","False","cd5ae6d860bf0c5aab6a2638a7e5a9b7a3f04bc9e4688fc44591709e60425f8c"
"terminal2/secret_lair/backfill/__pycache__/matching.cpython-314.pyc","HISTORICAL_EVIDENCE","False","True","False","NOT_IN_OPENING_INVENTORY","HIGH_PRIORITY_REVIEW","PRESERVE_LEGACY_EVIDENCE","IGNORED_RUNTIME_OR_GENERATED_EVIDENCE","Local ignored/runtime evidence is preserved for lineage and empirical review but is not promoted to production authority.","False","False","False","False","False","b679a0624520464958d6b0cce8d730813bacf6d36cab090cb9e1ee5d8fbcab6e"
"terminal2/secret_lair/backfill/__pycache__/sources.cpython-314.pyc","HISTORICAL_EVIDENCE","False","True","False","NOT_IN_OPENING_INVENTORY","HIGH_PRIORITY_REVIEW","PRESERVE_LEGACY_EVIDENCE","IGNORED_RUNTIME_OR_GENERATED_EVIDENCE","Local ignored/runtime evidence is preserved for lineage and empirical review but is not promoted to production authority.","False","False","False","False","False","7628ebb3bc078d95f01ab740d6723da5d92ed72457d45c9d1b801fe101d32b58"
"terminal2/secret_lair/backfill/__pycache__/validation.cpython-314.pyc","HISTORICAL_EVIDENCE","False","True","False","NOT_IN_OPENING_INVENTORY","HIGH_PRIORITY_REVIEW","PRESERVE_LEGACY_EVIDENCE","IGNORED_RUNTIME_OR_GENERATED_EVIDENCE","Local ignored/runtime evidence is preserved for lineage and empirical review but is not promoted to production authority.","False","False","False","False","False","abb4b31840c77de65758bf258d218b1b5d5aad698a25112aa1ea660d261a5a12"
"terminal2/secret_lair/backfill/contracts.py","HISTORICAL_EVIDENCE","True","False","True","HIGH_PRIORITY_EVIDENCE_AUDIT","REUSE_OR_ADAPT_CANDIDATE","ADAPT","TRACKED_LEGACY_INFRASTRUCTURE_REQUIRES_V1_RECONCILIATION","Tracked infrastructure may supply reusable mechanics, but its identity, source, evidence, validation, or integration semantics must be reconciled to V1 before use.","False","False","False","False","False","1768807e24171ec106206a974ecdb6b88143674b2760bfa788d327c84795cc07"
"terminal2/secret_lair/backfill/engine.py","HISTORICAL_EVIDENCE","True","False","True","HIGH_PRIORITY_EVIDENCE_AUDIT","REUSE_OR_ADAPT_CANDIDATE","ADAPT","TRACKED_LEGACY_INFRASTRUCTURE_REQUIRES_V1_RECONCILIATION","Tracked infrastructure may supply reusable mechanics, but its identity, source, evidence, validation, or integration semantics must be reconciled to V1 before use.","False","False","False","False","False","832dca0397fab51d27d7f6b9bad55b02c3cdbd3689c720965517172e9d48d0e4"
"terminal2/secret_lair/backfill/exports.py","HISTORICAL_EVIDENCE","True","False","True","HIGH_PRIORITY_EVIDENCE_AUDIT","HIGH_PRIORITY_REVIEW","ADAPT","TRACKED_LEGACY_INFRASTRUCTURE_REQUIRES_V1_RECONCILIATION","Tracked infrastructure may supply reusable mechanics, but its identity, source, evidence, validation, or integration semantics must be reconciled to V1 before use.","False","False","False","False","False","ffa8b27cec4ab1843f61f4d60f93b7f5bca080aac8d68bb24582416237d3e865"
"terminal2/secret_lair/backfill/matching.py","HISTORICAL_EVIDENCE","True","False","True","HIGH_PRIORITY_EVIDENCE_AUDIT","REUSE_OR_ADAPT_CANDIDATE","ADAPT","TRACKED_LEGACY_INFRASTRUCTURE_REQUIRES_V1_RECONCILIATION","Tracked infrastructure may supply reusable mechanics, but its identity, source, evidence, validation, or integration semantics must be reconciled to V1 before use.","False","False","False","False","False","71923dbe450de30a0e0ea4e66513ac5d36b5da6e9f73e70f4ff432ce10e0857e"
"terminal2/secret_lair/backfill/sources.py","HISTORICAL_EVIDENCE","True","False","True","HIGH_PRIORITY_EVIDENCE_AUDIT","REUSE_OR_ADAPT_CANDIDATE","ADAPT","TRACKED_LEGACY_INFRASTRUCTURE_REQUIRES_V1_RECONCILIATION","Tracked infrastructure may supply reusable mechanics, but its identity, source, evidence, validation, or integration semantics must be reconciled to V1 before use.","False","False","False","False","False","df07e68724f980bd1f7e16389fd5e70c097bc4bb8c0d86f500be6f6b6651d7a6"
"terminal2/secret_lair/backfill/validation.py","HISTORICAL_EVIDENCE","True","False","True","REVIEW_FOR_REUSE","REUSE_OR_ADAPT_CANDIDATE","ADAPT","TRACKED_LEGACY_INFRASTRUCTURE_REQUIRES_V1_RECONCILIATION","Tracked infrastructure may supply reusable mechanics, but its identity, source, evidence, validation, or integration semantics must be reconciled to V1 before use.","False","False","False","False","False","635366f603d37880afbf4c1857aac9142ea66111b8fb999c2949861795bfe725"
"terminal2/secret_lair/calibration/__init__.py","LEGACY_MODEL_INTELLIGENCE","True","False","True","REVIEW_FOR_ADAPTATION","HIGH_PRIORITY_REVIEW","ADAPT","TRACKED_LEGACY_INFRASTRUCTURE_REQUIRES_V1_RECONCILIATION","Tracked infrastructure may supply reusable mechanics, but its identity, source, evidence, validation, or integration semantics must be reconciled to V1 before use.","False","False","False","False","False","632c4ab6ac2340e89dd98d249888e1b25e4876eeaf897078e5ff93a13150d84d"
"terminal2/secret_lair/calibration/__pycache__/__init__.cpython-314.pyc","LEGACY_MODEL_INTELLIGENCE","False","True","False","NOT_IN_OPENING_INVENTORY","HIGH_PRIORITY_REVIEW","PRESERVE_LEGACY_EVIDENCE","IGNORED_RUNTIME_OR_GENERATED_EVIDENCE","Local ignored/runtime evidence is preserved for lineage and empirical review but is not promoted to production authority.","False","False","False","False","False","6e1d5100937c0640a56225c2495e557ae16431ace9b1cc7748e233cc9a86d60b"
"terminal2/secret_lair/calibration/__pycache__/contracts.cpython-314.pyc","LEGACY_MODEL_INTELLIGENCE","False","True","False","NOT_IN_OPENING_INVENTORY","HIGH_PRIORITY_REVIEW","PRESERVE_LEGACY_EVIDENCE","IGNORED_RUNTIME_OR_GENERATED_EVIDENCE","Local ignored/runtime evidence is preserved for lineage and empirical review but is not promoted to production authority.","False","False","False","False","False","5696b9d8b7c62192fe061fd91d936ac0e0465615d35e2008d5c37427bf527243"
"terminal2/secret_lair/calibration/__pycache__/engine.cpython-314.pyc","LEGACY_MODEL_INTELLIGENCE","False","True","False","NOT_IN_OPENING_INVENTORY","HIGH_PRIORITY_REVIEW","PRESERVE_LEGACY_EVIDENCE","IGNORED_RUNTIME_OR_GENERATED_EVIDENCE","Local ignored/runtime evidence is preserved for lineage and empirical review but is not promoted to production authority.","False","False","False","False","False","1362f83c24e8de9626422099ccc41e6dc1052934a7cdacbfe05f06bdb82ad3b4"
"terminal2/secret_lair/calibration/__pycache__/exports.cpython-314.pyc","LEGACY_MODEL_INTELLIGENCE","False","True","False","NOT_IN_OPENING_INVENTORY","HIGH_PRIORITY_REVIEW","PRESERVE_LEGACY_EVIDENCE","IGNORED_RUNTIME_OR_GENERATED_EVIDENCE","Local ignored/runtime evidence is preserved for lineage and empirical review but is not promoted to production authority.","False","False","False","False","False","da19e51ee9ae56eb2afc23ed21905a385ab937ddfebe5e2fbcd175a3174f3ac1"
"terminal2/secret_lair/calibration/__pycache__/validation.cpython-314.pyc","LEGACY_MODEL_INTELLIGENCE","False","True","False","NOT_IN_OPENING_INVENTORY","HIGH_PRIORITY_REVIEW","PRESERVE_LEGACY_EVIDENCE","IGNORED_RUNTIME_OR_GENERATED_EVIDENCE","Local ignored/runtime evidence is preserved for lineage and empirical review but is not promoted to production authority.","False","False","False","False","False","56f4e0e560b98c5274ae70515966b8d0e840086af45e10a5cf484b1e8ccf380e"
"terminal2/secret_lair/calibration/contracts.py","LEGACY_MODEL_INTELLIGENCE","True","False","True","REVIEW_FOR_ADAPTATION","PRESERVE_LEGACY_EVIDENCE","PRESERVE_LEGACY_EVIDENCE","LEGACY_MODEL_FORECAST_RANKING","Legacy modeling, forecasting, or ranking evidence must remain preserved but cannot become V1 authority without the governed tournament and certification sequence.","False","False","False","False","False","db4400b29b1b2be9b70f7e5c9eea5720bbf46d18f78e4592903f8938e49ad6ea"
"terminal2/secret_lair/calibration/engine.py","LEGACY_MODEL_INTELLIGENCE","True","False","True","REVIEW_FOR_ADAPTATION","PRESERVE_LEGACY_EVIDENCE","PRESERVE_LEGACY_EVIDENCE","LEGACY_MODEL_FORECAST_RANKING","Legacy modeling, forecasting, or ranking evidence must remain preserved but cannot become V1 authority without the governed tournament and certification sequence.","False","False","False","False","False","82096fc8d31b9134fcfcf3ef439399a98da3d6c65a8ca99b6623d6061b6d12f3"
"terminal2/secret_lair/calibration/exports.py","LEGACY_MODEL_INTELLIGENCE","True","False","True","REVIEW_FOR_ADAPTATION","HIGH_PRIORITY_REVIEW","ADAPT","TRACKED_LEGACY_INFRASTRUCTURE_REQUIRES_V1_RECONCILIATION","Tracked infrastructure may supply reusable mechanics, but its identity, source, evidence, validation, or integration semantics must be reconciled to V1 before use.","False","False","False","False","False","c052a37e73685cf72b2f8185c97b2a1aa4d76c64b789745d21e66fbb8fc776ca"
"terminal2/secret_lair/calibration/validation.py","LEGACY_MODEL_INTELLIGENCE","True","False","True","REVIEW_FOR_REUSE","HIGH_PRIORITY_REVIEW","ADAPT","TRACKED_LEGACY_INFRASTRUCTURE_REQUIRES_V1_RECONCILIATION","Tracked infrastructure may supply reusable mechanics, but its identity, source, evidence, validation, or integration semantics must be reconciled to V1 before use.","False","False","False","False","False","7ab5bed5c314284d929975334784e40bd1f50dae6043c5497a7c159f6a0113b8"
"terminal2/secret_lair/contracts.py","OTHER_SECRET_LAIR_COMPONENT","True","False","True","REVIEW_FOR_ADAPTATION","ADAPT_CANDIDATE","ADAPT","TRACKED_LEGACY_INFRASTRUCTURE_REQUIRES_V1_RECONCILIATION","Tracked infrastructure may supply reusable mechanics, but its identity, source, evidence, validation, or integration semantics must be reconciled to V1 before use.","False","False","False","False","False","3622f22784b2ff4f29848ea3aa061ca968de80659c853cc6f8d185e4d21c231b"
"terminal2/secret_lair/datetime_utils.py","OTHER_SECRET_LAIR_COMPONENT","True","False","True","REVIEW_FOR_ADAPTATION","HIGH_PRIORITY_REVIEW","ADAPT","TRACKED_LEGACY_INFRASTRUCTURE_REQUIRES_V1_RECONCILIATION","Tracked infrastructure may supply reusable mechanics, but its identity, source, evidence, validation, or integration semantics must be reconciled to V1 before use.","False","False","False","False","False","78468f54fdc43867c481db9e22a46cb0f0cf725cc4a778d692c1fed7c2472d3e"
"terminal2/secret_lair/discovery/__init__.py","SOURCE_ACQUISITION","True","False","True","HIGH_PRIORITY_EVIDENCE_AUDIT","HIGH_PRIORITY_REVIEW","ADAPT","TRACKED_LEGACY_INFRASTRUCTURE_REQUIRES_V1_RECONCILIATION","Tracked infrastructure may supply reusable mechanics, but its identity, source, evidence, validation, or integration semantics must be reconciled to V1 before use.","False","False","False","False","False","295b8184e03d0c47a01e44e82904a14fe7cc551317904e55bc62210fe8958e8e"
"terminal2/secret_lair/discovery/__pycache__/__init__.cpython-314.pyc","SOURCE_ACQUISITION","False","True","False","NOT_IN_OPENING_INVENTORY","HIGH_PRIORITY_REVIEW","PRESERVE_LEGACY_EVIDENCE","IGNORED_RUNTIME_OR_GENERATED_EVIDENCE","Local ignored/runtime evidence is preserved for lineage and empirical review but is not promoted to production authority.","False","False","False","False","False","e25339b5fcdb065ecbf77d85ea386dcc0761c7c62d200bb533a32baf3dc86a6c"
"terminal2/secret_lair/discovery/__pycache__/config.cpython-314.pyc","SOURCE_ACQUISITION","False","True","False","NOT_IN_OPENING_INVENTORY","HIGH_PRIORITY_REVIEW","PRESERVE_LEGACY_EVIDENCE","IGNORED_RUNTIME_OR_GENERATED_EVIDENCE","Local ignored/runtime evidence is preserved for lineage and empirical review but is not promoted to production authority.","False","False","False","False","False","60e7bdc447f8b565fcf0ef193a22fb8723249746f312e54d02cf6a272389c852"
"terminal2/secret_lair/discovery/__pycache__/connectors.cpython-314.pyc","SOURCE_ACQUISITION","False","True","False","NOT_IN_OPENING_INVENTORY","HIGH_PRIORITY_REVIEW","PRESERVE_LEGACY_EVIDENCE","IGNORED_RUNTIME_OR_GENERATED_EVIDENCE","Local ignored/runtime evidence is preserved for lineage and empirical review but is not promoted to production authority.","False","False","False","False","False","f37ba3114d346305fcc1fb824e420632f2590bf739410f93fed6eb7b1f65ec1e"
"terminal2/secret_lair/discovery/__pycache__/contracts.cpython-314.pyc","SOURCE_ACQUISITION","False","True","False","NOT_IN_OPENING_INVENTORY","HIGH_PRIORITY_REVIEW","PRESERVE_LEGACY_EVIDENCE","IGNORED_RUNTIME_OR_GENERATED_EVIDENCE","Local ignored/runtime evidence is preserved for lineage and empirical review but is not promoted to production authority.","False","False","False","False","False","356f7a9d4c11c1687727dfbe2cff146a003468710bd57339f29e184a9a72dd98"
"terminal2/secret_lair/discovery/__pycache__/engine.cpython-314.pyc","SOURCE_ACQUISITION","False","True","False","NOT_IN_OPENING_INVENTORY","HIGH_PRIORITY_REVIEW","PRESERVE_LEGACY_EVIDENCE","IGNORED_RUNTIME_OR_GENERATED_EVIDENCE","Local ignored/runtime evidence is preserved for lineage and empirical review but is not promoted to production authority.","False","False","False","False","False","eb98a7a3c14e0d3e651b319c4b99d0781b3be642d8f590aba10188880a4a3443"
"terminal2/secret_lair/discovery/__pycache__/exports.cpython-314.pyc","SOURCE_ACQUISITION","False","True","False","NOT_IN_OPENING_INVENTORY","HIGH_PRIORITY_REVIEW","PRESERVE_LEGACY_EVIDENCE","IGNORED_RUNTIME_OR_GENERATED_EVIDENCE","Local ignored/runtime evidence is preserved for lineage and empirical review but is not promoted to production authority.","False","False","False","False","False","e3e44b940f6ad831b97ddd6b3949556b39c5bc055961678c8db3ebfaafd7ffeb"
"terminal2/secret_lair/discovery/__pycache__/http_client.cpython-314.pyc","SOURCE_ACQUISITION","False","True","False","NOT_IN_OPENING_INVENTORY","HIGH_PRIORITY_REVIEW","PRESERVE_LEGACY_EVIDENCE","IGNORED_RUNTIME_OR_GENERATED_EVIDENCE","Local ignored/runtime evidence is preserved for lineage and empirical review but is not promoted to production authority.","False","False","False","False","False","66ae6d221e04b8267f765ce7b18dc31be89fab752dd9d17acfd90fdc7d976c32"
"terminal2/secret_lair/discovery/__pycache__/parsers.cpython-314.pyc","SOURCE_ACQUISITION","False","True","False","NOT_IN_OPENING_INVENTORY","HIGH_PRIORITY_REVIEW","PRESERVE_LEGACY_EVIDENCE","IGNORED_RUNTIME_OR_GENERATED_EVIDENCE","Local ignored/runtime evidence is preserved for lineage and empirical review but is not promoted to production authority.","False","False","False","False","False","790acff4dfed23bb9cfebc590663c613b076655ca32f408b87cfaee4c8340392"
"terminal2/secret_lair/discovery/__pycache__/validation.cpython-314.pyc","SOURCE_ACQUISITION","False","True","False","NOT_IN_OPENING_INVENTORY","HIGH_PRIORITY_REVIEW","PRESERVE_LEGACY_EVIDENCE","IGNORED_RUNTIME_OR_GENERATED_EVIDENCE","Local ignored/runtime evidence is preserved for lineage and empirical review but is not promoted to production authority.","False","False","False","False","False","cabdcd4e4c1f2321cc0e933fa9b4fbc658bda564a10d301f5eb4c814d4b47e72"
"terminal2/secret_lair/discovery/config.py","SOURCE_ACQUISITION","True","False","True","HIGH_PRIORITY_EVIDENCE_AUDIT","HIGH_PRIORITY_REVIEW","ADAPT","TRACKED_LEGACY_INFRASTRUCTURE_REQUIRES_V1_RECONCILIATION","Tracked infrastructure may supply reusable mechanics, but its identity, source, evidence, validation, or integration semantics must be reconciled to V1 before use.","False","False","False","False","False","423e26b3e859da9f36e468d09708eb77ee8b109b5fbfb8279f7a1ac62fcd7abc"
"terminal2/secret_lair/discovery/connectors.py","SOURCE_ACQUISITION","True","False","True","HIGH_PRIORITY_EVIDENCE_AUDIT","HIGH_PRIORITY_REVIEW","ADAPT","TRACKED_LEGACY_INFRASTRUCTURE_REQUIRES_V1_RECONCILIATION","Tracked infrastructure may supply reusable mechanics, but its identity, source, evidence, validation, or integration semantics must be reconciled to V1 before use.","False","False","False","False","False","191cd66c252dd814e038f498c705829a3a88956bf8983b90f1a4d838382b5004"
"terminal2/secret_lair/discovery/contracts.py","SOURCE_ACQUISITION","True","False","True","HIGH_PRIORITY_EVIDENCE_AUDIT","ADAPT_CANDIDATE","ADAPT","TRACKED_LEGACY_INFRASTRUCTURE_REQUIRES_V1_RECONCILIATION","Tracked infrastructure may supply reusable mechanics, but its identity, source, evidence, validation, or integration semantics must be reconciled to V1 before use.","False","False","False","False","False","2e3bb394dc4ab4b0148a8d1f342ab3f51458321a11cd184c95cfbc990f8d5d08"
"terminal2/secret_lair/discovery/engine.py","SOURCE_ACQUISITION","True","False","True","HIGH_PRIORITY_EVIDENCE_AUDIT","ADAPT_CANDIDATE","ADAPT","TRACKED_LEGACY_INFRASTRUCTURE_REQUIRES_V1_RECONCILIATION","Tracked infrastructure may supply reusable mechanics, but its identity, source, evidence, validation, or integration semantics must be reconciled to V1 before use.","False","False","False","False","False","6e7bc16bb5e1fa78070913063ee0f4070b24cf5c493ca832f864e14dda515f87"
"terminal2/secret_lair/discovery/exports.py","SOURCE_ACQUISITION","True","False","True","HIGH_PRIORITY_EVIDENCE_AUDIT","HIGH_PRIORITY_REVIEW","ADAPT","TRACKED_LEGACY_INFRASTRUCTURE_REQUIRES_V1_RECONCILIATION","Tracked infrastructure may supply reusable mechanics, but its identity, source, evidence, validation, or integration semantics must be reconciled to V1 before use.","False","False","False","False","False","058c804708bad584df0e7dd99d405944d70c8f20751f6e7d593368e3c6f9970e"
"terminal2/secret_lair/discovery/http_client.py","SOURCE_ACQUISITION","True","False","True","HIGH_PRIORITY_EVIDENCE_AUDIT","HIGH_PRIORITY_REVIEW","ADAPT","TRACKED_LEGACY_INFRASTRUCTURE_REQUIRES_V1_RECONCILIATION","Tracked infrastructure may supply reusable mechanics, but its identity, source, evidence, validation, or integration semantics must be reconciled to V1 before use.","False","False","False","False","False","52c0e24b51faa56b0936df7f32c84b634878b3789cb16cb5d8edfd3f686d5263"
"terminal2/secret_lair/discovery/parsers.py","SOURCE_ACQUISITION","True","False","True","HIGH_PRIORITY_EVIDENCE_AUDIT","ADAPT_CANDIDATE","ADAPT","TRACKED_LEGACY_INFRASTRUCTURE_REQUIRES_V1_RECONCILIATION","Tracked infrastructure may supply reusable mechanics, but its identity, source, evidence, validation, or integration semantics must be reconciled to V1 before use.","False","False","False","False","False","759dfe2142fa217ef678ffccf9ba7c258b1c8121b1f1af56cf44314ab5462300"
"terminal2/secret_lair/discovery/validation.py","SOURCE_ACQUISITION","True","False","True","REVIEW_FOR_REUSE","HIGH_PRIORITY_REVIEW","ADAPT","TRACKED_LEGACY_INFRASTRUCTURE_REQUIRES_V1_RECONCILIATION","Tracked infrastructure may supply reusable mechanics, but its identity, source, evidence, validation, or integration semantics must be reconciled to V1 before use.","False","False","False","False","False","964b1a0dad7a5f521f00f38bfb002773eda41fee2da0c1e2310974b6a047a5c3"
"terminal2/secret_lair/exports.py","INTEGRATION_EXPORT","True","False","True","REVIEW_FOR_ADAPTATION","ADAPT_CANDIDATE","ADAPT","TRACKED_LEGACY_INFRASTRUCTURE_REQUIRES_V1_RECONCILIATION","Tracked infrastructure may supply reusable mechanics, but its identity, source, evidence, validation, or integration semantics must be reconciled to V1 before use.","False","False","False","False","False","f7a812534092193d1ec8efe4ca20026458d86c71a5d03a73f49dd56491fadd34"
"terminal2/secret_lair/identifiers.py","OTHER_SECRET_LAIR_COMPONENT","True","False","True","REVIEW_FOR_ADAPTATION","ADAPT_CANDIDATE","ADAPT","TRACKED_LEGACY_INFRASTRUCTURE_REQUIRES_V1_RECONCILIATION","Tracked infrastructure may supply reusable mechanics, but its identity, source, evidence, validation, or integration semantics must be reconciled to V1 before use.","False","False","False","False","False","c62caedebc7ee3abb82832bf32f8c92b9c3d99a9898af5d85ab0c4a8e7f62f28"
"terminal2/secret_lair/imports.py","OTHER_SECRET_LAIR_COMPONENT","True","False","True","REVIEW_FOR_ADAPTATION","ADAPT_CANDIDATE","ADAPT","TRACKED_LEGACY_INFRASTRUCTURE_REQUIRES_V1_RECONCILIATION","Tracked infrastructure may supply reusable mechanics, but its identity, source, evidence, validation, or integration semantics must be reconciled to V1 before use.","False","False","False","False","False","e80beb91faa1c6dbd4e18193089f7a0b6b690ef010ce2ae9898ea9b940a543b6"
"terminal2/secret_lair/intelligence_expansion/__init__.py","LEGACY_MODEL_INTELLIGENCE","True","False","True","REVIEW_FOR_ADAPTATION","HIGH_PRIORITY_REVIEW","ADAPT","TRACKED_LEGACY_INFRASTRUCTURE_REQUIRES_V1_RECONCILIATION","Tracked infrastructure may supply reusable mechanics, but its identity, source, evidence, validation, or integration semantics must be reconciled to V1 before use.","False","False","False","False","False","5c1035cc350fb33dc1ef60ea66f5409a0e8c05a74a4c746b03e9c3a156c21f50"
"terminal2/secret_lair/intelligence_expansion/__pycache__/__init__.cpython-314.pyc","LEGACY_MODEL_INTELLIGENCE","False","True","False","NOT_IN_OPENING_INVENTORY","HIGH_PRIORITY_REVIEW","PRESERVE_LEGACY_EVIDENCE","IGNORED_RUNTIME_OR_GENERATED_EVIDENCE","Local ignored/runtime evidence is preserved for lineage and empirical review but is not promoted to production authority.","False","False","False","False","False","851303f1e407af8e228174d13fa48d181e673e60c91eab92ce7a54bbf3b8835e"
"terminal2/secret_lair/intelligence_expansion/__pycache__/contracts.cpython-314.pyc","LEGACY_MODEL_INTELLIGENCE","False","True","False","NOT_IN_OPENING_INVENTORY","HIGH_PRIORITY_REVIEW","PRESERVE_LEGACY_EVIDENCE","IGNORED_RUNTIME_OR_GENERATED_EVIDENCE","Local ignored/runtime evidence is preserved for lineage and empirical review but is not promoted to production authority.","False","False","False","False","False","9d2637d169466aba5e53802b4df4133e74037b1147e18df62e6443b401077ec4"
"terminal2/secret_lair/intelligence_expansion/__pycache__/engine.cpython-314.pyc","LEGACY_MODEL_INTELLIGENCE","False","True","False","NOT_IN_OPENING_INVENTORY","HIGH_PRIORITY_REVIEW","PRESERVE_LEGACY_EVIDENCE","IGNORED_RUNTIME_OR_GENERATED_EVIDENCE","Local ignored/runtime evidence is preserved for lineage and empirical review but is not promoted to production authority.","False","False","False","False","False","1e9723d6475e0d2881c043b96eb0fafbe5eb55b3fa7847f323d9266989af225e"
"terminal2/secret_lair/intelligence_expansion/__pycache__/exports.cpython-314.pyc","LEGACY_MODEL_INTELLIGENCE","False","True","False","NOT_IN_OPENING_INVENTORY","HIGH_PRIORITY_REVIEW","PRESERVE_LEGACY_EVIDENCE","IGNORED_RUNTIME_OR_GENERATED_EVIDENCE","Local ignored/runtime evidence is preserved for lineage and empirical review but is not promoted to production authority.","False","False","False","False","False","71700ee9d6972fe9df8216bbe4a0a542d14b63c230475d83f4cb0db7f74568bb"
"terminal2/secret_lair/intelligence_expansion/__pycache__/validation.cpython-314.pyc","LEGACY_MODEL_INTELLIGENCE","False","True","False","NOT_IN_OPENING_INVENTORY","HIGH_PRIORITY_REVIEW","PRESERVE_LEGACY_EVIDENCE","IGNORED_RUNTIME_OR_GENERATED_EVIDENCE","Local ignored/runtime evidence is preserved for lineage and empirical review but is not promoted to production authority.","False","False","False","False","False","bf2e40fd3fed6b1714df01c3a63d03e4b5de705010c56594855d72e2fa945d03"
"terminal2/secret_lair/intelligence_expansion/contracts.py","LEGACY_MODEL_INTELLIGENCE","True","False","True","REVIEW_FOR_ADAPTATION","PRESERVE_LEGACY_EVIDENCE","PRESERVE_LEGACY_EVIDENCE","LEGACY_MODEL_FORECAST_RANKING","Legacy modeling, forecasting, or ranking evidence must remain preserved but cannot become V1 authority without the governed tournament and certification sequence.","False","False","False","False","False","258a563cc2f31e89c2efe5d50560cb29b78da797e747b2fdecfae6702e8daddf"
"terminal2/secret_lair/intelligence_expansion/engine.py","LEGACY_MODEL_INTELLIGENCE","True","False","True","REVIEW_FOR_ADAPTATION","PRESERVE_LEGACY_EVIDENCE","PRESERVE_LEGACY_EVIDENCE","LEGACY_MODEL_FORECAST_RANKING","Legacy modeling, forecasting, or ranking evidence must remain preserved but cannot become V1 authority without the governed tournament and certification sequence.","False","False","False","False","False","9611bf1b30644c892dd6857a7d7d1b74395528e2bf57c9579a3c208ecafd5f40"
"terminal2/secret_lair/intelligence_expansion/exports.py","LEGACY_MODEL_INTELLIGENCE","True","False","True","REVIEW_FOR_ADAPTATION","HIGH_PRIORITY_REVIEW","ADAPT","TRACKED_LEGACY_INFRASTRUCTURE_REQUIRES_V1_RECONCILIATION","Tracked infrastructure may supply reusable mechanics, but its identity, source, evidence, validation, or integration semantics must be reconciled to V1 before use.","False","False","False","False","False","57e3049b28c3e798c0cdd7e84dc30abe1bfc8340cb7759a5cdf979a6cc79697d"
"terminal2/secret_lair/intelligence_expansion/validation.py","LEGACY_MODEL_INTELLIGENCE","True","False","True","REVIEW_FOR_REUSE","HIGH_PRIORITY_REVIEW","ADAPT","TRACKED_LEGACY_INFRASTRUCTURE_REQUIRES_V1_RECONCILIATION","Tracked infrastructure may supply reusable mechanics, but its identity, source, evidence, validation, or integration semantics must be reconciled to V1 before use.","False","False","False","False","False","d856550de23e4cd9082c780cb98fe13a17fc3cef68e8c30135b6734034b24053"
"terminal2/secret_lair/master_database/__init__.py","STRUCTURAL_FEATURES","True","False","True","REVIEW_FOR_ADAPTATION","HIGH_PRIORITY_REVIEW","ADAPT","TRACKED_LEGACY_INFRASTRUCTURE_REQUIRES_V1_RECONCILIATION","Tracked infrastructure may supply reusable mechanics, but its identity, source, evidence, validation, or integration semantics must be reconciled to V1 before use.","False","False","False","False","False","10429410089f38c9ee624bc20e1ae596cd8926437fb53ec0fee5c3bcffea5264"
"terminal2/secret_lair/master_database/__pycache__/__init__.cpython-314.pyc","STRUCTURAL_FEATURES","False","True","False","NOT_IN_OPENING_INVENTORY","HIGH_PRIORITY_REVIEW","PRESERVE_LEGACY_EVIDENCE","IGNORED_RUNTIME_OR_GENERATED_EVIDENCE","Local ignored/runtime evidence is preserved for lineage and empirical review but is not promoted to production authority.","False","False","False","False","False","361cf86cb39772991e65fb94c1850cbd9a41040cb03d3f53f134f37afe1de67f"
"terminal2/secret_lair/master_database/__pycache__/config.cpython-314.pyc","STRUCTURAL_FEATURES","False","True","False","NOT_IN_OPENING_INVENTORY","HIGH_PRIORITY_REVIEW","PRESERVE_LEGACY_EVIDENCE","IGNORED_RUNTIME_OR_GENERATED_EVIDENCE","Local ignored/runtime evidence is preserved for lineage and empirical review but is not promoted to production authority.","False","False","False","False","False","d001ce85ceca14a243305d0d95b608174c468822788f2a22ccaaf2391f729a0f"
"terminal2/secret_lair/master_database/__pycache__/contracts.cpython-314.pyc","STRUCTURAL_FEATURES","False","True","False","NOT_IN_OPENING_INVENTORY","HIGH_PRIORITY_REVIEW","PRESERVE_LEGACY_EVIDENCE","IGNORED_RUNTIME_OR_GENERATED_EVIDENCE","Local ignored/runtime evidence is preserved for lineage and empirical review but is not promoted to production authority.","False","False","False","False","False","88ef0394fa291733696803fb45a3f9a103553279df8f8fa105f54dea94fa43d4"
"terminal2/secret_lair/master_database/__pycache__/engine.cpython-314.pyc","STRUCTURAL_FEATURES","False","True","False","NOT_IN_OPENING_INVENTORY","HIGH_PRIORITY_REVIEW","PRESERVE_LEGACY_EVIDENCE","IGNORED_RUNTIME_OR_GENERATED_EVIDENCE","Local ignored/runtime evidence is preserved for lineage and empirical review but is not promoted to production authority.","False","False","False","False","False","009b0b0c25d9a7b0e38930e61d23a14ac7d0d1b693e9b0ca0eca65eccde52745"
"terminal2/secret_lair/master_database/__pycache__/exports.cpython-314.pyc","STRUCTURAL_FEATURES","False","True","False","NOT_IN_OPENING_INVENTORY","HIGH_PRIORITY_REVIEW","PRESERVE_LEGACY_EVIDENCE","IGNORED_RUNTIME_OR_GENERATED_EVIDENCE","Local ignored/runtime evidence is preserved for lineage and empirical review but is not promoted to production authority.","False","False","False","False","False","034373ff5e797b09ff8340e03f4050dd356e9e5f9cc6cb6ec70b82319e608a99"
"terminal2/secret_lair/master_database/__pycache__/http_client.cpython-314.pyc","STRUCTURAL_FEATURES","False","True","False","NOT_IN_OPENING_INVENTORY","HIGH_PRIORITY_REVIEW","PRESERVE_LEGACY_EVIDENCE","IGNORED_RUNTIME_OR_GENERATED_EVIDENCE","Local ignored/runtime evidence is preserved for lineage and empirical review but is not promoted to production authority.","False","False","False","False","False","df91a187d01e9624cae5d698c0cada161052d12aff61de1794f897f5de336534"
"terminal2/secret_lair/master_database/__pycache__/normalize.cpython-314.pyc","STRUCTURAL_FEATURES","False","True","False","NOT_IN_OPENING_INVENTORY","HIGH_PRIORITY_REVIEW","PRESERVE_LEGACY_EVIDENCE","IGNORED_RUNTIME_OR_GENERATED_EVIDENCE","Local ignored/runtime evidence is preserved for lineage and empirical review but is not promoted to production authority.","False","False","False","False","False","8e6d4e8bfec785ac1e54527817cdf8f4e9e4ecbe5a55bf0801f505b5784c30c5"
"terminal2/secret_lair/master_database/__pycache__/registry_export.cpython-314.pyc","IDENTITY_REGISTRY","False","True","False","NOT_IN_OPENING_INVENTORY","HIGH_PRIORITY_REVIEW","PRESERVE_LEGACY_EVIDENCE","IGNORED_RUNTIME_OR_GENERATED_EVIDENCE","Local ignored/runtime evidence is preserved for lineage and empirical review but is not promoted to production authority.","False","False","False","False","False","cee3b4bff2a476eebc7d97999d396bafcf5d883b03f1f7210375d6ef6b2511e9"
"terminal2/secret_lair/master_database/__pycache__/sources.cpython-314.pyc","STRUCTURAL_FEATURES","False","True","False","NOT_IN_OPENING_INVENTORY","HIGH_PRIORITY_REVIEW","PRESERVE_LEGACY_EVIDENCE","IGNORED_RUNTIME_OR_GENERATED_EVIDENCE","Local ignored/runtime evidence is preserved for lineage and empirical review but is not promoted to production authority.","False","False","False","False","False","0decd754225b5a90792c2516af43781ad8484541fb0a3b411f369fcb804c0914"
"terminal2/secret_lair/master_database/__pycache__/validation.cpython-314.pyc","STRUCTURAL_FEATURES","False","True","False","NOT_IN_OPENING_INVENTORY","HIGH_PRIORITY_REVIEW","PRESERVE_LEGACY_EVIDENCE","IGNORED_RUNTIME_OR_GENERATED_EVIDENCE","Local ignored/runtime evidence is preserved for lineage and empirical review but is not promoted to production authority.","False","False","False","False","False","36a1d7046980410875cb113295c88f148946945f851d4291badf8a2e9250483b"
"terminal2/secret_lair/master_database/config.py","STRUCTURAL_FEATURES","True","False","True","REVIEW_FOR_ADAPTATION","HIGH_PRIORITY_REVIEW","ADAPT","TRACKED_LEGACY_INFRASTRUCTURE_REQUIRES_V1_RECONCILIATION","Tracked infrastructure may supply reusable mechanics, but its identity, source, evidence, validation, or integration semantics must be reconciled to V1 before use.","False","False","False","False","False","f5650cdaddfe9f312146d18ad0076fa2a4f455e8cee0ac50c1006134ffd7a989"
"terminal2/secret_lair/master_database/contracts.py","STRUCTURAL_FEATURES","True","False","True","REVIEW_FOR_ADAPTATION","ADAPT_CANDIDATE","ADAPT","TRACKED_LEGACY_INFRASTRUCTURE_REQUIRES_V1_RECONCILIATION","Tracked infrastructure may supply reusable mechanics, but its identity, source, evidence, validation, or integration semantics must be reconciled to V1 before use.","False","False","False","False","False","830183923232de1def6b75c266b1843214e6d88f26d4356c1d64732292dc0b4d"
"terminal2/secret_lair/master_database/engine.py","STRUCTURAL_FEATURES","True","False","True","REVIEW_FOR_ADAPTATION","ADAPT_CANDIDATE","ADAPT","TRACKED_LEGACY_INFRASTRUCTURE_REQUIRES_V1_RECONCILIATION","Tracked infrastructure may supply reusable mechanics, but its identity, source, evidence, validation, or integration semantics must be reconciled to V1 before use.","False","False","False","False","False","cec1e4d955acfba5708cf8974947c992c2558aa4f33530f1c280d5a6fe3b8bec"
"terminal2/secret_lair/master_database/exports.py","STRUCTURAL_FEATURES","True","False","True","REVIEW_FOR_ADAPTATION","HIGH_PRIORITY_REVIEW","ADAPT","TRACKED_LEGACY_INFRASTRUCTURE_REQUIRES_V1_RECONCILIATION","Tracked infrastructure may supply reusable mechanics, but its identity, source, evidence, validation, or integration semantics must be reconciled to V1 before use.","False","False","False","False","False","818b14e65c5f42e916332792159033d2b9a73944d4fc46b3b06b54311da2e0ee"
"terminal2/secret_lair/master_database/http_client.py","STRUCTURAL_FEATURES","True","False","True","REVIEW_FOR_ADAPTATION","HIGH_PRIORITY_REVIEW","ADAPT","TRACKED_LEGACY_INFRASTRUCTURE_REQUIRES_V1_RECONCILIATION","Tracked infrastructure may supply reusable mechanics, but its identity, source, evidence, validation, or integration semantics must be reconciled to V1 before use.","False","False","False","False","False","cf92879c5f80c226a662cf78d177c321d43319cbfa0958c5497fdf6d40bc27e2"
"terminal2/secret_lair/master_database/normalize.py","STRUCTURAL_FEATURES","True","False","True","REVIEW_FOR_ADAPTATION","HIGH_PRIORITY_REVIEW","ADAPT","TRACKED_LEGACY_INFRASTRUCTURE_REQUIRES_V1_RECONCILIATION","Tracked infrastructure may supply reusable mechanics, but its identity, source, evidence, validation, or integration semantics must be reconciled to V1 before use.","False","False","False","False","False","2ff4571d025798c615e4d2f33720164201d4877c08895880f566e215392ba793"
"terminal2/secret_lair/master_database/registry_export.py","IDENTITY_REGISTRY","True","False","True","HIGH_PRIORITY_IDENTITY_AUDIT","ADAPT_CANDIDATE","ADAPT","TRACKED_LEGACY_INFRASTRUCTURE_REQUIRES_V1_RECONCILIATION","Tracked infrastructure may supply reusable mechanics, but its identity, source, evidence, validation, or integration semantics must be reconciled to V1 before use.","False","False","False","False","False","06034713fe0e9249e10ca195eed867236d32a31e85a42899f99749c00979d3ff"
"terminal2/secret_lair/master_database/sources.py","STRUCTURAL_FEATURES","True","False","True","HIGH_PRIORITY_EVIDENCE_AUDIT","ADAPT_CANDIDATE","ADAPT","TRACKED_LEGACY_INFRASTRUCTURE_REQUIRES_V1_RECONCILIATION","Tracked infrastructure may supply reusable mechanics, but its identity, source, evidence, validation, or integration semantics must be reconciled to V1 before use.","False","False","False","False","False","534c42ad6b8cb69527e851e69cbe8b9e601680eae7b651147aa5206a3a86102d"
"terminal2/secret_lair/master_database/validation.py","STRUCTURAL_FEATURES","True","False","True","REVIEW_FOR_REUSE","HIGH_PRIORITY_REVIEW","ADAPT","TRACKED_LEGACY_INFRASTRUCTURE_REQUIRES_V1_RECONCILIATION","Tracked infrastructure may supply reusable mechanics, but its identity, source, evidence, validation, or integration semantics must be reconciled to V1 before use.","False","False","False","False","False","53f05b499672d72b44a1fdf83eb6f12749274970af218fe650173ed63a7caf8f"
"terminal2/secret_lair/metadata.py","OTHER_SECRET_LAIR_COMPONENT","True","False","True","REVIEW_FOR_ADAPTATION","HIGH_PRIORITY_REVIEW","ADAPT","TRACKED_LEGACY_INFRASTRUCTURE_REQUIRES_V1_RECONCILIATION","Tracked infrastructure may supply reusable mechanics, but its identity, source, evidence, validation, or integration semantics must be reconciled to V1 before use.","False","False","False","False","False","d9c7166a91ebf7aa464e8f5ec99132edf09601e2188b48c6f40946f153c2f4fd"
"terminal2/secret_lair/population/__init__.py","OTHER_SECRET_LAIR_COMPONENT","True","False","True","REVIEW_FOR_ADAPTATION","HIGH_PRIORITY_REVIEW","ADAPT","TRACKED_LEGACY_INFRASTRUCTURE_REQUIRES_V1_RECONCILIATION","Tracked infrastructure may supply reusable mechanics, but its identity, source, evidence, validation, or integration semantics must be reconciled to V1 before use.","False","False","False","False","False","cd9ce14c4b1bd032a1ca2e25597e95f60aa136a4aa0f54f0bb775d354bbd295f"
"terminal2/secret_lair/population/__pycache__/__init__.cpython-314.pyc","OTHER_SECRET_LAIR_COMPONENT","False","True","False","NOT_IN_OPENING_INVENTORY","HIGH_PRIORITY_REVIEW","PRESERVE_LEGACY_EVIDENCE","IGNORED_RUNTIME_OR_GENERATED_EVIDENCE","Local ignored/runtime evidence is preserved for lineage and empirical review but is not promoted to production authority.","False","False","False","False","False","9e99e7abc769dfe8699efaf8de46dc6a52b0e52737a0823b78423f823f36b0b5"
"terminal2/secret_lair/population/__pycache__/contracts.cpython-314.pyc","OTHER_SECRET_LAIR_COMPONENT","False","True","False","NOT_IN_OPENING_INVENTORY","HIGH_PRIORITY_REVIEW","PRESERVE_LEGACY_EVIDENCE","IGNORED_RUNTIME_OR_GENERATED_EVIDENCE","Local ignored/runtime evidence is preserved for lineage and empirical review but is not promoted to production authority.","False","False","False","False","False","b4a3682fc946722f4b3cae2e4cbce84ada6500737607b728c33ab1f9d6c93be3"
"terminal2/secret_lair/population/__pycache__/engine.cpython-314.pyc","OTHER_SECRET_LAIR_COMPONENT","False","True","False","NOT_IN_OPENING_INVENTORY","HIGH_PRIORITY_REVIEW","PRESERVE_LEGACY_EVIDENCE","IGNORED_RUNTIME_OR_GENERATED_EVIDENCE","Local ignored/runtime evidence is preserved for lineage and empirical review but is not promoted to production authority.","False","False","False","False","False","3219a128bdb4358bf52cc9a4fac9905ff613122310063ff502a39138bb983ccc"
"terminal2/secret_lair/population/__pycache__/exports.cpython-314.pyc","INTEGRATION_EXPORT","False","True","False","NOT_IN_OPENING_INVENTORY","HIGH_PRIORITY_REVIEW","PRESERVE_LEGACY_EVIDENCE","IGNORED_RUNTIME_OR_GENERATED_EVIDENCE","Local ignored/runtime evidence is preserved for lineage and empirical review but is not promoted to production authority.","False","False","False","False","False","1538469011f2e637ec77607f711d71979134c11ef8f5b994ca4f3a22d3f466c1"
"terminal2/secret_lair/population/__pycache__/validation.cpython-314.pyc","VALIDATION_CERTIFICATION","False","True","False","NOT_IN_OPENING_INVENTORY","HIGH_PRIORITY_REVIEW","PRESERVE_LEGACY_EVIDENCE","IGNORED_RUNTIME_OR_GENERATED_EVIDENCE","Local ignored/runtime evidence is preserved for lineage and empirical review but is not promoted to production authority.","False","False","False","False","False","8d1f9ae482e6a6016d6f6205166f9eabdd314ce47344fdf5893fa70ca4fd6ded"
"terminal2/secret_lair/population/contracts.py","OTHER_SECRET_LAIR_COMPONENT","True","False","True","REVIEW_FOR_ADAPTATION","PRESERVE_LEGACY_EVIDENCE","PRESERVE_LEGACY_EVIDENCE","LEGACY_MODEL_FORECAST_RANKING","Legacy modeling, forecasting, or ranking evidence must remain preserved but cannot become V1 authority without the governed tournament and certification sequence.","False","False","False","False","False","3255b2c410f788b2ed406c6a782345bcffa263bace6307fe292f3cb432a68d25"
"terminal2/secret_lair/population/engine.py","OTHER_SECRET_LAIR_COMPONENT","True","False","True","REVIEW_FOR_ADAPTATION","PRESERVE_LEGACY_EVIDENCE","PRESERVE_LEGACY_EVIDENCE","LEGACY_MODEL_FORECAST_RANKING","Legacy modeling, forecasting, or ranking evidence must remain preserved but cannot become V1 authority without the governed tournament and certification sequence.","False","False","False","False","False","2c3109d6eb38e9fa9151b6fd40db865ea397f15f51be4975d15e15dfbbe55648"
"terminal2/secret_lair/population/exports.py","INTEGRATION_EXPORT","True","False","True","REVIEW_FOR_ADAPTATION","HIGH_PRIORITY_REVIEW","ADAPT","TRACKED_LEGACY_INFRASTRUCTURE_REQUIRES_V1_RECONCILIATION","Tracked infrastructure may supply reusable mechanics, but its identity, source, evidence, validation, or integration semantics must be reconciled to V1 before use.","False","False","False","False","False","851e6cc281a1447c2906f4453c05afdb8609036585dd3fcafce1a0e6dcb4542a"
"terminal2/secret_lair/population/validation.py","VALIDATION_CERTIFICATION","True","False","True","REVIEW_FOR_REUSE","HIGH_PRIORITY_REVIEW","ADAPT","TRACKED_LEGACY_INFRASTRUCTURE_REQUIRES_V1_RECONCILIATION","Tracked infrastructure may supply reusable mechanics, but its identity, source, evidence, validation, or integration semantics must be reconciled to V1 before use.","False","False","False","False","False","86c49c02f1093f0316ae81b05d53cea574faa2714e049102956483ae3bf2cc35"
"terminal2/secret_lair/price_imports.py","OTHER_SECRET_LAIR_COMPONENT","True","False","True","HIGH_PRIORITY_EVIDENCE_AUDIT","ADAPT_CANDIDATE","ADAPT","TRACKED_LEGACY_INFRASTRUCTURE_REQUIRES_V1_RECONCILIATION","Tracked infrastructure may supply reusable mechanics, but its identity, source, evidence, validation, or integration semantics must be reconciled to V1 before use.","False","False","False","False","False","60f41fdb2be94443787d7825bea2ac5b51f9a820f90d1ebdd410bbb9871dd664"
"terminal2/secret_lair/pricing.py","CURRENT_PRICE_EVIDENCE","True","False","True","HIGH_PRIORITY_EVIDENCE_AUDIT","ADAPT_CANDIDATE","ADAPT","TRACKED_LEGACY_INFRASTRUCTURE_REQUIRES_V1_RECONCILIATION","Tracked infrastructure may supply reusable mechanics, but its identity, source, evidence, validation, or integration semantics must be reconciled to V1 before use.","False","False","False","False","False","273637d3dd80c477c8a85de16a7e6f7b878f91f100e19b1a5ae50118f5ee7451"
"terminal2/secret_lair/pricing_contracts.py","CURRENT_PRICE_EVIDENCE","True","False","True","HIGH_PRIORITY_EVIDENCE_AUDIT","ADAPT_CANDIDATE","ADAPT","TRACKED_LEGACY_INFRASTRUCTURE_REQUIRES_V1_RECONCILIATION","Tracked infrastructure may supply reusable mechanics, but its identity, source, evidence, validation, or integration semantics must be reconciled to V1 before use.","False","False","False","False","False","c26ddba71d4a30233e68df8d33dae0d062b20b41084e382ca7490e42fd1daa97"
"terminal2/secret_lair/pricing_exports.py","CURRENT_PRICE_EVIDENCE","True","False","True","HIGH_PRIORITY_EVIDENCE_AUDIT","HIGH_PRIORITY_REVIEW","ADAPT","TRACKED_LEGACY_INFRASTRUCTURE_REQUIRES_V1_RECONCILIATION","Tracked infrastructure may supply reusable mechanics, but its identity, source, evidence, validation, or integration semantics must be reconciled to V1 before use.","False","False","False","False","False","46f34de49dc95187059fa4a3faa5e501785cd0814965934f229f755d00cb76af"
"terminal2/secret_lair/pricing_validation.py","CURRENT_PRICE_EVIDENCE","True","False","True","REVIEW_FOR_REUSE","HIGH_PRIORITY_REVIEW","ADAPT","TRACKED_LEGACY_INFRASTRUCTURE_REQUIRES_V1_RECONCILIATION","Tracked infrastructure may supply reusable mechanics, but its identity, source, evidence, validation, or integration semantics must be reconciled to V1 before use.","False","False","False","False","False","4227b1e83090c612a67f6d2ee49f7206d55bb9be031c5f45ef5352007f67ac15"
"terminal2/secret_lair/promotion/__init__.py","OTHER_SECRET_LAIR_COMPONENT","True","False","True","REVIEW_FOR_ADAPTATION","HIGH_PRIORITY_REVIEW","ADAPT","TRACKED_LEGACY_INFRASTRUCTURE_REQUIRES_V1_RECONCILIATION","Tracked infrastructure may supply reusable mechanics, but its identity, source, evidence, validation, or integration semantics must be reconciled to V1 before use.","False","False","False","False","False","d860772775988eb8ead7de9682c8d5f6c5a4cd42492351a3c2494864962e7d29"
"terminal2/secret_lair/promotion/__pycache__/__init__.cpython-314.pyc","OTHER_SECRET_LAIR_COMPONENT","False","True","False","NOT_IN_OPENING_INVENTORY","HIGH_PRIORITY_REVIEW","PRESERVE_LEGACY_EVIDENCE","IGNORED_RUNTIME_OR_GENERATED_EVIDENCE","Local ignored/runtime evidence is preserved for lineage and empirical review but is not promoted to production authority.","False","False","False","False","False","e2d49401c48a915653b10dcb6d2fc21a40b5f839375a5373326c3ac6b2cbc5de"
"terminal2/secret_lair/promotion/__pycache__/contracts.cpython-314.pyc","OTHER_SECRET_LAIR_COMPONENT","False","True","False","NOT_IN_OPENING_INVENTORY","HIGH_PRIORITY_REVIEW","PRESERVE_LEGACY_EVIDENCE","IGNORED_RUNTIME_OR_GENERATED_EVIDENCE","Local ignored/runtime evidence is preserved for lineage and empirical review but is not promoted to production authority.","False","False","False","False","False","8cf660ccc0eddbb9f182cfa6d9e63225e4a53df8183bafb074dfe57fed6c27d1"
"terminal2/secret_lair/promotion/__pycache__/engine.cpython-314.pyc","OTHER_SECRET_LAIR_COMPONENT","False","True","False","NOT_IN_OPENING_INVENTORY","HIGH_PRIORITY_REVIEW","PRESERVE_LEGACY_EVIDENCE","IGNORED_RUNTIME_OR_GENERATED_EVIDENCE","Local ignored/runtime evidence is preserved for lineage and empirical review but is not promoted to production authority.","False","False","False","False","False","26f6af0eb2e666cac5c3b9bf2a9aa2a8ec23ba242660e55091ac76e4ce9733f5"
"terminal2/secret_lair/promotion/__pycache__/exports.cpython-314.pyc","INTEGRATION_EXPORT","False","True","False","NOT_IN_OPENING_INVENTORY","HIGH_PRIORITY_REVIEW","PRESERVE_LEGACY_EVIDENCE","IGNORED_RUNTIME_OR_GENERATED_EVIDENCE","Local ignored/runtime evidence is preserved for lineage and empirical review but is not promoted to production authority.","False","False","False","False","False","f5008b6ac11c5022425323d5a17fdbf64c50afd2968df7a2874cdd1e47843e1f"
"terminal2/secret_lair/promotion/__pycache__/validation.cpython-314.pyc","VALIDATION_CERTIFICATION","False","True","False","NOT_IN_OPENING_INVENTORY","HIGH_PRIORITY_REVIEW","PRESERVE_LEGACY_EVIDENCE","IGNORED_RUNTIME_OR_GENERATED_EVIDENCE","Local ignored/runtime evidence is preserved for lineage and empirical review but is not promoted to production authority.","False","False","False","False","False","4a9004888b4014a8ca52ba5fe166044dc58b2be0d85ec37275a089dbcd581f5d"
"terminal2/secret_lair/promotion/contracts.py","OTHER_SECRET_LAIR_COMPONENT","True","False","True","REVIEW_FOR_ADAPTATION","ADAPT_CANDIDATE","ADAPT","TRACKED_LEGACY_INFRASTRUCTURE_REQUIRES_V1_RECONCILIATION","Tracked infrastructure may supply reusable mechanics, but its identity, source, evidence, validation, or integration semantics must be reconciled to V1 before use.","False","False","False","False","False","4fe1236ed6656ce40ed9a416c32f596585422734ad9ecf32f1cdab05b6ad4789"
"terminal2/secret_lair/promotion/engine.py","OTHER_SECRET_LAIR_COMPONENT","True","False","True","REVIEW_FOR_ADAPTATION","ADAPT_CANDIDATE","ADAPT","TRACKED_LEGACY_INFRASTRUCTURE_REQUIRES_V1_RECONCILIATION","Tracked infrastructure may supply reusable mechanics, but its identity, source, evidence, validation, or integration semantics must be reconciled to V1 before use.","False","False","False","False","False","b02d755b7864e91b95cae8af510e40ae40384ca505202bd0ff0a9b480e7600b8"
"terminal2/secret_lair/promotion/exports.py","INTEGRATION_EXPORT","True","False","True","REVIEW_FOR_ADAPTATION","HIGH_PRIORITY_REVIEW","ADAPT","TRACKED_LEGACY_INFRASTRUCTURE_REQUIRES_V1_RECONCILIATION","Tracked infrastructure may supply reusable mechanics, but its identity, source, evidence, validation, or integration semantics must be reconciled to V1 before use.","False","False","False","False","False","9783135a79dd635e36a74622d29723b61f543e272d7bd9d2eef951d93e55f62b"
"terminal2/secret_lair/promotion/validation.py","VALIDATION_CERTIFICATION","True","False","True","REVIEW_FOR_REUSE","ADAPT_CANDIDATE","ADAPT","TRACKED_LEGACY_INFRASTRUCTURE_REQUIRES_V1_RECONCILIATION","Tracked infrastructure may supply reusable mechanics, but its identity, source, evidence, validation, or integration semantics must be reconciled to V1 before use.","False","False","False","False","False","3fdf0b4841c6089a237bb59a7c33a308258742053160e2ff5aafae21e6878dea"
"terminal2/secret_lair/registry.py","IDENTITY_REGISTRY","True","False","True","HIGH_PRIORITY_IDENTITY_AUDIT","ADAPT_CANDIDATE","ADAPT","TRACKED_LEGACY_INFRASTRUCTURE_REQUIRES_V1_RECONCILIATION","Tracked infrastructure may supply reusable mechanics, but its identity, source, evidence, validation, or integration semantics must be reconciled to V1 before use.","False","False","False","False","False","7ff5ae2694dc3ff1f8ba0eb3c304ad05a66f504d4f7fadc8dd873c4c8e761d39"
"terminal2/secret_lair/validation.py","VALIDATION_CERTIFICATION","True","False","True","REVIEW_FOR_REUSE","ADAPT_CANDIDATE","ADAPT","TRACKED_LEGACY_INFRASTRUCTURE_REQUIRES_V1_RECONCILIATION","Tracked infrastructure may supply reusable mechanics, but its identity, source, evidence, validation, or integration semantics must be reconciled to V1 before use.","False","False","False","False","False","8ad44c42a39ebaf4f434e6ca424db901ee28ae5f3f8ccb0460a8a9060563f060"
"terminal2_apply_secret_lair_datetime_standardization.py","OTHER_SECRET_LAIR_COMPONENT","True","False","True","REVIEW_FOR_ADAPTATION","HIGH_PRIORITY_REVIEW","ADAPT","TRACKED_LEGACY_INFRASTRUCTURE_REQUIRES_V1_RECONCILIATION","Tracked infrastructure may supply reusable mechanics, but its identity, source, evidence, validation, or integration semantics must be reconciled to V1 before use.","False","False","False","False","False","491b95d6ae042e1e9662f980c07ecdf70e4ef576638d52cec79fe7b46bf7bb62"
"terminal2_build_master_secret_lair_database.py","STRUCTURAL_FEATURES","True","False","True","REVIEW_FOR_ADAPTATION","HIGH_PRIORITY_REVIEW","ADAPT","TRACKED_LEGACY_INFRASTRUCTURE_REQUIRES_V1_RECONCILIATION","Tracked infrastructure may supply reusable mechanics, but its identity, source, evidence, validation, or integration semantics must be reconciled to V1 before use.","False","False","False","False","False","1c26292022be63f7ee797d0846cb681110b6d1bfd14c39366062981f2a2f479b"
"terminal2_build_secret_lair_historical_archive.py","HISTORICAL_EVIDENCE","True","False","True","HIGH_PRIORITY_IDENTITY_AUDIT","REUSE_OR_ADAPT_CANDIDATE","ADAPT","TRACKED_LEGACY_INFRASTRUCTURE_REQUIRES_V1_RECONCILIATION","Tracked infrastructure may supply reusable mechanics, but its identity, source, evidence, validation, or integration semantics must be reconciled to V1 before use.","False","False","False","False","False","f3c4ab91395b3ee65e2119cf192059292e04a0b10610bf7c11ac79778a5f9c43"
"terminal2_create_secret_lair_acquisition_template.py","SOURCE_ACQUISITION","True","False","True","REVIEW_FOR_ADAPTATION","HIGH_PRIORITY_REVIEW","ADAPT","TRACKED_LEGACY_INFRASTRUCTURE_REQUIRES_V1_RECONCILIATION","Tracked infrastructure may supply reusable mechanics, but its identity, source, evidence, validation, or integration semantics must be reconciled to V1 before use.","False","False","False","False","False","1a857c3dad495a6864235ae9bc73a787dd4f15cc72569accca0a41198664609b"
"terminal2_create_secret_lair_backfill_templates.py","HISTORICAL_EVIDENCE","True","False","True","HIGH_PRIORITY_EVIDENCE_AUDIT","REUSE_OR_ADAPT_CANDIDATE","ADAPT","TRACKED_LEGACY_INFRASTRUCTURE_REQUIRES_V1_RECONCILIATION","Tracked infrastructure may supply reusable mechanics, but its identity, source, evidence, validation, or integration semantics must be reconciled to V1 before use.","False","False","False","False","False","79eeac421f70e2bc8357e59e203c67a2508e932cc2d8e8905f4308c8320c3a99"
"terminal2_create_secret_lair_discovery_template.py","SOURCE_ACQUISITION","True","False","True","HIGH_PRIORITY_EVIDENCE_AUDIT","HIGH_PRIORITY_REVIEW","ADAPT","TRACKED_LEGACY_INFRASTRUCTURE_REQUIRES_V1_RECONCILIATION","Tracked infrastructure may supply reusable mechanics, but its identity, source, evidence, validation, or integration semantics must be reconciled to V1 before use.","False","False","False","False","False","a35b3c14f1482f99c3766807e2f887d827a9552f1bf84b9f1e97c3eaa00f1193"
"terminal2_create_secret_lair_price_template.py","OTHER_SECRET_LAIR_COMPONENT","True","False","True","HIGH_PRIORITY_EVIDENCE_AUDIT","HIGH_PRIORITY_REVIEW","ADAPT","TRACKED_LEGACY_INFRASTRUCTURE_REQUIRES_V1_RECONCILIATION","Tracked infrastructure may supply reusable mechanics, but its identity, source, evidence, validation, or integration semantics must be reconciled to V1 before use.","False","False","False","False","False","5d741932b751ac6dc40176ff56a71199be6a2bb0f54217ee8cca3d390b00d352"
"terminal2_create_secret_lair_template.py","OTHER_SECRET_LAIR_COMPONENT","True","False","True","REVIEW_FOR_ADAPTATION","ADAPT_CANDIDATE","ADAPT","TRACKED_LEGACY_INFRASTRUCTURE_REQUIRES_V1_RECONCILIATION","Tracked infrastructure may supply reusable mechanics, but its identity, source, evidence, validation, or integration semantics must be reconciled to V1 before use.","False","False","False","False","False","7ea6df9020d607590e51458135aeef1535ec460fe06dd8caed58619fbac31d51"
"terminal2_export_master_secret_lair_imports.py","STRUCTURAL_FEATURES","True","False","True","REVIEW_FOR_ADAPTATION","HIGH_PRIORITY_REVIEW","ADAPT","TRACKED_LEGACY_INFRASTRUCTURE_REQUIRES_V1_RECONCILIATION","Tracked infrastructure may supply reusable mechanics, but its identity, source, evidence, validation, or integration semantics must be reconciled to V1 before use.","False","False","False","False","False","ce37608631790ef4c2ffb866efa1132fc0071f63aaf42c7707664f0a96218820"
"terminal2_import_secret_lair_prices.py","OTHER_SECRET_LAIR_COMPONENT","True","False","True","HIGH_PRIORITY_EVIDENCE_AUDIT","HIGH_PRIORITY_REVIEW","ADAPT","TRACKED_LEGACY_INFRASTRUCTURE_REQUIRES_V1_RECONCILIATION","Tracked infrastructure may supply reusable mechanics, but its identity, source, evidence, validation, or integration semantics must be reconciled to V1 before use.","False","False","False","False","False","ffdf9e4e908169891cc41f307759d569781764241a196c767a5d34ce4506bbe3"
"terminal2_import_secret_lair_registry.py","IDENTITY_REGISTRY","True","False","True","HIGH_PRIORITY_IDENTITY_AUDIT","ADAPT_CANDIDATE","ADAPT","TRACKED_LEGACY_INFRASTRUCTURE_REQUIRES_V1_RECONCILIATION","Tracked infrastructure may supply reusable mechanics, but its identity, source, evidence, validation, or integration semantics must be reconciled to V1 before use.","False","False","False","False","False","fdec93f2f148534d8a57d3167e9befe792c829f8a5726fe0c48c5ef93083e540"
"terminal2_master_secret_lair_validate.py","STRUCTURAL_FEATURES","True","False","True","REVIEW_FOR_REUSE","HIGH_PRIORITY_REVIEW","ADAPT","TRACKED_LEGACY_INFRASTRUCTURE_REQUIRES_V1_RECONCILIATION","Tracked infrastructure may supply reusable mechanics, but its identity, source, evidence, validation, or integration semantics must be reconciled to V1 before use.","False","False","False","False","False","3597614258b15d51db99c34d07b1be0ee3765e63aa3d289b101813e042c7d7a9"
"terminal2_promote_secret_lair_production.py","OTHER_SECRET_LAIR_COMPONENT","True","False","True","REVIEW_FOR_ADAPTATION","REUSE_OR_ADAPT_CANDIDATE","ADAPT","TRACKED_LEGACY_INFRASTRUCTURE_REQUIRES_V1_RECONCILIATION","Tracked infrastructure may supply reusable mechanics, but its identity, source, evidence, validation, or integration semantics must be reconciled to V1 before use.","False","False","False","False","False","b441285efdea22a1306ccfce91044724865f7eff996aa472c4549ec8b425e21b"
"terminal2_publish_secret_lair_intelligence.py","LEGACY_MODEL_INTELLIGENCE","True","False","True","REVIEW_FOR_ADAPTATION","HIGH_PRIORITY_REVIEW","ADAPT","TRACKED_LEGACY_INFRASTRUCTURE_REQUIRES_V1_RECONCILIATION","Tracked infrastructure may supply reusable mechanics, but its identity, source, evidence, validation, or integration semantics must be reconciled to V1 before use.","False","False","False","False","False","6ff8ae588576ed0e1646f3cd8f37f14610f4207a1b0e29c8724bc8fc39150dd5"
"terminal2_publish_secret_lair_population.py","OTHER_SECRET_LAIR_COMPONENT","True","False","True","REVIEW_FOR_ADAPTATION","HIGH_PRIORITY_REVIEW","ADAPT","TRACKED_LEGACY_INFRASTRUCTURE_REQUIRES_V1_RECONCILIATION","Tracked infrastructure may supply reusable mechanics, but its identity, source, evidence, validation, or integration semantics must be reconciled to V1 before use.","False","False","False","False","False","bc7885c6fa38ca4d7f7f11de9e9623bc689d75a8bcddebfe72d94d82c6fc06d6"
"terminal2_publish_secret_lair_pricing.py","CURRENT_PRICE_EVIDENCE","True","False","True","HIGH_PRIORITY_EVIDENCE_AUDIT","HIGH_PRIORITY_REVIEW","ADAPT","TRACKED_LEGACY_INFRASTRUCTURE_REQUIRES_V1_RECONCILIATION","Tracked infrastructure may supply reusable mechanics, but its identity, source, evidence, validation, or integration semantics must be reconciled to V1 before use.","False","False","False","False","False","fe7f9ff9c46827b4f969b87b4fb6a037ac69210a079a5018eb62b2bcef2527a9"
"terminal2_publish_secret_lair_registry.py","IDENTITY_REGISTRY","True","False","True","HIGH_PRIORITY_IDENTITY_AUDIT","ADAPT_CANDIDATE","ADAPT","TRACKED_LEGACY_INFRASTRUCTURE_REQUIRES_V1_RECONCILIATION","Tracked infrastructure may supply reusable mechanics, but its identity, source, evidence, validation, or integration semantics must be reconciled to V1 before use.","False","False","False","False","False","c0cf3d3aa1a57eb8927c8793d8f786f66ccd3b4ccb93d410fc8012a4d6deaba8"
"terminal2_run_secret_lair_acquisition.py","SOURCE_ACQUISITION","True","False","True","REVIEW_FOR_ADAPTATION","HIGH_PRIORITY_REVIEW","ADAPT","TRACKED_LEGACY_INFRASTRUCTURE_REQUIRES_V1_RECONCILIATION","Tracked infrastructure may supply reusable mechanics, but its identity, source, evidence, validation, or integration semantics must be reconciled to V1 before use.","False","False","False","False","False","4bdf9394fb41892b1dc89f362695b195c8fd3612961b0b106c31a738f1361b4b"
"terminal2_run_secret_lair_backfill.py","HISTORICAL_EVIDENCE","True","False","True","HIGH_PRIORITY_EVIDENCE_AUDIT","REUSE_OR_ADAPT_CANDIDATE","ADAPT","TRACKED_LEGACY_INFRASTRUCTURE_REQUIRES_V1_RECONCILIATION","Tracked infrastructure may supply reusable mechanics, but its identity, source, evidence, validation, or integration semantics must be reconciled to V1 before use.","False","False","False","False","False","86c1c7066902f793c5128c631c841b56c192750776aae2f0b78f9bad03311b64"
"terminal2_run_secret_lair_discovery.py","SOURCE_ACQUISITION","True","False","True","HIGH_PRIORITY_EVIDENCE_AUDIT","HIGH_PRIORITY_REVIEW","ADAPT","TRACKED_LEGACY_INFRASTRUCTURE_REQUIRES_V1_RECONCILIATION","Tracked infrastructure may supply reusable mechanics, but its identity, source, evidence, validation, or integration semantics must be reconciled to V1 before use.","False","False","False","False","False","b1ea052b8004e952b496ef87518fdebd1dc2bdde6775eb194f5451aed0a0ac7f"
"terminal2_secret_lair_acquisition_validate.py","SOURCE_ACQUISITION","True","False","True","REVIEW_FOR_REUSE","HIGH_PRIORITY_REVIEW","ADAPT","TRACKED_LEGACY_INFRASTRUCTURE_REQUIRES_V1_RECONCILIATION","Tracked infrastructure may supply reusable mechanics, but its identity, source, evidence, validation, or integration semantics must be reconciled to V1 before use.","False","False","False","False","False","f9946d4d6504b251d4714fae77814189f12756ea9c646aab6f79b928606a7b30"
"terminal2_secret_lair_archive_validate.py","HISTORICAL_EVIDENCE","True","False","True","REVIEW_FOR_REUSE","HIGH_PRIORITY_REVIEW","ADAPT","TRACKED_LEGACY_INFRASTRUCTURE_REQUIRES_V1_RECONCILIATION","Tracked infrastructure may supply reusable mechanics, but its identity, source, evidence, validation, or integration semantics must be reconciled to V1 before use.","False","False","False","False","False","cf029cfc9a20b4c2cf7bd4c38b85d66bce8cfdfbb16942c48c8e7bd7862543c9"
"terminal2_secret_lair_backfill_validate.py","HISTORICAL_EVIDENCE","True","False","True","REVIEW_FOR_REUSE","HIGH_PRIORITY_REVIEW","ADAPT","TRACKED_LEGACY_INFRASTRUCTURE_REQUIRES_V1_RECONCILIATION","Tracked infrastructure may supply reusable mechanics, but its identity, source, evidence, validation, or integration semantics must be reconciled to V1 before use.","False","False","False","False","False","ad53766e3e74f24ef7d55185c1484fe74970ba3336a4e8e5fc7d31f8a7f61930"
"terminal2_secret_lair_calibration_validate.py","LEGACY_MODEL_INTELLIGENCE","True","False","True","REVIEW_FOR_REUSE","HIGH_PRIORITY_REVIEW","ADAPT","TRACKED_LEGACY_INFRASTRUCTURE_REQUIRES_V1_RECONCILIATION","Tracked infrastructure may supply reusable mechanics, but its identity, source, evidence, validation, or integration semantics must be reconciled to V1 before use.","False","False","False","False","False","222e65ddf78d5d9aaeb35dcb80cc9ab69c26f39889bc6e09848c05ed069afe3a"
"terminal2_secret_lair_discovery_validate.py","SOURCE_ACQUISITION","True","False","True","REVIEW_FOR_REUSE","HIGH_PRIORITY_REVIEW","ADAPT","TRACKED_LEGACY_INFRASTRUCTURE_REQUIRES_V1_RECONCILIATION","Tracked infrastructure may supply reusable mechanics, but its identity, source, evidence, validation, or integration semantics must be reconciled to V1 before use.","False","False","False","False","False","62b214c598f8ff03aa7a29bab6ba3e010a39433713a3065394aa28cb9e6f9911"
"terminal2_secret_lair_intelligence_validate.py","LEGACY_MODEL_INTELLIGENCE","True","False","True","REVIEW_FOR_REUSE","HIGH_PRIORITY_REVIEW","ADAPT","TRACKED_LEGACY_INFRASTRUCTURE_REQUIRES_V1_RECONCILIATION","Tracked infrastructure may supply reusable mechanics, but its identity, source, evidence, validation, or integration semantics must be reconciled to V1 before use.","False","False","False","False","False","6c05a15744b6c5ee3b3a32cd83a8c321690cb54a116149672262774e410b587f"
"terminal2_secret_lair_population_validate.py","OTHER_SECRET_LAIR_COMPONENT","True","False","True","REVIEW_FOR_REUSE","HIGH_PRIORITY_REVIEW","ADAPT","TRACKED_LEGACY_INFRASTRUCTURE_REQUIRES_V1_RECONCILIATION","Tracked infrastructure may supply reusable mechanics, but its identity, source, evidence, validation, or integration semantics must be reconciled to V1 before use.","False","False","False","False","False","0de7e966b8fba65811c366ed21764df8f0cf70ed92cf8137702b0fb3664c455f"
"terminal2_secret_lair_pricing_validate.py","CURRENT_PRICE_EVIDENCE","True","False","True","REVIEW_FOR_REUSE","HIGH_PRIORITY_REVIEW","ADAPT","TRACKED_LEGACY_INFRASTRUCTURE_REQUIRES_V1_RECONCILIATION","Tracked infrastructure may supply reusable mechanics, but its identity, source, evidence, validation, or integration semantics must be reconciled to V1 before use.","False","False","False","False","False","2bc277c28efce2337bfefb928d0e76343644f5180ceba6ac8118278681e9f95f"
"terminal2_secret_lair_promotion_validate.py","OTHER_SECRET_LAIR_COMPONENT","True","False","True","REVIEW_FOR_REUSE","HIGH_PRIORITY_REVIEW","ADAPT","TRACKED_LEGACY_INFRASTRUCTURE_REQUIRES_V1_RECONCILIATION","Tracked infrastructure may supply reusable mechanics, but its identity, source, evidence, validation, or integration semantics must be reconciled to V1 before use.","False","False","False","False","False","e78feb88e629de52e3a2a1d7890d2274524a620f1b2d04099c3ca092cc4e3dae"
"terminal2_secret_lair_validate.py","OTHER_SECRET_LAIR_COMPONENT","True","False","True","REVIEW_FOR_REUSE","HIGH_PRIORITY_REVIEW","ADAPT","TRACKED_LEGACY_INFRASTRUCTURE_REQUIRES_V1_RECONCILIATION","Tracked infrastructure may supply reusable mechanics, but its identity, source, evidence, validation, or integration semantics must be reconciled to V1 before use.","False","False","False","False","False","ed9d9224a25e5b464b91c3f23aee309e1b79cf2692b27f49d0fbec067e309bb7"
"tests/__pycache__/test_full_registry_secret_lair_portfolio.cpython-314.pyc","IDENTITY_REGISTRY","False","True","False","NOT_IN_OPENING_INVENTORY","HIGH_PRIORITY_REVIEW","PRESERVE_LEGACY_EVIDENCE","IGNORED_RUNTIME_OR_GENERATED_EVIDENCE","Local ignored/runtime evidence is preserved for lineage and empirical review but is not promoted to production authority.","False","False","False","False","False","25427f2835a21368e752c7a0885c147739963541b5cf7a60536dd7ceb3076a4d"
"tests/__pycache__/test_full_registry_secret_lair_portfolio.cpython-314-pytest-9.1.1.pyc","IDENTITY_REGISTRY","False","True","False","NOT_IN_OPENING_INVENTORY","HIGH_PRIORITY_REVIEW","PRESERVE_LEGACY_EVIDENCE","IGNORED_RUNTIME_OR_GENERATED_EVIDENCE","Local ignored/runtime evidence is preserved for lineage and empirical review but is not promoted to production authority.","False","False","False","False","False","ad2a787add430c03a9b1971e8a73b9b20d3f969ddbc04786d30a38a97e66e681"
"tests/__pycache__/test_full_secret_lair_model_evaluation.cpython-314.pyc","LEGACY_MODEL_INTELLIGENCE","False","True","False","NOT_IN_OPENING_INVENTORY","HIGH_PRIORITY_REVIEW","PRESERVE_LEGACY_EVIDENCE","IGNORED_RUNTIME_OR_GENERATED_EVIDENCE","Local ignored/runtime evidence is preserved for lineage and empirical review but is not promoted to production authority.","False","False","False","False","False","bced5b227105b20a583b6e09aa59629e5fcfff684467df7021dda59d7b26a645"
"tests/__pycache__/test_full_secret_lair_model_evaluation.cpython-314-pytest-9.1.1.pyc","LEGACY_MODEL_INTELLIGENCE","False","True","False","NOT_IN_OPENING_INVENTORY","HIGH_PRIORITY_REVIEW","PRESERVE_LEGACY_EVIDENCE","IGNORED_RUNTIME_OR_GENERATED_EVIDENCE","Local ignored/runtime evidence is preserved for lineage and empirical review but is not promoted to production authority.","False","False","False","False","False","c2792c87ad0351437d7c3090d6b0ef092a93a219378be981538460481eebe0d0"
"tests/__pycache__/test_master_secret_lair_contracts.cpython-314-pytest-9.1.1.pyc","STRUCTURAL_FEATURES","False","True","False","NOT_IN_OPENING_INVENTORY","HIGH_PRIORITY_REVIEW","PRESERVE_LEGACY_EVIDENCE","IGNORED_RUNTIME_OR_GENERATED_EVIDENCE","Local ignored/runtime evidence is preserved for lineage and empirical review but is not promoted to production authority.","False","False","False","False","False","67b6586ca36cd2a42bcc2e846371f6f90a9424306ec8b198ffa6be6be520565c"
"tests/__pycache__/test_master_secret_lair_engine.cpython-314-pytest-9.1.1.pyc","STRUCTURAL_FEATURES","False","True","False","NOT_IN_OPENING_INVENTORY","HIGH_PRIORITY_REVIEW","PRESERVE_LEGACY_EVIDENCE","IGNORED_RUNTIME_OR_GENERATED_EVIDENCE","Local ignored/runtime evidence is preserved for lineage and empirical review but is not promoted to production authority.","False","False","False","False","False","77c223dd540c1371fdc7281f8d5cd609c9f8d2dda4c4fdca52e96507814e5889"
"tests/__pycache__/test_master_secret_lair_publication.cpython-314-pytest-9.1.1.pyc","STRUCTURAL_FEATURES","False","True","False","NOT_IN_OPENING_INVENTORY","HIGH_PRIORITY_REVIEW","PRESERVE_LEGACY_EVIDENCE","IGNORED_RUNTIME_OR_GENERATED_EVIDENCE","Local ignored/runtime evidence is preserved for lineage and empirical review but is not promoted to production authority.","False","False","False","False","False","137c26e8de71e3d963611e8d40cc896e8b2dcdc6e172f9b59246dbbf42fba8f2"
"tests/__pycache__/test_master_secret_lair_registry_export.cpython-314-pytest-9.1.1.pyc","IDENTITY_REGISTRY","False","True","False","NOT_IN_OPENING_INVENTORY","HIGH_PRIORITY_REVIEW","PRESERVE_LEGACY_EVIDENCE","IGNORED_RUNTIME_OR_GENERATED_EVIDENCE","Local ignored/runtime evidence is preserved for lineage and empirical review but is not promoted to production authority.","False","False","False","False","False","9f219240b4b8123d9d4716c99ffa5fb0437e59eb50a49eb8794bfe629a40a7f7"
"tests/__pycache__/test_phase_10_secret_lair_production_closeout.cpython-314.pyc","INTEGRATION_EXPORT","False","True","False","NOT_IN_OPENING_INVENTORY","HIGH_PRIORITY_REVIEW","PRESERVE_LEGACY_EVIDENCE","IGNORED_RUNTIME_OR_GENERATED_EVIDENCE","Local ignored/runtime evidence is preserved for lineage and empirical review but is not promoted to production authority.","False","False","False","False","False","6de21a4b9f106f6cebe91d3ff9e5be3bd826b7b65859d071039bc7a96b45a397"
"tests/__pycache__/test_phase_10_secret_lair_production_closeout.cpython-314-pytest-9.1.1.pyc","INTEGRATION_EXPORT","False","True","False","NOT_IN_OPENING_INVENTORY","HIGH_PRIORITY_REVIEW","PRESERVE_LEGACY_EVIDENCE","IGNORED_RUNTIME_OR_GENERATED_EVIDENCE","Local ignored/runtime evidence is preserved for lineage and empirical review but is not promoted to production authority.","False","False","False","False","False","1eba5767637719e892fb5f0ac78d3a68192ef43a41920445e5f066669d42f9ac"
"tests/__pycache__/test_phase_8_2_1c_2_secret_lair_semantics.cpython-314.pyc","VALIDATION_CERTIFICATION","False","True","False","NOT_IN_OPENING_INVENTORY","HIGH_PRIORITY_REVIEW","PRESERVE_LEGACY_EVIDENCE","IGNORED_RUNTIME_OR_GENERATED_EVIDENCE","Local ignored/runtime evidence is preserved for lineage and empirical review but is not promoted to production authority.","False","False","False","False","False","9fe98d54ac42edc94ad4b9947725a327d6c81bd90bb60025465022d4922ff262"
"tests/__pycache__/test_phase_8_2_1c_2_secret_lair_semantics.cpython-314-pytest-9.1.1.pyc","VALIDATION_CERTIFICATION","False","True","False","NOT_IN_OPENING_INVENTORY","HIGH_PRIORITY_REVIEW","PRESERVE_LEGACY_EVIDENCE","IGNORED_RUNTIME_OR_GENERATED_EVIDENCE","Local ignored/runtime evidence is preserved for lineage and empirical review but is not promoted to production authority.","False","False","False","False","False","b9b65418c00952ba449529bc857a09e271a9e3f1a5a56ddd4e5326a3408890cf"
"tests/__pycache__/test_phase_8_2_1c_secret_lair_intelligence_audit.cpython-314-pytest-9.1.1.pyc","LEGACY_MODEL_INTELLIGENCE","False","True","False","NOT_IN_OPENING_INVENTORY","HIGH_PRIORITY_REVIEW","PRESERVE_LEGACY_EVIDENCE","IGNORED_RUNTIME_OR_GENERATED_EVIDENCE","Local ignored/runtime evidence is preserved for lineage and empirical review but is not promoted to production authority.","False","False","False","False","False","965bfee130cbada28377089205da6b84e994073b2dab537a767cd113b9320d62"
"tests/__pycache__/test_secret_lair_acquisition_connectors.cpython-314-pytest-9.1.1.pyc","SOURCE_ACQUISITION","False","True","False","NOT_IN_OPENING_INVENTORY","HIGH_PRIORITY_REVIEW","PRESERVE_LEGACY_EVIDENCE","IGNORED_RUNTIME_OR_GENERATED_EVIDENCE","Local ignored/runtime evidence is preserved for lineage and empirical review but is not promoted to production authority.","False","False","False","False","False","5836dfcb5e89ed554e07a1f0e5b47aa94d2e2caf2146c211a2e1ded63bb28243"
"tests/__pycache__/test_secret_lair_acquisition_contracts.cpython-314-pytest-9.1.1.pyc","SOURCE_ACQUISITION","False","True","False","NOT_IN_OPENING_INVENTORY","HIGH_PRIORITY_REVIEW","PRESERVE_LEGACY_EVIDENCE","IGNORED_RUNTIME_OR_GENERATED_EVIDENCE","Local ignored/runtime evidence is preserved for lineage and empirical review but is not promoted to production authority.","False","False","False","False","False","c7bffd30fe65cafcf2b2af6ee54778fcfd94d854af7e10152c7b95bba51a6505"
"tests/__pycache__/test_secret_lair_acquisition_engine.cpython-314-pytest-9.1.1.pyc","SOURCE_ACQUISITION","False","True","False","NOT_IN_OPENING_INVENTORY","HIGH_PRIORITY_REVIEW","PRESERVE_LEGACY_EVIDENCE","IGNORED_RUNTIME_OR_GENERATED_EVIDENCE","Local ignored/runtime evidence is preserved for lineage and empirical review but is not promoted to production authority.","False","False","False","False","False","321dabe0634d58046ef6bd0f8e637525d9c57e357907a1d66c7c0ef6f3233b60"
"tests/__pycache__/test_secret_lair_acquisition_publication.cpython-314-pytest-9.1.1.pyc","SOURCE_ACQUISITION","False","True","False","NOT_IN_OPENING_INVENTORY","HIGH_PRIORITY_REVIEW","PRESERVE_LEGACY_EVIDENCE","IGNORED_RUNTIME_OR_GENERATED_EVIDENCE","Local ignored/runtime evidence is preserved for lineage and empirical review but is not promoted to production authority.","False","False","False","False","False","206bae81a23b26b3715d1779a6deb439fc5af5de62190a0f0154259f1b628a0b"
"tests/__pycache__/test_secret_lair_archive_contracts.cpython-314-pytest-9.1.1.pyc","HISTORICAL_EVIDENCE","False","True","False","NOT_IN_OPENING_INVENTORY","HIGH_PRIORITY_REVIEW","PRESERVE_LEGACY_EVIDENCE","IGNORED_RUNTIME_OR_GENERATED_EVIDENCE","Local ignored/runtime evidence is preserved for lineage and empirical review but is not promoted to production authority.","False","False","False","False","False","7677e4329d3c652fa723c1a99e1d977634e5a7b04d507589d4daf8a7b67c8074"
"tests/__pycache__/test_secret_lair_archive_empty_preview.cpython-314-pytest-9.1.1.pyc","HISTORICAL_EVIDENCE","False","True","False","NOT_IN_OPENING_INVENTORY","HIGH_PRIORITY_REVIEW","PRESERVE_LEGACY_EVIDENCE","IGNORED_RUNTIME_OR_GENERATED_EVIDENCE","Local ignored/runtime evidence is preserved for lineage and empirical review but is not promoted to production authority.","False","False","False","False","False","b2a36751581fa5881ef9fd07775ca5cee7fb95a3ba23a5f12bc0d40c9cc3db9b"
"tests/__pycache__/test_secret_lair_archive_engine.cpython-314-pytest-9.1.1.pyc","HISTORICAL_EVIDENCE","False","True","False","NOT_IN_OPENING_INVENTORY","HIGH_PRIORITY_REVIEW","PRESERVE_LEGACY_EVIDENCE","IGNORED_RUNTIME_OR_GENERATED_EVIDENCE","Local ignored/runtime evidence is preserved for lineage and empirical review but is not promoted to production authority.","False","False","False","False","False","51427d8f3f0a1eb170122e95be46a8588d412f05b3d70a1d90ed77c4efdc37bc"
"tests/__pycache__/test_secret_lair_archive_publication.cpython-314-pytest-9.1.1.pyc","HISTORICAL_EVIDENCE","False","True","False","NOT_IN_OPENING_INVENTORY","HIGH_PRIORITY_REVIEW","PRESERVE_LEGACY_EVIDENCE","IGNORED_RUNTIME_OR_GENERATED_EVIDENCE","Local ignored/runtime evidence is preserved for lineage and empirical review but is not promoted to production authority.","False","False","False","False","False","38021f33f2e4b19235ef12d64023015c2721bc4a7e1010ab6f7fbdc47bdae3bb"
"tests/__pycache__/test_secret_lair_archive_registry_integrity.cpython-314-pytest-9.1.1.pyc","IDENTITY_REGISTRY","False","True","False","NOT_IN_OPENING_INVENTORY","HIGH_PRIORITY_REVIEW","PRESERVE_LEGACY_EVIDENCE","IGNORED_RUNTIME_OR_GENERATED_EVIDENCE","Local ignored/runtime evidence is preserved for lineage and empirical review but is not promoted to production authority.","False","False","False","False","False","1e541efeb15d7b9329b94bf33ccefa629a3a620d8a5024191d366f826149df0a"
"tests/__pycache__/test_secret_lair_backfill_contracts.cpython-314-pytest-9.1.1.pyc","HISTORICAL_EVIDENCE","False","True","False","NOT_IN_OPENING_INVENTORY","HIGH_PRIORITY_REVIEW","PRESERVE_LEGACY_EVIDENCE","IGNORED_RUNTIME_OR_GENERATED_EVIDENCE","Local ignored/runtime evidence is preserved for lineage and empirical review but is not promoted to production authority.","False","False","False","False","False","b78739407fd9af8338cec1faa5935b923f6cc0db89277a597d70e5f0e03d298d"
"tests/__pycache__/test_secret_lair_backfill_engine.cpython-314-pytest-9.1.1.pyc","HISTORICAL_EVIDENCE","False","True","False","NOT_IN_OPENING_INVENTORY","HIGH_PRIORITY_REVIEW","PRESERVE_LEGACY_EVIDENCE","IGNORED_RUNTIME_OR_GENERATED_EVIDENCE","Local ignored/runtime evidence is preserved for lineage and empirical review but is not promoted to production authority.","False","False","False","False","False","5b399d0eab188df104851d327e080af68380e22d2223d00eb81188bc92ed30cc"
"tests/__pycache__/test_secret_lair_backfill_matching.cpython-314-pytest-9.1.1.pyc","HISTORICAL_EVIDENCE","False","True","False","NOT_IN_OPENING_INVENTORY","HIGH_PRIORITY_REVIEW","PRESERVE_LEGACY_EVIDENCE","IGNORED_RUNTIME_OR_GENERATED_EVIDENCE","Local ignored/runtime evidence is preserved for lineage and empirical review but is not promoted to production authority.","False","False","False","False","False","8d85c7f47423ad93c428d91dc9654a890048d4d5c41a4ac64a445386a75adcba"
"tests/__pycache__/test_secret_lair_backfill_publication.cpython-314-pytest-9.1.1.pyc","HISTORICAL_EVIDENCE","False","True","False","NOT_IN_OPENING_INVENTORY","HIGH_PRIORITY_REVIEW","PRESERVE_LEGACY_EVIDENCE","IGNORED_RUNTIME_OR_GENERATED_EVIDENCE","Local ignored/runtime evidence is preserved for lineage and empirical review but is not promoted to production authority.","False","False","False","False","False","fb12d7c1ee66c6bcb6febf67f6836d18901ee03b8ecbf0f6322353b0aa0bacfe"
"tests/__pycache__/test_secret_lair_calibration_contracts.cpython-314-pytest-9.1.1.pyc","LEGACY_MODEL_INTELLIGENCE","False","True","False","NOT_IN_OPENING_INVENTORY","HIGH_PRIORITY_REVIEW","PRESERVE_LEGACY_EVIDENCE","IGNORED_RUNTIME_OR_GENERATED_EVIDENCE","Local ignored/runtime evidence is preserved for lineage and empirical review but is not promoted to production authority.","False","False","False","False","False","45bf843808232697e038ee3b788deb01605820591a497100339e0cabdc8664d1"
"tests/__pycache__/test_secret_lair_calibration_engine.cpython-314-pytest-9.1.1.pyc","LEGACY_MODEL_INTELLIGENCE","False","True","False","NOT_IN_OPENING_INVENTORY","HIGH_PRIORITY_REVIEW","PRESERVE_LEGACY_EVIDENCE","IGNORED_RUNTIME_OR_GENERATED_EVIDENCE","Local ignored/runtime evidence is preserved for lineage and empirical review but is not promoted to production authority.","False","False","False","False","False","668d2576de7bc71d7e1c1da00949eb5dd24771cda4f474b0de0244da143b6462"
"tests/__pycache__/test_secret_lair_calibration_publication.cpython-314-pytest-9.1.1.pyc","LEGACY_MODEL_INTELLIGENCE","False","True","False","NOT_IN_OPENING_INVENTORY","HIGH_PRIORITY_REVIEW","PRESERVE_LEGACY_EVIDENCE","IGNORED_RUNTIME_OR_GENERATED_EVIDENCE","Local ignored/runtime evidence is preserved for lineage and empirical review but is not promoted to production authority.","False","False","False","False","False","01a7ecf6d36f76262e4168a98f4e61fb3af1b8ba7bdf55c016a0b1740c6fcba5"
"tests/__pycache__/test_secret_lair_contracts.cpython-314-pytest-9.1.1.pyc","VALIDATION_CERTIFICATION","False","True","False","NOT_IN_OPENING_INVENTORY","HIGH_PRIORITY_REVIEW","PRESERVE_LEGACY_EVIDENCE","IGNORED_RUNTIME_OR_GENERATED_EVIDENCE","Local ignored/runtime evidence is preserved for lineage and empirical review but is not promoted to production authority.","False","False","False","False","False","9edb221f2f9968dedc093d61789faee05bac9a50e325d52a9d1615442bc890f9"
"tests/__pycache__/test_secret_lair_datetime_utils.cpython-314-pytest-9.1.1.pyc","VALIDATION_CERTIFICATION","False","True","False","NOT_IN_OPENING_INVENTORY","HIGH_PRIORITY_REVIEW","PRESERVE_LEGACY_EVIDENCE","IGNORED_RUNTIME_OR_GENERATED_EVIDENCE","Local ignored/runtime evidence is preserved for lineage and empirical review but is not promoted to production authority.","False","False","False","False","False","1fe447b242c4ba5ca95deb4bdcd8ce66d2bf035af2a907a457fba5717ea353bd"
"tests/__pycache__/test_secret_lair_discovery_contracts.cpython-314-pytest-9.1.1.pyc","SOURCE_ACQUISITION","False","True","False","NOT_IN_OPENING_INVENTORY","HIGH_PRIORITY_REVIEW","PRESERVE_LEGACY_EVIDENCE","IGNORED_RUNTIME_OR_GENERATED_EVIDENCE","Local ignored/runtime evidence is preserved for lineage and empirical review but is not promoted to production authority.","False","False","False","False","False","be75e4fcf64a776d32b99dbe85cf742a42065751c717372b63b6d2be3417ebf5"
"tests/__pycache__/test_secret_lair_discovery_empty_config.cpython-314-pytest-9.1.1.pyc","SOURCE_ACQUISITION","False","True","False","NOT_IN_OPENING_INVENTORY","HIGH_PRIORITY_REVIEW","PRESERVE_LEGACY_EVIDENCE","IGNORED_RUNTIME_OR_GENERATED_EVIDENCE","Local ignored/runtime evidence is preserved for lineage and empirical review but is not promoted to production authority.","False","False","False","False","False","6994a89bbf57b7ffae2316b4df559705fc32950794ad053b01fbbc64a1e6bb7d"
"tests/__pycache__/test_secret_lair_discovery_engine.cpython-314-pytest-9.1.1.pyc","SOURCE_ACQUISITION","False","True","False","NOT_IN_OPENING_INVENTORY","HIGH_PRIORITY_REVIEW","PRESERVE_LEGACY_EVIDENCE","IGNORED_RUNTIME_OR_GENERATED_EVIDENCE","Local ignored/runtime evidence is preserved for lineage and empirical review but is not promoted to production authority.","False","False","False","False","False","7f6c0715adb577ecb3e5e3f459e6bcdb732c290aa5aca1d44b413fae987ef739"
"tests/__pycache__/test_secret_lair_discovery_parsers.cpython-314-pytest-9.1.1.pyc","SOURCE_ACQUISITION","False","True","False","NOT_IN_OPENING_INVENTORY","HIGH_PRIORITY_REVIEW","PRESERVE_LEGACY_EVIDENCE","IGNORED_RUNTIME_OR_GENERATED_EVIDENCE","Local ignored/runtime evidence is preserved for lineage and empirical review but is not promoted to production authority.","False","False","False","False","False","229161a83c7886703aeefaf6108777a688192e4012418344f6ec50a8a7254747"
"tests/__pycache__/test_secret_lair_discovery_publication.cpython-314-pytest-9.1.1.pyc","SOURCE_ACQUISITION","False","True","False","NOT_IN_OPENING_INVENTORY","HIGH_PRIORITY_REVIEW","PRESERVE_LEGACY_EVIDENCE","IGNORED_RUNTIME_OR_GENERATED_EVIDENCE","Local ignored/runtime evidence is preserved for lineage and empirical review but is not promoted to production authority.","False","False","False","False","False","d75162d97610b97b79df1478c3f12b3d6e7ee329830574b06754bc8cf8fb8ace"
"tests/__pycache__/test_secret_lair_ebay_lane_certification.cpython-314.pyc","VALIDATION_CERTIFICATION","False","True","False","NOT_IN_OPENING_INVENTORY","HIGH_PRIORITY_REVIEW","PRESERVE_LEGACY_EVIDENCE","IGNORED_RUNTIME_OR_GENERATED_EVIDENCE","Local ignored/runtime evidence is preserved for lineage and empirical review but is not promoted to production authority.","False","False","False","False","False","9c6c126ea2beccd39d2c7e541c1fb3acef050124b7ae8872abedd99f96e45ed0"
"tests/__pycache__/test_secret_lair_ebay_lane_certification.cpython-314-pytest-9.1.1.pyc","VALIDATION_CERTIFICATION","False","True","False","NOT_IN_OPENING_INVENTORY","HIGH_PRIORITY_REVIEW","PRESERVE_LEGACY_EVIDENCE","IGNORED_RUNTIME_OR_GENERATED_EVIDENCE","Local ignored/runtime evidence is preserved for lineage and empirical review but is not promoted to production authority.","False","False","False","False","False","86f4a272a622524299a7d51736ec12101fb58447b31be4715bc3486a33b76ebb"
"tests/__pycache__/test_secret_lair_holdings_workflow.cpython-314.pyc","VALIDATION_CERTIFICATION","False","True","False","NOT_IN_OPENING_INVENTORY","HIGH_PRIORITY_REVIEW","PRESERVE_LEGACY_EVIDENCE","IGNORED_RUNTIME_OR_GENERATED_EVIDENCE","Local ignored/runtime evidence is preserved for lineage and empirical review but is not promoted to production authority.","False","False","False","False","False","7921f888a25a55281d01dcdcc1a7c29374e9d6283809af6ff5c1de7566b79754"
"tests/__pycache__/test_secret_lair_holdings_workflow.cpython-314-pytest-9.1.1.pyc","VALIDATION_CERTIFICATION","False","True","False","NOT_IN_OPENING_INVENTORY","HIGH_PRIORITY_REVIEW","PRESERVE_LEGACY_EVIDENCE","IGNORED_RUNTIME_OR_GENERATED_EVIDENCE","Local ignored/runtime evidence is preserved for lineage and empirical review but is not promoted to production authority.","False","False","False","False","False","d20d8c1303f29ad55f0bfd4d42a046e2eeaaf5a2074e7a265b0a2d178b68940e"
"tests/__pycache__/test_secret_lair_imports.cpython-314-pytest-9.1.1.pyc","VALIDATION_CERTIFICATION","False","True","False","NOT_IN_OPENING_INVENTORY","HIGH_PRIORITY_REVIEW","PRESERVE_LEGACY_EVIDENCE","IGNORED_RUNTIME_OR_GENERATED_EVIDENCE","Local ignored/runtime evidence is preserved for lineage and empirical review but is not promoted to production authority.","False","False","False","False","False","052369512e8ea14d7b4ef966f14efc6b0ba82df66fef55b51331ca6725068dc9"
"tests/__pycache__/test_secret_lair_intelligence_contracts.cpython-314-pytest-9.1.1.pyc","LEGACY_MODEL_INTELLIGENCE","False","True","False","NOT_IN_OPENING_INVENTORY","HIGH_PRIORITY_REVIEW","PRESERVE_LEGACY_EVIDENCE","IGNORED_RUNTIME_OR_GENERATED_EVIDENCE","Local ignored/runtime evidence is preserved for lineage and empirical review but is not promoted to production authority.","False","False","False","False","False","7f89a6eac82cad516f0f010bd3237a6116bd494307f93b74db7b207a807f0d8f"
"tests/__pycache__/test_secret_lair_intelligence_datetime.cpython-314-pytest-9.1.1.pyc","LEGACY_MODEL_INTELLIGENCE","False","True","False","NOT_IN_OPENING_INVENTORY","HIGH_PRIORITY_REVIEW","PRESERVE_LEGACY_EVIDENCE","IGNORED_RUNTIME_OR_GENERATED_EVIDENCE","Local ignored/runtime evidence is preserved for lineage and empirical review but is not promoted to production authority.","False","False","False","False","False","0e1a27f6b667938aceaa860e0e0a9235f34c1ec6529fc09ff22a8933f35e780d"
"tests/__pycache__/test_secret_lair_intelligence_engine.cpython-314.pyc","LEGACY_MODEL_INTELLIGENCE","False","True","False","NOT_IN_OPENING_INVENTORY","HIGH_PRIORITY_REVIEW","PRESERVE_LEGACY_EVIDENCE","IGNORED_RUNTIME_OR_GENERATED_EVIDENCE","Local ignored/runtime evidence is preserved for lineage and empirical review but is not promoted to production authority.","False","False","False","False","False","343543633267e6449db211cb8218d828897cbe134190febe3415ec170337f575"
"tests/__pycache__/test_secret_lair_intelligence_engine.cpython-314-pytest-9.1.1.pyc","LEGACY_MODEL_INTELLIGENCE","False","True","False","NOT_IN_OPENING_INVENTORY","HIGH_PRIORITY_REVIEW","PRESERVE_LEGACY_EVIDENCE","IGNORED_RUNTIME_OR_GENERATED_EVIDENCE","Local ignored/runtime evidence is preserved for lineage and empirical review but is not promoted to production authority.","False","False","False","False","False","da6b189174d883ee7af3f93b6f01d1f5ca50d76a2f0816d6a2fb3de61edc5906"
"tests/__pycache__/test_secret_lair_intelligence_publication.cpython-314-pytest-9.1.1.pyc","LEGACY_MODEL_INTELLIGENCE","False","True","False","NOT_IN_OPENING_INVENTORY","HIGH_PRIORITY_REVIEW","PRESERVE_LEGACY_EVIDENCE","IGNORED_RUNTIME_OR_GENERATED_EVIDENCE","Local ignored/runtime evidence is preserved for lineage and empirical review but is not promoted to production authority.","False","False","False","False","False","c21082791a561cd01958f906d666a1c521e0abef6c470086316a7020b0d39702"
"tests/__pycache__/test_secret_lair_market_observation_aggregation.cpython-314.pyc","VALIDATION_CERTIFICATION","False","True","False","NOT_IN_OPENING_INVENTORY","HIGH_PRIORITY_REVIEW","PRESERVE_LEGACY_EVIDENCE","IGNORED_RUNTIME_OR_GENERATED_EVIDENCE","Local ignored/runtime evidence is preserved for lineage and empirical review but is not promoted to production authority.","False","False","False","False","False","6bb279c617e17d4d9343a6af836923eddba8e7530657cc17f568ea4637f9cf97"
"tests/__pycache__/test_secret_lair_market_observation_aggregation.cpython-314-pytest-9.1.1.pyc","VALIDATION_CERTIFICATION","False","True","False","NOT_IN_OPENING_INVENTORY","HIGH_PRIORITY_REVIEW","PRESERVE_LEGACY_EVIDENCE","IGNORED_RUNTIME_OR_GENERATED_EVIDENCE","Local ignored/runtime evidence is preserved for lineage and empirical review but is not promoted to production authority.","False","False","False","False","False","ebebaa5f50676f7918168fd0bbcdc300d407d6c46e3ea9ca2c0cdaa024f933f6"
"tests/__pycache__/test_secret_lair_market_observation_quality_audit.cpython-314.pyc","VALIDATION_CERTIFICATION","False","True","False","NOT_IN_OPENING_INVENTORY","HIGH_PRIORITY_REVIEW","PRESERVE_LEGACY_EVIDENCE","IGNORED_RUNTIME_OR_GENERATED_EVIDENCE","Local ignored/runtime evidence is preserved for lineage and empirical review but is not promoted to production authority.","False","False","False","False","False","708ad9c3014054f782b723291982e6af0863c4784a774693f4939d03fb1741bc"
"tests/__pycache__/test_secret_lair_market_observation_quality_audit.cpython-314-pytest-9.1.1.pyc","VALIDATION_CERTIFICATION","False","True","False","NOT_IN_OPENING_INVENTORY","HIGH_PRIORITY_REVIEW","PRESERVE_LEGACY_EVIDENCE","IGNORED_RUNTIME_OR_GENERATED_EVIDENCE","Local ignored/runtime evidence is preserved for lineage and empirical review but is not promoted to production authority.","False","False","False","False","False","954cc371b718582a9eb3dc04f1d5efb8229268a271341be2b83bb4de22b2b6cc"
"tests/__pycache__/test_secret_lair_market_value_admission.cpython-314.pyc","VALIDATION_CERTIFICATION","False","True","False","NOT_IN_OPENING_INVENTORY","HIGH_PRIORITY_REVIEW","PRESERVE_LEGACY_EVIDENCE","IGNORED_RUNTIME_OR_GENERATED_EVIDENCE","Local ignored/runtime evidence is preserved for lineage and empirical review but is not promoted to production authority.","False","False","False","False","False","0fa225c40aa8943e17d89c4e0035d8697b2edaf5def53d08663aabe570437668"
"tests/__pycache__/test_secret_lair_market_value_admission.cpython-314-pytest-9.1.1.pyc","VALIDATION_CERTIFICATION","False","True","False","NOT_IN_OPENING_INVENTORY","HIGH_PRIORITY_REVIEW","PRESERVE_LEGACY_EVIDENCE","IGNORED_RUNTIME_OR_GENERATED_EVIDENCE","Local ignored/runtime evidence is preserved for lineage and empirical review but is not promoted to production authority.","False","False","False","False","False","e707b01c0d7bcef2bf6557009596184ddcd8963e9d4c59923e2fcad547983435"
"tests/__pycache__/test_secret_lair_market_value_interface.cpython-314.pyc","VALIDATION_CERTIFICATION","False","True","False","NOT_IN_OPENING_INVENTORY","HIGH_PRIORITY_REVIEW","PRESERVE_LEGACY_EVIDENCE","IGNORED_RUNTIME_OR_GENERATED_EVIDENCE","Local ignored/runtime evidence is preserved for lineage and empirical review but is not promoted to production authority.","False","False","False","False","False","a5cded169557ea044cbecd867536f5cdf17fcf29abd0c14583a682b4c85159b5"
"tests/__pycache__/test_secret_lair_market_value_interface.cpython-314-pytest-9.1.1.pyc","VALIDATION_CERTIFICATION","False","True","False","NOT_IN_OPENING_INVENTORY","HIGH_PRIORITY_REVIEW","PRESERVE_LEGACY_EVIDENCE","IGNORED_RUNTIME_OR_GENERATED_EVIDENCE","Local ignored/runtime evidence is preserved for lineage and empirical review but is not promoted to production authority.","False","False","False","False","False","1073734f494a3f619fd5c4db264dc2b901c37d6c960f8ae3b87a993b05845c47"
"tests/__pycache__/test_secret_lair_population_contracts.cpython-314-pytest-9.1.1.pyc","VALIDATION_CERTIFICATION","False","True","False","NOT_IN_OPENING_INVENTORY","HIGH_PRIORITY_REVIEW","PRESERVE_LEGACY_EVIDENCE","IGNORED_RUNTIME_OR_GENERATED_EVIDENCE","Local ignored/runtime evidence is preserved for lineage and empirical review but is not promoted to production authority.","False","False","False","False","False","08aa798a498d943f66422e88eec79367e1935d863af8afd5c33ce68368bb78d2"
"tests/__pycache__/test_secret_lair_population_engine.cpython-314-pytest-9.1.1.pyc","VALIDATION_CERTIFICATION","False","True","False","NOT_IN_OPENING_INVENTORY","HIGH_PRIORITY_REVIEW","PRESERVE_LEGACY_EVIDENCE","IGNORED_RUNTIME_OR_GENERATED_EVIDENCE","Local ignored/runtime evidence is preserved for lineage and empirical review but is not promoted to production authority.","False","False","False","False","False","c5a85738f885cf81a277f70a0002312ff1b3368e9a88bcd8da6e9f9b1ed97252"
"tests/__pycache__/test_secret_lair_population_publication.cpython-314-pytest-9.1.1.pyc","VALIDATION_CERTIFICATION","False","True","False","NOT_IN_OPENING_INVENTORY","HIGH_PRIORITY_REVIEW","PRESERVE_LEGACY_EVIDENCE","IGNORED_RUNTIME_OR_GENERATED_EVIDENCE","Local ignored/runtime evidence is preserved for lineage and empirical review but is not promoted to production authority.","False","False","False","False","False","5120e85a7eb93394f96d6168403df3df8f8d56fc2f74b1229f0eddfefcce5644"
"tests/__pycache__/test_secret_lair_price_imports.cpython-314-pytest-9.1.1.pyc","VALIDATION_CERTIFICATION","False","True","False","NOT_IN_OPENING_INVENTORY","HIGH_PRIORITY_REVIEW","PRESERVE_LEGACY_EVIDENCE","IGNORED_RUNTIME_OR_GENERATED_EVIDENCE","Local ignored/runtime evidence is preserved for lineage and empirical review but is not promoted to production authority.","False","False","False","False","False","c5479796026442e089147c63d6590bd41945c01baa99c92697ba486594a5b85e"
"tests/__pycache__/test_secret_lair_pricing.cpython-314-pytest-9.1.1.pyc","CURRENT_PRICE_EVIDENCE","False","True","False","NOT_IN_OPENING_INVENTORY","HIGH_PRIORITY_REVIEW","PRESERVE_LEGACY_EVIDENCE","IGNORED_RUNTIME_OR_GENERATED_EVIDENCE","Local ignored/runtime evidence is preserved for lineage and empirical review but is not promoted to production authority.","False","False","False","False","False","700b16cd9f7c6ba35500ab9b8ed43e9a65c1a8b6774ec385e3e261759a65d2be"
"tests/__pycache__/test_secret_lair_pricing_contracts.cpython-314-pytest-9.1.1.pyc","CURRENT_PRICE_EVIDENCE","False","True","False","NOT_IN_OPENING_INVENTORY","HIGH_PRIORITY_REVIEW","PRESERVE_LEGACY_EVIDENCE","IGNORED_RUNTIME_OR_GENERATED_EVIDENCE","Local ignored/runtime evidence is preserved for lineage and empirical review but is not promoted to production authority.","False","False","False","False","False","55402cabe3c62f960e42ed097f88116d19071863fec6a822fdb317c64beb349e"
"tests/__pycache__/test_secret_lair_pricing_publication.cpython-314-pytest-9.1.1.pyc","CURRENT_PRICE_EVIDENCE","False","True","False","NOT_IN_OPENING_INVENTORY","HIGH_PRIORITY_REVIEW","PRESERVE_LEGACY_EVIDENCE","IGNORED_RUNTIME_OR_GENERATED_EVIDENCE","Local ignored/runtime evidence is preserved for lineage and empirical review but is not promoted to production authority.","False","False","False","False","False","3bd22fd751c58c4ac8423e38fd16a037f9208d6812822371b0416956f653a06b"
"tests/__pycache__/test_secret_lair_pricing_timezone.cpython-314-pytest-9.1.1.pyc","CURRENT_PRICE_EVIDENCE","False","True","False","NOT_IN_OPENING_INVENTORY","HIGH_PRIORITY_REVIEW","PRESERVE_LEGACY_EVIDENCE","IGNORED_RUNTIME_OR_GENERATED_EVIDENCE","Local ignored/runtime evidence is preserved for lineage and empirical review but is not promoted to production authority.","False","False","False","False","False","ca04d16faa5fc959b20d1e37bf493c74ed9d61c9628f11edd7965a5b8388c351"
"tests/__pycache__/test_secret_lair_promotion_contracts.cpython-314-pytest-9.1.1.pyc","VALIDATION_CERTIFICATION","False","True","False","NOT_IN_OPENING_INVENTORY","HIGH_PRIORITY_REVIEW","PRESERVE_LEGACY_EVIDENCE","IGNORED_RUNTIME_OR_GENERATED_EVIDENCE","Local ignored/runtime evidence is preserved for lineage and empirical review but is not promoted to production authority.","False","False","False","False","False","eea2b92e343ad514530cae2a45aef9a2296b270213fb85cd1b8ad86f7c047b01"
"tests/__pycache__/test_secret_lair_promotion_engine.cpython-314-pytest-9.1.1.pyc","VALIDATION_CERTIFICATION","False","True","False","NOT_IN_OPENING_INVENTORY","HIGH_PRIORITY_REVIEW","PRESERVE_LEGACY_EVIDENCE","IGNORED_RUNTIME_OR_GENERATED_EVIDENCE","Local ignored/runtime evidence is preserved for lineage and empirical review but is not promoted to production authority.","False","False","False","False","False","885df0e1a109ab56b4c3d376b213a5f5d016adcf021e614fd00595a2ec17ba57"
"tests/__pycache__/test_secret_lair_promotion_publication.cpython-314-pytest-9.1.1.pyc","VALIDATION_CERTIFICATION","False","True","False","NOT_IN_OPENING_INVENTORY","HIGH_PRIORITY_REVIEW","PRESERVE_LEGACY_EVIDENCE","IGNORED_RUNTIME_OR_GENERATED_EVIDENCE","Local ignored/runtime evidence is preserved for lineage and empirical review but is not promoted to production authority.","False","False","False","False","False","dcb622d641f63da77f6b50cd9a79653d0904aba784a00d9e7981c445d47c66ce"
"tests/__pycache__/test_secret_lair_publication.cpython-314-pytest-9.1.1.pyc","VALIDATION_CERTIFICATION","False","True","False","NOT_IN_OPENING_INVENTORY","HIGH_PRIORITY_REVIEW","PRESERVE_LEGACY_EVIDENCE","IGNORED_RUNTIME_OR_GENERATED_EVIDENCE","Local ignored/runtime evidence is preserved for lineage and empirical review but is not promoted to production authority.","False","False","False","False","False","14295263d9fb3320b5d1363e8876f0c4526fcef65848068c85da6ee67e9f89f5"
"tests/__pycache__/test_secret_lair_registry.cpython-314-pytest-9.1.1.pyc","IDENTITY_REGISTRY","False","True","False","NOT_IN_OPENING_INVENTORY","HIGH_PRIORITY_REVIEW","PRESERVE_LEGACY_EVIDENCE","IGNORED_RUNTIME_OR_GENERATED_EVIDENCE","Local ignored/runtime evidence is preserved for lineage and empirical review but is not promoted to production authority.","False","False","False","False","False","938d8af289b33f48944ad88d0411acbf15792dcd87d9eef22097f20dba926f5d"
"tests/__pycache__/test_secret_lair_registry_datetime.cpython-314-pytest-9.1.1.pyc","IDENTITY_REGISTRY","False","True","False","NOT_IN_OPENING_INVENTORY","HIGH_PRIORITY_REVIEW","PRESERVE_LEGACY_EVIDENCE","IGNORED_RUNTIME_OR_GENERATED_EVIDENCE","Local ignored/runtime evidence is preserved for lineage and empirical review but is not promoted to production authority.","False","False","False","False","False","35b01e65751cdfe4cde8631e0e89f071132faf1c3a932a8e16c9dfb153b95176"
"tests/__pycache__/test_secret_lair_terminal_integration.cpython-314.pyc","INTEGRATION_EXPORT","False","True","False","NOT_IN_OPENING_INVENTORY","HIGH_PRIORITY_REVIEW","PRESERVE_LEGACY_EVIDENCE","IGNORED_RUNTIME_OR_GENERATED_EVIDENCE","Local ignored/runtime evidence is preserved for lineage and empirical review but is not promoted to production authority.","False","False","False","False","False","4db430c61d07b46dee2c98de6da363f585ac0910504e143035eff02a27a04eb8"
"tests/__pycache__/test_secret_lair_terminal_integration.cpython-314-pytest-9.1.1.pyc","INTEGRATION_EXPORT","False","True","False","NOT_IN_OPENING_INVENTORY","HIGH_PRIORITY_REVIEW","PRESERVE_LEGACY_EVIDENCE","IGNORED_RUNTIME_OR_GENERATED_EVIDENCE","Local ignored/runtime evidence is preserved for lineage and empirical review but is not promoted to production authority.","False","False","False","False","False","7809aa676ebc11b8f627c04ba20a6ab09f148b019ce2640817cd64ee637c2bc1"
"tests/test_full_registry_secret_lair_portfolio.py","IDENTITY_REGISTRY","True","False","True","HIGH_PRIORITY_IDENTITY_AUDIT","HIGH_PRIORITY_REVIEW","ADAPT","TRACKED_LEGACY_INFRASTRUCTURE_REQUIRES_V1_RECONCILIATION","Tracked infrastructure may supply reusable mechanics, but its identity, source, evidence, validation, or integration semantics must be reconciled to V1 before use.","False","False","False","False","False","d037b8ecc5b36b8b8bec1443fe1043bc05518477f3bff5d8936291fea1cf5465"
"tests/test_full_secret_lair_model_evaluation.py","LEGACY_MODEL_INTELLIGENCE","True","False","True","REVIEW_FOR_ADAPTATION","PRESERVE_LEGACY_EVIDENCE","PRESERVE_LEGACY_EVIDENCE","LEGACY_MODEL_FORECAST_RANKING","Legacy modeling, forecasting, or ranking evidence must remain preserved but cannot become V1 authority without the governed tournament and certification sequence.","False","False","False","False","False","94322375fbc6fa69a1a61c5dc6a3ccd133fb6d11e20cb6e60f158b575c79b3ea"
"tests/test_master_secret_lair_contracts.py","STRUCTURAL_FEATURES","True","False","True","REVIEW_FOR_ADAPTATION","HIGH_PRIORITY_REVIEW","ADAPT","TRACKED_LEGACY_INFRASTRUCTURE_REQUIRES_V1_RECONCILIATION","Tracked infrastructure may supply reusable mechanics, but its identity, source, evidence, validation, or integration semantics must be reconciled to V1 before use.","False","False","False","False","False","9f806ca3796e4c26e797439e83aa9e9a62c014b79d69778491470f25802dc43a"
"tests/test_master_secret_lair_engine.py","STRUCTURAL_FEATURES","True","False","True","REVIEW_FOR_ADAPTATION","ADAPT_CANDIDATE","ADAPT","TRACKED_LEGACY_INFRASTRUCTURE_REQUIRES_V1_RECONCILIATION","Tracked infrastructure may supply reusable mechanics, but its identity, source, evidence, validation, or integration semantics must be reconciled to V1 before use.","False","False","False","False","False","0a8647da57da874e62340bbf3247e69e3529eca3f736923e4d06374b807b5713"
"tests/test_master_secret_lair_publication.py","STRUCTURAL_FEATURES","True","False","True","REVIEW_FOR_ADAPTATION","HIGH_PRIORITY_REVIEW","ADAPT","TRACKED_LEGACY_INFRASTRUCTURE_REQUIRES_V1_RECONCILIATION","Tracked infrastructure may supply reusable mechanics, but its identity, source, evidence, validation, or integration semantics must be reconciled to V1 before use.","False","False","False","False","False","f5ff2ebb63f10d1a789ff429a508b716dc39dd5a760838de618c8a84d308011b"
"tests/test_master_secret_lair_registry_export.py","IDENTITY_REGISTRY","True","False","True","HIGH_PRIORITY_IDENTITY_AUDIT","ADAPT_CANDIDATE","ADAPT","TRACKED_LEGACY_INFRASTRUCTURE_REQUIRES_V1_RECONCILIATION","Tracked infrastructure may supply reusable mechanics, but its identity, source, evidence, validation, or integration semantics must be reconciled to V1 before use.","False","False","False","False","False","e1b57774d48df64f0f0586719317d71a47ada0eda86024088cdb2d0d70e10514"
"tests/test_phase_10_secret_lair_production_closeout.py","INTEGRATION_EXPORT","True","False","True","REVIEW_FOR_ADAPTATION","PRESERVE_LEGACY_EVIDENCE","PRESERVE_LEGACY_EVIDENCE","LEGACY_MODEL_FORECAST_RANKING","Legacy modeling, forecasting, or ranking evidence must remain preserved but cannot become V1 authority without the governed tournament and certification sequence.","False","False","False","False","False","718537f37c58b11d5cb6a801355ae99362bd08a92f4984360da77c36a5706a35"
"tests/test_phase_8_2_1c_2_secret_lair_semantics.py","VALIDATION_CERTIFICATION","True","False","True","REVIEW_FOR_ADAPTATION","PRESERVE_LEGACY_EVIDENCE","PRESERVE_LEGACY_EVIDENCE","LEGACY_MODEL_FORECAST_RANKING","Legacy modeling, forecasting, or ranking evidence must remain preserved but cannot become V1 authority without the governed tournament and certification sequence.","False","False","False","False","False","8103d0826c5737f90f3167fea339e15ec309a2a3c4589f7e078e6e10705c83ab"
"tests/test_phase_8_2_1c_secret_lair_intelligence_audit.py","LEGACY_MODEL_INTELLIGENCE","True","False","True","REVIEW_FOR_ADAPTATION","PRESERVE_LEGACY_EVIDENCE","PRESERVE_LEGACY_EVIDENCE","LEGACY_MODEL_FORECAST_RANKING","Legacy modeling, forecasting, or ranking evidence must remain preserved but cannot become V1 authority without the governed tournament and certification sequence.","False","False","False","False","False","6c70f8d5ff4d8a1ca71b5d155c7b31474db86e27e1f330f8ad9150bcd3d6be88"
"tests/test_secret_lair_acquisition_connectors.py","SOURCE_ACQUISITION","True","False","True","REVIEW_FOR_ADAPTATION","HIGH_PRIORITY_REVIEW","ADAPT","TRACKED_LEGACY_INFRASTRUCTURE_REQUIRES_V1_RECONCILIATION","Tracked infrastructure may supply reusable mechanics, but its identity, source, evidence, validation, or integration semantics must be reconciled to V1 before use.","False","False","False","False","False","47d388cc9e4f4771713a051116055b2174d15aa5693301eef66cf3b1332235ef"
"tests/test_secret_lair_acquisition_contracts.py","SOURCE_ACQUISITION","True","False","True","REVIEW_FOR_ADAPTATION","HIGH_PRIORITY_REVIEW","ADAPT","TRACKED_LEGACY_INFRASTRUCTURE_REQUIRES_V1_RECONCILIATION","Tracked infrastructure may supply reusable mechanics, but its identity, source, evidence, validation, or integration semantics must be reconciled to V1 before use.","False","False","False","False","False","79b8d5b5a02478d5f8b4796fda68cd92e4ebba5be5cd164acae1128130cfc111"
"tests/test_secret_lair_acquisition_engine.py","SOURCE_ACQUISITION","True","False","True","REVIEW_FOR_ADAPTATION","ADAPT_CANDIDATE","ADAPT","TRACKED_LEGACY_INFRASTRUCTURE_REQUIRES_V1_RECONCILIATION","Tracked infrastructure may supply reusable mechanics, but its identity, source, evidence, validation, or integration semantics must be reconciled to V1 before use.","False","False","False","False","False","af7d72d963bd0ff9e78d08005abedf92f1e56dafa46f6866d48f7cd8423e258c"
"tests/test_secret_lair_acquisition_publication.py","SOURCE_ACQUISITION","True","False","True","REVIEW_FOR_ADAPTATION","HIGH_PRIORITY_REVIEW","ADAPT","TRACKED_LEGACY_INFRASTRUCTURE_REQUIRES_V1_RECONCILIATION","Tracked infrastructure may supply reusable mechanics, but its identity, source, evidence, validation, or integration semantics must be reconciled to V1 before use.","False","False","False","False","False","0026d4620afd3941a952f67e7f1a6de4e3df7190486d25e250835d68639728b3"
"tests/test_secret_lair_archive_contracts.py","HISTORICAL_EVIDENCE","True","False","True","HIGH_PRIORITY_IDENTITY_AUDIT","HIGH_PRIORITY_REVIEW","ADAPT","TRACKED_LEGACY_INFRASTRUCTURE_REQUIRES_V1_RECONCILIATION","Tracked infrastructure may supply reusable mechanics, but its identity, source, evidence, validation, or integration semantics must be reconciled to V1 before use.","False","False","False","False","False","8d6c4d84643b2ef6b4a592f4db34c575e2b3e94b2c838c4fb931435cc503928b"
"tests/test_secret_lair_archive_empty_preview.py","HISTORICAL_EVIDENCE","True","False","True","HIGH_PRIORITY_IDENTITY_AUDIT","HIGH_PRIORITY_REVIEW","ADAPT","TRACKED_LEGACY_INFRASTRUCTURE_REQUIRES_V1_RECONCILIATION","Tracked infrastructure may supply reusable mechanics, but its identity, source, evidence, validation, or integration semantics must be reconciled to V1 before use.","False","False","False","False","False","ecb1fa74d98756cfa51c823697cd2e54456a16c498f4416a105d252c817479a7"
"tests/test_secret_lair_archive_engine.py","HISTORICAL_EVIDENCE","True","False","True","HIGH_PRIORITY_IDENTITY_AUDIT","ADAPT_CANDIDATE","ADAPT","TRACKED_LEGACY_INFRASTRUCTURE_REQUIRES_V1_RECONCILIATION","Tracked infrastructure may supply reusable mechanics, but its identity, source, evidence, validation, or integration semantics must be reconciled to V1 before use.","False","False","False","False","False","6242a52f549c72a5da52fd52ce3ec8e3255b4c3241ec6385667b847be5cdca40"
"tests/test_secret_lair_archive_publication.py","HISTORICAL_EVIDENCE","True","False","True","HIGH_PRIORITY_IDENTITY_AUDIT","HIGH_PRIORITY_REVIEW","ADAPT","TRACKED_LEGACY_INFRASTRUCTURE_REQUIRES_V1_RECONCILIATION","Tracked infrastructure may supply reusable mechanics, but its identity, source, evidence, validation, or integration semantics must be reconciled to V1 before use.","False","False","False","False","False","62445fd1fe1dfa636a45c78c5db1f245601f248f32a600b9393dc515c6a81b06"
"tests/test_secret_lair_archive_registry_integrity.py","IDENTITY_REGISTRY","True","False","True","HIGH_PRIORITY_IDENTITY_AUDIT","ADAPT_CANDIDATE","ADAPT","TRACKED_LEGACY_INFRASTRUCTURE_REQUIRES_V1_RECONCILIATION","Tracked infrastructure may supply reusable mechanics, but its identity, source, evidence, validation, or integration semantics must be reconciled to V1 before use.","False","False","False","False","False","32c8ec216ba9bf34a63bc95be9500108100920fac946cd40c80fee0c2a201b60"
"tests/test_secret_lair_backfill_contracts.py","HISTORICAL_EVIDENCE","True","False","True","HIGH_PRIORITY_EVIDENCE_AUDIT","HIGH_PRIORITY_REVIEW","ADAPT","TRACKED_LEGACY_INFRASTRUCTURE_REQUIRES_V1_RECONCILIATION","Tracked infrastructure may supply reusable mechanics, but its identity, source, evidence, validation, or integration semantics must be reconciled to V1 before use.","False","False","False","False","False","6411a78759972a4596841f6a98e0b36ce5a920ffabbf2f0e6651992f237d9cf9"
"tests/test_secret_lair_backfill_engine.py","HISTORICAL_EVIDENCE","True","False","True","HIGH_PRIORITY_EVIDENCE_AUDIT","ADAPT_CANDIDATE","ADAPT","TRACKED_LEGACY_INFRASTRUCTURE_REQUIRES_V1_RECONCILIATION","Tracked infrastructure may supply reusable mechanics, but its identity, source, evidence, validation, or integration semantics must be reconciled to V1 before use.","False","False","False","False","False","e6ecd2a07899c8b05fdfd0e80ee559997b1f760794eda596aa3212885e29b7ce"
"tests/test_secret_lair_backfill_matching.py","HISTORICAL_EVIDENCE","True","False","True","HIGH_PRIORITY_EVIDENCE_AUDIT","ADAPT_CANDIDATE","ADAPT","TRACKED_LEGACY_INFRASTRUCTURE_REQUIRES_V1_RECONCILIATION","Tracked infrastructure may supply reusable mechanics, but its identity, source, evidence, validation, or integration semantics must be reconciled to V1 before use.","False","False","False","False","False","461433355dd109d26d8a71674382b1c2e66899998013825d9e076015c1f7cd95"
"tests/test_secret_lair_backfill_publication.py","HISTORICAL_EVIDENCE","True","False","True","HIGH_PRIORITY_EVIDENCE_AUDIT","ADAPT_CANDIDATE","ADAPT","TRACKED_LEGACY_INFRASTRUCTURE_REQUIRES_V1_RECONCILIATION","Tracked infrastructure may supply reusable mechanics, but its identity, source, evidence, validation, or integration semantics must be reconciled to V1 before use.","False","False","False","False","False","c64a621a8cb8b92ffa0251b672ae4f9818432d8a03bee537711b890f22b74fd8"
"tests/test_secret_lair_calibration_contracts.py","LEGACY_MODEL_INTELLIGENCE","True","False","True","REVIEW_FOR_ADAPTATION","HIGH_PRIORITY_REVIEW","ADAPT","TRACKED_LEGACY_INFRASTRUCTURE_REQUIRES_V1_RECONCILIATION","Tracked infrastructure may supply reusable mechanics, but its identity, source, evidence, validation, or integration semantics must be reconciled to V1 before use.","False","False","False","False","False","1a3ba4968278605401abebcd8731b6246f1043a6bda3ea17c4a8a0773cff8f9a"
"tests/test_secret_lair_calibration_engine.py","LEGACY_MODEL_INTELLIGENCE","True","False","True","REVIEW_FOR_ADAPTATION","PRESERVE_LEGACY_EVIDENCE","PRESERVE_LEGACY_EVIDENCE","LEGACY_MODEL_FORECAST_RANKING","Legacy modeling, forecasting, or ranking evidence must remain preserved but cannot become V1 authority without the governed tournament and certification sequence.","False","False","False","False","False","5342d0cdce853272ee98f7e0f2044cf5df95f884e96a8c44ecb001299ff757c9"
"tests/test_secret_lair_calibration_publication.py","LEGACY_MODEL_INTELLIGENCE","True","False","True","REVIEW_FOR_ADAPTATION","HIGH_PRIORITY_REVIEW","ADAPT","TRACKED_LEGACY_INFRASTRUCTURE_REQUIRES_V1_RECONCILIATION","Tracked infrastructure may supply reusable mechanics, but its identity, source, evidence, validation, or integration semantics must be reconciled to V1 before use.","False","False","False","False","False","4342a83f451ce143bd5a125cf0cb743824e7a111467aea07de1eee068d6883f6"
"tests/test_secret_lair_contracts.py","VALIDATION_CERTIFICATION","True","False","True","REVIEW_FOR_ADAPTATION","HIGH_PRIORITY_REVIEW","ADAPT","TRACKED_LEGACY_INFRASTRUCTURE_REQUIRES_V1_RECONCILIATION","Tracked infrastructure may supply reusable mechanics, but its identity, source, evidence, validation, or integration semantics must be reconciled to V1 before use.","False","False","False","False","False","ec64f1308963ce9db124ac03c6b019dcb100e57973de0bee095ac588c3a801c2"
"tests/test_secret_lair_datetime_utils.py","VALIDATION_CERTIFICATION","True","False","True","REVIEW_FOR_ADAPTATION","HIGH_PRIORITY_REVIEW","ADAPT","TRACKED_LEGACY_INFRASTRUCTURE_REQUIRES_V1_RECONCILIATION","Tracked infrastructure may supply reusable mechanics, but its identity, source, evidence, validation, or integration semantics must be reconciled to V1 before use.","False","False","False","False","False","056a29763edf0f328a1eb9322af4094331b66b2c3b7209a3440fa0779bd09c96"
"tests/test_secret_lair_discovery_contracts.py","SOURCE_ACQUISITION","True","False","True","HIGH_PRIORITY_EVIDENCE_AUDIT","HIGH_PRIORITY_REVIEW","ADAPT","TRACKED_LEGACY_INFRASTRUCTURE_REQUIRES_V1_RECONCILIATION","Tracked infrastructure may supply reusable mechanics, but its identity, source, evidence, validation, or integration semantics must be reconciled to V1 before use.","False","False","False","False","False","fdb9f2a00113b67f6f848590ffdf8acd5fba5e4e6a6ee782867242da180329cc"
"tests/test_secret_lair_discovery_empty_config.py","SOURCE_ACQUISITION","True","False","True","HIGH_PRIORITY_EVIDENCE_AUDIT","HIGH_PRIORITY_REVIEW","ADAPT","TRACKED_LEGACY_INFRASTRUCTURE_REQUIRES_V1_RECONCILIATION","Tracked infrastructure may supply reusable mechanics, but its identity, source, evidence, validation, or integration semantics must be reconciled to V1 before use.","False","False","False","False","False","aaa4056c7fdd536cd38d37910751cf59ebd07f1a0b8a9a61346ddb261547cc12"
"tests/test_secret_lair_discovery_engine.py","SOURCE_ACQUISITION","True","False","True","HIGH_PRIORITY_EVIDENCE_AUDIT","HIGH_PRIORITY_REVIEW","ADAPT","TRACKED_LEGACY_INFRASTRUCTURE_REQUIRES_V1_RECONCILIATION","Tracked infrastructure may supply reusable mechanics, but its identity, source, evidence, validation, or integration semantics must be reconciled to V1 before use.","False","False","False","False","False","1b2e95d56c95aeaa9c5df48b0a7c02bb30691c32cac3cf56537f55c97e8f4ac9"
"tests/test_secret_lair_discovery_parsers.py","SOURCE_ACQUISITION","True","False","True","HIGH_PRIORITY_EVIDENCE_AUDIT","ADAPT_CANDIDATE","ADAPT","TRACKED_LEGACY_INFRASTRUCTURE_REQUIRES_V1_RECONCILIATION","Tracked infrastructure may supply reusable mechanics, but its identity, source, evidence, validation, or integration semantics must be reconciled to V1 before use.","False","False","False","False","False","7bc697d503b53509ffc0d1b445004bb3339767a7d3829f415eb0f51cbc69793d"
"tests/test_secret_lair_discovery_publication.py","SOURCE_ACQUISITION","True","False","True","HIGH_PRIORITY_EVIDENCE_AUDIT","HIGH_PRIORITY_REVIEW","ADAPT","TRACKED_LEGACY_INFRASTRUCTURE_REQUIRES_V1_RECONCILIATION","Tracked infrastructure may supply reusable mechanics, but its identity, source, evidence, validation, or integration semantics must be reconciled to V1 before use.","False","False","False","False","False","efb95b1fc04de3ff73c6c24c6d42566e591ded93e133d81e4f6f59c39eef0d30"
"tests/test_secret_lair_ebay_lane_certification.py","VALIDATION_CERTIFICATION","True","False","True","REVIEW_FOR_ADAPTATION","HIGH_PRIORITY_REVIEW","ADAPT","TRACKED_LEGACY_INFRASTRUCTURE_REQUIRES_V1_RECONCILIATION","Tracked infrastructure may supply reusable mechanics, but its identity, source, evidence, validation, or integration semantics must be reconciled to V1 before use.","False","False","False","False","False","019ed886871d09ecd975d253358409885802bbab3273aede927c3b1585a6610a"
"tests/test_secret_lair_holdings_workflow.py","VALIDATION_CERTIFICATION","True","False","True","REVIEW_FOR_ADAPTATION","PRESERVE_LEGACY_EVIDENCE","PRESERVE_LEGACY_EVIDENCE","LEGACY_MODEL_FORECAST_RANKING","Legacy modeling, forecasting, or ranking evidence must remain preserved but cannot become V1 authority without the governed tournament and certification sequence.","False","False","False","False","False","bbb5dfc9346493222e454aab192beb338d63b51e54ed19087e97e31b27d912ea"
"tests/test_secret_lair_imports.py","VALIDATION_CERTIFICATION","True","False","True","REVIEW_FOR_ADAPTATION","ADAPT_CANDIDATE","ADAPT","TRACKED_LEGACY_INFRASTRUCTURE_REQUIRES_V1_RECONCILIATION","Tracked infrastructure may supply reusable mechanics, but its identity, source, evidence, validation, or integration semantics must be reconciled to V1 before use.","False","False","False","False","False","ace534af76925f84a9680cc6f24e76d90fb2f13342f4f80fa7d83167f73b708b"
"tests/test_secret_lair_intelligence_contracts.py","LEGACY_MODEL_INTELLIGENCE","True","False","True","REVIEW_FOR_ADAPTATION","HIGH_PRIORITY_REVIEW","ADAPT","TRACKED_LEGACY_INFRASTRUCTURE_REQUIRES_V1_RECONCILIATION","Tracked infrastructure may supply reusable mechanics, but its identity, source, evidence, validation, or integration semantics must be reconciled to V1 before use.","False","False","False","False","False","34b9c3a540f6c19f92bbc65edb937c0f956a3ff110238a144e03970d0529f6ad"
"tests/test_secret_lair_intelligence_datetime.py","LEGACY_MODEL_INTELLIGENCE","True","False","True","REVIEW_FOR_ADAPTATION","ADAPT_CANDIDATE","ADAPT","TRACKED_LEGACY_INFRASTRUCTURE_REQUIRES_V1_RECONCILIATION","Tracked infrastructure may supply reusable mechanics, but its identity, source, evidence, validation, or integration semantics must be reconciled to V1 before use.","False","False","False","False","False","b09baa199df31ecc37f1e56c8b70fce62f419dc7acbcf4446994d8e8ff543815"
"tests/test_secret_lair_intelligence_engine.py","LEGACY_MODEL_INTELLIGENCE","True","False","True","REVIEW_FOR_ADAPTATION","ADAPT_CANDIDATE","ADAPT","TRACKED_LEGACY_INFRASTRUCTURE_REQUIRES_V1_RECONCILIATION","Tracked infrastructure may supply reusable mechanics, but its identity, source, evidence, validation, or integration semantics must be reconciled to V1 before use.","False","False","False","False","False","8128eabee86b545a187e446289ef5ca71611b4ac980ce3f9de2de3bbaa9b7bf2"
"tests/test_secret_lair_intelligence_publication.py","LEGACY_MODEL_INTELLIGENCE","True","False","True","REVIEW_FOR_ADAPTATION","HIGH_PRIORITY_REVIEW","ADAPT","TRACKED_LEGACY_INFRASTRUCTURE_REQUIRES_V1_RECONCILIATION","Tracked infrastructure may supply reusable mechanics, but its identity, source, evidence, validation, or integration semantics must be reconciled to V1 before use.","False","False","False","False","False","dd215bab7022c8cc709cc6c7d3652f3a7635b1bde3f8f8f20af71af37fdc1283"
"tests/test_secret_lair_market_observation_aggregation.py","VALIDATION_CERTIFICATION","True","False","True","REVIEW_FOR_ADAPTATION","HIGH_PRIORITY_REVIEW","ADAPT","TRACKED_LEGACY_INFRASTRUCTURE_REQUIRES_V1_RECONCILIATION","Tracked infrastructure may supply reusable mechanics, but its identity, source, evidence, validation, or integration semantics must be reconciled to V1 before use.","False","False","False","False","False","464eaaf64be243f014652953dbdc4955f30feb59e4ba42217ac4b4610850d4bd"
"tests/test_secret_lair_market_observation_quality_audit.py","VALIDATION_CERTIFICATION","True","False","True","REVIEW_FOR_ADAPTATION","REUSE_OR_ADAPT_CANDIDATE","ADAPT","TRACKED_LEGACY_INFRASTRUCTURE_REQUIRES_V1_RECONCILIATION","Tracked infrastructure may supply reusable mechanics, but its identity, source, evidence, validation, or integration semantics must be reconciled to V1 before use.","False","False","False","False","False","b149b11ee302b332d0cee647223851114488e06f9fe0c2850d84b489c36460b7"
"tests/test_secret_lair_market_value_admission.py","VALIDATION_CERTIFICATION","True","False","True","REVIEW_FOR_ADAPTATION","REUSE_OR_ADAPT_CANDIDATE","ADAPT","TRACKED_LEGACY_INFRASTRUCTURE_REQUIRES_V1_RECONCILIATION","Tracked infrastructure may supply reusable mechanics, but its identity, source, evidence, validation, or integration semantics must be reconciled to V1 before use.","False","False","False","False","False","8010ad7170fbeefb9ddda484ee260541b2d46998d4d191d7f7a89db198c423c1"
"tests/test_secret_lair_market_value_interface.py","VALIDATION_CERTIFICATION","True","False","True","REVIEW_FOR_ADAPTATION","HIGH_PRIORITY_REVIEW","ADAPT","TRACKED_LEGACY_INFRASTRUCTURE_REQUIRES_V1_RECONCILIATION","Tracked infrastructure may supply reusable mechanics, but its identity, source, evidence, validation, or integration semantics must be reconciled to V1 before use.","False","False","False","False","False","b8bddcaa38621da274e338e2a0fa3f1a9a75f1a95db2f7d311de6840c1da75cd"
"tests/test_secret_lair_population_contracts.py","VALIDATION_CERTIFICATION","True","False","True","REVIEW_FOR_ADAPTATION","HIGH_PRIORITY_REVIEW","ADAPT","TRACKED_LEGACY_INFRASTRUCTURE_REQUIRES_V1_RECONCILIATION","Tracked infrastructure may supply reusable mechanics, but its identity, source, evidence, validation, or integration semantics must be reconciled to V1 before use.","False","False","False","False","False","e3f8f5610b61bc0d3298838709d48d2a85c78c2097f0a981d70cd9237c680314"
"tests/test_secret_lair_population_engine.py","VALIDATION_CERTIFICATION","True","False","True","REVIEW_FOR_ADAPTATION","REUSE_OR_ADAPT_CANDIDATE","ADAPT","TRACKED_LEGACY_INFRASTRUCTURE_REQUIRES_V1_RECONCILIATION","Tracked infrastructure may supply reusable mechanics, but its identity, source, evidence, validation, or integration semantics must be reconciled to V1 before use.","False","False","False","False","False","e970a49c77c913293ec9a13368fb138f3a84064b61ce36648a58bed898656220"
"tests/test_secret_lair_population_publication.py","VALIDATION_CERTIFICATION","True","False","True","REVIEW_FOR_ADAPTATION","PRESERVE_LEGACY_EVIDENCE","PRESERVE_LEGACY_EVIDENCE","LEGACY_MODEL_FORECAST_RANKING","Legacy modeling, forecasting, or ranking evidence must remain preserved but cannot become V1 authority without the governed tournament and certification sequence.","False","False","False","False","False","fa76f5e7ff60af129d71e447d5e71ccd5dea59fb5b6bea73d7d04415334ea0bc"
"tests/test_secret_lair_price_imports.py","VALIDATION_CERTIFICATION","True","False","True","HIGH_PRIORITY_EVIDENCE_AUDIT","ADAPT_CANDIDATE","ADAPT","TRACKED_LEGACY_INFRASTRUCTURE_REQUIRES_V1_RECONCILIATION","Tracked infrastructure may supply reusable mechanics, but its identity, source, evidence, validation, or integration semantics must be reconciled to V1 before use.","False","False","False","False","False","f4eef1685f5384a76b54607c947761f4f8ae2ab2496aba0bc15fa8e3bf6e45a3"
"tests/test_secret_lair_pricing.py","CURRENT_PRICE_EVIDENCE","True","False","True","HIGH_PRIORITY_EVIDENCE_AUDIT","ADAPT_CANDIDATE","ADAPT","TRACKED_LEGACY_INFRASTRUCTURE_REQUIRES_V1_RECONCILIATION","Tracked infrastructure may supply reusable mechanics, but its identity, source, evidence, validation, or integration semantics must be reconciled to V1 before use.","False","False","False","False","False","b6a46221008d718b6500d25f2791df471acd7905e05c1d6566a78cdb61620fa5"
"tests/test_secret_lair_pricing_contracts.py","CURRENT_PRICE_EVIDENCE","True","False","True","HIGH_PRIORITY_EVIDENCE_AUDIT","HIGH_PRIORITY_REVIEW","ADAPT","TRACKED_LEGACY_INFRASTRUCTURE_REQUIRES_V1_RECONCILIATION","Tracked infrastructure may supply reusable mechanics, but its identity, source, evidence, validation, or integration semantics must be reconciled to V1 before use.","False","False","False","False","False","bbebf5212cf0e9fbf2893ab981b731bf625ce7def351f0563c7b5a2e76fa6e78"
"tests/test_secret_lair_pricing_publication.py","CURRENT_PRICE_EVIDENCE","True","False","True","HIGH_PRIORITY_EVIDENCE_AUDIT","HIGH_PRIORITY_REVIEW","ADAPT","TRACKED_LEGACY_INFRASTRUCTURE_REQUIRES_V1_RECONCILIATION","Tracked infrastructure may supply reusable mechanics, but its identity, source, evidence, validation, or integration semantics must be reconciled to V1 before use.","False","False","False","False","False","9b4dd361f2a7ecd08bd2d2b1f29867517f0abd4824da8bc30ba82586061d5833"
"tests/test_secret_lair_pricing_timezone.py","CURRENT_PRICE_EVIDENCE","True","False","True","HIGH_PRIORITY_EVIDENCE_AUDIT","ADAPT_CANDIDATE","ADAPT","TRACKED_LEGACY_INFRASTRUCTURE_REQUIRES_V1_RECONCILIATION","Tracked infrastructure may supply reusable mechanics, but its identity, source, evidence, validation, or integration semantics must be reconciled to V1 before use.","False","False","False","False","False","14f9120ac2d566f40525a31ac67b6d9a97b9981c47f4581290cb7440e9b42364"
"tests/test_secret_lair_promotion_contracts.py","VALIDATION_CERTIFICATION","True","False","True","REVIEW_FOR_ADAPTATION","HIGH_PRIORITY_REVIEW","ADAPT","TRACKED_LEGACY_INFRASTRUCTURE_REQUIRES_V1_RECONCILIATION","Tracked infrastructure may supply reusable mechanics, but its identity, source, evidence, validation, or integration semantics must be reconciled to V1 before use.","False","False","False","False","False","037aba7951741fb5881b9dcba7455dc5c460bc0119d876b6213ef0e73ca29c4f"
"tests/test_secret_lair_promotion_engine.py","VALIDATION_CERTIFICATION","True","False","True","REVIEW_FOR_ADAPTATION","ADAPT_CANDIDATE","ADAPT","TRACKED_LEGACY_INFRASTRUCTURE_REQUIRES_V1_RECONCILIATION","Tracked infrastructure may supply reusable mechanics, but its identity, source, evidence, validation, or integration semantics must be reconciled to V1 before use.","False","False","False","False","False","7f74dda310f5773ce929d3573c36b5f79cd0a8051a4d893d0198fcc10bbfb6d6"
"tests/test_secret_lair_promotion_publication.py","VALIDATION_CERTIFICATION","True","False","True","REVIEW_FOR_ADAPTATION","ADAPT_CANDIDATE","ADAPT","TRACKED_LEGACY_INFRASTRUCTURE_REQUIRES_V1_RECONCILIATION","Tracked infrastructure may supply reusable mechanics, but its identity, source, evidence, validation, or integration semantics must be reconciled to V1 before use.","False","False","False","False","False","813f3eff45407b1c37b67deaf6ed7b48a488deb1a68c6b21c87c72beb555f38b"
"tests/test_secret_lair_publication.py","VALIDATION_CERTIFICATION","True","False","True","REVIEW_FOR_ADAPTATION","ADAPT_CANDIDATE","ADAPT","TRACKED_LEGACY_INFRASTRUCTURE_REQUIRES_V1_RECONCILIATION","Tracked infrastructure may supply reusable mechanics, but its identity, source, evidence, validation, or integration semantics must be reconciled to V1 before use.","False","False","False","False","False","b59feb74b68ef78ae05caae0217225b2ac7272444f44fe0b39d9c849262e88dd"
"tests/test_secret_lair_registry.py","IDENTITY_REGISTRY","True","False","True","HIGH_PRIORITY_IDENTITY_AUDIT","ADAPT_CANDIDATE","ADAPT","TRACKED_LEGACY_INFRASTRUCTURE_REQUIRES_V1_RECONCILIATION","Tracked infrastructure may supply reusable mechanics, but its identity, source, evidence, validation, or integration semantics must be reconciled to V1 before use.","False","False","False","False","False","c332cf52ba5c99e1e768d9daac0ec8e94fec55d24bcdc5f6ea28bdc8b2e97e87"
"tests/test_secret_lair_registry_datetime.py","IDENTITY_REGISTRY","True","False","True","HIGH_PRIORITY_IDENTITY_AUDIT","ADAPT_CANDIDATE","ADAPT","TRACKED_LEGACY_INFRASTRUCTURE_REQUIRES_V1_RECONCILIATION","Tracked infrastructure may supply reusable mechanics, but its identity, source, evidence, validation, or integration semantics must be reconciled to V1 before use.","False","False","False","False","False","da76c003abd193c4ae22aee2fd7bdbeebe0765ff9029228a8f67cef03446818a"
"tests/test_secret_lair_terminal_integration.py","INTEGRATION_EXPORT","True","False","True","REVIEW_FOR_ADAPTATION","PRESERVE_LEGACY_EVIDENCE","PRESERVE_LEGACY_EVIDENCE","LEGACY_MODEL_FORECAST_RANKING","Legacy modeling, forecasting, or ranking evidence must remain preserved but cannot become V1 authority without the governed tournament and certification sequence.","False","False","False","False","False","8c98160793dad30a4471ef0cead8057cf4c75d72fd3d9a1f63578161a1114b28"
