"secret_lair_id","product_name","tcgplayer_product_id","governance_status","finish","detailed_finish","product_family","sealed_configuration","current_price_status","tcg_market_price_usd","tcg_low_price_evidence_usd","tcg_mid_price_evidence_usd","tcg_high_price_evidence_usd","low_price_used_as_market_fallback","historical_observation_count","historical_distinct_date_count","first_historical_observation","last_historical_observation","history_span_days","direct_1y_validation_possible","direct_3y_validation_possible","direct_5y_validation_possible","modeling_method_class","one_year_model_path","three_year_output_class","five_year_output_class","permanently_excluded_for_age","fixed_universe_membership_required","release_date_used_as_v1_model_feature","msrp_used_as_v1_model_feature","franchise_ip_used_as_v1_model_feature","artist_used_as_v1_model_feature"
"SL-00DFD5FAF7A6FF","Drop: Secret Lair x Dungeons & Dragons: Whispers in Candlekeep - Non-Foil Edition — Nonfoil Edition","677408","REGISTRY_READY","nonfoil","nonfoil","drop","individual_drop","TCG_MARKET_PRICE_AUTHORIZED_V1","61.62","57.5","76.85","300","False","6","6","2026-03-01","2026-07-23","144","False","False","False","SHORT_HISTORY_TOURNAMENT_CANDIDATE","SHORT_HISTORY_METHOD_TOURNAMENT","SCENARIO_ONLY_UNLESS_FUTURE_DIRECT_VALIDATION","SCENARIO_ONLY_UNLESS_FUTURE_DIRECT_VALIDATION","False","False","False","False","False","False"
"SL-014CB03DE34288","Drop: Artist Series: Victor Adame Minguez - Traditional Foil Edition — Foil Edition","283276","REGISTRY_READY","foil","traditional_foil","drop","individual_drop","TCG_MARKET_PRICE_AUTHORIZED_V1","32.95","36.24","62.5","95.94","False","31","31","2024-02-08","2026-07-23","896","True","False","False","ESTABLISHED_1Y_TOURNAMENT_CANDIDATE","DIRECT_TEMPORAL_OOS_TOURNAMENT","SCENARIO_ONLY_UNLESS_FUTURE_DIRECT_VALIDATION","SCENARIO_ONLY_UNLESS_FUTURE_DIRECT_VALIDATION","False","False","False","False","False","False"
"SL-0170AA960296CD","Cats Are the Best Superdrop: Nine Lives Non-Foil Bundle — Nonfoil Edition","700804","REGISTRY_READY","nonfoil","nonfoil","bundle","bundle","TCG_MARKET_PRICE_AUTHORIZED_V1","397.45","395","699.5","749.99","False","2","2","2026-07-01","2026-07-23","22","False","False","False","SHORT_HISTORY_TOURNAMENT_CANDIDATE","SHORT_HISTORY_METHOD_TOURNAMENT","SCENARIO_ONLY_UNLESS_FUTURE_DIRECT_VALIDATION","SCENARIO_ONLY_UNLESS_FUTURE_DIRECT_VALIDATION","False","False","False","False","False","False"
"SL-01A33A04CE8DA9","Drop: The Dracula Lands - Traditional Foil Edition — Foil Edition","258456","REGISTRY_READY","foil","traditional_foil","drop","individual_drop","TCG_MARKET_PRICE_AUTHORIZED_V1","56.93","52.94","59.95","99.99","False","31","31","2024-02-08","2026-07-23","896","True","False","False","ESTABLISHED_1Y_TOURNAMENT_CANDIDATE","DIRECT_TEMPORAL_OOS_TOURNAMENT","SCENARIO_ONLY_UNLESS_FUTURE_DIRECT_VALIDATION","SCENARIO_ONLY_UNLESS_FUTURE_DIRECT_VALIDATION","False","False","False","False","False","False"
"SL-01DC7B8F9D05F8","Drop: Totally Spaced Out - Galaxy Foil Edition — Foil Edition","450621","REGISTRY_READY","foil","galaxy_foil","drop","individual_drop","TCG_MARKET_PRICE_AUTHORIZED_V1","156.27","154.75","159.95","398.97","False","31","31","2024-02-08","2026-07-23","896","True","False","False","ESTABLISHED_1Y_TOURNAMENT_CANDIDATE","DIRECT_TEMPORAL_OOS_TOURNAMENT","SCENARIO_ONLY_UNLESS_FUTURE_DIRECT_VALIDATION","SCENARIO_ONLY_UNLESS_FUTURE_DIRECT_VALIDATION","False","False","False","False","False","False"
"SL-01E98F93055799","Drop: Artist Series: Sam Burley - Traditional Foil Edition — Foil Edition","480473","REGISTRY_READY","foil","traditional_foil","drop","individual_drop","TCG_MARKET_PRICE_AUTHORIZED_V1","52.66","49.99","74.99","102.99","False","31","31","2024-02-08","2026-07-23","896","True","False","False","ESTABLISHED_1Y_TOURNAMENT_CANDIDATE","DIRECT_TEMPORAL_OOS_TOURNAMENT","SCENARIO_ONLY_UNLESS_FUTURE_DIRECT_VALIDATION","SCENARIO_ONLY_UNLESS_FUTURE_DIRECT_VALIDATION","False","False","False","False","False","False"
"SL-01F4014DB0F8CA","Drop: Flower Power - Rainbow Foil Edition — Foil Edition","655936","REGISTRY_READY","foil","rainbow_foil","drop","individual_drop","TCG_MARKET_PRICE_AUTHORIZED_V1","82.57","95","121.99","300","False","10","10","2025-11-01","2026-07-23","264","False","False","False","SHORT_HISTORY_TOURNAMENT_CANDIDATE","SHORT_HISTORY_METHOD_TOURNAMENT","SCENARIO_ONLY_UNLESS_FUTURE_DIRECT_VALIDATION","SCENARIO_ONLY_UNLESS_FUTURE_DIRECT_VALIDATION","False","False","False","False","False","False"
"SL-02041401623B89","Superdrop: The World's Bundliest Bundle — Standard Edition","247330","REGISTRY_READY","unknown","unknown","bundle","bundle","NO_PRODUCTION_CURRENT_MARKET_PRICE","","","","","False","0","0","","","0","False","False","False","CURRENT_AND_HISTORY_EVIDENCE_GAP","NO_1Y_PRODUCTION_FORECAST_UNTIL_EVIDENCE_AVAILABLE","SCENARIO_ONLY_UNLESS_FUTURE_DIRECT_VALIDATION","SCENARIO_ONLY_UNLESS_FUTURE_DIRECT_VALIDATION","False","False","False","False","False","False"
"SL-021B2153DBD979","Drop: Artist Series: Johannes Voss - Traditional Foil Edition — Foil Edition","247341","REGISTRY_READY","foil","traditional_foil","drop","individual_drop","TCG_MARKET_PRICE_AUTHORIZED_V1","53.08","50","70","169.95","False","31","31","2024-02-08","2026-07-23","896","True","False","False","ESTABLISHED_1Y_TOURNAMENT_CANDIDATE","DIRECT_TEMPORAL_OOS_TOURNAMENT","SCENARIO_ONLY_UNLESS_FUTURE_DIRECT_VALIDATION","SCENARIO_ONLY_UNLESS_FUTURE_DIRECT_VALIDATION","False","False","False","False","False","False"
"SL-02BF1E90F565BA","Drop: Secret Lair Drop: Extra Life 2021 - Traditional Foil Edition — Foil Edition","253835","REGISTRY_READY","foil","traditional_foil","drop","individual_drop","TCG_MARKET_PRICE_AUTHORIZED_V1","43.57","44","73.9","100","False","31","31","2024-02-08","2026-07-23","896","True","False","False","ESTABLISHED_1Y_TOURNAMENT_CANDIDATE","DIRECT_TEMPORAL_OOS_TOURNAMENT","SCENARIO_ONLY_UNLESS_FUTURE_DIRECT_VALIDATION","SCENARIO_ONLY_UNLESS_FUTURE_DIRECT_VALIDATION","False","False","False","False","False","False"
"SL-030C40B079BE71","x Furby: Doo-ay Noo-lah - Non-Foil Edition — Nonfoil Edition","656355","REGISTRY_READY","nonfoil","nonfoil","drop","individual_drop","TCG_MARKET_PRICE_AUTHORIZED_V1","45","52.9","64.95","299","False","10","10","2025-11-01","2026-07-23","264","False","False","False","SHORT_HISTORY_TOURNAMENT_CANDIDATE","SHORT_HISTORY_METHOD_TOURNAMENT","SCENARIO_ONLY_UNLESS_FUTURE_DIRECT_VALIDATION","SCENARIO_ONLY_UNLESS_FUTURE_DIRECT_VALIDATION","False","False","False","False","False","False"
"SL-03121D77EA2C4B","Drop: Secret Lair x Hatsune Miku: Winter Diva JP - Non-Foil Edition — Nonfoil Edition","618087","REGISTRY_READY","nonfoil","nonfoil","drop","individual_drop","TCG_MARKET_PRICE_AUTHORIZED_V1","40.29","43.48","53","150","False","0","0","","","0","False","False","False","CURRENT_PRICE_ONLY_NEW_PRODUCT_CANDIDATE","NEW_PRODUCT_FALLBACK_METHOD_TOURNAMENT","SCENARIO_ONLY_UNLESS_FUTURE_DIRECT_VALIDATION","SCENARIO_ONLY_UNLESS_FUTURE_DIRECT_VALIDATION","False","False","False","False","False","False"
"SL-031591793B58D2","Drop: Special Guest: Kozyndan: The Lands - Traditional Foil Edition — Foil Edition","456535","REGISTRY_READY","foil","traditional_foil","drop","individual_drop","TCG_MARKET_PRICE_AUTHORIZED_V1","76.94","76.94","96.83","300","False","31","31","2024-02-08","2026-07-23","896","True","False","False","ESTABLISHED_1Y_TOURNAMENT_CANDIDATE","DIRECT_TEMPORAL_OOS_TOURNAMENT","SCENARIO_ONLY_UNLESS_FUTURE_DIRECT_VALIDATION","SCENARIO_ONLY_UNLESS_FUTURE_DIRECT_VALIDATION","False","False","False","False","False","False"
"SL-035B905324063A","Drop: Secret Scare Superdrop: Eddie's Metal As Hell All Foil Bundle — Foil Edition","657868","REGISTRY_READY","foil","foil_unspecified","bundle","bundle","NO_PRODUCTION_CURRENT_MARKET_PRICE","","","","","False","4","4","2025-12-01","2026-03-01","90","False","False","False","SHORT_HISTORY_TOURNAMENT_CANDIDATE","SHORT_HISTORY_METHOD_TOURNAMENT","SCENARIO_ONLY_UNLESS_FUTURE_DIRECT_VALIDATION","SCENARIO_ONLY_UNLESS_FUTURE_DIRECT_VALIDATION","False","False","False","False","False","False"
"SL-038D960C141CC9","Drop: Secretversary Superdrop - A Box of Rocks - Non-Foil Edition — Nonfoil Edition","228712","REGISTRY_READY","nonfoil","nonfoil","drop","individual_drop","TCG_MARKET_PRICE_AUTHORIZED_V1","39.02","30.84","46.29","74.99","False","31","31","2024-02-08","2026-07-23","896","True","False","False","ESTABLISHED_1Y_TOURNAMENT_CANDIDATE","DIRECT_TEMPORAL_OOS_TOURNAMENT","SCENARIO_ONLY_UNLESS_FUTURE_DIRECT_VALIDATION","SCENARIO_ONLY_UNLESS_FUTURE_DIRECT_VALIDATION","False","False","False","False","False","False"
"SL-0430987FB34846","Drop: Equinox Superdrop 2024: We Celebrate the Non-Foils Bundle — Nonfoil Edition","545703","REGISTRY_READY","nonfoil","nonfoil","bundle","bundle","NO_PRODUCTION_CURRENT_MARKET_PRICE","","399.99","399.99","399.99","False","0","0","","","0","False","False","False","CURRENT_AND_HISTORY_EVIDENCE_GAP","NO_1Y_PRODUCTION_FORECAST_UNTIL_EVIDENCE_AVAILABLE","SCENARIO_ONLY_UNLESS_FUTURE_DIRECT_VALIDATION","SCENARIO_ONLY_UNLESS_FUTURE_DIRECT_VALIDATION","False","False","False","False","False","False"
"SL-0464E462AF6315","Drop: Showcase: Murders at Karlov Manor - Non-Foil Edition — Nonfoil Edition","537684","REGISTRY_READY","nonfoil","nonfoil","drop","individual_drop","TCG_MARKET_PRICE_AUTHORIZED_V1","26.08","27.28","30.95","77","False","29","29","2024-04-01","2026-07-23","843","True","False","False","ESTABLISHED_1Y_TOURNAMENT_CANDIDATE","DIRECT_TEMPORAL_OOS_TOURNAMENT","SCENARIO_ONLY_UNLESS_FUTURE_DIRECT_VALIDATION","SCENARIO_ONLY_UNLESS_FUTURE_DIRECT_VALIDATION","False","False","False","False","False","False"
"SL-04F997D8C52528","Drop: February Superdrop - Introducing: Kaito Shizuki - Non-Foil Edition — Nonfoil Edition","267768","REGISTRY_READY","nonfoil","nonfoil","drop","individual_drop","TCG_MARKET_PRICE_AUTHORIZED_V1","43.8","49.64","59.97","88.99","False","31","31","2024-02-08","2026-07-23","896","True","False","False","ESTABLISHED_1Y_TOURNAMENT_CANDIDATE","DIRECT_TEMPORAL_OOS_TOURNAMENT","SCENARIO_ONLY_UNLESS_FUTURE_DIRECT_VALIDATION","SCENARIO_ONLY_UNLESS_FUTURE_DIRECT_VALIDATION","False","False","False","False","False","False"
"SL-0559BC4D37DF0B","Drop: Secret Lair x Fallout: Points of Interest - Non-Foil Edition — Nonfoil Edition","545711","REGISTRY_READY","nonfoil","nonfoil","drop","individual_drop","TCG_MARKET_PRICE_AUTHORIZED_V1","92.7","114.49","129.47","210","False","28","28","2024-05-01","2026-07-23","813","True","False","False","ESTABLISHED_1Y_TOURNAMENT_CANDIDATE","DIRECT_TEMPORAL_OOS_TOURNAMENT","SCENARIO_ONLY_UNLESS_FUTURE_DIRECT_VALIDATION","SCENARIO_ONLY_UNLESS_FUTURE_DIRECT_VALIDATION","False","False","False","False","False","False"
"SL-061D727564DFFE","Drop: Secretversary Superdrop 2023: Holiday Gift Bag Bundle - Non-Foil Edition — Nonfoil Edition","528410","REGISTRY_READY","nonfoil","nonfoil","bundle","bundle","NO_PRODUCTION_CURRENT_MARKET_PRICE","","","","","False","0","0","","","0","False","False","False","CURRENT_AND_HISTORY_EVIDENCE_GAP","NO_1Y_PRODUCTION_FORECAST_UNTIL_EVIDENCE_AVAILABLE","SCENARIO_ONLY_UNLESS_FUTURE_DIRECT_VALIDATION","SCENARIO_ONLY_UNLESS_FUTURE_DIRECT_VALIDATION","False","False","False","False","False","False"
"SL-064D2E49795666","Drop: PixelSnowLands.jpg - Foil Etched Edition — Foil Edition","258491","REGISTRY_READY","foil","etched_foil","drop","individual_drop","TCG_MARKET_PRICE_AUTHORIZED_V1","67.9","74.56","79.99","99.99","False","31","31","2024-02-08","2026-07-23","896","True","False","False","ESTABLISHED_1Y_TOURNAMENT_CANDIDATE","DIRECT_TEMPORAL_OOS_TOURNAMENT","SCENARIO_ONLY_UNLESS_FUTURE_DIRECT_VALIDATION","SCENARIO_ONLY_UNLESS_FUTURE_DIRECT_VALIDATION","False","False","False","False","False","False"
"SL-0695851252F6DF","Drop: Two Scoops - The Vanilla Party, Chocolate Business Bundle — Standard Edition","693579","REGISTRY_READY","unknown","unknown","bundle","bundle","NO_PRODUCTION_CURRENT_MARKET_PRICE","","157.99","157.99","188.99","False","0","0","","","0","False","False","False","CURRENT_AND_HISTORY_EVIDENCE_GAP","NO_1Y_PRODUCTION_FORECAST_UNTIL_EVIDENCE_AVAILABLE","SCENARIO_ONLY_UNLESS_FUTURE_DIRECT_VALIDATION","SCENARIO_ONLY_UNLESS_FUTURE_DIRECT_VALIDATION","False","False","False","False","False","False"
"SL-06CAAF43297C92","Drop: Festival in a Box Las Vegas 2025 Bundle — Standard Edition","633045","REGISTRY_READY","unknown","unknown","festival in a box","festival_in_a_box","TCG_MARKET_PRICE_AUTHORIZED_V1","354.85","360","399.99","500","False","1","1","2026-07-23","2026-07-23","0","False","False","False","SHORT_HISTORY_TOURNAMENT_CANDIDATE","SHORT_HISTORY_METHOD_TOURNAMENT","SCENARIO_ONLY_UNLESS_FUTURE_DIRECT_VALIDATION","SCENARIO_ONLY_UNLESS_FUTURE_DIRECT_VALIDATION","False","False","False","False","False","False"
"SL-074AA34DCCD62C","Drop: Prime Slime - Non-Foil Edition — Nonfoil Edition","220991","REGISTRY_READY","nonfoil","nonfoil","drop","individual_drop","TCG_MARKET_PRICE_AUTHORIZED_V1","45.83","46.99","62.53","420.69","False","31","31","2024-02-08","2026-07-23","896","True","False","False","ESTABLISHED_1Y_TOURNAMENT_CANDIDATE","DIRECT_TEMPORAL_OOS_TOURNAMENT","SCENARIO_ONLY_UNLESS_FUTURE_DIRECT_VALIDATION","SCENARIO_ONLY_UNLESS_FUTURE_DIRECT_VALIDATION","False","False","False","False","False","False"
"SL-07E8B624A8C7D4","Drop: Secret Lair x Dungeons & Dragons: Black Lights & Dark Dungeons - Traditional Foil Edition — Foil Edition","677405","REGISTRY_READY","foil","traditional_foil","drop","individual_drop","TCG_MARKET_PRICE_AUTHORIZED_V1","84.79","83","107.4","300","False","6","6","2026-03-01","2026-07-23","144","False","False","False","SHORT_HISTORY_TOURNAMENT_CANDIDATE","SHORT_HISTORY_METHOD_TOURNAMENT","SCENARIO_ONLY_UNLESS_FUTURE_DIRECT_VALIDATION","SCENARIO_ONLY_UNLESS_FUTURE_DIRECT_VALIDATION","False","False","False","False","False","False"
"SL-083956F35FB3E4","Drop: Special Guest: Matt Jukes - Traditional Foil Edition — Foil Edition","273594","REGISTRY_READY","foil","traditional_foil","drop","individual_drop","TCG_MARKET_PRICE_AUTHORIZED_V1","55.5","57","69.99","169.99","False","31","31","2024-02-08","2026-07-23","896","True","False","False","ESTABLISHED_1Y_TOURNAMENT_CANDIDATE","DIRECT_TEMPORAL_OOS_TOURNAMENT","SCENARIO_ONLY_UNLESS_FUTURE_DIRECT_VALIDATION","SCENARIO_ONLY_UNLESS_FUTURE_DIRECT_VALIDATION","False","False","False","False","False","False"
"SL-091253B94BB947","Drop: Welcome to the Fungal - Traditional Foil Edition — Foil Edition","456547","REGISTRY_READY","foil","traditional_foil","drop","individual_drop","TCG_MARKET_PRICE_AUTHORIZED_V1","130.67","148.99","148.99","148.99","False","29","29","2024-02-08","2026-07-23","896","True","False","False","ESTABLISHED_1Y_TOURNAMENT_CANDIDATE","DIRECT_TEMPORAL_OOS_TOURNAMENT","SCENARIO_ONLY_UNLESS_FUTURE_DIRECT_VALIDATION","SCENARIO_ONLY_UNLESS_FUTURE_DIRECT_VALIDATION","False","False","False","False","False","False"
"SL-09332718CFEA52","Drop: Summer Superdrop 2025 - Featuring: Imiri Sakabashira (Rainbow Foil Edition) — Foil Edition","637672","REGISTRY_READY","foil","rainbow_foil","drop","individual_drop","TCG_MARKET_PRICE_AUTHORIZED_V1","50.2","45","60","99","False","13","13","2025-08-01","2026-07-23","356","False","False","False","SHORT_HISTORY_TOURNAMENT_CANDIDATE","SHORT_HISTORY_METHOD_TOURNAMENT","SCENARIO_ONLY_UNLESS_FUTURE_DIRECT_VALIDATION","SCENARIO_ONLY_UNLESS_FUTURE_DIRECT_VALIDATION","False","False","False","False","False","False"
"SL-0957EA8624A898","Drop: February Superdrop - The Bundle Bundle — Standard Edition","267767","REGISTRY_READY","unknown","unknown","bundle","bundle","NO_PRODUCTION_CURRENT_MARKET_PRICE","","897","897","897","False","0","0","","","0","False","False","False","CURRENT_AND_HISTORY_EVIDENCE_GAP","NO_1Y_PRODUCTION_FORECAST_UNTIL_EVIDENCE_AVAILABLE","SCENARIO_ONLY_UNLESS_FUTURE_DIRECT_VALIDATION","SCENARIO_ONLY_UNLESS_FUTURE_DIRECT_VALIDATION","False","False","False","False","False","False"
"SL-095A861D9875C3","Drop: Showcase: Kaldheim - Part 1 - Traditional Foil Edition — Foil Edition","232601","REGISTRY_READY","foil","traditional_foil","drop","individual_drop","TCG_MARKET_PRICE_AUTHORIZED_V1","65.04","67.99","83","129.99","False","31","31","2024-02-08","2026-07-23","896","True","False","False","ESTABLISHED_1Y_TOURNAMENT_CANDIDATE","DIRECT_TEMPORAL_OOS_TOURNAMENT","SCENARIO_ONLY_UNLESS_FUTURE_DIRECT_VALIDATION","SCENARIO_ONLY_UNLESS_FUTURE_DIRECT_VALIDATION","False","False","False","False","False","False"
"SL-09F80672292CE8","Drop: Secret Lair x Assassin's Creed: Lethal Legends - Non-Foil Edition — Nonfoil Edition","556807","REGISTRY_READY","nonfoil","nonfoil","drop","individual_drop","TCG_MARKET_PRICE_AUTHORIZED_V1","70.09","69.12","84.12","250","False","25","25","2024-08-01","2026-07-23","721","True","False","False","ESTABLISHED_1Y_TOURNAMENT_CANDIDATE","DIRECT_TEMPORAL_OOS_TOURNAMENT","SCENARIO_ONLY_UNLESS_FUTURE_DIRECT_VALIDATION","SCENARIO_ONLY_UNLESS_FUTURE_DIRECT_VALIDATION","False","False","False","False","False","False"
"SL-0A174DAC0F9024","Drop: Transformers: One Shall Stand, One Shall Fall - Traditional Foil Edition — Foil Edition","456529","REGISTRY_READY","foil","traditional_foil","drop","individual_drop","TCG_MARKET_PRICE_AUTHORIZED_V1","87.02","82.79","97.99","137.99","False","31","31","2024-02-08","2026-07-23","896","True","False","False","ESTABLISHED_1Y_TOURNAMENT_CANDIDATE","DIRECT_TEMPORAL_OOS_TOURNAMENT","SCENARIO_ONLY_UNLESS_FUTURE_DIRECT_VALIDATION","SCENARIO_ONLY_UNLESS_FUTURE_DIRECT_VALIDATION","False","False","False","False","False","False"
"SL-0A1AF554F409DF","Drop: Miss A Drop - It's Gone Superdrop: Boo-Tacular Bundle Bundle — Standard Edition","251736","REGISTRY_READY","unknown","unknown","bundle","bundle","NO_PRODUCTION_CURRENT_MARKET_PRICE","","900","900","900","False","0","0","","","0","False","False","False","CURRENT_AND_HISTORY_EVIDENCE_GAP","NO_1Y_PRODUCTION_FORECAST_UNTIL_EVIDENCE_AVAILABLE","SCENARIO_ONLY_UNLESS_FUTURE_DIRECT_VALIDATION","SCENARIO_ONLY_UNLESS_FUTURE_DIRECT_VALIDATION","False","False","False","False","False","False"
"SL-0AA8438AAB4240","Drop: April Superdrop - Non-stop, Non-Foil Bundle — Nonfoil Edition","273607","REGISTRY_READY","nonfoil","nonfoil","bundle","bundle","NO_PRODUCTION_CURRENT_MARKET_PRICE","","350","350","350","False","0","0","","","0","False","False","False","CURRENT_AND_HISTORY_EVIDENCE_GAP","NO_1Y_PRODUCTION_FORECAST_UNTIL_EVIDENCE_AVAILABLE","SCENARIO_ONLY_UNLESS_FUTURE_DIRECT_VALIDATION","SCENARIO_ONLY_UNLESS_FUTURE_DIRECT_VALIDATION","False","False","False","False","False","False"
"SL-0B3132C3EEAD64","Drop: The Strange Sands: Island - Non-Foil Edition — Nonfoil Edition","610788","REGISTRY_READY","nonfoil","nonfoil","drop","individual_drop","TCG_MARKET_PRICE_AUTHORIZED_V1","79.98","81","100.03","199","False","19","19","2025-02-01","2026-07-23","537","True","False","False","ESTABLISHED_1Y_TOURNAMENT_CANDIDATE","DIRECT_TEMPORAL_OOS_TOURNAMENT","SCENARIO_ONLY_UNLESS_FUTURE_DIRECT_VALIDATION","SCENARIO_ONLY_UNLESS_FUTURE_DIRECT_VALIDATION","False","False","False","False","False","False"
"SL-0B75BFD8A38901","Drop: Special Guest: Junji Ito (English) - Non-Foil Edition — Nonfoil Edition","450536","REGISTRY_READY","nonfoil","nonfoil","drop","individual_drop","TCG_MARKET_PRICE_AUTHORIZED_V1","194.75","194.98","204.74","249.99","False","31","31","2024-02-08","2026-07-23","896","True","False","False","ESTABLISHED_1Y_TOURNAMENT_CANDIDATE","DIRECT_TEMPORAL_OOS_TOURNAMENT","SCENARIO_ONLY_UNLESS_FUTURE_DIRECT_VALIDATION","SCENARIO_ONLY_UNLESS_FUTURE_DIRECT_VALIDATION","False","False","False","False","False","False"
"SL-0C1E7816FD9FE9","Drop: Death Is Temporary, Metal Is Forever - Non-Foil Edition — Nonfoil Edition","501839","REGISTRY_READY","nonfoil","nonfoil","drop","individual_drop","TCG_MARKET_PRICE_AUTHORIZED_V1","154.87","300","300","300","False","31","31","2024-02-08","2026-07-23","896","True","False","False","ESTABLISHED_1Y_TOURNAMENT_CANDIDATE","DIRECT_TEMPORAL_OOS_TOURNAMENT","SCENARIO_ONLY_UNLESS_FUTURE_DIRECT_VALIDATION","SCENARIO_ONLY_UNLESS_FUTURE_DIRECT_VALIDATION","False","False","False","False","False","False"
"SL-0C4B6E83C3E214","x Avatar: The Last Airbender: The Ember Island Players - Rainbow Foil Edition — Foil Edition","662602","REGISTRY_READY","foil","rainbow_foil","drop","individual_drop","TCG_MARKET_PRICE_AUTHORIZED_V1","42.61","50","70","300","False","9","9","2025-12-01","2026-07-23","234","False","False","False","SHORT_HISTORY_TOURNAMENT_CANDIDATE","SHORT_HISTORY_METHOD_TOURNAMENT","SCENARIO_ONLY_UNLESS_FUTURE_DIRECT_VALIDATION","SCENARIO_ONLY_UNLESS_FUTURE_DIRECT_VALIDATION","False","False","False","False","False","False"
"SL-0CEABF59829053","Drop: Summer Superdrop 2024: Showstopper Bundle - Non-Foil Edition — Nonfoil Edition","556781","REGISTRY_READY","nonfoil","nonfoil","bundle","bundle","NO_PRODUCTION_CURRENT_MARKET_PRICE","","649.94","649.94","649.94","False","0","0","","","0","False","False","False","CURRENT_AND_HISTORY_EVIDENCE_GAP","NO_1Y_PRODUCTION_FORECAST_UNTIL_EVIDENCE_AVAILABLE","SCENARIO_ONLY_UNLESS_FUTURE_DIRECT_VALIDATION","SCENARIO_ONLY_UNLESS_FUTURE_DIRECT_VALIDATION","False","False","False","False","False","False"
"SL-0CED568CA776CD","Drop: Li'l'er Walkers - Traditional Foil Edition — Foil Edition","448635","REGISTRY_READY","foil","traditional_foil","drop","individual_drop","TCG_MARKET_PRICE_AUTHORIZED_V1","42.21","44","62.75","100","False","31","31","2024-02-08","2026-07-23","896","True","False","False","ESTABLISHED_1Y_TOURNAMENT_CANDIDATE","DIRECT_TEMPORAL_OOS_TOURNAMENT","SCENARIO_ONLY_UNLESS_FUTURE_DIRECT_VALIDATION","SCENARIO_ONLY_UNLESS_FUTURE_DIRECT_VALIDATION","False","False","False","False","False","False"
"SL-0CF3E7A9C296C3","Drop: Summer Superdrop 2025 - The Art of Frank Frazetta: The Second Exhibition (Non-Foil Edition) — Nonfoil Edition","637670","REGISTRY_READY","nonfoil","nonfoil","drop","individual_drop","TCG_MARKET_PRICE_AUTHORIZED_V1","48.54","48.94","69.95","157.89","False","14","14","2025-07-01","2026-07-23","387","True","False","False","ESTABLISHED_1Y_TOURNAMENT_CANDIDATE","DIRECT_TEMPORAL_OOS_TOURNAMENT","SCENARIO_ONLY_UNLESS_FUTURE_DIRECT_VALIDATION","SCENARIO_ONLY_UNLESS_FUTURE_DIRECT_VALIDATION","False","False","False","False","False","False"
"SL-0CFD9C26617BF8","Drop: The Fairest Drop of All - Traditional Foil Edition — Foil Edition","603324","REGISTRY_READY","foil","traditional_foil","drop","individual_drop","TCG_MARKET_PRICE_AUTHORIZED_V1","46.16","37.8","59.39","300","False","20","20","2025-01-01","2026-07-23","568","True","False","False","ESTABLISHED_1Y_TOURNAMENT_CANDIDATE","DIRECT_TEMPORAL_OOS_TOURNAMENT","SCENARIO_ONLY_UNLESS_FUTURE_DIRECT_VALIDATION","SCENARIO_ONLY_UNLESS_FUTURE_DIRECT_VALIDATION","False","False","False","False","False","False"
"SL-0D7734D027859B","Drop: Secret Lair x Garfield: Motivationally Challenged - Traditional Foil Edition — Foil Edition","694966","REGISTRY_READY","foil","traditional_foil","drop","individual_drop","TCG_MARKET_PRICE_AUTHORIZED_V1","40.47","37.98","59.97","999","False","2","2","2026-07-01","2026-07-23","22","False","False","False","SHORT_HISTORY_TOURNAMENT_CANDIDATE","SHORT_HISTORY_METHOD_TOURNAMENT","SCENARIO_ONLY_UNLESS_FUTURE_DIRECT_VALIDATION","SCENARIO_ONLY_UNLESS_FUTURE_DIRECT_VALIDATION","False","False","False","False","False","False"
"SL-0D989A557A9D90","Drop: Secret Lair x Garfield: As Intended - Traditional Foil Edition — Foil Edition","694968","REGISTRY_READY","foil","traditional_foil","drop","individual_drop","TCG_MARKET_PRICE_AUTHORIZED_V1","43.79","42","59.99","9999","False","2","2","2026-07-01","2026-07-23","22","False","False","False","SHORT_HISTORY_TOURNAMENT_CANDIDATE","SHORT_HISTORY_METHOD_TOURNAMENT","SCENARIO_ONLY_UNLESS_FUTURE_DIRECT_VALIDATION","SCENARIO_ONLY_UNLESS_FUTURE_DIRECT_VALIDATION","False","False","False","False","False","False"
"SL-0E13518CC2D50B","Drop: Special Guest: Kozyndan: Another Story - Traditional Foil Edition — Foil Edition","456537","REGISTRY_READY","foil","traditional_foil","drop","individual_drop","TCG_MARKET_PRICE_AUTHORIZED_V1","87.14","85.92","104.34","189.99","False","31","31","2024-02-08","2026-07-23","896","True","False","False","ESTABLISHED_1Y_TOURNAMENT_CANDIDATE","DIRECT_TEMPORAL_OOS_TOURNAMENT","SCENARIO_ONLY_UNLESS_FUTURE_DIRECT_VALIDATION","SCENARIO_ONLY_UNLESS_FUTURE_DIRECT_VALIDATION","False","False","False","False","False","False"
"SL-0E630241169A8E","Drop: Fblthp: Completely, Utterly, Totally Lost - Traditional Foil Edition — Foil Edition","258480","REGISTRY_READY","foil","traditional_foil","drop","individual_drop","TCG_MARKET_PRICE_AUTHORIZED_V1","60.5","63.68","80","199.99","False","31","31","2024-02-08","2026-07-23","896","True","False","False","ESTABLISHED_1Y_TOURNAMENT_CANDIDATE","DIRECT_TEMPORAL_OOS_TOURNAMENT","SCENARIO_ONLY_UNLESS_FUTURE_DIRECT_VALIDATION","SCENARIO_ONLY_UNLESS_FUTURE_DIRECT_VALIDATION","False","False","False","False","False","False"
"SL-0E772D4E9A9FA4","x The Last of Us Part I - Rainbow Foil Edition — Foil Edition","658347","REGISTRY_READY","foil","rainbow_foil","drop","individual_drop","TCG_MARKET_PRICE_AUTHORIZED_V1","49.96","50","72.79","110","False","10","10","2025-11-01","2026-07-23","264","False","False","False","SHORT_HISTORY_TOURNAMENT_CANDIDATE","SHORT_HISTORY_METHOD_TOURNAMENT","SCENARIO_ONLY_UNLESS_FUTURE_DIRECT_VALIDATION","SCENARIO_ONLY_UNLESS_FUTURE_DIRECT_VALIDATION","False","False","False","False","False","False"
"SL-0EA9F010F7F403","Drop: Year of the Rat - Traditional Foil Edition — Foil Edition","207451","REGISTRY_READY","foil","traditional_foil","drop","individual_drop","TCG_MARKET_PRICE_AUTHORIZED_V1","142.37","142.37","191.85","249.89","False","31","31","2024-02-08","2026-07-23","896","True","False","False","ESTABLISHED_1Y_TOURNAMENT_CANDIDATE","DIRECT_TEMPORAL_OOS_TOURNAMENT","SCENARIO_ONLY_UNLESS_FUTURE_DIRECT_VALIDATION","SCENARIO_ONLY_UNLESS_FUTURE_DIRECT_VALIDATION","False","False","False","False","False","False"
"SL-0ED724E9E0E76F","Drop: Secret Lair x Marvel's Spider-Man: Villainous Plots - Rainbow Foil Edition — Foil Edition","653126","REGISTRY_READY","foil","rainbow_foil","drop","individual_drop","TCG_MARKET_PRICE_AUTHORIZED_V1","47.01","47.41","68.1","149.99","False","11","11","2025-10-01","2026-07-23","295","False","False","False","SHORT_HISTORY_TOURNAMENT_CANDIDATE","SHORT_HISTORY_METHOD_TOURNAMENT","SCENARIO_ONLY_UNLESS_FUTURE_DIRECT_VALIDATION","SCENARIO_ONLY_UNLESS_FUTURE_DIRECT_VALIDATION","False","False","False","False","False","False"
"SL-0EF6F56C669DFA","Drop: Meditations on Nature - Traditional Foil Edition — Foil Edition","518823","REGISTRY_READY","foil","traditional_foil","drop","individual_drop","TCG_MARKET_PRICE_AUTHORIZED_V1","122.25","139.95","144.99","189.99","False","31","31","2024-02-08","2026-07-23","896","True","False","False","ESTABLISHED_1Y_TOURNAMENT_CANDIDATE","DIRECT_TEMPORAL_OOS_TOURNAMENT","SCENARIO_ONLY_UNLESS_FUTURE_DIRECT_VALIDATION","SCENARIO_ONLY_UNLESS_FUTURE_DIRECT_VALIDATION","False","False","False","False","False","False"
"SL-0F1DBD84485B3E","Drop: Astrology Lands (Gemini) Bundle - Non-Foil Edition — Nonfoil Edition","279230","REGISTRY_READY","nonfoil","nonfoil","bundle","bundle","NO_PRODUCTION_CURRENT_MARKET_PRICE","","","","","False","0","0","","","0","False","False","False","CURRENT_AND_HISTORY_EVIDENCE_GAP","NO_1Y_PRODUCTION_FORECAST_UNTIL_EVIDENCE_AVAILABLE","SCENARIO_ONLY_UNLESS_FUTURE_DIRECT_VALIDATION","SCENARIO_ONLY_UNLESS_FUTURE_DIRECT_VALIDATION","False","False","False","False","False","False"
"SL-0F86D31256941D","Drop: Secret Lair x Marvel's Wolverine - Rainbow Foil Edition — Foil Edition","592073","REGISTRY_READY","foil","rainbow_foil","drop","individual_drop","TCG_MARKET_PRICE_AUTHORIZED_V1","126.52","119.99","140","350","False","21","21","2024-12-01","2026-07-23","599","True","False","False","ESTABLISHED_1Y_TOURNAMENT_CANDIDATE","DIRECT_TEMPORAL_OOS_TOURNAMENT","SCENARIO_ONLY_UNLESS_FUTURE_DIRECT_VALIDATION","SCENARIO_ONLY_UNLESS_FUTURE_DIRECT_VALIDATION","False","False","False","False","False","False"
"SL-0F8CABC723BB6B","Drop: Secret Lair x Marvel's Spider-Man: The Amazing Everything Bundle — Standard Edition","655099","REGISTRY_READY","unknown","unknown","bundle","bundle","TCG_MARKET_PRICE_AUTHORIZED_V1","387.16","432","599.87","1000","False","1","1","2026-07-23","2026-07-23","0","False","False","False","SHORT_HISTORY_TOURNAMENT_CANDIDATE","SHORT_HISTORY_METHOD_TOURNAMENT","SCENARIO_ONLY_UNLESS_FUTURE_DIRECT_VALIDATION","SCENARIO_ONLY_UNLESS_FUTURE_DIRECT_VALIDATION","False","False","False","False","False","False"
"SL-0FD5F6D742E1F1","x Avatar: The Last Airbender Superdrop: Avatar State Foil Bundle — Foil Edition","664031","REGISTRY_READY","foil","foil_unspecified","bundle","bundle","TCG_MARKET_PRICE_AUTHORIZED_V1","313.81","312.99","347.82","799.99","False","9","9","2025-12-01","2026-07-23","234","False","False","False","SHORT_HISTORY_TOURNAMENT_CANDIDATE","SHORT_HISTORY_METHOD_TOURNAMENT","SCENARIO_ONLY_UNLESS_FUTURE_DIRECT_VALIDATION","SCENARIO_ONLY_UNLESS_FUTURE_DIRECT_VALIDATION","False","False","False","False","False","False"
"SL-1051ECFDCBF5AF","Drop: Math Is For Blockers - Traditional Foil Edition — Foil Edition","247347","REGISTRY_READY","foil","traditional_foil","drop","individual_drop","TCG_MARKET_PRICE_AUTHORIZED_V1","26.96","27","50.5","97.99","False","31","31","2024-02-08","2026-07-23","896","True","False","False","ESTABLISHED_1Y_TOURNAMENT_CANDIDATE","DIRECT_TEMPORAL_OOS_TOURNAMENT","SCENARIO_ONLY_UNLESS_FUTURE_DIRECT_VALIDATION","SCENARIO_ONLY_UNLESS_FUTURE_DIRECT_VALIDATION","False","False","False","False","False","False"
"SL-10654C31034738","Drop: Lorwyn Lightboxes - Non-Foil Edition — Nonfoil Edition","618110","REGISTRY_READY","nonfoil","nonfoil","drop","individual_drop","TCG_MARKET_PRICE_AUTHORIZED_V1","37.53","37.99","45.98","88","False","18","18","2025-03-01","2026-07-23","509","True","False","False","ESTABLISHED_1Y_TOURNAMENT_CANDIDATE","DIRECT_TEMPORAL_OOS_TOURNAMENT","SCENARIO_ONLY_UNLESS_FUTURE_DIRECT_VALIDATION","SCENARIO_ONLY_UNLESS_FUTURE_DIRECT_VALIDATION","False","False","False","False","False","False"
"SL-10F7835581923D","Drop: Phyrexian Praetors: Compleat Edition - Non-Foil Edition — Nonfoil Edition","242346","REGISTRY_READY","nonfoil","nonfoil","drop","individual_drop","TCG_MARKET_PRICE_AUTHORIZED_V1","65.06","70","74.99","159.99","False","31","31","2024-02-08","2026-07-23","896","True","False","False","ESTABLISHED_1Y_TOURNAMENT_CANDIDATE","DIRECT_TEMPORAL_OOS_TOURNAMENT","SCENARIO_ONLY_UNLESS_FUTURE_DIRECT_VALIDATION","SCENARIO_ONLY_UNLESS_FUTURE_DIRECT_VALIDATION","False","False","False","False","False","False"
"SL-115EC34A20CEBD","Countdown Kit: An Encyclopedia of Magic Book Club Bundle — Standard Edition","662006","REGISTRY_READY","unknown","unknown","bundle","kit","TCG_MARKET_PRICE_AUTHORIZED_V1","574.28","599.99","610.99","897.78","False","1","1","2026-07-23","2026-07-23","0","False","False","False","SHORT_HISTORY_TOURNAMENT_CANDIDATE","SHORT_HISTORY_METHOD_TOURNAMENT","SCENARIO_ONLY_UNLESS_FUTURE_DIRECT_VALIDATION","SCENARIO_ONLY_UNLESS_FUTURE_DIRECT_VALIDATION","False","False","False","False","False","False"
"SL-118CC96FD450B8","Drop: Secret Lair x Brain Dead: New Earth Mentality - Traditional Foil Edition — Foil Edition","680617","REGISTRY_READY","foil","traditional_foil","drop","individual_drop","TCG_MARKET_PRICE_AUTHORIZED_V1","60.4","53.59","72.49","133.49","False","6","6","2026-03-01","2026-07-23","144","False","False","False","SHORT_HISTORY_TOURNAMENT_CANDIDATE","SHORT_HISTORY_METHOD_TOURNAMENT","SCENARIO_ONLY_UNLESS_FUTURE_DIRECT_VALIDATION","SCENARIO_ONLY_UNLESS_FUTURE_DIRECT_VALIDATION","False","False","False","False","False","False"
"SL-120AAF80ADF7D7","Drop: Totally Refreshing - Non-Foil Edition — Nonfoil Edition","242356","REGISTRY_READY","nonfoil","nonfoil","drop","individual_drop","NO_PRODUCTION_CURRENT_MARKET_PRICE","","","","","False","0","0","","","0","False","False","False","CURRENT_AND_HISTORY_EVIDENCE_GAP","NO_1Y_PRODUCTION_FORECAST_UNTIL_EVIDENCE_AVAILABLE","SCENARIO_ONLY_UNLESS_FUTURE_DIRECT_VALIDATION","SCENARIO_ONLY_UNLESS_FUTURE_DIRECT_VALIDATION","False","False","False","False","False","False"
"SL-122DA15C9E14A2","Drop: Artist Series: Aleksi Briclot - Non-Foil Edition — Nonfoil Edition","456538","REGISTRY_READY","nonfoil","nonfoil","drop","individual_drop","TCG_MARKET_PRICE_AUTHORIZED_V1","95.83","83.69","106.97","184.99","False","30","30","2024-02-08","2026-07-23","896","True","False","False","ESTABLISHED_1Y_TOURNAMENT_CANDIDATE","DIRECT_TEMPORAL_OOS_TOURNAMENT","SCENARIO_ONLY_UNLESS_FUTURE_DIRECT_VALIDATION","SCENARIO_ONLY_UNLESS_FUTURE_DIRECT_VALIDATION","False","False","False","False","False","False"
"SL-126AA07A5786BF","Cats Are the Best Superdrop: Cats Rule Everything Bundle — Standard Edition","700802","REGISTRY_READY","unknown","unknown","bundle","bundle","TCG_MARKET_PRICE_AUTHORIZED_V1","999.95","700","999.95","1700","False","1","1","2026-07-23","2026-07-23","0","False","False","False","SHORT_HISTORY_TOURNAMENT_CANDIDATE","SHORT_HISTORY_METHOD_TOURNAMENT","SCENARIO_ONLY_UNLESS_FUTURE_DIRECT_VALIDATION","SCENARIO_ONLY_UNLESS_FUTURE_DIRECT_VALIDATION","False","False","False","False","False","False"
"SL-12A0108619FC9B","Drop: Showcase: Monster Anatomy 101 - Non-Foil Edition — Nonfoil Edition","251881","REGISTRY_READY","nonfoil","nonfoil","drop","individual_drop","TCG_MARKET_PRICE_AUTHORIZED_V1","55.64","56.95","64.38","70","False","31","31","2024-02-08","2026-07-23","896","True","False","False","ESTABLISHED_1Y_TOURNAMENT_CANDIDATE","DIRECT_TEMPORAL_OOS_TOURNAMENT","SCENARIO_ONLY_UNLESS_FUTURE_DIRECT_VALIDATION","SCENARIO_ONLY_UNLESS_FUTURE_DIRECT_VALIDATION","False","False","False","False","False","False"
"SL-12C2591B92C35D","Drop: Showcase: Kaldheim - Part 1 - Non-Foil Edition — Nonfoil Edition","232602","REGISTRY_READY","nonfoil","nonfoil","drop","individual_drop","TCG_MARKET_PRICE_AUTHORIZED_V1","44.16","46.83","67.48","79.99","False","31","31","2024-02-08","2026-07-23","896","True","False","False","ESTABLISHED_1Y_TOURNAMENT_CANDIDATE","DIRECT_TEMPORAL_OOS_TOURNAMENT","SCENARIO_ONLY_UNLESS_FUTURE_DIRECT_VALIDATION","SCENARIO_ONLY_UNLESS_FUTURE_DIRECT_VALIDATION","False","False","False","False","False","False"
"SL-1300E73CDDA9B5","Drop: Secret Lair x Fallout: Greet the Dog - Non-Foil Edition — Nonfoil Edition","673777","REGISTRY_READY","nonfoil","nonfoil","drop","individual_drop","TCG_MARKET_PRICE_AUTHORIZED_V1","42.22","39.99","59.47","169.99","False","7","7","2026-02-01","2026-07-23","172","False","False","False","SHORT_HISTORY_TOURNAMENT_CANDIDATE","SHORT_HISTORY_METHOD_TOURNAMENT","SCENARIO_ONLY_UNLESS_FUTURE_DIRECT_VALIDATION","SCENARIO_ONLY_UNLESS_FUTURE_DIRECT_VALIDATION","False","False","False","False","False","False"
"SL-1304148BB94881","Drop: Bad to the Bones - Non-Foil Edition — Nonfoil Edition","501844","REGISTRY_READY","nonfoil","nonfoil","drop","individual_drop","TCG_MARKET_PRICE_AUTHORIZED_V1","74.94","89.74","89.92","105","False","31","31","2024-02-08","2026-07-23","896","True","False","False","ESTABLISHED_1Y_TOURNAMENT_CANDIDATE","DIRECT_TEMPORAL_OOS_TOURNAMENT","SCENARIO_ONLY_UNLESS_FUTURE_DIRECT_VALIDATION","SCENARIO_ONLY_UNLESS_FUTURE_DIRECT_VALIDATION","False","False","False","False","False","False"
"SL-137214427FCCAA","Drop: Showcase: Streets of New Capenna - Gilded Foil Edition — Foil Edition","273593","REGISTRY_READY","foil","gilded_foil","drop","individual_drop","TCG_MARKET_PRICE_AUTHORIZED_V1","62.9","70","86.95","177.77","False","31","31","2024-02-08","2026-07-23","896","True","False","False","ESTABLISHED_1Y_TOURNAMENT_CANDIDATE","DIRECT_TEMPORAL_OOS_TOURNAMENT","SCENARIO_ONLY_UNLESS_FUTURE_DIRECT_VALIDATION","SCENARIO_ONLY_UNLESS_FUTURE_DIRECT_VALIDATION","False","False","False","False","False","False"
"SL-13874C5D848C73","Drop: Secret Lair x Fallout: Beyond Vault 33 - Traditional Foil Edition — Foil Edition","673775","REGISTRY_READY","foil","traditional_foil","drop","individual_drop","TCG_MARKET_PRICE_AUTHORIZED_V1","35.99","35.06","60","250","False","6","6","2026-03-01","2026-07-23","144","False","False","False","SHORT_HISTORY_TOURNAMENT_CANDIDATE","SHORT_HISTORY_METHOD_TOURNAMENT","SCENARIO_ONLY_UNLESS_FUTURE_DIRECT_VALIDATION","SCENARIO_ONLY_UNLESS_FUTURE_DIRECT_VALIDATION","False","False","False","False","False","False"
"SL-13A381A40449C9","Drop: Secret Lair x Fallout: Points of Interest - Rainbow Foil Edition — Foil Edition","545710","REGISTRY_READY","foil","rainbow_foil","drop","individual_drop","TCG_MARKET_PRICE_AUTHORIZED_V1","156.14","190.9","197.49","249.97","False","28","28","2024-05-01","2026-07-23","813","True","False","False","ESTABLISHED_1Y_TOURNAMENT_CANDIDATE","DIRECT_TEMPORAL_OOS_TOURNAMENT","SCENARIO_ONLY_UNLESS_FUTURE_DIRECT_VALIDATION","SCENARIO_ONLY_UNLESS_FUTURE_DIRECT_VALIDATION","False","False","False","False","False","False"
"SL-13FAC3EF59E6AC","Drop: Secret Lair x Dungeons & Dragons: Shadows Over Baldur’s Gate - Traditional Foil Edition — Foil Edition","677407","REGISTRY_READY","foil","traditional_foil","drop","individual_drop","TCG_MARKET_PRICE_AUTHORIZED_V1","43.55","40","60","84.95","False","6","6","2026-03-01","2026-07-23","144","False","False","False","SHORT_HISTORY_TOURNAMENT_CANDIDATE","SHORT_HISTORY_METHOD_TOURNAMENT","SCENARIO_ONLY_UNLESS_FUTURE_DIRECT_VALIDATION","SCENARIO_ONLY_UNLESS_FUTURE_DIRECT_VALIDATION","False","False","False","False","False","False"
"SL-14069B556F0234","Drop: Prints of Darkness - Non-Foil Edition — Nonfoil Edition","556837","REGISTRY_READY","nonfoil","nonfoil","drop","individual_drop","TCG_MARKET_PRICE_AUTHORIZED_V1","54.4","83.74","84.74","99.99","False","25","25","2024-08-01","2026-07-23","721","True","False","False","ESTABLISHED_1Y_TOURNAMENT_CANDIDATE","DIRECT_TEMPORAL_OOS_TOURNAMENT","SCENARIO_ONLY_UNLESS_FUTURE_DIRECT_VALIDATION","SCENARIO_ONLY_UNLESS_FUTURE_DIRECT_VALIDATION","False","False","False","False","False","False"
"SL-140EB9D3B38175","Drop: EVERYTHING IS ON FIRE - Raised Foil Edition — Foil Edition","632018","REGISTRY_READY","foil","foil_unspecified","drop","individual_drop","TCG_MARKET_PRICE_AUTHORIZED_V1","96.82","95","119.5","299","False","13","13","2025-08-01","2026-07-23","356","False","False","False","SHORT_HISTORY_TOURNAMENT_CANDIDATE","SHORT_HISTORY_METHOD_TOURNAMENT","SCENARIO_ONLY_UNLESS_FUTURE_DIRECT_VALIDATION","SCENARIO_ONLY_UNLESS_FUTURE_DIRECT_VALIDATION","False","False","False","False","False","False"
"SL-142966DB35DC8F","Drop: Artist Series: Sam Burley - Non-Foil Edition — Nonfoil Edition","480474","REGISTRY_READY","nonfoil","nonfoil","drop","individual_drop","NO_PRODUCTION_CURRENT_MARKET_PRICE","","74.99","74.99","88.47","False","31","31","2024-02-08","2026-07-23","896","True","False","False","ESTABLISHED_1Y_TOURNAMENT_CANDIDATE","DIRECT_TEMPORAL_OOS_TOURNAMENT","SCENARIO_ONLY_UNLESS_FUTURE_DIRECT_VALIDATION","SCENARIO_ONLY_UNLESS_FUTURE_DIRECT_VALIDATION","False","False","False","False","False","False"
"SL-145E2D7DAB1056","Drop: Secret Lair x Marvel's Captain America - Non-Foil Edition — Nonfoil Edition","592062","REGISTRY_READY","nonfoil","nonfoil","drop","individual_drop","TCG_MARKET_PRICE_AUTHORIZED_V1","87.43","79.75","97.73","150","False","21","21","2024-12-01","2026-07-23","599","True","False","False","ESTABLISHED_1Y_TOURNAMENT_CANDIDATE","DIRECT_TEMPORAL_OOS_TOURNAMENT","SCENARIO_ONLY_UNLESS_FUTURE_DIRECT_VALIDATION","SCENARIO_ONLY_UNLESS_FUTURE_DIRECT_VALIDATION","False","False","False","False","False","False"
"SL-14CB93A38C37A0","Drop: Our Boss is on Vacation Superdrop: Secret Lair High Class of '87 - Traditional Foil Edition — Foil Edition","624740","REGISTRY_READY","foil","traditional_foil","drop","individual_drop","TCG_MARKET_PRICE_AUTHORIZED_V1","21.12","15","29.97","59.99","False","16","16","2025-05-01","2026-07-23","448","True","False","False","ESTABLISHED_1Y_TOURNAMENT_CANDIDATE","DIRECT_TEMPORAL_OOS_TOURNAMENT","SCENARIO_ONLY_UNLESS_FUTURE_DIRECT_VALIDATION","SCENARIO_ONLY_UNLESS_FUTURE_DIRECT_VALIDATION","False","False","False","False","False","False"
"SL-15ADFCF5094915","Drop: Secret Lair x Marvel's Captain America - Rainbow Foil Edition — Foil Edition","592061","REGISTRY_READY","foil","rainbow_foil","drop","individual_drop","TCG_MARKET_PRICE_AUTHORIZED_V1","91.12","89.99","104.99","300","False","21","21","2024-12-01","2026-07-23","599","True","False","False","ESTABLISHED_1Y_TOURNAMENT_CANDIDATE","DIRECT_TEMPORAL_OOS_TOURNAMENT","SCENARIO_ONLY_UNLESS_FUTURE_DIRECT_VALIDATION","SCENARIO_ONLY_UNLESS_FUTURE_DIRECT_VALIDATION","False","False","False","False","False","False"
"SL-15F0BDC0F7B590","Drop: Special Guest: Matt Jukes - Non-Foil Edition — Nonfoil Edition","273595","REGISTRY_READY","nonfoil","nonfoil","drop","individual_drop","TCG_MARKET_PRICE_AUTHORIZED_V1","42.56","41","59.97","71.99","False","31","31","2024-02-08","2026-07-23","896","True","False","False","ESTABLISHED_1Y_TOURNAMENT_CANDIDATE","DIRECT_TEMPORAL_OOS_TOURNAMENT","SCENARIO_ONLY_UNLESS_FUTURE_DIRECT_VALIDATION","SCENARIO_ONLY_UNLESS_FUTURE_DIRECT_VALIDATION","False","False","False","False","False","False"
"SL-167399D6CD6288","Drop: The Ultimate Pencil - Literally Everything Bundle — Standard Edition","632047","REGISTRY_READY","unknown","unknown","bundle","bundle","NO_PRODUCTION_CURRENT_MARKET_PRICE","","769.69","784.85","800","False","0","0","","","0","False","False","False","CURRENT_AND_HISTORY_EVIDENCE_GAP","NO_1Y_PRODUCTION_FORECAST_UNTIL_EVIDENCE_AVAILABLE","SCENARIO_ONLY_UNLESS_FUTURE_DIRECT_VALIDATION","SCENARIO_ONLY_UNLESS_FUTURE_DIRECT_VALIDATION","False","False","False","False","False","False"
"SL-1673F72E783176","Drop: Our Boss is on Vacation Superdrop: They Grow Up So Fast - Non-Foil Edition — Nonfoil Edition","624722","REGISTRY_READY","nonfoil","nonfoil","drop","individual_drop","TCG_MARKET_PRICE_AUTHORIZED_V1","44.2","40","51.18","199","False","17","17","2025-04-01","2026-07-23","478","True","False","False","ESTABLISHED_1Y_TOURNAMENT_CANDIDATE","DIRECT_TEMPORAL_OOS_TOURNAMENT","SCENARIO_ONLY_UNLESS_FUTURE_DIRECT_VALIDATION","SCENARIO_ONLY_UNLESS_FUTURE_DIRECT_VALIDATION","False","False","False","False","False","False"
"SL-1716D8997667E1","Drop: The Space Beyond the Stars - Traditional Foil Edition — Foil Edition","450617","REGISTRY_READY","foil","traditional_foil","drop","individual_drop","TCG_MARKET_PRICE_AUTHORIZED_V1","67.69","66","78","189.99","False","31","31","2024-02-08","2026-07-23","896","True","False","False","ESTABLISHED_1Y_TOURNAMENT_CANDIDATE","DIRECT_TEMPORAL_OOS_TOURNAMENT","SCENARIO_ONLY_UNLESS_FUTURE_DIRECT_VALIDATION","SCENARIO_ONLY_UNLESS_FUTURE_DIRECT_VALIDATION","False","False","False","False","False","False"
"SL-17405C5D45E661","Drop: Gift Wrapped - Rainbow Foil Edition — Foil Edition","528401","REGISTRY_READY","foil","rainbow_foil","drop","individual_drop","TCG_MARKET_PRICE_AUTHORIZED_V1","41.12","50.24","67.11","80","False","31","31","2024-02-08","2026-07-23","896","True","False","False","ESTABLISHED_1Y_TOURNAMENT_CANDIDATE","DIRECT_TEMPORAL_OOS_TOURNAMENT","SCENARIO_ONLY_UNLESS_FUTURE_DIRECT_VALIDATION","SCENARIO_ONLY_UNLESS_FUTURE_DIRECT_VALIDATION","False","False","False","False","False","False"
"SL-17C272A7E787D5","Drop: Summer Superdrop 2025 - The Japanese FINAL FANTASY Bundle — Standard Edition","637681","REGISTRY_READY","unknown","unknown","bundle","bundle","TCG_MARKET_PRICE_AUTHORIZED_V1","231.65","281.96","290.98","299.99","False","0","0","","","0","False","False","False","CURRENT_PRICE_ONLY_NEW_PRODUCT_CANDIDATE","NEW_PRODUCT_FALLBACK_METHOD_TOURNAMENT","SCENARIO_ONLY_UNLESS_FUTURE_DIRECT_VALIDATION","SCENARIO_ONLY_UNLESS_FUTURE_DIRECT_VALIDATION","False","False","False","False","False","False"
"SL-18623F544924A7","Drop: February Superdrop - Introducing: Kaito Shizuki - Traditional Foil Edition — Foil Edition","267769","REGISTRY_READY","foil","traditional_foil","drop","individual_drop","TCG_MARKET_PRICE_AUTHORIZED_V1","58.33","63.46","74.75","99.99","False","31","31","2024-02-08","2026-07-23","896","True","False","False","ESTABLISHED_1Y_TOURNAMENT_CANDIDATE","DIRECT_TEMPORAL_OOS_TOURNAMENT","SCENARIO_ONLY_UNLESS_FUTURE_DIRECT_VALIDATION","SCENARIO_ONLY_UNLESS_FUTURE_DIRECT_VALIDATION","False","False","False","False","False","False"
"SL-189ED14E304342","Drop: Secret Lair x My Little Pony: Friendship is Magic - Traditional Foil Edition — Foil Edition","691182","REGISTRY_READY","foil","traditional_foil","drop","individual_drop","TCG_MARKET_PRICE_AUTHORIZED_V1","53.45","47.99","72.47","297","False","2","2","2026-07-01","2026-07-23","22","False","False","False","SHORT_HISTORY_TOURNAMENT_CANDIDATE","SHORT_HISTORY_METHOD_TOURNAMENT","SCENARIO_ONLY_UNLESS_FUTURE_DIRECT_VALIDATION","SCENARIO_ONLY_UNLESS_FUTURE_DIRECT_VALIDATION","False","False","False","False","False","False"
"SL-18DF50D0713A3D","x Avatar: The Last Airbender: The Ember Island Players - Non-Foil Edition — Nonfoil Edition","662601","REGISTRY_READY","nonfoil","nonfoil","drop","individual_drop","TCG_MARKET_PRICE_AUTHORIZED_V1","36.9","39.99","54.94","99","False","8","8","2026-01-01","2026-07-23","203","False","False","False","SHORT_HISTORY_TOURNAMENT_CANDIDATE","SHORT_HISTORY_METHOD_TOURNAMENT","SCENARIO_ONLY_UNLESS_FUTURE_DIRECT_VALIDATION","SCENARIO_ONLY_UNLESS_FUTURE_DIRECT_VALIDATION","False","False","False","False","False","False"
"SL-19307234228696","Drop: The Bundle Bundle — Standard Edition","258495","REGISTRY_READY","unknown","unknown","bundle","bundle","NO_PRODUCTION_CURRENT_MARKET_PRICE","","","","","False","0","0","","","0","False","False","False","CURRENT_AND_HISTORY_EVIDENCE_GAP","NO_1Y_PRODUCTION_FORECAST_UNTIL_EVIDENCE_AVAILABLE","SCENARIO_ONLY_UNLESS_FUTURE_DIRECT_VALIDATION","SCENARIO_ONLY_UNLESS_FUTURE_DIRECT_VALIDATION","False","False","False","False","False","False"
"SL-197CCEBB8BF2AC","Drop: The Meaning of Life, Maybe - Traditional Foil Edition — Foil Edition","456541","REGISTRY_READY","foil","traditional_foil","drop","individual_drop","TCG_MARKET_PRICE_AUTHORIZED_V1","175.59","245.99","299.99","500.97","False","30","30","2024-02-08","2026-07-23","896","True","False","False","ESTABLISHED_1Y_TOURNAMENT_CANDIDATE","DIRECT_TEMPORAL_OOS_TOURNAMENT","SCENARIO_ONLY_UNLESS_FUTURE_DIRECT_VALIDATION","SCENARIO_ONLY_UNLESS_FUTURE_DIRECT_VALIDATION","False","False","False","False","False","False"
"SL-197EC2ADF7628E","Drop: Ssssssnakessssss - Non-Foil Edition — Nonfoil Edition","480462","REGISTRY_READY","nonfoil","nonfoil","drop","individual_drop","TCG_MARKET_PRICE_AUTHORIZED_V1","60.04","54.71","87.23","130","False","31","31","2024-02-08","2026-07-23","896","True","False","False","ESTABLISHED_1Y_TOURNAMENT_CANDIDATE","DIRECT_TEMPORAL_OOS_TOURNAMENT","SCENARIO_ONLY_UNLESS_FUTURE_DIRECT_VALIDATION","SCENARIO_ONLY_UNLESS_FUTURE_DIRECT_VALIDATION","False","False","False","False","False","False"
"SL-197F90EACBF23A","x Chaos Vault Drop: Commander Reinforcements World Shaper Bundle — Standard Edition","646788","REGISTRY_READY","unknown","unknown","bundle","bundle","TCG_MARKET_PRICE_AUTHORIZED_V1","197.44","194.94","194.95","199.96","False","1","1","2026-07-23","2026-07-23","0","False","False","False","SHORT_HISTORY_TOURNAMENT_CANDIDATE","SHORT_HISTORY_METHOD_TOURNAMENT","SCENARIO_ONLY_UNLESS_FUTURE_DIRECT_VALIDATION","SCENARIO_ONLY_UNLESS_FUTURE_DIRECT_VALIDATION","False","False","False","False","False","False"
"SL-19B445CB21B8AA","Drop: Adventures of the Little Witch - Non-Foil Edition — Nonfoil Edition","629761","REGISTRY_READY","nonfoil","nonfoil","drop","individual_drop","TCG_MARKET_PRICE_AUTHORIZED_V1","60.22","61","74.97","240","False","15","15","2025-06-01","2026-07-23","417","True","False","False","ESTABLISHED_1Y_TOURNAMENT_CANDIDATE","DIRECT_TEMPORAL_OOS_TOURNAMENT","SCENARIO_ONLY_UNLESS_FUTURE_DIRECT_VALIDATION","SCENARIO_ONLY_UNLESS_FUTURE_DIRECT_VALIDATION","False","False","False","False","False","False"
"SL-1AC45BAFCC79A8","Drop: MagicCon: The Gathering - Rainbow Foil Edition — Foil Edition","649746","REGISTRY_READY","foil","rainbow_foil","drop","individual_drop","TCG_MARKET_PRICE_AUTHORIZED_V1","40.41","37.7","64.99","110.99","False","11","11","2025-10-01","2026-07-23","295","False","False","False","SHORT_HISTORY_TOURNAMENT_CANDIDATE","SHORT_HISTORY_METHOD_TOURNAMENT","SCENARIO_ONLY_UNLESS_FUTURE_DIRECT_VALIDATION","SCENARIO_ONLY_UNLESS_FUTURE_DIRECT_VALIDATION","False","False","False","False","False","False"
"SL-1B0779915A22B6","Drop: Festival in a Box Las Vegas 2026 Bundle — Standard Edition","689835","REGISTRY_READY","unknown","unknown","festival in a box","festival_in_a_box","TCG_MARKET_PRICE_AUTHORIZED_V1","327.32","325.42","387.69","800","False","1","1","2026-07-23","2026-07-23","0","False","False","False","SHORT_HISTORY_TOURNAMENT_CANDIDATE","SHORT_HISTORY_METHOD_TOURNAMENT","SCENARIO_ONLY_UNLESS_FUTURE_DIRECT_VALIDATION","SCENARIO_ONLY_UNLESS_FUTURE_DIRECT_VALIDATION","False","False","False","False","False","False"
"SL-1B4F52C53867DC","Drop: Secret Lair x Arcane - Traditional Foil Edition — Foil Edition","258400","REGISTRY_READY","foil","traditional_foil","drop","individual_drop","TCG_MARKET_PRICE_AUTHORIZED_V1","111.73","99.99","115.99","299.99","False","31","31","2024-02-08","2026-07-23","896","True","False","False","ESTABLISHED_1Y_TOURNAMENT_CANDIDATE","DIRECT_TEMPORAL_OOS_TOURNAMENT","SCENARIO_ONLY_UNLESS_FUTURE_DIRECT_VALIDATION","SCENARIO_ONLY_UNLESS_FUTURE_DIRECT_VALIDATION","False","False","False","False","False","False"
"SL-1B5B0C7B7DFD8A","Drop: Secret Lair x Marvel's Spider-Man: Venom Unleashed (Colors) - Non-Foil Edition — Nonfoil Edition","653121","REGISTRY_READY","nonfoil","nonfoil","drop","individual_drop","TCG_MARKET_PRICE_AUTHORIZED_V1","49.23","44.49","59.95","149.99","False","11","11","2025-10-01","2026-07-23","295","False","False","False","SHORT_HISTORY_TOURNAMENT_CANDIDATE","SHORT_HISTORY_METHOD_TOURNAMENT","SCENARIO_ONLY_UNLESS_FUTURE_DIRECT_VALIDATION","SCENARIO_ONLY_UNLESS_FUTURE_DIRECT_VALIDATION","False","False","False","False","False","False"
"SL-1C45E7F91C62E4","Drop: Roll for Initiative Superdrop: The Chromatic Dragon’s Hoard Foil Bundle — Foil Edition","677415","REGISTRY_READY","foil","foil_unspecified","bundle","bundle","TCG_MARKET_PRICE_AUTHORIZED_V1","432.47","400","438.5","749.94","False","5","5","2026-04-01","2026-07-23","113","False","False","False","SHORT_HISTORY_TOURNAMENT_CANDIDATE","SHORT_HISTORY_METHOD_TOURNAMENT","SCENARIO_ONLY_UNLESS_FUTURE_DIRECT_VALIDATION","SCENARIO_ONLY_UNLESS_FUTURE_DIRECT_VALIDATION","False","False","False","False","False","False"
"SL-1CBB2CDA24A606","x Warhammer Age of Sigmar - Traditional Foil Edition — Foil Edition","450527","REGISTRY_READY","foil","traditional_foil","drop","individual_drop","TCG_MARKET_PRICE_AUTHORIZED_V1","150.73","164.99","184.39","369","False","31","31","2024-02-08","2026-07-23","896","True","False","False","ESTABLISHED_1Y_TOURNAMENT_CANDIDATE","DIRECT_TEMPORAL_OOS_TOURNAMENT","SCENARIO_ONLY_UNLESS_FUTURE_DIRECT_VALIDATION","SCENARIO_ONLY_UNLESS_FUTURE_DIRECT_VALIDATION","False","False","False","False","False","False"
"SL-1D01680A770718","Drop: Showcase: Duskmourn - Rainbow Foil Edition — Foil Edition","584528","REGISTRY_READY","foil","rainbow_foil","drop","individual_drop","TCG_MARKET_PRICE_AUTHORIZED_V1","37.93","35","60","105.24","False","22","22","2024-11-01","2026-07-23","629","True","False","False","ESTABLISHED_1Y_TOURNAMENT_CANDIDATE","DIRECT_TEMPORAL_OOS_TOURNAMENT","SCENARIO_ONLY_UNLESS_FUTURE_DIRECT_VALIDATION","SCENARIO_ONLY_UNLESS_FUTURE_DIRECT_VALIDATION","False","False","False","False","False","False"
"SL-1D242838322B00","Drop: Absolute Annihilation - Non-Foil Edition — Nonfoil Edition","514998","REGISTRY_READY","nonfoil","nonfoil","drop","individual_drop","TCG_MARKET_PRICE_AUTHORIZED_V1","48.39","70","71.49","97.99","False","31","31","2024-02-08","2026-07-23","896","True","False","False","ESTABLISHED_1Y_TOURNAMENT_CANDIDATE","DIRECT_TEMPORAL_OOS_TOURNAMENT","SCENARIO_ONLY_UNLESS_FUTURE_DIRECT_VALIDATION","SCENARIO_ONLY_UNLESS_FUTURE_DIRECT_VALIDATION","False","False","False","False","False","False"
"SL-1D9FB450470C75","Drop: Artist Series: Randy Vargas - Traditional Foil Edition — Foil Edition","493808","REGISTRY_READY","foil","traditional_foil","drop","individual_drop","TCG_MARKET_PRICE_AUTHORIZED_V1","44.74","59.95","75","99.98","False","31","31","2024-02-08","2026-07-23","896","True","False","False","ESTABLISHED_1Y_TOURNAMENT_CANDIDATE","DIRECT_TEMPORAL_OOS_TOURNAMENT","SCENARIO_ONLY_UNLESS_FUTURE_DIRECT_VALIDATION","SCENARIO_ONLY_UNLESS_FUTURE_DIRECT_VALIDATION","False","False","False","False","False","False"
"SL-1DA21B27711D91","Drop: Sheldon's Spellbook - Non-Foil Edition — Nonfoil Edition","539212","REGISTRY_READY","nonfoil","nonfoil","drop","individual_drop","TCG_MARKET_PRICE_AUTHORIZED_V1","65.2","69","80","120","False","27","27","2024-05-01","2026-07-23","813","True","False","False","ESTABLISHED_1Y_TOURNAMENT_CANDIDATE","DIRECT_TEMPORAL_OOS_TOURNAMENT","SCENARIO_ONLY_UNLESS_FUTURE_DIRECT_VALIDATION","SCENARIO_ONLY_UNLESS_FUTURE_DIRECT_VALIDATION","False","False","False","False","False","False"
"SL-1DE33F0229DA09","Drop: Dan Frazier Is Back Again: The Allied Talismans - Non-Foil Edition — Nonfoil Edition","283266","REGISTRY_READY","nonfoil","nonfoil","drop","individual_drop","TCG_MARKET_PRICE_AUTHORIZED_V1","94.84","140","149.98","300","False","31","31","2024-02-08","2026-07-23","896","True","False","False","ESTABLISHED_1Y_TOURNAMENT_CANDIDATE","DIRECT_TEMPORAL_OOS_TOURNAMENT","SCENARIO_ONLY_UNLESS_FUTURE_DIRECT_VALIDATION","SCENARIO_ONLY_UNLESS_FUTURE_DIRECT_VALIDATION","False","False","False","False","False","False"
"SL-1E11913E760B30","Superdrop: Culture Shocks: Naya - Non-Foil Edition — Nonfoil Edition","237608","REGISTRY_READY","nonfoil","nonfoil","drop","individual_drop","TCG_MARKET_PRICE_AUTHORIZED_V1","42.51","36.6","50","79.98","False","31","31","2024-02-08","2026-07-23","896","True","False","False","ESTABLISHED_1Y_TOURNAMENT_CANDIDATE","DIRECT_TEMPORAL_OOS_TOURNAMENT","SCENARIO_ONLY_UNLESS_FUTURE_DIRECT_VALIDATION","SCENARIO_ONLY_UNLESS_FUTURE_DIRECT_VALIDATION","False","False","False","False","False","False"
"SL-1F7D163D1ACEFB","Drop: Our Boss is on Vacation Superdrop: Pick 'Em and Stick 'Em - Rainbow Foil Edition — Foil Edition","624746","REGISTRY_READY","foil","rainbow_foil","drop","individual_drop","TCG_MARKET_PRICE_AUTHORIZED_V1","58.94","56","66.99","76.94","False","17","17","2025-04-01","2026-07-23","478","True","False","False","ESTABLISHED_1Y_TOURNAMENT_CANDIDATE","DIRECT_TEMPORAL_OOS_TOURNAMENT","SCENARIO_ONLY_UNLESS_FUTURE_DIRECT_VALIDATION","SCENARIO_ONLY_UNLESS_FUTURE_DIRECT_VALIDATION","False","False","False","False","False","False"
"SL-1F9921A151E628","Drop: Secret Lair x Dungeons & Dragons: Death is in the Eyes of the Beholder II - Rainbow Foil Edition — Foil Edition","565548","REGISTRY_READY","foil","rainbow_foil","drop","individual_drop","TCG_MARKET_PRICE_AUTHORIZED_V1","53.45","45","59.97","240","False","23","23","2024-10-01","2026-07-23","660","True","False","False","ESTABLISHED_1Y_TOURNAMENT_CANDIDATE","DIRECT_TEMPORAL_OOS_TOURNAMENT","SCENARIO_ONLY_UNLESS_FUTURE_DIRECT_VALIDATION","SCENARIO_ONLY_UNLESS_FUTURE_DIRECT_VALIDATION","False","False","False","False","False","False"
"SL-2007070E059EDF","Drop: Featuring: Mitsuhiro Arita - Non-Foil Edition — Nonfoil Edition","618106","REGISTRY_READY","nonfoil","nonfoil","drop","individual_drop","TCG_MARKET_PRICE_AUTHORIZED_V1","34.63","35.99","45.49","99","False","18","18","2025-03-01","2026-07-23","509","True","False","False","ESTABLISHED_1Y_TOURNAMENT_CANDIDATE","DIRECT_TEMPORAL_OOS_TOURNAMENT","SCENARIO_ONLY_UNLESS_FUTURE_DIRECT_VALIDATION","SCENARIO_ONLY_UNLESS_FUTURE_DIRECT_VALIDATION","False","False","False","False","False","False"
"SL-204D6B03D36FE2","Drop: Kamigawa Ink - Traditional Foil Edition — Foil Edition","247336","REGISTRY_READY","foil","traditional_foil","drop","individual_drop","TCG_MARKET_PRICE_AUTHORIZED_V1","72.28","79.55","86.5","110","False","31","31","2024-02-08","2026-07-23","896","True","False","False","ESTABLISHED_1Y_TOURNAMENT_CANDIDATE","DIRECT_TEMPORAL_OOS_TOURNAMENT","SCENARIO_ONLY_UNLESS_FUTURE_DIRECT_VALIDATION","SCENARIO_ONLY_UNLESS_FUTURE_DIRECT_VALIDATION","False","False","False","False","False","False"
"SL-207EFFFEEB79A0","Drop: Monster Movie Marathon - Traditional Foil Edition — Foil Edition","251751","REGISTRY_READY","foil","traditional_foil","drop","individual_drop","TCG_MARKET_PRICE_AUTHORIZED_V1","67.05","66","78.5","609.99","False","31","31","2024-02-08","2026-07-23","896","True","False","False","ESTABLISHED_1Y_TOURNAMENT_CANDIDATE","DIRECT_TEMPORAL_OOS_TOURNAMENT","SCENARIO_ONLY_UNLESS_FUTURE_DIRECT_VALIDATION","SCENARIO_ONLY_UNLESS_FUTURE_DIRECT_VALIDATION","False","False","False","False","False","False"
"SL-2098A235696D4F","Drop: Dan Frazier Is Back Again: The Allied Talismans - Foil Etched Edition — Foil Edition","283267","REGISTRY_READY","foil","etched_foil","drop","individual_drop","TCG_MARKET_PRICE_AUTHORIZED_V1","183.78","198.53","289.89","400","False","31","31","2024-02-08","2026-07-23","896","True","False","False","ESTABLISHED_1Y_TOURNAMENT_CANDIDATE","DIRECT_TEMPORAL_OOS_TOURNAMENT","SCENARIO_ONLY_UNLESS_FUTURE_DIRECT_VALIDATION","SCENARIO_ONLY_UNLESS_FUTURE_DIRECT_VALIDATION","False","False","False","False","False","False"
"SL-20A675073DCB5D","Drop: Eldraine Wonderland - Traditional Foil Edition — Foil Edition","205225","REGISTRY_READY","foil","traditional_foil","drop","individual_drop","TCG_MARKET_PRICE_AUTHORIZED_V1","42.11","41.85","55","89.99","False","31","31","2024-02-08","2026-07-23","896","True","False","False","ESTABLISHED_1Y_TOURNAMENT_CANDIDATE","DIRECT_TEMPORAL_OOS_TOURNAMENT","SCENARIO_ONLY_UNLESS_FUTURE_DIRECT_VALIDATION","SCENARIO_ONLY_UNLESS_FUTURE_DIRECT_VALIDATION","False","False","False","False","False","False"
"SL-20D499A470B8A5","Drop: Secret Lair x Dwarf Fortress: Create New World - Non-Foil Edition — Nonfoil Edition","691187","REGISTRY_READY","nonfoil","nonfoil","drop","individual_drop","TCG_MARKET_PRICE_AUTHORIZED_V1","47.14","39.98","52.79","90","False","2","2","2026-07-01","2026-07-23","22","False","False","False","SHORT_HISTORY_TOURNAMENT_CANDIDATE","SHORT_HISTORY_METHOD_TOURNAMENT","SCENARIO_ONLY_UNLESS_FUTURE_DIRECT_VALIDATION","SCENARIO_ONLY_UNLESS_FUTURE_DIRECT_VALIDATION","False","False","False","False","False","False"
"SL-20E2C89BAB6915","Drop: Marvel Superdrop: The Mighty Non-Foil Bundle — Nonfoil Edition","592060","REGISTRY_READY","nonfoil","nonfoil","bundle","bundle","TCG_MARKET_PRICE_AUTHORIZED_V1","376.28","395","482.5","800","False","21","21","2024-12-01","2026-07-23","599","True","False","False","ESTABLISHED_1Y_TOURNAMENT_CANDIDATE","DIRECT_TEMPORAL_OOS_TOURNAMENT","SCENARIO_ONLY_UNLESS_FUTURE_DIRECT_VALIDATION","SCENARIO_ONLY_UNLESS_FUTURE_DIRECT_VALIDATION","False","False","False","False","False","False"
"SL-20EA4A771B3569","Drop: Theros Stargazing: Vol.IV (Purphoros) - Traditional Foil Edition — Foil Edition","209380","REGISTRY_READY","foil","traditional_foil","drop","individual_drop","TCG_MARKET_PRICE_AUTHORIZED_V1","99.27","82.96","92.95","102.98","False","31","31","2024-02-08","2026-07-23","896","True","False","False","ESTABLISHED_1Y_TOURNAMENT_CANDIDATE","DIRECT_TEMPORAL_OOS_TOURNAMENT","SCENARIO_ONLY_UNLESS_FUTURE_DIRECT_VALIDATION","SCENARIO_ONLY_UNLESS_FUTURE_DIRECT_VALIDATION","False","False","False","False","False","False"
"SL-213339E791C59A","x Warhammer 40,000: Orks - Non-Foil Edition — Nonfoil Edition","450526","REGISTRY_READY","nonfoil","nonfoil","drop","individual_drop","TCG_MARKET_PRICE_AUTHORIZED_V1","170.34","202.89","214.69","241.5","False","29","29","2024-02-08","2026-07-23","896","True","False","False","ESTABLISHED_1Y_TOURNAMENT_CANDIDATE","DIRECT_TEMPORAL_OOS_TOURNAMENT","SCENARIO_ONLY_UNLESS_FUTURE_DIRECT_VALIDATION","SCENARIO_ONLY_UNLESS_FUTURE_DIRECT_VALIDATION","False","False","False","False","False","False"
"SL-214ED723D3A771","Drop: Phyrexian Faves - Traditional Foil Edition — Foil Edition","480456","REGISTRY_READY","foil","traditional_foil","drop","individual_drop","TCG_MARKET_PRICE_AUTHORIZED_V1","33.88","23.5","49.99","99.99","False","31","31","2024-02-08","2026-07-23","896","True","False","False","ESTABLISHED_1Y_TOURNAMENT_CANDIDATE","DIRECT_TEMPORAL_OOS_TOURNAMENT","SCENARIO_ONLY_UNLESS_FUTURE_DIRECT_VALIDATION","SCENARIO_ONLY_UNLESS_FUTURE_DIRECT_VALIDATION","False","False","False","False","False","False"
"SL-21979E71D302E5","Drop: Festival in a Box Las Vegas 2025 - Slay the Day (Rainbow Foil) — Foil Edition","640242","REGISTRY_READY","foil","rainbow_foil","festival in a box","festival_in_a_box","TCG_MARKET_PRICE_AUTHORIZED_V1","41.39","42.99","52.5","99.99","False","13","13","2025-08-01","2026-07-23","356","False","False","False","SHORT_HISTORY_TOURNAMENT_CANDIDATE","SHORT_HISTORY_METHOD_TOURNAMENT","SCENARIO_ONLY_UNLESS_FUTURE_DIRECT_VALIDATION","SCENARIO_ONLY_UNLESS_FUTURE_DIRECT_VALIDATION","False","False","False","False","False","False"
"SL-219DB149BBB690","Drop: Wizards of the Street - Non-Foil Edition — Nonfoil Edition","456544","REGISTRY_READY","nonfoil","nonfoil","drop","individual_drop","TCG_MARKET_PRICE_AUTHORIZED_V1","53","45","53.72","70","False","31","31","2024-02-08","2026-07-23","896","True","False","False","ESTABLISHED_1Y_TOURNAMENT_CANDIDATE","DIRECT_TEMPORAL_OOS_TOURNAMENT","SCENARIO_ONLY_UNLESS_FUTURE_DIRECT_VALIDATION","SCENARIO_ONLY_UNLESS_FUTURE_DIRECT_VALIDATION","False","False","False","False","False","False"
"SL-22454153307BC0","Drop: Paradise Frost - Rainbow Foil Edition — Foil Edition","528403","REGISTRY_READY","foil","rainbow_foil","drop","individual_drop","TCG_MARKET_PRICE_AUTHORIZED_V1","125.73","115","144.99","200","False","31","31","2024-02-08","2026-07-23","896","True","False","False","ESTABLISHED_1Y_TOURNAMENT_CANDIDATE","DIRECT_TEMPORAL_OOS_TOURNAMENT","SCENARIO_ONLY_UNLESS_FUTURE_DIRECT_VALIDATION","SCENARIO_ONLY_UNLESS_FUTURE_DIRECT_VALIDATION","False","False","False","False","False","False"
"SL-226F557D91DE6E","Drop: Wizards of the Street - Traditional Foil Edition — Foil Edition","456545","REGISTRY_READY","foil","traditional_foil","drop","individual_drop","TCG_MARKET_PRICE_AUTHORIZED_V1","49.07","57","57","57","False","31","31","2024-02-08","2026-07-23","896","True","False","False","ESTABLISHED_1Y_TOURNAMENT_CANDIDATE","DIRECT_TEMPORAL_OOS_TOURNAMENT","SCENARIO_ONLY_UNLESS_FUTURE_DIRECT_VALIDATION","SCENARIO_ONLY_UNLESS_FUTURE_DIRECT_VALIDATION","False","False","False","False","False","False"
"SL-22B7074E02E6D4","Drop: Secret Lair x Hatsune Miku: Sakura Superstar JP - Rainbow Foil Edition — Foil Edition","551440","REGISTRY_READY","foil","rainbow_foil","drop","individual_drop","TCG_MARKET_PRICE_AUTHORIZED_V1","67.2","74.99","99","300","False","0","0","","","0","False","False","False","CURRENT_PRICE_ONLY_NEW_PRODUCT_CANDIDATE","NEW_PRODUCT_FALLBACK_METHOD_TOURNAMENT","SCENARIO_ONLY_UNLESS_FUTURE_DIRECT_VALIDATION","SCENARIO_ONLY_UNLESS_FUTURE_DIRECT_VALIDATION","False","False","False","False","False","False"
"SL-22B841990DAC1F","Drop: Back in My Day! - Traditional Foil Edition — Foil Edition","694705","REGISTRY_READY","foil","traditional_foil","drop","individual_drop","TCG_MARKET_PRICE_AUTHORIZED_V1","43.53","31.6","69.98","999","False","3","3","2026-06-01","2026-07-23","52","False","False","False","SHORT_HISTORY_TOURNAMENT_CANDIDATE","SHORT_HISTORY_METHOD_TOURNAMENT","SCENARIO_ONLY_UNLESS_FUTURE_DIRECT_VALIDATION","SCENARIO_ONLY_UNLESS_FUTURE_DIRECT_VALIDATION","False","False","False","False","False","False"
"SL-22CD7E1A6B7A30","Drop: Secret Lair x Teenage Mutant Ninja Turtles: The Mighty Mutanimals - Non-Foil Edition — Nonfoil Edition","679644","REGISTRY_READY","nonfoil","nonfoil","drop","individual_drop","TCG_MARKET_PRICE_AUTHORIZED_V1","47.4","46.99","54.94","79.99","False","5","5","2026-04-01","2026-07-23","113","False","False","False","SHORT_HISTORY_TOURNAMENT_CANDIDATE","SHORT_HISTORY_METHOD_TOURNAMENT","SCENARIO_ONLY_UNLESS_FUTURE_DIRECT_VALIDATION","SCENARIO_ONLY_UNLESS_FUTURE_DIRECT_VALIDATION","False","False","False","False","False","False"
"SL-22E3600468CA16","Drop: Secret Lair x Fallout: Welcome to New Vegas - Traditional Foil Edition — Foil Edition","673787","REGISTRY_READY","foil","traditional_foil","drop","individual_drop","TCG_MARKET_PRICE_AUTHORIZED_V1","40.58","39.96","59.99","345.69","False","6","6","2026-03-01","2026-07-23","144","False","False","False","SHORT_HISTORY_TOURNAMENT_CANDIDATE","SHORT_HISTORY_METHOD_TOURNAMENT","SCENARIO_ONLY_UNLESS_FUTURE_DIRECT_VALIDATION","SCENARIO_ONLY_UNLESS_FUTURE_DIRECT_VALIDATION","False","False","False","False","False","False"
"SL-2347A35CDE0CCA","Drop: Secret Lair x Marvel's Spider-Man: Venom Unleashed (Inks) - Rainbow Foil Edition — Foil Edition","653123","REGISTRY_READY","foil","rainbow_foil","drop","individual_drop","TCG_MARKET_PRICE_AUTHORIZED_V1","47.92","35","67.19","149.99","False","11","11","2025-10-01","2026-07-23","295","False","False","False","SHORT_HISTORY_TOURNAMENT_CANDIDATE","SHORT_HISTORY_METHOD_TOURNAMENT","SCENARIO_ONLY_UNLESS_FUTURE_DIRECT_VALIDATION","SCENARIO_ONLY_UNLESS_FUTURE_DIRECT_VALIDATION","False","False","False","False","False","False"
"SL-23598BE2582FF4","Drop: Saturday Morning D&D - Traditional Foil Edition — Foil Edition","242338","REGISTRY_READY","foil","traditional_foil","drop","individual_drop","TCG_MARKET_PRICE_AUTHORIZED_V1","49.77","39.9","56","95.99","False","31","31","2024-02-08","2026-07-23","896","True","False","False","ESTABLISHED_1Y_TOURNAMENT_CANDIDATE","DIRECT_TEMPORAL_OOS_TOURNAMENT","SCENARIO_ONLY_UNLESS_FUTURE_DIRECT_VALIDATION","SCENARIO_ONLY_UNLESS_FUTURE_DIRECT_VALIDATION","False","False","False","False","False","False"
"SL-239D6859BD1D9C","Drop: Diabolical Dioramas - Non-Foil Edition — Nonfoil Edition","545716","REGISTRY_READY","nonfoil","nonfoil","drop","individual_drop","TCG_MARKET_PRICE_AUTHORIZED_V1","39.85","39.85","47.95","77","False","27","27","2024-06-01","2026-07-23","782","True","False","False","ESTABLISHED_1Y_TOURNAMENT_CANDIDATE","DIRECT_TEMPORAL_OOS_TOURNAMENT","SCENARIO_ONLY_UNLESS_FUTURE_DIRECT_VALIDATION","SCENARIO_ONLY_UNLESS_FUTURE_DIRECT_VALIDATION","False","False","False","False","False","False"
"SL-23E541A279A532","Drop: PixelLands_v02.jpg - Traditional Foil Edition — Foil Edition","518822","REGISTRY_READY","foil","traditional_foil","drop","individual_drop","TCG_MARKET_PRICE_AUTHORIZED_V1","135.48","179.99","389.99","599.99","False","31","31","2024-02-08","2026-07-23","896","True","False","False","ESTABLISHED_1Y_TOURNAMENT_CANDIDATE","DIRECT_TEMPORAL_OOS_TOURNAMENT","SCENARIO_ONLY_UNLESS_FUTURE_DIRECT_VALIDATION","SCENARIO_ONLY_UNLESS_FUTURE_DIRECT_VALIDATION","False","False","False","False","False","False"
"SL-23F2295DED1E9C","Drop: Sheldon's Spellbook - Rainbow Foil Edition — Foil Edition","539213","REGISTRY_READY","foil","rainbow_foil","drop","individual_drop","TCG_MARKET_PRICE_AUTHORIZED_V1","72.17","70","92.44","240","False","29","29","2024-04-01","2026-07-23","843","True","False","False","ESTABLISHED_1Y_TOURNAMENT_CANDIDATE","DIRECT_TEMPORAL_OOS_TOURNAMENT","SCENARIO_ONLY_UNLESS_FUTURE_DIRECT_VALIDATION","SCENARIO_ONLY_UNLESS_FUTURE_DIRECT_VALIDATION","False","False","False","False","False","False"
"SL-23FA662D95286E","Drop: Draw Your Hand - Non-Foil Edition — Nonfoil Edition","480460","REGISTRY_READY","nonfoil","nonfoil","drop","individual_drop","TCG_MARKET_PRICE_AUTHORIZED_V1","40.67","41.28","66.2","95.31","False","31","31","2024-02-08","2026-07-23","896","True","False","False","ESTABLISHED_1Y_TOURNAMENT_CANDIDATE","DIRECT_TEMPORAL_OOS_TOURNAMENT","SCENARIO_ONLY_UNLESS_FUTURE_DIRECT_VALIDATION","SCENARIO_ONLY_UNLESS_FUTURE_DIRECT_VALIDATION","False","False","False","False","False","False"
"SL-24526707F6CB2D","Drop: Showcase: Monster Anatomy 101 - Foil Etched Edition — Foil Edition","251774","REGISTRY_READY","foil","etched_foil","drop","individual_drop","TCG_MARKET_PRICE_AUTHORIZED_V1","86.57","90","94.97","599.99","False","31","31","2024-02-08","2026-07-23","896","True","False","False","ESTABLISHED_1Y_TOURNAMENT_CANDIDATE","DIRECT_TEMPORAL_OOS_TOURNAMENT","SCENARIO_ONLY_UNLESS_FUTURE_DIRECT_VALIDATION","SCENARIO_ONLY_UNLESS_FUTURE_DIRECT_VALIDATION","False","False","False","False","False","False"
"SL-24D60CEE50EB04","Drop: Mother's Day 2021 - Traditional Foil Edition — Foil Edition","242347","REGISTRY_READY","foil","traditional_foil","drop","individual_drop","TCG_MARKET_PRICE_AUTHORIZED_V1","51.34","66","74.5","99","False","31","31","2024-02-08","2026-07-23","896","True","False","False","ESTABLISHED_1Y_TOURNAMENT_CANDIDATE","DIRECT_TEMPORAL_OOS_TOURNAMENT","SCENARIO_ONLY_UNLESS_FUTURE_DIRECT_VALIDATION","SCENARIO_ONLY_UNLESS_FUTURE_DIRECT_VALIDATION","False","False","False","False","False","False"
"SL-255A0A2F4FEB20","Drop: The Tokyo Lands - Non-Foil Edition — Nonfoil Edition","275805","REGISTRY_READY","nonfoil","nonfoil","drop","individual_drop","TCG_MARKET_PRICE_AUTHORIZED_V1","61.42","60","69.59","95.99","False","31","31","2024-02-08","2026-07-23","896","True","False","False","ESTABLISHED_1Y_TOURNAMENT_CANDIDATE","DIRECT_TEMPORAL_OOS_TOURNAMENT","SCENARIO_ONLY_UNLESS_FUTURE_DIRECT_VALIDATION","SCENARIO_ONLY_UNLESS_FUTURE_DIRECT_VALIDATION","False","False","False","False","False","False"
"SL-2569BCFE16FD2C","Drop: Every Dog Has Its Day - Traditional Foil Edition — Foil Edition","221330","REGISTRY_READY","foil","traditional_foil","drop","individual_drop","TCG_MARKET_PRICE_AUTHORIZED_V1","66.04","62.95","70","124.99","False","31","31","2024-02-08","2026-07-23","896","True","False","False","ESTABLISHED_1Y_TOURNAMENT_CANDIDATE","DIRECT_TEMPORAL_OOS_TOURNAMENT","SCENARIO_ONLY_UNLESS_FUTURE_DIRECT_VALIDATION","SCENARIO_ONLY_UNLESS_FUTURE_DIRECT_VALIDATION","False","False","False","False","False","False"
"SL-256B2682940475","x Playstation Superdrop: Foil Trophy Bundle — Foil Edition","660336","REGISTRY_READY","foil","foil_unspecified","bundle","bundle","TCG_MARKET_PRICE_AUTHORIZED_V1","453.43","599.83","599.87","704.99","False","9","9","2025-12-01","2026-07-23","234","False","False","False","SHORT_HISTORY_TOURNAMENT_CANDIDATE","SHORT_HISTORY_METHOD_TOURNAMENT","SCENARIO_ONLY_UNLESS_FUTURE_DIRECT_VALIDATION","SCENARIO_ONLY_UNLESS_FUTURE_DIRECT_VALIDATION","False","False","False","False","False","False"
"SL-25FFECED0CE8DE","Drop: Showcase: The Lost Caverns of Ixalan - Rainbow Foil Edition — Foil Edition","528397","REGISTRY_READY","foil","rainbow_foil","drop","individual_drop","TCG_MARKET_PRICE_AUTHORIZED_V1","53.36","63.9","82","101.01","False","31","31","2024-02-08","2026-07-23","896","True","False","False","ESTABLISHED_1Y_TOURNAMENT_CANDIDATE","DIRECT_TEMPORAL_OOS_TOURNAMENT","SCENARIO_ONLY_UNLESS_FUTURE_DIRECT_VALIDATION","SCENARIO_ONLY_UNLESS_FUTURE_DIRECT_VALIDATION","False","False","False","False","False","False"
"SL-26B06B683BCA6B","Drop: Secret Lair x Doctor Who: The Dalek Lands - Non-Foil Edition — Nonfoil Edition","518834","REGISTRY_READY","nonfoil","nonfoil","drop","individual_drop","TCG_MARKET_PRICE_AUTHORIZED_V1","48.64","49.85","54.99","70","False","31","31","2024-02-08","2026-07-23","896","True","False","False","ESTABLISHED_1Y_TOURNAMENT_CANDIDATE","DIRECT_TEMPORAL_OOS_TOURNAMENT","SCENARIO_ONLY_UNLESS_FUTURE_DIRECT_VALIDATION","SCENARIO_ONLY_UNLESS_FUTURE_DIRECT_VALIDATION","False","False","False","False","False","False"
"SL-26CE439D88A06A","Drop: Non-Foil Nightmare Bundle — Nonfoil Edition","251740","REGISTRY_READY","nonfoil","nonfoil","bundle","bundle","NO_PRODUCTION_CURRENT_MARKET_PRICE","","497","497","497","False","9","9","2024-03-01","2024-11-01","245","False","False","False","SHORT_HISTORY_TOURNAMENT_CANDIDATE","SHORT_HISTORY_METHOD_TOURNAMENT","SCENARIO_ONLY_UNLESS_FUTURE_DIRECT_VALIDATION","SCENARIO_ONLY_UNLESS_FUTURE_DIRECT_VALIDATION","False","False","False","False","False","False"
"SL-26D338135420FD","Drop: Mirrodinsanity - Traditional Foil Edition — Foil Edition","251780","REGISTRY_READY","foil","traditional_foil","drop","individual_drop","TCG_MARKET_PRICE_AUTHORIZED_V1","137.82","140","149.99","179.99","False","31","31","2024-02-08","2026-07-23","896","True","False","False","ESTABLISHED_1Y_TOURNAMENT_CANDIDATE","DIRECT_TEMPORAL_OOS_TOURNAMENT","SCENARIO_ONLY_UNLESS_FUTURE_DIRECT_VALIDATION","SCENARIO_ONLY_UNLESS_FUTURE_DIRECT_VALIDATION","False","False","False","False","False","False"
"SL-26D60205AA523A","Drop: Secret Lair x Fortnite - Traditional Foil Edition — Foil Edition","279336","REGISTRY_READY","foil","traditional_foil","drop","individual_drop","TCG_MARKET_PRICE_AUTHORIZED_V1","128.51","120","125.98","299.99","False","31","31","2024-02-08","2026-07-23","896","True","False","False","ESTABLISHED_1Y_TOURNAMENT_CANDIDATE","DIRECT_TEMPORAL_OOS_TOURNAMENT","SCENARIO_ONLY_UNLESS_FUTURE_DIRECT_VALIDATION","SCENARIO_ONLY_UNLESS_FUTURE_DIRECT_VALIDATION","False","False","False","False","False","False"
"SL-272CED28AF6023","Drop: Faerie, Faerie, Faerie Rad - Traditional Foil Edition — Foil Edition","232596","REGISTRY_READY","foil","traditional_foil","drop","individual_drop","TCG_MARKET_PRICE_AUTHORIZED_V1","139.81","155.94","168","199.99","False","31","31","2024-02-08","2026-07-23","896","True","False","False","ESTABLISHED_1Y_TOURNAMENT_CANDIDATE","DIRECT_TEMPORAL_OOS_TOURNAMENT","SCENARIO_ONLY_UNLESS_FUTURE_DIRECT_VALIDATION","SCENARIO_ONLY_UNLESS_FUTURE_DIRECT_VALIDATION","False","False","False","False","False","False"
"SL-2786878C1D8F2A","Drop: Two Scoops - Double Sprinkles Bundle — Standard Edition","693583","REGISTRY_READY","unknown","unknown","bundle","bundle","TCG_MARKET_PRICE_AUTHORIZED_V1","119.98","124.01","134.97","159.99","False","1","1","2026-07-23","2026-07-23","0","False","False","False","SHORT_HISTORY_TOURNAMENT_CANDIDATE","SHORT_HISTORY_METHOD_TOURNAMENT","SCENARIO_ONLY_UNLESS_FUTURE_DIRECT_VALIDATION","SCENARIO_ONLY_UNLESS_FUTURE_DIRECT_VALIDATION","False","False","False","False","False","False"
"SL-278D493DAEF98B","Drop: Winter Superdrop 2025: Trailblazing Bundle - Foil Edition — Foil Edition","618114","REGISTRY_READY","foil","foil_unspecified","bundle","bundle","TCG_MARKET_PRICE_AUTHORIZED_V1","189.88","224.99","224.99","224.99","False","1","1","2026-07-23","2026-07-23","0","False","False","False","SHORT_HISTORY_TOURNAMENT_CANDIDATE","SHORT_HISTORY_METHOD_TOURNAMENT","SCENARIO_ONLY_UNLESS_FUTURE_DIRECT_VALIDATION","SCENARIO_ONLY_UNLESS_FUTURE_DIRECT_VALIDATION","False","False","False","False","False","False"
"SL-27BCF6F90AE7CD","Superdrop: Culture Shocks: Bant - Non-Foil Edition — Nonfoil Edition","237604","REGISTRY_READY","nonfoil","nonfoil","drop","individual_drop","TCG_MARKET_PRICE_AUTHORIZED_V1","40.6","37.6","50","99.96","False","31","31","2024-02-08","2026-07-23","896","True","False","False","ESTABLISHED_1Y_TOURNAMENT_CANDIDATE","DIRECT_TEMPORAL_OOS_TOURNAMENT","SCENARIO_ONLY_UNLESS_FUTURE_DIRECT_VALIDATION","SCENARIO_ONLY_UNLESS_FUTURE_DIRECT_VALIDATION","False","False","False","False","False","False"
"SL-27F25ED44B60AC","30th Anniversary Countdown Kit — Standard Edition","454314","REGISTRY_READY","unknown","unknown","drop","kit","TCG_MARKET_PRICE_AUTHORIZED_V1","383.55","399.84","422.5","899","False","1","1","2026-07-23","2026-07-23","0","False","False","False","SHORT_HISTORY_TOURNAMENT_CANDIDATE","SHORT_HISTORY_METHOD_TOURNAMENT","SCENARIO_ONLY_UNLESS_FUTURE_DIRECT_VALIDATION","SCENARIO_ONLY_UNLESS_FUTURE_DIRECT_VALIDATION","False","False","False","False","False","False"
"SL-27F53952DEB63B","Drop: Maho Gakuin Seishun Hakusho - Traditional Foil Edition — Foil Edition","691194","REGISTRY_READY","foil","traditional_foil","drop","individual_drop","TCG_MARKET_PRICE_AUTHORIZED_V1","67.63","56.01","74.69","150","False","1","1","2026-07-23","2026-07-23","0","False","False","False","SHORT_HISTORY_TOURNAMENT_CANDIDATE","SHORT_HISTORY_METHOD_TOURNAMENT","SCENARIO_ONLY_UNLESS_FUTURE_DIRECT_VALIDATION","SCENARIO_ONLY_UNLESS_FUTURE_DIRECT_VALIDATION","False","False","False","False","False","False"
"SL-2825A1B58F0B24","Drop: February Superdrop - Special Guest: Yuko Shimizu - Non-Foil Edition — Nonfoil Edition","267779","REGISTRY_READY","nonfoil","nonfoil","drop","individual_drop","TCG_MARKET_PRICE_AUTHORIZED_V1","35.5","32.21","41.1","70","False","31","31","2024-02-08","2026-07-23","896","True","False","False","ESTABLISHED_1Y_TOURNAMENT_CANDIDATE","DIRECT_TEMPORAL_OOS_TOURNAMENT","SCENARIO_ONLY_UNLESS_FUTURE_DIRECT_VALIDATION","SCENARIO_ONLY_UNLESS_FUTURE_DIRECT_VALIDATION","False","False","False","False","False","False"
"SL-284D5484C99F48","Drop: Winter Superdrop 2025: Campfire Merriment Bundle - Non-Foil Edition — Nonfoil Edition","618121","REGISTRY_READY","nonfoil","nonfoil","bundle","bundle","NO_PRODUCTION_CURRENT_MARKET_PRICE","","299.94","299.94","299.94","False","0","0","","","0","False","False","False","CURRENT_AND_HISTORY_EVIDENCE_GAP","NO_1Y_PRODUCTION_FORECAST_UNTIL_EVIDENCE_AVAILABLE","SCENARIO_ONLY_UNLESS_FUTURE_DIRECT_VALIDATION","SCENARIO_ONLY_UNLESS_FUTURE_DIRECT_VALIDATION","False","False","False","False","False","False"
"SL-28E7EF25549A0F","Drop: vroooOOOMMMMMM! - Rainbow Foil Playset Bundle — Foil Edition","632027","REGISTRY_READY","foil","rainbow_foil","bundle","bundle","NO_PRODUCTION_CURRENT_MARKET_PRICE","","373.92","411.94","449.95","False","0","0","","","0","False","False","False","CURRENT_AND_HISTORY_EVIDENCE_GAP","NO_1Y_PRODUCTION_FORECAST_UNTIL_EVIDENCE_AVAILABLE","SCENARIO_ONLY_UNLESS_FUTURE_DIRECT_VALIDATION","SCENARIO_ONLY_UNLESS_FUTURE_DIRECT_VALIDATION","False","False","False","False","False","False"
"SL-290BC5AB169700","Drop: Carving Up A Barrel of Foils Bundle — Foil Edition","501826","REGISTRY_READY","foil","foil_unspecified","bundle","bundle","NO_PRODUCTION_CURRENT_MARKET_PRICE","","","","","False","0","0","","","0","False","False","False","CURRENT_AND_HISTORY_EVIDENCE_GAP","NO_1Y_PRODUCTION_FORECAST_UNTIL_EVIDENCE_AVAILABLE","SCENARIO_ONLY_UNLESS_FUTURE_DIRECT_VALIDATION","SCENARIO_ONLY_UNLESS_FUTURE_DIRECT_VALIDATION","False","False","False","False","False","False"
"SL-299EFC297156F1","Drop: Secret Lair x Teenage Mutant Ninja Turtles: The Mighty Mutanimals - Traditional Foil Edition — Foil Edition","679646","REGISTRY_READY","foil","traditional_foil","drop","individual_drop","TCG_MARKET_PRICE_AUTHORIZED_V1","52.36","50","69.82","350","False","5","5","2026-04-01","2026-07-23","113","False","False","False","SHORT_HISTORY_TOURNAMENT_CANDIDATE","SHORT_HISTORY_METHOD_TOURNAMENT","SCENARIO_ONLY_UNLESS_FUTURE_DIRECT_VALIDATION","SCENARIO_ONLY_UNLESS_FUTURE_DIRECT_VALIDATION","False","False","False","False","False","False"
"SL-2A0B13F359B600","Drop: Dan Frazier's Mox Box - Foil Etched Edition — Foil Edition","516537","REGISTRY_READY","foil","etched_foil","drop","individual_drop","TCG_MARKET_PRICE_AUTHORIZED_V1","542.9","699.99","750","1000","False","31","31","2024-02-08","2026-07-23","896","True","False","False","ESTABLISHED_1Y_TOURNAMENT_CANDIDATE","DIRECT_TEMPORAL_OOS_TOURNAMENT","SCENARIO_ONLY_UNLESS_FUTURE_DIRECT_VALIDATION","SCENARIO_ONLY_UNLESS_FUTURE_DIRECT_VALIDATION","False","False","False","False","False","False"
"SL-2A2F4D4D905F89","Drop: Those Foils Are Really Coming Down Bundle — Foil Edition","493794","REGISTRY_READY","foil","foil_unspecified","bundle","bundle","NO_PRODUCTION_CURRENT_MARKET_PRICE","","","","","False","0","0","","","0","False","False","False","CURRENT_AND_HISTORY_EVIDENCE_GAP","NO_1Y_PRODUCTION_FORECAST_UNTIL_EVIDENCE_AVAILABLE","SCENARIO_ONLY_UNLESS_FUTURE_DIRECT_VALIDATION","SCENARIO_ONLY_UNLESS_FUTURE_DIRECT_VALIDATION","False","False","False","False","False","False"
"SL-2AA846FD9ACD02","x NALAC Drop: Nuestra Magia (SP Rainbow Foil) — Foil Edition","638089","REGISTRY_READY","foil","rainbow_foil","drop","individual_drop","TCG_MARKET_PRICE_AUTHORIZED_V1","98.99","129.98","137.99","245","False","13","13","2025-08-01","2026-07-23","356","False","False","False","SHORT_HISTORY_TOURNAMENT_CANDIDATE","SHORT_HISTORY_METHOD_TOURNAMENT","SCENARIO_ONLY_UNLESS_FUTURE_DIRECT_VALIDATION","SCENARIO_ONLY_UNLESS_FUTURE_DIRECT_VALIDATION","False","False","False","False","False","False"
"SL-2AC9C47B84FA46","Drop: PixelLands_v02.jpg - Non-Foil Edition — Nonfoil Edition","518821","REGISTRY_READY","nonfoil","nonfoil","drop","individual_drop","TCG_MARKET_PRICE_AUTHORIZED_V1","101.23","100","110","135.94","False","31","31","2024-02-08","2026-07-23","896","True","False","False","ESTABLISHED_1Y_TOURNAMENT_CANDIDATE","DIRECT_TEMPORAL_OOS_TOURNAMENT","SCENARIO_ONLY_UNLESS_FUTURE_DIRECT_VALIDATION","SCENARIO_ONLY_UNLESS_FUTURE_DIRECT_VALIDATION","False","False","False","False","False","False"
"SL-2ADC84D7922A98","x Post Malone: Backstage Pass - Traditional Foil Edition — Foil Edition","450518","REGISTRY_READY","foil","traditional_foil","drop","individual_drop","TCG_MARKET_PRICE_AUTHORIZED_V1","115.25","116.35","167.48","777.77","False","31","31","2024-02-08","2026-07-23","896","True","False","False","ESTABLISHED_1Y_TOURNAMENT_CANDIDATE","DIRECT_TEMPORAL_OOS_TOURNAMENT","SCENARIO_ONLY_UNLESS_FUTURE_DIRECT_VALIDATION","SCENARIO_ONLY_UNLESS_FUTURE_DIRECT_VALIDATION","False","False","False","False","False","False"
"SL-2AF8009F200134","x Post Malone: The Lands - Traditional Foil Edition — Foil Edition","450521","REGISTRY_READY","foil","traditional_foil","drop","individual_drop","TCG_MARKET_PRICE_AUTHORIZED_V1","69.14","55.01","74.38","99.99","False","31","31","2024-02-08","2026-07-23","896","True","False","False","ESTABLISHED_1Y_TOURNAMENT_CANDIDATE","DIRECT_TEMPORAL_OOS_TOURNAMENT","SCENARIO_ONLY_UNLESS_FUTURE_DIRECT_VALIDATION","SCENARIO_ONLY_UNLESS_FUTURE_DIRECT_VALIDATION","False","False","False","False","False","False"
"SL-2B046AC7FBA460","Drop: Secret Lair x Arcane: Lands - Traditional Foil Edition — Foil Edition","258404","REGISTRY_READY","foil","traditional_foil","drop","individual_drop","TCG_MARKET_PRICE_AUTHORIZED_V1","36.26","35.86","50","199.99","False","31","31","2024-02-08","2026-07-23","896","True","False","False","ESTABLISHED_1Y_TOURNAMENT_CANDIDATE","DIRECT_TEMPORAL_OOS_TOURNAMENT","SCENARIO_ONLY_UNLESS_FUTURE_DIRECT_VALIDATION","SCENARIO_ONLY_UNLESS_FUTURE_DIRECT_VALIDATION","False","False","False","False","False","False"
"SL-2B40642CD07C6B","x Warhammer 40,000: Orks - Traditional Foil Edition — Foil Edition","450524","REGISTRY_READY","foil","traditional_foil","drop","individual_drop","TCG_MARKET_PRICE_AUTHORIZED_V1","190.2","239.99","245.95","399.99","False","31","31","2024-02-08","2026-07-23","896","True","False","False","ESTABLISHED_1Y_TOURNAMENT_CANDIDATE","DIRECT_TEMPORAL_OOS_TOURNAMENT","SCENARIO_ONLY_UNLESS_FUTURE_DIRECT_VALIDATION","SCENARIO_ONLY_UNLESS_FUTURE_DIRECT_VALIDATION","False","False","False","False","False","False"
"SL-2B55545460A82C","Drop: Astrology Lands (Aquarius) - Non-Foil Edition — Nonfoil Edition","279185","REGISTRY_READY","nonfoil","nonfoil","drop","individual_drop","TCG_MARKET_PRICE_AUTHORIZED_V1","20","25.99","34.34","39.94","False","8","8","2025-02-01","2026-07-23","537","True","False","False","ESTABLISHED_1Y_TOURNAMENT_CANDIDATE","DIRECT_TEMPORAL_OOS_TOURNAMENT","SCENARIO_ONLY_UNLESS_FUTURE_DIRECT_VALIDATION","SCENARIO_ONLY_UNLESS_FUTURE_DIRECT_VALIDATION","False","False","False","False","False","False"
"SL-2B817FBC9624E5","Drop: Second Secretversary Bundle - Foil Edition — Foil Edition","258494","REGISTRY_READY","foil","foil_unspecified","bundle","bundle","NO_PRODUCTION_CURRENT_MARKET_PRICE","","","","","False","0","0","","","0","False","False","False","CURRENT_AND_HISTORY_EVIDENCE_GAP","NO_1Y_PRODUCTION_FORECAST_UNTIL_EVIDENCE_AVAILABLE","SCENARIO_ONLY_UNLESS_FUTURE_DIRECT_VALIDATION","SCENARIO_ONLY_UNLESS_FUTURE_DIRECT_VALIDATION","False","False","False","False","False","False"
"SL-2B9EE853724B6D","Drop: Secretversary Superdrop - Party Hard, Shred Harder - Non-Foil Edition — Nonfoil Edition","228718","REGISTRY_READY","nonfoil","nonfoil","drop","individual_drop","TCG_MARKET_PRICE_AUTHORIZED_V1","55.17","45","69.98","129.99","False","31","31","2024-02-08","2026-07-23","896","True","False","False","ESTABLISHED_1Y_TOURNAMENT_CANDIDATE","DIRECT_TEMPORAL_OOS_TOURNAMENT","SCENARIO_ONLY_UNLESS_FUTURE_DIRECT_VALIDATION","SCENARIO_ONLY_UNLESS_FUTURE_DIRECT_VALIDATION","False","False","False","False","False","False"
"SL-2BC80C4864DCB3","Drop: Transformers Foil Bundle — Foil Edition","456553","REGISTRY_READY","foil","foil_unspecified","bundle","bundle","NO_PRODUCTION_CURRENT_MARKET_PRICE","","","","","False","0","0","","","0","False","False","False","CURRENT_AND_HISTORY_EVIDENCE_GAP","NO_1Y_PRODUCTION_FORECAST_UNTIL_EVIDENCE_AVAILABLE","SCENARIO_ONLY_UNLESS_FUTURE_DIRECT_VALIDATION","SCENARIO_ONLY_UNLESS_FUTURE_DIRECT_VALIDATION","False","False","False","False","False","False"
"SL-2C8BD576A51D61","Drop: Now on VHS! - Non-Foil Edition — Nonfoil Edition","515004","REGISTRY_READY","nonfoil","nonfoil","drop","individual_drop","TCG_MARKET_PRICE_AUTHORIZED_V1","92.66","85","99.95","119.99","False","31","31","2024-02-08","2026-07-23","896","True","False","False","ESTABLISHED_1Y_TOURNAMENT_CANDIDATE","DIRECT_TEMPORAL_OOS_TOURNAMENT","SCENARIO_ONLY_UNLESS_FUTURE_DIRECT_VALIDATION","SCENARIO_ONLY_UNLESS_FUTURE_DIRECT_VALIDATION","False","False","False","False","False","False"
"SL-2CC41EDDF7EBA1","Drop: Goblingram - Rainbow Foil Edition — Foil Edition","551443","REGISTRY_READY","foil","rainbow_foil","drop","individual_drop","TCG_MARKET_PRICE_AUTHORIZED_V1","51.41","50","64.99","999","False","26","26","2024-07-01","2026-07-23","752","True","False","False","ESTABLISHED_1Y_TOURNAMENT_CANDIDATE","DIRECT_TEMPORAL_OOS_TOURNAMENT","SCENARIO_ONLY_UNLESS_FUTURE_DIRECT_VALIDATION","SCENARIO_ONLY_UNLESS_FUTURE_DIRECT_VALIDATION","False","False","False","False","False","False"
"SL-2CFDA3F4C0066D","Drop: Bitterblossom Dreams - Non-Foil Edition — Nonfoil Edition","205224","REGISTRY_READY","nonfoil","nonfoil","drop","individual_drop","TCG_MARKET_PRICE_AUTHORIZED_V1","96.92","96.92","100.5","109.99","False","31","31","2024-02-08","2026-07-23","896","True","False","False","ESTABLISHED_1Y_TOURNAMENT_CANDIDATE","DIRECT_TEMPORAL_OOS_TOURNAMENT","SCENARIO_ONLY_UNLESS_FUTURE_DIRECT_VALIDATION","SCENARIO_ONLY_UNLESS_FUTURE_DIRECT_VALIDATION","False","False","False","False","False","False"
"SL-2D3CABC651E40A","Drop: City Styles 2: Dressed to Kill - Non-Foil Edition — Nonfoil Edition","618103","REGISTRY_READY","nonfoil","nonfoil","drop","individual_drop","TCG_MARKET_PRICE_AUTHORIZED_V1","80.2","84.99","99.99","149","False","18","18","2025-03-01","2026-07-23","509","True","False","False","ESTABLISHED_1Y_TOURNAMENT_CANDIDATE","DIRECT_TEMPORAL_OOS_TOURNAMENT","SCENARIO_ONLY_UNLESS_FUTURE_DIRECT_VALIDATION","SCENARIO_ONLY_UNLESS_FUTURE_DIRECT_VALIDATION","False","False","False","False","False","False"
"SL-2D3F3FFB5E9435","Drop: Secret Lair x Garfield: Our Only Thought Is To Entertain You - Traditional Foil Edition — Foil Edition","694970","REGISTRY_READY","foil","traditional_foil","drop","individual_drop","TCG_MARKET_PRICE_AUTHORIZED_V1","40.47","34.45","51.21","999","False","1","1","2026-07-23","2026-07-23","0","False","False","False","SHORT_HISTORY_TOURNAMENT_CANDIDATE","SHORT_HISTORY_METHOD_TOURNAMENT","SCENARIO_ONLY_UNLESS_FUTURE_DIRECT_VALIDATION","SCENARIO_ONLY_UNLESS_FUTURE_DIRECT_VALIDATION","False","False","False","False","False","False"
"SL-2D5B5D6DB161EE","Drop: Buggin' Out - Non-Foil Edition — Nonfoil Edition","515012","REGISTRY_READY","nonfoil","nonfoil","drop","individual_drop","TCG_MARKET_PRICE_AUTHORIZED_V1","60.79","95.94","102.97","110","False","31","31","2024-02-08","2026-07-23","896","True","False","False","ESTABLISHED_1Y_TOURNAMENT_CANDIDATE","DIRECT_TEMPORAL_OOS_TOURNAMENT","SCENARIO_ONLY_UNLESS_FUTURE_DIRECT_VALIDATION","SCENARIO_ONLY_UNLESS_FUTURE_DIRECT_VALIDATION","False","False","False","False","False","False"
"SL-2E5D3F1C55B40E","Drop: Wild in Bloom - Traditional Foil Edition — Foil Edition","703903","REGISTRY_READY","foil","traditional_foil","drop","individual_drop","TCG_MARKET_PRICE_AUTHORIZED_V1","63.81","53.8","66.73","240","False","1","1","2026-07-23","2026-07-23","0","False","False","False","SHORT_HISTORY_TOURNAMENT_CANDIDATE","SHORT_HISTORY_METHOD_TOURNAMENT","SCENARIO_ONLY_UNLESS_FUTURE_DIRECT_VALIDATION","SCENARIO_ONLY_UNLESS_FUTURE_DIRECT_VALIDATION","False","False","False","False","False","False"
"SL-2E6BF27043E9BB","Drop: Animar & Friends - Rainbow Foil Edition — Foil Edition","616921","REGISTRY_READY","foil","rainbow_foil","drop","individual_drop","TCG_MARKET_PRICE_AUTHORIZED_V1","84.11","75","91.88","149","False","18","18","2025-03-01","2026-07-23","509","True","False","False","ESTABLISHED_1Y_TOURNAMENT_CANDIDATE","DIRECT_TEMPORAL_OOS_TOURNAMENT","SCENARIO_ONLY_UNLESS_FUTURE_DIRECT_VALIDATION","SCENARIO_ONLY_UNLESS_FUTURE_DIRECT_VALIDATION","False","False","False","False","False","False"
"SL-2F0C6070A19154","Drop: Equinox Superdrop 2024: We Celebrate the Foils Bundle — Foil Edition","545702","REGISTRY_READY","foil","foil_unspecified","bundle","bundle","TCG_MARKET_PRICE_AUTHORIZED_V1","499.99","999.99","999.99","999.99","False","14","14","2024-05-01","2026-07-23","813","True","False","False","ESTABLISHED_1Y_TOURNAMENT_CANDIDATE","DIRECT_TEMPORAL_OOS_TOURNAMENT","SCENARIO_ONLY_UNLESS_FUTURE_DIRECT_VALIDATION","SCENARIO_ONLY_UNLESS_FUTURE_DIRECT_VALIDATION","False","False","False","False","False","False"
"SL-2F498E0B93A360","x Avatar: The Last Airbender: My Cabbages! - Non-Foil Edition — Nonfoil Edition","662577","REGISTRY_READY","nonfoil","nonfoil","drop","individual_drop","TCG_MARKET_PRICE_AUTHORIZED_V1","48.34","54.99","69.68","99","False","9","9","2025-12-01","2026-07-23","234","False","False","False","SHORT_HISTORY_TOURNAMENT_CANDIDATE","SHORT_HISTORY_METHOD_TOURNAMENT","SCENARIO_ONLY_UNLESS_FUTURE_DIRECT_VALIDATION","SCENARIO_ONLY_UNLESS_FUTURE_DIRECT_VALIDATION","False","False","False","False","False","False"
"SL-2F5BFD58A416E7","Drop: EVERYTHING IS ON FIRE - Rainbow Foil Playset Bundle — Foil Edition","632031","REGISTRY_READY","foil","rainbow_foil","bundle","bundle","NO_PRODUCTION_CURRENT_MARKET_PRICE","","299.91","299.91","299.91","False","0","0","","","0","False","False","False","CURRENT_AND_HISTORY_EVIDENCE_GAP","NO_1Y_PRODUCTION_FORECAST_UNTIL_EVIDENCE_AVAILABLE","SCENARIO_ONLY_UNLESS_FUTURE_DIRECT_VALIDATION","SCENARIO_ONLY_UNLESS_FUTURE_DIRECT_VALIDATION","False","False","False","False","False","False"
"SL-2FCD076205C4F4","Drop: Our Boss is on Vacation Superdrop: Tragic Romance - Non-Foil Edition — Nonfoil Edition","624716","REGISTRY_READY","nonfoil","nonfoil","drop","individual_drop","TCG_MARKET_PRICE_AUTHORIZED_V1","129.68","127","140","299","False","17","17","2025-04-01","2026-07-23","478","True","False","False","ESTABLISHED_1Y_TOURNAMENT_CANDIDATE","DIRECT_TEMPORAL_OOS_TOURNAMENT","SCENARIO_ONLY_UNLESS_FUTURE_DIRECT_VALIDATION","SCENARIO_ONLY_UNLESS_FUTURE_DIRECT_VALIDATION","False","False","False","False","False","False"
"SL-2FE515EC6D482C","Astrology Lands (Taurus) - Traditional Foil Edition — Foil Edition","279325","REGISTRY_READY","foil","traditional_foil","drop","individual_drop","NO_PRODUCTION_CURRENT_MARKET_PRICE","","65.97","71.94","105","False","24","24","2024-02-08","2026-07-01","874","True","False","False","ESTABLISHED_1Y_TOURNAMENT_CANDIDATE","DIRECT_TEMPORAL_OOS_TOURNAMENT","SCENARIO_ONLY_UNLESS_FUTURE_DIRECT_VALIDATION","SCENARIO_ONLY_UNLESS_FUTURE_DIRECT_VALIDATION","False","False","False","False","False","False"
"SL-301D3C32669404","Drop: Outlaw Anthology Vol. 2: Sinister Scoundrels - Rainbow Foil Edition — Foil Edition","551449","REGISTRY_READY","foil","rainbow_foil","drop","individual_drop","TCG_MARKET_PRICE_AUTHORIZED_V1","65.79","83.99","99","300","False","26","26","2024-07-01","2026-07-23","752","True","False","False","ESTABLISHED_1Y_TOURNAMENT_CANDIDATE","DIRECT_TEMPORAL_OOS_TOURNAMENT","SCENARIO_ONLY_UNLESS_FUTURE_DIRECT_VALIDATION","SCENARIO_ONLY_UNLESS_FUTURE_DIRECT_VALIDATION","False","False","False","False","False","False"
"SL-30B353B1E2F40A","Drop: Our Boss is on Vacation Superdrop: Spongebob Squarepants: Internet Sensation - Non-Foil Edition — Nonfoil Edition","624710","REGISTRY_READY","nonfoil","nonfoil","drop","individual_drop","TCG_MARKET_PRICE_AUTHORIZED_V1","67.89","66.14","74.99","199","False","17","17","2025-04-01","2026-07-23","478","True","False","False","ESTABLISHED_1Y_TOURNAMENT_CANDIDATE","DIRECT_TEMPORAL_OOS_TOURNAMENT","SCENARIO_ONLY_UNLESS_FUTURE_DIRECT_VALIDATION","SCENARIO_ONLY_UNLESS_FUTURE_DIRECT_VALIDATION","False","False","False","False","False","False"
"SL-30C88E4C2B3278","Drop: The Weirdest Pets in the Multiverse - Non-Foil Edition — Nonfoil Edition","450620","REGISTRY_READY","nonfoil","nonfoil","drop","individual_drop","TCG_MARKET_PRICE_AUTHORIZED_V1","48.1","59.99","67.68","70","False","27","27","2024-06-01","2026-07-23","782","True","False","False","ESTABLISHED_1Y_TOURNAMENT_CANDIDATE","DIRECT_TEMPORAL_OOS_TOURNAMENT","SCENARIO_ONLY_UNLESS_FUTURE_DIRECT_VALIDATION","SCENARIO_ONLY_UNLESS_FUTURE_DIRECT_VALIDATION","False","False","False","False","False","False"
"SL-30DF537FBDFC90","Drop: Astrology Lands (Cancer) Bundle - Non-Foil Edition — Nonfoil Edition","278750","REGISTRY_READY","nonfoil","nonfoil","bundle","bundle","NO_PRODUCTION_CURRENT_MARKET_PRICE","","","","","False","0","0","","","0","False","False","False","CURRENT_AND_HISTORY_EVIDENCE_GAP","NO_1Y_PRODUCTION_FORECAST_UNTIL_EVIDENCE_AVAILABLE","SCENARIO_ONLY_UNLESS_FUTURE_DIRECT_VALIDATION","SCENARIO_ONLY_UNLESS_FUTURE_DIRECT_VALIDATION","False","False","False","False","False","False"
"SL-3104ED52ED0029","Drop: Secret Lair x Dungeons & Dragons: Karlach's Rage - Rainbow Foil Edition — Foil Edition","565552","REGISTRY_READY","foil","rainbow_foil","drop","individual_drop","TCG_MARKET_PRICE_AUTHORIZED_V1","171","170","196.69","500","False","24","24","2024-09-01","2026-07-23","690","True","False","False","ESTABLISHED_1Y_TOURNAMENT_CANDIDATE","DIRECT_TEMPORAL_OOS_TOURNAMENT","SCENARIO_ONLY_UNLESS_FUTURE_DIRECT_VALIDATION","SCENARIO_ONLY_UNLESS_FUTURE_DIRECT_VALIDATION","False","False","False","False","False","False"
"SL-31ABCEB49A1123","Drop: This One Is For My Non-Foils Bundle — Nonfoil Edition","514921","REGISTRY_READY","nonfoil","nonfoil","bundle","bundle","NO_PRODUCTION_CURRENT_MARKET_PRICE","","699.94","699.94","699.94","False","0","0","","","0","False","False","False","CURRENT_AND_HISTORY_EVIDENCE_GAP","NO_1Y_PRODUCTION_FORECAST_UNTIL_EVIDENCE_AVAILABLE","SCENARIO_ONLY_UNLESS_FUTURE_DIRECT_VALIDATION","SCENARIO_ONLY_UNLESS_FUTURE_DIRECT_VALIDATION","False","False","False","False","False","False"
"SL-31EB584CE2759D","Drop: Purrfection - Non-Foil Edition — Nonfoil Edition","247857","REGISTRY_READY","nonfoil","nonfoil","drop","individual_drop","TCG_MARKET_PRICE_AUTHORIZED_V1","228.8","225","337.99","350","False","31","31","2024-02-08","2026-07-23","896","True","False","False","ESTABLISHED_1Y_TOURNAMENT_CANDIDATE","DIRECT_TEMPORAL_OOS_TOURNAMENT","SCENARIO_ONLY_UNLESS_FUTURE_DIRECT_VALIDATION","SCENARIO_ONLY_UNLESS_FUTURE_DIRECT_VALIDATION","False","False","False","False","False","False"
"SL-31EB85A6AF4F60","Drop: February Superdrop - Secret Lair x Street Fighter - Traditional Foil Edition — Foil Edition","267782","REGISTRY_READY","foil","traditional_foil","drop","individual_drop","TCG_MARKET_PRICE_AUTHORIZED_V1","88.8","82.99","99.99","450","False","31","31","2024-02-08","2026-07-23","896","True","False","False","ESTABLISHED_1Y_TOURNAMENT_CANDIDATE","DIRECT_TEMPORAL_OOS_TOURNAMENT","SCENARIO_ONLY_UNLESS_FUTURE_DIRECT_VALIDATION","SCENARIO_ONLY_UNLESS_FUTURE_DIRECT_VALIDATION","False","False","False","False","False","False"
"SL-32E9767E0B3D5C","Drop: Camp Totally Safe Superdrop: Noise from the Woods Bundle - Non-Foil Edition — Nonfoil Edition","584517","REGISTRY_READY","nonfoil","nonfoil","bundle","bundle","NO_PRODUCTION_CURRENT_MARKET_PRICE","","349.94","349.94","349.94","False","0","0","","","0","False","False","False","CURRENT_AND_HISTORY_EVIDENCE_GAP","NO_1Y_PRODUCTION_FORECAST_UNTIL_EVIDENCE_AVAILABLE","SCENARIO_ONLY_UNLESS_FUTURE_DIRECT_VALIDATION","SCENARIO_ONLY_UNLESS_FUTURE_DIRECT_VALIDATION","False","False","False","False","False","False"
"SL-33DE5E031EFD3B","Drop: Secret Lair x Brain Dead: Staples - Rainbow Foil Edition — Foil Edition","561461","REGISTRY_READY","foil","rainbow_foil","drop","individual_drop","TCG_MARKET_PRICE_AUTHORIZED_V1","57.55","49","69.44","99.99","False","24","24","2024-09-01","2026-07-23","690","True","False","False","ESTABLISHED_1Y_TOURNAMENT_CANDIDATE","DIRECT_TEMPORAL_OOS_TOURNAMENT","SCENARIO_ONLY_UNLESS_FUTURE_DIRECT_VALIDATION","SCENARIO_ONLY_UNLESS_FUTURE_DIRECT_VALIDATION","False","False","False","False","False","False"
"SL-33FFFBC2DAC5E2","Cats Are the Best Superdrop: Laser Focus Foil Bundle — Foil Edition","700803","REGISTRY_READY","foil","foil_unspecified","bundle","bundle","TCG_MARKET_PRICE_AUTHORIZED_V1","468.73","439.99","490","799.99","False","1","1","2026-07-23","2026-07-23","0","False","False","False","SHORT_HISTORY_TOURNAMENT_CANDIDATE","SHORT_HISTORY_METHOD_TOURNAMENT","SCENARIO_ONLY_UNLESS_FUTURE_DIRECT_VALIDATION","SCENARIO_ONLY_UNLESS_FUTURE_DIRECT_VALIDATION","False","False","False","False","False","False"
"SL-34194E4F054A23","Drop: Phyrexian Faves - Non-Foil Edition — Nonfoil Edition","480457","REGISTRY_READY","nonfoil","nonfoil","drop","individual_drop","TCG_MARKET_PRICE_AUTHORIZED_V1","26.29","35","49.99","95.31","False","31","31","2024-02-08","2026-07-23","896","True","False","False","ESTABLISHED_1Y_TOURNAMENT_CANDIDATE","DIRECT_TEMPORAL_OOS_TOURNAMENT","SCENARIO_ONLY_UNLESS_FUTURE_DIRECT_VALIDATION","SCENARIO_ONLY_UNLESS_FUTURE_DIRECT_VALIDATION","False","False","False","False","False","False"
"SL-34352A7A87C72D","Drop: Toby's Journey By Gary Baseman - Non-Foil Edition — Nonfoil Edition","696850","REGISTRY_READY","nonfoil","nonfoil","drop","individual_drop","TCG_MARKET_PRICE_AUTHORIZED_V1","37.19","27.01","48.15","190","False","2","2","2026-07-01","2026-07-23","22","False","False","False","SHORT_HISTORY_TOURNAMENT_CANDIDATE","SHORT_HISTORY_METHOD_TOURNAMENT","SCENARIO_ONLY_UNLESS_FUTURE_DIRECT_VALIDATION","SCENARIO_ONLY_UNLESS_FUTURE_DIRECT_VALIDATION","False","False","False","False","False","False"
"SL-347373B1ADC604","Drop: Secret Lair x Garfield: Our Only Thought Is To Entertain You - Non-Foil Edition — Nonfoil Edition","694969","REGISTRY_READY","nonfoil","nonfoil","drop","individual_drop","TCG_MARKET_PRICE_AUTHORIZED_V1","44.71","33.98","50","100","False","2","2","2026-07-01","2026-07-23","22","False","False","False","SHORT_HISTORY_TOURNAMENT_CANDIDATE","SHORT_HISTORY_METHOD_TOURNAMENT","SCENARIO_ONLY_UNLESS_FUTURE_DIRECT_VALIDATION","SCENARIO_ONLY_UNLESS_FUTURE_DIRECT_VALIDATION","False","False","False","False","False","False"
"SL-35D49FF298AC45","Drop: Artist Series: Thomas Baxa - Traditional Foil Edition — Foil Edition","247344","REGISTRY_READY","foil","traditional_foil","drop","individual_drop","TCG_MARKET_PRICE_AUTHORIZED_V1","42.07","37.14","76.97","133.33","False","31","31","2024-02-08","2026-07-23","896","True","False","False","ESTABLISHED_1Y_TOURNAMENT_CANDIDATE","DIRECT_TEMPORAL_OOS_TOURNAMENT","SCENARIO_ONLY_UNLESS_FUTURE_DIRECT_VALIDATION","SCENARIO_ONLY_UNLESS_FUTURE_DIRECT_VALIDATION","False","False","False","False","False","False"
"SL-36280CB83AC2AF","Drop: The Eyes Have It - Rainbow Foil Edition — Foil Edition","691192","REGISTRY_READY","foil","rainbow_foil","drop","individual_drop","TCG_MARKET_PRICE_AUTHORIZED_V1","79.39","60.6","83.5","350","False","2","2","2026-07-01","2026-07-23","22","False","False","False","SHORT_HISTORY_TOURNAMENT_CANDIDATE","SHORT_HISTORY_METHOD_TOURNAMENT","SCENARIO_ONLY_UNLESS_FUTURE_DIRECT_VALIDATION","SCENARIO_ONLY_UNLESS_FUTURE_DIRECT_VALIDATION","False","False","False","False","False","False"
"SL-364F90FA6A1775","x Furby: The Gathering - Confetti Foil Edition — Foil Edition","656361","REGISTRY_READY","foil","foil_unspecified","drop","individual_drop","TCG_MARKET_PRICE_AUTHORIZED_V1","94.45","112","117.97","1167.69","False","10","10","2025-11-01","2026-07-23","264","False","False","False","SHORT_HISTORY_TOURNAMENT_CANDIDATE","SHORT_HISTORY_METHOD_TOURNAMENT","SCENARIO_ONLY_UNLESS_FUTURE_DIRECT_VALIDATION","SCENARIO_ONLY_UNLESS_FUTURE_DIRECT_VALIDATION","False","False","False","False","False","False"
"SL-366202692BF768","Drop: Secret Lair x Marvel's Spider-Man: Heroic Deeds - Rainbow Foil Edition — Foil Edition","653119","REGISTRY_READY","foil","rainbow_foil","drop","individual_drop","TCG_MARKET_PRICE_AUTHORIZED_V1","46.3","35","61.54","149.99","False","11","11","2025-10-01","2026-07-23","295","False","False","False","SHORT_HISTORY_TOURNAMENT_CANDIDATE","SHORT_HISTORY_METHOD_TOURNAMENT","SCENARIO_ONLY_UNLESS_FUTURE_DIRECT_VALIDATION","SCENARIO_ONLY_UNLESS_FUTURE_DIRECT_VALIDATION","False","False","False","False","False","False"
"SL-3695BA5801481E","Drop: Chill Beats Bundle - Non-Foil Edition — Nonfoil Edition","646784","REGISTRY_READY","nonfoil","nonfoil","bundle","bundle","NO_PRODUCTION_CURRENT_MARKET_PRICE","","199.94","199.94","199.94","False","0","0","","","0","False","False","False","CURRENT_AND_HISTORY_EVIDENCE_GAP","NO_1Y_PRODUCTION_FORECAST_UNTIL_EVIDENCE_AVAILABLE","SCENARIO_ONLY_UNLESS_FUTURE_DIRECT_VALIDATION","SCENARIO_ONLY_UNLESS_FUTURE_DIRECT_VALIDATION","False","False","False","False","False","False"
"SL-369FF863EC799B","Drop: Dungeons & Dragons 50th Anniversary: Loot the Room with Non-Foils Bundle — Nonfoil Edition","565538","REGISTRY_READY","nonfoil","nonfoil","bundle","bundle","NO_PRODUCTION_CURRENT_MARKET_PRICE","","749.69","749.69","749.69","False","11","11","2024-10-01","2025-09-01","335","False","False","False","SHORT_HISTORY_TOURNAMENT_CANDIDATE","SHORT_HISTORY_METHOD_TOURNAMENT","SCENARIO_ONLY_UNLESS_FUTURE_DIRECT_VALIDATION","SCENARIO_ONLY_UNLESS_FUTURE_DIRECT_VALIDATION","False","False","False","False","False","False"
"SL-3734ADEE0BD3D9","Drop: Secret Lair x Marvel's Spider-Man: The Foil Web-Slinger Bundle — Foil Edition","655098","REGISTRY_READY","foil","foil_unspecified","bundle","bundle","TCG_MARKET_PRICE_AUTHORIZED_V1","223.54","305.97","358.83","499.95","False","11","11","2025-10-01","2026-07-23","295","False","False","False","SHORT_HISTORY_TOURNAMENT_CANDIDATE","SHORT_HISTORY_METHOD_TOURNAMENT","SCENARIO_ONLY_UNLESS_FUTURE_DIRECT_VALIDATION","SCENARIO_ONLY_UNLESS_FUTURE_DIRECT_VALIDATION","False","False","False","False","False","False"
"SL-373CCE73104F13","Drop: Places to Trick or Treat Foil Lands Bundle — Foil Edition","518841","REGISTRY_READY","foil","foil_unspecified","bundle","bundle","NO_PRODUCTION_CURRENT_MARKET_PRICE","","","","","False","0","0","","","0","False","False","False","CURRENT_AND_HISTORY_EVIDENCE_GAP","NO_1Y_PRODUCTION_FORECAST_UNTIL_EVIDENCE_AVAILABLE","SCENARIO_ONLY_UNLESS_FUTURE_DIRECT_VALIDATION","SCENARIO_ONLY_UNLESS_FUTURE_DIRECT_VALIDATION","False","False","False","False","False","False"
"SL-37C6B768973D2F","Drop: Showcase: Bloomburrow - Rainbow Foil Edition — Foil Edition","561463","REGISTRY_READY","foil","rainbow_foil","drop","individual_drop","TCG_MARKET_PRICE_AUTHORIZED_V1","62.25","50","65","99.99","False","24","24","2024-09-01","2026-07-23","690","True","False","False","ESTABLISHED_1Y_TOURNAMENT_CANDIDATE","DIRECT_TEMPORAL_OOS_TOURNAMENT","SCENARIO_ONLY_UNLESS_FUTURE_DIRECT_VALIDATION","SCENARIO_ONLY_UNLESS_FUTURE_DIRECT_VALIDATION","False","False","False","False","False","False"
"SL-37F143176116F8","Drop: International Women's Day 2020 - Traditional Foil Edition — Foil Edition","209937","REGISTRY_READY","foil","traditional_foil","drop","individual_drop","TCG_MARKET_PRICE_AUTHORIZED_V1","74.86","70","79.99","159.99","False","31","31","2024-02-08","2026-07-23","896","True","False","False","ESTABLISHED_1Y_TOURNAMENT_CANDIDATE","DIRECT_TEMPORAL_OOS_TOURNAMENT","SCENARIO_ONLY_UNLESS_FUTURE_DIRECT_VALIDATION","SCENARIO_ONLY_UNLESS_FUTURE_DIRECT_VALIDATION","False","False","False","False","False","False"
"SL-37F8EC322DC4FF","Drop: Secret Lair x Tomb Raider - Traditional Foil Edition — Foil Edition","528395","REGISTRY_READY","foil","traditional_foil","drop","individual_drop","TCG_MARKET_PRICE_AUTHORIZED_V1","197.79","230","250","334.98","False","31","31","2024-02-08","2026-07-23","896","True","False","False","ESTABLISHED_1Y_TOURNAMENT_CANDIDATE","DIRECT_TEMPORAL_OOS_TOURNAMENT","SCENARIO_ONLY_UNLESS_FUTURE_DIRECT_VALIDATION","SCENARIO_ONLY_UNLESS_FUTURE_DIRECT_VALIDATION","False","False","False","False","False","False"
"SL-383A5390F8CB76","Drop: Secret Lair x Fallout: S.P.E.C.I.A.L. - Non-Foil Edition — Nonfoil Edition","545713","REGISTRY_READY","nonfoil","nonfoil","drop","individual_drop","TCG_MARKET_PRICE_AUTHORIZED_V1","89.24","100","119.95","199.99","False","28","28","2024-05-01","2026-07-23","813","True","False","False","ESTABLISHED_1Y_TOURNAMENT_CANDIDATE","DIRECT_TEMPORAL_OOS_TOURNAMENT","SCENARIO_ONLY_UNLESS_FUTURE_DIRECT_VALIDATION","SCENARIO_ONLY_UNLESS_FUTURE_DIRECT_VALIDATION","False","False","False","False","False","False"
"SL-384FB17537F64E","Drop: Theros Stargazing: Vol.II (Thassa) - Traditional Foil Edition — Foil Edition","209382","REGISTRY_READY","foil","traditional_foil","drop","individual_drop","TCG_MARKET_PRICE_AUTHORIZED_V1","60.2","60.95","70","119.99","False","31","31","2024-02-08","2026-07-23","896","True","False","False","ESTABLISHED_1Y_TOURNAMENT_CANDIDATE","DIRECT_TEMPORAL_OOS_TOURNAMENT","SCENARIO_ONLY_UNLESS_FUTURE_DIRECT_VALIDATION","SCENARIO_ONLY_UNLESS_FUTURE_DIRECT_VALIDATION","False","False","False","False","False","False"
"SL-3852DBF0BE0E0F","Drop: The Tokyo Lands - Etched Foil Edition — Foil Edition","275804","REGISTRY_READY","foil","etched_foil","drop","individual_drop","TCG_MARKET_PRICE_AUTHORIZED_V1","84.21","95","105","109.99","False","31","31","2024-02-08","2026-07-23","896","True","False","False","ESTABLISHED_1Y_TOURNAMENT_CANDIDATE","DIRECT_TEMPORAL_OOS_TOURNAMENT","SCENARIO_ONLY_UNLESS_FUTURE_DIRECT_VALIDATION","SCENARIO_ONLY_UNLESS_FUTURE_DIRECT_VALIDATION","False","False","False","False","False","False"
"SL-38870530CF4440","Drop: Roll for Initiative Superdrop: The Bag of Holding Non-Foil Bundle — Nonfoil Edition","677416","REGISTRY_READY","nonfoil","nonfoil","bundle","bundle","TCG_MARKET_PRICE_AUTHORIZED_V1","402.05","674.94","674.96","674.97","False","5","5","2026-04-01","2026-07-23","113","False","False","False","SHORT_HISTORY_TOURNAMENT_CANDIDATE","SHORT_HISTORY_METHOD_TOURNAMENT","SCENARIO_ONLY_UNLESS_FUTURE_DIRECT_VALIDATION","SCENARIO_ONLY_UNLESS_FUTURE_DIRECT_VALIDATION","False","False","False","False","False","False"
"SL-38D62E44CA4044","Drop: Secret Lair x Felix the Cat: Magic Bag of Tricks - Non-Foil Edition — Nonfoil Edition","696126","REGISTRY_READY","nonfoil","nonfoil","drop","individual_drop","TCG_MARKET_PRICE_AUTHORIZED_V1","40.06","27.52","48.94","289.99","False","2","2","2026-07-01","2026-07-23","22","False","False","False","SHORT_HISTORY_TOURNAMENT_CANDIDATE","SHORT_HISTORY_METHOD_TOURNAMENT","SCENARIO_ONLY_UNLESS_FUTURE_DIRECT_VALIDATION","SCENARIO_ONLY_UNLESS_FUTURE_DIRECT_VALIDATION","False","False","False","False","False","False"
"SL-391ADFABB49A8E","Drop: Astrology Lands (Capricorn) Bundle - Non-Foil Edition — Nonfoil Edition","259311","REGISTRY_READY","nonfoil","nonfoil","bundle","bundle","NO_PRODUCTION_CURRENT_MARKET_PRICE","","","","","False","0","0","","","0","False","False","False","CURRENT_AND_HISTORY_EVIDENCE_GAP","NO_1Y_PRODUCTION_FORECAST_UNTIL_EVIDENCE_AVAILABLE","SCENARIO_ONLY_UNLESS_FUTURE_DIRECT_VALIDATION","SCENARIO_ONLY_UNLESS_FUTURE_DIRECT_VALIDATION","False","False","False","False","False","False"
"SL-397AD1D0B568A3","Drop: Two Scoops - Double Chocolate With Sprinkles Bundle — Standard Edition","693584","REGISTRY_READY","unknown","unknown","bundle","bundle","NO_PRODUCTION_CURRENT_MARKET_PRICE","","89.98","144.96","199.94","False","0","0","","","0","False","False","False","CURRENT_AND_HISTORY_EVIDENCE_GAP","NO_1Y_PRODUCTION_FORECAST_UNTIL_EVIDENCE_AVAILABLE","SCENARIO_ONLY_UNLESS_FUTURE_DIRECT_VALIDATION","SCENARIO_ONLY_UNLESS_FUTURE_DIRECT_VALIDATION","False","False","False","False","False","False"
"SL-39B978CCE71007","Drop: Featuring: Stan Sakai - Traditional Foil Edition — Foil Edition","680233","REGISTRY_READY","foil","traditional_foil","drop","individual_drop","TCG_MARKET_PRICE_AUTHORIZED_V1","59.25","58.99","79.95","500","False","5","5","2026-04-01","2026-07-23","113","False","False","False","SHORT_HISTORY_TOURNAMENT_CANDIDATE","SHORT_HISTORY_METHOD_TOURNAMENT","SCENARIO_ONLY_UNLESS_FUTURE_DIRECT_VALIDATION","SCENARIO_ONLY_UNLESS_FUTURE_DIRECT_VALIDATION","False","False","False","False","False","False"
"SL-39CDF02CD749A1","Drop: Deceptive Divination - Rainbow Foil Edition — Foil Edition","537689","REGISTRY_READY","foil","rainbow_foil","drop","individual_drop","TCG_MARKET_PRICE_AUTHORIZED_V1","44.73","62.99","77","100","False","29","29","2024-04-01","2026-07-23","843","True","False","False","ESTABLISHED_1Y_TOURNAMENT_CANDIDATE","DIRECT_TEMPORAL_OOS_TOURNAMENT","SCENARIO_ONLY_UNLESS_FUTURE_DIRECT_VALIDATION","SCENARIO_ONLY_UNLESS_FUTURE_DIRECT_VALIDATION","False","False","False","False","False","False"
"SL-39F25CFE2C5A26","Drop: KEXP: Where the Music Matters - Rainbow Foil Bundle — Foil Edition","632021","REGISTRY_READY","foil","rainbow_foil","bundle","bundle","NO_PRODUCTION_CURRENT_MARKET_PRICE","","309.94","319.91","329.87","False","0","0","","","0","False","False","False","CURRENT_AND_HISTORY_EVIDENCE_GAP","NO_1Y_PRODUCTION_FORECAST_UNTIL_EVIDENCE_AVAILABLE","SCENARIO_ONLY_UNLESS_FUTURE_DIRECT_VALIDATION","SCENARIO_ONLY_UNLESS_FUTURE_DIRECT_VALIDATION","False","False","False","False","False","False"
"SL-3A02BD35AC0C02","Drop: Inside an Elevator Superdrop: Take Me to the Floor with Foils Bundle — Foil Edition","561525","REGISTRY_READY","foil","foil_unspecified","bundle","bundle","NO_PRODUCTION_CURRENT_MARKET_PRICE","","","","","False","4","4","2024-12-01","2025-03-01","90","False","False","False","SHORT_HISTORY_TOURNAMENT_CANDIDATE","SHORT_HISTORY_METHOD_TOURNAMENT","SCENARIO_ONLY_UNLESS_FUTURE_DIRECT_VALIDATION","SCENARIO_ONLY_UNLESS_FUTURE_DIRECT_VALIDATION","False","False","False","False","False","False"
"SL-3A798704DD8BBD","Drop: Our Boss is on Vacation Superdrop: Spongebob Squarepants: Lands Under the Sea - Rainbow Foil Edition — Foil Edition","624706","REGISTRY_READY","foil","rainbow_foil","drop","individual_drop","TCG_MARKET_PRICE_AUTHORIZED_V1","63.53","56.7","79.95","500","False","17","17","2025-04-01","2026-07-23","478","True","False","False","ESTABLISHED_1Y_TOURNAMENT_CANDIDATE","DIRECT_TEMPORAL_OOS_TOURNAMENT","SCENARIO_ONLY_UNLESS_FUTURE_DIRECT_VALIDATION","SCENARIO_ONLY_UNLESS_FUTURE_DIRECT_VALIDATION","False","False","False","False","False","False"
"SL-3A8C34AA302232","x Jaws: Terror of Amity Island - Non-Foil Edition — Nonfoil Edition","656337","REGISTRY_READY","nonfoil","nonfoil","drop","individual_drop","TCG_MARKET_PRICE_AUTHORIZED_V1","245.49","279","294.5","399.95","False","10","10","2025-11-01","2026-07-23","264","False","False","False","SHORT_HISTORY_TOURNAMENT_CANDIDATE","SHORT_HISTORY_METHOD_TOURNAMENT","SCENARIO_ONLY_UNLESS_FUTURE_DIRECT_VALIDATION","SCENARIO_ONLY_UNLESS_FUTURE_DIRECT_VALIDATION","False","False","False","False","False","False"
"SL-3ABE230D547642","Drop: Tearing Up A Sick Tube of Non-Foils Bundle — Nonfoil Edition","501828","REGISTRY_READY","nonfoil","nonfoil","bundle","bundle","NO_PRODUCTION_CURRENT_MARKET_PRICE","","","","","False","0","0","","","0","False","False","False","CURRENT_AND_HISTORY_EVIDENCE_GAP","NO_1Y_PRODUCTION_FORECAST_UNTIL_EVIDENCE_AVAILABLE","SCENARIO_ONLY_UNLESS_FUTURE_DIRECT_VALIDATION","SCENARIO_ONLY_UNLESS_FUTURE_DIRECT_VALIDATION","False","False","False","False","False","False"
"SL-3AD38730FCEF33","Drop: April Superdrop - Full-of-Foils Bundle — Foil Edition","273606","REGISTRY_READY","foil","foil_unspecified","bundle","bundle","NO_PRODUCTION_CURRENT_MARKET_PRICE","","550","550","550","False","0","0","","","0","False","False","False","CURRENT_AND_HISTORY_EVIDENCE_GAP","NO_1Y_PRODUCTION_FORECAST_UNTIL_EVIDENCE_AVAILABLE","SCENARIO_ONLY_UNLESS_FUTURE_DIRECT_VALIDATION","SCENARIO_ONLY_UNLESS_FUTURE_DIRECT_VALIDATION","False","False","False","False","False","False"
"SL-3AE8E2E6E8B3B6","Drop: Chill Beats Bundle - Rainbow Foil Edition — Foil Edition","646783","REGISTRY_READY","foil","rainbow_foil","bundle","bundle","NO_PRODUCTION_CURRENT_MARKET_PRICE","","249.94","249.94","249.94","False","0","0","","","0","False","False","False","CURRENT_AND_HISTORY_EVIDENCE_GAP","NO_1Y_PRODUCTION_FORECAST_UNTIL_EVIDENCE_AVAILABLE","SCENARIO_ONLY_UNLESS_FUTURE_DIRECT_VALIDATION","SCENARIO_ONLY_UNLESS_FUTURE_DIRECT_VALIDATION","False","False","False","False","False","False"
"SL-3AED22057A4FFB","Drop: Our Boss is on Vacation Superdrop: Pick 'Em and Stick 'Em - Non-Foil Edition — Nonfoil Edition","624745","REGISTRY_READY","nonfoil","nonfoil","drop","individual_drop","TCG_MARKET_PRICE_AUTHORIZED_V1","43.16","35","50","99","False","17","17","2025-04-01","2026-07-23","478","True","False","False","ESTABLISHED_1Y_TOURNAMENT_CANDIDATE","DIRECT_TEMPORAL_OOS_TOURNAMENT","SCENARIO_ONLY_UNLESS_FUTURE_DIRECT_VALIDATION","SCENARIO_ONLY_UNLESS_FUTURE_DIRECT_VALIDATION","False","False","False","False","False","False"
"SL-3B1C73233CF74E","Drop: Astrology Lands (Cancer) - Non-Foil Edition — Nonfoil Edition","278748","REGISTRY_READY","nonfoil","nonfoil","drop","individual_drop","NO_PRODUCTION_CURRENT_MARKET_PRICE","","60","66.69","89.9","False","0","0","","","0","False","False","False","CURRENT_AND_HISTORY_EVIDENCE_GAP","NO_1Y_PRODUCTION_FORECAST_UNTIL_EVIDENCE_AVAILABLE","SCENARIO_ONLY_UNLESS_FUTURE_DIRECT_VALIDATION","SCENARIO_ONLY_UNLESS_FUTURE_DIRECT_VALIDATION","False","False","False","False","False","False"
"SL-3BCA01B6A36AD0","Drop: PixelSnowLands.jpg - Traditional Foil Edition — Foil Edition","258490","REGISTRY_READY","foil","traditional_foil","drop","individual_drop","TCG_MARKET_PRICE_AUTHORIZED_V1","52.11","48.25","63.99","90","False","31","31","2024-02-08","2026-07-23","896","True","False","False","ESTABLISHED_1Y_TOURNAMENT_CANDIDATE","DIRECT_TEMPORAL_OOS_TOURNAMENT","SCENARIO_ONLY_UNLESS_FUTURE_DIRECT_VALIDATION","SCENARIO_ONLY_UNLESS_FUTURE_DIRECT_VALIDATION","False","False","False","False","False","False"
"SL-3BD181E67861FB","x FINAL FANTASY: Weapons - JP Non-Foil Edition — Nonfoil Edition","637475","REGISTRY_READY","nonfoil","nonfoil","drop","individual_drop","TCG_MARKET_PRICE_AUTHORIZED_V1","39.02","41.69","49.99","59.86","False","0","0","","","0","False","False","False","CURRENT_PRICE_ONLY_NEW_PRODUCT_CANDIDATE","NEW_PRODUCT_FALLBACK_METHOD_TOURNAMENT","SCENARIO_ONLY_UNLESS_FUTURE_DIRECT_VALIDATION","SCENARIO_ONLY_UNLESS_FUTURE_DIRECT_VALIDATION","False","False","False","False","False","False"
"SL-3BF23A821ADB00","Superdrop: The World's Foil-est Bundle — Foil Edition","247334","REGISTRY_READY","foil","foil_unspecified","bundle","bundle","NO_PRODUCTION_CURRENT_MARKET_PRICE","","","","","False","0","0","","","0","False","False","False","CURRENT_AND_HISTORY_EVIDENCE_GAP","NO_1Y_PRODUCTION_FORECAST_UNTIL_EVIDENCE_AVAILABLE","SCENARIO_ONLY_UNLESS_FUTURE_DIRECT_VALIDATION","SCENARIO_ONLY_UNLESS_FUTURE_DIRECT_VALIDATION","False","False","False","False","False","False"
"SL-3BF37BD3ACB158","Drop: EVERYTHING IS ON FIRE - Rainbow Foil Edition — Foil Edition","632019","REGISTRY_READY","foil","rainbow_foil","drop","individual_drop","TCG_MARKET_PRICE_AUTHORIZED_V1","47.56","38","64.99","149.99","False","14","14","2025-07-01","2026-07-23","387","True","False","False","ESTABLISHED_1Y_TOURNAMENT_CANDIDATE","DIRECT_TEMPORAL_OOS_TOURNAMENT","SCENARIO_ONLY_UNLESS_FUTURE_DIRECT_VALIDATION","SCENARIO_ONLY_UNLESS_FUTURE_DIRECT_VALIDATION","False","False","False","False","False","False"
"SL-3BF8B1EFC3D63E","Drop: The Strange Sands: Mountain - Rainbow Foil Edition — Foil Edition","610793","REGISTRY_READY","foil","rainbow_foil","drop","individual_drop","TCG_MARKET_PRICE_AUTHORIZED_V1","73.49","55","79.37","199","False","16","16","2025-05-01","2026-07-23","448","True","False","False","ESTABLISHED_1Y_TOURNAMENT_CANDIDATE","DIRECT_TEMPORAL_OOS_TOURNAMENT","SCENARIO_ONLY_UNLESS_FUTURE_DIRECT_VALIDATION","SCENARIO_ONLY_UNLESS_FUTURE_DIRECT_VALIDATION","False","False","False","False","False","False"
"SL-3C65FD2BF954A2","Drop: Featuring: Phoebe Wahl - Rainbow Foil Edition — Foil Edition","545722","REGISTRY_READY","foil","rainbow_foil","drop","individual_drop","TCG_MARKET_PRICE_AUTHORIZED_V1","71.64","75","89.99","129.99","False","28","28","2024-05-01","2026-07-23","813","True","False","False","ESTABLISHED_1Y_TOURNAMENT_CANDIDATE","DIRECT_TEMPORAL_OOS_TOURNAMENT","SCENARIO_ONLY_UNLESS_FUTURE_DIRECT_VALIDATION","SCENARIO_ONLY_UNLESS_FUTURE_DIRECT_VALIDATION","False","False","False","False","False","False"
"SL-3C8F74D9F8C33A","Drop: Artist Series: Rebecca Guay - Non-Foil Edition — Nonfoil Edition","493809","REGISTRY_READY","nonfoil","nonfoil","drop","individual_drop","TCG_MARKET_PRICE_AUTHORIZED_V1","43.54","39.01","49.94","82.45","False","31","31","2024-02-08","2026-07-23","896","True","False","False","ESTABLISHED_1Y_TOURNAMENT_CANDIDATE","DIRECT_TEMPORAL_OOS_TOURNAMENT","SCENARIO_ONLY_UNLESS_FUTURE_DIRECT_VALIDATION","SCENARIO_ONLY_UNLESS_FUTURE_DIRECT_VALIDATION","False","False","False","False","False","False"
"SL-3C90B58C213EC3","Drop: Secret Lair x Ghostbusters: Slimer - Non-Foil Edition — Nonfoil Edition","584527","REGISTRY_READY","nonfoil","nonfoil","drop","individual_drop","TCG_MARKET_PRICE_AUTHORIZED_V1","35.82","32","39.99","119.99","False","22","22","2024-11-01","2026-07-23","629","True","False","False","ESTABLISHED_1Y_TOURNAMENT_CANDIDATE","DIRECT_TEMPORAL_OOS_TOURNAMENT","SCENARIO_ONLY_UNLESS_FUTURE_DIRECT_VALIDATION","SCENARIO_ONLY_UNLESS_FUTURE_DIRECT_VALIDATION","False","False","False","False","False","False"
"SL-3CA7E30CC977F0","Drop: Calling All Hydra Heads (WPN Exclusive) - Traditional Foil Edition — Foil Edition","522559","REGISTRY_READY","foil","traditional_foil","drop","individual_drop","TCG_MARKET_PRICE_AUTHORIZED_V1","98.89","99.19","103.93","124.88","False","31","31","2024-02-08","2026-07-23","896","True","False","False","ESTABLISHED_1Y_TOURNAMENT_CANDIDATE","DIRECT_TEMPORAL_OOS_TOURNAMENT","SCENARIO_ONLY_UNLESS_FUTURE_DIRECT_VALIDATION","SCENARIO_ONLY_UNLESS_FUTURE_DIRECT_VALIDATION","False","False","False","False","False","False"
"SL-3CE747424ABD9D","Drop: Cards in Costume Non-Foil Bundle - Non-Foil Edition — Nonfoil Edition","518842","REGISTRY_READY","nonfoil","nonfoil","bundle","bundle","NO_PRODUCTION_CURRENT_MARKET_PRICE","","","","","False","0","0","","","0","False","False","False","CURRENT_AND_HISTORY_EVIDENCE_GAP","NO_1Y_PRODUCTION_FORECAST_UNTIL_EVIDENCE_AVAILABLE","SCENARIO_ONLY_UNLESS_FUTURE_DIRECT_VALIDATION","SCENARIO_ONLY_UNLESS_FUTURE_DIRECT_VALIDATION","False","False","False","False","False","False"
"SL-3D0052CFE56421","Drop: vroooOOOMMMMMM! - Non-Foil Playset Bundle — Nonfoil Edition","632025","REGISTRY_READY","nonfoil","nonfoil","bundle","bundle","NO_PRODUCTION_CURRENT_MARKET_PRICE","","307.87","313.91","319.95","False","0","0","","","0","False","False","False","CURRENT_AND_HISTORY_EVIDENCE_GAP","NO_1Y_PRODUCTION_FORECAST_UNTIL_EVIDENCE_AVAILABLE","SCENARIO_ONLY_UNLESS_FUTURE_DIRECT_VALIDATION","SCENARIO_ONLY_UNLESS_FUTURE_DIRECT_VALIDATION","False","False","False","False","False","False"
"SL-3D01D7D0EAE8CA","Drop: Viva Las Rakdos - Foil Edition — Foil Edition","689836","REGISTRY_READY","foil","foil_unspecified","drop","individual_drop","TCG_MARKET_PRICE_AUTHORIZED_V1","38.24","29.81","46.69","200","False","4","4","2026-05-01","2026-07-23","83","False","False","False","SHORT_HISTORY_TOURNAMENT_CANDIDATE","SHORT_HISTORY_METHOD_TOURNAMENT","SCENARIO_ONLY_UNLESS_FUTURE_DIRECT_VALIDATION","SCENARIO_ONLY_UNLESS_FUTURE_DIRECT_VALIDATION","False","False","False","False","False","False"
"SL-3D16987F5EDCDC","Superdrop: OUR SHOW IS ON FRIDAY, CAN YOU MAKE IT? - Non-Foil Edition — Nonfoil Edition","237611","REGISTRY_READY","nonfoil","nonfoil","drop","individual_drop","TCG_MARKET_PRICE_AUTHORIZED_V1","71.98","72.1","83.5","112.99","False","31","31","2024-02-08","2026-07-23","896","True","False","False","ESTABLISHED_1Y_TOURNAMENT_CANDIDATE","DIRECT_TEMPORAL_OOS_TOURNAMENT","SCENARIO_ONLY_UNLESS_FUTURE_DIRECT_VALIDATION","SCENARIO_ONLY_UNLESS_FUTURE_DIRECT_VALIDATION","False","False","False","False","False","False"
"SL-3D43E1264ED817","Drop: Rule the Room - Traditional Foil Edition — Foil Edition","275818","REGISTRY_READY","foil","traditional_foil","drop","individual_drop","TCG_MARKET_PRICE_AUTHORIZED_V1","37.43","40.68","62.47","125","False","31","31","2024-02-08","2026-07-23","896","True","False","False","ESTABLISHED_1Y_TOURNAMENT_CANDIDATE","DIRECT_TEMPORAL_OOS_TOURNAMENT","SCENARIO_ONLY_UNLESS_FUTURE_DIRECT_VALIDATION","SCENARIO_ONLY_UNLESS_FUTURE_DIRECT_VALIDATION","False","False","False","False","False","False"
"SL-3D4434A1970156","x God of War: Greek - Non-Foil Edition — Nonfoil Edition","657420","REGISTRY_READY","nonfoil","nonfoil","drop","individual_drop","TCG_MARKET_PRICE_AUTHORIZED_V1","94.62","92.96","110.99","300","False","10","10","2025-11-01","2026-07-23","264","False","False","False","SHORT_HISTORY_TOURNAMENT_CANDIDATE","SHORT_HISTORY_METHOD_TOURNAMENT","SCENARIO_ONLY_UNLESS_FUTURE_DIRECT_VALIDATION","SCENARIO_ONLY_UNLESS_FUTURE_DIRECT_VALIDATION","False","False","False","False","False","False"
"SL-3D4D8B9063C0F4","Drop: Secret Lair x Marvel's Deadpool: FINAL_final_REALLYfinal_v7_USETHISONE(2)_Everything Bundle — Standard Edition","686671","REGISTRY_READY","unknown","unknown","bundle","bundle","TCG_MARKET_PRICE_AUTHORIZED_V1","156.86","155","220","307.99","False","1","1","2026-07-23","2026-07-23","0","False","False","False","SHORT_HISTORY_TOURNAMENT_CANDIDATE","SHORT_HISTORY_METHOD_TOURNAMENT","SCENARIO_ONLY_UNLESS_FUTURE_DIRECT_VALIDATION","SCENARIO_ONLY_UNLESS_FUTURE_DIRECT_VALIDATION","False","False","False","False","False","False"
"SL-3D98DA707A8A83","x Post Malone: The Lands - Non-Foil Edition — Nonfoil Edition","450522","REGISTRY_READY","nonfoil","nonfoil","drop","individual_drop","TCG_MARKET_PRICE_AUTHORIZED_V1","58.65","47","58.4","84.99","False","31","31","2024-02-08","2026-07-23","896","True","False","False","ESTABLISHED_1Y_TOURNAMENT_CANDIDATE","DIRECT_TEMPORAL_OOS_TOURNAMENT","SCENARIO_ONLY_UNLESS_FUTURE_DIRECT_VALIDATION","SCENARIO_ONLY_UNLESS_FUTURE_DIRECT_VALIDATION","False","False","False","False","False","False"
"SL-3EEFF77D627261","Drop: Showcase: Bloomburrow - Non-Foil Edition — Nonfoil Edition","561462","REGISTRY_READY","nonfoil","nonfoil","drop","individual_drop","TCG_MARKET_PRICE_AUTHORIZED_V1","53.37","53.99","65","100","False","24","24","2024-09-01","2026-07-23","690","True","False","False","ESTABLISHED_1Y_TOURNAMENT_CANDIDATE","DIRECT_TEMPORAL_OOS_TOURNAMENT","SCENARIO_ONLY_UNLESS_FUTURE_DIRECT_VALIDATION","SCENARIO_ONLY_UNLESS_FUTURE_DIRECT_VALIDATION","False","False","False","False","False","False"
"SL-3EF9855B3720AF","Drop: Astrology Lands (Scorpio) - Non-Foil Edition — Nonfoil Edition","452936","REGISTRY_READY","nonfoil","nonfoil","drop","individual_drop","NO_PRODUCTION_CURRENT_MARKET_PRICE","","89.69","93.78","97.86","False","8","8","2024-11-01","2025-06-01","212","False","False","False","SHORT_HISTORY_TOURNAMENT_CANDIDATE","SHORT_HISTORY_METHOD_TOURNAMENT","SCENARIO_ONLY_UNLESS_FUTURE_DIRECT_VALIDATION","SCENARIO_ONLY_UNLESS_FUTURE_DIRECT_VALIDATION","False","False","False","False","False","False"
"SL-3F0275C619056A","x Fallout: Rad Superdrop: The Vault-Issue Non-Foil Bundle — Nonfoil Edition","674837","REGISTRY_READY","nonfoil","nonfoil","bundle","bundle","TCG_MARKET_PRICE_AUTHORIZED_V1","166.41","149.99","191","299.94","False","6","6","2026-03-01","2026-07-23","144","False","False","False","SHORT_HISTORY_TOURNAMENT_CANDIDATE","SHORT_HISTORY_METHOD_TOURNAMENT","SCENARIO_ONLY_UNLESS_FUTURE_DIRECT_VALIDATION","SCENARIO_ONLY_UNLESS_FUTURE_DIRECT_VALIDATION","False","False","False","False","False","False"
"SL-3F1F1DB9343414","Drop: Special Guest: Jen Bartel - Non-Foil Edition — Nonfoil Edition","242344","REGISTRY_READY","nonfoil","nonfoil","drop","individual_drop","TCG_MARKET_PRICE_AUTHORIZED_V1","65.08","61.95","69.99","119.99","False","31","31","2024-02-08","2026-07-23","896","True","False","False","ESTABLISHED_1Y_TOURNAMENT_CANDIDATE","DIRECT_TEMPORAL_OOS_TOURNAMENT","SCENARIO_ONLY_UNLESS_FUTURE_DIRECT_VALIDATION","SCENARIO_ONLY_UNLESS_FUTURE_DIRECT_VALIDATION","False","False","False","False","False","False"
"SL-3F2B421DD9669F","x NALAC Drop: Nuestra Magia (SP Non-Foil) — Nonfoil Edition","638088","REGISTRY_READY","nonfoil","nonfoil","drop","individual_drop","TCG_MARKET_PRICE_AUTHORIZED_V1","69.95","149.99","188.02","225","False","12","12","2025-08-01","2026-07-23","356","False","False","False","SHORT_HISTORY_TOURNAMENT_CANDIDATE","SHORT_HISTORY_METHOD_TOURNAMENT","SCENARIO_ONLY_UNLESS_FUTURE_DIRECT_VALIDATION","SCENARIO_ONLY_UNLESS_FUTURE_DIRECT_VALIDATION","False","False","False","False","False","False"
"SL-3F3C86FF9BD9C8","Drop: Secret Lair x Marvel's Deadpool: I Fixed It (You're Welcome) - Non-Foil Edition — Nonfoil Edition","686665","REGISTRY_READY","nonfoil","nonfoil","drop","individual_drop","TCG_MARKET_PRICE_AUTHORIZED_V1","35.9","35.9","49.99","149.98","False","4","4","2026-05-01","2026-07-23","83","False","False","False","SHORT_HISTORY_TOURNAMENT_CANDIDATE","SHORT_HISTORY_METHOD_TOURNAMENT","SCENARIO_ONLY_UNLESS_FUTURE_DIRECT_VALIDATION","SCENARIO_ONLY_UNLESS_FUTURE_DIRECT_VALIDATION","False","False","False","False","False","False"
"SL-3F745D24C8D183","Drop: EVERYTHING IS ON FIRE - Non-Foil Playset Bundle — Nonfoil Edition","632032","REGISTRY_READY","nonfoil","nonfoil","bundle","bundle","NO_PRODUCTION_CURRENT_MARKET_PRICE","","263.91","263.91","263.91","False","6","6","2026-02-01","2026-07-23","172","False","False","False","SHORT_HISTORY_TOURNAMENT_CANDIDATE","SHORT_HISTORY_METHOD_TOURNAMENT","SCENARIO_ONLY_UNLESS_FUTURE_DIRECT_VALIDATION","SCENARIO_ONLY_UNLESS_FUTURE_DIRECT_VALIDATION","False","False","False","False","False","False"
"SL-4018B4444438E9","Drop: Happy Yargle Day! - Traditional Foil Edition — Foil Edition","221985","REGISTRY_READY","foil","traditional_foil","drop","individual_drop","TCG_MARKET_PRICE_AUTHORIZED_V1","38","38.7","41.8","114.99","False","31","31","2024-02-08","2026-07-23","896","True","False","False","ESTABLISHED_1Y_TOURNAMENT_CANDIDATE","DIRECT_TEMPORAL_OOS_TOURNAMENT","SCENARIO_ONLY_UNLESS_FUTURE_DIRECT_VALIDATION","SCENARIO_ONLY_UNLESS_FUTURE_DIRECT_VALIDATION","False","False","False","False","False","False"
"SL-401C61727EE263","x God of War: Greek - Traditional Foil Edition — Foil Edition","657421","REGISTRY_READY","foil","traditional_foil","drop","individual_drop","TCG_MARKET_PRICE_AUTHORIZED_V1","108.26","104.99","150","320","False","10","10","2025-11-01","2026-07-23","264","False","False","False","SHORT_HISTORY_TOURNAMENT_CANDIDATE","SHORT_HISTORY_METHOD_TOURNAMENT","SCENARIO_ONLY_UNLESS_FUTURE_DIRECT_VALIDATION","SCENARIO_ONLY_UNLESS_FUTURE_DIRECT_VALIDATION","False","False","False","False","False","False"
"SL-40670F87176D8C","x Chaos Vault Drop: Commander Reinforcements Counter Intelligence Bundle (Galaxy Foil) — Foil Edition","646786","REGISTRY_READY","foil","galaxy_foil","bundle","bundle","TCG_MARKET_PRICE_AUTHORIZED_V1","85","137","151.98","199.95","False","4","4","2026-05-01","2026-07-23","83","False","False","False","SHORT_HISTORY_TOURNAMENT_CANDIDATE","SHORT_HISTORY_METHOD_TOURNAMENT","SCENARIO_ONLY_UNLESS_FUTURE_DIRECT_VALIDATION","SCENARIO_ONLY_UNLESS_FUTURE_DIRECT_VALIDATION","False","False","False","False","False","False"
"SL-407CEDA238DE3A","x FINAL FANTASY: Weapons - JP Rainbow Foil Edition — Foil Edition","637476","REGISTRY_READY","foil","rainbow_foil","drop","individual_drop","TCG_MARKET_PRICE_AUTHORIZED_V1","44.8","40","59.98","89.99","False","0","0","","","0","False","False","False","CURRENT_PRICE_ONLY_NEW_PRODUCT_CANDIDATE","NEW_PRODUCT_FALLBACK_METHOD_TOURNAMENT","SCENARIO_ONLY_UNLESS_FUTURE_DIRECT_VALIDATION","SCENARIO_ONLY_UNLESS_FUTURE_DIRECT_VALIDATION","False","False","False","False","False","False"
"SL-40B6F9DD3A4665","x God of War: Norse - Traditional Foil Edition — Foil Edition","657423","REGISTRY_READY","foil","traditional_foil","drop","individual_drop","TCG_MARKET_PRICE_AUTHORIZED_V1","57.58","56.43","71.5","999","False","10","10","2025-11-01","2026-07-23","264","False","False","False","SHORT_HISTORY_TOURNAMENT_CANDIDATE","SHORT_HISTORY_METHOD_TOURNAMENT","SCENARIO_ONLY_UNLESS_FUTURE_DIRECT_VALIDATION","SCENARIO_ONLY_UNLESS_FUTURE_DIRECT_VALIDATION","False","False","False","False","False","False"
"SL-412C261AA45A1B","x Sonic the Hedgehog Superdrop: Friends & Foes (Rainbow Foil) — Foil Edition","643592","REGISTRY_READY","foil","rainbow_foil","drop","individual_drop","TCG_MARKET_PRICE_AUTHORIZED_V1","63.67","60","79.99","310","False","13","13","2025-08-01","2026-07-23","356","False","False","False","SHORT_HISTORY_TOURNAMENT_CANDIDATE","SHORT_HISTORY_METHOD_TOURNAMENT","SCENARIO_ONLY_UNLESS_FUTURE_DIRECT_VALIDATION","SCENARIO_ONLY_UNLESS_FUTURE_DIRECT_VALIDATION","False","False","False","False","False","False"
"SL-415E40E57B3DAB","Drop: Special Guest: Kozyndan: Another Story - Non-Foil Edition — Nonfoil Edition","456536","REGISTRY_READY","nonfoil","nonfoil","drop","individual_drop","TCG_MARKET_PRICE_AUTHORIZED_V1","81.56","75","90","148.87","False","31","31","2024-02-08","2026-07-23","896","True","False","False","ESTABLISHED_1Y_TOURNAMENT_CANDIDATE","DIRECT_TEMPORAL_OOS_TOURNAMENT","SCENARIO_ONLY_UNLESS_FUTURE_DIRECT_VALIDATION","SCENARIO_ONLY_UNLESS_FUTURE_DIRECT_VALIDATION","False","False","False","False","False","False"
"SL-41A8311FB84FA5","Drop: Dan Frazier is Back: The Allied Signets - Non-Foil Edition — Nonfoil Edition","242350","REGISTRY_READY","nonfoil","nonfoil","drop","individual_drop","TCG_MARKET_PRICE_AUTHORIZED_V1","73.32","71.95","84.98","118.99","False","31","31","2024-02-08","2026-07-23","896","True","False","False","ESTABLISHED_1Y_TOURNAMENT_CANDIDATE","DIRECT_TEMPORAL_OOS_TOURNAMENT","SCENARIO_ONLY_UNLESS_FUTURE_DIRECT_VALIDATION","SCENARIO_ONLY_UNLESS_FUTURE_DIRECT_VALIDATION","False","False","False","False","False","False"
"SL-41DAD3A3B372D8","Drop: February Superdrop - Li'l Walkers - Traditional Foil Edition — Foil Edition","267773","REGISTRY_READY","foil","traditional_foil","drop","individual_drop","TCG_MARKET_PRICE_AUTHORIZED_V1","45.09","44","54.99","99.99","False","31","31","2024-02-08","2026-07-23","896","True","False","False","ESTABLISHED_1Y_TOURNAMENT_CANDIDATE","DIRECT_TEMPORAL_OOS_TOURNAMENT","SCENARIO_ONLY_UNLESS_FUTURE_DIRECT_VALIDATION","SCENARIO_ONLY_UNLESS_FUTURE_DIRECT_VALIDATION","False","False","False","False","False","False"
"SL-42559D1C728178","Drop: KEXP: Where the Music Matters - Non-Foil Bundle — Nonfoil Edition","632023","REGISTRY_READY","nonfoil","nonfoil","bundle","bundle","NO_PRODUCTION_CURRENT_MARKET_PRICE","","299.94","299.94","299.94","False","5","5","2026-02-01","2026-07-01","150","False","False","False","SHORT_HISTORY_TOURNAMENT_CANDIDATE","SHORT_HISTORY_METHOD_TOURNAMENT","SCENARIO_ONLY_UNLESS_FUTURE_DIRECT_VALIDATION","SCENARIO_ONLY_UNLESS_FUTURE_DIRECT_VALIDATION","False","False","False","False","False","False"
"SL-4262135C124315","x Uncharted - Rainbow Foil Edition — Foil Edition","657441","REGISTRY_READY","foil","rainbow_foil","drop","individual_drop","TCG_MARKET_PRICE_AUTHORIZED_V1","39.14","32","56.79","124.99","False","10","10","2025-11-01","2026-07-23","264","False","False","False","SHORT_HISTORY_TOURNAMENT_CANDIDATE","SHORT_HISTORY_METHOD_TOURNAMENT","SCENARIO_ONLY_UNLESS_FUTURE_DIRECT_VALIDATION","SCENARIO_ONLY_UNLESS_FUTURE_DIRECT_VALIDATION","False","False","False","False","False","False"
"SL-4265730E03747B","Drop: Secret Lair x Hatsune Miku: Winter Diva JP - Rainbow Foil Edition — Foil Edition","618091","REGISTRY_READY","foil","rainbow_foil","drop","individual_drop","TCG_MARKET_PRICE_AUTHORIZED_V1","55.08","60","79.99","300","False","0","0","","","0","False","False","False","CURRENT_PRICE_ONLY_NEW_PRODUCT_CANDIDATE","NEW_PRODUCT_FALLBACK_METHOD_TOURNAMENT","SCENARIO_ONLY_UNLESS_FUTURE_DIRECT_VALIDATION","SCENARIO_ONLY_UNLESS_FUTURE_DIRECT_VALIDATION","False","False","False","False","False","False"
"SL-42D8B704EA16D9","Drop: Mycosynthwave - Rainbow Foil Edition — Foil Edition","528399","REGISTRY_READY","foil","rainbow_foil","drop","individual_drop","TCG_MARKET_PRICE_AUTHORIZED_V1","104.6","100","149.99","199.99","False","31","31","2024-02-08","2026-07-23","896","True","False","False","ESTABLISHED_1Y_TOURNAMENT_CANDIDATE","DIRECT_TEMPORAL_OOS_TOURNAMENT","SCENARIO_ONLY_UNLESS_FUTURE_DIRECT_VALIDATION","SCENARIO_ONLY_UNLESS_FUTURE_DIRECT_VALIDATION","False","False","False","False","False","False"
"SL-43286263D6D2C4","Deck: Dandan Deck — Standard Edition","684086","REGISTRY_READY","unknown","unknown","drop","deck","TCG_MARKET_PRICE_AUTHORIZED_V1","245.95","236","288.88","1000","False","1","1","2026-07-23","2026-07-23","0","False","False","False","SHORT_HISTORY_TOURNAMENT_CANDIDATE","SHORT_HISTORY_METHOD_TOURNAMENT","SCENARIO_ONLY_UNLESS_FUTURE_DIRECT_VALIDATION","SCENARIO_ONLY_UNLESS_FUTURE_DIRECT_VALIDATION","False","False","False","False","False","False"
"SL-43659890F8CF5B","Superdrop: The Main Event Bundle — Standard Edition","237617","REGISTRY_READY","unknown","unknown","bundle","bundle","TCG_MARKET_PRICE_AUTHORIZED_V1","450","527.5","527.5","527.5","False","1","1","2026-07-23","2026-07-23","0","False","False","False","SHORT_HISTORY_TOURNAMENT_CANDIDATE","SHORT_HISTORY_METHOD_TOURNAMENT","SCENARIO_ONLY_UNLESS_FUTURE_DIRECT_VALIDATION","SCENARIO_ONLY_UNLESS_FUTURE_DIRECT_VALIDATION","False","False","False","False","False","False"
"SL-43DBFB9B561C4B","Drop: Astrology Lands (Scorpio) Bundle - Traditional Foil Edition — Foil Edition","452934","REGISTRY_READY","foil","traditional_foil","bundle","bundle","NO_PRODUCTION_CURRENT_MARKET_PRICE","","","","","False","0","0","","","0","False","False","False","CURRENT_AND_HISTORY_EVIDENCE_GAP","NO_1Y_PRODUCTION_FORECAST_UNTIL_EVIDENCE_AVAILABLE","SCENARIO_ONLY_UNLESS_FUTURE_DIRECT_VALIDATION","SCENARIO_ONLY_UNLESS_FUTURE_DIRECT_VALIDATION","False","False","False","False","False","False"
"SL-4445D560A16695","Drop: The Dracula Lands - Non-Foil Edition — Nonfoil Edition","258454","REGISTRY_READY","nonfoil","nonfoil","drop","individual_drop","TCG_MARKET_PRICE_AUTHORIZED_V1","47.56","44.99","54.74","70","False","31","31","2024-02-08","2026-07-23","896","True","False","False","ESTABLISHED_1Y_TOURNAMENT_CANDIDATE","DIRECT_TEMPORAL_OOS_TOURNAMENT","SCENARIO_ONLY_UNLESS_FUTURE_DIRECT_VALIDATION","SCENARIO_ONLY_UNLESS_FUTURE_DIRECT_VALIDATION","False","False","False","False","False","False"
"SL-44C1A8804ED001","Drop: Astrology Lands (Leo) Bundle - Traditional Foil Edition — Foil Edition","281602","REGISTRY_READY","foil","traditional_foil","bundle","bundle","NO_PRODUCTION_CURRENT_MARKET_PRICE","","","","","False","0","0","","","0","False","False","False","CURRENT_AND_HISTORY_EVIDENCE_GAP","NO_1Y_PRODUCTION_FORECAST_UNTIL_EVIDENCE_AVAILABLE","SCENARIO_ONLY_UNLESS_FUTURE_DIRECT_VALIDATION","SCENARIO_ONLY_UNLESS_FUTURE_DIRECT_VALIDATION","False","False","False","False","False","False"
"SL-452614AF0A815A","Drop: Winter Superdrop 2024: Beastly Breakfast Omens Bundle - Foil Edition — Foil Edition","537671","REGISTRY_READY","foil","foil_unspecified","bundle","bundle","NO_PRODUCTION_CURRENT_MARKET_PRICE","","499.94","499.94","499.94","False","0","0","","","0","False","False","False","CURRENT_AND_HISTORY_EVIDENCE_GAP","NO_1Y_PRODUCTION_FORECAST_UNTIL_EVIDENCE_AVAILABLE","SCENARIO_ONLY_UNLESS_FUTURE_DIRECT_VALIDATION","SCENARIO_ONLY_UNLESS_FUTURE_DIRECT_VALIDATION","False","False","False","False","False","False"
"SL-4538C3C87DD66E","Drop: If Looks Could Kill - Non-Foil Edition — Nonfoil Edition","450532","REGISTRY_READY","nonfoil","nonfoil","drop","individual_drop","TCG_MARKET_PRICE_AUTHORIZED_V1","44.97","40.01","54.87","71.99","False","31","31","2024-02-08","2026-07-23","896","True","False","False","ESTABLISHED_1Y_TOURNAMENT_CANDIDATE","DIRECT_TEMPORAL_OOS_TOURNAMENT","SCENARIO_ONLY_UNLESS_FUTURE_DIRECT_VALIDATION","SCENARIO_ONLY_UNLESS_FUTURE_DIRECT_VALIDATION","False","False","False","False","False","False"
"SL-45AC0450672011","Drop: Return to Mystical Archive - Non-Foil Edition — Nonfoil Edition","691197","REGISTRY_READY","nonfoil","nonfoil","drop","individual_drop","TCG_MARKET_PRICE_AUTHORIZED_V1","64.95","51.01","64.89","90","False","2","2","2026-07-01","2026-07-23","22","False","False","False","SHORT_HISTORY_TOURNAMENT_CANDIDATE","SHORT_HISTORY_METHOD_TOURNAMENT","SCENARIO_ONLY_UNLESS_FUTURE_DIRECT_VALIDATION","SCENARIO_ONLY_UNLESS_FUTURE_DIRECT_VALIDATION","False","False","False","False","False","False"
"SL-45AD439AB34854","Drop: Smitten Superdrop: All-Our-Love Bundle — Standard Edition","233762","REGISTRY_READY","unknown","unknown","bundle","bundle","NO_PRODUCTION_CURRENT_MARKET_PRICE","","","","","False","0","0","","","0","False","False","False","CURRENT_AND_HISTORY_EVIDENCE_GAP","NO_1Y_PRODUCTION_FORECAST_UNTIL_EVIDENCE_AVAILABLE","SCENARIO_ONLY_UNLESS_FUTURE_DIRECT_VALIDATION","SCENARIO_ONLY_UNLESS_FUTURE_DIRECT_VALIDATION","False","False","False","False","False","False"
"SL-4608D41552CD68","Drop: The Strange Sands: Mountain - Non-Foil Edition — Nonfoil Edition","610792","REGISTRY_READY","nonfoil","nonfoil","drop","individual_drop","TCG_MARKET_PRICE_AUTHORIZED_V1","49.99","30","58.99","199","False","6","6","2026-03-01","2026-07-23","144","False","False","False","SHORT_HISTORY_TOURNAMENT_CANDIDATE","SHORT_HISTORY_METHOD_TOURNAMENT","SCENARIO_ONLY_UNLESS_FUTURE_DIRECT_VALIDATION","SCENARIO_ONLY_UNLESS_FUTURE_DIRECT_VALIDATION","False","False","False","False","False","False"
"SL-4735ED23F7A4FD","Drop: vroooOOOMMMMMM! - Non-Foil Edition — Nonfoil Edition","632016","REGISTRY_READY","nonfoil","nonfoil","drop","individual_drop","TCG_MARKET_PRICE_AUTHORIZED_V1","48.99","55","70.5","99.99","False","14","14","2025-07-01","2026-07-23","387","True","False","False","ESTABLISHED_1Y_TOURNAMENT_CANDIDATE","DIRECT_TEMPORAL_OOS_TOURNAMENT","SCENARIO_ONLY_UNLESS_FUTURE_DIRECT_VALIDATION","SCENARIO_ONLY_UNLESS_FUTURE_DIRECT_VALIDATION","False","False","False","False","False","False"
"SL-47609F826AE46F","x FINAL FANTASY: Weapons - Non-Foil Edition — Nonfoil Edition","637474","REGISTRY_READY","nonfoil","nonfoil","drop","individual_drop","TCG_MARKET_PRICE_AUTHORIZED_V1","96.93","93.45","128","249","False","14","14","2025-07-01","2026-07-23","387","True","False","False","ESTABLISHED_1Y_TOURNAMENT_CANDIDATE","DIRECT_TEMPORAL_OOS_TOURNAMENT","SCENARIO_ONLY_UNLESS_FUTURE_DIRECT_VALIDATION","SCENARIO_ONLY_UNLESS_FUTURE_DIRECT_VALIDATION","False","False","False","False","False","False"
"SL-47D0706F022868","x Marvel: Arcane Signet as ""Earth's Mightiest Emblem"" - Rainbow Foil Edition — Foil Edition","696500","REGISTRY_READY","foil","rainbow_foil","drop","individual_drop","TCG_MARKET_PRICE_AUTHORIZED_V1","40.36","30","40.36","99","False","2","2","2026-07-01","2026-07-23","22","False","False","False","SHORT_HISTORY_TOURNAMENT_CANDIDATE","SHORT_HISTORY_METHOD_TOURNAMENT","SCENARIO_ONLY_UNLESS_FUTURE_DIRECT_VALIDATION","SCENARIO_ONLY_UNLESS_FUTURE_DIRECT_VALIDATION","False","False","False","False","False","False"
"SL-47FD7A58931702","Drop: Secret Lair x Dungeons & Dragons: Gale’s Ambition - Non-Foil Edition — Nonfoil Edition","677402","REGISTRY_READY","nonfoil","nonfoil","drop","individual_drop","TCG_MARKET_PRICE_AUTHORIZED_V1","35.62","36.99","49.99","124.99","False","5","5","2026-04-01","2026-07-23","113","False","False","False","SHORT_HISTORY_TOURNAMENT_CANDIDATE","SHORT_HISTORY_METHOD_TOURNAMENT","SCENARIO_ONLY_UNLESS_FUTURE_DIRECT_VALIDATION","SCENARIO_ONLY_UNLESS_FUTURE_DIRECT_VALIDATION","False","False","False","False","False","False"
"SL-481026198BBC92","x Furby: The Gathering - Non-Foil Edition — Nonfoil Edition","656358","REGISTRY_READY","nonfoil","nonfoil","drop","individual_drop","TCG_MARKET_PRICE_AUTHORIZED_V1","43.77","51.99","61.96","299","False","9","9","2025-12-01","2026-07-23","234","False","False","False","SHORT_HISTORY_TOURNAMENT_CANDIDATE","SHORT_HISTORY_METHOD_TOURNAMENT","SCENARIO_ONLY_UNLESS_FUTURE_DIRECT_VALIDATION","SCENARIO_ONLY_UNLESS_FUTURE_DIRECT_VALIDATION","False","False","False","False","False","False"
"SL-481C91DE34F288","x God of War: Norse - Non-Foil Edition — Nonfoil Edition","657422","REGISTRY_READY","nonfoil","nonfoil","drop","individual_drop","TCG_MARKET_PRICE_AUTHORIZED_V1","38.17","34.61","50","199","False","10","10","2025-11-01","2026-07-23","264","False","False","False","SHORT_HISTORY_TOURNAMENT_CANDIDATE","SHORT_HISTORY_METHOD_TOURNAMENT","SCENARIO_ONLY_UNLESS_FUTURE_DIRECT_VALIDATION","SCENARIO_ONLY_UNLESS_FUTURE_DIRECT_VALIDATION","False","False","False","False","False","False"
"SL-485FDCB7A00AFE","Drop: Showcase: Midnight Hunt - Traditional Foil Edition — Foil Edition","251755","REGISTRY_READY","foil","traditional_foil","drop","individual_drop","TCG_MARKET_PRICE_AUTHORIZED_V1","64.01","69.99","76.94","102.99","False","31","31","2024-02-08","2026-07-23","896","True","False","False","ESTABLISHED_1Y_TOURNAMENT_CANDIDATE","DIRECT_TEMPORAL_OOS_TOURNAMENT","SCENARIO_ONLY_UNLESS_FUTURE_DIRECT_VALIDATION","SCENARIO_ONLY_UNLESS_FUTURE_DIRECT_VALIDATION","False","False","False","False","False","False"
"SL-48E2D44B0DB112","Drop: Two Scoops - The Chocolate Sampler Bundle — Standard Edition","693581","REGISTRY_READY","unknown","unknown","bundle","bundle","TCG_MARKET_PRICE_AUTHORIZED_V1","169","169","173","177","False","1","1","2026-07-23","2026-07-23","0","False","False","False","SHORT_HISTORY_TOURNAMENT_CANDIDATE","SHORT_HISTORY_METHOD_TOURNAMENT","SCENARIO_ONLY_UNLESS_FUTURE_DIRECT_VALIDATION","SCENARIO_ONLY_UNLESS_FUTURE_DIRECT_VALIDATION","False","False","False","False","False","False"
"SL-4A13D668591161","Drop: Astrology Lands (Libra) - Non-Foil Edition — Nonfoil Edition","449047","REGISTRY_READY","nonfoil","nonfoil","drop","individual_drop","NO_PRODUCTION_CURRENT_MARKET_PRICE","","89.69","89.69","129.94","False","0","0","","","0","False","False","False","CURRENT_AND_HISTORY_EVIDENCE_GAP","NO_1Y_PRODUCTION_FORECAST_UNTIL_EVIDENCE_AVAILABLE","SCENARIO_ONLY_UNLESS_FUTURE_DIRECT_VALIDATION","SCENARIO_ONLY_UNLESS_FUTURE_DIRECT_VALIDATION","False","False","False","False","False","False"
"SL-4AF544459E6E4D","x FINAL FANTASY: Grimoire - JP Rainbow Foil Edition — Foil Edition","637471","REGISTRY_READY","foil","rainbow_foil","drop","individual_drop","TCG_MARKET_PRICE_AUTHORIZED_V1","45.01","45","56","90","False","0","0","","","0","False","False","False","CURRENT_PRICE_ONLY_NEW_PRODUCT_CANDIDATE","NEW_PRODUCT_FALLBACK_METHOD_TOURNAMENT","SCENARIO_ONLY_UNLESS_FUTURE_DIRECT_VALIDATION","SCENARIO_ONLY_UNLESS_FUTURE_DIRECT_VALIDATION","False","False","False","False","False","False"
"SL-4AF8E5539A3A37","Commander Deck: Angels: They're Just Like Us but Cooler and with Wings — Standard Edition","511863","REGISTRY_READY","unknown","unknown","commander deck","deck","TCG_MARKET_PRICE_AUTHORIZED_V1","755.27","845.92","999.99","1899","False","1","1","2026-07-23","2026-07-23","0","False","False","False","SHORT_HISTORY_TOURNAMENT_CANDIDATE","SHORT_HISTORY_METHOD_TOURNAMENT","SCENARIO_ONLY_UNLESS_FUTURE_DIRECT_VALIDATION","SCENARIO_ONLY_UNLESS_FUTURE_DIRECT_VALIDATION","False","False","False","False","False","False"
"SL-4AFB9096DD6221","Astrology Lands (Aries) - Non-Foil Edition — Nonfoil Edition","279319","REGISTRY_READY","nonfoil","nonfoil","drop","individual_drop","TCG_MARKET_PRICE_AUTHORIZED_V1","53.55","64.69","64.69","64.69","False","7","7","2024-02-08","2026-07-23","896","True","False","False","ESTABLISHED_1Y_TOURNAMENT_CANDIDATE","DIRECT_TEMPORAL_OOS_TOURNAMENT","SCENARIO_ONLY_UNLESS_FUTURE_DIRECT_VALIDATION","SCENARIO_ONLY_UNLESS_FUTURE_DIRECT_VALIDATION","False","False","False","False","False","False"
"SL-4B22D43419542B","Drop: Featuring: Andrew Maclean - Non-Foil Edition — Nonfoil Edition","561464","REGISTRY_READY","nonfoil","nonfoil","drop","individual_drop","TCG_MARKET_PRICE_AUTHORIZED_V1","35.34","29","37.45","99","False","24","24","2024-09-01","2026-07-23","690","True","False","False","ESTABLISHED_1Y_TOURNAMENT_CANDIDATE","DIRECT_TEMPORAL_OOS_TOURNAMENT","SCENARIO_ONLY_UNLESS_FUTURE_DIRECT_VALIDATION","SCENARIO_ONLY_UNLESS_FUTURE_DIRECT_VALIDATION","False","False","False","False","False","False"
"SL-4B314F21B95F79","Drop: Just Some Totally Normal Guys - Non-Foil Edition — Nonfoil Edition","273604","REGISTRY_READY","nonfoil","nonfoil","drop","individual_drop","TCG_MARKET_PRICE_AUTHORIZED_V1","37.83","38.42","43.19","83.98","False","30","30","2024-02-08","2026-07-23","896","True","False","False","ESTABLISHED_1Y_TOURNAMENT_CANDIDATE","DIRECT_TEMPORAL_OOS_TOURNAMENT","SCENARIO_ONLY_UNLESS_FUTURE_DIRECT_VALIDATION","SCENARIO_ONLY_UNLESS_FUTURE_DIRECT_VALIDATION","False","False","False","False","False","False"
"SL-4BE57560047EB4","Drop: Secret Lair x Marvel's Deadpool: I Fixed It (You're Welcome) - Pool Party Foil Edition — Foil Edition","686669","REGISTRY_READY","foil","foil_unspecified","drop","individual_drop","TCG_MARKET_PRICE_AUTHORIZED_V1","67.14","62.99","95.99","999","False","4","4","2026-05-01","2026-07-23","83","False","False","False","SHORT_HISTORY_TOURNAMENT_CANDIDATE","SHORT_HISTORY_METHOD_TOURNAMENT","SCENARIO_ONLY_UNLESS_FUTURE_DIRECT_VALIDATION","SCENARIO_ONLY_UNLESS_FUTURE_DIRECT_VALIDATION","False","False","False","False","False","False"
"SL-4BF63B64592660","Drop: Hard-Boiled Thrillers - Rainbow Foil Edition — Foil Edition","537678","REGISTRY_READY","foil","rainbow_foil","drop","individual_drop","TCG_MARKET_PRICE_AUTHORIZED_V1","71.92","87.99","100","149","False","30","30","2024-03-01","2026-07-23","874","True","False","False","ESTABLISHED_1Y_TOURNAMENT_CANDIDATE","DIRECT_TEMPORAL_OOS_TOURNAMENT","SCENARIO_ONLY_UNLESS_FUTURE_DIRECT_VALIDATION","SCENARIO_ONLY_UNLESS_FUTURE_DIRECT_VALIDATION","False","False","False","False","False","False"
"SL-4BF7FE45B6D5FA","Drop: Witch's Familiar - Non-Foil Edition — Nonfoil Edition","695470","REGISTRY_READY","nonfoil","nonfoil","drop","individual_drop","TCG_MARKET_PRICE_AUTHORIZED_V1","80.99","79","95.88","300","False","2","2","2026-07-01","2026-07-23","22","False","False","False","SHORT_HISTORY_TOURNAMENT_CANDIDATE","SHORT_HISTORY_METHOD_TOURNAMENT","SCENARIO_ONLY_UNLESS_FUTURE_DIRECT_VALIDATION","SCENARIO_ONLY_UNLESS_FUTURE_DIRECT_VALIDATION","False","False","False","False","False","False"
"SL-4C044399719CB3","Drop: August Superdrop - The Bundle Bundle — Standard Edition","283288","REGISTRY_READY","unknown","unknown","bundle","bundle","NO_PRODUCTION_CURRENT_MARKET_PRICE","","","","","False","0","0","","","0","False","False","False","CURRENT_AND_HISTORY_EVIDENCE_GAP","NO_1Y_PRODUCTION_FORECAST_UNTIL_EVIDENCE_AVAILABLE","SCENARIO_ONLY_UNLESS_FUTURE_DIRECT_VALIDATION","SCENARIO_ONLY_UNLESS_FUTURE_DIRECT_VALIDATION","False","False","False","False","False","False"
"SL-4C3509AD7E230B","Drop: Secret Lair x Dungeons & Dragons: An Exhibition of Adventure - Non-Foil Edition — Nonfoil Edition","565542","REGISTRY_READY","nonfoil","nonfoil","drop","individual_drop","TCG_MARKET_PRICE_AUTHORIZED_V1","70.17","69","89.99","300","False","23","23","2024-10-01","2026-07-23","660","True","False","False","ESTABLISHED_1Y_TOURNAMENT_CANDIDATE","DIRECT_TEMPORAL_OOS_TOURNAMENT","SCENARIO_ONLY_UNLESS_FUTURE_DIRECT_VALIDATION","SCENARIO_ONLY_UNLESS_FUTURE_DIRECT_VALIDATION","False","False","False","False","False","False"
"SL-4C4FCD42C6E4CB","Drop: Li'l Legends - Rainbow Foil Edition — Foil Edition","564133","REGISTRY_READY","foil","rainbow_foil","drop","individual_drop","TCG_MARKET_PRICE_AUTHORIZED_V1","25.79","12.89","30","199.99","False","23","23","2024-10-01","2026-07-23","660","True","False","False","ESTABLISHED_1Y_TOURNAMENT_CANDIDATE","DIRECT_TEMPORAL_OOS_TOURNAMENT","SCENARIO_ONLY_UNLESS_FUTURE_DIRECT_VALIDATION","SCENARIO_ONLY_UNLESS_FUTURE_DIRECT_VALIDATION","False","False","False","False","False","False"
"SL-4C6A3C65A74465","Astrology Lands (Sagittarius) - Non-Foil Edition — Nonfoil Edition","475395","REGISTRY_READY","nonfoil","nonfoil","drop","individual_drop","NO_PRODUCTION_CURRENT_MARKET_PRICE","","","","","False","0","0","","","0","False","False","False","CURRENT_AND_HISTORY_EVIDENCE_GAP","NO_1Y_PRODUCTION_FORECAST_UNTIL_EVIDENCE_AVAILABLE","SCENARIO_ONLY_UNLESS_FUTURE_DIRECT_VALIDATION","SCENARIO_ONLY_UNLESS_FUTURE_DIRECT_VALIDATION","False","False","False","False","False","False"
"SL-4D59CDC526B4A4","Drop: Secretversary Superdrop 2023: Goodie Bag Loaded with Everything Bundle — Standard Edition","528417","REGISTRY_READY","unknown","unknown","bundle","bundle","NO_PRODUCTION_CURRENT_MARKET_PRICE","","","","","False","0","0","","","0","False","False","False","CURRENT_AND_HISTORY_EVIDENCE_GAP","NO_1Y_PRODUCTION_FORECAST_UNTIL_EVIDENCE_AVAILABLE","SCENARIO_ONLY_UNLESS_FUTURE_DIRECT_VALIDATION","SCENARIO_ONLY_UNLESS_FUTURE_DIRECT_VALIDATION","False","False","False","False","False","False"
"SL-4D89F0ED51988D","Drop: Astrology Lands (Leo) - Non-Foil Edition — Nonfoil Edition","281604","REGISTRY_READY","nonfoil","nonfoil","drop","individual_drop","NO_PRODUCTION_CURRENT_MARKET_PRICE","","39.98","49.99","59.99","False","4","4","2025-06-01","2025-09-01","92","False","False","False","SHORT_HISTORY_TOURNAMENT_CANDIDATE","SHORT_HISTORY_METHOD_TOURNAMENT","SCENARIO_ONLY_UNLESS_FUTURE_DIRECT_VALIDATION","SCENARIO_ONLY_UNLESS_FUTURE_DIRECT_VALIDATION","False","False","False","False","False","False"
"SL-4E0F9462AECE34","Drop: The Prophets Predicted Bundle - Foil Edition — Foil Edition","480444","REGISTRY_READY","foil","foil_unspecified","bundle","bundle","NO_PRODUCTION_CURRENT_MARKET_PRICE","","","","","False","0","0","","","0","False","False","False","CURRENT_AND_HISTORY_EVIDENCE_GAP","NO_1Y_PRODUCTION_FORECAST_UNTIL_EVIDENCE_AVAILABLE","SCENARIO_ONLY_UNLESS_FUTURE_DIRECT_VALIDATION","SCENARIO_ONLY_UNLESS_FUTURE_DIRECT_VALIDATION","False","False","False","False","False","False"
"SL-4E3DD31A8F10CD","Drop: Omens of Chaos - Traditional Foil Edition — Foil Edition","691186","REGISTRY_READY","foil","traditional_foil","drop","individual_drop","TCG_MARKET_PRICE_AUTHORIZED_V1","124.95","204.98","302.49","399.99","False","0","0","","","0","False","False","False","CURRENT_PRICE_ONLY_NEW_PRODUCT_CANDIDATE","NEW_PRODUCT_FALLBACK_METHOD_TOURNAMENT","SCENARIO_ONLY_UNLESS_FUTURE_DIRECT_VALIDATION","SCENARIO_ONLY_UNLESS_FUTURE_DIRECT_VALIDATION","False","False","False","False","False","False"
"SL-4E446C326A35E0","Drop: Artist Series: Randy Vargas - Non-Foil Edition — Nonfoil Edition","493807","REGISTRY_READY","nonfoil","nonfoil","drop","individual_drop","TCG_MARKET_PRICE_AUTHORIZED_V1","49.81","65","89.5","99.99","False","31","31","2024-02-08","2026-07-23","896","True","False","False","ESTABLISHED_1Y_TOURNAMENT_CANDIDATE","DIRECT_TEMPORAL_OOS_TOURNAMENT","SCENARIO_ONLY_UNLESS_FUTURE_DIRECT_VALIDATION","SCENARIO_ONLY_UNLESS_FUTURE_DIRECT_VALIDATION","False","False","False","False","False","False"
"SL-4E4666C9C585DF","Drop: Showcase: Thrilling Tales of the Undead - Non-Foil Edition — Nonfoil Edition","251765","REGISTRY_READY","nonfoil","nonfoil","drop","individual_drop","TCG_MARKET_PRICE_AUTHORIZED_V1","55.51","61.01","79.19","85.99","False","31","31","2024-02-08","2026-07-23","896","True","False","False","ESTABLISHED_1Y_TOURNAMENT_CANDIDATE","DIRECT_TEMPORAL_OOS_TOURNAMENT","SCENARIO_ONLY_UNLESS_FUTURE_DIRECT_VALIDATION","SCENARIO_ONLY_UNLESS_FUTURE_DIRECT_VALIDATION","False","False","False","False","False","False"
"SL-4F949907592453","Superdrop: Showcase: Strixhaven - Traditional Foil Edition — Foil Edition","237613","REGISTRY_READY","foil","traditional_foil","drop","individual_drop","TCG_MARKET_PRICE_AUTHORIZED_V1","66.79","62.99","83.94","150","False","31","31","2024-02-08","2026-07-23","896","True","False","False","ESTABLISHED_1Y_TOURNAMENT_CANDIDATE","DIRECT_TEMPORAL_OOS_TOURNAMENT","SCENARIO_ONLY_UNLESS_FUTURE_DIRECT_VALIDATION","SCENARIO_ONLY_UNLESS_FUTURE_DIRECT_VALIDATION","False","False","False","False","False","False"
"SL-500F5F97CE9D3D","Drop: February Superdrop - Special Guest: Yuko Shimizu - Traditional Foil Edition — Foil Edition","267780","REGISTRY_READY","foil","traditional_foil","drop","individual_drop","TCG_MARKET_PRICE_AUTHORIZED_V1","50.81","55","62.97","99.99","False","31","31","2024-02-08","2026-07-23","896","True","False","False","ESTABLISHED_1Y_TOURNAMENT_CANDIDATE","DIRECT_TEMPORAL_OOS_TOURNAMENT","SCENARIO_ONLY_UNLESS_FUTURE_DIRECT_VALIDATION","SCENARIO_ONLY_UNLESS_FUTURE_DIRECT_VALIDATION","False","False","False","False","False","False"
"SL-5023185002A2AA","Drop: A Devastation of Dragons - Rainbow Foil Edition — Foil Edition","619698","REGISTRY_READY","foil","rainbow_foil","drop","individual_drop","TCG_MARKET_PRICE_AUTHORIZED_V1","52.97","59","71.5","149.99","False","18","18","2025-03-01","2026-07-23","509","True","False","False","ESTABLISHED_1Y_TOURNAMENT_CANDIDATE","DIRECT_TEMPORAL_OOS_TOURNAMENT","SCENARIO_ONLY_UNLESS_FUTURE_DIRECT_VALIDATION","SCENARIO_ONLY_UNLESS_FUTURE_DIRECT_VALIDATION","False","False","False","False","False","False"
"SL-5068960BC36908","x Sonic the Hedgehog Superdrop: Super Sonic Bundle (Rainbow Foil) — Foil Edition","643598","REGISTRY_READY","foil","rainbow_foil","bundle","bundle","TCG_MARKET_PRICE_AUTHORIZED_V1","182.78","190.01","249.94","299.99","False","13","13","2025-08-01","2026-07-23","356","False","False","False","SHORT_HISTORY_TOURNAMENT_CANDIDATE","SHORT_HISTORY_METHOD_TOURNAMENT","SCENARIO_ONLY_UNLESS_FUTURE_DIRECT_VALIDATION","SCENARIO_ONLY_UNLESS_FUTURE_DIRECT_VALIDATION","False","False","False","False","False","False"
"SL-50C145DADB01EC","Drop: If Looks Could Kill - Traditional Foil Edition — Foil Edition","450531","REGISTRY_READY","foil","traditional_foil","drop","individual_drop","TCG_MARKET_PRICE_AUTHORIZED_V1","38.52","35","59","100","False","31","31","2024-02-08","2026-07-23","896","True","False","False","ESTABLISHED_1Y_TOURNAMENT_CANDIDATE","DIRECT_TEMPORAL_OOS_TOURNAMENT","SCENARIO_ONLY_UNLESS_FUTURE_DIRECT_VALIDATION","SCENARIO_ONLY_UNLESS_FUTURE_DIRECT_VALIDATION","False","False","False","False","False","False"
"SL-50E644B80B9CC1","Drop: Our Boss is on Vacation Superdrop: Desk Fort Made of Non-Foils Bundle — Nonfoil Edition","624751","REGISTRY_READY","nonfoil","nonfoil","bundle","bundle","NO_PRODUCTION_CURRENT_MARKET_PRICE","","","","","False","3","3","2025-06-01","2025-08-01","61","False","False","False","SHORT_HISTORY_TOURNAMENT_CANDIDATE","SHORT_HISTORY_METHOD_TOURNAMENT","SCENARIO_ONLY_UNLESS_FUTURE_DIRECT_VALIDATION","SCENARIO_ONLY_UNLESS_FUTURE_DIRECT_VALIDATION","False","False","False","False","False","False"
"SL-50FC4B0DB8BFBC","Drop: The Beauty of the Beasts - Non-Foil Edition — Nonfoil Edition","537688","REGISTRY_READY","nonfoil","nonfoil","drop","individual_drop","TCG_MARKET_PRICE_AUTHORIZED_V1","80","80","89.99","149","False","30","30","2024-03-01","2026-07-23","874","True","False","False","ESTABLISHED_1Y_TOURNAMENT_CANDIDATE","DIRECT_TEMPORAL_OOS_TOURNAMENT","SCENARIO_ONLY_UNLESS_FUTURE_DIRECT_VALIDATION","SCENARIO_ONLY_UNLESS_FUTURE_DIRECT_VALIDATION","False","False","False","False","False","False"
"SL-514B5766ECCE6E","Superdrop: Showcase: Strixhaven - Non-Foil Edition — Nonfoil Edition","237612","REGISTRY_READY","nonfoil","nonfoil","drop","individual_drop","TCG_MARKET_PRICE_AUTHORIZED_V1","47.77","44.99","59.97","79.99","False","31","31","2024-02-08","2026-07-23","896","True","False","False","ESTABLISHED_1Y_TOURNAMENT_CANDIDATE","DIRECT_TEMPORAL_OOS_TOURNAMENT","SCENARIO_ONLY_UNLESS_FUTURE_DIRECT_VALIDATION","SCENARIO_ONLY_UNLESS_FUTURE_DIRECT_VALIDATION","False","False","False","False","False","False"
"SL-514C1D6728B156","Drop: Secret Lair x Dungeons & Dragons: Shadowheart’s Devotion - Traditional Foil Edition — Foil Edition","677401","REGISTRY_READY","foil","traditional_foil","drop","individual_drop","TCG_MARKET_PRICE_AUTHORIZED_V1","72.99","72","89.99","250","False","6","6","2026-03-01","2026-07-23","144","False","False","False","SHORT_HISTORY_TOURNAMENT_CANDIDATE","SHORT_HISTORY_METHOD_TOURNAMENT","SCENARIO_ONLY_UNLESS_FUTURE_DIRECT_VALIDATION","SCENARIO_ONLY_UNLESS_FUTURE_DIRECT_VALIDATION","False","False","False","False","False","False"
"SL-51976658E5C23C","Drop: Inside an Elevator Superdrop: Brain Dead Bundle - Foil Edition — Foil Edition","561536","REGISTRY_READY","foil","foil_unspecified","bundle","bundle","TCG_MARKET_PRICE_AUTHORIZED_V1","349.98","470","475.49","480.98","False","23","23","2024-09-01","2026-07-23","690","True","False","False","ESTABLISHED_1Y_TOURNAMENT_CANDIDATE","DIRECT_TEMPORAL_OOS_TOURNAMENT","SCENARIO_ONLY_UNLESS_FUTURE_DIRECT_VALIDATION","SCENARIO_ONLY_UNLESS_FUTURE_DIRECT_VALIDATION","False","False","False","False","False","False"
"SL-51F0E5266661E3","Drop: Purrfection - Traditional Foil Edition — Foil Edition","252515","REGISTRY_READY","foil","traditional_foil","drop","individual_drop","TCG_MARKET_PRICE_AUTHORIZED_V1","299.99","499.8","499.8","499.8","False","29","29","2024-02-08","2026-07-23","896","True","False","False","ESTABLISHED_1Y_TOURNAMENT_CANDIDATE","DIRECT_TEMPORAL_OOS_TOURNAMENT","SCENARIO_ONLY_UNLESS_FUTURE_DIRECT_VALIDATION","SCENARIO_ONLY_UNLESS_FUTURE_DIRECT_VALIDATION","False","False","False","False","False","False"
"SL-51F6FE2831BC59","Drop: Transformers: Roll Out or Rise Up - Traditional Foil Edition — Foil Edition","456533","REGISTRY_READY","foil","traditional_foil","drop","individual_drop","TCG_MARKET_PRICE_AUTHORIZED_V1","124.06","171.99","183.98","249.99","False","31","31","2024-02-08","2026-07-23","896","True","False","False","ESTABLISHED_1Y_TOURNAMENT_CANDIDATE","DIRECT_TEMPORAL_OOS_TOURNAMENT","SCENARIO_ONLY_UNLESS_FUTURE_DIRECT_VALIDATION","SCENARIO_ONLY_UNLESS_FUTURE_DIRECT_VALIDATION","False","False","False","False","False","False"
"SL-52287049EB9C78","Astrology Lands (Sagittarius) - Traditional Foil Edition — Foil Edition","475396","REGISTRY_READY","foil","traditional_foil","drop","individual_drop","TCG_MARKET_PRICE_AUTHORIZED_V1","154","160","164.44","168.88","False","3","3","2026-06-01","2026-07-23","52","False","False","False","SHORT_HISTORY_TOURNAMENT_CANDIDATE","SHORT_HISTORY_METHOD_TOURNAMENT","SCENARIO_ONLY_UNLESS_FUTURE_DIRECT_VALIDATION","SCENARIO_ONLY_UNLESS_FUTURE_DIRECT_VALIDATION","False","False","False","False","False","False"
"SL-5255E36FDEE99C","Drop: Those Non-Foils Just Won't Let Up Bundle — Nonfoil Edition","493795","REGISTRY_READY","nonfoil","nonfoil","bundle","bundle","NO_PRODUCTION_CURRENT_MARKET_PRICE","","410","410","410","False","0","0","","","0","False","False","False","CURRENT_AND_HISTORY_EVIDENCE_GAP","NO_1Y_PRODUCTION_FORECAST_UNTIL_EVIDENCE_AVAILABLE","SCENARIO_ONLY_UNLESS_FUTURE_DIRECT_VALIDATION","SCENARIO_ONLY_UNLESS_FUTURE_DIRECT_VALIDATION","False","False","False","False","False","False"
"SL-52AD75C0AF1006","Drop: Secret Lair x Teenage Mutant Ninja Turtles: VHS Villains - Non-Foil Edition — Nonfoil Edition","679542","REGISTRY_READY","nonfoil","nonfoil","drop","individual_drop","TCG_MARKET_PRICE_AUTHORIZED_V1","59.85","58","69.97","100","False","5","5","2026-04-01","2026-07-23","113","False","False","False","SHORT_HISTORY_TOURNAMENT_CANDIDATE","SHORT_HISTORY_METHOD_TOURNAMENT","SCENARIO_ONLY_UNLESS_FUTURE_DIRECT_VALIDATION","SCENARIO_ONLY_UNLESS_FUTURE_DIRECT_VALIDATION","False","False","False","False","False","False"
"SL-52D6DADA65F954","x Avatar: The Last Airbender: My Cabbages! - Rainbow Foil Edition — Foil Edition","662581","REGISTRY_READY","foil","rainbow_foil","drop","individual_drop","TCG_MARKET_PRICE_AUTHORIZED_V1","66.74","66.2","79.97","350","False","9","9","2025-12-01","2026-07-23","234","False","False","False","SHORT_HISTORY_TOURNAMENT_CANDIDATE","SHORT_HISTORY_METHOD_TOURNAMENT","SCENARIO_ONLY_UNLESS_FUTURE_DIRECT_VALIDATION","SCENARIO_ONLY_UNLESS_FUTURE_DIRECT_VALIDATION","False","False","False","False","False","False"
"SL-52F611E7CD122A","Drop: Secret Lair x Hatsune Miku: Sakura Superstar EN - Rainbow Foil Edition — Foil Edition","551437","REGISTRY_READY","foil","rainbow_foil","drop","individual_drop","TCG_MARKET_PRICE_AUTHORIZED_V1","265.34","284.95","323.88","1000","False","27","27","2024-06-01","2026-07-23","782","True","False","False","ESTABLISHED_1Y_TOURNAMENT_CANDIDATE","DIRECT_TEMPORAL_OOS_TOURNAMENT","SCENARIO_ONLY_UNLESS_FUTURE_DIRECT_VALIDATION","SCENARIO_ONLY_UNLESS_FUTURE_DIRECT_VALIDATION","False","False","False","False","False","False"
"SL-5372DCEAF5B496","Drop: The Strange Sands: Plains - Non-Foil Edition — Nonfoil Edition","610786","REGISTRY_READY","nonfoil","nonfoil","drop","individual_drop","NO_PRODUCTION_CURRENT_MARKET_PRICE","","37.15","48.82","199","False","16","16","2025-05-01","2026-07-23","448","True","False","False","ESTABLISHED_1Y_TOURNAMENT_CANDIDATE","DIRECT_TEMPORAL_OOS_TOURNAMENT","SCENARIO_ONLY_UNLESS_FUTURE_DIRECT_VALIDATION","SCENARIO_ONLY_UNLESS_FUTURE_DIRECT_VALIDATION","False","False","False","False","False","False"
"SL-5375C51D0AF757","Drop: Inside an Elevator Superdrop: Take Me to the Floor with Everything Bundle — Standard Edition","561522","REGISTRY_READY","unknown","unknown","bundle","bundle","NO_PRODUCTION_CURRENT_MARKET_PRICE","","","","","False","0","0","","","0","False","False","False","CURRENT_AND_HISTORY_EVIDENCE_GAP","NO_1Y_PRODUCTION_FORECAST_UNTIL_EVIDENCE_AVAILABLE","SCENARIO_ONLY_UNLESS_FUTURE_DIRECT_VALIDATION","SCENARIO_ONLY_UNLESS_FUTURE_DIRECT_VALIDATION","False","False","False","False","False","False"
"SL-537F7A73B4E5D7","Drop: Secret Lair x Tomb Raider - Non-Foil Edition — Nonfoil Edition","528394","REGISTRY_READY","nonfoil","nonfoil","drop","individual_drop","TCG_MARKET_PRICE_AUTHORIZED_V1","188.15","209.14","229.57","249.99","False","31","31","2024-02-08","2026-07-23","896","True","False","False","ESTABLISHED_1Y_TOURNAMENT_CANDIDATE","DIRECT_TEMPORAL_OOS_TOURNAMENT","SCENARIO_ONLY_UNLESS_FUTURE_DIRECT_VALIDATION","SCENARIO_ONLY_UNLESS_FUTURE_DIRECT_VALIDATION","False","False","False","False","False","False"
"SL-539814AFE340EF","Drop: Secret Lair Promo: Deadeye Navigator - Rainbow Foil Edition — Foil Edition","627697","REGISTRY_READY","foil","rainbow_foil","drop","individual_drop","TCG_MARKET_PRICE_AUTHORIZED_V1","6.25","3.69","9.43","100","False","16","16","2025-05-01","2026-07-23","448","True","False","False","ESTABLISHED_1Y_TOURNAMENT_CANDIDATE","DIRECT_TEMPORAL_OOS_TOURNAMENT","SCENARIO_ONLY_UNLESS_FUTURE_DIRECT_VALIDATION","SCENARIO_ONLY_UNLESS_FUTURE_DIRECT_VALIDATION","False","False","False","False","False","False"
"SL-53DBCED4126506","Drop: Secretversary Superdrop 2023: Jungle Bundle - Non-Foil Edition — Nonfoil Edition","528408","REGISTRY_READY","nonfoil","nonfoil","bundle","bundle","NO_PRODUCTION_CURRENT_MARKET_PRICE","","","","","False","0","0","","","0","False","False","False","CURRENT_AND_HISTORY_EVIDENCE_GAP","NO_1Y_PRODUCTION_FORECAST_UNTIL_EVIDENCE_AVAILABLE","SCENARIO_ONLY_UNLESS_FUTURE_DIRECT_VALIDATION","SCENARIO_ONLY_UNLESS_FUTURE_DIRECT_VALIDATION","False","False","False","False","False","False"
"SL-53E99BA82486AE","Drop: Secretversary Superdrop 2023: Lara Croft's Adventuring Bundle - Foil Edition — Foil Edition","528413","REGISTRY_READY","foil","foil_unspecified","bundle","bundle","NO_PRODUCTION_CURRENT_MARKET_PRICE","","","","","False","4","4","2024-02-08","2024-07-01","144","False","False","False","SHORT_HISTORY_TOURNAMENT_CANDIDATE","SHORT_HISTORY_METHOD_TOURNAMENT","SCENARIO_ONLY_UNLESS_FUTURE_DIRECT_VALIDATION","SCENARIO_ONLY_UNLESS_FUTURE_DIRECT_VALIDATION","False","False","False","False","False","False"
"SL-53EFFF4AB66655","Drop: Spring Superdrop 2024: Spring Into Action Bundle - Foil Edition — Foil Edition","551413","REGISTRY_READY","foil","foil_unspecified","bundle","bundle","NO_PRODUCTION_CURRENT_MARKET_PRICE","","699.96","699.96","699.96","False","0","0","","","0","False","False","False","CURRENT_AND_HISTORY_EVIDENCE_GAP","NO_1Y_PRODUCTION_FORECAST_UNTIL_EVIDENCE_AVAILABLE","SCENARIO_ONLY_UNLESS_FUTURE_DIRECT_VALIDATION","SCENARIO_ONLY_UNLESS_FUTURE_DIRECT_VALIDATION","False","False","False","False","False","False"
"SL-5460CC74A875D8","Drop: Marvel Superdrop: The Astonishing Foil Bundle — Foil Edition","592059","REGISTRY_READY","foil","foil_unspecified","bundle","bundle","TCG_MARKET_PRICE_AUTHORIZED_V1","405.11","400","449.97","999.95","False","21","21","2024-12-01","2026-07-23","599","True","False","False","ESTABLISHED_1Y_TOURNAMENT_CANDIDATE","DIRECT_TEMPORAL_OOS_TOURNAMENT","SCENARIO_ONLY_UNLESS_FUTURE_DIRECT_VALIDATION","SCENARIO_ONLY_UNLESS_FUTURE_DIRECT_VALIDATION","False","False","False","False","False","False"
"SL-5468F7B9EAB454","Drop: More Adventures in Middle-earth - Non-Foil Edition — Nonfoil Edition","501835","REGISTRY_READY","nonfoil","nonfoil","drop","individual_drop","TCG_MARKET_PRICE_AUTHORIZED_V1","57.89","119.99","157.97","195.95","False","31","31","2024-02-08","2026-07-23","896","True","False","False","ESTABLISHED_1Y_TOURNAMENT_CANDIDATE","DIRECT_TEMPORAL_OOS_TOURNAMENT","SCENARIO_ONLY_UNLESS_FUTURE_DIRECT_VALIDATION","SCENARIO_ONLY_UNLESS_FUTURE_DIRECT_VALIDATION","False","False","False","False","False","False"
"SL-54C9080526A1C2","Drop: Artist Series: Volkan Baga - Non-Foil Edition — Nonfoil Edition","275799","REGISTRY_READY","nonfoil","nonfoil","drop","individual_drop","TCG_MARKET_PRICE_AUTHORIZED_V1","26.71","26.45","32.99","71.99","False","31","31","2024-02-08","2026-07-23","896","True","False","False","ESTABLISHED_1Y_TOURNAMENT_CANDIDATE","DIRECT_TEMPORAL_OOS_TOURNAMENT","SCENARIO_ONLY_UNLESS_FUTURE_DIRECT_VALIDATION","SCENARIO_ONLY_UNLESS_FUTURE_DIRECT_VALIDATION","False","False","False","False","False","False"
"SL-54E30F9610306E","Drop: Secret Lair x Marvel: Spinner Rack Specials - Non-Foil Edition — Nonfoil Edition","706573","REGISTRY_READY","nonfoil","nonfoil","drop","individual_drop","TCG_MARKET_PRICE_AUTHORIZED_V1","61.77","60","62.95","139.99","False","0","0","","","0","False","False","False","CURRENT_PRICE_ONLY_NEW_PRODUCT_CANDIDATE","NEW_PRODUCT_FALLBACK_METHOD_TOURNAMENT","SCENARIO_ONLY_UNLESS_FUTURE_DIRECT_VALIDATION","SCENARIO_ONLY_UNLESS_FUTURE_DIRECT_VALIDATION","False","False","False","False","False","False"
"SL-55E97B4006F89E","Drop: Secret Lair x Dungeons & Dragons: Shadowheart’s Devotion - Non-Foil Edition — Nonfoil Edition","677400","REGISTRY_READY","nonfoil","nonfoil","drop","individual_drop","TCG_MARKET_PRICE_AUTHORIZED_V1","65.9","65","79.95","200","False","6","6","2026-03-01","2026-07-23","144","False","False","False","SHORT_HISTORY_TOURNAMENT_CANDIDATE","SHORT_HISTORY_METHOD_TOURNAMENT","SCENARIO_ONLY_UNLESS_FUTURE_DIRECT_VALIDATION","SCENARIO_ONLY_UNLESS_FUTURE_DIRECT_VALIDATION","False","False","False","False","False","False"
"SL-560F109DA33288","Drop: Our Boss is on Vacation Superdrop: Spongebob Squarepants: Internet Sensation - Rainbow Foil Edition — Foil Edition","624711","REGISTRY_READY","foil","rainbow_foil","drop","individual_drop","TCG_MARKET_PRICE_AUTHORIZED_V1","82.52","81","99.99","500","False","17","17","2025-04-01","2026-07-23","478","True","False","False","ESTABLISHED_1Y_TOURNAMENT_CANDIDATE","DIRECT_TEMPORAL_OOS_TOURNAMENT","SCENARIO_ONLY_UNLESS_FUTURE_DIRECT_VALIDATION","SCENARIO_ONLY_UNLESS_FUTURE_DIRECT_VALIDATION","False","False","False","False","False","False"
"SL-5623C86036522B","Drop: Summer Superdrop 2025 - The Artist Spotlight Bundle (Non-Foil Edition) — Nonfoil Edition","637676","REGISTRY_READY","nonfoil","nonfoil","bundle","bundle","NO_PRODUCTION_CURRENT_MARKET_PRICE","","179.99","179.99","179.99","False","8","8","2025-10-01","2026-05-01","212","False","False","False","SHORT_HISTORY_TOURNAMENT_CANDIDATE","SHORT_HISTORY_METHOD_TOURNAMENT","SCENARIO_ONLY_UNLESS_FUTURE_DIRECT_VALIDATION","SCENARIO_ONLY_UNLESS_FUTURE_DIRECT_VALIDATION","False","False","False","False","False","False"
"SL-568C9C053EB3C5","Drop: Arcade Racers - Non-Foil Edition — Nonfoil Edition","618100","REGISTRY_READY","nonfoil","nonfoil","drop","individual_drop","TCG_MARKET_PRICE_AUTHORIZED_V1","37.33","38.33","45.99","99","False","18","18","2025-03-01","2026-07-23","509","True","False","False","ESTABLISHED_1Y_TOURNAMENT_CANDIDATE","DIRECT_TEMPORAL_OOS_TOURNAMENT","SCENARIO_ONLY_UNLESS_FUTURE_DIRECT_VALIDATION","SCENARIO_ONLY_UNLESS_FUTURE_DIRECT_VALIDATION","False","False","False","False","False","False"
"SL-56A06CCE61A990","Drop: Prints Charming - Traditional Foil Edition — Foil Edition","677179","REGISTRY_READY","foil","traditional_foil","drop","individual_drop","TCG_MARKET_PRICE_AUTHORIZED_V1","64.08","69","80","300","False","6","6","2026-03-01","2026-07-23","144","False","False","False","SHORT_HISTORY_TOURNAMENT_CANDIDATE","SHORT_HISTORY_METHOD_TOURNAMENT","SCENARIO_ONLY_UNLESS_FUTURE_DIRECT_VALIDATION","SCENARIO_ONLY_UNLESS_FUTURE_DIRECT_VALIDATION","False","False","False","False","False","False"
"SL-57224CF33D1B18","Drop: Secret Lair Promo x Twisted Metal - Sol Ring - Rainbow Foil Edition — Foil Edition","674453","REGISTRY_READY","foil","rainbow_foil","drop","individual_drop","TCG_MARKET_PRICE_AUTHORIZED_V1","20.95","15","21.99","100","False","7","7","2026-02-01","2026-07-23","172","False","False","False","SHORT_HISTORY_TOURNAMENT_CANDIDATE","SHORT_HISTORY_METHOD_TOURNAMENT","SCENARIO_ONLY_UNLESS_FUTURE_DIRECT_VALIDATION","SCENARIO_ONLY_UNLESS_FUTURE_DIRECT_VALIDATION","False","False","False","False","False","False"
"SL-57B769C050A1F6","Drop: Secret Lair x Chucky - Non-Foil Edition — Nonfoil Edition","584544","REGISTRY_READY","nonfoil","nonfoil","drop","individual_drop","TCG_MARKET_PRICE_AUTHORIZED_V1","54.15","55","70","149.99","False","22","22","2024-11-01","2026-07-23","629","True","False","False","ESTABLISHED_1Y_TOURNAMENT_CANDIDATE","DIRECT_TEMPORAL_OOS_TOURNAMENT","SCENARIO_ONLY_UNLESS_FUTURE_DIRECT_VALIDATION","SCENARIO_ONLY_UNLESS_FUTURE_DIRECT_VALIDATION","False","False","False","False","False","False"
"SL-585CACD9E76000","Drop: Summer Superdrop 2025 - The Artist Spotlight Bundle (Rainbow Foil Edition) — Foil Edition","637677","REGISTRY_READY","foil","rainbow_foil","bundle","bundle","NO_PRODUCTION_CURRENT_MARKET_PRICE","","174.7","174.7","174.7","False","0","0","","","0","False","False","False","CURRENT_AND_HISTORY_EVIDENCE_GAP","NO_1Y_PRODUCTION_FORECAST_UNTIL_EVIDENCE_AVAILABLE","SCENARIO_ONLY_UNLESS_FUTURE_DIRECT_VALIDATION","SCENARIO_ONLY_UNLESS_FUTURE_DIRECT_VALIDATION","False","False","False","False","False","False"
"SL-5866DDA4AFF1E6","Drop: Spring Superdrop 2024: All The Non-Foils Are Blooming Bundle — Nonfoil Edition","551409","REGISTRY_READY","nonfoil","nonfoil","bundle","bundle","NO_PRODUCTION_CURRENT_MARKET_PRICE","","899.94","899.94","899.94","False","12","12","2024-07-01","2025-09-01","427","True","False","False","ESTABLISHED_1Y_TOURNAMENT_CANDIDATE","DIRECT_TEMPORAL_OOS_TOURNAMENT","SCENARIO_ONLY_UNLESS_FUTURE_DIRECT_VALIDATION","SCENARIO_ONLY_UNLESS_FUTURE_DIRECT_VALIDATION","False","False","False","False","False","False"
"SL-5870A36D552768","Drop: Keep Partying Hard, Shred Harder Than You Previously Thought Possible - Non-Foil Edition — Nonfoil Edition","515008","REGISTRY_READY","nonfoil","nonfoil","drop","individual_drop","TCG_MARKET_PRICE_AUTHORIZED_V1","79.19","74.9","93.02","149.99","False","31","31","2024-02-08","2026-07-23","896","True","False","False","ESTABLISHED_1Y_TOURNAMENT_CANDIDATE","DIRECT_TEMPORAL_OOS_TOURNAMENT","SCENARIO_ONLY_UNLESS_FUTURE_DIRECT_VALIDATION","SCENARIO_ONLY_UNLESS_FUTURE_DIRECT_VALIDATION","False","False","False","False","False","False"
"SL-58CA1F11EE3BE3","Drop: Showcase: Murders at Karlov Manor - Rainbow Foil Edition — Foil Edition","537683","REGISTRY_READY","foil","rainbow_foil","drop","individual_drop","TCG_MARKET_PRICE_AUTHORIZED_V1","32.47","39.95","55","114.99","False","29","29","2024-04-01","2026-07-23","843","True","False","False","ESTABLISHED_1Y_TOURNAMENT_CANDIDATE","DIRECT_TEMPORAL_OOS_TOURNAMENT","SCENARIO_ONLY_UNLESS_FUTURE_DIRECT_VALIDATION","SCENARIO_ONLY_UNLESS_FUTURE_DIRECT_VALIDATION","False","False","False","False","False","False"
"SL-5933AE80C184BC","Drop: Secret Lair x Marvel's Spider-Man: Daily Bugle Breaking News - Non-Foil Edition — Nonfoil Edition","652000","REGISTRY_READY","nonfoil","nonfoil","drop","individual_drop","TCG_MARKET_PRICE_AUTHORIZED_V1","31.21","29.99","50","99.99","False","11","11","2025-10-01","2026-07-23","295","False","False","False","SHORT_HISTORY_TOURNAMENT_CANDIDATE","SHORT_HISTORY_METHOD_TOURNAMENT","SCENARIO_ONLY_UNLESS_FUTURE_DIRECT_VALIDATION","SCENARIO_ONLY_UNLESS_FUTURE_DIRECT_VALIDATION","False","False","False","False","False","False"
"SL-59E7F564794C20","Drop: Restless in Peace - Non-Foil Edition — Nonfoil Edition","205226","REGISTRY_READY","nonfoil","nonfoil","drop","individual_drop","TCG_MARKET_PRICE_AUTHORIZED_V1","29.35","27.83","50","80","False","31","31","2024-02-08","2026-07-23","896","True","False","False","ESTABLISHED_1Y_TOURNAMENT_CANDIDATE","DIRECT_TEMPORAL_OOS_TOURNAMENT","SCENARIO_ONLY_UNLESS_FUTURE_DIRECT_VALIDATION","SCENARIO_ONLY_UNLESS_FUTURE_DIRECT_VALIDATION","False","False","False","False","False","False"
"SL-5A1F788DAA7722","x Sonic the Hedgehog Superdrop: Turbo Gear (Rainbow Foil) — Foil Edition","643596","REGISTRY_READY","foil","rainbow_foil","drop","individual_drop","TCG_MARKET_PRICE_AUTHORIZED_V1","47.56","47.99","64.99","150","False","13","13","2025-08-01","2026-07-23","356","False","False","False","SHORT_HISTORY_TOURNAMENT_CANDIDATE","SHORT_HISTORY_METHOD_TOURNAMENT","SCENARIO_ONLY_UNLESS_FUTURE_DIRECT_VALIDATION","SCENARIO_ONLY_UNLESS_FUTURE_DIRECT_VALIDATION","False","False","False","False","False","False"
"SL-5A4A678A238B50","Drop: Artist Series: Kev Walker - Traditional Foil Edition — Foil Edition","515013","REGISTRY_READY","foil","traditional_foil","drop","individual_drop","TCG_MARKET_PRICE_AUTHORIZED_V1","59.64","59.64","66.58","99.99","False","31","31","2024-02-08","2026-07-23","896","True","False","False","ESTABLISHED_1Y_TOURNAMENT_CANDIDATE","DIRECT_TEMPORAL_OOS_TOURNAMENT","SCENARIO_ONLY_UNLESS_FUTURE_DIRECT_VALIDATION","SCENARIO_ONLY_UNLESS_FUTURE_DIRECT_VALIDATION","False","False","False","False","False","False"
"SL-5A6AE8606BA087","Drop: Thalia: Beyond the Helvault - Traditional Foil Edition — Foil Edition","210001","REGISTRY_READY","foil","traditional_foil","drop","individual_drop","TCG_MARKET_PRICE_AUTHORIZED_V1","29.26","27.99","33.43","90","False","31","31","2024-02-08","2026-07-23","896","True","False","False","ESTABLISHED_1Y_TOURNAMENT_CANDIDATE","DIRECT_TEMPORAL_OOS_TOURNAMENT","SCENARIO_ONLY_UNLESS_FUTURE_DIRECT_VALIDATION","SCENARIO_ONLY_UNLESS_FUTURE_DIRECT_VALIDATION","False","False","False","False","False","False"
"SL-5B3A6F59394F77","Commander Deck: Raining Cats and Dogs — Standard Edition","534124","REGISTRY_READY","unknown","unknown","commander deck","deck","TCG_MARKET_PRICE_AUTHORIZED_V1","550.65","560","599.98","1100","False","1","1","2026-07-23","2026-07-23","0","False","False","False","SHORT_HISTORY_TOURNAMENT_CANDIDATE","SHORT_HISTORY_METHOD_TOURNAMENT","SCENARIO_ONLY_UNLESS_FUTURE_DIRECT_VALIDATION","SCENARIO_ONLY_UNLESS_FUTURE_DIRECT_VALIDATION","False","False","False","False","False","False"
"SL-5B5B32122CDD63","Drop: vroooOOOMMMMMM! - Rainbow Foil Edition — Foil Edition","632015","REGISTRY_READY","foil","rainbow_foil","drop","individual_drop","TCG_MARKET_PRICE_AUTHORIZED_V1","55.77","54.75","82","999","False","14","14","2025-07-01","2026-07-23","387","True","False","False","ESTABLISHED_1Y_TOURNAMENT_CANDIDATE","DIRECT_TEMPORAL_OOS_TOURNAMENT","SCENARIO_ONLY_UNLESS_FUTURE_DIRECT_VALIDATION","SCENARIO_ONLY_UNLESS_FUTURE_DIRECT_VALIDATION","False","False","False","False","False","False"
"SL-5B6759715093DA","Drop: Valentine's Day 2021 - Traditional Foil Edition — Foil Edition","232599","REGISTRY_READY","foil","traditional_foil","drop","individual_drop","TCG_MARKET_PRICE_AUTHORIZED_V1","70.04","68","87.75","199.99","False","31","31","2024-02-08","2026-07-23","896","True","False","False","ESTABLISHED_1Y_TOURNAMENT_CANDIDATE","DIRECT_TEMPORAL_OOS_TOURNAMENT","SCENARIO_ONLY_UNLESS_FUTURE_DIRECT_VALIDATION","SCENARIO_ONLY_UNLESS_FUTURE_DIRECT_VALIDATION","False","False","False","False","False","False"
"SL-5C3F30C12BEBAB","Drop: Astrology Lands (Scorpio) Bundle - Non-Foil Edition — Nonfoil Edition","452933","REGISTRY_READY","nonfoil","nonfoil","bundle","bundle","NO_PRODUCTION_CURRENT_MARKET_PRICE","","","","","False","0","0","","","0","False","False","False","CURRENT_AND_HISTORY_EVIDENCE_GAP","NO_1Y_PRODUCTION_FORECAST_UNTIL_EVIDENCE_AVAILABLE","SCENARIO_ONLY_UNLESS_FUTURE_DIRECT_VALIDATION","SCENARIO_ONLY_UNLESS_FUTURE_DIRECT_VALIDATION","False","False","False","False","False","False"
"SL-5C5578252D2926","Drop: Secret Lair x Assassin's Creed: Da Vinci's Designs - Non-Foil Edition — Nonfoil Edition","556805","REGISTRY_READY","nonfoil","nonfoil","drop","individual_drop","TCG_MARKET_PRICE_AUTHORIZED_V1","74.89","85","99","200","False","25","25","2024-08-01","2026-07-23","721","True","False","False","ESTABLISHED_1Y_TOURNAMENT_CANDIDATE","DIRECT_TEMPORAL_OOS_TOURNAMENT","SCENARIO_ONLY_UNLESS_FUTURE_DIRECT_VALIDATION","SCENARIO_ONLY_UNLESS_FUTURE_DIRECT_VALIDATION","False","False","False","False","False","False"
"SL-5C83F0908286AA","Drop: Equinox Superdrop 2024: Sunlight and Moonbeams Bundle - Foil Edition — Foil Edition","545706","REGISTRY_READY","foil","foil_unspecified","bundle","bundle","NO_PRODUCTION_CURRENT_MARKET_PRICE","","369.99","369.99","369.99","False","0","0","","","0","False","False","False","CURRENT_AND_HISTORY_EVIDENCE_GAP","NO_1Y_PRODUCTION_FORECAST_UNTIL_EVIDENCE_AVAILABLE","SCENARIO_ONLY_UNLESS_FUTURE_DIRECT_VALIDATION","SCENARIO_ONLY_UNLESS_FUTURE_DIRECT_VALIDATION","False","False","False","False","False","False"
"SL-5CD1718708F7CF","Drop: Secret Lair Promo: Seedborn Muse - Rainbow Foil Edition — Foil Edition","554987","REGISTRY_READY","foil","rainbow_foil","drop","individual_drop","TCG_MARKET_PRICE_AUTHORIZED_V1","78.5","88","99.99","399.99","False","26","26","2024-07-01","2026-07-23","752","True","False","False","ESTABLISHED_1Y_TOURNAMENT_CANDIDATE","DIRECT_TEMPORAL_OOS_TOURNAMENT","SCENARIO_ONLY_UNLESS_FUTURE_DIRECT_VALIDATION","SCENARIO_ONLY_UNLESS_FUTURE_DIRECT_VALIDATION","False","False","False","False","False","False"
"SL-5D627AA081FA6B","Drop: Winter Superdrop 2024: Everything on the Menu Bundle — Standard Edition","537661","REGISTRY_READY","unknown","unknown","bundle","bundle","NO_PRODUCTION_CURRENT_MARKET_PRICE","","1699.96","1699.96","1699.96","False","0","0","","","0","False","False","False","CURRENT_AND_HISTORY_EVIDENCE_GAP","NO_1Y_PRODUCTION_FORECAST_UNTIL_EVIDENCE_AVAILABLE","SCENARIO_ONLY_UNLESS_FUTURE_DIRECT_VALIDATION","SCENARIO_ONLY_UNLESS_FUTURE_DIRECT_VALIDATION","False","False","False","False","False","False"
"SL-5DCBAF53678E9A","Drop: The Strange Sands: Island - Rainbow Foil Edition — Foil Edition","610789","REGISTRY_READY","foil","rainbow_foil","drop","individual_drop","TCG_MARKET_PRICE_AUTHORIZED_V1","104.9","167.99","197","248.71","False","19","19","2025-02-01","2026-07-23","537","True","False","False","ESTABLISHED_1Y_TOURNAMENT_CANDIDATE","DIRECT_TEMPORAL_OOS_TOURNAMENT","SCENARIO_ONLY_UNLESS_FUTURE_DIRECT_VALIDATION","SCENARIO_ONLY_UNLESS_FUTURE_DIRECT_VALIDATION","False","False","False","False","False","False"
"SL-5DE687263E31C2","Festival in a Box Barcelona 2023 - Drafter's Dream Bundle — Standard Edition","497382","REGISTRY_READY","unknown","unknown","festival in a box","festival_in_a_box","NO_PRODUCTION_CURRENT_MARKET_PRICE","","","","","False","0","0","","","0","False","False","False","CURRENT_AND_HISTORY_EVIDENCE_GAP","NO_1Y_PRODUCTION_FORECAST_UNTIL_EVIDENCE_AVAILABLE","SCENARIO_ONLY_UNLESS_FUTURE_DIRECT_VALIDATION","SCENARIO_ONLY_UNLESS_FUTURE_DIRECT_VALIDATION","False","False","False","False","False","False"
"SL-5DFBCE0AB83C38","Drop: Monstrous Magazines - Rainbow Foil Edition — Foil Edition","584530","REGISTRY_READY","foil","rainbow_foil","drop","individual_drop","TCG_MARKET_PRICE_AUTHORIZED_V1","50.55","50","70.99","100","False","22","22","2024-11-01","2026-07-23","629","True","False","False","ESTABLISHED_1Y_TOURNAMENT_CANDIDATE","DIRECT_TEMPORAL_OOS_TOURNAMENT","SCENARIO_ONLY_UNLESS_FUTURE_DIRECT_VALIDATION","SCENARIO_ONLY_UNLESS_FUTURE_DIRECT_VALIDATION","False","False","False","False","False","False"
"SL-5E385BCEB8C1D3","Drop: Buggin' Out - Traditional Foil Edition — Foil Edition","515011","REGISTRY_READY","foil","traditional_foil","drop","individual_drop","TCG_MARKET_PRICE_AUTHORIZED_V1","87.07","77.9","88.89","179","False","31","31","2024-02-08","2026-07-23","896","True","False","False","ESTABLISHED_1Y_TOURNAMENT_CANDIDATE","DIRECT_TEMPORAL_OOS_TOURNAMENT","SCENARIO_ONLY_UNLESS_FUTURE_DIRECT_VALIDATION","SCENARIO_ONLY_UNLESS_FUTURE_DIRECT_VALIDATION","False","False","False","False","False","False"
"SL-5E88158210994E","x Avatar: The Last Airbender: A Lot To Learn - Rainbow Foil Edition — Foil Edition","662593","REGISTRY_READY","foil","rainbow_foil","drop","individual_drop","TCG_MARKET_PRICE_AUTHORIZED_V1","46.29","46.99","63.08","999","False","9","9","2025-12-01","2026-07-23","234","False","False","False","SHORT_HISTORY_TOURNAMENT_CANDIDATE","SHORT_HISTORY_METHOD_TOURNAMENT","SCENARIO_ONLY_UNLESS_FUTURE_DIRECT_VALIDATION","SCENARIO_ONLY_UNLESS_FUTURE_DIRECT_VALIDATION","False","False","False","False","False","False"
"SL-5EF93AB87CC7BC","Drop: Equinox Superdrop 2024: A Celebration of Everything Foil and Non-Foil Bundle — Nonfoil Edition","545701","REGISTRY_READY","nonfoil","nonfoil","bundle","bundle","NO_PRODUCTION_CURRENT_MARKET_PRICE","","1599.99","1599.99","1599.99","False","6","6","2024-06-01","2024-12-01","183","False","False","False","SHORT_HISTORY_TOURNAMENT_CANDIDATE","SHORT_HISTORY_METHOD_TOURNAMENT","SCENARIO_ONLY_UNLESS_FUTURE_DIRECT_VALIDATION","SCENARIO_ONLY_UNLESS_FUTURE_DIRECT_VALIDATION","False","False","False","False","False","False"
"SL-5FB294356B3D9E","Drop: sAnS mERcY - Rainbow Foil Edition — Foil Edition","551445","REGISTRY_READY","foil","rainbow_foil","drop","individual_drop","TCG_MARKET_PRICE_AUTHORIZED_V1","59.54","83.99","105","199.99","False","27","27","2024-06-01","2026-07-23","782","True","False","False","ESTABLISHED_1Y_TOURNAMENT_CANDIDATE","DIRECT_TEMPORAL_OOS_TOURNAMENT","SCENARIO_ONLY_UNLESS_FUTURE_DIRECT_VALIDATION","SCENARIO_ONLY_UNLESS_FUTURE_DIRECT_VALIDATION","False","False","False","False","False","False"
"SL-5FE7868CA1C657","Drop: Time Trouble Two - Non-Foil Edition — Nonfoil Edition","456542","REGISTRY_READY","nonfoil","nonfoil","drop","individual_drop","TCG_MARKET_PRICE_AUTHORIZED_V1","46.98","37","52.52","250","False","31","31","2024-02-08","2026-07-23","896","True","False","False","ESTABLISHED_1Y_TOURNAMENT_CANDIDATE","DIRECT_TEMPORAL_OOS_TOURNAMENT","SCENARIO_ONLY_UNLESS_FUTURE_DIRECT_VALIDATION","SCENARIO_ONLY_UNLESS_FUTURE_DIRECT_VALIDATION","False","False","False","False","False","False"
"SL-5FF41CC2D13BA0","x Horizon: Into the Forbidden West - Rainbow Foil Edition — Foil Edition","658351","REGISTRY_READY","foil","rainbow_foil","drop","individual_drop","TCG_MARKET_PRICE_AUTHORIZED_V1","61.86","60","79.98","999","False","10","10","2025-11-01","2026-07-23","264","False","False","False","SHORT_HISTORY_TOURNAMENT_CANDIDATE","SHORT_HISTORY_METHOD_TOURNAMENT","SCENARIO_ONLY_UNLESS_FUTURE_DIRECT_VALIDATION","SCENARIO_ONLY_UNLESS_FUTURE_DIRECT_VALIDATION","False","False","False","False","False","False"
"SL-600CD704BB077D","Drop: Special Guest: Fiona Staples - Non-Foil Edition — Nonfoil Edition","242353","REGISTRY_READY","nonfoil","nonfoil","drop","individual_drop","TCG_MARKET_PRICE_AUTHORIZED_V1","49.1","49.99","61.17","77.99","False","31","31","2024-02-08","2026-07-23","896","True","False","False","ESTABLISHED_1Y_TOURNAMENT_CANDIDATE","DIRECT_TEMPORAL_OOS_TOURNAMENT","SCENARIO_ONLY_UNLESS_FUTURE_DIRECT_VALIDATION","SCENARIO_ONLY_UNLESS_FUTURE_DIRECT_VALIDATION","False","False","False","False","False","False"
"SL-60461872853DE5","Drop: The Unfathomable Crushing Brutality of Basic Lands - Non-Foil Edition — Nonfoil Edition","232598","REGISTRY_READY","nonfoil","nonfoil","drop","individual_drop","TCG_MARKET_PRICE_AUTHORIZED_V1","48.14","48.78","52.5","84.99","False","31","31","2024-02-08","2026-07-23","896","True","False","False","ESTABLISHED_1Y_TOURNAMENT_CANDIDATE","DIRECT_TEMPORAL_OOS_TOURNAMENT","SCENARIO_ONLY_UNLESS_FUTURE_DIRECT_VALIDATION","SCENARIO_ONLY_UNLESS_FUTURE_DIRECT_VALIDATION","False","False","False","False","False","False"
"SL-60A40519C4C2EC","Drop: Secretversary Superdrop - Artist Series: Seb McKinnon - Non-Foil Edition — Nonfoil Edition","228714","REGISTRY_READY","nonfoil","nonfoil","drop","individual_drop","TCG_MARKET_PRICE_AUTHORIZED_V1","42.34","36.98","49.25","99.99","False","31","31","2024-02-08","2026-07-23","896","True","False","False","ESTABLISHED_1Y_TOURNAMENT_CANDIDATE","DIRECT_TEMPORAL_OOS_TOURNAMENT","SCENARIO_ONLY_UNLESS_FUTURE_DIRECT_VALIDATION","SCENARIO_ONLY_UNLESS_FUTURE_DIRECT_VALIDATION","False","False","False","False","False","False"
"SL-60B5B69D0C5853","Drop: Inside an Elevator Superdrop: Take Me to the Floor with Non-Foils Bundle — Nonfoil Edition","561526","REGISTRY_READY","nonfoil","nonfoil","bundle","bundle","NO_PRODUCTION_CURRENT_MARKET_PRICE","","","","","False","0","0","","","0","False","False","False","CURRENT_AND_HISTORY_EVIDENCE_GAP","NO_1Y_PRODUCTION_FORECAST_UNTIL_EVIDENCE_AVAILABLE","SCENARIO_ONLY_UNLESS_FUTURE_DIRECT_VALIDATION","SCENARIO_ONLY_UNLESS_FUTURE_DIRECT_VALIDATION","False","False","False","False","False","False"
"SL-60BFB1DCD1B82F","Drop: Camp Totally Safe Superdrop: The Cabin with Foils Bundle — Foil Edition","584513","REGISTRY_READY","foil","foil_unspecified","bundle","bundle","NO_PRODUCTION_CURRENT_MARKET_PRICE","","","","","False","4","4","2026-04-01","2026-07-01","91","False","False","False","SHORT_HISTORY_TOURNAMENT_CANDIDATE","SHORT_HISTORY_METHOD_TOURNAMENT","SCENARIO_ONLY_UNLESS_FUTURE_DIRECT_VALIDATION","SCENARIO_ONLY_UNLESS_FUTURE_DIRECT_VALIDATION","False","False","False","False","False","False"
"SL-60FC2555A55C64","Drop: Secret Lair Promo x Avatar: The Last Air Bender - Path of Ancestry - Rainbow Foil Edition — Foil Edition","705721","REGISTRY_READY","foil","rainbow_foil","drop","individual_drop","TCG_MARKET_PRICE_AUTHORIZED_V1","30","29.99","34.25","100","False","0","0","","","0","False","False","False","CURRENT_PRICE_ONLY_NEW_PRODUCT_CANDIDATE","NEW_PRODUCT_FALLBACK_METHOD_TOURNAMENT","SCENARIO_ONLY_UNLESS_FUTURE_DIRECT_VALIDATION","SCENARIO_ONLY_UNLESS_FUTURE_DIRECT_VALIDATION","False","False","False","False","False","False"
"SL-61289242472F60","Drop: Secretversary Superdrop - Happy Little Gathering - Non-Foil Edition — Nonfoil Edition","228716","REGISTRY_READY","nonfoil","nonfoil","drop","individual_drop","TCG_MARKET_PRICE_AUTHORIZED_V1","56.62","41.74","61.24","159.99","False","31","31","2024-02-08","2026-07-23","896","True","False","False","ESTABLISHED_1Y_TOURNAMENT_CANDIDATE","DIRECT_TEMPORAL_OOS_TOURNAMENT","SCENARIO_ONLY_UNLESS_FUTURE_DIRECT_VALIDATION","SCENARIO_ONLY_UNLESS_FUTURE_DIRECT_VALIDATION","False","False","False","False","False","False"
"SL-61E8E5DF8B1BBE","Drop: Secret Lair x Hatsune Miku: Electric Entourage EN - Non-Foil Edition — Nonfoil Edition","584521","REGISTRY_READY","nonfoil","nonfoil","drop","individual_drop","TCG_MARKET_PRICE_AUTHORIZED_V1","107.77","101","148.88","299.99","False","22","22","2024-11-01","2026-07-23","629","True","False","False","ESTABLISHED_1Y_TOURNAMENT_CANDIDATE","DIRECT_TEMPORAL_OOS_TOURNAMENT","SCENARIO_ONLY_UNLESS_FUTURE_DIRECT_VALIDATION","SCENARIO_ONLY_UNLESS_FUTURE_DIRECT_VALIDATION","False","False","False","False","False","False"
"SL-61FF8037187542","Drop: Astrology Lands (Virgo) Bundle - Traditional Foil Edition — Foil Edition","285244","REGISTRY_READY","foil","traditional_foil","bundle","bundle","NO_PRODUCTION_CURRENT_MARKET_PRICE","","","","","False","0","0","","","0","False","False","False","CURRENT_AND_HISTORY_EVIDENCE_GAP","NO_1Y_PRODUCTION_FORECAST_UNTIL_EVIDENCE_AVAILABLE","SCENARIO_ONLY_UNLESS_FUTURE_DIRECT_VALIDATION","SCENARIO_ONLY_UNLESS_FUTURE_DIRECT_VALIDATION","False","False","False","False","False","False"
"SL-622D7365B067D1","x Sonic the Hedgehog Superdrop: Chasing Adventure — Nonfoil Edition","643594","REGISTRY_READY","nonfoil","nonfoil","drop","individual_drop","TCG_MARKET_PRICE_AUTHORIZED_V1","46.49","46.29","59.99","125","False","1","1","2026-07-23","2026-07-23","0","False","False","False","SHORT_HISTORY_TOURNAMENT_CANDIDATE","SHORT_HISTORY_METHOD_TOURNAMENT","SCENARIO_ONLY_UNLESS_FUTURE_DIRECT_VALIDATION","SCENARIO_ONLY_UNLESS_FUTURE_DIRECT_VALIDATION","False","False","False","False","False","False"
"SL-623013DF1CDC7A","Drop: Secret Lair Promo: Cryptic Command - Rainbow Foil Edition — Foil Edition","679231","REGISTRY_READY","foil","rainbow_foil","drop","individual_drop","TCG_MARKET_PRICE_AUTHORIZED_V1","12.05","12.05","15","99","False","5","5","2026-04-01","2026-07-23","113","False","False","False","SHORT_HISTORY_TOURNAMENT_CANDIDATE","SHORT_HISTORY_METHOD_TOURNAMENT","SCENARIO_ONLY_UNLESS_FUTURE_DIRECT_VALIDATION","SCENARIO_ONLY_UNLESS_FUTURE_DIRECT_VALIDATION","False","False","False","False","False","False"
"SL-62530032A99C72","Drop: “explosion sounds” - Non-Foil Edition — Nonfoil Edition","205228","REGISTRY_READY","nonfoil","nonfoil","drop","individual_drop","TCG_MARKET_PRICE_AUTHORIZED_V1","70.03","90","110","120","False","31","31","2024-02-08","2026-07-23","896","True","False","False","ESTABLISHED_1Y_TOURNAMENT_CANDIDATE","DIRECT_TEMPORAL_OOS_TOURNAMENT","SCENARIO_ONLY_UNLESS_FUTURE_DIRECT_VALIDATION","SCENARIO_ONLY_UNLESS_FUTURE_DIRECT_VALIDATION","False","False","False","False","False","False"
"SL-6272B7E7FCCDE5","Drop: Astrology Lands (Scorpio) - Traditional Foil Edition — Foil Edition","452937","REGISTRY_READY","foil","traditional_foil","drop","individual_drop","TCG_MARKET_PRICE_AUTHORIZED_V1","71.94","150","150","150","False","14","14","2024-11-01","2026-07-23","629","True","False","False","ESTABLISHED_1Y_TOURNAMENT_CANDIDATE","DIRECT_TEMPORAL_OOS_TOURNAMENT","SCENARIO_ONLY_UNLESS_FUTURE_DIRECT_VALIDATION","SCENARIO_ONLY_UNLESS_FUTURE_DIRECT_VALIDATION","False","False","False","False","False","False"
"SL-627854ED741646","Drop: Maho Gakuin Seishun Hakusho - Non-Foil Edition — Nonfoil Edition","691193","REGISTRY_READY","nonfoil","nonfoil","drop","individual_drop","TCG_MARKET_PRICE_AUTHORIZED_V1","68.99","48.65","63.17","95","False","2","2","2026-07-01","2026-07-23","22","False","False","False","SHORT_HISTORY_TOURNAMENT_CANDIDATE","SHORT_HISTORY_METHOD_TOURNAMENT","SCENARIO_ONLY_UNLESS_FUTURE_DIRECT_VALIDATION","SCENARIO_ONLY_UNLESS_FUTURE_DIRECT_VALIDATION","False","False","False","False","False","False"
"SL-62924E622370DA","Drop: Notebook Genius - Non-Foil Edition — Nonfoil Edition","691195","REGISTRY_READY","nonfoil","nonfoil","drop","individual_drop","TCG_MARKET_PRICE_AUTHORIZED_V1","44.99","37.49","47.99","78","False","2","2","2026-07-01","2026-07-23","22","False","False","False","SHORT_HISTORY_TOURNAMENT_CANDIDATE","SHORT_HISTORY_METHOD_TOURNAMENT","SCENARIO_ONLY_UNLESS_FUTURE_DIRECT_VALIDATION","SCENARIO_ONLY_UNLESS_FUTURE_DIRECT_VALIDATION","False","False","False","False","False","False"
"SL-62BFC9811DD915","Drop: Featuring: Not a Wolf - Traditional Foil Edition — Foil Edition","556833","REGISTRY_READY","foil","traditional_foil","drop","individual_drop","TCG_MARKET_PRICE_AUTHORIZED_V1","77.14","71","90","100","False","26","26","2024-07-01","2026-07-23","752","True","False","False","ESTABLISHED_1Y_TOURNAMENT_CANDIDATE","DIRECT_TEMPORAL_OOS_TOURNAMENT","SCENARIO_ONLY_UNLESS_FUTURE_DIRECT_VALIDATION","SCENARIO_ONLY_UNLESS_FUTURE_DIRECT_VALIDATION","False","False","False","False","False","False"
"SL-62C80AB34D9CC5","Back to School Superdrop: Spirit Week All Foils Bundle — Foil Edition","691200","REGISTRY_READY","foil","foil_unspecified","bundle","bundle","NO_PRODUCTION_CURRENT_MARKET_PRICE","","550","671.37","999.99","False","0","0","","","0","False","False","False","CURRENT_AND_HISTORY_EVIDENCE_GAP","NO_1Y_PRODUCTION_FORECAST_UNTIL_EVIDENCE_AVAILABLE","SCENARIO_ONLY_UNLESS_FUTURE_DIRECT_VALIDATION","SCENARIO_ONLY_UNLESS_FUTURE_DIRECT_VALIDATION","False","False","False","False","False","False"
"SL-63246582180433","Drop: Artist Series: Rovina Cai - Rainbow Foil Edition — Foil Edition","545719","REGISTRY_READY","foil","rainbow_foil","drop","individual_drop","TCG_MARKET_PRICE_AUTHORIZED_V1","106.86","137.89","149.99","439.99","False","28","28","2024-05-01","2026-07-23","813","True","False","False","ESTABLISHED_1Y_TOURNAMENT_CANDIDATE","DIRECT_TEMPORAL_OOS_TOURNAMENT","SCENARIO_ONLY_UNLESS_FUTURE_DIRECT_VALIDATION","SCENARIO_ONLY_UNLESS_FUTURE_DIRECT_VALIDATION","False","False","False","False","False","False"
"SL-63F3882ECD7C27","Drop: All-Natural, Totally Refreshing Superdrop: All 4 U Bundle — Standard Edition","242354","REGISTRY_READY","unknown","unknown","bundle","bundle","NO_PRODUCTION_CURRENT_MARKET_PRICE","","","","","False","0","0","","","0","False","False","False","CURRENT_AND_HISTORY_EVIDENCE_GAP","NO_1Y_PRODUCTION_FORECAST_UNTIL_EVIDENCE_AVAILABLE","SCENARIO_ONLY_UNLESS_FUTURE_DIRECT_VALIDATION","SCENARIO_ONLY_UNLESS_FUTURE_DIRECT_VALIDATION","False","False","False","False","False","False"
"SL-641F10B993511F","Countdown Kit: An Encyclopedia of Magic — Standard Edition","660745","REGISTRY_READY","unknown","unknown","drop","kit","TCG_MARKET_PRICE_AUTHORIZED_V1","287.5","285","349.92","999","False","1","1","2026-07-23","2026-07-23","0","False","False","False","SHORT_HISTORY_TOURNAMENT_CANDIDATE","SHORT_HISTORY_METHOD_TOURNAMENT","SCENARIO_ONLY_UNLESS_FUTURE_DIRECT_VALIDATION","SCENARIO_ONLY_UNLESS_FUTURE_DIRECT_VALIDATION","False","False","False","False","False","False"
"SL-64570B00C96787","Drop: Secret Lair x Marvel's Wolverine - Non-Foil Edition — Nonfoil Edition","592074","REGISTRY_READY","nonfoil","nonfoil","drop","individual_drop","TCG_MARKET_PRICE_AUTHORIZED_V1","117.49","104.99","124.98","250","False","21","21","2024-12-01","2026-07-23","599","True","False","False","ESTABLISHED_1Y_TOURNAMENT_CANDIDATE","DIRECT_TEMPORAL_OOS_TOURNAMENT","SCENARIO_ONLY_UNLESS_FUTURE_DIRECT_VALIDATION","SCENARIO_ONLY_UNLESS_FUTURE_DIRECT_VALIDATION","False","False","False","False","False","False"
"SL-649995DEB9E53B","Drop: Featuring: Phoebe Wahl - Non-Foil Edition — Nonfoil Edition","545723","REGISTRY_READY","nonfoil","nonfoil","drop","individual_drop","TCG_MARKET_PRICE_AUTHORIZED_V1","60.35","60","73.48","99","False","28","28","2024-05-01","2026-07-23","813","True","False","False","ESTABLISHED_1Y_TOURNAMENT_CANDIDATE","DIRECT_TEMPORAL_OOS_TOURNAMENT","SCENARIO_ONLY_UNLESS_FUTURE_DIRECT_VALIDATION","SCENARIO_ONLY_UNLESS_FUTURE_DIRECT_VALIDATION","False","False","False","False","False","False"
"SL-64A5E2B73244AD","Drop: Secret Lair x Hatsune Miku: Digital Sensation JP - Rainbow Foil Edition — Foil Edition","556798","REGISTRY_READY","foil","rainbow_foil","drop","individual_drop","TCG_MARKET_PRICE_AUTHORIZED_V1","89.88","199.99","300","300.98","False","0","0","","","0","False","False","False","CURRENT_PRICE_ONLY_NEW_PRODUCT_CANDIDATE","NEW_PRODUCT_FALLBACK_METHOD_TOURNAMENT","SCENARIO_ONLY_UNLESS_FUTURE_DIRECT_VALIDATION","SCENARIO_ONLY_UNLESS_FUTURE_DIRECT_VALIDATION","False","False","False","False","False","False"
"SL-64DF5C443D393A","Drop: Showcase: March of the Machine Vol. 1 - Halo Foil Edition — Foil Edition","493799","REGISTRY_READY","foil","foil_unspecified","drop","individual_drop","TCG_MARKET_PRICE_AUTHORIZED_V1","89.83","119.89","189.5","489.99","False","1","1","2026-07-23","2026-07-23","0","False","False","False","SHORT_HISTORY_TOURNAMENT_CANDIDATE","SHORT_HISTORY_METHOD_TOURNAMENT","SCENARIO_ONLY_UNLESS_FUTURE_DIRECT_VALIDATION","SCENARIO_ONLY_UNLESS_FUTURE_DIRECT_VALIDATION","False","False","False","False","False","False"
"SL-653ECA949C539E","Drop: Secret Lair x Doctor Who: The Weeping Angels - Non-Foil Edition — Nonfoil Edition","518833","REGISTRY_READY","nonfoil","nonfoil","drop","individual_drop","TCG_MARKET_PRICE_AUTHORIZED_V1","62.86","70","70.98","99","False","31","31","2024-02-08","2026-07-23","896","True","False","False","ESTABLISHED_1Y_TOURNAMENT_CANDIDATE","DIRECT_TEMPORAL_OOS_TOURNAMENT","SCENARIO_ONLY_UNLESS_FUTURE_DIRECT_VALIDATION","SCENARIO_ONLY_UNLESS_FUTURE_DIRECT_VALIDATION","False","False","False","False","False","False"
"SL-65D2FBF09647F2","Drop: EVERYTHING IS ON FIRE - Non-Foil Edition — Nonfoil Edition","632020","REGISTRY_READY","nonfoil","nonfoil","drop","individual_drop","TCG_MARKET_PRICE_AUTHORIZED_V1","41.86","43.99","60","99.99","False","14","14","2025-07-01","2026-07-23","387","True","False","False","ESTABLISHED_1Y_TOURNAMENT_CANDIDATE","DIRECT_TEMPORAL_OOS_TOURNAMENT","SCENARIO_ONLY_UNLESS_FUTURE_DIRECT_VALIDATION","SCENARIO_ONLY_UNLESS_FUTURE_DIRECT_VALIDATION","False","False","False","False","False","False"
"SL-6640A3B637C825","Drop: Secret Lair x Fallout: Vault Boy - Non-Foil Edition — Nonfoil Edition","545709","REGISTRY_READY","nonfoil","nonfoil","drop","individual_drop","TCG_MARKET_PRICE_AUTHORIZED_V1","76.54","79.99","97.97","150","False","28","28","2024-05-01","2026-07-23","813","True","False","False","ESTABLISHED_1Y_TOURNAMENT_CANDIDATE","DIRECT_TEMPORAL_OOS_TOURNAMENT","SCENARIO_ONLY_UNLESS_FUTURE_DIRECT_VALIDATION","SCENARIO_ONLY_UNLESS_FUTURE_DIRECT_VALIDATION","False","False","False","False","False","False"
"SL-66650DD69BF4D5","Drop: Totally TubuLair Superdrop: Heroes in a Half Shell Non-Foil Bundle — Nonfoil Edition","680238","REGISTRY_READY","nonfoil","nonfoil","bundle","bundle","TCG_MARKET_PRICE_AUTHORIZED_V1","420.96","499.95","500","899.94","False","4","4","2026-05-01","2026-07-23","83","False","False","False","SHORT_HISTORY_TOURNAMENT_CANDIDATE","SHORT_HISTORY_METHOD_TOURNAMENT","SCENARIO_ONLY_UNLESS_FUTURE_DIRECT_VALIDATION","SCENARIO_ONLY_UNLESS_FUTURE_DIRECT_VALIDATION","False","False","False","False","False","False"
"SL-67CAEA24680CC1","Drop: Secret Lair x Jurassic World: Life Breaks Free - Non-Foil Edition — Nonfoil Edition","528392","REGISTRY_READY","nonfoil","nonfoil","drop","individual_drop","TCG_MARKET_PRICE_AUTHORIZED_V1","198.33","242.99","249.95","299","False","31","31","2024-02-08","2026-07-23","896","True","False","False","ESTABLISHED_1Y_TOURNAMENT_CANDIDATE","DIRECT_TEMPORAL_OOS_TOURNAMENT","SCENARIO_ONLY_UNLESS_FUTURE_DIRECT_VALIDATION","SCENARIO_ONLY_UNLESS_FUTURE_DIRECT_VALIDATION","False","False","False","False","False","False"
"SL-6826C5CCC691B8","Superdrop: Voracious Reader Bundle - Foil — Foil Edition","237616","REGISTRY_READY","foil","foil_unspecified","bundle","bundle","NO_PRODUCTION_CURRENT_MARKET_PRICE","","","","","False","0","0","","","0","False","False","False","CURRENT_AND_HISTORY_EVIDENCE_GAP","NO_1Y_PRODUCTION_FORECAST_UNTIL_EVIDENCE_AVAILABLE","SCENARIO_ONLY_UNLESS_FUTURE_DIRECT_VALIDATION","SCENARIO_ONLY_UNLESS_FUTURE_DIRECT_VALIDATION","False","False","False","False","False","False"
"SL-686E1BBEBCBFAA","Drop: Monstrous Magazines - Non-Foil Edition — Nonfoil Edition","584531","REGISTRY_READY","nonfoil","nonfoil","drop","individual_drop","TCG_MARKET_PRICE_AUTHORIZED_V1","36.06","34.99","48.94","77","False","22","22","2024-11-01","2026-07-23","629","True","False","False","ESTABLISHED_1Y_TOURNAMENT_CANDIDATE","DIRECT_TEMPORAL_OOS_TOURNAMENT","SCENARIO_ONLY_UNLESS_FUTURE_DIRECT_VALIDATION","SCENARIO_ONLY_UNLESS_FUTURE_DIRECT_VALIDATION","False","False","False","False","False","False"
"SL-690BF3733992EE","Drop: Special Guest: Jen Bartel - Traditional Foil Edition — Foil Edition","242343","REGISTRY_READY","foil","traditional_foil","drop","individual_drop","TCG_MARKET_PRICE_AUTHORIZED_V1","66.75","69.19","74.49","89.99","False","31","31","2024-02-08","2026-07-23","896","True","False","False","ESTABLISHED_1Y_TOURNAMENT_CANDIDATE","DIRECT_TEMPORAL_OOS_TOURNAMENT","SCENARIO_ONLY_UNLESS_FUTURE_DIRECT_VALIDATION","SCENARIO_ONLY_UNLESS_FUTURE_DIRECT_VALIDATION","False","False","False","False","False","False"
"SL-6913FBEDFDB80B","Drop: Dogs Are Better Than Cats - Non-Foil Edition — Nonfoil Edition","624506","REGISTRY_READY","nonfoil","nonfoil","drop","individual_drop","TCG_MARKET_PRICE_AUTHORIZED_V1","80.06","74.69","86.99","299","False","17","17","2025-04-01","2026-07-23","478","True","False","False","ESTABLISHED_1Y_TOURNAMENT_CANDIDATE","DIRECT_TEMPORAL_OOS_TOURNAMENT","SCENARIO_ONLY_UNLESS_FUTURE_DIRECT_VALIDATION","SCENARIO_ONLY_UNLESS_FUTURE_DIRECT_VALIDATION","False","False","False","False","False","False"
"SL-69852EB562DC18","Drop: EVERYTHING IS ON FIRE - Raised Foil Playset Bundle — Foil Edition","632029","REGISTRY_READY","foil","foil_unspecified","bundle","bundle","NO_PRODUCTION_CURRENT_MARKET_PRICE","","659.9","659.9","659.9","False","0","0","","","0","False","False","False","CURRENT_AND_HISTORY_EVIDENCE_GAP","NO_1Y_PRODUCTION_FORECAST_UNTIL_EVIDENCE_AVAILABLE","SCENARIO_ONLY_UNLESS_FUTURE_DIRECT_VALIDATION","SCENARIO_ONLY_UNLESS_FUTURE_DIRECT_VALIDATION","False","False","False","False","False","False"
"SL-698A08AB4D7C37","Drop: Artist Series: Mark Poole - Traditional Foil Edition — Foil Edition","242340","REGISTRY_READY","foil","traditional_foil","drop","individual_drop","TCG_MARKET_PRICE_AUTHORIZED_V1","44.25","49.3","68.09","99.33","False","31","31","2024-02-08","2026-07-23","896","True","False","False","ESTABLISHED_1Y_TOURNAMENT_CANDIDATE","DIRECT_TEMPORAL_OOS_TOURNAMENT","SCENARIO_ONLY_UNLESS_FUTURE_DIRECT_VALIDATION","SCENARIO_ONLY_UNLESS_FUTURE_DIRECT_VALIDATION","False","False","False","False","False","False"
"SL-69FAC4782CEAD8","Drop: Secret Lair x Marvel's Spider-Man: The Non-Foil Web-Slinger Bundle — Nonfoil Edition","655097","REGISTRY_READY","nonfoil","nonfoil","bundle","bundle","TCG_MARKET_PRICE_AUTHORIZED_V1","190.17","220","284.85","349.97","False","11","11","2025-10-01","2026-07-23","295","False","False","False","SHORT_HISTORY_TOURNAMENT_CANDIDATE","SHORT_HISTORY_METHOD_TOURNAMENT","SCENARIO_ONLY_UNLESS_FUTURE_DIRECT_VALIDATION","SCENARIO_ONLY_UNLESS_FUTURE_DIRECT_VALIDATION","False","False","False","False","False","False"
"SL-6A188AFCDB31E1","Drop: Secret Lair x Assassin's Creed: Lethal Legends - Rainbow Foil Edition — Foil Edition","556806","REGISTRY_READY","foil","rainbow_foil","drop","individual_drop","TCG_MARKET_PRICE_AUTHORIZED_V1","86.85","79","89.99","250","False","25","25","2024-08-01","2026-07-23","721","True","False","False","ESTABLISHED_1Y_TOURNAMENT_CANDIDATE","DIRECT_TEMPORAL_OOS_TOURNAMENT","SCENARIO_ONLY_UNLESS_FUTURE_DIRECT_VALIDATION","SCENARIO_ONLY_UNLESS_FUTURE_DIRECT_VALIDATION","False","False","False","False","False","False"
"SL-6A2D2E139F2254","Drop: Prismatic Nightmares - Non-Foil Edition — Nonfoil Edition","537686","REGISTRY_READY","nonfoil","nonfoil","drop","individual_drop","TCG_MARKET_PRICE_AUTHORIZED_V1","67.8","70","99","189.99","False","29","29","2024-04-01","2026-07-23","843","True","False","False","ESTABLISHED_1Y_TOURNAMENT_CANDIDATE","DIRECT_TEMPORAL_OOS_TOURNAMENT","SCENARIO_ONLY_UNLESS_FUTURE_DIRECT_VALIDATION","SCENARIO_ONLY_UNLESS_FUTURE_DIRECT_VALIDATION","False","False","False","False","False","False"
"SL-6A7B01B7E9573D","Drop: Kamigawa Ink - Non-Foil Edition — Nonfoil Edition","247338","REGISTRY_READY","nonfoil","nonfoil","drop","individual_drop","TCG_MARKET_PRICE_AUTHORIZED_V1","60.56","59.99","66.28","99","False","31","31","2024-02-08","2026-07-23","896","True","False","False","ESTABLISHED_1Y_TOURNAMENT_CANDIDATE","DIRECT_TEMPORAL_OOS_TOURNAMENT","SCENARIO_ONLY_UNLESS_FUTURE_DIRECT_VALIDATION","SCENARIO_ONLY_UNLESS_FUTURE_DIRECT_VALIDATION","False","False","False","False","False","False"
"SL-6AF6F8F8E4C984","Drop: Cool Ocean Breeze - Non-Foil Edition — Nonfoil Edition","493813","REGISTRY_READY","nonfoil","nonfoil","drop","individual_drop","TCG_MARKET_PRICE_AUTHORIZED_V1","131.97","195","229.99","249.97","False","31","31","2024-02-08","2026-07-23","896","True","False","False","ESTABLISHED_1Y_TOURNAMENT_CANDIDATE","DIRECT_TEMPORAL_OOS_TOURNAMENT","SCENARIO_ONLY_UNLESS_FUTURE_DIRECT_VALIDATION","SCENARIO_ONLY_UNLESS_FUTURE_DIRECT_VALIDATION","False","False","False","False","False","False"
"SL-6B03C6C7C5B91D","Drop: Secret Lair x Dungeons & Dragons: Astarion's Thirst - Rainbow Foil Edition — Foil Edition","565550","REGISTRY_READY","foil","rainbow_foil","drop","individual_drop","TCG_MARKET_PRICE_AUTHORIZED_V1","173.09","174.99","199","300","False","24","24","2024-09-01","2026-07-23","690","True","False","False","ESTABLISHED_1Y_TOURNAMENT_CANDIDATE","DIRECT_TEMPORAL_OOS_TOURNAMENT","SCENARIO_ONLY_UNLESS_FUTURE_DIRECT_VALIDATION","SCENARIO_ONLY_UNLESS_FUTURE_DIRECT_VALIDATION","False","False","False","False","False","False"
"SL-6B5DCD60BA5730","Drop: Death Is Temporary, Metal Is Forever - Traditional Foil Edition — Foil Edition","501836","REGISTRY_READY","foil","traditional_foil","drop","individual_drop","TCG_MARKET_PRICE_AUTHORIZED_V1","210.68","237","252.99","439.97","False","31","31","2024-02-08","2026-07-23","896","True","False","False","ESTABLISHED_1Y_TOURNAMENT_CANDIDATE","DIRECT_TEMPORAL_OOS_TOURNAMENT","SCENARIO_ONLY_UNLESS_FUTURE_DIRECT_VALIDATION","SCENARIO_ONLY_UNLESS_FUTURE_DIRECT_VALIDATION","False","False","False","False","False","False"
"SL-6B6C979A6E1B4E","Drop: Summer Superdrop 2025 - Artist Series: Phil Foglio (Non-Foil Edition) — Nonfoil Edition","637674","REGISTRY_READY","nonfoil","nonfoil","drop","individual_drop","TCG_MARKET_PRICE_AUTHORIZED_V1","39.94","39.94","47.95","99","False","14","14","2025-07-01","2026-07-23","387","True","False","False","ESTABLISHED_1Y_TOURNAMENT_CANDIDATE","DIRECT_TEMPORAL_OOS_TOURNAMENT","SCENARIO_ONLY_UNLESS_FUTURE_DIRECT_VALIDATION","SCENARIO_ONLY_UNLESS_FUTURE_DIRECT_VALIDATION","False","False","False","False","False","False"
"SL-6B7BB6F2DC6CCE","Drop: Artist Series: Chris Rahn - Non-Foil Edition — Nonfoil Edition","275801","REGISTRY_READY","nonfoil","nonfoil","drop","individual_drop","TCG_MARKET_PRICE_AUTHORIZED_V1","34.22","29.98","38.89","71.99","False","31","31","2024-02-08","2026-07-23","896","True","False","False","ESTABLISHED_1Y_TOURNAMENT_CANDIDATE","DIRECT_TEMPORAL_OOS_TOURNAMENT","SCENARIO_ONLY_UNLESS_FUTURE_DIRECT_VALIDATION","SCENARIO_ONLY_UNLESS_FUTURE_DIRECT_VALIDATION","False","False","False","False","False","False"
"SL-6C10833A178EED","Drop: Mirrodinsanity - Non-Foil Edition — Nonfoil Edition","251778","REGISTRY_READY","nonfoil","nonfoil","drop","individual_drop","TCG_MARKET_PRICE_AUTHORIZED_V1","82.95","88.95","90.48","99.99","False","31","31","2024-02-08","2026-07-23","896","True","False","False","ESTABLISHED_1Y_TOURNAMENT_CANDIDATE","DIRECT_TEMPORAL_OOS_TOURNAMENT","SCENARIO_ONLY_UNLESS_FUTURE_DIRECT_VALIDATION","SCENARIO_ONLY_UNLESS_FUTURE_DIRECT_VALIDATION","False","False","False","False","False","False"
"SL-6C1B3964A65485","Drop: Featuring: Julie Bell - Rainbow Foil Edition — Foil Edition","556828","REGISTRY_READY","foil","rainbow_foil","drop","individual_drop","TCG_MARKET_PRICE_AUTHORIZED_V1","47.76","50.66","63.95","99","False","24","24","2024-09-01","2026-07-23","690","True","False","False","ESTABLISHED_1Y_TOURNAMENT_CANDIDATE","DIRECT_TEMPORAL_OOS_TOURNAMENT","SCENARIO_ONLY_UNLESS_FUTURE_DIRECT_VALIDATION","SCENARIO_ONLY_UNLESS_FUTURE_DIRECT_VALIDATION","False","False","False","False","False","False"
"SL-6C256345194D9E","Drop: Two Scoops - Double Vanilla With Sprinkles Bundle — Standard Edition","693582","REGISTRY_READY","unknown","unknown","bundle","bundle","TCG_MARKET_PRICE_AUTHORIZED_V1","115","85.95","115","199.94","False","1","1","2026-07-23","2026-07-23","0","False","False","False","SHORT_HISTORY_TOURNAMENT_CANDIDATE","SHORT_HISTORY_METHOD_TOURNAMENT","SCENARIO_ONLY_UNLESS_FUTURE_DIRECT_VALIDATION","SCENARIO_ONLY_UNLESS_FUTURE_DIRECT_VALIDATION","False","False","False","False","False","False"
"SL-6CD9F3DF876B1F","Drop: Featuring: Jay Howell - Rainbow Foil Edition — Foil Edition","632013","REGISTRY_READY","foil","rainbow_foil","drop","individual_drop","TCG_MARKET_PRICE_AUTHORIZED_V1","60.31","69.99","80","149.99","False","14","14","2025-07-01","2026-07-23","387","True","False","False","ESTABLISHED_1Y_TOURNAMENT_CANDIDATE","DIRECT_TEMPORAL_OOS_TOURNAMENT","SCENARIO_ONLY_UNLESS_FUTURE_DIRECT_VALIDATION","SCENARIO_ONLY_UNLESS_FUTURE_DIRECT_VALIDATION","False","False","False","False","False","False"
"SL-6CE59E51DCC615","Drop: Secret Lair x Dungeons & Dragons: Lands of the Forgotten Realms - Traditional Foil Edition — Foil Edition","677413","REGISTRY_READY","foil","traditional_foil","drop","individual_drop","TCG_MARKET_PRICE_AUTHORIZED_V1","47.85","49.01","62","999","False","6","6","2026-03-01","2026-07-23","144","False","False","False","SHORT_HISTORY_TOURNAMENT_CANDIDATE","SHORT_HISTORY_METHOD_TOURNAMENT","SCENARIO_ONLY_UNLESS_FUTURE_DIRECT_VALIDATION","SCENARIO_ONLY_UNLESS_FUTURE_DIRECT_VALIDATION","False","False","False","False","False","False"
"SL-6D386CB092B8F1","Drop: Secret Lair x Marvel's Black Panther - Non-Foil Edition — Nonfoil Edition","592086","REGISTRY_READY","nonfoil","nonfoil","drop","individual_drop","TCG_MARKET_PRICE_AUTHORIZED_V1","48.5","39.33","57.38","120","False","21","21","2024-12-01","2026-07-23","599","True","False","False","ESTABLISHED_1Y_TOURNAMENT_CANDIDATE","DIRECT_TEMPORAL_OOS_TOURNAMENT","SCENARIO_ONLY_UNLESS_FUTURE_DIRECT_VALIDATION","SCENARIO_ONLY_UNLESS_FUTURE_DIRECT_VALIDATION","False","False","False","False","False","False"
"SL-6D6C79C2652BFD","Drop: Artist Series: Johannes Voss - Non-Foil Edition — Nonfoil Edition","247343","REGISTRY_READY","nonfoil","nonfoil","drop","individual_drop","TCG_MARKET_PRICE_AUTHORIZED_V1","44.15","42","46.99","89.99","False","31","31","2024-02-08","2026-07-23","896","True","False","False","ESTABLISHED_1Y_TOURNAMENT_CANDIDATE","DIRECT_TEMPORAL_OOS_TOURNAMENT","SCENARIO_ONLY_UNLESS_FUTURE_DIRECT_VALIDATION","SCENARIO_ONLY_UNLESS_FUTURE_DIRECT_VALIDATION","False","False","False","False","False","False"
"SL-6DA9DA55C5623B","Drop: Secret Lair x Marvel's Deadpool: I Fixed It (You're Welcome) - Traditional Foil Edition — Foil Edition","686666","REGISTRY_READY","foil","traditional_foil","drop","individual_drop","TCG_MARKET_PRICE_AUTHORIZED_V1","42.56","40.43","62.15","199.98","False","4","4","2026-05-01","2026-07-23","83","False","False","False","SHORT_HISTORY_TOURNAMENT_CANDIDATE","SHORT_HISTORY_METHOD_TOURNAMENT","SCENARIO_ONLY_UNLESS_FUTURE_DIRECT_VALIDATION","SCENARIO_ONLY_UNLESS_FUTURE_DIRECT_VALIDATION","False","False","False","False","False","False"
"SL-6DF016FCB60547","Drop: The Prophets Predicted Everything Bundle — Standard Edition","480439","REGISTRY_READY","unknown","unknown","bundle","bundle","NO_PRODUCTION_CURRENT_MARKET_PRICE","","","","","False","0","0","","","0","False","False","False","CURRENT_AND_HISTORY_EVIDENCE_GAP","NO_1Y_PRODUCTION_FORECAST_UNTIL_EVIDENCE_AVAILABLE","SCENARIO_ONLY_UNLESS_FUTURE_DIRECT_VALIDATION","SCENARIO_ONLY_UNLESS_FUTURE_DIRECT_VALIDATION","False","False","False","False","False","False"
"SL-6DFA783F3B9A37","Drop: Diabolical Dioramas - Rainbow Foil Edition — Foil Edition","545714","REGISTRY_READY","foil","rainbow_foil","drop","individual_drop","TCG_MARKET_PRICE_AUTHORIZED_V1","48.03","60","88","129.99","False","28","28","2024-05-01","2026-07-23","813","True","False","False","ESTABLISHED_1Y_TOURNAMENT_CANDIDATE","DIRECT_TEMPORAL_OOS_TOURNAMENT","SCENARIO_ONLY_UNLESS_FUTURE_DIRECT_VALIDATION","SCENARIO_ONLY_UNLESS_FUTURE_DIRECT_VALIDATION","False","False","False","False","False","False"
"SL-6E10E7A8BD8C2C","Drop: Secret Lair x Assassin's Creed: Da Vinci's Designs - Rainbow Foil Edition — Foil Edition","556804","REGISTRY_READY","foil","rainbow_foil","drop","individual_drop","TCG_MARKET_PRICE_AUTHORIZED_V1","92.54","81.98","99.97","150","False","26","26","2024-07-01","2026-07-23","752","True","False","False","ESTABLISHED_1Y_TOURNAMENT_CANDIDATE","DIRECT_TEMPORAL_OOS_TOURNAMENT","SCENARIO_ONLY_UNLESS_FUTURE_DIRECT_VALIDATION","SCENARIO_ONLY_UNLESS_FUTURE_DIRECT_VALIDATION","False","False","False","False","False","False"
"SL-6E398CB1F66169","Drop: Two Scoops - Double Vanilla Bundle — Standard Edition","693575","REGISTRY_READY","unknown","unknown","bundle","bundle","TCG_MARKET_PRICE_AUTHORIZED_V1","60","97.99","113.96","197.92","False","1","1","2026-07-23","2026-07-23","0","False","False","False","SHORT_HISTORY_TOURNAMENT_CANDIDATE","SHORT_HISTORY_METHOD_TOURNAMENT","SCENARIO_ONLY_UNLESS_FUTURE_DIRECT_VALIDATION","SCENARIO_ONLY_UNLESS_FUTURE_DIRECT_VALIDATION","False","False","False","False","False","False"
"SL-6E41C5BF4AA13D","x Avatar: The Last Airbender: Everything Changed - Non-Foil Edition — Nonfoil Edition","662586","REGISTRY_READY","nonfoil","nonfoil","drop","individual_drop","TCG_MARKET_PRICE_AUTHORIZED_V1","48.54","54.99","67.35","99","False","9","9","2025-12-01","2026-07-23","234","False","False","False","SHORT_HISTORY_TOURNAMENT_CANDIDATE","SHORT_HISTORY_METHOD_TOURNAMENT","SCENARIO_ONLY_UNLESS_FUTURE_DIRECT_VALIDATION","SCENARIO_ONLY_UNLESS_FUTURE_DIRECT_VALIDATION","False","False","False","False","False","False"
"SL-6E54B9A2BF9CBF","Drop: The Walking Dead - Traditional Foil Edition — Foil Edition","224141","REGISTRY_READY","foil","traditional_foil","drop","individual_drop","TCG_MARKET_PRICE_AUTHORIZED_V1","114.03","107","131.49","5000","False","31","31","2024-02-08","2026-07-23","896","True","False","False","ESTABLISHED_1Y_TOURNAMENT_CANDIDATE","DIRECT_TEMPORAL_OOS_TOURNAMENT","SCENARIO_ONLY_UNLESS_FUTURE_DIRECT_VALIDATION","SCENARIO_ONLY_UNLESS_FUTURE_DIRECT_VALIDATION","False","False","False","False","False","False"
"SL-6EB03A8FE440C8","Drop: Summer Superdrop 2024: Showstopper Bundle - Foil Edition — Foil Edition","556780","REGISTRY_READY","foil","foil_unspecified","bundle","bundle","NO_PRODUCTION_CURRENT_MARKET_PRICE","","499.99","624.49","748.98","False","6","6","2024-12-01","2025-05-01","151","False","False","False","SHORT_HISTORY_TOURNAMENT_CANDIDATE","SHORT_HISTORY_METHOD_TOURNAMENT","SCENARIO_ONLY_UNLESS_FUTURE_DIRECT_VALIDATION","SCENARIO_ONLY_UNLESS_FUTURE_DIRECT_VALIDATION","False","False","False","False","False","False"
"SL-6EC27A54060DFF","Drop: Secret Lair x Fallout: Rad - Traditional Foil Edition — Foil Edition","673785","REGISTRY_READY","foil","traditional_foil","drop","individual_drop","TCG_MARKET_PRICE_AUTHORIZED_V1","52.24","48.35","67.59","300","False","6","6","2026-03-01","2026-07-23","144","False","False","False","SHORT_HISTORY_TOURNAMENT_CANDIDATE","SHORT_HISTORY_METHOD_TOURNAMENT","SCENARIO_ONLY_UNLESS_FUTURE_DIRECT_VALIDATION","SCENARIO_ONLY_UNLESS_FUTURE_DIRECT_VALIDATION","False","False","False","False","False","False"
"SL-6F5DC80C66F4E7","Drop: Showcase: Kaldheim - Part 2 - Non-Foil Edition — Nonfoil Edition","232604","REGISTRY_READY","nonfoil","nonfoil","drop","individual_drop","TCG_MARKET_PRICE_AUTHORIZED_V1","33.14","23.83","41.49","88.88","False","31","31","2024-02-08","2026-07-23","896","True","False","False","ESTABLISHED_1Y_TOURNAMENT_CANDIDATE","DIRECT_TEMPORAL_OOS_TOURNAMENT","SCENARIO_ONLY_UNLESS_FUTURE_DIRECT_VALIDATION","SCENARIO_ONLY_UNLESS_FUTURE_DIRECT_VALIDATION","False","False","False","False","False","False"
"SL-6F9B1732BC4226","Drop: KEXP: You Are Not Alone - Non-Foil Edition — Nonfoil Edition","632010","REGISTRY_READY","nonfoil","nonfoil","drop","individual_drop","TCG_MARKET_PRICE_AUTHORIZED_V1","43.66","42.99","57.48","99.99","False","15","15","2025-06-01","2026-07-23","417","True","False","False","ESTABLISHED_1Y_TOURNAMENT_CANDIDATE","DIRECT_TEMPORAL_OOS_TOURNAMENT","SCENARIO_ONLY_UNLESS_FUTURE_DIRECT_VALIDATION","SCENARIO_ONLY_UNLESS_FUTURE_DIRECT_VALIDATION","False","False","False","False","False","False"
"SL-701AF6693C838C","Festival in a Box Bundle — Standard Edition","282287","REGISTRY_READY","unknown","unknown","festival in a box","festival_in_a_box","NO_PRODUCTION_CURRENT_MARKET_PRICE","","","","","False","0","0","","","0","False","False","False","CURRENT_AND_HISTORY_EVIDENCE_GAP","NO_1Y_PRODUCTION_FORECAST_UNTIL_EVIDENCE_AVAILABLE","SCENARIO_ONLY_UNLESS_FUTURE_DIRECT_VALIDATION","SCENARIO_ONLY_UNLESS_FUTURE_DIRECT_VALIDATION","False","False","False","False","False","False"
"SL-70307120926003","Drop: Artist Series: Wayne Reynolds - Traditional Foil Edition — Foil Edition","273810","REGISTRY_READY","foil","traditional_foil","drop","individual_drop","TCG_MARKET_PRICE_AUTHORIZED_V1","40.15","37.99","60","100","False","31","31","2024-02-08","2026-07-23","896","True","False","False","ESTABLISHED_1Y_TOURNAMENT_CANDIDATE","DIRECT_TEMPORAL_OOS_TOURNAMENT","SCENARIO_ONLY_UNLESS_FUTURE_DIRECT_VALIDATION","SCENARIO_ONLY_UNLESS_FUTURE_DIRECT_VALIDATION","False","False","False","False","False","False"
"SL-711EEDF03C34FB","Drop: Secret Lair x Dungeons & Dragons: Honor Among Thieves - Non-Foil Edition — Nonfoil Edition","490199","REGISTRY_READY","nonfoil","nonfoil","drop","individual_drop","TCG_MARKET_PRICE_AUTHORIZED_V1","99.69","108.19","154.13","300","False","31","31","2024-02-08","2026-07-23","896","True","False","False","ESTABLISHED_1Y_TOURNAMENT_CANDIDATE","DIRECT_TEMPORAL_OOS_TOURNAMENT","SCENARIO_ONLY_UNLESS_FUTURE_DIRECT_VALIDATION","SCENARIO_ONLY_UNLESS_FUTURE_DIRECT_VALIDATION","False","False","False","False","False","False"
"SL-7184A0B63B1E9E","Drop: Cats Are Better Than Dogs - Non-Foil Edition — Nonfoil Edition","624519","REGISTRY_READY","nonfoil","nonfoil","drop","individual_drop","TCG_MARKET_PRICE_AUTHORIZED_V1","116.14","161.73","166.86","299","False","17","17","2025-04-01","2026-07-23","478","True","False","False","ESTABLISHED_1Y_TOURNAMENT_CANDIDATE","DIRECT_TEMPORAL_OOS_TOURNAMENT","SCENARIO_ONLY_UNLESS_FUTURE_DIRECT_VALIDATION","SCENARIO_ONLY_UNLESS_FUTURE_DIRECT_VALIDATION","False","False","False","False","False","False"
"SL-72472EFE8746C4","Drop: Extra Life 2020 - Traditional Foil Edition — Foil Edition","227658","REGISTRY_READY","foil","traditional_foil","drop","individual_drop","TCG_MARKET_PRICE_AUTHORIZED_V1","117.41","112.71","134.99","182.99","False","31","31","2024-02-08","2026-07-23","896","True","False","False","ESTABLISHED_1Y_TOURNAMENT_CANDIDATE","DIRECT_TEMPORAL_OOS_TOURNAMENT","SCENARIO_ONLY_UNLESS_FUTURE_DIRECT_VALIDATION","SCENARIO_ONLY_UNLESS_FUTURE_DIRECT_VALIDATION","False","False","False","False","False","False"
"SL-729124208E824A","Drop: The Ultimate Pencil - Almost Everything Bundle — Standard Edition","632044","REGISTRY_READY","unknown","unknown","bundle","bundle","NO_PRODUCTION_CURRENT_MARKET_PRICE","","595.95","672.95","749.94","False","0","0","","","0","False","False","False","CURRENT_AND_HISTORY_EVIDENCE_GAP","NO_1Y_PRODUCTION_FORECAST_UNTIL_EVIDENCE_AVAILABLE","SCENARIO_ONLY_UNLESS_FUTURE_DIRECT_VALIDATION","SCENARIO_ONLY_UNLESS_FUTURE_DIRECT_VALIDATION","False","False","False","False","False","False"
"SL-72B79910F6BD16","Drop: Summer Superdrop 2025 - The Summer Superdrop Bundle (Non-Foil Edition) — Nonfoil Edition","637679","REGISTRY_READY","nonfoil","nonfoil","bundle","bundle","NO_PRODUCTION_CURRENT_MARKET_PRICE","","649.99","649.99","649.99","False","0","0","","","0","False","False","False","CURRENT_AND_HISTORY_EVIDENCE_GAP","NO_1Y_PRODUCTION_FORECAST_UNTIL_EVIDENCE_AVAILABLE","SCENARIO_ONLY_UNLESS_FUTURE_DIRECT_VALIDATION","SCENARIO_ONLY_UNLESS_FUTURE_DIRECT_VALIDATION","False","False","False","False","False","False"
"SL-72C3D4333AE81B","Astrology Lands (Taurus) Bundle - Non-Foil Edition — Nonfoil Edition","279322","REGISTRY_READY","nonfoil","nonfoil","bundle","bundle","NO_PRODUCTION_CURRENT_MARKET_PRICE","","","","","False","0","0","","","0","False","False","False","CURRENT_AND_HISTORY_EVIDENCE_GAP","NO_1Y_PRODUCTION_FORECAST_UNTIL_EVIDENCE_AVAILABLE","SCENARIO_ONLY_UNLESS_FUTURE_DIRECT_VALIDATION","SCENARIO_ONLY_UNLESS_FUTURE_DIRECT_VALIDATION","False","False","False","False","False","False"
"SL-72C515905E7352","Drop: Secret Lair x Marvel's Black Panther - Rainbow Foil Edition — Foil Edition","592081","REGISTRY_READY","foil","rainbow_foil","drop","individual_drop","TCG_MARKET_PRICE_AUTHORIZED_V1","50.21","35","60","300","False","21","21","2024-12-01","2026-07-23","599","True","False","False","ESTABLISHED_1Y_TOURNAMENT_CANDIDATE","DIRECT_TEMPORAL_OOS_TOURNAMENT","SCENARIO_ONLY_UNLESS_FUTURE_DIRECT_VALIDATION","SCENARIO_ONLY_UNLESS_FUTURE_DIRECT_VALIDATION","False","False","False","False","False","False"
"SL-7321B93310E560","x Avatar: The Last Airbender: One with the Elements - Non-Foil Edition — Nonfoil Edition","662596","REGISTRY_READY","nonfoil","nonfoil","drop","individual_drop","TCG_MARKET_PRICE_AUTHORIZED_V1","40.27","42.99","55.9","250","False","9","9","2025-12-01","2026-07-23","234","False","False","False","SHORT_HISTORY_TOURNAMENT_CANDIDATE","SHORT_HISTORY_METHOD_TOURNAMENT","SCENARIO_ONLY_UNLESS_FUTURE_DIRECT_VALIDATION","SCENARIO_ONLY_UNLESS_FUTURE_DIRECT_VALIDATION","False","False","False","False","False","False"
"SL-732A9E59B24774","Drop: Valentine's Day 2021 - Replacement Heliod Pack - Traditional Foil Edition — Foil Edition","244978","REGISTRY_READY","foil","traditional_foil","drop","individual_drop","TCG_MARKET_PRICE_AUTHORIZED_V1","30.58","26","32.72","40.25","False","31","31","2024-02-08","2026-07-23","896","True","False","False","ESTABLISHED_1Y_TOURNAMENT_CANDIDATE","DIRECT_TEMPORAL_OOS_TOURNAMENT","SCENARIO_ONLY_UNLESS_FUTURE_DIRECT_VALIDATION","SCENARIO_ONLY_UNLESS_FUTURE_DIRECT_VALIDATION","False","False","False","False","False","False"
"SL-73CD6FD155407F","Drop: Secretversary Superdrop - Foils Forever Bundle — Foil Edition","228710","REGISTRY_READY","foil","foil_unspecified","bundle","bundle","NO_PRODUCTION_CURRENT_MARKET_PRICE","","","","","False","0","0","","","0","False","False","False","CURRENT_AND_HISTORY_EVIDENCE_GAP","NO_1Y_PRODUCTION_FORECAST_UNTIL_EVIDENCE_AVAILABLE","SCENARIO_ONLY_UNLESS_FUTURE_DIRECT_VALIDATION","SCENARIO_ONLY_UNLESS_FUTURE_DIRECT_VALIDATION","False","False","False","False","False","False"
"SL-73D3B01E989878","Astrology Lands (Aries) Bundle - Traditional Foil Edition — Foil Edition","279318","REGISTRY_READY","foil","traditional_foil","bundle","bundle","NO_PRODUCTION_CURRENT_MARKET_PRICE","","","","","False","0","0","","","0","False","False","False","CURRENT_AND_HISTORY_EVIDENCE_GAP","NO_1Y_PRODUCTION_FORECAST_UNTIL_EVIDENCE_AVAILABLE","SCENARIO_ONLY_UNLESS_FUTURE_DIRECT_VALIDATION","SCENARIO_ONLY_UNLESS_FUTURE_DIRECT_VALIDATION","False","False","False","False","False","False"
"SL-73D93121EB1CDB","Drop: Secret Lair x Ghostbusters: The Real Ghostbusters - Non-Foil Edition — Nonfoil Edition","584525","REGISTRY_READY","nonfoil","nonfoil","drop","individual_drop","TCG_MARKET_PRICE_AUTHORIZED_V1","34.52","34.52","38.99","119.99","False","22","22","2024-11-01","2026-07-23","629","True","False","False","ESTABLISHED_1Y_TOURNAMENT_CANDIDATE","DIRECT_TEMPORAL_OOS_TOURNAMENT","SCENARIO_ONLY_UNLESS_FUTURE_DIRECT_VALIDATION","SCENARIO_ONLY_UNLESS_FUTURE_DIRECT_VALIDATION","False","False","False","False","False","False"
"SL-74035B29B5EAA4","Drop: Artist Series: Thomas Baxa - Non-Foil Edition — Nonfoil Edition","247345","REGISTRY_READY","nonfoil","nonfoil","drop","individual_drop","TCG_MARKET_PRICE_AUTHORIZED_V1","32.78","31.94","54.99","77","False","31","31","2024-02-08","2026-07-23","896","True","False","False","ESTABLISHED_1Y_TOURNAMENT_CANDIDATE","DIRECT_TEMPORAL_OOS_TOURNAMENT","SCENARIO_ONLY_UNLESS_FUTURE_DIRECT_VALIDATION","SCENARIO_ONLY_UNLESS_FUTURE_DIRECT_VALIDATION","False","False","False","False","False","False"
"SL-74104655C7BE3C","Drop: Dan Frazier is Back: The Enemy Signets - Non-Foil Edition — Nonfoil Edition","242352","REGISTRY_READY","nonfoil","nonfoil","drop","individual_drop","TCG_MARKET_PRICE_AUTHORIZED_V1","70.7","64.99","73.5","99.95","False","31","31","2024-02-08","2026-07-23","896","True","False","False","ESTABLISHED_1Y_TOURNAMENT_CANDIDATE","DIRECT_TEMPORAL_OOS_TOURNAMENT","SCENARIO_ONLY_UNLESS_FUTURE_DIRECT_VALIDATION","SCENARIO_ONLY_UNLESS_FUTURE_DIRECT_VALIDATION","False","False","False","False","False","False"
"SL-7417373ADFE528","x Warhammer Bundle — Standard Edition","450513","REGISTRY_READY","unknown","unknown","bundle","bundle","NO_PRODUCTION_CURRENT_MARKET_PRICE","","","","","False","0","0","","","0","False","False","False","CURRENT_AND_HISTORY_EVIDENCE_GAP","NO_1Y_PRODUCTION_FORECAST_UNTIL_EVIDENCE_AVAILABLE","SCENARIO_ONLY_UNLESS_FUTURE_DIRECT_VALIDATION","SCENARIO_ONLY_UNLESS_FUTURE_DIRECT_VALIDATION","False","False","False","False","False","False"
"SL-747C45FB80DFBE","x Iron Maiden: Eddie Unchained - Rainbow Foil Edition — Foil Edition","656350","REGISTRY_READY","foil","rainbow_foil","drop","individual_drop","TCG_MARKET_PRICE_AUTHORIZED_V1","191.63","190.43","247.72","1599.69","False","10","10","2025-11-01","2026-07-23","264","False","False","False","SHORT_HISTORY_TOURNAMENT_CANDIDATE","SHORT_HISTORY_METHOD_TOURNAMENT","SCENARIO_ONLY_UNLESS_FUTURE_DIRECT_VALIDATION","SCENARIO_ONLY_UNLESS_FUTURE_DIRECT_VALIDATION","False","False","False","False","False","False"
"SL-750655931E6F97","Drop: Secret Lair x Dungeons & Dragons: Honor Among Thieves - Traditional Foil Edition — Foil Edition","490200","REGISTRY_READY","foil","traditional_foil","drop","individual_drop","TCG_MARKET_PRICE_AUTHORIZED_V1","126.44","126.44","156.48","256","False","31","31","2024-02-08","2026-07-23","896","True","False","False","ESTABLISHED_1Y_TOURNAMENT_CANDIDATE","DIRECT_TEMPORAL_OOS_TOURNAMENT","SCENARIO_ONLY_UNLESS_FUTURE_DIRECT_VALIDATION","SCENARIO_ONLY_UNLESS_FUTURE_DIRECT_VALIDATION","False","False","False","False","False","False"
"SL-75579AD5DE6CB9","Drop: Astrology Lands (Gemini) - Non-Foil Edition — Nonfoil Edition","279224","REGISTRY_READY","nonfoil","nonfoil","drop","individual_drop","NO_PRODUCTION_CURRENT_MARKET_PRICE","","48.81","95.73","142.64","False","5","5","2024-05-01","2024-09-01","123","False","False","False","SHORT_HISTORY_TOURNAMENT_CANDIDATE","SHORT_HISTORY_METHOD_TOURNAMENT","SCENARIO_ONLY_UNLESS_FUTURE_DIRECT_VALIDATION","SCENARIO_ONLY_UNLESS_FUTURE_DIRECT_VALIDATION","False","False","False","False","False","False"
"SL-75A147DF7061C1","Drop: Rule the Room - Non-Foil Edition — Nonfoil Edition","275819","REGISTRY_READY","nonfoil","nonfoil","drop","individual_drop","TCG_MARKET_PRICE_AUTHORIZED_V1","32.71","30","34.01","71.99","False","31","31","2024-02-08","2026-07-23","896","True","False","False","ESTABLISHED_1Y_TOURNAMENT_CANDIDATE","DIRECT_TEMPORAL_OOS_TOURNAMENT","SCENARIO_ONLY_UNLESS_FUTURE_DIRECT_VALIDATION","SCENARIO_ONLY_UNLESS_FUTURE_DIRECT_VALIDATION","False","False","False","False","False","False"
"SL-75C9DE65D2674C","Drop: Keep Partying Hard, Shred Harder Than You Previously Thought Possible - Traditional Foil Edition — Foil Edition","515007","REGISTRY_READY","foil","traditional_foil","drop","individual_drop","TCG_MARKET_PRICE_AUTHORIZED_V1","95.53","128.11","155.94","289.66","False","31","31","2024-02-08","2026-07-23","896","True","False","False","ESTABLISHED_1Y_TOURNAMENT_CANDIDATE","DIRECT_TEMPORAL_OOS_TOURNAMENT","SCENARIO_ONLY_UNLESS_FUTURE_DIRECT_VALIDATION","SCENARIO_ONLY_UNLESS_FUTURE_DIRECT_VALIDATION","False","False","False","False","False","False"
"SL-75D2EFF8DB9AA4","Drop: The Ultimate Pencil - Rainbow Foil Bundle — Foil Edition","632042","REGISTRY_READY","foil","rainbow_foil","bundle","bundle","NO_PRODUCTION_CURRENT_MARKET_PRICE","","449.94","449.94","449.94","False","0","0","","","0","False","False","False","CURRENT_AND_HISTORY_EVIDENCE_GAP","NO_1Y_PRODUCTION_FORECAST_UNTIL_EVIDENCE_AVAILABLE","SCENARIO_ONLY_UNLESS_FUTURE_DIRECT_VALIDATION","SCENARIO_ONLY_UNLESS_FUTURE_DIRECT_VALIDATION","False","False","False","False","False","False"
"SL-75EB6270819FE3","Drop: Finally! Left-Handed Magic Cards - Non-Foil Edition — Nonfoil Edition","273602","REGISTRY_READY","nonfoil","nonfoil","drop","individual_drop","TCG_MARKET_PRICE_AUTHORIZED_V1","42.79","47.99","62.49","71.94","False","31","31","2024-02-08","2026-07-23","896","True","False","False","ESTABLISHED_1Y_TOURNAMENT_CANDIDATE","DIRECT_TEMPORAL_OOS_TOURNAMENT","SCENARIO_ONLY_UNLESS_FUTURE_DIRECT_VALIDATION","SCENARIO_ONLY_UNLESS_FUTURE_DIRECT_VALIDATION","False","False","False","False","False","False"
"SL-75EE0DBCE87D59","x FINAL FANTASY: Gilded Lotus - Rainbow Foil Edition (Japanese) — Foil Edition","643964","REGISTRY_READY","foil","rainbow_foil","drop","individual_drop","TCG_MARKET_PRICE_AUTHORIZED_V1","48.24","32.14","45","99","False","0","0","","","0","False","False","False","CURRENT_PRICE_ONLY_NEW_PRODUCT_CANDIDATE","NEW_PRODUCT_FALLBACK_METHOD_TOURNAMENT","SCENARIO_ONLY_UNLESS_FUTURE_DIRECT_VALIDATION","SCENARIO_ONLY_UNLESS_FUTURE_DIRECT_VALIDATION","False","False","False","False","False","False"
"SL-761D477012E693","Drop: Cats of Chaos - Non-Foil Edition — Nonfoil Edition","700795","REGISTRY_READY","nonfoil","nonfoil","drop","individual_drop","TCG_MARKET_PRICE_AUTHORIZED_V1","50.77","50","64","200","False","2","2","2026-07-01","2026-07-23","22","False","False","False","SHORT_HISTORY_TOURNAMENT_CANDIDATE","SHORT_HISTORY_METHOD_TOURNAMENT","SCENARIO_ONLY_UNLESS_FUTURE_DIRECT_VALIDATION","SCENARIO_ONLY_UNLESS_FUTURE_DIRECT_VALIDATION","False","False","False","False","False","False"
"SL-769EDCF494E5DB","Drop: Astrology Lands (Gemini) - Traditional Foil Edition — Foil Edition","279226","REGISTRY_READY","foil","traditional_foil","drop","individual_drop","NO_PRODUCTION_CURRENT_MARKET_PRICE","","60","65.97","71.94","False","13","13","2024-02-08","2026-07-01","874","True","False","False","ESTABLISHED_1Y_TOURNAMENT_CANDIDATE","DIRECT_TEMPORAL_OOS_TOURNAMENT","SCENARIO_ONLY_UNLESS_FUTURE_DIRECT_VALIDATION","SCENARIO_ONLY_UNLESS_FUTURE_DIRECT_VALIDATION","False","False","False","False","False","False"
"SL-76D63CDFA651CA","Drop: Secretversary Superdrop 2023: Holiday Gift Bag Bundle - Foil Edition — Foil Edition","528411","REGISTRY_READY","foil","foil_unspecified","bundle","bundle","NO_PRODUCTION_CURRENT_MARKET_PRICE","","","","","False","0","0","","","0","False","False","False","CURRENT_AND_HISTORY_EVIDENCE_GAP","NO_1Y_PRODUCTION_FORECAST_UNTIL_EVIDENCE_AVAILABLE","SCENARIO_ONLY_UNLESS_FUTURE_DIRECT_VALIDATION","SCENARIO_ONLY_UNLESS_FUTURE_DIRECT_VALIDATION","False","False","False","False","False","False"
"SL-76D8B5BE432384","Drop: Burn ‘Em All Bundle - Non-Foil Edition — Nonfoil Edition","646781","REGISTRY_READY","nonfoil","nonfoil","bundle","bundle","TCG_MARKET_PRICE_AUTHORIZED_V1","174.98","179.94","179.94","179.94","False","3","3","2026-06-01","2026-07-23","52","False","False","False","SHORT_HISTORY_TOURNAMENT_CANDIDATE","SHORT_HISTORY_METHOD_TOURNAMENT","SCENARIO_ONLY_UNLESS_FUTURE_DIRECT_VALIDATION","SCENARIO_ONLY_UNLESS_FUTURE_DIRECT_VALIDATION","False","False","False","False","False","False"
"SL-76EE3574620B68","Drop: Inside an Elevator Superdrop: Brain Dead Bundle - Non-Foil Edition — Nonfoil Edition","561540","REGISTRY_READY","nonfoil","nonfoil","bundle","bundle","NO_PRODUCTION_CURRENT_MARKET_PRICE","","310","310","449.94","False","17","17","2024-10-01","2026-03-01","516","True","False","False","ESTABLISHED_1Y_TOURNAMENT_CANDIDATE","DIRECT_TEMPORAL_OOS_TOURNAMENT","SCENARIO_ONLY_UNLESS_FUTURE_DIRECT_VALIDATION","SCENARIO_ONLY_UNLESS_FUTURE_DIRECT_VALIDATION","False","False","False","False","False","False"
"SL-7704D13F4E7F46","Commander Deck: 20 Ways to Win — Standard Edition","599975","REGISTRY_READY","unknown","unknown","commander deck","deck","TCG_MARKET_PRICE_AUTHORIZED_V1","284.6","289.8","326.99","599.99","False","1","1","2026-07-23","2026-07-23","0","False","False","False","SHORT_HISTORY_TOURNAMENT_CANDIDATE","SHORT_HISTORY_METHOD_TOURNAMENT","SCENARIO_ONLY_UNLESS_FUTURE_DIRECT_VALIDATION","SCENARIO_ONLY_UNLESS_FUTURE_DIRECT_VALIDATION","False","False","False","False","False","False"
"SL-7716CAD08A2C84","x NALAC Drop: Nuestra Magia — Nonfoil Edition","636315","REGISTRY_READY","nonfoil","nonfoil","drop","individual_drop","TCG_MARKET_PRICE_AUTHORIZED_V1","67.63","67","77.48","100","False","1","1","2026-07-23","2026-07-23","0","False","False","False","SHORT_HISTORY_TOURNAMENT_CANDIDATE","SHORT_HISTORY_METHOD_TOURNAMENT","SCENARIO_ONLY_UNLESS_FUTURE_DIRECT_VALIDATION","SCENARIO_ONLY_UNLESS_FUTURE_DIRECT_VALIDATION","False","False","False","False","False","False"
"SL-771BBE0ADFF762","Drop: Camp Totally Safe Superdrop: Night Swim Bundle - Non-Foil Edition — Nonfoil Edition","584519","REGISTRY_READY","nonfoil","nonfoil","bundle","bundle","NO_PRODUCTION_CURRENT_MARKET_PRICE","","199.94","199.94","199.94","False","0","0","","","0","False","False","False","CURRENT_AND_HISTORY_EVIDENCE_GAP","NO_1Y_PRODUCTION_FORECAST_UNTIL_EVIDENCE_AVAILABLE","SCENARIO_ONLY_UNLESS_FUTURE_DIRECT_VALIDATION","SCENARIO_ONLY_UNLESS_FUTURE_DIRECT_VALIDATION","False","False","False","False","False","False"
"SL-774E94D5987351","Drop: Trick or Treat - Non-Foil Edition — Nonfoil Edition","656351","REGISTRY_READY","nonfoil","nonfoil","drop","individual_drop","TCG_MARKET_PRICE_AUTHORIZED_V1","37.13","59.99","70.85","250","False","10","10","2025-11-01","2026-07-23","264","False","False","False","SHORT_HISTORY_TOURNAMENT_CANDIDATE","SHORT_HISTORY_METHOD_TOURNAMENT","SCENARIO_ONLY_UNLESS_FUTURE_DIRECT_VALIDATION","SCENARIO_ONLY_UNLESS_FUTURE_DIRECT_VALIDATION","False","False","False","False","False","False"
"SL-77B45F83FF98D9","Drop: The Eyes Have It - Non-Foil Edition — Nonfoil Edition","691190","REGISTRY_READY","nonfoil","nonfoil","drop","individual_drop","TCG_MARKET_PRICE_AUTHORIZED_V1","39.22","38","50","99.99","False","1","1","2026-07-23","2026-07-23","0","False","False","False","SHORT_HISTORY_TOURNAMENT_CANDIDATE","SHORT_HISTORY_METHOD_TOURNAMENT","SCENARIO_ONLY_UNLESS_FUTURE_DIRECT_VALIDATION","SCENARIO_ONLY_UNLESS_FUTURE_DIRECT_VALIDATION","False","False","False","False","False","False"
"SL-789447B652E3B8","Drop: More Adventures in Middle-earth - Traditional Foil Edition — Foil Edition","501834","REGISTRY_READY","foil","traditional_foil","drop","individual_drop","TCG_MARKET_PRICE_AUTHORIZED_V1","76.8","131.95","140.97","149.99","False","31","31","2024-02-08","2026-07-23","896","True","False","False","ESTABLISHED_1Y_TOURNAMENT_CANDIDATE","DIRECT_TEMPORAL_OOS_TOURNAMENT","SCENARIO_ONLY_UNLESS_FUTURE_DIRECT_VALIDATION","SCENARIO_ONLY_UNLESS_FUTURE_DIRECT_VALIDATION","False","False","False","False","False","False"
"SL-78C40B1B9F39C2","Drop: Two Scoops - The Vanilla Sampler Bundle — Standard Edition","693578","REGISTRY_READY","unknown","unknown","bundle","bundle","NO_PRODUCTION_CURRENT_MARKET_PRICE","","99","164.32","194","False","0","0","","","0","False","False","False","CURRENT_AND_HISTORY_EVIDENCE_GAP","NO_1Y_PRODUCTION_FORECAST_UNTIL_EVIDENCE_AVAILABLE","SCENARIO_ONLY_UNLESS_FUTURE_DIRECT_VALIDATION","SCENARIO_ONLY_UNLESS_FUTURE_DIRECT_VALIDATION","False","False","False","False","False","False"
"SL-79548A8DEA0CA9","Drop: Secret Lair x Hatsune Miku: Electric Entourage JP - Non-Foil Edition — Nonfoil Edition","584523","REGISTRY_READY","nonfoil","nonfoil","drop","individual_drop","TCG_MARKET_PRICE_AUTHORIZED_V1","35.57","45","60","115","False","0","0","","","0","False","False","False","CURRENT_PRICE_ONLY_NEW_PRODUCT_CANDIDATE","NEW_PRODUCT_FALLBACK_METHOD_TOURNAMENT","SCENARIO_ONLY_UNLESS_FUTURE_DIRECT_VALIDATION","SCENARIO_ONLY_UNLESS_FUTURE_DIRECT_VALIDATION","False","False","False","False","False","False"
"SL-7993B0A0677511","Drop: Featuring: Jay Howell - Non-Foil Edition — Nonfoil Edition","632014","REGISTRY_READY","nonfoil","nonfoil","drop","individual_drop","TCG_MARKET_PRICE_AUTHORIZED_V1","46.99","43.96","64.94","141.25","False","14","14","2025-07-01","2026-07-23","387","True","False","False","ESTABLISHED_1Y_TOURNAMENT_CANDIDATE","DIRECT_TEMPORAL_OOS_TOURNAMENT","SCENARIO_ONLY_UNLESS_FUTURE_DIRECT_VALIDATION","SCENARIO_ONLY_UNLESS_FUTURE_DIRECT_VALIDATION","False","False","False","False","False","False"
"SL-7A106AED6BFADC","Drop: Artist Series: Victor Adame Minguez - Non-Foil Edition — Nonfoil Edition","283275","REGISTRY_READY","nonfoil","nonfoil","drop","individual_drop","TCG_MARKET_PRICE_AUTHORIZED_V1","38.98","26.64","37.2","71.94","False","31","31","2024-02-08","2026-07-23","896","True","False","False","ESTABLISHED_1Y_TOURNAMENT_CANDIDATE","DIRECT_TEMPORAL_OOS_TOURNAMENT","SCENARIO_ONLY_UNLESS_FUTURE_DIRECT_VALIDATION","SCENARIO_ONLY_UNLESS_FUTURE_DIRECT_VALIDATION","False","False","False","False","False","False"
"SL-7A15A1811F841D","Drop: Summer Superdrop - Mountain, Go - Traditional Foil Edition — Foil Edition","214910","REGISTRY_READY","foil","traditional_foil","drop","individual_drop","TCG_MARKET_PRICE_AUTHORIZED_V1","29.15","26.5","39.96","399.01","False","31","31","2024-02-08","2026-07-23","896","True","False","False","ESTABLISHED_1Y_TOURNAMENT_CANDIDATE","DIRECT_TEMPORAL_OOS_TOURNAMENT","SCENARIO_ONLY_UNLESS_FUTURE_DIRECT_VALIDATION","SCENARIO_ONLY_UNLESS_FUTURE_DIRECT_VALIDATION","False","False","False","False","False","False"
"SL-7A1A1484F233C2","x Fallout: Rad Superdrop: The Atomic-Grade Foil Bundle — Foil Edition","674836","REGISTRY_READY","foil","foil_unspecified","bundle","bundle","TCG_MARKET_PRICE_AUTHORIZED_V1","171.18","198.99","300","339.99","False","6","6","2026-03-01","2026-07-23","144","False","False","False","SHORT_HISTORY_TOURNAMENT_CANDIDATE","SHORT_HISTORY_METHOD_TOURNAMENT","SCENARIO_ONLY_UNLESS_FUTURE_DIRECT_VALIDATION","SCENARIO_ONLY_UNLESS_FUTURE_DIRECT_VALIDATION","False","False","False","False","False","False"
"SL-7AB8CB8D6BF8A6","x Uncharted - Non-Foil Edition — Nonfoil Edition","657438","REGISTRY_READY","nonfoil","nonfoil","drop","individual_drop","TCG_MARKET_PRICE_AUTHORIZED_V1","26.94","23","44.97","100","False","9","9","2025-12-01","2026-07-23","234","False","False","False","SHORT_HISTORY_TOURNAMENT_CANDIDATE","SHORT_HISTORY_METHOD_TOURNAMENT","SCENARIO_ONLY_UNLESS_FUTURE_DIRECT_VALIDATION","SCENARIO_ONLY_UNLESS_FUTURE_DIRECT_VALIDATION","False","False","False","False","False","False"
"SL-7AFCC7EB7F6678","Drop: Summer Superdrop 2025 - Artist Series: Phil Foglio (Rainbow Foil Edition) — Foil Edition","637675","REGISTRY_READY","foil","rainbow_foil","drop","individual_drop","TCG_MARKET_PRICE_AUTHORIZED_V1","47.87","41.96","52.01","99","False","14","14","2025-07-01","2026-07-23","387","True","False","False","ESTABLISHED_1Y_TOURNAMENT_CANDIDATE","DIRECT_TEMPORAL_OOS_TOURNAMENT","SCENARIO_ONLY_UNLESS_FUTURE_DIRECT_VALIDATION","SCENARIO_ONLY_UNLESS_FUTURE_DIRECT_VALIDATION","False","False","False","False","False","False"
"SL-7B02CD15018C5D","Drop: Artist Series: Nils Hamm - Traditional Foil Edition — Foil Edition","283280","REGISTRY_READY","foil","traditional_foil","drop","individual_drop","TCG_MARKET_PRICE_AUTHORIZED_V1","52.03","57","70.09","102.99","False","31","31","2024-02-08","2026-07-23","896","True","False","False","ESTABLISHED_1Y_TOURNAMENT_CANDIDATE","DIRECT_TEMPORAL_OOS_TOURNAMENT","SCENARIO_ONLY_UNLESS_FUTURE_DIRECT_VALIDATION","SCENARIO_ONLY_UNLESS_FUTURE_DIRECT_VALIDATION","False","False","False","False","False","False"
"SL-7B17A9D6C16703","Drop: Secret Lair x Jurassic World: Dr. Ian Malcolm - Rainbow Foil Edition — Foil Edition","528391","REGISTRY_READY","foil","rainbow_foil","drop","individual_drop","TCG_MARKET_PRICE_AUTHORIZED_V1","129.74","127.95","139.99","167.99","False","31","31","2024-02-08","2026-07-23","896","True","False","False","ESTABLISHED_1Y_TOURNAMENT_CANDIDATE","DIRECT_TEMPORAL_OOS_TOURNAMENT","SCENARIO_ONLY_UNLESS_FUTURE_DIRECT_VALIDATION","SCENARIO_ONLY_UNLESS_FUTURE_DIRECT_VALIDATION","False","False","False","False","False","False"
"SL-7B48FB549C4A3E","Drop: The Space Beyond the Stars - Non-Foil Edition — Nonfoil Edition","450618","REGISTRY_READY","nonfoil","nonfoil","drop","individual_drop","TCG_MARKET_PRICE_AUTHORIZED_V1","49.68","49.62","51.88","71.99","False","31","31","2024-02-08","2026-07-23","896","True","False","False","ESTABLISHED_1Y_TOURNAMENT_CANDIDATE","DIRECT_TEMPORAL_OOS_TOURNAMENT","SCENARIO_ONLY_UNLESS_FUTURE_DIRECT_VALIDATION","SCENARIO_ONLY_UNLESS_FUTURE_DIRECT_VALIDATION","False","False","False","False","False","False"
"SL-7B6BF7476036E4","Drop: Magic: The Baseballing - Traditional Foil Edition — Foil Edition","515005","REGISTRY_READY","foil","traditional_foil","drop","individual_drop","TCG_MARKET_PRICE_AUTHORIZED_V1","110.16","150","189.99","249.9","False","31","31","2024-02-08","2026-07-23","896","True","False","False","ESTABLISHED_1Y_TOURNAMENT_CANDIDATE","DIRECT_TEMPORAL_OOS_TOURNAMENT","SCENARIO_ONLY_UNLESS_FUTURE_DIRECT_VALIDATION","SCENARIO_ONLY_UNLESS_FUTURE_DIRECT_VALIDATION","False","False","False","False","False","False"
"SL-7C2B424B1C7969","Drop: Featuring: Kevin Eastman (Colors) - Traditional Foil Edition — Foil Edition","680229","REGISTRY_READY","foil","traditional_foil","drop","individual_drop","TCG_MARKET_PRICE_AUTHORIZED_V1","35.67","32.75","55","300","False","5","5","2026-04-01","2026-07-23","113","False","False","False","SHORT_HISTORY_TOURNAMENT_CANDIDATE","SHORT_HISTORY_METHOD_TOURNAMENT","SCENARIO_ONLY_UNLESS_FUTURE_DIRECT_VALIDATION","SCENARIO_ONLY_UNLESS_FUTURE_DIRECT_VALIDATION","False","False","False","False","False","False"
"SL-7C656D70CEC8AA","x Sonic the Hedgehog Superdrop: Chasing Adventure (Rainbow Foil) — Foil Edition","643593","REGISTRY_READY","foil","rainbow_foil","drop","individual_drop","TCG_MARKET_PRICE_AUTHORIZED_V1","50.85","49.99","73.69","290","False","13","13","2025-08-01","2026-07-23","356","False","False","False","SHORT_HISTORY_TOURNAMENT_CANDIDATE","SHORT_HISTORY_METHOD_TOURNAMENT","SCENARIO_ONLY_UNLESS_FUTURE_DIRECT_VALIDATION","SCENARIO_ONLY_UNLESS_FUTURE_DIRECT_VALIDATION","False","False","False","False","False","False"
"SL-7CCCC779832E62","x Avatar: The Last Airbender: Everything Changed - Rainbow Foil Edition — Foil Edition","662590","REGISTRY_READY","foil","rainbow_foil","drop","individual_drop","TCG_MARKET_PRICE_AUTHORIZED_V1","52.5","54.99","70","999","False","9","9","2025-12-01","2026-07-23","234","False","False","False","SHORT_HISTORY_TOURNAMENT_CANDIDATE","SHORT_HISTORY_METHOD_TOURNAMENT","SCENARIO_ONLY_UNLESS_FUTURE_DIRECT_VALIDATION","SCENARIO_ONLY_UNLESS_FUTURE_DIRECT_VALIDATION","False","False","False","False","False","False"
"SL-7CCD4E3550ADDB","Drop: Secretversary Superdrop - Happy Little Gathering Foil Edition - Traditional Foil Edition — Foil Edition","228717","REGISTRY_READY","foil","traditional_foil","drop","individual_drop","TCG_MARKET_PRICE_AUTHORIZED_V1","91","84.98","99.99","250","False","31","31","2024-02-08","2026-07-23","896","True","False","False","ESTABLISHED_1Y_TOURNAMENT_CANDIDATE","DIRECT_TEMPORAL_OOS_TOURNAMENT","SCENARIO_ONLY_UNLESS_FUTURE_DIRECT_VALIDATION","SCENARIO_ONLY_UNLESS_FUTURE_DIRECT_VALIDATION","False","False","False","False","False","False"
"SL-7CD7CFCF523E56","Drop: Dan Frazier Is Back Again: The Enemy Talismans - Non-Foil Edition — Nonfoil Edition","283268","REGISTRY_READY","nonfoil","nonfoil","drop","individual_drop","TCG_MARKET_PRICE_AUTHORIZED_V1","100.78","115","133.97","195","False","31","31","2024-02-08","2026-07-23","896","True","False","False","ESTABLISHED_1Y_TOURNAMENT_CANDIDATE","DIRECT_TEMPORAL_OOS_TOURNAMENT","SCENARIO_ONLY_UNLESS_FUTURE_DIRECT_VALIDATION","SCENARIO_ONLY_UNLESS_FUTURE_DIRECT_VALIDATION","False","False","False","False","False","False"
"SL-7D6A0F10ADD5A6","Drop: Second Secretversary Bundle - Non-Foil Edition — Nonfoil Edition","258493","REGISTRY_READY","nonfoil","nonfoil","bundle","bundle","NO_PRODUCTION_CURRENT_MARKET_PRICE","","444","444","444","False","0","0","","","0","False","False","False","CURRENT_AND_HISTORY_EVIDENCE_GAP","NO_1Y_PRODUCTION_FORECAST_UNTIL_EVIDENCE_AVAILABLE","SCENARIO_ONLY_UNLESS_FUTURE_DIRECT_VALIDATION","SCENARIO_ONLY_UNLESS_FUTURE_DIRECT_VALIDATION","False","False","False","False","False","False"
"SL-7DE930AD4A4B8C","Drop: February Superdrop - Pictures of the Floating World - Traditional Foil Edition — Foil Edition","267775","REGISTRY_READY","foil","traditional_foil","drop","individual_drop","TCG_MARKET_PRICE_AUTHORIZED_V1","39.18","49.99","70","92.32","False","31","31","2024-02-08","2026-07-23","896","True","False","False","ESTABLISHED_1Y_TOURNAMENT_CANDIDATE","DIRECT_TEMPORAL_OOS_TOURNAMENT","SCENARIO_ONLY_UNLESS_FUTURE_DIRECT_VALIDATION","SCENARIO_ONLY_UNLESS_FUTURE_DIRECT_VALIDATION","False","False","False","False","False","False"
"SL-7E347F44185EA2","Drop: Our Boss is on Vacation Superdrop: Biggest. Bundle. Ever. Bundle — Standard Edition","624906","REGISTRY_READY","unknown","unknown","bundle","bundle","NO_PRODUCTION_CURRENT_MARKET_PRICE","","","","","False","0","0","","","0","False","False","False","CURRENT_AND_HISTORY_EVIDENCE_GAP","NO_1Y_PRODUCTION_FORECAST_UNTIL_EVIDENCE_AVAILABLE","SCENARIO_ONLY_UNLESS_FUTURE_DIRECT_VALIDATION","SCENARIO_ONLY_UNLESS_FUTURE_DIRECT_VALIDATION","False","False","False","False","False","False"
"SL-7E61275FD5CC85","Drop: Outlaw Anthology Vol. 2: Sinister Scoundrels - Non-Foil Edition — Nonfoil Edition","551450","REGISTRY_READY","nonfoil","nonfoil","drop","individual_drop","TCG_MARKET_PRICE_AUTHORIZED_V1","50.41","56.99","69.99","99","False","26","26","2024-07-01","2026-07-23","752","True","False","False","ESTABLISHED_1Y_TOURNAMENT_CANDIDATE","DIRECT_TEMPORAL_OOS_TOURNAMENT","SCENARIO_ONLY_UNLESS_FUTURE_DIRECT_VALIDATION","SCENARIO_ONLY_UNLESS_FUTURE_DIRECT_VALIDATION","False","False","False","False","False","False"
"SL-7E75AB2D5E48E1","Drop: Secret Scare Superdrop: The Ay-loh Tee-wee-lah Confetti Foil Bundle — Foil Edition","657870","REGISTRY_READY","foil","foil_unspecified","bundle","bundle","TCG_MARKET_PRICE_AUTHORIZED_V1","316.86","500","500","500","False","9","9","2025-12-01","2026-07-23","234","False","False","False","SHORT_HISTORY_TOURNAMENT_CANDIDATE","SHORT_HISTORY_METHOD_TOURNAMENT","SCENARIO_ONLY_UNLESS_FUTURE_DIRECT_VALIDATION","SCENARIO_ONLY_UNLESS_FUTURE_DIRECT_VALIDATION","False","False","False","False","False","False"
"SL-7E80920E7FFF0A","Drop: Astrology Lands (Capricorn) - Traditional Foil Edition — Foil Edition","259310","REGISTRY_READY","foil","traditional_foil","drop","individual_drop","TCG_MARKET_PRICE_AUTHORIZED_V1","29.76","31","59.97","90","False","29","29","2024-02-08","2026-07-23","896","True","False","False","ESTABLISHED_1Y_TOURNAMENT_CANDIDATE","DIRECT_TEMPORAL_OOS_TOURNAMENT","SCENARIO_ONLY_UNLESS_FUTURE_DIRECT_VALIDATION","SCENARIO_ONLY_UNLESS_FUTURE_DIRECT_VALIDATION","False","False","False","False","False","False"
"SL-7EA408BA13BB00","Drop: LOOK AT THE KITTIES - Traditional Foil Edition — Foil Edition","455834","REGISTRY_READY","foil","traditional_foil","drop","individual_drop","TCG_MARKET_PRICE_AUTHORIZED_V1","268.97","299.98","339.98","500","False","31","31","2024-02-08","2026-07-23","896","True","False","False","ESTABLISHED_1Y_TOURNAMENT_CANDIDATE","DIRECT_TEMPORAL_OOS_TOURNAMENT","SCENARIO_ONLY_UNLESS_FUTURE_DIRECT_VALIDATION","SCENARIO_ONLY_UNLESS_FUTURE_DIRECT_VALIDATION","False","False","False","False","False","False"
"SL-7EAFE139BC0BCD","Drop: Ssssssnakessssss - Traditional Foil Edition — Foil Edition","480461","REGISTRY_READY","foil","traditional_foil","drop","individual_drop","TCG_MARKET_PRICE_AUTHORIZED_V1","83.63","89.9","109.99","133.97","False","31","31","2024-02-08","2026-07-23","896","True","False","False","ESTABLISHED_1Y_TOURNAMENT_CANDIDATE","DIRECT_TEMPORAL_OOS_TOURNAMENT","SCENARIO_ONLY_UNLESS_FUTURE_DIRECT_VALIDATION","SCENARIO_ONLY_UNLESS_FUTURE_DIRECT_VALIDATION","False","False","False","False","False","False"
"SL-7ECED24F562902","Drop: Showcase: Midnight Hunt - Non-Foil Edition — Nonfoil Edition","251753","REGISTRY_READY","nonfoil","nonfoil","drop","individual_drop","TCG_MARKET_PRICE_AUTHORIZED_V1","52.78","51.95","59.49","79.99","False","31","31","2024-02-08","2026-07-23","896","True","False","False","ESTABLISHED_1Y_TOURNAMENT_CANDIDATE","DIRECT_TEMPORAL_OOS_TOURNAMENT","SCENARIO_ONLY_UNLESS_FUTURE_DIRECT_VALIDATION","SCENARIO_ONLY_UNLESS_FUTURE_DIRECT_VALIDATION","False","False","False","False","False","False"
"SL-7F55A4E4C3D3D0","Drop: Secret Lair x Fortnite: Landmarks and Locations - Traditional Foil Edition — Foil Edition","279338","REGISTRY_READY","foil","traditional_foil","drop","individual_drop","TCG_MARKET_PRICE_AUTHORIZED_V1","64.95","64.29","69.5","149.99","False","31","31","2024-02-08","2026-07-23","896","True","False","False","ESTABLISHED_1Y_TOURNAMENT_CANDIDATE","DIRECT_TEMPORAL_OOS_TOURNAMENT","SCENARIO_ONLY_UNLESS_FUTURE_DIRECT_VALIDATION","SCENARIO_ONLY_UNLESS_FUTURE_DIRECT_VALIDATION","False","False","False","False","False","False"
"SL-7F86F1BD66EEEB","Drop: Post Malone Bundle — Standard Edition","450512","REGISTRY_READY","unknown","unknown","bundle","bundle","NO_PRODUCTION_CURRENT_MARKET_PRICE","","420","420","420","False","0","0","","","0","False","False","False","CURRENT_AND_HISTORY_EVIDENCE_GAP","NO_1Y_PRODUCTION_FORECAST_UNTIL_EVIDENCE_AVAILABLE","SCENARIO_ONLY_UNLESS_FUTURE_DIRECT_VALIDATION","SCENARIO_ONLY_UNLESS_FUTURE_DIRECT_VALIDATION","False","False","False","False","False","False"
"SL-7FD38092671142","Drop: City Styles - Non-Foil Edition — Nonfoil Edition","480469","REGISTRY_READY","nonfoil","nonfoil","drop","individual_drop","TCG_MARKET_PRICE_AUTHORIZED_V1","217.57","284.56","295","350","False","30","30","2024-02-08","2026-07-23","896","True","False","False","ESTABLISHED_1Y_TOURNAMENT_CANDIDATE","DIRECT_TEMPORAL_OOS_TOURNAMENT","SCENARIO_ONLY_UNLESS_FUTURE_DIRECT_VALIDATION","SCENARIO_ONLY_UNLESS_FUTURE_DIRECT_VALIDATION","False","False","False","False","False","False"
"SL-7FF5D4693BDBF9","Drop: Secret Lair x Creepshow - Non-Foil Edition — Nonfoil Edition","518828","REGISTRY_READY","nonfoil","nonfoil","drop","individual_drop","TCG_MARKET_PRICE_AUTHORIZED_V1","78.07","81.38","87.48","175","False","31","31","2024-02-08","2026-07-23","896","True","False","False","ESTABLISHED_1Y_TOURNAMENT_CANDIDATE","DIRECT_TEMPORAL_OOS_TOURNAMENT","SCENARIO_ONLY_UNLESS_FUTURE_DIRECT_VALIDATION","SCENARIO_ONLY_UNLESS_FUTURE_DIRECT_VALIDATION","False","False","False","False","False","False"
"SL-800F3A66865530","Drop: Li'l Giri Saves the Day - Traditional Foil Edition — Foil Edition","282293","REGISTRY_READY","foil","traditional_foil","drop","individual_drop","TCG_MARKET_PRICE_AUTHORIZED_V1","55.97","59.99","69","71.99","False","31","31","2024-02-08","2026-07-23","896","True","False","False","ESTABLISHED_1Y_TOURNAMENT_CANDIDATE","DIRECT_TEMPORAL_OOS_TOURNAMENT","SCENARIO_ONLY_UNLESS_FUTURE_DIRECT_VALIDATION","SCENARIO_ONLY_UNLESS_FUTURE_DIRECT_VALIDATION","False","False","False","False","False","False"
"SL-81870DDCED77D3","Drop: December Superdrop Foil Bundle — Foil Edition","456551","REGISTRY_READY","foil","foil_unspecified","bundle","bundle","NO_PRODUCTION_CURRENT_MARKET_PRICE","","","","","False","0","0","","","0","False","False","False","CURRENT_AND_HISTORY_EVIDENCE_GAP","NO_1Y_PRODUCTION_FORECAST_UNTIL_EVIDENCE_AVAILABLE","SCENARIO_ONLY_UNLESS_FUTURE_DIRECT_VALIDATION","SCENARIO_ONLY_UNLESS_FUTURE_DIRECT_VALIDATION","False","False","False","False","False","False"
"SL-81FFD366420F3A","Drop: Secret Lair x Dwarf Fortress: Create New World - Traditional Foil Edition — Foil Edition","691188","REGISTRY_READY","foil","traditional_foil","drop","individual_drop","TCG_MARKET_PRICE_AUTHORIZED_V1","55.5","47.49","74.39","240","False","2","2","2026-07-01","2026-07-23","22","False","False","False","SHORT_HISTORY_TOURNAMENT_CANDIDATE","SHORT_HISTORY_METHOD_TOURNAMENT","SCENARIO_ONLY_UNLESS_FUTURE_DIRECT_VALIDATION","SCENARIO_ONLY_UNLESS_FUTURE_DIRECT_VALIDATION","False","False","False","False","False","False"
"SL-823B9F2127A229","Drop: Artist Series: Jesper Ejsing - Rainbow Foil Edition — Foil Edition","618094","REGISTRY_READY","foil","rainbow_foil","drop","individual_drop","TCG_MARKET_PRICE_AUTHORIZED_V1","87.27","94.99","105","300","False","18","18","2025-03-01","2026-07-23","509","True","False","False","ESTABLISHED_1Y_TOURNAMENT_CANDIDATE","DIRECT_TEMPORAL_OOS_TOURNAMENT","SCENARIO_ONLY_UNLESS_FUTURE_DIRECT_VALIDATION","SCENARIO_ONLY_UNLESS_FUTURE_DIRECT_VALIDATION","False","False","False","False","False","False"
"SL-831C7242985EC8","Drop: Dungeons & Dragons 50th Anniversary: Loot the Room with Everything Bundle — Standard Edition","565535","REGISTRY_READY","unknown","unknown","bundle","bundle","NO_PRODUCTION_CURRENT_MARKET_PRICE","","1496.69","1496.69","1496.69","False","0","0","","","0","False","False","False","CURRENT_AND_HISTORY_EVIDENCE_GAP","NO_1Y_PRODUCTION_FORECAST_UNTIL_EVIDENCE_AVAILABLE","SCENARIO_ONLY_UNLESS_FUTURE_DIRECT_VALIDATION","SCENARIO_ONLY_UNLESS_FUTURE_DIRECT_VALIDATION","False","False","False","False","False","False"
"SL-832BF55C6E27A1","Drop: Showcase: Read The Fine Print - Non-Foil Edition — Nonfoil Edition","251758","REGISTRY_READY","nonfoil","nonfoil","drop","individual_drop","TCG_MARKET_PRICE_AUTHORIZED_V1","37.61","38.61","45","74.99","False","31","31","2024-02-08","2026-07-23","896","True","False","False","ESTABLISHED_1Y_TOURNAMENT_CANDIDATE","DIRECT_TEMPORAL_OOS_TOURNAMENT","SCENARIO_ONLY_UNLESS_FUTURE_DIRECT_VALIDATION","SCENARIO_ONLY_UNLESS_FUTURE_DIRECT_VALIDATION","False","False","False","False","False","False"
"SL-835C4CD141949B","Drop: Showcase: Thrilling Tales of the Undead - Traditional Foil Edition — Foil Edition","251767","REGISTRY_READY","foil","traditional_foil","drop","individual_drop","TCG_MARKET_PRICE_AUTHORIZED_V1","77.07","83","99.99","118.99","False","31","31","2024-02-08","2026-07-23","896","True","False","False","ESTABLISHED_1Y_TOURNAMENT_CANDIDATE","DIRECT_TEMPORAL_OOS_TOURNAMENT","SCENARIO_ONLY_UNLESS_FUTURE_DIRECT_VALIDATION","SCENARIO_ONLY_UNLESS_FUTURE_DIRECT_VALIDATION","False","False","False","False","False","False"
"SL-8396530F9CA30C","Drop: Summer Superdrop 2025 - The Complete FINAL FANTASY Bundle — Standard Edition","637682","REGISTRY_READY","unknown","unknown","bundle","bundle","TCG_MARKET_PRICE_AUTHORIZED_V1","956.33","1224.95","1224.95","1224.95","False","1","1","2026-07-23","2026-07-23","0","False","False","False","SHORT_HISTORY_TOURNAMENT_CANDIDATE","SHORT_HISTORY_METHOD_TOURNAMENT","SCENARIO_ONLY_UNLESS_FUTURE_DIRECT_VALIDATION","SCENARIO_ONLY_UNLESS_FUTURE_DIRECT_VALIDATION","False","False","False","False","False","False"
"SL-839B89840B6DBF","Drop: The Stars Gaze Back - Traditional Foil Edition — Foil Edition","501847","REGISTRY_READY","foil","traditional_foil","drop","individual_drop","TCG_MARKET_PRICE_AUTHORIZED_V1","105.27","92.14","104.45","199.99","False","31","31","2024-02-08","2026-07-23","896","True","False","False","ESTABLISHED_1Y_TOURNAMENT_CANDIDATE","DIRECT_TEMPORAL_OOS_TOURNAMENT","SCENARIO_ONLY_UNLESS_FUTURE_DIRECT_VALIDATION","SCENARIO_ONLY_UNLESS_FUTURE_DIRECT_VALIDATION","False","False","False","False","False","False"
"SL-83DFC7BCCB8A6D","Drop: Showcase: Duskmourn - Non-Foil Edition — Nonfoil Edition","584529","REGISTRY_READY","nonfoil","nonfoil","drop","individual_drop","TCG_MARKET_PRICE_AUTHORIZED_V1","31.6","30","49.94","99","False","21","21","2024-12-01","2026-07-23","599","True","False","False","ESTABLISHED_1Y_TOURNAMENT_CANDIDATE","DIRECT_TEMPORAL_OOS_TOURNAMENT","SCENARIO_ONLY_UNLESS_FUTURE_DIRECT_VALIDATION","SCENARIO_ONLY_UNLESS_FUTURE_DIRECT_VALIDATION","False","False","False","False","False","False"
"SL-83E8E9E9BDAB7C","Drop: Featuring: the Mountain Goats - Non-Foil Edition — Nonfoil Edition","501850","REGISTRY_READY","nonfoil","nonfoil","drop","individual_drop","TCG_MARKET_PRICE_AUTHORIZED_V1","82.61","78","86.98","100.99","False","31","31","2024-02-08","2026-07-23","896","True","False","False","ESTABLISHED_1Y_TOURNAMENT_CANDIDATE","DIRECT_TEMPORAL_OOS_TOURNAMENT","SCENARIO_ONLY_UNLESS_FUTURE_DIRECT_VALIDATION","SCENARIO_ONLY_UNLESS_FUTURE_DIRECT_VALIDATION","False","False","False","False","False","False"
"SL-85D9B6A0A7C714","x Furby: The Gathering - Rainbow Foil Edition — Foil Edition","656360","REGISTRY_READY","foil","rainbow_foil","drop","individual_drop","TCG_MARKET_PRICE_AUTHORIZED_V1","51.55","59.99","89.95","299","False","10","10","2025-11-01","2026-07-23","264","False","False","False","SHORT_HISTORY_TOURNAMENT_CANDIDATE","SHORT_HISTORY_METHOD_TOURNAMENT","SCENARIO_ONLY_UNLESS_FUTURE_DIRECT_VALIDATION","SCENARIO_ONLY_UNLESS_FUTURE_DIRECT_VALIDATION","False","False","False","False","False","False"
"SL-86693ED2B58D32","Drop: Astrology Lands (Leo) - Traditional Foil Edition — Foil Edition","281603","REGISTRY_READY","foil","traditional_foil","drop","individual_drop","TCG_MARKET_PRICE_AUTHORIZED_V1","37.14","37.14","64.49","75","False","31","31","2024-02-08","2026-07-23","896","True","False","False","ESTABLISHED_1Y_TOURNAMENT_CANDIDATE","DIRECT_TEMPORAL_OOS_TOURNAMENT","SCENARIO_ONLY_UNLESS_FUTURE_DIRECT_VALIDATION","SCENARIO_ONLY_UNLESS_FUTURE_DIRECT_VALIDATION","False","False","False","False","False","False"
"SL-866F1B1463479D","Drop: Seeing Visions - Traditional Foil Version — Foil Edition","205227","REGISTRY_READY","foil","traditional_foil","drop","individual_drop","TCG_MARKET_PRICE_AUTHORIZED_V1","21.79","22.17","30.75","70","False","31","31","2024-02-08","2026-07-23","896","True","False","False","ESTABLISHED_1Y_TOURNAMENT_CANDIDATE","DIRECT_TEMPORAL_OOS_TOURNAMENT","SCENARIO_ONLY_UNLESS_FUTURE_DIRECT_VALIDATION","SCENARIO_ONLY_UNLESS_FUTURE_DIRECT_VALIDATION","False","False","False","False","False","False"
"SL-8679F958F70268","Superdrop: Culture Shocks: Grixis - Non-Foil Edition — Nonfoil Edition","237606","REGISTRY_READY","nonfoil","nonfoil","drop","individual_drop","TCG_MARKET_PRICE_AUTHORIZED_V1","54.6","51.87","63.8","77.99","False","31","31","2024-02-08","2026-07-23","896","True","False","False","ESTABLISHED_1Y_TOURNAMENT_CANDIDATE","DIRECT_TEMPORAL_OOS_TOURNAMENT","SCENARIO_ONLY_UNLESS_FUTURE_DIRECT_VALIDATION","SCENARIO_ONLY_UNLESS_FUTURE_DIRECT_VALIDATION","False","False","False","False","False","False"
"SL-867D74417C00E1","Drop: Secret Scare Superdrop: The Gonna Need a Bigger Boat Everything Bundle — Standard Edition","657867","REGISTRY_READY","unknown","unknown","bundle","bundle","NO_PRODUCTION_CURRENT_MARKET_PRICE","","4999.99","4999.99","4999.99","False","0","0","","","0","False","False","False","CURRENT_AND_HISTORY_EVIDENCE_GAP","NO_1Y_PRODUCTION_FORECAST_UNTIL_EVIDENCE_AVAILABLE","SCENARIO_ONLY_UNLESS_FUTURE_DIRECT_VALIDATION","SCENARIO_ONLY_UNLESS_FUTURE_DIRECT_VALIDATION","False","False","False","False","False","False"
"SL-86A2BCC3D47BF2","Drop: Secret Lair x The Princess Bride - Non-Foil Edition — Nonfoil Edition","518839","REGISTRY_READY","nonfoil","nonfoil","drop","individual_drop","TCG_MARKET_PRICE_AUTHORIZED_V1","326.24","449.99","484.35","550","False","31","31","2024-02-08","2026-07-23","896","True","False","False","ESTABLISHED_1Y_TOURNAMENT_CANDIDATE","DIRECT_TEMPORAL_OOS_TOURNAMENT","SCENARIO_ONLY_UNLESS_FUTURE_DIRECT_VALIDATION","SCENARIO_ONLY_UNLESS_FUTURE_DIRECT_VALIDATION","False","False","False","False","False","False"
"SL-86AA5CC0673EF5","Drop: Artist Series: Magali Villeneuve - Traditional Foil Edition — Foil Edition","273596","REGISTRY_READY","foil","traditional_foil","drop","individual_drop","TCG_MARKET_PRICE_AUTHORIZED_V1","37.92","40","62.47","87.99","False","31","31","2024-02-08","2026-07-23","896","True","False","False","ESTABLISHED_1Y_TOURNAMENT_CANDIDATE","DIRECT_TEMPORAL_OOS_TOURNAMENT","SCENARIO_ONLY_UNLESS_FUTURE_DIRECT_VALIDATION","SCENARIO_ONLY_UNLESS_FUTURE_DIRECT_VALIDATION","False","False","False","False","False","False"
"SL-86C6A385452411","Drop: Our Boss is on Vacation Superdrop: Spongebob Squarepants: Lands Under the Sea - Non-Foil Edition — Nonfoil Edition","624705","REGISTRY_READY","nonfoil","nonfoil","drop","individual_drop","TCG_MARKET_PRICE_AUTHORIZED_V1","48.45","36.86","58.84","199","False","17","17","2025-04-01","2026-07-23","478","True","False","False","ESTABLISHED_1Y_TOURNAMENT_CANDIDATE","DIRECT_TEMPORAL_OOS_TOURNAMENT","SCENARIO_ONLY_UNLESS_FUTURE_DIRECT_VALIDATION","SCENARIO_ONLY_UNLESS_FUTURE_DIRECT_VALIDATION","False","False","False","False","False","False"
"SL-86F0753AA66E4B","Drop: April Superdrop - The Bundle Bundle — Standard Edition","273605","REGISTRY_READY","unknown","unknown","bundle","bundle","TCG_MARKET_PRICE_AUTHORIZED_V1","489","900","900","900","False","1","1","2026-07-23","2026-07-23","0","False","False","False","SHORT_HISTORY_TOURNAMENT_CANDIDATE","SHORT_HISTORY_METHOD_TOURNAMENT","SCENARIO_ONLY_UNLESS_FUTURE_DIRECT_VALIDATION","SCENARIO_ONLY_UNLESS_FUTURE_DIRECT_VALIDATION","False","False","False","False","False","False"
"SL-87225328ADBE06","Drop: Our Boss is on Vacation Superdrop: Twisted Toons - Non-Foil Edition — Nonfoil Edition","624715","REGISTRY_READY","nonfoil","nonfoil","drop","individual_drop","TCG_MARKET_PRICE_AUTHORIZED_V1","56.98","54.99","69.99","299","False","17","17","2025-04-01","2026-07-23","478","True","False","False","ESTABLISHED_1Y_TOURNAMENT_CANDIDATE","DIRECT_TEMPORAL_OOS_TOURNAMENT","SCENARIO_ONLY_UNLESS_FUTURE_DIRECT_VALIDATION","SCENARIO_ONLY_UNLESS_FUTURE_DIRECT_VALIDATION","False","False","False","False","False","False"
"SL-873865C256386B","Drop: Extra Life 2022 - Traditional Foil Edition — Foil Edition","451237","REGISTRY_READY","foil","traditional_foil","drop","individual_drop","TCG_MARKET_PRICE_AUTHORIZED_V1","131.43","136.8","150","433.99","False","31","31","2024-02-08","2026-07-23","896","True","False","False","ESTABLISHED_1Y_TOURNAMENT_CANDIDATE","DIRECT_TEMPORAL_OOS_TOURNAMENT","SCENARIO_ONLY_UNLESS_FUTURE_DIRECT_VALIDATION","SCENARIO_ONLY_UNLESS_FUTURE_DIRECT_VALIDATION","False","False","False","False","False","False"
"SL-8741607914304D","Drop: Special Guest: Junji Ito (English) - Foil Etched Edition — Foil Edition","450535","REGISTRY_READY","foil","etched_foil","drop","individual_drop","TCG_MARKET_PRICE_AUTHORIZED_V1","220.98","230.5","241.48","299.99","False","31","31","2024-02-08","2026-07-23","896","True","False","False","ESTABLISHED_1Y_TOURNAMENT_CANDIDATE","DIRECT_TEMPORAL_OOS_TOURNAMENT","SCENARIO_ONLY_UNLESS_FUTURE_DIRECT_VALIDATION","SCENARIO_ONLY_UNLESS_FUTURE_DIRECT_VALIDATION","False","False","False","False","False","False"
"SL-876ECC963B1678","Superdrop: The World's Non-foil-est Bundle — Nonfoil Edition","247335","REGISTRY_READY","nonfoil","nonfoil","bundle","bundle","NO_PRODUCTION_CURRENT_MARKET_PRICE","","","","","False","0","0","","","0","False","False","False","CURRENT_AND_HISTORY_EVIDENCE_GAP","NO_1Y_PRODUCTION_FORECAST_UNTIL_EVIDENCE_AVAILABLE","SCENARIO_ONLY_UNLESS_FUTURE_DIRECT_VALIDATION","SCENARIO_ONLY_UNLESS_FUTURE_DIRECT_VALIDATION","False","False","False","False","False","False"
"SL-8789D987BBC540","Drop: Camp Totally Safe Superdrop: The Cabin with Everything Bundle — Standard Edition","584512","REGISTRY_READY","unknown","unknown","bundle","bundle","NO_PRODUCTION_CURRENT_MARKET_PRICE","","","","","False","0","0","","","0","False","False","False","CURRENT_AND_HISTORY_EVIDENCE_GAP","NO_1Y_PRODUCTION_FORECAST_UNTIL_EVIDENCE_AVAILABLE","SCENARIO_ONLY_UNLESS_FUTURE_DIRECT_VALIDATION","SCENARIO_ONLY_UNLESS_FUTURE_DIRECT_VALIDATION","False","False","False","False","False","False"
"SL-87961062B3471E","Back to School Superdrop: Ready For Rollcall Non-Foil Bundle — Nonfoil Edition","691201","REGISTRY_READY","nonfoil","nonfoil","bundle","bundle","NO_PRODUCTION_CURRENT_MARKET_PRICE","","539.98","550","799.99","False","0","0","","","0","False","False","False","CURRENT_AND_HISTORY_EVIDENCE_GAP","NO_1Y_PRODUCTION_FORECAST_UNTIL_EVIDENCE_AVAILABLE","SCENARIO_ONLY_UNLESS_FUTURE_DIRECT_VALIDATION","SCENARIO_ONLY_UNLESS_FUTURE_DIRECT_VALIDATION","False","False","False","False","False","False"
"SL-879DE87D93AF4D","x FINAL FANTASY: Game Over - Non-Foil Edition — Nonfoil Edition","637467","REGISTRY_READY","nonfoil","nonfoil","drop","individual_drop","TCG_MARKET_PRICE_AUTHORIZED_V1","96.23","117","124.99","240","False","14","14","2025-07-01","2026-07-23","387","True","False","False","ESTABLISHED_1Y_TOURNAMENT_CANDIDATE","DIRECT_TEMPORAL_OOS_TOURNAMENT","SCENARIO_ONLY_UNLESS_FUTURE_DIRECT_VALIDATION","SCENARIO_ONLY_UNLESS_FUTURE_DIRECT_VALIDATION","False","False","False","False","False","False"
"SL-87A9F998D7BC8B","Superdrop: Culture Shocks: Jund - Non-Foil Edition — Nonfoil Edition","237607","REGISTRY_READY","nonfoil","nonfoil","drop","individual_drop","TCG_MARKET_PRICE_AUTHORIZED_V1","43.5","41.32","52.98","99.98","False","31","31","2024-02-08","2026-07-23","896","True","False","False","ESTABLISHED_1Y_TOURNAMENT_CANDIDATE","DIRECT_TEMPORAL_OOS_TOURNAMENT","SCENARIO_ONLY_UNLESS_FUTURE_DIRECT_VALIDATION","SCENARIO_ONLY_UNLESS_FUTURE_DIRECT_VALIDATION","False","False","False","False","False","False"
"SL-88061F345B7215","Astrology Lands (Pisces) - Traditional Foil Edition — Foil Edition","279312","REGISTRY_READY","foil","traditional_foil","drop","individual_drop","TCG_MARKET_PRICE_AUTHORIZED_V1","32.75","60","73.63","90","False","23","23","2024-10-01","2026-07-23","660","True","False","False","ESTABLISHED_1Y_TOURNAMENT_CANDIDATE","DIRECT_TEMPORAL_OOS_TOURNAMENT","SCENARIO_ONLY_UNLESS_FUTURE_DIRECT_VALIDATION","SCENARIO_ONLY_UNLESS_FUTURE_DIRECT_VALIDATION","False","False","False","False","False","False"
"SL-8809E95120F445","Drop: Happy Yargle Day! - Non-Foil Edition — Nonfoil Edition","221984","REGISTRY_READY","nonfoil","nonfoil","drop","individual_drop","TCG_MARKET_PRICE_AUTHORIZED_V1","44.58","39.89","46.52","73.99","False","31","31","2024-02-08","2026-07-23","896","True","False","False","ESTABLISHED_1Y_TOURNAMENT_CANDIDATE","DIRECT_TEMPORAL_OOS_TOURNAMENT","SCENARIO_ONLY_UNLESS_FUTURE_DIRECT_VALIDATION","SCENARIO_ONLY_UNLESS_FUTURE_DIRECT_VALIDATION","False","False","False","False","False","False"
"SL-88141E031F2873","x Fallout: Rad Superdrop: The Built To Last Everything Bundle — Standard Edition","674835","REGISTRY_READY","unknown","unknown","bundle","bundle","TCG_MARKET_PRICE_AUTHORIZED_V1","296.75","375","450","897.98","False","1","1","2026-07-23","2026-07-23","0","False","False","False","SHORT_HISTORY_TOURNAMENT_CANDIDATE","SHORT_HISTORY_METHOD_TOURNAMENT","SCENARIO_ONLY_UNLESS_FUTURE_DIRECT_VALIDATION","SCENARIO_ONLY_UNLESS_FUTURE_DIRECT_VALIDATION","False","False","False","False","False","False"
"SL-887F0A3E113829","x FINAL FANTASY: Game Over - JP Rainbow Foil Edition — Foil Edition","637469","REGISTRY_READY","foil","rainbow_foil","drop","individual_drop","TCG_MARKET_PRICE_AUTHORIZED_V1","39.27","45","60","108.39","False","0","0","","","0","False","False","False","CURRENT_PRICE_ONLY_NEW_PRODUCT_CANDIDATE","NEW_PRODUCT_FALLBACK_METHOD_TOURNAMENT","SCENARIO_ONLY_UNLESS_FUTURE_DIRECT_VALIDATION","SCENARIO_ONLY_UNLESS_FUTURE_DIRECT_VALIDATION","False","False","False","False","False","False"
"SL-88858FD4A6CAF7","Drop: Theros Stargazing Bundle: Vol. I-V - Traditional Foil Edition — Foil Edition","209384","REGISTRY_READY","foil","traditional_foil","bundle","bundle","TCG_MARKET_PRICE_AUTHORIZED_V1","422.62","390","496.98","4200.69","False","31","31","2024-02-08","2026-07-23","896","True","False","False","ESTABLISHED_1Y_TOURNAMENT_CANDIDATE","DIRECT_TEMPORAL_OOS_TOURNAMENT","SCENARIO_ONLY_UNLESS_FUTURE_DIRECT_VALIDATION","SCENARIO_ONLY_UNLESS_FUTURE_DIRECT_VALIDATION","False","False","False","False","False","False"
"SL-888F2E0C4FB9B0","Drop: February Superdrop - Shades Not Included - Non-Foil Edition — Nonfoil Edition","267776","REGISTRY_READY","nonfoil","nonfoil","drop","individual_drop","TCG_MARKET_PRICE_AUTHORIZED_V1","42.93","42.49","59.94","79.99","False","31","31","2024-02-08","2026-07-23","896","True","False","False","ESTABLISHED_1Y_TOURNAMENT_CANDIDATE","DIRECT_TEMPORAL_OOS_TOURNAMENT","SCENARIO_ONLY_UNLESS_FUTURE_DIRECT_VALIDATION","SCENARIO_ONLY_UNLESS_FUTURE_DIRECT_VALIDATION","False","False","False","False","False","False"
"SL-88ECC52C2FD66F","Drop: Kaleidoscope Killers - Traditional Foil Edition — Foil Edition","205229","REGISTRY_READY","foil","traditional_foil","drop","individual_drop","TCG_MARKET_PRICE_AUTHORIZED_V1","122.67","107.05","128.27","200","False","31","31","2024-02-08","2026-07-23","896","True","False","False","ESTABLISHED_1Y_TOURNAMENT_CANDIDATE","DIRECT_TEMPORAL_OOS_TOURNAMENT","SCENARIO_ONLY_UNLESS_FUTURE_DIRECT_VALIDATION","SCENARIO_ONLY_UNLESS_FUTURE_DIRECT_VALIDATION","False","False","False","False","False","False"
"SL-89002E8BB22ACE","Drop: Secret Lair x Marvel's Spider-Man: Venom Unleashed (Colors) - Rainbow Foil Edition — Foil Edition","653122","REGISTRY_READY","foil","rainbow_foil","drop","individual_drop","TCG_MARKET_PRICE_AUTHORIZED_V1","58","49.99","77.5","169.99","False","11","11","2025-10-01","2026-07-23","295","False","False","False","SHORT_HISTORY_TOURNAMENT_CANDIDATE","SHORT_HISTORY_METHOD_TOURNAMENT","SCENARIO_ONLY_UNLESS_FUTURE_DIRECT_VALIDATION","SCENARIO_ONLY_UNLESS_FUTURE_DIRECT_VALIDATION","False","False","False","False","False","False"
"SL-892D977231D36E","Drop: Summer Superdrop - Can You Feel with a Heart of Steel? - Traditional Foil Edition — Foil Edition","214908","REGISTRY_READY","foil","traditional_foil","drop","individual_drop","TCG_MARKET_PRICE_AUTHORIZED_V1","41.43","47","69.99","399.01","False","31","31","2024-02-08","2026-07-23","896","True","False","False","ESTABLISHED_1Y_TOURNAMENT_CANDIDATE","DIRECT_TEMPORAL_OOS_TOURNAMENT","SCENARIO_ONLY_UNLESS_FUTURE_DIRECT_VALIDATION","SCENARIO_ONLY_UNLESS_FUTURE_DIRECT_VALIDATION","False","False","False","False","False","False"
"SL-896468C2158E5D","Drop: The Strange Sands: Plains - Rainbow Foil Edition — Foil Edition","610787","REGISTRY_READY","foil","rainbow_foil","drop","individual_drop","TCG_MARKET_PRICE_AUTHORIZED_V1","51.75","45","59.97","199","False","17","17","2025-04-01","2026-07-23","478","True","False","False","ESTABLISHED_1Y_TOURNAMENT_CANDIDATE","DIRECT_TEMPORAL_OOS_TOURNAMENT","SCENARIO_ONLY_UNLESS_FUTURE_DIRECT_VALIDATION","SCENARIO_ONLY_UNLESS_FUTURE_DIRECT_VALIDATION","False","False","False","False","False","False"
"SL-89D18240A7624C","Drop: Secret Lair x Arcane: Lands - Non-Foil Edition — Nonfoil Edition","258403","REGISTRY_READY","nonfoil","nonfoil","drop","individual_drop","TCG_MARKET_PRICE_AUTHORIZED_V1","21.74","20","32.68","99.99","False","31","31","2024-02-08","2026-07-23","896","True","False","False","ESTABLISHED_1Y_TOURNAMENT_CANDIDATE","DIRECT_TEMPORAL_OOS_TOURNAMENT","SCENARIO_ONLY_UNLESS_FUTURE_DIRECT_VALIDATION","SCENARIO_ONLY_UNLESS_FUTURE_DIRECT_VALIDATION","False","False","False","False","False","False"
"SL-89EE2906EE10D0","Drop: More Borderless Planeswalkers (WPN Exclusive) - Traditional Foil Edition — Foil Edition","484582","REGISTRY_READY","foil","traditional_foil","drop","individual_drop","TCG_MARKET_PRICE_AUTHORIZED_V1","30.48","27.65","37.57","100","False","31","31","2024-02-08","2026-07-23","896","True","False","False","ESTABLISHED_1Y_TOURNAMENT_CANDIDATE","DIRECT_TEMPORAL_OOS_TOURNAMENT","SCENARIO_ONLY_UNLESS_FUTURE_DIRECT_VALIDATION","SCENARIO_ONLY_UNLESS_FUTURE_DIRECT_VALIDATION","False","False","False","False","False","False"
"SL-8A15902ECB78B5","x Iron Maiden: Eddie Unchained - Non-Foil Edition — Nonfoil Edition","656349","REGISTRY_READY","nonfoil","nonfoil","drop","individual_drop","TCG_MARKET_PRICE_AUTHORIZED_V1","153.32","182","189.99","666","False","10","10","2025-11-01","2026-07-23","264","False","False","False","SHORT_HISTORY_TOURNAMENT_CANDIDATE","SHORT_HISTORY_METHOD_TOURNAMENT","SCENARIO_ONLY_UNLESS_FUTURE_DIRECT_VALIDATION","SCENARIO_ONLY_UNLESS_FUTURE_DIRECT_VALIDATION","False","False","False","False","False","False"
"SL-8A1A953119552E","Drop: Roll for Initiative Superdrop: The All Dice Cast Bundle — Standard Edition","677414","REGISTRY_READY","unknown","unknown","bundle","bundle","TCG_MARKET_PRICE_AUTHORIZED_V1","590","900","1050","1199.94","False","1","1","2026-07-23","2026-07-23","0","False","False","False","SHORT_HISTORY_TOURNAMENT_CANDIDATE","SHORT_HISTORY_METHOD_TOURNAMENT","SCENARIO_ONLY_UNLESS_FUTURE_DIRECT_VALIDATION","SCENARIO_ONLY_UNLESS_FUTURE_DIRECT_VALIDATION","False","False","False","False","False","False"
"SL-8AAEC38BEC5FBD","Drop: Artist Series: Alayna Danner - Traditional Foil Edition — Foil Edition","493805","REGISTRY_READY","foil","traditional_foil","drop","individual_drop","TCG_MARKET_PRICE_AUTHORIZED_V1","89.73","109.9","134.99","199.99","False","31","31","2024-02-08","2026-07-23","896","True","False","False","ESTABLISHED_1Y_TOURNAMENT_CANDIDATE","DIRECT_TEMPORAL_OOS_TOURNAMENT","SCENARIO_ONLY_UNLESS_FUTURE_DIRECT_VALIDATION","SCENARIO_ONLY_UNLESS_FUTURE_DIRECT_VALIDATION","False","False","False","False","False","False"
"SL-8AF1D3A4344B55","x Furby: The Oddbodies - Non-Foil Edition — Nonfoil Edition","656367","REGISTRY_READY","nonfoil","nonfoil","drop","individual_drop","TCG_MARKET_PRICE_AUTHORIZED_V1","78.94","79.98","93.5","299","False","9","9","2025-12-01","2026-07-23","234","False","False","False","SHORT_HISTORY_TOURNAMENT_CANDIDATE","SHORT_HISTORY_METHOD_TOURNAMENT","SCENARIO_ONLY_UNLESS_FUTURE_DIRECT_VALIDATION","SCENARIO_ONLY_UNLESS_FUTURE_DIRECT_VALIDATION","False","False","False","False","False","False"
"SL-8B23D28B13195B","x FINAL FANTASY: Game Over - JP Non-Foil Edition — Nonfoil Edition","637468","REGISTRY_READY","nonfoil","nonfoil","drop","individual_drop","TCG_MARKET_PRICE_AUTHORIZED_V1","44.34","43.99","54.99","59.99","False","0","0","","","0","False","False","False","CURRENT_PRICE_ONLY_NEW_PRODUCT_CANDIDATE","NEW_PRODUCT_FALLBACK_METHOD_TOURNAMENT","SCENARIO_ONLY_UNLESS_FUTURE_DIRECT_VALIDATION","SCENARIO_ONLY_UNLESS_FUTURE_DIRECT_VALIDATION","False","False","False","False","False","False"
"SL-8B33672F7EA3BC","Drop: Summer Superdrop 2025 - The English FINAL FANTASY Bundle — Standard Edition","637680","REGISTRY_READY","unknown","unknown","bundle","bundle","TCG_MARKET_PRICE_AUTHORIZED_V1","481.48","699.98","699.98","699.98","False","1","1","2026-07-23","2026-07-23","0","False","False","False","SHORT_HISTORY_TOURNAMENT_CANDIDATE","SHORT_HISTORY_METHOD_TOURNAMENT","SCENARIO_ONLY_UNLESS_FUTURE_DIRECT_VALIDATION","SCENARIO_ONLY_UNLESS_FUTURE_DIRECT_VALIDATION","False","False","False","False","False","False"
"SL-8B470F1D9379AF","Drop: Featuring: Andrew Maclean - Rainbow Foil Edition — Foil Edition","561465","REGISTRY_READY","foil","rainbow_foil","drop","individual_drop","TCG_MARKET_PRICE_AUTHORIZED_V1","40.67","45","62.48","99","False","24","24","2024-09-01","2026-07-23","690","True","False","False","ESTABLISHED_1Y_TOURNAMENT_CANDIDATE","DIRECT_TEMPORAL_OOS_TOURNAMENT","SCENARIO_ONLY_UNLESS_FUTURE_DIRECT_VALIDATION","SCENARIO_ONLY_UNLESS_FUTURE_DIRECT_VALIDATION","False","False","False","False","False","False"
"SL-8BC0DEE34E59D2","Drop: Featuring: Kevin Eastman (Inks) - Traditional Foil Edition — Foil Edition","680231","REGISTRY_READY","foil","traditional_foil","drop","individual_drop","TCG_MARKET_PRICE_AUTHORIZED_V1","41.9","40.26","58","250","False","5","5","2026-04-01","2026-07-23","113","False","False","False","SHORT_HISTORY_TOURNAMENT_CANDIDATE","SHORT_HISTORY_METHOD_TOURNAMENT","SCENARIO_ONLY_UNLESS_FUTURE_DIRECT_VALIDATION","SCENARIO_ONLY_UNLESS_FUTURE_DIRECT_VALIDATION","False","False","False","False","False","False"
"SL-8D1031212D3210","Drop: Secret Lair x The Evil Dead - Traditional Foil Edition — Foil Edition","518830","REGISTRY_READY","foil","traditional_foil","drop","individual_drop","TCG_MARKET_PRICE_AUTHORIZED_V1","226.17","238.5","240","5000","False","31","31","2024-02-08","2026-07-23","896","True","False","False","ESTABLISHED_1Y_TOURNAMENT_CANDIDATE","DIRECT_TEMPORAL_OOS_TOURNAMENT","SCENARIO_ONLY_UNLESS_FUTURE_DIRECT_VALIDATION","SCENARIO_ONLY_UNLESS_FUTURE_DIRECT_VALIDATION","False","False","False","False","False","False"
"SL-8D82D482708660","Drop: Spring Superdrop 2024: Spring Into Action Bundle - Non-Foil Edition — Nonfoil Edition","551415","REGISTRY_READY","nonfoil","nonfoil","bundle","bundle","NO_PRODUCTION_CURRENT_MARKET_PRICE","","599.96","599.96","599.96","False","1","1","2024-11-01","2024-11-01","0","False","False","False","SHORT_HISTORY_TOURNAMENT_CANDIDATE","SHORT_HISTORY_METHOD_TOURNAMENT","SCENARIO_ONLY_UNLESS_FUTURE_DIRECT_VALIDATION","SCENARIO_ONLY_UNLESS_FUTURE_DIRECT_VALIDATION","False","False","False","False","False","False"
"SL-8DF7AA99C9F2C9","Astrology Lands (Aries) Bundle - Non-Foil Edition — Nonfoil Edition","279317","REGISTRY_READY","nonfoil","nonfoil","bundle","bundle","NO_PRODUCTION_CURRENT_MARKET_PRICE","","","","","False","0","0","","","0","False","False","False","CURRENT_AND_HISTORY_EVIDENCE_GAP","NO_1Y_PRODUCTION_FORECAST_UNTIL_EVIDENCE_AVAILABLE","SCENARIO_ONLY_UNLESS_FUTURE_DIRECT_VALIDATION","SCENARIO_ONLY_UNLESS_FUTURE_DIRECT_VALIDATION","False","False","False","False","False","False"
"SL-8DFBEA2BADBCC4","Drop: Summer Superdrop 2024: The Stage with Everything Bundle — Standard Edition","556776","REGISTRY_READY","unknown","unknown","bundle","bundle","NO_PRODUCTION_CURRENT_MARKET_PRICE","","1999.94","1999.94","1999.94","False","0","0","","","0","False","False","False","CURRENT_AND_HISTORY_EVIDENCE_GAP","NO_1Y_PRODUCTION_FORECAST_UNTIL_EVIDENCE_AVAILABLE","SCENARIO_ONLY_UNLESS_FUTURE_DIRECT_VALIDATION","SCENARIO_ONLY_UNLESS_FUTURE_DIRECT_VALIDATION","False","False","False","False","False","False"
"SL-8E1886C829359A","Drop: Prismatic Nightmares - Rainbow Foil Edition — Foil Edition","537685","REGISTRY_READY","foil","rainbow_foil","drop","individual_drop","TCG_MARKET_PRICE_AUTHORIZED_V1","122.26","146.98","158.5","250","False","29","29","2024-04-01","2026-07-23","843","True","False","False","ESTABLISHED_1Y_TOURNAMENT_CANDIDATE","DIRECT_TEMPORAL_OOS_TOURNAMENT","SCENARIO_ONLY_UNLESS_FUTURE_DIRECT_VALIDATION","SCENARIO_ONLY_UNLESS_FUTURE_DIRECT_VALIDATION","False","False","False","False","False","False"
"SL-8E83F173AEC350","x FINAL FANTASY: Gilded Lotus - Rainbow Foil Edition — Foil Edition","638883","REGISTRY_READY","foil","rainbow_foil","drop","individual_drop","TCG_MARKET_PRICE_AUTHORIZED_V1","63.22","50","76.45","250","False","14","14","2025-07-01","2026-07-23","387","True","False","False","ESTABLISHED_1Y_TOURNAMENT_CANDIDATE","DIRECT_TEMPORAL_OOS_TOURNAMENT","SCENARIO_ONLY_UNLESS_FUTURE_DIRECT_VALIDATION","SCENARIO_ONLY_UNLESS_FUTURE_DIRECT_VALIDATION","False","False","False","False","False","False"
"SL-8EBDE365E2A458","Drop: Secretversary Superdrop 2023: Lara Croft's Adventuring Bundle - Non-Foil Edition — Nonfoil Edition","528412","REGISTRY_READY","nonfoil","nonfoil","bundle","bundle","NO_PRODUCTION_CURRENT_MARKET_PRICE","","","","","False","3","3","2024-02-08","2024-05-01","83","False","False","False","SHORT_HISTORY_TOURNAMENT_CANDIDATE","SHORT_HISTORY_METHOD_TOURNAMENT","SCENARIO_ONLY_UNLESS_FUTURE_DIRECT_VALIDATION","SCENARIO_ONLY_UNLESS_FUTURE_DIRECT_VALIDATION","False","False","False","False","False","False"
"SL-8F42E22C21A812","Drop: Secret Lair x Arcane - Non-Foil Edition — Nonfoil Edition","258401","REGISTRY_READY","nonfoil","nonfoil","drop","individual_drop","TCG_MARKET_PRICE_AUTHORIZED_V1","91.89","83.99","100","149.99","False","31","31","2024-02-08","2026-07-23","896","True","False","False","ESTABLISHED_1Y_TOURNAMENT_CANDIDATE","DIRECT_TEMPORAL_OOS_TOURNAMENT","SCENARIO_ONLY_UNLESS_FUTURE_DIRECT_VALIDATION","SCENARIO_ONLY_UNLESS_FUTURE_DIRECT_VALIDATION","False","False","False","False","False","False"
"SL-8F5540C2D38BA1","Drop: Showcase: The Lost Caverns of Ixalan - Non-Foil Edition — Nonfoil Edition","528396","REGISTRY_READY","nonfoil","nonfoil","drop","individual_drop","TCG_MARKET_PRICE_AUTHORIZED_V1","39.28","49.99","54.98","72.99","False","31","31","2024-02-08","2026-07-23","896","True","False","False","ESTABLISHED_1Y_TOURNAMENT_CANDIDATE","DIRECT_TEMPORAL_OOS_TOURNAMENT","SCENARIO_ONLY_UNLESS_FUTURE_DIRECT_VALIDATION","SCENARIO_ONLY_UNLESS_FUTURE_DIRECT_VALIDATION","False","False","False","False","False","False"
"SL-8FC5EC5CE5CF31","Drop: Camp Totally Safe Superdrop: The Cabin with Non-Foils Bundle — Nonfoil Edition","584514","REGISTRY_READY","nonfoil","nonfoil","bundle","bundle","NO_PRODUCTION_CURRENT_MARKET_PRICE","","","","","False","6","6","2025-04-01","2025-09-01","153","False","False","False","SHORT_HISTORY_TOURNAMENT_CANDIDATE","SHORT_HISTORY_METHOD_TOURNAMENT","SCENARIO_ONLY_UNLESS_FUTURE_DIRECT_VALIDATION","SCENARIO_ONLY_UNLESS_FUTURE_DIRECT_VALIDATION","False","False","False","False","False","False"
"SL-8FED6673D932CA","Drop: Showcase: March of the Machine Vol. 3 - Halo Foil Edition — Foil Edition","493803","REGISTRY_READY","foil","foil_unspecified","drop","individual_drop","TCG_MARKET_PRICE_AUTHORIZED_V1","119.66","140","163.5","250","False","1","1","2026-07-23","2026-07-23","0","False","False","False","SHORT_HISTORY_TOURNAMENT_CANDIDATE","SHORT_HISTORY_METHOD_TOURNAMENT","SCENARIO_ONLY_UNLESS_FUTURE_DIRECT_VALIDATION","SCENARIO_ONLY_UNLESS_FUTURE_DIRECT_VALIDATION","False","False","False","False","False","False"
"SL-901432F718875C","Drop: Secret Lair x Teenage Mutant Ninja Turtles: The Last Ronin - Traditional Foil Edition — Foil Edition","680227","REGISTRY_READY","foil","traditional_foil","drop","individual_drop","TCG_MARKET_PRICE_AUTHORIZED_V1","53.96","54.98","75.47","500","False","5","5","2026-04-01","2026-07-23","113","False","False","False","SHORT_HISTORY_TOURNAMENT_CANDIDATE","SHORT_HISTORY_METHOD_TOURNAMENT","SCENARIO_ONLY_UNLESS_FUTURE_DIRECT_VALIDATION","SCENARIO_ONLY_UNLESS_FUTURE_DIRECT_VALIDATION","False","False","False","False","False","False"
"SL-9026C39DC2D584","Drop: Equinox Superdrop 2024: Fallout Bundle - Foil Edition — Foil Edition","545704","REGISTRY_READY","foil","foil_unspecified","bundle","bundle","TCG_MARKET_PRICE_AUTHORIZED_V1","460.94","609.98","629.99","888.88","False","28","28","2024-05-01","2026-07-23","813","True","False","False","ESTABLISHED_1Y_TOURNAMENT_CANDIDATE","DIRECT_TEMPORAL_OOS_TOURNAMENT","SCENARIO_ONLY_UNLESS_FUTURE_DIRECT_VALIDATION","SCENARIO_ONLY_UNLESS_FUTURE_DIRECT_VALIDATION","False","False","False","False","False","False"
"SL-906DC103EE0D2F","Drop: Seven In Heaven Bundle — Standard Edition","511864","REGISTRY_READY","unknown","unknown","bundle","bundle","NO_PRODUCTION_CURRENT_MARKET_PRICE","","","","","False","0","0","","","0","False","False","False","CURRENT_AND_HISTORY_EVIDENCE_GAP","NO_1Y_PRODUCTION_FORECAST_UNTIL_EVIDENCE_AVAILABLE","SCENARIO_ONLY_UNLESS_FUTURE_DIRECT_VALIDATION","SCENARIO_ONLY_UNLESS_FUTURE_DIRECT_VALIDATION","False","False","False","False","False","False"
"SL-90725EB2DB66FA","Drop: Welcome to Castle Dracula - Traditional Foil Edition — Foil Edition","258419","REGISTRY_READY","foil","traditional_foil","drop","individual_drop","TCG_MARKET_PRICE_AUTHORIZED_V1","94.37","119.99","149.95","300","False","31","31","2024-02-08","2026-07-23","896","True","False","False","ESTABLISHED_1Y_TOURNAMENT_CANDIDATE","DIRECT_TEMPORAL_OOS_TOURNAMENT","SCENARIO_ONLY_UNLESS_FUTURE_DIRECT_VALIDATION","SCENARIO_ONLY_UNLESS_FUTURE_DIRECT_VALIDATION","False","False","False","False","False","False"
"SL-908B8F97F7A4CA","Drop: Cats of Chaos - Traditional Foil Edition — Foil Edition","700796","REGISTRY_READY","foil","traditional_foil","drop","individual_drop","TCG_MARKET_PRICE_AUTHORIZED_V1","61.16","60","79.84","300","False","2","2","2026-07-01","2026-07-23","22","False","False","False","SHORT_HISTORY_TOURNAMENT_CANDIDATE","SHORT_HISTORY_METHOD_TOURNAMENT","SCENARIO_ONLY_UNLESS_FUTURE_DIRECT_VALIDATION","SCENARIO_ONLY_UNLESS_FUTURE_DIRECT_VALIDATION","False","False","False","False","False","False"
"SL-90A9B91CE326E6","Drop: Inked - Rainbow Foil Edition — Foil Edition","694714","REGISTRY_READY","foil","rainbow_foil","drop","individual_drop","TCG_MARKET_PRICE_AUTHORIZED_V1","56.71","46.15","70","999","False","3","3","2026-06-01","2026-07-23","52","False","False","False","SHORT_HISTORY_TOURNAMENT_CANDIDATE","SHORT_HISTORY_METHOD_TOURNAMENT","SCENARIO_ONLY_UNLESS_FUTURE_DIRECT_VALIDATION","SCENARIO_ONLY_UNLESS_FUTURE_DIRECT_VALIDATION","False","False","False","False","False","False"
"SL-9179B083C2914F","Drop: Featuring: Peach Momoko - Non-Foil Edition — Nonfoil Edition","584534","REGISTRY_READY","nonfoil","nonfoil","drop","individual_drop","TCG_MARKET_PRICE_AUTHORIZED_V1","90","80","109.38","149.99","False","22","22","2024-11-01","2026-07-23","629","True","False","False","ESTABLISHED_1Y_TOURNAMENT_CANDIDATE","DIRECT_TEMPORAL_OOS_TOURNAMENT","SCENARIO_ONLY_UNLESS_FUTURE_DIRECT_VALIDATION","SCENARIO_ONLY_UNLESS_FUTURE_DIRECT_VALIDATION","False","False","False","False","False","False"
"SL-91B8D55112E9C9","x Avatar: The Last Airbender: A Lot To Learn - Non-Foil Edition — Nonfoil Edition","662592","REGISTRY_READY","nonfoil","nonfoil","drop","individual_drop","TCG_MARKET_PRICE_AUTHORIZED_V1","37.89","40","50","99","False","9","9","2025-12-01","2026-07-23","234","False","False","False","SHORT_HISTORY_TOURNAMENT_CANDIDATE","SHORT_HISTORY_METHOD_TOURNAMENT","SCENARIO_ONLY_UNLESS_FUTURE_DIRECT_VALIDATION","SCENARIO_ONLY_UNLESS_FUTURE_DIRECT_VALIDATION","False","False","False","False","False","False"
"SL-920AF504850AFD","x Horizon: Into the Forbidden West - Non-Foil Edition — Nonfoil Edition","658350","REGISTRY_READY","nonfoil","nonfoil","drop","individual_drop","TCG_MARKET_PRICE_AUTHORIZED_V1","48.33","42.9","56.4","142.69","False","9","9","2025-12-01","2026-07-23","234","False","False","False","SHORT_HISTORY_TOURNAMENT_CANDIDATE","SHORT_HISTORY_METHOD_TOURNAMENT","SCENARIO_ONLY_UNLESS_FUTURE_DIRECT_VALIDATION","SCENARIO_ONLY_UNLESS_FUTURE_DIRECT_VALIDATION","False","False","False","False","False","False"
"SL-92D9B3EFB117F4","Drop: The Stars Gaze Back - Non-Foil Edition — Nonfoil Edition","501848","REGISTRY_READY","nonfoil","nonfoil","drop","individual_drop","NO_PRODUCTION_CURRENT_MARKET_PRICE","","70.93","83.03","99.99","False","29","29","2024-02-08","2026-07-23","896","True","False","False","ESTABLISHED_1Y_TOURNAMENT_CANDIDATE","DIRECT_TEMPORAL_OOS_TOURNAMENT","SCENARIO_ONLY_UNLESS_FUTURE_DIRECT_VALIDATION","SCENARIO_ONLY_UNLESS_FUTURE_DIRECT_VALIDATION","False","False","False","False","False","False"
"SL-934530AEA76C05","Drop: Artist Series: Kieran Yanner - Rainbow Foil Edition — Foil Edition","656335","REGISTRY_READY","foil","rainbow_foil","drop","individual_drop","TCG_MARKET_PRICE_AUTHORIZED_V1","149.96","144.49","154.99","500","False","10","10","2025-11-01","2026-07-23","264","False","False","False","SHORT_HISTORY_TOURNAMENT_CANDIDATE","SHORT_HISTORY_METHOD_TOURNAMENT","SCENARIO_ONLY_UNLESS_FUTURE_DIRECT_VALIDATION","SCENARIO_ONLY_UNLESS_FUTURE_DIRECT_VALIDATION","False","False","False","False","False","False"
"SL-9354CD516531FE","Drop: Legendary Flyers (Not That Kind) - Traditional Foil Edition — Foil Edition","487514","REGISTRY_READY","foil","traditional_foil","drop","individual_drop","TCG_MARKET_PRICE_AUTHORIZED_V1","85.32","95","99","100","False","31","31","2024-02-08","2026-07-23","896","True","False","False","ESTABLISHED_1Y_TOURNAMENT_CANDIDATE","DIRECT_TEMPORAL_OOS_TOURNAMENT","SCENARIO_ONLY_UNLESS_FUTURE_DIRECT_VALIDATION","SCENARIO_ONLY_UNLESS_FUTURE_DIRECT_VALIDATION","False","False","False","False","False","False"
"SL-9392A78457BB01","Commander Deck: From Cute to Brute — Standard Edition","496129","REGISTRY_READY","unknown","unknown","commander deck","deck","TCG_MARKET_PRICE_AUTHORIZED_V1","318.21","325.99","359.99","510","False","1","1","2026-07-23","2026-07-23","0","False","False","False","SHORT_HISTORY_TOURNAMENT_CANDIDATE","SHORT_HISTORY_METHOD_TOURNAMENT","SCENARIO_ONLY_UNLESS_FUTURE_DIRECT_VALIDATION","SCENARIO_ONLY_UNLESS_FUTURE_DIRECT_VALIDATION","False","False","False","False","False","False"
"SL-93933272405D31","Drop: Adventures of the Little Witch - Rainbow Foil Edition — Foil Edition","629762","REGISTRY_READY","foil","rainbow_foil","drop","individual_drop","TCG_MARKET_PRICE_AUTHORIZED_V1","64.85","64.99","73.73","229.99","False","15","15","2025-06-01","2026-07-23","417","True","False","False","ESTABLISHED_1Y_TOURNAMENT_CANDIDATE","DIRECT_TEMPORAL_OOS_TOURNAMENT","SCENARIO_ONLY_UNLESS_FUTURE_DIRECT_VALIDATION","SCENARIO_ONLY_UNLESS_FUTURE_DIRECT_VALIDATION","False","False","False","False","False","False"
"SL-93F3442047281C","Drop: Meditations on Nature - Non-Foil Edition — Nonfoil Edition","518824","REGISTRY_READY","nonfoil","nonfoil","drop","individual_drop","TCG_MARKET_PRICE_AUTHORIZED_V1","94.96","129.99","154.99","250","False","31","31","2024-02-08","2026-07-23","896","True","False","False","ESTABLISHED_1Y_TOURNAMENT_CANDIDATE","DIRECT_TEMPORAL_OOS_TOURNAMENT","SCENARIO_ONLY_UNLESS_FUTURE_DIRECT_VALIDATION","SCENARIO_ONLY_UNLESS_FUTURE_DIRECT_VALIDATION","False","False","False","False","False","False"
"SL-945C1DB70B69C9","Drop: Secret Lair Drop: Extra Life 2021- Non-Foil Edition — Nonfoil Edition","253836","REGISTRY_READY","nonfoil","nonfoil","drop","individual_drop","TCG_MARKET_PRICE_AUTHORIZED_V1","42.75","50","64.99","79.99","False","31","31","2024-02-08","2026-07-23","896","True","False","False","ESTABLISHED_1Y_TOURNAMENT_CANDIDATE","DIRECT_TEMPORAL_OOS_TOURNAMENT","SCENARIO_ONLY_UNLESS_FUTURE_DIRECT_VALIDATION","SCENARIO_ONLY_UNLESS_FUTURE_DIRECT_VALIDATION","False","False","False","False","False","False"
"SL-946D20169FB178","Drop: Artist Series: Magali Villeneuve - Non-Foil Edition — Nonfoil Edition","273597","REGISTRY_READY","nonfoil","nonfoil","drop","individual_drop","TCG_MARKET_PRICE_AUTHORIZED_V1","30.81","38","59.99","70","False","31","31","2024-02-08","2026-07-23","896","True","False","False","ESTABLISHED_1Y_TOURNAMENT_CANDIDATE","DIRECT_TEMPORAL_OOS_TOURNAMENT","SCENARIO_ONLY_UNLESS_FUTURE_DIRECT_VALIDATION","SCENARIO_ONLY_UNLESS_FUTURE_DIRECT_VALIDATION","False","False","False","False","False","False"
"SL-94AFDF17C76C12","Drop: Secret Lair x Felix the Cat: Magic Bag of Tricks - Traditional Foil Edition — Foil Edition","696127","REGISTRY_READY","foil","traditional_foil","drop","individual_drop","TCG_MARKET_PRICE_AUTHORIZED_V1","46.03","31.6","54","999","False","2","2","2026-07-01","2026-07-23","22","False","False","False","SHORT_HISTORY_TOURNAMENT_CANDIDATE","SHORT_HISTORY_METHOD_TOURNAMENT","SCENARIO_ONLY_UNLESS_FUTURE_DIRECT_VALIDATION","SCENARIO_ONLY_UNLESS_FUTURE_DIRECT_VALIDATION","False","False","False","False","False","False"
"SL-94D47F07F61A0F","Drop: Featuring: Stan Sakai - Non-Foil Edition — Nonfoil Edition","680232","REGISTRY_READY","nonfoil","nonfoil","drop","individual_drop","TCG_MARKET_PRICE_AUTHORIZED_V1","49.1","57","69.95","99.99","False","5","5","2026-04-01","2026-07-23","113","False","False","False","SHORT_HISTORY_TOURNAMENT_CANDIDATE","SHORT_HISTORY_METHOD_TOURNAMENT","SCENARIO_ONLY_UNLESS_FUTURE_DIRECT_VALIDATION","SCENARIO_ONLY_UNLESS_FUTURE_DIRECT_VALIDATION","False","False","False","False","False","False"
"SL-9501FA347D3861","Roadshow Edition: Burning Revelations - Rainbow Foil Edition — Foil Edition","540769","REGISTRY_READY","foil","rainbow_foil","drop","individual_drop","TCG_MARKET_PRICE_AUTHORIZED_V1","139.7","139.95","219.99","395","False","30","30","2024-03-01","2026-07-23","874","True","False","False","ESTABLISHED_1Y_TOURNAMENT_CANDIDATE","DIRECT_TEMPORAL_OOS_TOURNAMENT","SCENARIO_ONLY_UNLESS_FUTURE_DIRECT_VALIDATION","SCENARIO_ONLY_UNLESS_FUTURE_DIRECT_VALIDATION","False","False","False","False","False","False"
"SL-950215B0A2668B","Drop: Secret Lair x Dungeons & Dragons: Death is in the Eyes of the Beholder I - Non-Foil Edition — Nonfoil Edition","565547","REGISTRY_READY","nonfoil","nonfoil","drop","individual_drop","TCG_MARKET_PRICE_AUTHORIZED_V1","36.29","35","47.89","99","False","23","23","2024-10-01","2026-07-23","660","True","False","False","ESTABLISHED_1Y_TOURNAMENT_CANDIDATE","DIRECT_TEMPORAL_OOS_TOURNAMENT","SCENARIO_ONLY_UNLESS_FUTURE_DIRECT_VALIDATION","SCENARIO_ONLY_UNLESS_FUTURE_DIRECT_VALIDATION","False","False","False","False","False","False"
"SL-950A1262892ED0","Drop: Secret Lair x The Evil Dead - Non-Foil Edition — Nonfoil Edition","518829","REGISTRY_READY","nonfoil","nonfoil","drop","individual_drop","TCG_MARKET_PRICE_AUTHORIZED_V1","255","299.9","300","695","False","31","31","2024-02-08","2026-07-23","896","True","False","False","ESTABLISHED_1Y_TOURNAMENT_CANDIDATE","DIRECT_TEMPORAL_OOS_TOURNAMENT","SCENARIO_ONLY_UNLESS_FUTURE_DIRECT_VALIDATION","SCENARIO_ONLY_UNLESS_FUTURE_DIRECT_VALIDATION","False","False","False","False","False","False"
"SL-95580EA636B3FF","Drop: Summer Superdrop 2024: Virtuoso Bundle - Foil Edition — Foil Edition","556782","REGISTRY_READY","foil","foil_unspecified","bundle","bundle","NO_PRODUCTION_CURRENT_MARKET_PRICE","","499.94","499.94","499.94","False","13","13","2024-12-01","2026-06-01","547","True","False","False","ESTABLISHED_1Y_TOURNAMENT_CANDIDATE","DIRECT_TEMPORAL_OOS_TOURNAMENT","SCENARIO_ONLY_UNLESS_FUTURE_DIRECT_VALIDATION","SCENARIO_ONLY_UNLESS_FUTURE_DIRECT_VALIDATION","False","False","False","False","False","False"
"SL-95C045CE385254","Drop: Artist Series: Mark Poole - Non-Foil Edition — Nonfoil Edition","242341","REGISTRY_READY","nonfoil","nonfoil","drop","individual_drop","TCG_MARKET_PRICE_AUTHORIZED_V1","44.71","47.98","57.98","71.99","False","31","31","2024-02-08","2026-07-23","896","True","False","False","ESTABLISHED_1Y_TOURNAMENT_CANDIDATE","DIRECT_TEMPORAL_OOS_TOURNAMENT","SCENARIO_ONLY_UNLESS_FUTURE_DIRECT_VALIDATION","SCENARIO_ONLY_UNLESS_FUTURE_DIRECT_VALIDATION","False","False","False","False","False","False"
"SL-95CA1F687198C8","Drop: The Prophets Predicted Bundle - Non-Foil Edition — Nonfoil Edition","480451","REGISTRY_READY","nonfoil","nonfoil","bundle","bundle","NO_PRODUCTION_CURRENT_MARKET_PRICE","","588","588","588","False","0","0","","","0","False","False","False","CURRENT_AND_HISTORY_EVIDENCE_GAP","NO_1Y_PRODUCTION_FORECAST_UNTIL_EVIDENCE_AVAILABLE","SCENARIO_ONLY_UNLESS_FUTURE_DIRECT_VALIDATION","SCENARIO_ONLY_UNLESS_FUTURE_DIRECT_VALIDATION","False","False","False","False","False","False"
"SL-95F8B6ADF74AF6","Drop: The Unfathomable Crushing Brutality of Basic Lands - Traditional Foil Edition — Foil Edition","232597","REGISTRY_READY","foil","traditional_foil","drop","individual_drop","TCG_MARKET_PRICE_AUTHORIZED_V1","69.75","77.94","99.99","109.99","False","31","31","2024-02-08","2026-07-23","896","True","False","False","ESTABLISHED_1Y_TOURNAMENT_CANDIDATE","DIRECT_TEMPORAL_OOS_TOURNAMENT","SCENARIO_ONLY_UNLESS_FUTURE_DIRECT_VALIDATION","SCENARIO_ONLY_UNLESS_FUTURE_DIRECT_VALIDATION","False","False","False","False","False","False"
"SL-960978B749E8BC","Drop: June Superdrop - Non-stop, Non-Foil Bundle — Nonfoil Edition","275824","REGISTRY_READY","nonfoil","nonfoil","bundle","bundle","NO_PRODUCTION_CURRENT_MARKET_PRICE","","313","313","313","False","0","0","","","0","False","False","False","CURRENT_AND_HISTORY_EVIDENCE_GAP","NO_1Y_PRODUCTION_FORECAST_UNTIL_EVIDENCE_AVAILABLE","SCENARIO_ONLY_UNLESS_FUTURE_DIRECT_VALIDATION","SCENARIO_ONLY_UNLESS_FUTURE_DIRECT_VALIDATION","False","False","False","False","False","False"
"SL-960F8E0D48A128","Drop: Astrology Lands (Virgo) Bundle - Non-Foil Edition — Nonfoil Edition","285241","REGISTRY_READY","nonfoil","nonfoil","bundle","bundle","NO_PRODUCTION_CURRENT_MARKET_PRICE","","","","","False","0","0","","","0","False","False","False","CURRENT_AND_HISTORY_EVIDENCE_GAP","NO_1Y_PRODUCTION_FORECAST_UNTIL_EVIDENCE_AVAILABLE","SCENARIO_ONLY_UNLESS_FUTURE_DIRECT_VALIDATION","SCENARIO_ONLY_UNLESS_FUTURE_DIRECT_VALIDATION","False","False","False","False","False","False"
"SL-9636BECFACB4FB","Drop: February Superdrop - Secret Lair x Street Fighter - Non-Foil Edition — Nonfoil Edition","267781","REGISTRY_READY","nonfoil","nonfoil","drop","individual_drop","TCG_MARKET_PRICE_AUTHORIZED_V1","73","64.99","80","199","False","31","31","2024-02-08","2026-07-23","896","True","False","False","ESTABLISHED_1Y_TOURNAMENT_CANDIDATE","DIRECT_TEMPORAL_OOS_TOURNAMENT","SCENARIO_ONLY_UNLESS_FUTURE_DIRECT_VALIDATION","SCENARIO_ONLY_UNLESS_FUTURE_DIRECT_VALIDATION","False","False","False","False","False","False"
"SL-96BE56C157011C","Drop: Showcase: Zendikar Revisited - Traditional Foil Edition — Foil Edition","222992","REGISTRY_READY","foil","traditional_foil","drop","individual_drop","TCG_MARKET_PRICE_AUTHORIZED_V1","98.08","93.04","99.49","131.99","False","31","31","2024-02-08","2026-07-23","896","True","False","False","ESTABLISHED_1Y_TOURNAMENT_CANDIDATE","DIRECT_TEMPORAL_OOS_TOURNAMENT","SCENARIO_ONLY_UNLESS_FUTURE_DIRECT_VALIDATION","SCENARIO_ONLY_UNLESS_FUTURE_DIRECT_VALIDATION","False","False","False","False","False","False"
"SL-96C67AB7F9BDE5","Drop: Our Boss is on Vacation Superdrop: Cover the Boss's Office with Everything Bundle — Standard Edition","624759","REGISTRY_READY","unknown","unknown","bundle","bundle","NO_PRODUCTION_CURRENT_MARKET_PRICE","","","","","False","0","0","","","0","False","False","False","CURRENT_AND_HISTORY_EVIDENCE_GAP","NO_1Y_PRODUCTION_FORECAST_UNTIL_EVIDENCE_AVAILABLE","SCENARIO_ONLY_UNLESS_FUTURE_DIRECT_VALIDATION","SCENARIO_ONLY_UNLESS_FUTURE_DIRECT_VALIDATION","False","False","False","False","False","False"
"SL-96CADB0742DD94","x Sonic the Hedgehog Superdrop: Friends & Foes — Nonfoil Edition","643591","REGISTRY_READY","nonfoil","nonfoil","drop","individual_drop","TCG_MARKET_PRICE_AUTHORIZED_V1","54.47","49.99","59.99","99","False","1","1","2026-07-23","2026-07-23","0","False","False","False","SHORT_HISTORY_TOURNAMENT_CANDIDATE","SHORT_HISTORY_METHOD_TOURNAMENT","SCENARIO_ONLY_UNLESS_FUTURE_DIRECT_VALIDATION","SCENARIO_ONLY_UNLESS_FUTURE_DIRECT_VALIDATION","False","False","False","False","False","False"
"SL-96E8C079CD757B","Drop: Secret Lair x Hatsune Miku: Electric Entourage JP - Rainbow Foil Edition — Foil Edition","584522","REGISTRY_READY","foil","rainbow_foil","drop","individual_drop","TCG_MARKET_PRICE_AUTHORIZED_V1","45.73","44.99","70","300","False","0","0","","","0","False","False","False","CURRENT_PRICE_ONLY_NEW_PRODUCT_CANDIDATE","NEW_PRODUCT_FALLBACK_METHOD_TOURNAMENT","SCENARIO_ONLY_UNLESS_FUTURE_DIRECT_VALIDATION","SCENARIO_ONLY_UNLESS_FUTURE_DIRECT_VALIDATION","False","False","False","False","False","False"
"SL-9704D4ABAC066A","Drop: The Meaning of Life, Maybe - Non-Foil Edition — Nonfoil Edition","456540","REGISTRY_READY","nonfoil","nonfoil","drop","individual_drop","NO_PRODUCTION_CURRENT_MARKET_PRICE","","89","104.99","149.99","False","27","27","2024-02-08","2026-06-01","844","True","False","False","ESTABLISHED_1Y_TOURNAMENT_CANDIDATE","DIRECT_TEMPORAL_OOS_TOURNAMENT","SCENARIO_ONLY_UNLESS_FUTURE_DIRECT_VALIDATION","SCENARIO_ONLY_UNLESS_FUTURE_DIRECT_VALIDATION","False","False","False","False","False","False"
"SL-97078E5D14EBE4","Drop: Showcase: Outlaws of Thunder Junction - Non-Foil Edition — Nonfoil Edition","551454","REGISTRY_READY","nonfoil","nonfoil","drop","individual_drop","TCG_MARKET_PRICE_AUTHORIZED_V1","37.32","44.95","50","99","False","26","26","2024-07-01","2026-07-23","752","True","False","False","ESTABLISHED_1Y_TOURNAMENT_CANDIDATE","DIRECT_TEMPORAL_OOS_TOURNAMENT","SCENARIO_ONLY_UNLESS_FUTURE_DIRECT_VALIDATION","SCENARIO_ONLY_UNLESS_FUTURE_DIRECT_VALIDATION","False","False","False","False","False","False"
"SL-9717333D02A391","Drop: Secret Lair x Ghostbusters: The Real Ghostbusters - Rainbow Foil Edition — Foil Edition","584524","REGISTRY_READY","foil","rainbow_foil","drop","individual_drop","TCG_MARKET_PRICE_AUTHORIZED_V1","37.16","35","60","149.99","False","22","22","2024-11-01","2026-07-23","629","True","False","False","ESTABLISHED_1Y_TOURNAMENT_CANDIDATE","DIRECT_TEMPORAL_OOS_TOURNAMENT","SCENARIO_ONLY_UNLESS_FUTURE_DIRECT_VALIDATION","SCENARIO_ONLY_UNLESS_FUTURE_DIRECT_VALIDATION","False","False","False","False","False","False"
"SL-9762ED8DD0FDB9","Drop: Imaginary Friends - Traditional Foil Edition — Foil Edition","283273","REGISTRY_READY","foil","traditional_foil","drop","individual_drop","TCG_MARKET_PRICE_AUTHORIZED_V1","56.2","61.56","87.97","300","False","31","31","2024-02-08","2026-07-23","896","True","False","False","ESTABLISHED_1Y_TOURNAMENT_CANDIDATE","DIRECT_TEMPORAL_OOS_TOURNAMENT","SCENARIO_ONLY_UNLESS_FUTURE_DIRECT_VALIDATION","SCENARIO_ONLY_UNLESS_FUTURE_DIRECT_VALIDATION","False","False","False","False","False","False"
"SL-97A19C3BC3A646","Drop: Crocodile Jackson's Monstrous Menagerie - Non-Foil Edition — Nonfoil Edition","258482","REGISTRY_READY","nonfoil","nonfoil","drop","individual_drop","TCG_MARKET_PRICE_AUTHORIZED_V1","39.39","35","43.15","70","False","31","31","2024-02-08","2026-07-23","896","True","False","False","ESTABLISHED_1Y_TOURNAMENT_CANDIDATE","DIRECT_TEMPORAL_OOS_TOURNAMENT","SCENARIO_ONLY_UNLESS_FUTURE_DIRECT_VALIDATION","SCENARIO_ONLY_UNLESS_FUTURE_DIRECT_VALIDATION","False","False","False","False","False","False"
"SL-97B83ADAA797E8","Drop: Secret Lair x Dungeons & Dragons: Strahd’s Descent - Non-Foil Edition — Nonfoil Edition","677410","REGISTRY_READY","nonfoil","nonfoil","drop","individual_drop","TCG_MARKET_PRICE_AUTHORIZED_V1","42.59","42.59","51.99","124.99","False","6","6","2026-03-01","2026-07-23","144","False","False","False","SHORT_HISTORY_TOURNAMENT_CANDIDATE","SHORT_HISTORY_METHOD_TOURNAMENT","SCENARIO_ONLY_UNLESS_FUTURE_DIRECT_VALIDATION","SCENARIO_ONLY_UNLESS_FUTURE_DIRECT_VALIDATION","False","False","False","False","False","False"
"SL-97D4DC2FDE2271","Drop: Secretversary Superdrop - No Foils, No Nonsense Bundle — Foil Edition","228709","REGISTRY_READY","foil","foil_unspecified","bundle","bundle","NO_PRODUCTION_CURRENT_MARKET_PRICE","","","","","False","0","0","","","0","False","False","False","CURRENT_AND_HISTORY_EVIDENCE_GAP","NO_1Y_PRODUCTION_FORECAST_UNTIL_EVIDENCE_AVAILABLE","SCENARIO_ONLY_UNLESS_FUTURE_DIRECT_VALIDATION","SCENARIO_ONLY_UNLESS_FUTURE_DIRECT_VALIDATION","False","False","False","False","False","False"
"SL-97E67435FE209E","Drop: Secret Lair x Fallout: Beyond Vault 33 - Non-Foil Edition — Nonfoil Edition","673773","REGISTRY_READY","nonfoil","nonfoil","drop","individual_drop","TCG_MARKET_PRICE_AUTHORIZED_V1","23.62","20","44.99","129.99","False","7","7","2026-02-01","2026-07-23","172","False","False","False","SHORT_HISTORY_TOURNAMENT_CANDIDATE","SHORT_HISTORY_METHOD_TOURNAMENT","SCENARIO_ONLY_UNLESS_FUTURE_DIRECT_VALIDATION","SCENARIO_ONLY_UNLESS_FUTURE_DIRECT_VALIDATION","False","False","False","False","False","False"
"SL-98B49C340237E2","Drop: Teferi's Time Trouble - Non-Foil Edition — Nonfoil Edition","247340","REGISTRY_READY","nonfoil","nonfoil","drop","individual_drop","TCG_MARKET_PRICE_AUTHORIZED_V1","21.52","19.9","27.24","77.94","False","31","31","2024-02-08","2026-07-23","896","True","False","False","ESTABLISHED_1Y_TOURNAMENT_CANDIDATE","DIRECT_TEMPORAL_OOS_TOURNAMENT","SCENARIO_ONLY_UNLESS_FUTURE_DIRECT_VALIDATION","SCENARIO_ONLY_UNLESS_FUTURE_DIRECT_VALIDATION","False","False","False","False","False","False"
"SL-9956C343D188B0","Drop: Aether Drifters - Traditional Foil Edition — Foil Edition","618111","REGISTRY_READY","foil","traditional_foil","drop","individual_drop","TCG_MARKET_PRICE_AUTHORIZED_V1","42.17","43","52.99","150","False","18","18","2025-03-01","2026-07-23","509","True","False","False","ESTABLISHED_1Y_TOURNAMENT_CANDIDATE","DIRECT_TEMPORAL_OOS_TOURNAMENT","SCENARIO_ONLY_UNLESS_FUTURE_DIRECT_VALIDATION","SCENARIO_ONLY_UNLESS_FUTURE_DIRECT_VALIDATION","False","False","False","False","False","False"
"SL-9962EA8B669B4F","Drop: Absolute Annihilation - Traditional Foil Edition — Foil Edition","514995","REGISTRY_READY","foil","traditional_foil","drop","individual_drop","TCG_MARKET_PRICE_AUTHORIZED_V1","64.95","70.95","92.96","124.93","False","31","31","2024-02-08","2026-07-23","896","True","False","False","ESTABLISHED_1Y_TOURNAMENT_CANDIDATE","DIRECT_TEMPORAL_OOS_TOURNAMENT","SCENARIO_ONLY_UNLESS_FUTURE_DIRECT_VALIDATION","SCENARIO_ONLY_UNLESS_FUTURE_DIRECT_VALIDATION","False","False","False","False","False","False"
"SL-9A20B1803ACEFF","Drop: Showcase: Zendikar Revisited - Non-Foil Edition — Nonfoil Edition","222991","REGISTRY_READY","nonfoil","nonfoil","drop","individual_drop","TCG_MARKET_PRICE_AUTHORIZED_V1","80.81","80.81","103.4","114.99","False","31","31","2024-02-08","2026-07-23","896","True","False","False","ESTABLISHED_1Y_TOURNAMENT_CANDIDATE","DIRECT_TEMPORAL_OOS_TOURNAMENT","SCENARIO_ONLY_UNLESS_FUTURE_DIRECT_VALIDATION","SCENARIO_ONLY_UNLESS_FUTURE_DIRECT_VALIDATION","False","False","False","False","False","False"
"SL-9A6EF28EECF2DC","Drop: Artist Series: Jesper Ejsing - Non-Foil Edition — Nonfoil Edition","618096","REGISTRY_READY","nonfoil","nonfoil","drop","individual_drop","TCG_MARKET_PRICE_AUTHORIZED_V1","73.75","73.75","92.95","199","False","18","18","2025-03-01","2026-07-23","509","True","False","False","ESTABLISHED_1Y_TOURNAMENT_CANDIDATE","DIRECT_TEMPORAL_OOS_TOURNAMENT","SCENARIO_ONLY_UNLESS_FUTURE_DIRECT_VALIDATION","SCENARIO_ONLY_UNLESS_FUTURE_DIRECT_VALIDATION","False","False","False","False","False","False"
"SL-9A70751B3B58BD","Drop: Special Guest: Fiona Staples - Traditional Foil Edition — Foil Edition","242342","REGISTRY_READY","foil","traditional_foil","drop","individual_drop","TCG_MARKET_PRICE_AUTHORIZED_V1","49.55","50.7","67.99","90","False","31","31","2024-02-08","2026-07-23","896","True","False","False","ESTABLISHED_1Y_TOURNAMENT_CANDIDATE","DIRECT_TEMPORAL_OOS_TOURNAMENT","SCENARIO_ONLY_UNLESS_FUTURE_DIRECT_VALIDATION","SCENARIO_ONLY_UNLESS_FUTURE_DIRECT_VALIDATION","False","False","False","False","False","False"
"SL-9B1071444456CB","x Playstation Superdrop: Non-Foil Trophy Bundle — Nonfoil Edition","660337","REGISTRY_READY","nonfoil","nonfoil","bundle","bundle","TCG_MARKET_PRICE_AUTHORIZED_V1","359.98","399.95","404.98","410","False","9","9","2025-12-01","2026-07-23","234","False","False","False","SHORT_HISTORY_TOURNAMENT_CANDIDATE","SHORT_HISTORY_METHOD_TOURNAMENT","SCENARIO_ONLY_UNLESS_FUTURE_DIRECT_VALIDATION","SCENARIO_ONLY_UNLESS_FUTURE_DIRECT_VALIDATION","False","False","False","False","False","False"
"SL-9B4F84E69F4CCE","x Chaos Vault Drop: Alien Auroras (Galaxy Foil) — Foil Edition","646801","REGISTRY_READY","foil","galaxy_foil","drop","individual_drop","TCG_MARKET_PRICE_AUTHORIZED_V1","61","60","80","400","False","13","13","2025-08-01","2026-07-23","356","False","False","False","SHORT_HISTORY_TOURNAMENT_CANDIDATE","SHORT_HISTORY_METHOD_TOURNAMENT","SCENARIO_ONLY_UNLESS_FUTURE_DIRECT_VALIDATION","SCENARIO_ONLY_UNLESS_FUTURE_DIRECT_VALIDATION","False","False","False","False","False","False"
"SL-9BC9B71A47DED5","Drop: Dreaming Darkly - Rainbow Foil Edition — Foil Edition","656345","REGISTRY_READY","foil","rainbow_foil","drop","individual_drop","TCG_MARKET_PRICE_AUTHORIZED_V1","42.16","44.58","50.76","999","False","10","10","2025-11-01","2026-07-23","264","False","False","False","SHORT_HISTORY_TOURNAMENT_CANDIDATE","SHORT_HISTORY_METHOD_TOURNAMENT","SCENARIO_ONLY_UNLESS_FUTURE_DIRECT_VALIDATION","SCENARIO_ONLY_UNLESS_FUTURE_DIRECT_VALIDATION","False","False","False","False","False","False"
"SL-9BE91DCFB8B637","Full Bundle — Standard Edition","205231","REGISTRY_READY","unknown","unknown","bundle","bundle","TCG_MARKET_PRICE_AUTHORIZED_V1","562.99","985","999.99","1000","False","1","1","2026-07-23","2026-07-23","0","False","False","False","SHORT_HISTORY_TOURNAMENT_CANDIDATE","SHORT_HISTORY_METHOD_TOURNAMENT","SCENARIO_ONLY_UNLESS_FUTURE_DIRECT_VALIDATION","SCENARIO_ONLY_UNLESS_FUTURE_DIRECT_VALIDATION","False","False","False","False","False","False"
"SL-9BF166AA8657DF","Drop: Winter Superdrop 2025: Trail-Ready Non-Foils Bundle — Nonfoil Edition","618118","REGISTRY_READY","nonfoil","nonfoil","bundle","bundle","NO_PRODUCTION_CURRENT_MARKET_PRICE","","574.94","574.94","574.94","False","0","0","","","0","False","False","False","CURRENT_AND_HISTORY_EVIDENCE_GAP","NO_1Y_PRODUCTION_FORECAST_UNTIL_EVIDENCE_AVAILABLE","SCENARIO_ONLY_UNLESS_FUTURE_DIRECT_VALIDATION","SCENARIO_ONLY_UNLESS_FUTURE_DIRECT_VALIDATION","False","False","False","False","False","False"
"SL-9CD3BAD93DA107","Roadshow Edition: Li'l Giri Saves the Day - Traditional Foil Edition — Foil Edition","453035","REGISTRY_READY","foil","traditional_foil","drop","individual_drop","TCG_MARKET_PRICE_AUTHORIZED_V1","54.69","52","69.99","100","False","31","31","2024-02-08","2026-07-23","896","True","False","False","ESTABLISHED_1Y_TOURNAMENT_CANDIDATE","DIRECT_TEMPORAL_OOS_TOURNAMENT","SCENARIO_ONLY_UNLESS_FUTURE_DIRECT_VALIDATION","SCENARIO_ONLY_UNLESS_FUTURE_DIRECT_VALIDATION","False","False","False","False","False","False"
"SL-9CD93C9989F563","Drop: Trick or Treat - Rainbow Foil Edition — Foil Edition","656353","REGISTRY_READY","foil","rainbow_foil","drop","individual_drop","TCG_MARKET_PRICE_AUTHORIZED_V1","46.36","59.99","67.48","300","False","10","10","2025-11-01","2026-07-23","264","False","False","False","SHORT_HISTORY_TOURNAMENT_CANDIDATE","SHORT_HISTORY_METHOD_TOURNAMENT","SCENARIO_ONLY_UNLESS_FUTURE_DIRECT_VALIDATION","SCENARIO_ONLY_UNLESS_FUTURE_DIRECT_VALIDATION","False","False","False","False","False","False"
"SL-9E1C46A1207B0B","Drop: Winter Superdrop 2025: Campfire Merriment Bundle - Foil Edition — Foil Edition","618120","REGISTRY_READY","foil","foil_unspecified","bundle","bundle","NO_PRODUCTION_CURRENT_MARKET_PRICE","","349.94","349.94","349.94","False","0","0","","","0","False","False","False","CURRENT_AND_HISTORY_EVIDENCE_GAP","NO_1Y_PRODUCTION_FORECAST_UNTIL_EVIDENCE_AVAILABLE","SCENARIO_ONLY_UNLESS_FUTURE_DIRECT_VALIDATION","SCENARIO_ONLY_UNLESS_FUTURE_DIRECT_VALIDATION","False","False","False","False","False","False"
"SL-9E3BBD4ED8D2C6","Drop: Spring Superdrop 2024: Everything is Blooming Bundle — Standard Edition","551407","REGISTRY_READY","unknown","unknown","bundle","bundle","NO_PRODUCTION_CURRENT_MARKET_PRICE","","1699.94","1699.94","1699.94","False","0","0","","","0","False","False","False","CURRENT_AND_HISTORY_EVIDENCE_GAP","NO_1Y_PRODUCTION_FORECAST_UNTIL_EVIDENCE_AVAILABLE","SCENARIO_ONLY_UNLESS_FUTURE_DIRECT_VALIDATION","SCENARIO_ONLY_UNLESS_FUTURE_DIRECT_VALIDATION","False","False","False","False","False","False"
"SL-9EA2580F2EEDC6","Drop: Summer Superdrop 2024: Virtuoso Bundle - Non-Foil Edition — Nonfoil Edition","556783","REGISTRY_READY","nonfoil","nonfoil","bundle","bundle","NO_PRODUCTION_CURRENT_MARKET_PRICE","","399.94","399.94","399.94","False","0","0","","","0","False","False","False","CURRENT_AND_HISTORY_EVIDENCE_GAP","NO_1Y_PRODUCTION_FORECAST_UNTIL_EVIDENCE_AVAILABLE","SCENARIO_ONLY_UNLESS_FUTURE_DIRECT_VALIDATION","SCENARIO_ONLY_UNLESS_FUTURE_DIRECT_VALIDATION","False","False","False","False","False","False"
"SL-9EAF8671F2BE80","Reality Fracture - Secret Lair Bundle Case — Standard Edition","692992","REGISTRY_READY","unknown","unknown","bundle","bundle","TCG_MARKET_PRICE_AUTHORIZED_V1","887.41","899.81","899.81","899.81","False","1","1","2026-07-23","2026-07-23","0","False","False","False","SHORT_HISTORY_TOURNAMENT_CANDIDATE","SHORT_HISTORY_METHOD_TOURNAMENT","SCENARIO_ONLY_UNLESS_FUTURE_DIRECT_VALIDATION","SCENARIO_ONLY_UNLESS_FUTURE_DIRECT_VALIDATION","False","False","False","False","False","False"
"SL-9EDDAD28E6FDFB","Drop: Secret Lair x Marvel's Storm - Rainbow Foil Edition — Foil Edition","592079","REGISTRY_READY","foil","rainbow_foil","drop","individual_drop","TCG_MARKET_PRICE_AUTHORIZED_V1","92.6","89.99","114.99","500","False","21","21","2024-12-01","2026-07-23","599","True","False","False","ESTABLISHED_1Y_TOURNAMENT_CANDIDATE","DIRECT_TEMPORAL_OOS_TOURNAMENT","SCENARIO_ONLY_UNLESS_FUTURE_DIRECT_VALIDATION","SCENARIO_ONLY_UNLESS_FUTURE_DIRECT_VALIDATION","False","False","False","False","False","False"
"SL-9EEE08FA6CD557","x Chaos Vault Drop: Featuring: Deathburger (Galaxy Foil) — Foil Edition","646799","REGISTRY_READY","foil","galaxy_foil","drop","individual_drop","TCG_MARKET_PRICE_AUTHORIZED_V1","38.16","30","45.52","300","False","12","12","2025-09-01","2026-07-23","325","False","False","False","SHORT_HISTORY_TOURNAMENT_CANDIDATE","SHORT_HISTORY_METHOD_TOURNAMENT","SCENARIO_ONLY_UNLESS_FUTURE_DIRECT_VALIDATION","SCENARIO_ONLY_UNLESS_FUTURE_DIRECT_VALIDATION","False","False","False","False","False","False"
"SL-9EFB956D77D864","Drop: Secretversary Superdrop 2023: Goodie Bag Loaded with Foils Bundle — Foil Edition","528416","REGISTRY_READY","foil","foil_unspecified","bundle","bundle","NO_PRODUCTION_CURRENT_MARKET_PRICE","","","","","False","0","0","","","0","False","False","False","CURRENT_AND_HISTORY_EVIDENCE_GAP","NO_1Y_PRODUCTION_FORECAST_UNTIL_EVIDENCE_AVAILABLE","SCENARIO_ONLY_UNLESS_FUTURE_DIRECT_VALIDATION","SCENARIO_ONLY_UNLESS_FUTURE_DIRECT_VALIDATION","False","False","False","False","False","False"
"SL-9F25EFE6D18364","Drop: Inside an Elevator Superdrop: Awkward Small Talk Bundle - Foil Edition — Foil Edition","561528","REGISTRY_READY","foil","foil_unspecified","bundle","bundle","NO_PRODUCTION_CURRENT_MARKET_PRICE","","","","","False","6","6","2025-10-01","2026-03-01","151","False","False","False","SHORT_HISTORY_TOURNAMENT_CANDIDATE","SHORT_HISTORY_METHOD_TOURNAMENT","SCENARIO_ONLY_UNLESS_FUTURE_DIRECT_VALIDATION","SCENARIO_ONLY_UNLESS_FUTURE_DIRECT_VALIDATION","False","False","False","False","False","False"
"SL-9F2EA943C39F55","Drop: Li'l'est Walkers - Rainbow Foil Edition — Foil Edition","517681","REGISTRY_READY","foil","rainbow_foil","drop","individual_drop","TCG_MARKET_PRICE_AUTHORIZED_V1","23.37","19.99","46.94","190","False","31","31","2024-02-08","2026-07-23","896","True","False","False","ESTABLISHED_1Y_TOURNAMENT_CANDIDATE","DIRECT_TEMPORAL_OOS_TOURNAMENT","SCENARIO_ONLY_UNLESS_FUTURE_DIRECT_VALIDATION","SCENARIO_ONLY_UNLESS_FUTURE_DIRECT_VALIDATION","False","False","False","False","False","False"
"SL-9F9E2E3B15A276","Astrology Lands (Taurus) Bundle - Traditional Foil Edition — Foil Edition","279323","REGISTRY_READY","foil","traditional_foil","bundle","bundle","NO_PRODUCTION_CURRENT_MARKET_PRICE","","","","","False","0","0","","","0","False","False","False","CURRENT_AND_HISTORY_EVIDENCE_GAP","NO_1Y_PRODUCTION_FORECAST_UNTIL_EVIDENCE_AVAILABLE","SCENARIO_ONLY_UNLESS_FUTURE_DIRECT_VALIDATION","SCENARIO_ONLY_UNLESS_FUTURE_DIRECT_VALIDATION","False","False","False","False","False","False"
"SL-9FDDEAE495C5DE","Drop: Secret Lair x Dungeons & Dragons: Black Lights & Dark Dungeons - Non-Foil Edition — Nonfoil Edition","677404","REGISTRY_READY","nonfoil","nonfoil","drop","individual_drop","TCG_MARKET_PRICE_AUTHORIZED_V1","79.75","71.9","83.98","200","False","6","6","2026-03-01","2026-07-23","144","False","False","False","SHORT_HISTORY_TOURNAMENT_CANDIDATE","SHORT_HISTORY_METHOD_TOURNAMENT","SCENARIO_ONLY_UNLESS_FUTURE_DIRECT_VALIDATION","SCENARIO_ONLY_UNLESS_FUTURE_DIRECT_VALIDATION","False","False","False","False","False","False"
"SL-A000A22E459D28","Drop: Secret Lair x My Little Pony: The Lands of Equestria - Non-Foil Edition — Nonfoil Edition","691183","REGISTRY_READY","nonfoil","nonfoil","drop","individual_drop","TCG_MARKET_PRICE_AUTHORIZED_V1","46.84","35","47.63","297","False","2","2","2026-07-01","2026-07-23","22","False","False","False","SHORT_HISTORY_TOURNAMENT_CANDIDATE","SHORT_HISTORY_METHOD_TOURNAMENT","SCENARIO_ONLY_UNLESS_FUTURE_DIRECT_VALIDATION","SCENARIO_ONLY_UNLESS_FUTURE_DIRECT_VALIDATION","False","False","False","False","False","False"
"SL-A0A3FDF7E0BD6D","Drop: Secret Lair x Teenage Mutant Ninja Turtles: The Last Ronin - Non-Foil Edition — Nonfoil Edition","680226","REGISTRY_READY","nonfoil","nonfoil","drop","individual_drop","TCG_MARKET_PRICE_AUTHORIZED_V1","49.35","49.11","69.99","100","False","5","5","2026-04-01","2026-07-23","113","False","False","False","SHORT_HISTORY_TOURNAMENT_CANDIDATE","SHORT_HISTORY_METHOD_TOURNAMENT","SCENARIO_ONLY_UNLESS_FUTURE_DIRECT_VALIDATION","SCENARIO_ONLY_UNLESS_FUTURE_DIRECT_VALIDATION","False","False","False","False","False","False"
"SL-A0CEFE66D8D941","Drop: Transformers: Roll Out or Rise Up - Non-Foil Edition — Nonfoil Edition","456532","REGISTRY_READY","nonfoil","nonfoil","drop","individual_drop","TCG_MARKET_PRICE_AUTHORIZED_V1","112.63","140.01","140.01","140.01","False","31","31","2024-02-08","2026-07-23","896","True","False","False","ESTABLISHED_1Y_TOURNAMENT_CANDIDATE","DIRECT_TEMPORAL_OOS_TOURNAMENT","SCENARIO_ONLY_UNLESS_FUTURE_DIRECT_VALIDATION","SCENARIO_ONLY_UNLESS_FUTURE_DIRECT_VALIDATION","False","False","False","False","False","False"
"SL-A0E13DA74146D6","Drop: Dogs Are Better Than Cats - Rainbow Foil Edition — Foil Edition","624507","REGISTRY_READY","foil","rainbow_foil","drop","individual_drop","TCG_MARKET_PRICE_AUTHORIZED_V1","93.31","102","119.95","399","False","17","17","2025-04-01","2026-07-23","478","True","False","False","ESTABLISHED_1Y_TOURNAMENT_CANDIDATE","DIRECT_TEMPORAL_OOS_TOURNAMENT","SCENARIO_ONLY_UNLESS_FUTURE_DIRECT_VALIDATION","SCENARIO_ONLY_UNLESS_FUTURE_DIRECT_VALIDATION","False","False","False","False","False","False"
"SL-A0F468E911DF55","Drop: Totally TubuLair Superdrop: Totally Tubulair! Everything Bundle — Standard Edition","680235","REGISTRY_READY","unknown","unknown","bundle","bundle","TCG_MARKET_PRICE_AUTHORIZED_V1","999.95","999.9","1147.47","1499.94","False","1","1","2026-07-23","2026-07-23","0","False","False","False","SHORT_HISTORY_TOURNAMENT_CANDIDATE","SHORT_HISTORY_METHOD_TOURNAMENT","SCENARIO_ONLY_UNLESS_FUTURE_DIRECT_VALIDATION","SCENARIO_ONLY_UNLESS_FUTURE_DIRECT_VALIDATION","False","False","False","False","False","False"
"SL-A13BDE5A40E7C6","Ponies: The Galloping 2: Extra Life 2023 - Traditional Foil Edition — Foil Edition","516993","REGISTRY_READY","foil","traditional_foil","drop","individual_drop","TCG_MARKET_PRICE_AUTHORIZED_V1","198.89","190","225","600","False","31","31","2024-02-08","2026-07-23","896","True","False","False","ESTABLISHED_1Y_TOURNAMENT_CANDIDATE","DIRECT_TEMPORAL_OOS_TOURNAMENT","SCENARIO_ONLY_UNLESS_FUTURE_DIRECT_VALIDATION","SCENARIO_ONLY_UNLESS_FUTURE_DIRECT_VALIDATION","False","False","False","False","False","False"
"SL-A15A9EF8FFC0C3","Drop: Secret Lair x Dungeons & Dragons: Shadows Over Baldur’s Gate - Non-Foil Edition — Nonfoil Edition","677406","REGISTRY_READY","nonfoil","nonfoil","drop","individual_drop","TCG_MARKET_PRICE_AUTHORIZED_V1","36.76","35","49.99","75","False","6","6","2026-03-01","2026-07-23","144","False","False","False","SHORT_HISTORY_TOURNAMENT_CANDIDATE","SHORT_HISTORY_METHOD_TOURNAMENT","SCENARIO_ONLY_UNLESS_FUTURE_DIRECT_VALIDATION","SCENARIO_ONLY_UNLESS_FUTURE_DIRECT_VALIDATION","False","False","False","False","False","False"
"SL-A1DD82B9F45A59","Commander Deck: Goblin Storm — Standard Edition","693209","REGISTRY_READY","unknown","unknown","commander deck","deck","TCG_MARKET_PRICE_AUTHORIZED_V1","449.92","438","597.88","20000","False","1","1","2026-07-23","2026-07-23","0","False","False","False","SHORT_HISTORY_TOURNAMENT_CANDIDATE","SHORT_HISTORY_METHOD_TOURNAMENT","SCENARIO_ONLY_UNLESS_FUTURE_DIRECT_VALIDATION","SCENARIO_ONLY_UNLESS_FUTURE_DIRECT_VALIDATION","False","False","False","False","False","False"
"SL-A1F9DC4DE016E1","Drop: Secret Lair x Creepshow - Traditional Foil Edition — Foil Edition","518827","REGISTRY_READY","foil","traditional_foil","drop","individual_drop","TCG_MARKET_PRICE_AUTHORIZED_V1","84.59","80.36","88","149.99","False","31","31","2024-02-08","2026-07-23","896","True","False","False","ESTABLISHED_1Y_TOURNAMENT_CANDIDATE","DIRECT_TEMPORAL_OOS_TOURNAMENT","SCENARIO_ONLY_UNLESS_FUTURE_DIRECT_VALIDATION","SCENARIO_ONLY_UNLESS_FUTURE_DIRECT_VALIDATION","False","False","False","False","False","False"
"SL-A26DEC91D98CFF","Drop: Our Boss is on Vacation Superdrop: Secret Lair High Class of '87 - Non-Foil Edition — Nonfoil Edition","624739","REGISTRY_READY","nonfoil","nonfoil","drop","individual_drop","TCG_MARKET_PRICE_AUTHORIZED_V1","20.41","15","25.5","99","False","16","16","2025-05-01","2026-07-23","448","True","False","False","ESTABLISHED_1Y_TOURNAMENT_CANDIDATE","DIRECT_TEMPORAL_OOS_TOURNAMENT","SCENARIO_ONLY_UNLESS_FUTURE_DIRECT_VALIDATION","SCENARIO_ONLY_UNLESS_FUTURE_DIRECT_VALIDATION","False","False","False","False","False","False"
"SL-A2CAA7DD3627FD","Drop: Secret Lair x Marvel's Deadpool - Non-Foil Edition — Nonfoil Edition","625876","REGISTRY_READY","nonfoil","nonfoil","drop","individual_drop","TCG_MARKET_PRICE_AUTHORIZED_V1","58.1","51.98","69.97","250","False","16","16","2025-05-01","2026-07-23","448","True","False","False","ESTABLISHED_1Y_TOURNAMENT_CANDIDATE","DIRECT_TEMPORAL_OOS_TOURNAMENT","SCENARIO_ONLY_UNLESS_FUTURE_DIRECT_VALIDATION","SCENARIO_ONLY_UNLESS_FUTURE_DIRECT_VALIDATION","False","False","False","False","False","False"
"SL-A2E8FE14360AF9","Drop: Theros Stargazing: Vol.III (Erebos) - Traditional Foil Edition — Foil Edition","209381","REGISTRY_READY","foil","traditional_foil","drop","individual_drop","TCG_MARKET_PRICE_AUTHORIZED_V1","88.01","88.48","104","119.99","False","31","31","2024-02-08","2026-07-23","896","True","False","False","ESTABLISHED_1Y_TOURNAMENT_CANDIDATE","DIRECT_TEMPORAL_OOS_TOURNAMENT","SCENARIO_ONLY_UNLESS_FUTURE_DIRECT_VALIDATION","SCENARIO_ONLY_UNLESS_FUTURE_DIRECT_VALIDATION","False","False","False","False","False","False"
"SL-A3ADDCA9165A2F","x Sonic the Hedgehog Superdrop: Super Sonic Bundle — Nonfoil Edition","643597","REGISTRY_READY","nonfoil","nonfoil","bundle","bundle","TCG_MARKET_PRICE_AUTHORIZED_V1","171.6","180.99","199.47","249.99","False","1","1","2026-07-23","2026-07-23","0","False","False","False","SHORT_HISTORY_TOURNAMENT_CANDIDATE","SHORT_HISTORY_METHOD_TOURNAMENT","SCENARIO_ONLY_UNLESS_FUTURE_DIRECT_VALIDATION","SCENARIO_ONLY_UNLESS_FUTURE_DIRECT_VALIDATION","False","False","False","False","False","False"
"SL-A4528679EBCD24","Drop: Imaginary Friends - Non-Foil Edition — Nonfoil Edition","283272","REGISTRY_READY","nonfoil","nonfoil","drop","individual_drop","TCG_MARKET_PRICE_AUTHORIZED_V1","49.13","54.04","56.95","80","False","31","31","2024-02-08","2026-07-23","896","True","False","False","ESTABLISHED_1Y_TOURNAMENT_CANDIDATE","DIRECT_TEMPORAL_OOS_TOURNAMENT","SCENARIO_ONLY_UNLESS_FUTURE_DIRECT_VALIDATION","SCENARIO_ONLY_UNLESS_FUTURE_DIRECT_VALIDATION","False","False","False","False","False","False"
"SL-A461D1EB9128DC","Drop: Theros Stargazing: Vol.V (Nylea) - Traditional Foil Edition — Foil Edition","209379","REGISTRY_READY","foil","traditional_foil","drop","individual_drop","TCG_MARKET_PRICE_AUTHORIZED_V1","52.28","49.99","63.68","99.99","False","31","31","2024-02-08","2026-07-23","896","True","False","False","ESTABLISHED_1Y_TOURNAMENT_CANDIDATE","DIRECT_TEMPORAL_OOS_TOURNAMENT","SCENARIO_ONLY_UNLESS_FUTURE_DIRECT_VALIDATION","SCENARIO_ONLY_UNLESS_FUTURE_DIRECT_VALIDATION","False","False","False","False","False","False"
"SL-A47DB53641C91B","Drop: Our Boss is on Vacation Superdrop: Spongebob Squarepants Bundle - Rainbow Foil Edition — Foil Edition","624749","REGISTRY_READY","foil","rainbow_foil","bundle","bundle","TCG_MARKET_PRICE_AUTHORIZED_V1","311.66","434.99","449.98","474.99","False","17","17","2025-04-01","2026-07-23","478","True","False","False","ESTABLISHED_1Y_TOURNAMENT_CANDIDATE","DIRECT_TEMPORAL_OOS_TOURNAMENT","SCENARIO_ONLY_UNLESS_FUTURE_DIRECT_VALIDATION","SCENARIO_ONLY_UNLESS_FUTURE_DIRECT_VALIDATION","False","False","False","False","False","False"
"SL-A4B37777A977B9","Drop: Spring Superdrop 2024: All The Foils Are Blooming Bundle — Foil Edition","551408","REGISTRY_READY","foil","foil_unspecified","bundle","bundle","NO_PRODUCTION_CURRENT_MARKET_PRICE","","","","","False","6","6","2024-12-01","2025-05-01","151","False","False","False","SHORT_HISTORY_TOURNAMENT_CANDIDATE","SHORT_HISTORY_METHOD_TOURNAMENT","SCENARIO_ONLY_UNLESS_FUTURE_DIRECT_VALIDATION","SCENARIO_ONLY_UNLESS_FUTURE_DIRECT_VALIDATION","False","False","False","False","False","False"
"SL-A5708359BCF021","Drop: Summer Superdrop - Ornithological Studies - Non-Foil Edition — Nonfoil Edition","214911","REGISTRY_READY","nonfoil","nonfoil","drop","individual_drop","TCG_MARKET_PRICE_AUTHORIZED_V1","56.17","52.99","70","399.01","False","31","31","2024-02-08","2026-07-23","896","True","False","False","ESTABLISHED_1Y_TOURNAMENT_CANDIDATE","DIRECT_TEMPORAL_OOS_TOURNAMENT","SCENARIO_ONLY_UNLESS_FUTURE_DIRECT_VALIDATION","SCENARIO_ONLY_UNLESS_FUTURE_DIRECT_VALIDATION","False","False","False","False","False","False"
"SL-A57E7603094331","Drop: Summer Superdrop 2024: The Stage with Foils Bundle — Foil Edition","556777","REGISTRY_READY","foil","foil_unspecified","bundle","bundle","NO_PRODUCTION_CURRENT_MARKET_PRICE","","1299.94","1299.94","1299.94","False","7","7","2024-08-01","2025-05-01","273","False","False","False","SHORT_HISTORY_TOURNAMENT_CANDIDATE","SHORT_HISTORY_METHOD_TOURNAMENT","SCENARIO_ONLY_UNLESS_FUTURE_DIRECT_VALIDATION","SCENARIO_ONLY_UNLESS_FUTURE_DIRECT_VALIDATION","False","False","False","False","False","False"
"SL-A59C9ADCD75BE0","Drop: Secret Lair x Stranger Things - Traditional Foil Edition — Foil Edition","251744","REGISTRY_READY","foil","traditional_foil","drop","individual_drop","TCG_MARKET_PRICE_AUTHORIZED_V1","139.12","143","163.04","249.99","False","31","31","2024-02-08","2026-07-23","896","True","False","False","ESTABLISHED_1Y_TOURNAMENT_CANDIDATE","DIRECT_TEMPORAL_OOS_TOURNAMENT","SCENARIO_ONLY_UNLESS_FUTURE_DIRECT_VALIDATION","SCENARIO_ONLY_UNLESS_FUTURE_DIRECT_VALIDATION","False","False","False","False","False","False"
"SL-A5E1293D263AF0","x Furby: Doo-ay Noo-lah - Rainbow Foil Edition — Foil Edition","656356","REGISTRY_READY","foil","rainbow_foil","drop","individual_drop","TCG_MARKET_PRICE_AUTHORIZED_V1","60.6","50","69.89","299","False","10","10","2025-11-01","2026-07-23","264","False","False","False","SHORT_HISTORY_TOURNAMENT_CANDIDATE","SHORT_HISTORY_METHOD_TOURNAMENT","SCENARIO_ONLY_UNLESS_FUTURE_DIRECT_VALIDATION","SCENARIO_ONLY_UNLESS_FUTURE_DIRECT_VALIDATION","False","False","False","False","False","False"
"SL-A63C3F080DE9D2","Drop: Secret Lair x Fortnite - Non-Foil Edition — Nonfoil Edition","279335","REGISTRY_READY","nonfoil","nonfoil","drop","individual_drop","TCG_MARKET_PRICE_AUTHORIZED_V1","105.69","100","109.9","199","False","30","30","2024-02-08","2026-07-23","896","True","False","False","ESTABLISHED_1Y_TOURNAMENT_CANDIDATE","DIRECT_TEMPORAL_OOS_TOURNAMENT","SCENARIO_ONLY_UNLESS_FUTURE_DIRECT_VALIDATION","SCENARIO_ONLY_UNLESS_FUTURE_DIRECT_VALIDATION","False","False","False","False","False","False"
"SL-A6ECC7D38BF81A","Drop: Summer Superdrop 2025 - The Summer Superdrop Bundle (Rainbow Foil Edition) — Foil Edition","637678","REGISTRY_READY","foil","rainbow_foil","bundle","bundle","NO_PRODUCTION_CURRENT_MARKET_PRICE","","849.95","849.95","849.95","False","14","14","2025-07-01","2026-07-23","387","True","False","False","ESTABLISHED_1Y_TOURNAMENT_CANDIDATE","DIRECT_TEMPORAL_OOS_TOURNAMENT","SCENARIO_ONLY_UNLESS_FUTURE_DIRECT_VALIDATION","SCENARIO_ONLY_UNLESS_FUTURE_DIRECT_VALIDATION","False","False","False","False","False","False"
"SL-A6FBE97D53BCE6","Drop: Tales of the Time Stoppers - Rainbow Foil Edition — Foil Edition","528405","REGISTRY_READY","foil","rainbow_foil","drop","individual_drop","TCG_MARKET_PRICE_AUTHORIZED_V1","44.96","39.99","53.88","100","False","31","31","2024-02-08","2026-07-23","896","True","False","False","ESTABLISHED_1Y_TOURNAMENT_CANDIDATE","DIRECT_TEMPORAL_OOS_TOURNAMENT","SCENARIO_ONLY_UNLESS_FUTURE_DIRECT_VALIDATION","SCENARIO_ONLY_UNLESS_FUTURE_DIRECT_VALIDATION","False","False","False","False","False","False"
"SL-A709252A4DA96B","Drop: Welcome to Castle Dracula - Non-Foil Edition — Nonfoil Edition","258418","REGISTRY_READY","nonfoil","nonfoil","drop","individual_drop","TCG_MARKET_PRICE_AUTHORIZED_V1","77.69","74.99","88.99","99.99","False","31","31","2024-02-08","2026-07-23","896","True","False","False","ESTABLISHED_1Y_TOURNAMENT_CANDIDATE","DIRECT_TEMPORAL_OOS_TOURNAMENT","SCENARIO_ONLY_UNLESS_FUTURE_DIRECT_VALIDATION","SCENARIO_ONLY_UNLESS_FUTURE_DIRECT_VALIDATION","False","False","False","False","False","False"
"SL-A7A995D0FE468E","Astrology Lands (Taurus) - Non-Foil Edition — Nonfoil Edition","279324","REGISTRY_READY","nonfoil","nonfoil","drop","individual_drop","NO_PRODUCTION_CURRENT_MARKET_PRICE","","99","99","99","False","10","10","2024-05-01","2025-04-01","335","False","False","False","SHORT_HISTORY_TOURNAMENT_CANDIDATE","SHORT_HISTORY_METHOD_TOURNAMENT","SCENARIO_ONLY_UNLESS_FUTURE_DIRECT_VALIDATION","SCENARIO_ONLY_UNLESS_FUTURE_DIRECT_VALIDATION","False","False","False","False","False","False"
"SL-A7E5B7F6EC8B4A","Drop: Lorwyn Lightboxes - Rainbow Foil Edition — Foil Edition","618109","REGISTRY_READY","foil","rainbow_foil","drop","individual_drop","TCG_MARKET_PRICE_AUTHORIZED_V1","48","40.43","56.94","99.99","False","17","17","2025-04-01","2026-07-23","478","True","False","False","ESTABLISHED_1Y_TOURNAMENT_CANDIDATE","DIRECT_TEMPORAL_OOS_TOURNAMENT","SCENARIO_ONLY_UNLESS_FUTURE_DIRECT_VALIDATION","SCENARIO_ONLY_UNLESS_FUTURE_DIRECT_VALIDATION","False","False","False","False","False","False"
"SL-A7EA98C7CECF4C","Drop: OMG KITTIES! - Traditional Foil Edition — Foil Edition","205230","REGISTRY_READY","foil","traditional_foil","drop","individual_drop","TCG_MARKET_PRICE_AUTHORIZED_V1","164.52","164.99","182.35","299.99","False","31","31","2024-02-08","2026-07-23","896","True","False","False","ESTABLISHED_1Y_TOURNAMENT_CANDIDATE","DIRECT_TEMPORAL_OOS_TOURNAMENT","SCENARIO_ONLY_UNLESS_FUTURE_DIRECT_VALIDATION","SCENARIO_ONLY_UNLESS_FUTURE_DIRECT_VALIDATION","False","False","False","False","False","False"
"SL-A82A8D6CE7A54C","Drop: Fill My Cauldron with Dr. Who Bundle — Standard Edition","518844","REGISTRY_READY","unknown","unknown","bundle","bundle","NO_PRODUCTION_CURRENT_MARKET_PRICE","","","","","False","0","0","","","0","False","False","False","CURRENT_AND_HISTORY_EVIDENCE_GAP","NO_1Y_PRODUCTION_FORECAST_UNTIL_EVIDENCE_AVAILABLE","SCENARIO_ONLY_UNLESS_FUTURE_DIRECT_VALIDATION","SCENARIO_ONLY_UNLESS_FUTURE_DIRECT_VALIDATION","False","False","False","False","False","False"
"SL-A82BC05ADED8C7","Drop: Showcase: Read The Fine Print - Foil Etched Edition — Foil Edition","251763","REGISTRY_READY","foil","etched_foil","drop","individual_drop","TCG_MARKET_PRICE_AUTHORIZED_V1","54.23","59.16","72.49","90","False","31","31","2024-02-08","2026-07-23","896","True","False","False","ESTABLISHED_1Y_TOURNAMENT_CANDIDATE","DIRECT_TEMPORAL_OOS_TOURNAMENT","SCENARIO_ONLY_UNLESS_FUTURE_DIRECT_VALIDATION","SCENARIO_ONLY_UNLESS_FUTURE_DIRECT_VALIDATION","False","False","False","False","False","False"
"SL-A82BF7D7962B00","Festival in a Box Philadelphia 2023 Bundle — Standard Edition","455833","REGISTRY_READY","unknown","unknown","festival in a box","festival_in_a_box","TCG_MARKET_PRICE_AUTHORIZED_V1","799","10000","10000","10000","False","1","1","2026-07-23","2026-07-23","0","False","False","False","SHORT_HISTORY_TOURNAMENT_CANDIDATE","SHORT_HISTORY_METHOD_TOURNAMENT","SCENARIO_ONLY_UNLESS_FUTURE_DIRECT_VALIDATION","SCENARIO_ONLY_UNLESS_FUTURE_DIRECT_VALIDATION","False","False","False","False","False","False"
"SL-A8A83DC7B06C38","Drop: February Superdrop - Kamigawa: the Manga: the Cards - Non-Foil Edition — Nonfoil Edition","267770","REGISTRY_READY","nonfoil","nonfoil","drop","individual_drop","TCG_MARKET_PRICE_AUTHORIZED_V1","51.6","53.18","70","99","False","31","31","2024-02-08","2026-07-23","896","True","False","False","ESTABLISHED_1Y_TOURNAMENT_CANDIDATE","DIRECT_TEMPORAL_OOS_TOURNAMENT","SCENARIO_ONLY_UNLESS_FUTURE_DIRECT_VALIDATION","SCENARIO_ONLY_UNLESS_FUTURE_DIRECT_VALIDATION","False","False","False","False","False","False"
"SL-A8B0B83EFB86DE","Drop: KEXP: Where the Music Matters - Non-Foil Edition — Nonfoil Edition","632012","REGISTRY_READY","nonfoil","nonfoil","drop","individual_drop","TCG_MARKET_PRICE_AUTHORIZED_V1","32.35","29.99","42.48","77","False","15","15","2025-06-01","2026-07-23","417","True","False","False","ESTABLISHED_1Y_TOURNAMENT_CANDIDATE","DIRECT_TEMPORAL_OOS_TOURNAMENT","SCENARIO_ONLY_UNLESS_FUTURE_DIRECT_VALIDATION","SCENARIO_ONLY_UNLESS_FUTURE_DIRECT_VALIDATION","False","False","False","False","False","False"
"SL-A8B11C02BE3C6B","Drop: All-Natural - Foil — Foil Edition","242355","REGISTRY_READY","foil","foil_unspecified","drop","individual_drop","NO_PRODUCTION_CURRENT_MARKET_PRICE","","","","","False","0","0","","","0","False","False","False","CURRENT_AND_HISTORY_EVIDENCE_GAP","NO_1Y_PRODUCTION_FORECAST_UNTIL_EVIDENCE_AVAILABLE","SCENARIO_ONLY_UNLESS_FUTURE_DIRECT_VALIDATION","SCENARIO_ONLY_UNLESS_FUTURE_DIRECT_VALIDATION","False","False","False","False","False","False"
"SL-A8BD8FB79427E4","Drop: Artist Series: Kieran Yanner - Non-Foil Edition — Nonfoil Edition","656333","REGISTRY_READY","nonfoil","nonfoil","drop","individual_drop","TCG_MARKET_PRICE_AUTHORIZED_V1","119.93","110.88","133.95","178.72","False","10","10","2025-11-01","2026-07-23","264","False","False","False","SHORT_HISTORY_TOURNAMENT_CANDIDATE","SHORT_HISTORY_METHOD_TOURNAMENT","SCENARIO_ONLY_UNLESS_FUTURE_DIRECT_VALIDATION","SCENARIO_ONLY_UNLESS_FUTURE_DIRECT_VALIDATION","False","False","False","False","False","False"
"SL-A9B0DE6D450794","x Play-Doh: Squishful Thinking: Extra Life 2025 - Rainbow Foil Edition — Foil Edition","655504","REGISTRY_READY","foil","rainbow_foil","drop","individual_drop","TCG_MARKET_PRICE_AUTHORIZED_V1","53.23","52.95","89.99","149.99","False","10","10","2025-11-01","2026-07-23","264","False","False","False","SHORT_HISTORY_TOURNAMENT_CANDIDATE","SHORT_HISTORY_METHOD_TOURNAMENT","SCENARIO_ONLY_UNLESS_FUTURE_DIRECT_VALIDATION","SCENARIO_ONLY_UNLESS_FUTURE_DIRECT_VALIDATION","False","False","False","False","False","False"
"SL-AA188176080230","Drop: Special Guest: Junji Ito (Japanese) - Foil Etched Edition — Foil Edition","450533","REGISTRY_READY","foil","etched_foil","drop","individual_drop","TCG_MARKET_PRICE_AUTHORIZED_V1","172.15","178.8","183.77","239.99","False","0","0","","","0","False","False","False","CURRENT_PRICE_ONLY_NEW_PRODUCT_CANDIDATE","NEW_PRODUCT_FALLBACK_METHOD_TOURNAMENT","SCENARIO_ONLY_UNLESS_FUTURE_DIRECT_VALIDATION","SCENARIO_ONLY_UNLESS_FUTURE_DIRECT_VALIDATION","False","False","False","False","False","False"
"SL-AA1F67E9D21D5F","Drop: Fill My Cauldron with Almost Everything Bundle — Standard Edition","518850","REGISTRY_READY","unknown","unknown","bundle","bundle","NO_PRODUCTION_CURRENT_MARKET_PRICE","","","","","False","0","0","","","0","False","False","False","CURRENT_AND_HISTORY_EVIDENCE_GAP","NO_1Y_PRODUCTION_FORECAST_UNTIL_EVIDENCE_AVAILABLE","SCENARIO_ONLY_UNLESS_FUTURE_DIRECT_VALIDATION","SCENARIO_ONLY_UNLESS_FUTURE_DIRECT_VALIDATION","False","False","False","False","False","False"
"SL-AA2410B0C1D7D4","Drop: Featuring: Kevin Eastman (Inks) - Non-Foil Edition — Nonfoil Edition","680230","REGISTRY_READY","nonfoil","nonfoil","drop","individual_drop","TCG_MARKET_PRICE_AUTHORIZED_V1","40.42","29.99","45.65","75","False","5","5","2026-04-01","2026-07-23","113","False","False","False","SHORT_HISTORY_TOURNAMENT_CANDIDATE","SHORT_HISTORY_METHOD_TOURNAMENT","SCENARIO_ONLY_UNLESS_FUTURE_DIRECT_VALIDATION","SCENARIO_ONLY_UNLESS_FUTURE_DIRECT_VALIDATION","False","False","False","False","False","False"
"SL-AB047EA1882C29","Drop: Astrology Lands (Aquarius) Bundle - Non-Foil Edition — Nonfoil Edition","279187","REGISTRY_READY","nonfoil","nonfoil","bundle","bundle","NO_PRODUCTION_CURRENT_MARKET_PRICE","","","","","False","0","0","","","0","False","False","False","CURRENT_AND_HISTORY_EVIDENCE_GAP","NO_1Y_PRODUCTION_FORECAST_UNTIL_EVIDENCE_AVAILABLE","SCENARIO_ONLY_UNLESS_FUTURE_DIRECT_VALIDATION","SCENARIO_ONLY_UNLESS_FUTURE_DIRECT_VALIDATION","False","False","False","False","False","False"
"SL-AB56800C1F600A","Drop: Secret Lair x Fallout: Promo - Silver Shroud Costume - Traditional Foil Edition — Foil Edition","702291","REGISTRY_READY","foil","traditional_foil","drop","individual_drop","TCG_MARKET_PRICE_AUTHORIZED_V1","16.42","12.21","19.44","100","False","2","2","2026-07-01","2026-07-23","22","False","False","False","SHORT_HISTORY_TOURNAMENT_CANDIDATE","SHORT_HISTORY_METHOD_TOURNAMENT","SCENARIO_ONLY_UNLESS_FUTURE_DIRECT_VALIDATION","SCENARIO_ONLY_UNLESS_FUTURE_DIRECT_VALIDATION","False","False","False","False","False","False"
"SL-AB95FD365E982F","x Chaos Vault Drop: Commander Reinforcements Counter Intelligence Bundle — Standard Edition","646785","REGISTRY_READY","unknown","unknown","bundle","bundle","NO_PRODUCTION_CURRENT_MARKET_PRICE","","139.91","144.96","149.99","False","0","0","","","0","False","False","False","CURRENT_AND_HISTORY_EVIDENCE_GAP","NO_1Y_PRODUCTION_FORECAST_UNTIL_EVIDENCE_AVAILABLE","SCENARIO_ONLY_UNLESS_FUTURE_DIRECT_VALIDATION","SCENARIO_ONLY_UNLESS_FUTURE_DIRECT_VALIDATION","False","False","False","False","False","False"
"SL-ABB49E64363CCC","Drop: Artist Series: Ryan Alexander Lee - Non-Foil Edition — Nonfoil Edition","501846","REGISTRY_READY","nonfoil","nonfoil","drop","individual_drop","TCG_MARKET_PRICE_AUTHORIZED_V1","26.69","12.96","45.48","80","False","31","31","2024-02-08","2026-07-23","896","True","False","False","ESTABLISHED_1Y_TOURNAMENT_CANDIDATE","DIRECT_TEMPORAL_OOS_TOURNAMENT","SCENARIO_ONLY_UNLESS_FUTURE_DIRECT_VALIDATION","SCENARIO_ONLY_UNLESS_FUTURE_DIRECT_VALIDATION","False","False","False","False","False","False"
"SL-ABCCB33232898E","Drop: Secret Lair x Dungeons & Dragons: Whispers in Candlekeep - Foil Edition — Foil Edition","677409","REGISTRY_READY","foil","foil_unspecified","drop","individual_drop","TCG_MARKET_PRICE_AUTHORIZED_V1","72.63","68.97","87.98","400","False","6","6","2026-03-01","2026-07-23","144","False","False","False","SHORT_HISTORY_TOURNAMENT_CANDIDATE","SHORT_HISTORY_METHOD_TOURNAMENT","SCENARIO_ONLY_UNLESS_FUTURE_DIRECT_VALIDATION","SCENARIO_ONLY_UNLESS_FUTURE_DIRECT_VALIDATION","False","False","False","False","False","False"
"SL-ABDD178723A109","Drop: Summer Superdrop 2024: Hatsune Miku: Digital Sensation Bundle — Standard Edition","556779","REGISTRY_READY","unknown","unknown","bundle","bundle","NO_PRODUCTION_CURRENT_MARKET_PRICE","","","","","False","1","1","2026-07-23","2026-07-23","0","False","False","False","SHORT_HISTORY_TOURNAMENT_CANDIDATE","SHORT_HISTORY_METHOD_TOURNAMENT","SCENARIO_ONLY_UNLESS_FUTURE_DIRECT_VALIDATION","SCENARIO_ONLY_UNLESS_FUTURE_DIRECT_VALIDATION","False","False","False","False","False","False"
"SL-AC1856E0C8845C","Drop: Featuring: the Mountain Goats - Traditional Foil Edition — Foil Edition","501849","REGISTRY_READY","foil","traditional_foil","drop","individual_drop","TCG_MARKET_PRICE_AUTHORIZED_V1","89.74","70","86.83","149.99","False","31","31","2024-02-08","2026-07-23","896","True","False","False","ESTABLISHED_1Y_TOURNAMENT_CANDIDATE","DIRECT_TEMPORAL_OOS_TOURNAMENT","SCENARIO_ONLY_UNLESS_FUTURE_DIRECT_VALIDATION","SCENARIO_ONLY_UNLESS_FUTURE_DIRECT_VALIDATION","False","False","False","False","False","False"
"SL-AC65540B60B707","x The Last of Us Part I - Non-Foil Edition — Nonfoil Edition","658346","REGISTRY_READY","nonfoil","nonfoil","drop","individual_drop","TCG_MARKET_PRICE_AUTHORIZED_V1","30.5","28.87","44.99","100","False","9","9","2025-12-01","2026-07-23","234","False","False","False","SHORT_HISTORY_TOURNAMENT_CANDIDATE","SHORT_HISTORY_METHOD_TOURNAMENT","SCENARIO_ONLY_UNLESS_FUTURE_DIRECT_VALIDATION","SCENARIO_ONLY_UNLESS_FUTURE_DIRECT_VALIDATION","False","False","False","False","False","False"
"SL-ACABE87A5A45D3","Drop: Secret Lair x Marvel's Deadpool - Rainbow Foil Edition — Foil Edition","625877","REGISTRY_READY","foil","rainbow_foil","drop","individual_drop","TCG_MARKET_PRICE_AUTHORIZED_V1","67.09","64","89.3","450","False","16","16","2025-05-01","2026-07-23","448","True","False","False","ESTABLISHED_1Y_TOURNAMENT_CANDIDATE","DIRECT_TEMPORAL_OOS_TOURNAMENT","SCENARIO_ONLY_UNLESS_FUTURE_DIRECT_VALIDATION","SCENARIO_ONLY_UNLESS_FUTURE_DIRECT_VALIDATION","False","False","False","False","False","False"
"SL-AD341F83F23370","Drop: Camp Totally Safe Superdrop: Night Swim Bundle - Foil Edition — Foil Edition","584518","REGISTRY_READY","foil","foil_unspecified","bundle","bundle","NO_PRODUCTION_CURRENT_MARKET_PRICE","","225","235.47","245.94","False","0","0","","","0","False","False","False","CURRENT_AND_HISTORY_EVIDENCE_GAP","NO_1Y_PRODUCTION_FORECAST_UNTIL_EVIDENCE_AVAILABLE","SCENARIO_ONLY_UNLESS_FUTURE_DIRECT_VALIDATION","SCENARIO_ONLY_UNLESS_FUTURE_DIRECT_VALIDATION","False","False","False","False","False","False"
"SL-AD7D0C2C8E16D2","Drop: Secret Lair x Monty Python: Monty Python and the Holy Grail: Vol. 1 - Traditional Foil Edition — Foil Edition","561454","REGISTRY_READY","foil","traditional_foil","drop","individual_drop","TCG_MARKET_PRICE_AUTHORIZED_V1","180","173.98","198","299","False","25","25","2024-08-01","2026-07-23","721","True","False","False","ESTABLISHED_1Y_TOURNAMENT_CANDIDATE","DIRECT_TEMPORAL_OOS_TOURNAMENT","SCENARIO_ONLY_UNLESS_FUTURE_DIRECT_VALIDATION","SCENARIO_ONLY_UNLESS_FUTURE_DIRECT_VALIDATION","False","False","False","False","False","False"
"SL-AD8DAA8BB11594","Drop: Secret Lair x Doctor Who: Regeneration - Non-Foil Edition — Nonfoil Edition","530779","REGISTRY_READY","nonfoil","nonfoil","drop","individual_drop","TCG_MARKET_PRICE_AUTHORIZED_V1","267.09","267.09","300","350","False","31","31","2024-02-08","2026-07-23","896","True","False","False","ESTABLISHED_1Y_TOURNAMENT_CANDIDATE","DIRECT_TEMPORAL_OOS_TOURNAMENT","SCENARIO_ONLY_UNLESS_FUTURE_DIRECT_VALIDATION","SCENARIO_ONLY_UNLESS_FUTURE_DIRECT_VALIDATION","False","False","False","False","False","False"
"SL-AE029B9E8B8A9F","Drop: Transformers: Optimus Prime Vs. Megatron - Non-Foil Edition — Nonfoil Edition","456530","REGISTRY_READY","nonfoil","nonfoil","drop","individual_drop","TCG_MARKET_PRICE_AUTHORIZED_V1","97.98","93.75","115.8","250","False","31","31","2024-02-08","2026-07-23","896","True","False","False","ESTABLISHED_1Y_TOURNAMENT_CANDIDATE","DIRECT_TEMPORAL_OOS_TOURNAMENT","SCENARIO_ONLY_UNLESS_FUTURE_DIRECT_VALIDATION","SCENARIO_ONLY_UNLESS_FUTURE_DIRECT_VALIDATION","False","False","False","False","False","False"
"SL-AE955D714FF932","Drop: Secret Lair x Hatsune Miku: Digital Sensation JP - Non-Foil Edition — Nonfoil Edition","556794","REGISTRY_READY","nonfoil","nonfoil","drop","individual_drop","TCG_MARKET_PRICE_AUTHORIZED_V1","66.23","80","112.47","149.99","False","0","0","","","0","False","False","False","CURRENT_PRICE_ONLY_NEW_PRODUCT_CANDIDATE","NEW_PRODUCT_FALLBACK_METHOD_TOURNAMENT","SCENARIO_ONLY_UNLESS_FUTURE_DIRECT_VALIDATION","SCENARIO_ONLY_UNLESS_FUTURE_DIRECT_VALIDATION","False","False","False","False","False","False"
"SL-AEAC3B5B48F1C7","Drop: Paradise Frost - Non-Foil Edition — Nonfoil Edition","528402","REGISTRY_READY","nonfoil","nonfoil","drop","individual_drop","TCG_MARKET_PRICE_AUTHORIZED_V1","100.66","120.99","129.32","200","False","31","31","2024-02-08","2026-07-23","896","True","False","False","ESTABLISHED_1Y_TOURNAMENT_CANDIDATE","DIRECT_TEMPORAL_OOS_TOURNAMENT","SCENARIO_ONLY_UNLESS_FUTURE_DIRECT_VALIDATION","SCENARIO_ONLY_UNLESS_FUTURE_DIRECT_VALIDATION","False","False","False","False","False","False"
"SL-AED577907E5FAA","Drop: February Superdrop - Pictures of the Floating World - Non-Foil Edition — Nonfoil Edition","267774","REGISTRY_READY","nonfoil","nonfoil","drop","individual_drop","TCG_MARKET_PRICE_AUTHORIZED_V1","29.83","28","39.99","71.99","False","31","31","2024-02-08","2026-07-23","896","True","False","False","ESTABLISHED_1Y_TOURNAMENT_CANDIDATE","DIRECT_TEMPORAL_OOS_TOURNAMENT","SCENARIO_ONLY_UNLESS_FUTURE_DIRECT_VALIDATION","SCENARIO_ONLY_UNLESS_FUTURE_DIRECT_VALIDATION","False","False","False","False","False","False"
"SL-AEE188BFE88ED3","Drop: Summer Superdrop 2024: The Stage with Non-Foils Bundle — Nonfoil Edition","556778","REGISTRY_READY","nonfoil","nonfoil","bundle","bundle","NO_PRODUCTION_CURRENT_MARKET_PRICE","","1199.94","1199.94","1199.94","False","2","2","2025-02-01","2025-03-01","28","False","False","False","SHORT_HISTORY_TOURNAMENT_CANDIDATE","SHORT_HISTORY_METHOD_TOURNAMENT","SCENARIO_ONLY_UNLESS_FUTURE_DIRECT_VALIDATION","SCENARIO_ONLY_UNLESS_FUTURE_DIRECT_VALIDATION","False","False","False","False","False","False"
"SL-AF4CAB7AA2FC3B","Drop: Equinox Superdrop 2024: Fallout Bundle - Non-Foil Edition — Nonfoil Edition","545705","REGISTRY_READY","nonfoil","nonfoil","bundle","bundle","TCG_MARKET_PRICE_AUTHORIZED_V1","286.62","339.95","339.95","349.99","False","28","28","2024-05-01","2026-07-23","813","True","False","False","ESTABLISHED_1Y_TOURNAMENT_CANDIDATE","DIRECT_TEMPORAL_OOS_TOURNAMENT","SCENARIO_ONLY_UNLESS_FUTURE_DIRECT_VALIDATION","SCENARIO_ONLY_UNLESS_FUTURE_DIRECT_VALIDATION","False","False","False","False","False","False"
"SL-AF7841CC1354F9","Drop: Our Boss is on Vacation Superdrop: Garden Buds - Rainbow Foil Edition — Foil Edition","624742","REGISTRY_READY","foil","rainbow_foil","drop","individual_drop","TCG_MARKET_PRICE_AUTHORIZED_V1","58.3","54.88","69.99","100","False","16","16","2025-05-01","2026-07-23","448","True","False","False","ESTABLISHED_1Y_TOURNAMENT_CANDIDATE","DIRECT_TEMPORAL_OOS_TOURNAMENT","SCENARIO_ONLY_UNLESS_FUTURE_DIRECT_VALIDATION","SCENARIO_ONLY_UNLESS_FUTURE_DIRECT_VALIDATION","False","False","False","False","False","False"
"SL-AFC52E51751441","Drop: Winter Superdrop 2024: All the Savory Non-Foils Bundle — Nonfoil Edition","537667","REGISTRY_READY","nonfoil","nonfoil","bundle","bundle","NO_PRODUCTION_CURRENT_MARKET_PRICE","","699.94","699.94","699.94","False","0","0","","","0","False","False","False","CURRENT_AND_HISTORY_EVIDENCE_GAP","NO_1Y_PRODUCTION_FORECAST_UNTIL_EVIDENCE_AVAILABLE","SCENARIO_ONLY_UNLESS_FUTURE_DIRECT_VALIDATION","SCENARIO_ONLY_UNLESS_FUTURE_DIRECT_VALIDATION","False","False","False","False","False","False"
"SL-B00E61FF6854EE","Drop: Purr Majesty - Traditional Foil Edition — Foil Edition","695135","REGISTRY_READY","foil","traditional_foil","drop","individual_drop","TCG_MARKET_PRICE_AUTHORIZED_V1","135","135","150.75","500","False","2","2","2026-07-01","2026-07-23","22","False","False","False","SHORT_HISTORY_TOURNAMENT_CANDIDATE","SHORT_HISTORY_METHOD_TOURNAMENT","SCENARIO_ONLY_UNLESS_FUTURE_DIRECT_VALIDATION","SCENARIO_ONLY_UNLESS_FUTURE_DIRECT_VALIDATION","False","False","False","False","False","False"
"SL-B01296C6F1D9D6","Drop: Just Add Milk - Non-Foil Edition — Nonfoil Edition","456548","REGISTRY_READY","nonfoil","nonfoil","drop","individual_drop","TCG_MARKET_PRICE_AUTHORIZED_V1","63.74","62.98","68.98","89.99","False","31","31","2024-02-08","2026-07-23","896","True","False","False","ESTABLISHED_1Y_TOURNAMENT_CANDIDATE","DIRECT_TEMPORAL_OOS_TOURNAMENT","SCENARIO_ONLY_UNLESS_FUTURE_DIRECT_VALIDATION","SCENARIO_ONLY_UNLESS_FUTURE_DIRECT_VALIDATION","False","False","False","False","False","False"
"SL-B0373781315725","Drop: Secret Lair x Doctor Who: The Dalek Lands - Traditional Foil Edition — Foil Edition","518835","REGISTRY_READY","foil","traditional_foil","drop","individual_drop","TCG_MARKET_PRICE_AUTHORIZED_V1","54.84","45","59.75","9999","False","31","31","2024-02-08","2026-07-23","896","True","False","False","ESTABLISHED_1Y_TOURNAMENT_CANDIDATE","DIRECT_TEMPORAL_OOS_TOURNAMENT","SCENARIO_ONLY_UNLESS_FUTURE_DIRECT_VALIDATION","SCENARIO_ONLY_UNLESS_FUTURE_DIRECT_VALIDATION","False","False","False","False","False","False"
"SL-B08949D7A3AFE1","x FINAL FANTASY: Grimoire - Rainbow Foil Edition — Foil Edition","637470","REGISTRY_READY","foil","rainbow_foil","drop","individual_drop","TCG_MARKET_PRICE_AUTHORIZED_V1","114.57","103","122.3","300","False","14","14","2025-07-01","2026-07-23","387","True","False","False","ESTABLISHED_1Y_TOURNAMENT_CANDIDATE","DIRECT_TEMPORAL_OOS_TOURNAMENT","SCENARIO_ONLY_UNLESS_FUTURE_DIRECT_VALIDATION","SCENARIO_ONLY_UNLESS_FUTURE_DIRECT_VALIDATION","False","False","False","False","False","False"
"SL-B0DEB8AFB8B821","Drop: Artist Series: Wayne Reynolds - Non-Foil Edition — Nonfoil Edition","273600","REGISTRY_READY","nonfoil","nonfoil","drop","individual_drop","TCG_MARKET_PRICE_AUTHORIZED_V1","29.22","28","56.8","76.99","False","31","31","2024-02-08","2026-07-23","896","True","False","False","ESTABLISHED_1Y_TOURNAMENT_CANDIDATE","DIRECT_TEMPORAL_OOS_TOURNAMENT","SCENARIO_ONLY_UNLESS_FUTURE_DIRECT_VALIDATION","SCENARIO_ONLY_UNLESS_FUTURE_DIRECT_VALIDATION","False","False","False","False","False","False"
"SL-B0E43DFE167A56","Drop: Artist Series: Livia Prima - Non-Foil Edition — Nonfoil Edition","275803","REGISTRY_READY","nonfoil","nonfoil","drop","individual_drop","TCG_MARKET_PRICE_AUTHORIZED_V1","42.83","43.86","51.67","99.99","False","31","31","2024-02-08","2026-07-23","896","True","False","False","ESTABLISHED_1Y_TOURNAMENT_CANDIDATE","DIRECT_TEMPORAL_OOS_TOURNAMENT","SCENARIO_ONLY_UNLESS_FUTURE_DIRECT_VALIDATION","SCENARIO_ONLY_UNLESS_FUTURE_DIRECT_VALIDATION","False","False","False","False","False","False"
"SL-B11309A971433D","Drop: Secret Lair x Brain Dead: Creatures - Non-Foil Edition — Nonfoil Edition","561456","REGISTRY_READY","nonfoil","nonfoil","drop","individual_drop","TCG_MARKET_PRICE_AUTHORIZED_V1","46.38","40","55","99","False","24","24","2024-09-01","2026-07-23","690","True","False","False","ESTABLISHED_1Y_TOURNAMENT_CANDIDATE","DIRECT_TEMPORAL_OOS_TOURNAMENT","SCENARIO_ONLY_UNLESS_FUTURE_DIRECT_VALIDATION","SCENARIO_ONLY_UNLESS_FUTURE_DIRECT_VALIDATION","False","False","False","False","False","False"
"SL-B226AC313B5F39","Drop: Dreaming Darkly - Non-Foil Edition — Nonfoil Edition","656344","REGISTRY_READY","nonfoil","nonfoil","drop","individual_drop","TCG_MARKET_PRICE_AUTHORIZED_V1","35.59","39.99","45","99","False","9","9","2025-12-01","2026-07-23","234","False","False","False","SHORT_HISTORY_TOURNAMENT_CANDIDATE","SHORT_HISTORY_METHOD_TOURNAMENT","SCENARIO_ONLY_UNLESS_FUTURE_DIRECT_VALIDATION","SCENARIO_ONLY_UNLESS_FUTURE_DIRECT_VALIDATION","False","False","False","False","False","False"
"SL-B2289CE720A189","Drop: Dan Frazier Is Back Again: The Enemy Talismans - Foil Etched Edition — Foil Edition","283269","REGISTRY_READY","foil","etched_foil","drop","individual_drop","TCG_MARKET_PRICE_AUTHORIZED_V1","142.04","148.99","155","299.99","False","31","31","2024-02-08","2026-07-23","896","True","False","False","ESTABLISHED_1Y_TOURNAMENT_CANDIDATE","DIRECT_TEMPORAL_OOS_TOURNAMENT","SCENARIO_ONLY_UNLESS_FUTURE_DIRECT_VALIDATION","SCENARIO_ONLY_UNLESS_FUTURE_DIRECT_VALIDATION","False","False","False","False","False","False"
"SL-B251BF4C4DE61E","x Sonic the Hedgehog Superdrop: Sonic 100% Complete Bundle — Standard Edition","643599","REGISTRY_READY","unknown","unknown","bundle","bundle","TCG_MARKET_PRICE_AUTHORIZED_V1","305.91","348.01","375.6","400","False","1","1","2026-07-23","2026-07-23","0","False","False","False","SHORT_HISTORY_TOURNAMENT_CANDIDATE","SHORT_HISTORY_METHOD_TOURNAMENT","SCENARIO_ONLY_UNLESS_FUTURE_DIRECT_VALIDATION","SCENARIO_ONLY_UNLESS_FUTURE_DIRECT_VALIDATION","False","False","False","False","False","False"
"SL-B269AC7AB5080A","Drop: Secret Lair x Garfield: Motivationally Challenged - Non-Foil Edition — Nonfoil Edition","694965","REGISTRY_READY","nonfoil","nonfoil","drop","individual_drop","TCG_MARKET_PRICE_AUTHORIZED_V1","31.07","41.99","54.97","100","False","1","1","2026-07-23","2026-07-23","0","False","False","False","SHORT_HISTORY_TOURNAMENT_CANDIDATE","SHORT_HISTORY_METHOD_TOURNAMENT","SCENARIO_ONLY_UNLESS_FUTURE_DIRECT_VALIDATION","SCENARIO_ONLY_UNLESS_FUTURE_DIRECT_VALIDATION","False","False","False","False","False","False"
"SL-B2753C6B1814F0","Drop: Marvel Superdrop: The Heroic Everything Bundle — Standard Edition","592056","REGISTRY_READY","unknown","unknown","bundle","bundle","TCG_MARKET_PRICE_AUTHORIZED_V1","653.28","721.27","808.8","1499.95","False","1","1","2026-07-23","2026-07-23","0","False","False","False","SHORT_HISTORY_TOURNAMENT_CANDIDATE","SHORT_HISTORY_METHOD_TOURNAMENT","SCENARIO_ONLY_UNLESS_FUTURE_DIRECT_VALIDATION","SCENARIO_ONLY_UNLESS_FUTURE_DIRECT_VALIDATION","False","False","False","False","False","False"
"SL-B28206C8B43B74","Drop: Artist Series: Chris Rahn - Traditional Foil Edition — Foil Edition","275800","REGISTRY_READY","foil","traditional_foil","drop","individual_drop","TCG_MARKET_PRICE_AUTHORIZED_V1","33.19","34.19","53.47","90","False","31","31","2024-02-08","2026-07-23","896","True","False","False","ESTABLISHED_1Y_TOURNAMENT_CANDIDATE","DIRECT_TEMPORAL_OOS_TOURNAMENT","SCENARIO_ONLY_UNLESS_FUTURE_DIRECT_VALIDATION","SCENARIO_ONLY_UNLESS_FUTURE_DIRECT_VALIDATION","False","False","False","False","False","False"
"SL-B2C9080295DEB3","Drop: It's Raining Foils And Non-Foils Bundle — Nonfoil Edition","493793","REGISTRY_READY","nonfoil","nonfoil","bundle","bundle","NO_PRODUCTION_CURRENT_MARKET_PRICE","","","","","False","0","0","","","0","False","False","False","CURRENT_AND_HISTORY_EVIDENCE_GAP","NO_1Y_PRODUCTION_FORECAST_UNTIL_EVIDENCE_AVAILABLE","SCENARIO_ONLY_UNLESS_FUTURE_DIRECT_VALIDATION","SCENARIO_ONLY_UNLESS_FUTURE_DIRECT_VALIDATION","False","False","False","False","False","False"
"SL-B31C27C4C58973","Drop: Valentine's Day 2021 - Replacement Heliod Pack - Non-Foil Edition — Nonfoil Edition","244977","REGISTRY_READY","nonfoil","nonfoil","drop","individual_drop","TCG_MARKET_PRICE_AUTHORIZED_V1","31.68","29.99","34.84","40","False","30","30","2024-02-08","2026-07-23","896","True","False","False","ESTABLISHED_1Y_TOURNAMENT_CANDIDATE","DIRECT_TEMPORAL_OOS_TOURNAMENT","SCENARIO_ONLY_UNLESS_FUTURE_DIRECT_VALIDATION","SCENARIO_ONLY_UNLESS_FUTURE_DIRECT_VALIDATION","False","False","False","False","False","False"
"SL-B36930BACADDCD","Drop: Special Guest: Yoji Shinkawa (English) - Non-Foil Edition — Nonfoil Edition","450540","REGISTRY_READY","nonfoil","nonfoil","drop","individual_drop","TCG_MARKET_PRICE_AUTHORIZED_V1","184.16","249.88","250","300","False","31","31","2024-02-08","2026-07-23","896","True","False","False","ESTABLISHED_1Y_TOURNAMENT_CANDIDATE","DIRECT_TEMPORAL_OOS_TOURNAMENT","SCENARIO_ONLY_UNLESS_FUTURE_DIRECT_VALIDATION","SCENARIO_ONLY_UNLESS_FUTURE_DIRECT_VALIDATION","False","False","False","False","False","False"
"SL-B39A2F769F1E07","Drop: sAnS mERcY - Non-Foil Edition — Nonfoil Edition","551446","REGISTRY_READY","nonfoil","nonfoil","drop","individual_drop","TCG_MARKET_PRICE_AUTHORIZED_V1","50.4","85","94.49","149","False","26","26","2024-07-01","2026-07-23","752","True","False","False","ESTABLISHED_1Y_TOURNAMENT_CANDIDATE","DIRECT_TEMPORAL_OOS_TOURNAMENT","SCENARIO_ONLY_UNLESS_FUTURE_DIRECT_VALIDATION","SCENARIO_ONLY_UNLESS_FUTURE_DIRECT_VALIDATION","False","False","False","False","False","False"
"SL-B3B225E03D06DC","Drop: Welcome to the Fungal - Non-Foil Edition — Nonfoil Edition","456546","REGISTRY_READY","nonfoil","nonfoil","drop","individual_drop","TCG_MARKET_PRICE_AUTHORIZED_V1","74.66","100","129.95","129.97","False","31","31","2024-02-08","2026-07-23","896","True","False","False","ESTABLISHED_1Y_TOURNAMENT_CANDIDATE","DIRECT_TEMPORAL_OOS_TOURNAMENT","SCENARIO_ONLY_UNLESS_FUTURE_DIRECT_VALIDATION","SCENARIO_ONLY_UNLESS_FUTURE_DIRECT_VALIDATION","False","False","False","False","False","False"
"SL-B3DBBD3351A867","x Ghost of Tsushima - Rainbow Foil Edition — Foil Edition","658353","REGISTRY_READY","foil","rainbow_foil","drop","individual_drop","TCG_MARKET_PRICE_AUTHORIZED_V1","272.89","264.46","299","500","False","10","10","2025-11-01","2026-07-23","264","False","False","False","SHORT_HISTORY_TOURNAMENT_CANDIDATE","SHORT_HISTORY_METHOD_TOURNAMENT","SCENARIO_ONLY_UNLESS_FUTURE_DIRECT_VALIDATION","SCENARIO_ONLY_UNLESS_FUTURE_DIRECT_VALIDATION","False","False","False","False","False","False"
"SL-B3EF01C8308565","Drop: Astrology Lands (Libra) Bundle - Non-Foil Edition — Nonfoil Edition","449040","REGISTRY_READY","nonfoil","nonfoil","bundle","bundle","NO_PRODUCTION_CURRENT_MARKET_PRICE","","","","","False","0","0","","","0","False","False","False","CURRENT_AND_HISTORY_EVIDENCE_GAP","NO_1Y_PRODUCTION_FORECAST_UNTIL_EVIDENCE_AVAILABLE","SCENARIO_ONLY_UNLESS_FUTURE_DIRECT_VALIDATION","SCENARIO_ONLY_UNLESS_FUTURE_DIRECT_VALIDATION","False","False","False","False","False","False"
"SL-B44FBD97799E08","Drop: Two Scoops - Double Chocolate Bundle — Standard Edition","693577","REGISTRY_READY","unknown","unknown","bundle","bundle","NO_PRODUCTION_CURRENT_MARKET_PRICE","","84.99","117.5","167.99","False","0","0","","","0","False","False","False","CURRENT_AND_HISTORY_EVIDENCE_GAP","NO_1Y_PRODUCTION_FORECAST_UNTIL_EVIDENCE_AVAILABLE","SCENARIO_ONLY_UNLESS_FUTURE_DIRECT_VALIDATION","SCENARIO_ONLY_UNLESS_FUTURE_DIRECT_VALIDATION","False","False","False","False","False","False"
"SL-B483A5C23B7FF5","Drop: Hard-Boiled Thrillers - Non-Foil Edition — Nonfoil Edition","537681","REGISTRY_READY","nonfoil","nonfoil","drop","individual_drop","TCG_MARKET_PRICE_AUTHORIZED_V1","62.54","75","95","150","False","29","29","2024-04-01","2026-07-23","843","True","False","False","ESTABLISHED_1Y_TOURNAMENT_CANDIDATE","DIRECT_TEMPORAL_OOS_TOURNAMENT","SCENARIO_ONLY_UNLESS_FUTURE_DIRECT_VALIDATION","SCENARIO_ONLY_UNLESS_FUTURE_DIRECT_VALIDATION","False","False","False","False","False","False"
"SL-B5264E7BA2DC13","Drop: The '90s Binder Experience - Non-Foil Edition — Nonfoil Edition","480465","REGISTRY_READY","nonfoil","nonfoil","drop","individual_drop","TCG_MARKET_PRICE_AUTHORIZED_V1","96.74","98","109.3","149.97","False","31","31","2024-02-08","2026-07-23","896","True","False","False","ESTABLISHED_1Y_TOURNAMENT_CANDIDATE","DIRECT_TEMPORAL_OOS_TOURNAMENT","SCENARIO_ONLY_UNLESS_FUTURE_DIRECT_VALIDATION","SCENARIO_ONLY_UNLESS_FUTURE_DIRECT_VALIDATION","False","False","False","False","False","False"
"SL-B5552250031A5D","Drop: Toby's Journey By Gary Baseman - Traditional Foil Edition — Foil Edition","696851","REGISTRY_READY","foil","traditional_foil","drop","individual_drop","TCG_MARKET_PRICE_AUTHORIZED_V1","35.88","34.95","58.88","999","False","2","2","2026-07-01","2026-07-23","22","False","False","False","SHORT_HISTORY_TOURNAMENT_CANDIDATE","SHORT_HISTORY_METHOD_TOURNAMENT","SCENARIO_ONLY_UNLESS_FUTURE_DIRECT_VALIDATION","SCENARIO_ONLY_UNLESS_FUTURE_DIRECT_VALIDATION","False","False","False","False","False","False"
"SL-B565A4B1F936CC","Drop: Secret Lair x My Little Pony: Friendship is Magic - Non-Foil Edition — Nonfoil Edition","691175","REGISTRY_READY","nonfoil","nonfoil","drop","individual_drop","TCG_MARKET_PRICE_AUTHORIZED_V1","72.97","54.99","64","198.72","False","2","2","2026-07-01","2026-07-23","22","False","False","False","SHORT_HISTORY_TOURNAMENT_CANDIDATE","SHORT_HISTORY_METHOD_TOURNAMENT","SCENARIO_ONLY_UNLESS_FUTURE_DIRECT_VALIDATION","SCENARIO_ONLY_UNLESS_FUTURE_DIRECT_VALIDATION","False","False","False","False","False","False"
"SL-B57576270D7B62","Drop: Summer Superdrop 2025 - Featuring: Imiri Sakabashira (Non-Foil Edition) — Nonfoil Edition","637673","REGISTRY_READY","nonfoil","nonfoil","drop","individual_drop","TCG_MARKET_PRICE_AUTHORIZED_V1","39.96","34.5","50","99","False","14","14","2025-07-01","2026-07-23","387","True","False","False","ESTABLISHED_1Y_TOURNAMENT_CANDIDATE","DIRECT_TEMPORAL_OOS_TOURNAMENT","SCENARIO_ONLY_UNLESS_FUTURE_DIRECT_VALIDATION","SCENARIO_ONLY_UNLESS_FUTURE_DIRECT_VALIDATION","False","False","False","False","False","False"
"SL-B58718E7FE11D2","Drop: Equinox Superdrop 2024: Sunlight and Moonbeams Bundle - Non-Foil Edition — Nonfoil Edition","545707","REGISTRY_READY","nonfoil","nonfoil","bundle","bundle","NO_PRODUCTION_CURRENT_MARKET_PRICE","","289.78","319.86","349.94","False","0","0","","","0","False","False","False","CURRENT_AND_HISTORY_EVIDENCE_GAP","NO_1Y_PRODUCTION_FORECAST_UNTIL_EVIDENCE_AVAILABLE","SCENARIO_ONLY_UNLESS_FUTURE_DIRECT_VALIDATION","SCENARIO_ONLY_UNLESS_FUTURE_DIRECT_VALIDATION","False","False","False","False","False","False"
"SL-B5D96EAAB94F7F","Drop: Phyrexian Praetors: Compleat Edition - Traditional Foil Edition — Foil Edition","242345","REGISTRY_READY","foil","traditional_foil","drop","individual_drop","TCG_MARKET_PRICE_AUTHORIZED_V1","84.92","84.73","113.99","199.99","False","31","31","2024-02-08","2026-07-23","896","True","False","False","ESTABLISHED_1Y_TOURNAMENT_CANDIDATE","DIRECT_TEMPORAL_OOS_TOURNAMENT","SCENARIO_ONLY_UNLESS_FUTURE_DIRECT_VALIDATION","SCENARIO_ONLY_UNLESS_FUTURE_DIRECT_VALIDATION","False","False","False","False","False","False"
"SL-B5DE5D10D8B22E","Drop: Our Boss is on Vacation Superdrop: Tragic Romance - Rainbow Foil Edition — Foil Edition","624717","REGISTRY_READY","foil","rainbow_foil","drop","individual_drop","TCG_MARKET_PRICE_AUTHORIZED_V1","193.23","192.51","228.65","349.99","False","17","17","2025-04-01","2026-07-23","478","True","False","False","ESTABLISHED_1Y_TOURNAMENT_CANDIDATE","DIRECT_TEMPORAL_OOS_TOURNAMENT","SCENARIO_ONLY_UNLESS_FUTURE_DIRECT_VALIDATION","SCENARIO_ONLY_UNLESS_FUTURE_DIRECT_VALIDATION","False","False","False","False","False","False"
"SL-B5E5B47263114D","Drop: Cats Are Better Than Dogs - Rainbow Foil Edition — Foil Edition","624520","REGISTRY_READY","foil","rainbow_foil","drop","individual_drop","TCG_MARKET_PRICE_AUTHORIZED_V1","169.63","180","231","399","False","17","17","2025-04-01","2026-07-23","478","True","False","False","ESTABLISHED_1Y_TOURNAMENT_CANDIDATE","DIRECT_TEMPORAL_OOS_TOURNAMENT","SCENARIO_ONLY_UNLESS_FUTURE_DIRECT_VALIDATION","SCENARIO_ONLY_UNLESS_FUTURE_DIRECT_VALIDATION","False","False","False","False","False","False"
"SL-B5F3C839262F36","Drop: The '90s Binder Experience - Traditional Foil Edition — Foil Edition","480464","REGISTRY_READY","foil","traditional_foil","drop","individual_drop","TCG_MARKET_PRICE_AUTHORIZED_V1","113.95","104","137.99","1165","False","31","31","2024-02-08","2026-07-23","896","True","False","False","ESTABLISHED_1Y_TOURNAMENT_CANDIDATE","DIRECT_TEMPORAL_OOS_TOURNAMENT","SCENARIO_ONLY_UNLESS_FUTURE_DIRECT_VALIDATION","SCENARIO_ONLY_UNLESS_FUTURE_DIRECT_VALIDATION","False","False","False","False","False","False"
"SL-B60C7F6F56C30B","Drop: The Art of Frank Frazetta - Non-Foil Edition — Nonfoil Edition","456526","REGISTRY_READY","nonfoil","nonfoil","drop","individual_drop","TCG_MARKET_PRICE_AUTHORIZED_V1","264.66","255.98","282.94","349.99","False","31","31","2024-02-08","2026-07-23","896","True","False","False","ESTABLISHED_1Y_TOURNAMENT_CANDIDATE","DIRECT_TEMPORAL_OOS_TOURNAMENT","SCENARIO_ONLY_UNLESS_FUTURE_DIRECT_VALIDATION","SCENARIO_ONLY_UNLESS_FUTURE_DIRECT_VALIDATION","False","False","False","False","False","False"
"SL-B631EAF6D5C7C4","Drop: Secretversary Superdrop 2023: Goodie Bag Loaded with Non-Foils Bundle — Nonfoil Edition","528415","REGISTRY_READY","nonfoil","nonfoil","bundle","bundle","NO_PRODUCTION_CURRENT_MARKET_PRICE","","","","","False","0","0","","","0","False","False","False","CURRENT_AND_HISTORY_EVIDENCE_GAP","NO_1Y_PRODUCTION_FORECAST_UNTIL_EVIDENCE_AVAILABLE","SCENARIO_ONLY_UNLESS_FUTURE_DIRECT_VALIDATION","SCENARIO_ONLY_UNLESS_FUTURE_DIRECT_VALIDATION","False","False","False","False","False","False"
"SL-B679A1089E8A6B","Astrology Lands (Pisces) Bundle - Non-Foil Edition — Nonfoil Edition","279298","REGISTRY_READY","nonfoil","nonfoil","bundle","bundle","NO_PRODUCTION_CURRENT_MARKET_PRICE","","","","","False","0","0","","","0","False","False","False","CURRENT_AND_HISTORY_EVIDENCE_GAP","NO_1Y_PRODUCTION_FORECAST_UNTIL_EVIDENCE_AVAILABLE","SCENARIO_ONLY_UNLESS_FUTURE_DIRECT_VALIDATION","SCENARIO_ONLY_UNLESS_FUTURE_DIRECT_VALIDATION","False","False","False","False","False","False"
"SL-B689085E2D41DE","x Warhammer Age of Sigmar - Non-Foil Edition — Nonfoil Edition","450528","REGISTRY_READY","nonfoil","nonfoil","drop","individual_drop","TCG_MARKET_PRICE_AUTHORIZED_V1","145.22","144.99","164.95","199.95","False","30","30","2024-02-08","2026-07-23","896","True","False","False","ESTABLISHED_1Y_TOURNAMENT_CANDIDATE","DIRECT_TEMPORAL_OOS_TOURNAMENT","SCENARIO_ONLY_UNLESS_FUTURE_DIRECT_VALIDATION","SCENARIO_ONLY_UNLESS_FUTURE_DIRECT_VALIDATION","False","False","False","False","False","False"
"SL-B762CD279E0001","Drop: Artist Series: Rebecca Guay - Traditional Foil Edition — Foil Edition","493810","REGISTRY_READY","foil","traditional_foil","drop","individual_drop","TCG_MARKET_PRICE_AUTHORIZED_V1","54.88","60","75","149.99","False","31","31","2024-02-08","2026-07-23","896","True","False","False","ESTABLISHED_1Y_TOURNAMENT_CANDIDATE","DIRECT_TEMPORAL_OOS_TOURNAMENT","SCENARIO_ONLY_UNLESS_FUTURE_DIRECT_VALIDATION","SCENARIO_ONLY_UNLESS_FUTURE_DIRECT_VALIDATION","False","False","False","False","False","False"
"SL-B7E3C5DC70940E","Drop: Secret Lair x Brain Dead: Creatures - Rainbow Foil Edition — Foil Edition","561457","REGISTRY_READY","foil","rainbow_foil","drop","individual_drop","TCG_MARKET_PRICE_AUTHORIZED_V1","62.69","40","70","199.99","False","24","24","2024-09-01","2026-07-23","690","True","False","False","ESTABLISHED_1Y_TOURNAMENT_CANDIDATE","DIRECT_TEMPORAL_OOS_TOURNAMENT","SCENARIO_ONLY_UNLESS_FUTURE_DIRECT_VALIDATION","SCENARIO_ONLY_UNLESS_FUTURE_DIRECT_VALIDATION","False","False","False","False","False","False"
"SL-B81DED4DD2F7F0","Drop: Mycosynthwave - Non-Foil Edition — Nonfoil Edition","528398","REGISTRY_READY","nonfoil","nonfoil","drop","individual_drop","NO_PRODUCTION_CURRENT_MARKET_PRICE","","120","129.95","200","False","31","31","2024-02-08","2026-07-23","896","True","False","False","ESTABLISHED_1Y_TOURNAMENT_CANDIDATE","DIRECT_TEMPORAL_OOS_TOURNAMENT","SCENARIO_ONLY_UNLESS_FUTURE_DIRECT_VALIDATION","SCENARIO_ONLY_UNLESS_FUTURE_DIRECT_VALIDATION","False","False","False","False","False","False"
"SL-B8709846C8E5AF","Drop: Winter Superdrop 2024: Dark Mysteries Bundle - Non-Foil Edition — Nonfoil Edition","537670","REGISTRY_READY","nonfoil","nonfoil","bundle","bundle","NO_PRODUCTION_CURRENT_MARKET_PRICE","","399.94","399.94","399.94","False","0","0","","","0","False","False","False","CURRENT_AND_HISTORY_EVIDENCE_GAP","NO_1Y_PRODUCTION_FORECAST_UNTIL_EVIDENCE_AVAILABLE","SCENARIO_ONLY_UNLESS_FUTURE_DIRECT_VALIDATION","SCENARIO_ONLY_UNLESS_FUTURE_DIRECT_VALIDATION","False","False","False","False","False","False"
"SL-B8DCA91EB62983","Drop: Secret Lair x My Little Pony: The Lands of Equestria - Traditional Foil Edition — Foil Edition","691184","REGISTRY_READY","foil","traditional_foil","drop","individual_drop","TCG_MARKET_PRICE_AUTHORIZED_V1","51.24","50","69.95","297","False","2","2","2026-07-01","2026-07-23","22","False","False","False","SHORT_HISTORY_TOURNAMENT_CANDIDATE","SHORT_HISTORY_METHOD_TOURNAMENT","SCENARIO_ONLY_UNLESS_FUTURE_DIRECT_VALIDATION","SCENARIO_ONLY_UNLESS_FUTURE_DIRECT_VALIDATION","False","False","False","False","False","False"
"SL-B9248149A4056B","Drop: Draw Your Hand - Traditional Foil Edition — Foil Edition","480459","REGISTRY_READY","foil","traditional_foil","drop","individual_drop","TCG_MARKET_PRICE_AUTHORIZED_V1","62.7","70.61","81.99","104.95","False","31","31","2024-02-08","2026-07-23","896","True","False","False","ESTABLISHED_1Y_TOURNAMENT_CANDIDATE","DIRECT_TEMPORAL_OOS_TOURNAMENT","SCENARIO_ONLY_UNLESS_FUTURE_DIRECT_VALIDATION","SCENARIO_ONLY_UNLESS_FUTURE_DIRECT_VALIDATION","False","False","False","False","False","False"
"SL-B92B03D94C10E9","Drop: KEXP: You Are Not Alone - Rainbow Foil Edition — Foil Edition","632009","REGISTRY_READY","foil","rainbow_foil","drop","individual_drop","TCG_MARKET_PRICE_AUTHORIZED_V1","51.51","54.99","75","250","False","15","15","2025-06-01","2026-07-23","417","True","False","False","ESTABLISHED_1Y_TOURNAMENT_CANDIDATE","DIRECT_TEMPORAL_OOS_TOURNAMENT","SCENARIO_ONLY_UNLESS_FUTURE_DIRECT_VALIDATION","SCENARIO_ONLY_UNLESS_FUTURE_DIRECT_VALIDATION","False","False","False","False","False","False"
"SL-B9580FD00B16BE","Drop: Astrology Lands (Aquarius) Bundle - Traditional Foil Edition — Foil Edition","279186","REGISTRY_READY","foil","traditional_foil","bundle","bundle","NO_PRODUCTION_CURRENT_MARKET_PRICE","","","","","False","1","1","2024-03-01","2024-03-01","0","False","False","False","SHORT_HISTORY_TOURNAMENT_CANDIDATE","SHORT_HISTORY_METHOD_TOURNAMENT","SCENARIO_ONLY_UNLESS_FUTURE_DIRECT_VALIDATION","SCENARIO_ONLY_UNLESS_FUTURE_DIRECT_VALIDATION","False","False","False","False","False","False"
"SL-B959CE689FE1E3","Drop: Li'l'est Walkers - Non-Foil Edition — Nonfoil Edition","517679","REGISTRY_READY","nonfoil","nonfoil","drop","individual_drop","TCG_MARKET_PRICE_AUTHORIZED_V1","29.54","17.43","30.72","100","False","31","31","2024-02-08","2026-07-23","896","True","False","False","ESTABLISHED_1Y_TOURNAMENT_CANDIDATE","DIRECT_TEMPORAL_OOS_TOURNAMENT","SCENARIO_ONLY_UNLESS_FUTURE_DIRECT_VALIDATION","SCENARIO_ONLY_UNLESS_FUTURE_DIRECT_VALIDATION","False","False","False","False","False","False"
"SL-B96EF3DC64D9A0","Drop: June Superdrop - The Bundle Bundle — Standard Edition","275822","REGISTRY_READY","unknown","unknown","bundle","bundle","NO_PRODUCTION_CURRENT_MARKET_PRICE","","1000","1000","1000","False","0","0","","","0","False","False","False","CURRENT_AND_HISTORY_EVIDENCE_GAP","NO_1Y_PRODUCTION_FORECAST_UNTIL_EVIDENCE_AVAILABLE","SCENARIO_ONLY_UNLESS_FUTURE_DIRECT_VALIDATION","SCENARIO_ONLY_UNLESS_FUTURE_DIRECT_VALIDATION","False","False","False","False","False","False"
"SL-B971F1BAF798C2","x Playstation Superdrop: Platinum Trophy Bundle — Standard Edition","660335","REGISTRY_READY","unknown","unknown","bundle","bundle","TCG_MARKET_PRICE_AUTHORIZED_V1","744.5","899.99","999.94","1300","False","1","1","2026-07-23","2026-07-23","0","False","False","False","SHORT_HISTORY_TOURNAMENT_CANDIDATE","SHORT_HISTORY_METHOD_TOURNAMENT","SCENARIO_ONLY_UNLESS_FUTURE_DIRECT_VALIDATION","SCENARIO_ONLY_UNLESS_FUTURE_DIRECT_VALIDATION","False","False","False","False","False","False"
"SL-B9970477DCCBC7","Drop: Summer Superdrop 2025 - The Summer Superdrop Everything Bundle — Standard Edition","637683","REGISTRY_READY","unknown","unknown","bundle","bundle","NO_PRODUCTION_CURRENT_MARKET_PRICE","","1499.99","1499.99","1499.99","False","0","0","","","0","False","False","False","CURRENT_AND_HISTORY_EVIDENCE_GAP","NO_1Y_PRODUCTION_FORECAST_UNTIL_EVIDENCE_AVAILABLE","SCENARIO_ONLY_UNLESS_FUTURE_DIRECT_VALIDATION","SCENARIO_ONLY_UNLESS_FUTURE_DIRECT_VALIDATION","False","False","False","False","False","False"
"SL-B9EC0C6C5561F1","Drop: Artist Series: Alayna Danner - Non-Foil Edition — Nonfoil Edition","493806","REGISTRY_READY","nonfoil","nonfoil","drop","individual_drop","TCG_MARKET_PRICE_AUTHORIZED_V1","66.18","99.99","124.99","149.99","False","31","31","2024-02-08","2026-07-23","896","True","False","False","ESTABLISHED_1Y_TOURNAMENT_CANDIDATE","DIRECT_TEMPORAL_OOS_TOURNAMENT","SCENARIO_ONLY_UNLESS_FUTURE_DIRECT_VALIDATION","SCENARIO_ONLY_UNLESS_FUTURE_DIRECT_VALIDATION","False","False","False","False","False","False"
"SL-BA4475B87E38DE","Drop: Secret Lair x Brain Dead: Lands - Rainbow Foil Edition — Foil Edition","561459","REGISTRY_READY","foil","rainbow_foil","drop","individual_drop","TCG_MARKET_PRICE_AUTHORIZED_V1","127.46","189","199.75","210","False","24","24","2024-09-01","2026-07-23","690","True","False","False","ESTABLISHED_1Y_TOURNAMENT_CANDIDATE","DIRECT_TEMPORAL_OOS_TOURNAMENT","SCENARIO_ONLY_UNLESS_FUTURE_DIRECT_VALIDATION","SCENARIO_ONLY_UNLESS_FUTURE_DIRECT_VALIDATION","False","False","False","False","False","False"
"SL-BA53143C1DDB56","Drop: Nature is Adorable - Traditional Foil Edition — Foil Edition","493812","REGISTRY_READY","foil","traditional_foil","drop","individual_drop","TCG_MARKET_PRICE_AUTHORIZED_V1","41.79","35","51.48","99","False","31","31","2024-02-08","2026-07-23","896","True","False","False","ESTABLISHED_1Y_TOURNAMENT_CANDIDATE","DIRECT_TEMPORAL_OOS_TOURNAMENT","SCENARIO_ONLY_UNLESS_FUTURE_DIRECT_VALIDATION","SCENARIO_ONLY_UNLESS_FUTURE_DIRECT_VALIDATION","False","False","False","False","False","False"
"SL-BAD5D1CC179E4B","Drop: Winter Superdrop 2024: Dark Mysteries Bundle - Foil Edition — Foil Edition","537669","REGISTRY_READY","foil","foil_unspecified","bundle","bundle","NO_PRODUCTION_CURRENT_MARKET_PRICE","","474.94","474.94","474.94","False","0","0","","","0","False","False","False","CURRENT_AND_HISTORY_EVIDENCE_GAP","NO_1Y_PRODUCTION_FORECAST_UNTIL_EVIDENCE_AVAILABLE","SCENARIO_ONLY_UNLESS_FUTURE_DIRECT_VALIDATION","SCENARIO_ONLY_UNLESS_FUTURE_DIRECT_VALIDATION","False","False","False","False","False","False"
"SL-BB18909619320D","Drop: Big Foil Bundle — Foil Edition","450514","REGISTRY_READY","foil","foil_unspecified","bundle","bundle","NO_PRODUCTION_CURRENT_MARKET_PRICE","","","","","False","6","6","2024-07-01","2024-12-01","153","False","False","False","SHORT_HISTORY_TOURNAMENT_CANDIDATE","SHORT_HISTORY_METHOD_TOURNAMENT","SCENARIO_ONLY_UNLESS_FUTURE_DIRECT_VALIDATION","SCENARIO_ONLY_UNLESS_FUTURE_DIRECT_VALIDATION","False","False","False","False","False","False"
"SL-BB4A4AE1ECFE2A","Drop: Secret Lair Promo: Sol Ring - Rainbow Foil Edition — Foil Edition","622973","REGISTRY_READY","foil","rainbow_foil","drop","individual_drop","TCG_MARKET_PRICE_AUTHORIZED_V1","10.19","8.7","14.95","26.99","False","17","17","2025-04-01","2026-07-23","478","True","False","False","ESTABLISHED_1Y_TOURNAMENT_CANDIDATE","DIRECT_TEMPORAL_OOS_TOURNAMENT","SCENARIO_ONLY_UNLESS_FUTURE_DIRECT_VALIDATION","SCENARIO_ONLY_UNLESS_FUTURE_DIRECT_VALIDATION","False","False","False","False","False","False"
"SL-BB4FA54DEBF880","Drop: Saturday Morning D&D - Non-Foil Edition — Nonfoil Edition","242339","REGISTRY_READY","nonfoil","nonfoil","drop","individual_drop","TCG_MARKET_PRICE_AUTHORIZED_V1","47.11","40.5","50.92","79.99","False","31","31","2024-02-08","2026-07-23","896","True","False","False","ESTABLISHED_1Y_TOURNAMENT_CANDIDATE","DIRECT_TEMPORAL_OOS_TOURNAMENT","SCENARIO_ONLY_UNLESS_FUTURE_DIRECT_VALIDATION","SCENARIO_ONLY_UNLESS_FUTURE_DIRECT_VALIDATION","False","False","False","False","False","False"
"SL-BB54D8943F73E3","x The Office: Dwight's Destiny - Non-Foil Edition — Nonfoil Edition","656339","REGISTRY_READY","nonfoil","nonfoil","drop","individual_drop","TCG_MARKET_PRICE_AUTHORIZED_V1","118.37","139.94","145","249.95","False","10","10","2025-11-01","2026-07-23","264","False","False","False","SHORT_HISTORY_TOURNAMENT_CANDIDATE","SHORT_HISTORY_METHOD_TOURNAMENT","SCENARIO_ONLY_UNLESS_FUTURE_DIRECT_VALIDATION","SCENARIO_ONLY_UNLESS_FUTURE_DIRECT_VALIDATION","False","False","False","False","False","False"
"SL-BB7E07A2986BB4","Drop: Secret Lair x Hatsune Miku: Winter Diva EN - Rainbow Foil Edition — Foil Edition","618046","REGISTRY_READY","foil","rainbow_foil","drop","individual_drop","TCG_MARKET_PRICE_AUTHORIZED_V1","137.62","150","195.94","300","False","18","18","2025-03-01","2026-07-23","509","True","False","False","ESTABLISHED_1Y_TOURNAMENT_CANDIDATE","DIRECT_TEMPORAL_OOS_TOURNAMENT","SCENARIO_ONLY_UNLESS_FUTURE_DIRECT_VALIDATION","SCENARIO_ONLY_UNLESS_FUTURE_DIRECT_VALIDATION","False","False","False","False","False","False"
"SL-BBC8F93DE82CE5","Drop: Secret Lair x Monty Python: Monty Python and the Holy Grail: Vol. 2 - Non-Foil Edition — Nonfoil Edition","561479","REGISTRY_READY","nonfoil","nonfoil","drop","individual_drop","TCG_MARKET_PRICE_AUTHORIZED_V1","70.82","65","79.24","129.98","False","25","25","2024-08-01","2026-07-23","721","True","False","False","ESTABLISHED_1Y_TOURNAMENT_CANDIDATE","DIRECT_TEMPORAL_OOS_TOURNAMENT","SCENARIO_ONLY_UNLESS_FUTURE_DIRECT_VALIDATION","SCENARIO_ONLY_UNLESS_FUTURE_DIRECT_VALIDATION","False","False","False","False","False","False"
"SL-BC079E499A94AF","Drop: Our Boss is on Vacation Superdrop: Break Room Disco Ball Made of Foils Bundle — Foil Edition","624753","REGISTRY_READY","foil","foil_unspecified","bundle","bundle","NO_PRODUCTION_CURRENT_MARKET_PRICE","","","","","False","7","7","2025-10-01","2026-05-01","212","False","False","False","SHORT_HISTORY_TOURNAMENT_CANDIDATE","SHORT_HISTORY_METHOD_TOURNAMENT","SCENARIO_ONLY_UNLESS_FUTURE_DIRECT_VALIDATION","SCENARIO_ONLY_UNLESS_FUTURE_DIRECT_VALIDATION","False","False","False","False","False","False"
"SL-BC4683677FBC3C","Drop: Back in My Day! - Non-Foil Edition — Nonfoil Edition","694704","REGISTRY_READY","nonfoil","nonfoil","drop","individual_drop","TCG_MARKET_PRICE_AUTHORIZED_V1","38.78","30.01","55","89.99","False","3","3","2026-06-01","2026-07-23","52","False","False","False","SHORT_HISTORY_TOURNAMENT_CANDIDATE","SHORT_HISTORY_METHOD_TOURNAMENT","SCENARIO_ONLY_UNLESS_FUTURE_DIRECT_VALIDATION","SCENARIO_ONLY_UNLESS_FUTURE_DIRECT_VALIDATION","False","False","False","False","False","False"
"SL-BC99042387317D","Reality Fracture - Secret Lair Bundle — Standard Edition","692991","REGISTRY_READY","unknown","unknown","bundle","bundle","TCG_MARKET_PRICE_AUTHORIZED_V1","196.97","194.94","197.79","292.89","False","1","1","2026-07-23","2026-07-23","0","False","False","False","SHORT_HISTORY_TOURNAMENT_CANDIDATE","SHORT_HISTORY_METHOD_TOURNAMENT","SCENARIO_ONLY_UNLESS_FUTURE_DIRECT_VALIDATION","SCENARIO_ONLY_UNLESS_FUTURE_DIRECT_VALIDATION","False","False","False","False","False","False"
"SL-BCC1519C11A8AC","Drop: Shredding A Wave of Everything Bundle — Standard Edition","501823","REGISTRY_READY","unknown","unknown","bundle","bundle","NO_PRODUCTION_CURRENT_MARKET_PRICE","","","","","False","0","0","","","0","False","False","False","CURRENT_AND_HISTORY_EVIDENCE_GAP","NO_1Y_PRODUCTION_FORECAST_UNTIL_EVIDENCE_AVAILABLE","SCENARIO_ONLY_UNLESS_FUTURE_DIRECT_VALIDATION","SCENARIO_ONLY_UNLESS_FUTURE_DIRECT_VALIDATION","False","False","False","False","False","False"
"SL-BD0B168FBB02B6","Drop: The Strange Sands: Swamp - Non-Foil Edition — Nonfoil Edition","610790","REGISTRY_READY","nonfoil","nonfoil","drop","individual_drop","TCG_MARKET_PRICE_AUTHORIZED_V1","51.81","30","64.95","199","False","12","12","2025-09-01","2026-07-23","325","False","False","False","SHORT_HISTORY_TOURNAMENT_CANDIDATE","SHORT_HISTORY_METHOD_TOURNAMENT","SCENARIO_ONLY_UNLESS_FUTURE_DIRECT_VALIDATION","SCENARIO_ONLY_UNLESS_FUTURE_DIRECT_VALIDATION","False","False","False","False","False","False"
"SL-BD4B37C3973D10","Drop: vroooOOOMMMMMM! - Raised Foil Edition — Foil Edition","632017","REGISTRY_READY","foil","foil_unspecified","drop","individual_drop","TCG_MARKET_PRICE_AUTHORIZED_V1","106.78","130","149.99","299","False","14","14","2025-07-01","2026-07-23","387","True","False","False","ESTABLISHED_1Y_TOURNAMENT_CANDIDATE","DIRECT_TEMPORAL_OOS_TOURNAMENT","SCENARIO_ONLY_UNLESS_FUTURE_DIRECT_VALIDATION","SCENARIO_ONLY_UNLESS_FUTURE_DIRECT_VALIDATION","False","False","False","False","False","False"
"SL-BDFA9F0517DF31","Drop: Special Guest: Junji Ito (Japanese) - Non-Foil Edition — Nonfoil Edition","450534","REGISTRY_READY","nonfoil","nonfoil","drop","individual_drop","TCG_MARKET_PRICE_AUTHORIZED_V1","122.16","140","147.45","154.9","False","0","0","","","0","False","False","False","CURRENT_PRICE_ONLY_NEW_PRODUCT_CANDIDATE","NEW_PRODUCT_FALLBACK_METHOD_TOURNAMENT","SCENARIO_ONLY_UNLESS_FUTURE_DIRECT_VALIDATION","SCENARIO_ONLY_UNLESS_FUTURE_DIRECT_VALIDATION","False","False","False","False","False","False"
"SL-BE3F32B80FEA2E","Drop: Winter Superdrop 2025: Hatsune Miku: Winter Diva Bundle — Standard Edition","618113","REGISTRY_READY","unknown","unknown","bundle","bundle","TCG_MARKET_PRICE_AUTHORIZED_V1","310.89","299.99","339.5","699.94","False","1","1","2026-07-23","2026-07-23","0","False","False","False","SHORT_HISTORY_TOURNAMENT_CANDIDATE","SHORT_HISTORY_METHOD_TOURNAMENT","SCENARIO_ONLY_UNLESS_FUTURE_DIRECT_VALIDATION","SCENARIO_ONLY_UNLESS_FUTURE_DIRECT_VALIDATION","False","False","False","False","False","False"
"SL-BE705BBFC18014","Drop: August Superdrop - Full-of-Foils Bundle — Foil Edition","283286","REGISTRY_READY","foil","foil_unspecified","bundle","bundle","NO_PRODUCTION_CURRENT_MARKET_PRICE","","800","800","800","False","0","0","","","0","False","False","False","CURRENT_AND_HISTORY_EVIDENCE_GAP","NO_1Y_PRODUCTION_FORECAST_UNTIL_EVIDENCE_AVAILABLE","SCENARIO_ONLY_UNLESS_FUTURE_DIRECT_VALIDATION","SCENARIO_ONLY_UNLESS_FUTURE_DIRECT_VALIDATION","False","False","False","False","False","False"
"SL-BF008024F9A243","Drop: Fill My Cauldron with Foils Bundle — Foil Edition","518849","REGISTRY_READY","foil","foil_unspecified","bundle","bundle","NO_PRODUCTION_CURRENT_MARKET_PRICE","","","","","False","0","0","","","0","False","False","False","CURRENT_AND_HISTORY_EVIDENCE_GAP","NO_1Y_PRODUCTION_FORECAST_UNTIL_EVIDENCE_AVAILABLE","SCENARIO_ONLY_UNLESS_FUTURE_DIRECT_VALIDATION","SCENARIO_ONLY_UNLESS_FUTURE_DIRECT_VALIDATION","False","False","False","False","False","False"
"SL-BF1ED354A371C1","x Iron Maiden: Album Art - Non-Foil Edition — Nonfoil Edition","656346","REGISTRY_READY","nonfoil","nonfoil","drop","individual_drop","TCG_MARKET_PRICE_AUTHORIZED_V1","98.82","95.01","111.04","199","False","10","10","2025-11-01","2026-07-23","264","False","False","False","SHORT_HISTORY_TOURNAMENT_CANDIDATE","SHORT_HISTORY_METHOD_TOURNAMENT","SCENARIO_ONLY_UNLESS_FUTURE_DIRECT_VALIDATION","SCENARIO_ONLY_UNLESS_FUTURE_DIRECT_VALIDATION","False","False","False","False","False","False"
"SL-BF202C705FA210","Drop: The Strange Sands: Forest - Rainbow Foil Edition — Foil Edition","610795","REGISTRY_READY","foil","rainbow_foil","drop","individual_drop","TCG_MARKET_PRICE_AUTHORIZED_V1","66.69","58","69.96","199","False","16","16","2025-05-01","2026-07-23","448","True","False","False","ESTABLISHED_1Y_TOURNAMENT_CANDIDATE","DIRECT_TEMPORAL_OOS_TOURNAMENT","SCENARIO_ONLY_UNLESS_FUTURE_DIRECT_VALIDATION","SCENARIO_ONLY_UNLESS_FUTURE_DIRECT_VALIDATION","False","False","False","False","False","False"
"SL-BF26DFD5509ADC","Commander Deck: Everyone’s Invited! - Double Rainbow Foil Edition — Foil Edition","631564","REGISTRY_READY","foil","rainbow_foil","commander deck","deck","TCG_MARKET_PRICE_AUTHORIZED_V1","334.48","334.48","385","699.99","False","1","1","2026-07-23","2026-07-23","0","False","False","False","SHORT_HISTORY_TOURNAMENT_CANDIDATE","SHORT_HISTORY_METHOD_TOURNAMENT","SCENARIO_ONLY_UNLESS_FUTURE_DIRECT_VALIDATION","SCENARIO_ONLY_UNLESS_FUTURE_DIRECT_VALIDATION","False","False","False","False","False","False"
"SL-BF2B66F024D88D","Drop: Artist Series: Sidharth Chaturvedi - Non-Foil Edition — Nonfoil Edition","273599","REGISTRY_READY","nonfoil","nonfoil","drop","individual_drop","TCG_MARKET_PRICE_AUTHORIZED_V1","26.41","32.43","59.95","71.99","False","31","31","2024-02-08","2026-07-23","896","True","False","False","ESTABLISHED_1Y_TOURNAMENT_CANDIDATE","DIRECT_TEMPORAL_OOS_TOURNAMENT","SCENARIO_ONLY_UNLESS_FUTURE_DIRECT_VALIDATION","SCENARIO_ONLY_UNLESS_FUTURE_DIRECT_VALIDATION","False","False","False","False","False","False"
"SL-BF3E293642759E","Drop: Goblin & Squabblin' - Non-Foil Edition — Nonfoil Edition","501841","REGISTRY_READY","nonfoil","nonfoil","drop","individual_drop","TCG_MARKET_PRICE_AUTHORIZED_V1","291.31","371.88","380.93","899.99","False","31","31","2024-02-08","2026-07-23","896","True","False","False","ESTABLISHED_1Y_TOURNAMENT_CANDIDATE","DIRECT_TEMPORAL_OOS_TOURNAMENT","SCENARIO_ONLY_UNLESS_FUTURE_DIRECT_VALIDATION","SCENARIO_ONLY_UNLESS_FUTURE_DIRECT_VALIDATION","False","False","False","False","False","False"
"SL-BF588F593E480E","Drop: Secret Lair x Marvel's Storm - Non-Foil Edition — Nonfoil Edition","592080","REGISTRY_READY","nonfoil","nonfoil","drop","individual_drop","TCG_MARKET_PRICE_AUTHORIZED_V1","86.92","73","90","189.9","False","21","21","2024-12-01","2026-07-23","599","True","False","False","ESTABLISHED_1Y_TOURNAMENT_CANDIDATE","DIRECT_TEMPORAL_OOS_TOURNAMENT","SCENARIO_ONLY_UNLESS_FUTURE_DIRECT_VALIDATION","SCENARIO_ONLY_UNLESS_FUTURE_DIRECT_VALIDATION","False","False","False","False","False","False"
"SL-BF5BC53AD18E85","Drop: Secret Lair x Brain Dead: Lands - Non-Foil Edition — Nonfoil Edition","561458","REGISTRY_READY","nonfoil","nonfoil","drop","individual_drop","TCG_MARKET_PRICE_AUTHORIZED_V1","92.31","104","129.92","169.95","False","24","24","2024-09-01","2026-07-23","690","True","False","False","ESTABLISHED_1Y_TOURNAMENT_CANDIDATE","DIRECT_TEMPORAL_OOS_TOURNAMENT","SCENARIO_ONLY_UNLESS_FUTURE_DIRECT_VALIDATION","SCENARIO_ONLY_UNLESS_FUTURE_DIRECT_VALIDATION","False","False","False","False","False","False"
"SL-BF755AD9D8CE5F","x Furby: The Oddbodies - Confetti Foil Edition — Foil Edition","656371","REGISTRY_READY","foil","foil_unspecified","drop","individual_drop","TCG_MARKET_PRICE_AUTHORIZED_V1","129.9","115","139.99","299","False","10","10","2025-11-01","2026-07-23","264","False","False","False","SHORT_HISTORY_TOURNAMENT_CANDIDATE","SHORT_HISTORY_METHOD_TOURNAMENT","SCENARIO_ONLY_UNLESS_FUTURE_DIRECT_VALIDATION","SCENARIO_ONLY_UNLESS_FUTURE_DIRECT_VALIDATION","False","False","False","False","False","False"
"SL-BFACC46E5A3310","Drop: Here Be Dragons - Foil — Foil Edition","275788","REGISTRY_READY","foil","foil_unspecified","drop","individual_drop","TCG_MARKET_PRICE_AUTHORIZED_V1","448.67","410","560","1050","False","31","31","2024-02-08","2026-07-23","896","True","False","False","ESTABLISHED_1Y_TOURNAMENT_CANDIDATE","DIRECT_TEMPORAL_OOS_TOURNAMENT","SCENARIO_ONLY_UNLESS_FUTURE_DIRECT_VALIDATION","SCENARIO_ONLY_UNLESS_FUTURE_DIRECT_VALIDATION","False","False","False","False","False","False"
"SL-BFAF5430109A2E","Drop: Dan Frazier is Back: The Allied Signets - Foil Etched Edition — Foil Edition","242349","REGISTRY_READY","foil","etched_foil","drop","individual_drop","TCG_MARKET_PRICE_AUTHORIZED_V1","169.73","173.9","185.32","500","False","31","31","2024-02-08","2026-07-23","896","True","False","False","ESTABLISHED_1Y_TOURNAMENT_CANDIDATE","DIRECT_TEMPORAL_OOS_TOURNAMENT","SCENARIO_ONLY_UNLESS_FUTURE_DIRECT_VALIDATION","SCENARIO_ONLY_UNLESS_FUTURE_DIRECT_VALIDATION","False","False","False","False","False","False"
"SL-BFF6DA64140996","Drop: August Superdrop - Non-stop, Non-Foil Bundle — Nonfoil Edition","283284","REGISTRY_READY","nonfoil","nonfoil","bundle","bundle","NO_PRODUCTION_CURRENT_MARKET_PRICE","","488","488","488","False","0","0","","","0","False","False","False","CURRENT_AND_HISTORY_EVIDENCE_GAP","NO_1Y_PRODUCTION_FORECAST_UNTIL_EVIDENCE_AVAILABLE","SCENARIO_ONLY_UNLESS_FUTURE_DIRECT_VALIDATION","SCENARIO_ONLY_UNLESS_FUTURE_DIRECT_VALIDATION","False","False","False","False","False","False"
"SL-C03E05940DAAFA","Drop: Astrology Lands (Virgo) - Non-Foil Edition — Nonfoil Edition","285247","REGISTRY_READY","nonfoil","nonfoil","drop","individual_drop","NO_PRODUCTION_CURRENT_MARKET_PRICE","","222.12","222.12","222.12","False","1","1","2024-03-01","2024-03-01","0","False","False","False","SHORT_HISTORY_TOURNAMENT_CANDIDATE","SHORT_HISTORY_METHOD_TOURNAMENT","SCENARIO_ONLY_UNLESS_FUTURE_DIRECT_VALIDATION","SCENARIO_ONLY_UNLESS_FUTURE_DIRECT_VALIDATION","False","False","False","False","False","False"
"SL-C0418534DE36CF","Drop: Far Out, Man - Traditional Foil Edition — Foil Edition","258488","REGISTRY_READY","foil","traditional_foil","drop","individual_drop","TCG_MARKET_PRICE_AUTHORIZED_V1","55.2","54.92","75","250","False","31","31","2024-02-08","2026-07-23","896","True","False","False","ESTABLISHED_1Y_TOURNAMENT_CANDIDATE","DIRECT_TEMPORAL_OOS_TOURNAMENT","SCENARIO_ONLY_UNLESS_FUTURE_DIRECT_VALIDATION","SCENARIO_ONLY_UNLESS_FUTURE_DIRECT_VALIDATION","False","False","False","False","False","False"
"SL-C04853F17A0313","Drop: Poker Faces - Rainbow Foil Edition — Foil Edition","551451","REGISTRY_READY","foil","rainbow_foil","drop","individual_drop","TCG_MARKET_PRICE_AUTHORIZED_V1","43.33","47.99","59.97","100","False","26","26","2024-07-01","2026-07-23","752","True","False","False","ESTABLISHED_1Y_TOURNAMENT_CANDIDATE","DIRECT_TEMPORAL_OOS_TOURNAMENT","SCENARIO_ONLY_UNLESS_FUTURE_DIRECT_VALIDATION","SCENARIO_ONLY_UNLESS_FUTURE_DIRECT_VALIDATION","False","False","False","False","False","False"
"SL-C050DAEA74CC9C","Festival in a Box Minneapolis 2023 Bundle — Standard Edition","487513","REGISTRY_READY","unknown","unknown","festival in a box","festival_in_a_box","NO_PRODUCTION_CURRENT_MARKET_PRICE","","","","","False","0","0","","","0","False","False","False","CURRENT_AND_HISTORY_EVIDENCE_GAP","NO_1Y_PRODUCTION_FORECAST_UNTIL_EVIDENCE_AVAILABLE","SCENARIO_ONLY_UNLESS_FUTURE_DIRECT_VALIDATION","SCENARIO_ONLY_UNLESS_FUTURE_DIRECT_VALIDATION","False","False","False","False","False","False"
"SL-C05D25C1CB85E9","Drop: Now on VHS! - Traditional Foil Edition — Foil Edition","515001","REGISTRY_READY","foil","traditional_foil","drop","individual_drop","TCG_MARKET_PRICE_AUTHORIZED_V1","106.91","117.99","131.86","976.65","False","31","31","2024-02-08","2026-07-23","896","True","False","False","ESTABLISHED_1Y_TOURNAMENT_CANDIDATE","DIRECT_TEMPORAL_OOS_TOURNAMENT","SCENARIO_ONLY_UNLESS_FUTURE_DIRECT_VALIDATION","SCENARIO_ONLY_UNLESS_FUTURE_DIRECT_VALIDATION","False","False","False","False","False","False"
"SL-C07200E6FB8843","Drop: Secret Lair x Chucky - Traditional Foil Edition — Foil Edition","584541","REGISTRY_READY","foil","traditional_foil","drop","individual_drop","TCG_MARKET_PRICE_AUTHORIZED_V1","72.52","70","79.99","159.99","False","22","22","2024-11-01","2026-07-23","629","True","False","False","ESTABLISHED_1Y_TOURNAMENT_CANDIDATE","DIRECT_TEMPORAL_OOS_TOURNAMENT","SCENARIO_ONLY_UNLESS_FUTURE_DIRECT_VALIDATION","SCENARIO_ONLY_UNLESS_FUTURE_DIRECT_VALIDATION","False","False","False","False","False","False"
"SL-C09C8446FDE850","Drop: Artist Series: Nils Hamm - Non-Foil Edition — Nonfoil Edition","283279","REGISTRY_READY","nonfoil","nonfoil","drop","individual_drop","TCG_MARKET_PRICE_AUTHORIZED_V1","52.5","52.01","56.97","77.94","False","31","31","2024-02-08","2026-07-23","896","True","False","False","ESTABLISHED_1Y_TOURNAMENT_CANDIDATE","DIRECT_TEMPORAL_OOS_TOURNAMENT","SCENARIO_ONLY_UNLESS_FUTURE_DIRECT_VALIDATION","SCENARIO_ONLY_UNLESS_FUTURE_DIRECT_VALIDATION","False","False","False","False","False","False"
"SL-C09D8E25A3F347","Drop: Secretversary Superdrop 2023: Welcome to Jurassic World Bundle — Standard Edition","528414","REGISTRY_READY","unknown","unknown","bundle","bundle","NO_PRODUCTION_CURRENT_MARKET_PRICE","","","","","False","0","0","","","0","False","False","False","CURRENT_AND_HISTORY_EVIDENCE_GAP","NO_1Y_PRODUCTION_FORECAST_UNTIL_EVIDENCE_AVAILABLE","SCENARIO_ONLY_UNLESS_FUTURE_DIRECT_VALIDATION","SCENARIO_ONLY_UNLESS_FUTURE_DIRECT_VALIDATION","False","False","False","False","False","False"
"SL-C0AA65531F16E2","Drop: Artist Series: Sidharth Chaturvedi - Traditional Foil Edition — Foil Edition","273598","REGISTRY_READY","foil","traditional_foil","drop","individual_drop","TCG_MARKET_PRICE_AUTHORIZED_V1","31.11","49.99","75","95.94","False","31","31","2024-02-08","2026-07-23","896","True","False","False","ESTABLISHED_1Y_TOURNAMENT_CANDIDATE","DIRECT_TEMPORAL_OOS_TOURNAMENT","SCENARIO_ONLY_UNLESS_FUTURE_DIRECT_VALIDATION","SCENARIO_ONLY_UNLESS_FUTURE_DIRECT_VALIDATION","False","False","False","False","False","False"
"SL-C1564B1CC85C5F","Drop: Artist Series: Kev Walker - Non-Foil Edition — Nonfoil Edition","515014","REGISTRY_READY","nonfoil","nonfoil","drop","individual_drop","TCG_MARKET_PRICE_AUTHORIZED_V1","42.39","32.75","64.49","79.94","False","31","31","2024-02-08","2026-07-23","896","True","False","False","ESTABLISHED_1Y_TOURNAMENT_CANDIDATE","DIRECT_TEMPORAL_OOS_TOURNAMENT","SCENARIO_ONLY_UNLESS_FUTURE_DIRECT_VALIDATION","SCENARIO_ONLY_UNLESS_FUTURE_DIRECT_VALIDATION","False","False","False","False","False","False"
"SL-C1A0A189180507","Drop: Valentine's Day 2021 - Non-Foil Edition — Nonfoil Edition","232600","REGISTRY_READY","nonfoil","nonfoil","drop","individual_drop","TCG_MARKET_PRICE_AUTHORIZED_V1","51.1","50.38","70","119.99","False","30","30","2024-02-08","2026-07-23","896","True","False","False","ESTABLISHED_1Y_TOURNAMENT_CANDIDATE","DIRECT_TEMPORAL_OOS_TOURNAMENT","SCENARIO_ONLY_UNLESS_FUTURE_DIRECT_VALIDATION","SCENARIO_ONLY_UNLESS_FUTURE_DIRECT_VALIDATION","False","False","False","False","False","False"
"SL-C2217F8AD4F84B","Drop: Fblthp: Completely, Utterly, Totally Lost - Non-Foil Edition — Nonfoil Edition","258479","REGISTRY_READY","nonfoil","nonfoil","drop","individual_drop","TCG_MARKET_PRICE_AUTHORIZED_V1","43.85","40","53.85","99.99","False","31","31","2024-02-08","2026-07-23","896","True","False","False","ESTABLISHED_1Y_TOURNAMENT_CANDIDATE","DIRECT_TEMPORAL_OOS_TOURNAMENT","SCENARIO_ONLY_UNLESS_FUTURE_DIRECT_VALIDATION","SCENARIO_ONLY_UNLESS_FUTURE_DIRECT_VALIDATION","False","False","False","False","False","False"
"SL-C24946B295061F","x The Office: Dwight's Destiny - Traditional Foil Edition — Foil Edition","656341","REGISTRY_READY","foil","traditional_foil","drop","individual_drop","TCG_MARKET_PRICE_AUTHORIZED_V1","139.94","139.74","179.28","399","False","10","10","2025-11-01","2026-07-23","264","False","False","False","SHORT_HISTORY_TOURNAMENT_CANDIDATE","SHORT_HISTORY_METHOD_TOURNAMENT","SCENARIO_ONLY_UNLESS_FUTURE_DIRECT_VALIDATION","SCENARIO_ONLY_UNLESS_FUTURE_DIRECT_VALIDATION","False","False","False","False","False","False"
"SL-C2CAC5DFF1B8FE","Astrology Lands (Sagittarius) Bundle - Non-Foil Edition — Nonfoil Edition","475393","REGISTRY_READY","nonfoil","nonfoil","bundle","bundle","NO_PRODUCTION_CURRENT_MARKET_PRICE","","","","","False","0","0","","","0","False","False","False","CURRENT_AND_HISTORY_EVIDENCE_GAP","NO_1Y_PRODUCTION_FORECAST_UNTIL_EVIDENCE_AVAILABLE","SCENARIO_ONLY_UNLESS_FUTURE_DIRECT_VALIDATION","SCENARIO_ONLY_UNLESS_FUTURE_DIRECT_VALIDATION","False","False","False","False","False","False"
"SL-C2DA212EE2424D","Drop: Prints Charming - Non-Foil Edition — Nonfoil Edition","677178","REGISTRY_READY","nonfoil","nonfoil","drop","individual_drop","TCG_MARKET_PRICE_AUTHORIZED_V1","50.46","49","62.53","149.95","False","6","6","2026-03-01","2026-07-23","144","False","False","False","SHORT_HISTORY_TOURNAMENT_CANDIDATE","SHORT_HISTORY_METHOD_TOURNAMENT","SCENARIO_ONLY_UNLESS_FUTURE_DIRECT_VALIDATION","SCENARIO_ONLY_UNLESS_FUTURE_DIRECT_VALIDATION","False","False","False","False","False","False"
"SL-C34C774BDFD93E","Drop: Special Guest: Yoji Shinkawa (Japanese) - Non-Foil Edition — Nonfoil Edition","450538","REGISTRY_READY","nonfoil","nonfoil","drop","individual_drop","TCG_MARKET_PRICE_AUTHORIZED_V1","89.98","79.49","87.29","149.73","False","0","0","","","0","False","False","False","CURRENT_PRICE_ONLY_NEW_PRODUCT_CANDIDATE","NEW_PRODUCT_FALLBACK_METHOD_TOURNAMENT","SCENARIO_ONLY_UNLESS_FUTURE_DIRECT_VALIDATION","SCENARIO_ONLY_UNLESS_FUTURE_DIRECT_VALIDATION","False","False","False","False","False","False"
"SL-C365E12BA9F953","Drop: February Superdrop - Showcase: Neon Dynasty - Neon Ink Foil Edition — Foil Edition","267778","REGISTRY_READY","foil","foil_unspecified","drop","individual_drop","TCG_MARKET_PRICE_AUTHORIZED_V1","58.92","60","65","175.59","False","1","1","2026-07-23","2026-07-23","0","False","False","False","SHORT_HISTORY_TOURNAMENT_CANDIDATE","SHORT_HISTORY_METHOD_TOURNAMENT","SCENARIO_ONLY_UNLESS_FUTURE_DIRECT_VALIDATION","SCENARIO_ONLY_UNLESS_FUTURE_DIRECT_VALIDATION","False","False","False","False","False","False"
"SL-C3A8669A77CF0F","Drop: Secret Lair x Brain Dead: Staples - Non-Foil Edition — Nonfoil Edition","561460","REGISTRY_READY","nonfoil","nonfoil","drop","individual_drop","TCG_MARKET_PRICE_AUTHORIZED_V1","49.22","40","49.99","99","False","24","24","2024-09-01","2026-07-23","690","True","False","False","ESTABLISHED_1Y_TOURNAMENT_CANDIDATE","DIRECT_TEMPORAL_OOS_TOURNAMENT","SCENARIO_ONLY_UNLESS_FUTURE_DIRECT_VALIDATION","SCENARIO_ONLY_UNLESS_FUTURE_DIRECT_VALIDATION","False","False","False","False","False","False"
"SL-C3D0A31003B38B","Drop: Outlaw Anthology Vol. 1: Rebellious Renegades - Rainbow Foil Edition — Foil Edition","551447","REGISTRY_READY","foil","rainbow_foil","drop","individual_drop","TCG_MARKET_PRICE_AUTHORIZED_V1","45.35","45","68.83","108.99","False","26","26","2024-07-01","2026-07-23","752","True","False","False","ESTABLISHED_1Y_TOURNAMENT_CANDIDATE","DIRECT_TEMPORAL_OOS_TOURNAMENT","SCENARIO_ONLY_UNLESS_FUTURE_DIRECT_VALIDATION","SCENARIO_ONLY_UNLESS_FUTURE_DIRECT_VALIDATION","False","False","False","False","False","False"
"SL-C43B4DA056180D","Drop: Purr Majesty - Non-Foil Edition — Nonfoil Edition","695134","REGISTRY_READY","nonfoil","nonfoil","drop","individual_drop","TCG_MARKET_PRICE_AUTHORIZED_V1","126.49","120","139.69","400","False","2","2","2026-07-01","2026-07-23","22","False","False","False","SHORT_HISTORY_TOURNAMENT_CANDIDATE","SHORT_HISTORY_METHOD_TOURNAMENT","SCENARIO_ONLY_UNLESS_FUTURE_DIRECT_VALIDATION","SCENARIO_ONLY_UNLESS_FUTURE_DIRECT_VALIDATION","False","False","False","False","False","False"
"SL-C44AE37BDB68A9","Drop: City Styles 2: Dressed to Kill - Rainbow Foil Edition — Foil Edition","618102","REGISTRY_READY","foil","rainbow_foil","drop","individual_drop","TCG_MARKET_PRICE_AUTHORIZED_V1","114.09","105","148.67","199.99","False","18","18","2025-03-01","2026-07-23","509","True","False","False","ESTABLISHED_1Y_TOURNAMENT_CANDIDATE","DIRECT_TEMPORAL_OOS_TOURNAMENT","SCENARIO_ONLY_UNLESS_FUTURE_DIRECT_VALIDATION","SCENARIO_ONLY_UNLESS_FUTURE_DIRECT_VALIDATION","False","False","False","False","False","False"
"SL-C4573F398978D7","Drop: The Ultimate Pencil - Non-Foil Bundle — Nonfoil Edition","632040","REGISTRY_READY","nonfoil","nonfoil","bundle","bundle","NO_PRODUCTION_CURRENT_MARKET_PRICE","","399.94","399.94","399.94","False","0","0","","","0","False","False","False","CURRENT_AND_HISTORY_EVIDENCE_GAP","NO_1Y_PRODUCTION_FORECAST_UNTIL_EVIDENCE_AVAILABLE","SCENARIO_ONLY_UNLESS_FUTURE_DIRECT_VALIDATION","SCENARIO_ONLY_UNLESS_FUTURE_DIRECT_VALIDATION","False","False","False","False","False","False"
"SL-C4E698097E6EB6","Drop: Secret Lair x Hatsune Miku: Digital Sensation EN - Rainbow Foil Edition — Foil Edition","556788","REGISTRY_READY","foil","rainbow_foil","drop","individual_drop","TCG_MARKET_PRICE_AUTHORIZED_V1","287.62","290","399","1000","False","26","26","2024-07-01","2026-07-23","752","True","False","False","ESTABLISHED_1Y_TOURNAMENT_CANDIDATE","DIRECT_TEMPORAL_OOS_TOURNAMENT","SCENARIO_ONLY_UNLESS_FUTURE_DIRECT_VALIDATION","SCENARIO_ONLY_UNLESS_FUTURE_DIRECT_VALIDATION","False","False","False","False","False","False"
"SL-C53B25CD55720F","Drop: Secret Lair x Dungeons & Dragons: Lands of the Forgotten Realms - Non-Foil Edition — Nonfoil Edition","677412","REGISTRY_READY","nonfoil","nonfoil","drop","individual_drop","TCG_MARKET_PRICE_AUTHORIZED_V1","36.3","34.95","54.99","150","False","5","5","2026-04-01","2026-07-23","113","False","False","False","SHORT_HISTORY_TOURNAMENT_CANDIDATE","SHORT_HISTORY_METHOD_TOURNAMENT","SCENARIO_ONLY_UNLESS_FUTURE_DIRECT_VALIDATION","SCENARIO_ONLY_UNLESS_FUTURE_DIRECT_VALIDATION","False","False","False","False","False","False"
"SL-C53BF262ADA17B","Drop: Fill My Cauldron with Non-Foils Bundle — Nonfoil Edition","518847","REGISTRY_READY","nonfoil","nonfoil","bundle","bundle","NO_PRODUCTION_CURRENT_MARKET_PRICE","","","","","False","0","0","","","0","False","False","False","CURRENT_AND_HISTORY_EVIDENCE_GAP","NO_1Y_PRODUCTION_FORECAST_UNTIL_EVIDENCE_AVAILABLE","SCENARIO_ONLY_UNLESS_FUTURE_DIRECT_VALIDATION","SCENARIO_ONLY_UNLESS_FUTURE_DIRECT_VALIDATION","False","False","False","False","False","False"
"SL-C59DE249DE7287","Drop: Crocodile Jackson's Monstrous Menagerie - Foil Etched Edition — Foil Edition","258484","REGISTRY_READY","foil","etched_foil","drop","individual_drop","TCG_MARKET_PRICE_AUTHORIZED_V1","45.74","44.8","59","90","False","31","31","2024-02-08","2026-07-23","896","True","False","False","ESTABLISHED_1Y_TOURNAMENT_CANDIDATE","DIRECT_TEMPORAL_OOS_TOURNAMENT","SCENARIO_ONLY_UNLESS_FUTURE_DIRECT_VALIDATION","SCENARIO_ONLY_UNLESS_FUTURE_DIRECT_VALIDATION","False","False","False","False","False","False"
"SL-C5A93064AA668C","Drop: Secret Lair x Jurassic World: Dr. Ian Malcolm - Non-Foil Edition — Nonfoil Edition","528390","REGISTRY_READY","nonfoil","nonfoil","drop","individual_drop","TCG_MARKET_PRICE_AUTHORIZED_V1","96.74","110","121.99","149.96","False","31","31","2024-02-08","2026-07-23","896","True","False","False","ESTABLISHED_1Y_TOURNAMENT_CANDIDATE","DIRECT_TEMPORAL_OOS_TOURNAMENT","SCENARIO_ONLY_UNLESS_FUTURE_DIRECT_VALIDATION","SCENARIO_ONLY_UNLESS_FUTURE_DIRECT_VALIDATION","False","False","False","False","False","False"
"SL-C649AFADB4E38B","Drop: Secret Lair x Jurassic World: Life Breaks Free - Rainbow Foil Edition — Foil Edition","528393","REGISTRY_READY","foil","rainbow_foil","drop","individual_drop","TCG_MARKET_PRICE_AUTHORIZED_V1","259.63","271.89","319.99","500","False","31","31","2024-02-08","2026-07-23","896","True","False","False","ESTABLISHED_1Y_TOURNAMENT_CANDIDATE","DIRECT_TEMPORAL_OOS_TOURNAMENT","SCENARIO_ONLY_UNLESS_FUTURE_DIRECT_VALIDATION","SCENARIO_ONLY_UNLESS_FUTURE_DIRECT_VALIDATION","False","False","False","False","False","False"
"SL-C67CDDB0AE44ED","Drop: Burn ‘Em All Bundle - Rainbow Foil Edition — Foil Edition","646782","REGISTRY_READY","foil","rainbow_foil","bundle","bundle","NO_PRODUCTION_CURRENT_MARKET_PRICE","","239.94","239.94","239.94","False","0","0","","","0","False","False","False","CURRENT_AND_HISTORY_EVIDENCE_GAP","NO_1Y_PRODUCTION_FORECAST_UNTIL_EVIDENCE_AVAILABLE","SCENARIO_ONLY_UNLESS_FUTURE_DIRECT_VALIDATION","SCENARIO_ONLY_UNLESS_FUTURE_DIRECT_VALIDATION","False","False","False","False","False","False"
"SL-C70FCBB505BD77","x Jaws: Terror of Amity Island - Rainbow Foil Edition — Foil Edition","656338","REGISTRY_READY","foil","rainbow_foil","drop","individual_drop","TCG_MARKET_PRICE_AUTHORIZED_V1","295.39","324.97","349.98","500","False","10","10","2025-11-01","2026-07-23","264","False","False","False","SHORT_HISTORY_TOURNAMENT_CANDIDATE","SHORT_HISTORY_METHOD_TOURNAMENT","SCENARIO_ONLY_UNLESS_FUTURE_DIRECT_VALIDATION","SCENARIO_ONLY_UNLESS_FUTURE_DIRECT_VALIDATION","False","False","False","False","False","False"
"SL-C72D4B2E5B3130","Drop: Mother's Day 2021 - Non-Foil Edition — Nonfoil Edition","242348","REGISTRY_READY","nonfoil","nonfoil","drop","individual_drop","TCG_MARKET_PRICE_AUTHORIZED_V1","46.18","49.99","54.69","99","False","31","31","2024-02-08","2026-07-23","896","True","False","False","ESTABLISHED_1Y_TOURNAMENT_CANDIDATE","DIRECT_TEMPORAL_OOS_TOURNAMENT","SCENARIO_ONLY_UNLESS_FUTURE_DIRECT_VALIDATION","SCENARIO_ONLY_UNLESS_FUTURE_DIRECT_VALIDATION","False","False","False","False","False","False"
"SL-C7694953E368F4","Drop: Secret Lair x Monty Python: Monty Python and the Holy Grail: Vol. 1 - Non-Foil Edition — Nonfoil Edition","561453","REGISTRY_READY","nonfoil","nonfoil","drop","individual_drop","TCG_MARKET_PRICE_AUTHORIZED_V1","180.33","178","192.98","249","False","25","25","2024-08-01","2026-07-23","721","True","False","False","ESTABLISHED_1Y_TOURNAMENT_CANDIDATE","DIRECT_TEMPORAL_OOS_TOURNAMENT","SCENARIO_ONLY_UNLESS_FUTURE_DIRECT_VALIDATION","SCENARIO_ONLY_UNLESS_FUTURE_DIRECT_VALIDATION","False","False","False","False","False","False"
"SL-C805DBBC1C6677","Drop: Secret Lair x Marvel's Spider-Man: Mana Symbiote - Raised Foil Edition — Foil Edition","653120","REGISTRY_READY","foil","foil_unspecified","drop","individual_drop","TCG_MARKET_PRICE_AUTHORIZED_V1","111.97","109.99","132.78","400","False","11","11","2025-10-01","2026-07-23","295","False","False","False","SHORT_HISTORY_TOURNAMENT_CANDIDATE","SHORT_HISTORY_METHOD_TOURNAMENT","SCENARIO_ONLY_UNLESS_FUTURE_DIRECT_VALIDATION","SCENARIO_ONLY_UNLESS_FUTURE_DIRECT_VALIDATION","False","False","False","False","False","False"
"SL-C80FAE8D249054","Drop: Every Dog Has Its Day - Non-Foil Edition — Nonfoil Edition","221329","REGISTRY_READY","nonfoil","nonfoil","drop","individual_drop","TCG_MARKET_PRICE_AUTHORIZED_V1","46.29","44.99","64.89","114.99","False","31","31","2024-02-08","2026-07-23","896","True","False","False","ESTABLISHED_1Y_TOURNAMENT_CANDIDATE","DIRECT_TEMPORAL_OOS_TOURNAMENT","SCENARIO_ONLY_UNLESS_FUTURE_DIRECT_VALIDATION","SCENARIO_ONLY_UNLESS_FUTURE_DIRECT_VALIDATION","False","False","False","False","False","False"
"SL-C822436F428050","Back to School Superdrop: This Will Be On The Test Everything Bundle — Standard Edition","691199","REGISTRY_READY","unknown","unknown","bundle","bundle","NO_PRODUCTION_CURRENT_MARKET_PRICE","","1249.94","1574.97","1899.99","False","0","0","","","0","False","False","False","CURRENT_AND_HISTORY_EVIDENCE_GAP","NO_1Y_PRODUCTION_FORECAST_UNTIL_EVIDENCE_AVAILABLE","SCENARIO_ONLY_UNLESS_FUTURE_DIRECT_VALIDATION","SCENARIO_ONLY_UNLESS_FUTURE_DIRECT_VALIDATION","False","False","False","False","False","False"
"SL-C82833E3A7C3DF","Drop: Spring Superdrop 2024: Hatsune Miku: Sakura Superstar Bundle — Standard Edition","551411","REGISTRY_READY","unknown","unknown","bundle","bundle","NO_PRODUCTION_CURRENT_MARKET_PRICE","","","","","False","0","0","","","0","False","False","False","CURRENT_AND_HISTORY_EVIDENCE_GAP","NO_1Y_PRODUCTION_FORECAST_UNTIL_EVIDENCE_AVAILABLE","SCENARIO_ONLY_UNLESS_FUTURE_DIRECT_VALIDATION","SCENARIO_ONLY_UNLESS_FUTURE_DIRECT_VALIDATION","False","False","False","False","False","False"
"SL-C82FB71F29626A","Drop: Astrology Lands (Leo) Bundle - Non-Foil Edition — Nonfoil Edition","281601","REGISTRY_READY","nonfoil","nonfoil","bundle","bundle","NO_PRODUCTION_CURRENT_MARKET_PRICE","","","","","False","0","0","","","0","False","False","False","CURRENT_AND_HISTORY_EVIDENCE_GAP","NO_1Y_PRODUCTION_FORECAST_UNTIL_EVIDENCE_AVAILABLE","SCENARIO_ONLY_UNLESS_FUTURE_DIRECT_VALIDATION","SCENARIO_ONLY_UNLESS_FUTURE_DIRECT_VALIDATION","False","False","False","False","False","False"
"SL-C83649108644FE","Astrology Lands (Aries) - Traditional Foil Edition — Foil Edition","279320","REGISTRY_READY","foil","traditional_foil","drop","individual_drop","NO_PRODUCTION_CURRENT_MARKET_PRICE","","65.94","72.97","110","False","27","27","2024-02-08","2026-07-01","874","True","False","False","ESTABLISHED_1Y_TOURNAMENT_CANDIDATE","DIRECT_TEMPORAL_OOS_TOURNAMENT","SCENARIO_ONLY_UNLESS_FUTURE_DIRECT_VALIDATION","SCENARIO_ONLY_UNLESS_FUTURE_DIRECT_VALIDATION","False","False","False","False","False","False"
"SL-C863D417DDE83A","Festival in a Box Las Vegas 2023 Bundle — Standard Edition","516536","REGISTRY_READY","unknown","unknown","festival in a box","festival_in_a_box","TCG_MARKET_PRICE_AUTHORIZED_V1","988.7","1119.99","1369.5","1999.99","False","1","1","2026-07-23","2026-07-23","0","False","False","False","SHORT_HISTORY_TOURNAMENT_CANDIDATE","SHORT_HISTORY_METHOD_TOURNAMENT","SCENARIO_ONLY_UNLESS_FUTURE_DIRECT_VALIDATION","SCENARIO_ONLY_UNLESS_FUTURE_DIRECT_VALIDATION","False","False","False","False","False","False"
"SL-C8B08A7139FC31","Drop: Secret Lair x Hatsune Miku: Winter Diva EN - Non-Foil Edition — Nonfoil Edition","618049","REGISTRY_READY","nonfoil","nonfoil","drop","individual_drop","TCG_MARKET_PRICE_AUTHORIZED_V1","91.81","124.99","149.5","249.99","False","18","18","2025-03-01","2026-07-23","509","True","False","False","ESTABLISHED_1Y_TOURNAMENT_CANDIDATE","DIRECT_TEMPORAL_OOS_TOURNAMENT","SCENARIO_ONLY_UNLESS_FUTURE_DIRECT_VALIDATION","SCENARIO_ONLY_UNLESS_FUTURE_DIRECT_VALIDATION","False","False","False","False","False","False"
"SL-C94DD14ECC45A6","Drop: Gift Wrapped - Non-Foil Edition — Nonfoil Edition","528400","REGISTRY_READY","nonfoil","nonfoil","drop","individual_drop","TCG_MARKET_PRICE_AUTHORIZED_V1","39.27","35.99","44.65","99","False","31","31","2024-02-08","2026-07-23","896","True","False","False","ESTABLISHED_1Y_TOURNAMENT_CANDIDATE","DIRECT_TEMPORAL_OOS_TOURNAMENT","SCENARIO_ONLY_UNLESS_FUTURE_DIRECT_VALIDATION","SCENARIO_ONLY_UNLESS_FUTURE_DIRECT_VALIDATION","False","False","False","False","False","False"
"SL-C9877AF6FE4DA4","x Avatar: The Last Airbender Superdrop: Master Of All Elements Everything Bundle — Standard Edition","664030","REGISTRY_READY","unknown","unknown","bundle","bundle","TCG_MARKET_PRICE_AUTHORIZED_V1","485.47","575","648.97","699.94","False","1","1","2026-07-23","2026-07-23","0","False","False","False","SHORT_HISTORY_TOURNAMENT_CANDIDATE","SHORT_HISTORY_METHOD_TOURNAMENT","SCENARIO_ONLY_UNLESS_FUTURE_DIRECT_VALIDATION","SCENARIO_ONLY_UNLESS_FUTURE_DIRECT_VALIDATION","False","False","False","False","False","False"
"SL-C999737763FC53","Drop: Dan Frazier is Back: The Enemy Signets - Foil Etched Edition — Foil Edition","242351","REGISTRY_READY","foil","etched_foil","drop","individual_drop","TCG_MARKET_PRICE_AUTHORIZED_V1","94.9","103.76","116.34","129.95","False","31","31","2024-02-08","2026-07-23","896","True","False","False","ESTABLISHED_1Y_TOURNAMENT_CANDIDATE","DIRECT_TEMPORAL_OOS_TOURNAMENT","SCENARIO_ONLY_UNLESS_FUTURE_DIRECT_VALIDATION","SCENARIO_ONLY_UNLESS_FUTURE_DIRECT_VALIDATION","False","False","False","False","False","False"
"SL-C9B2F11CEB5F77","Drop: Transformers: One Shall Stand, One Shall Fall - Non-Foil Edition — Nonfoil Edition","456528","REGISTRY_READY","nonfoil","nonfoil","drop","individual_drop","TCG_MARKET_PRICE_AUTHORIZED_V1","66.17","53.01","77.27","92.09","False","31","31","2024-02-08","2026-07-23","896","True","False","False","ESTABLISHED_1Y_TOURNAMENT_CANDIDATE","DIRECT_TEMPORAL_OOS_TOURNAMENT","SCENARIO_ONLY_UNLESS_FUTURE_DIRECT_VALIDATION","SCENARIO_ONLY_UNLESS_FUTURE_DIRECT_VALIDATION","False","False","False","False","False","False"
"SL-CA134058712347","Drop: Winter Superdrop 2025: Trailblazing Bundle - Non-Foil Edition — Nonfoil Edition","618115","REGISTRY_READY","nonfoil","nonfoil","bundle","bundle","NO_PRODUCTION_CURRENT_MARKET_PRICE","","199.99","199.99","199.99","False","0","0","","","0","False","False","False","CURRENT_AND_HISTORY_EVIDENCE_GAP","NO_1Y_PRODUCTION_FORECAST_UNTIL_EVIDENCE_AVAILABLE","SCENARIO_ONLY_UNLESS_FUTURE_DIRECT_VALIDATION","SCENARIO_ONLY_UNLESS_FUTURE_DIRECT_VALIDATION","False","False","False","False","False","False"
"SL-CA17EB83C29B15","Drop: vroooOOOMMMMMM! - Raised Foil Playset Bundle — Foil Edition","632028","REGISTRY_READY","foil","foil_unspecified","bundle","bundle","NO_PRODUCTION_CURRENT_MARKET_PRICE","","484.98","489.99","758.98","False","0","0","","","0","False","False","False","CURRENT_AND_HISTORY_EVIDENCE_GAP","NO_1Y_PRODUCTION_FORECAST_UNTIL_EVIDENCE_AVAILABLE","SCENARIO_ONLY_UNLESS_FUTURE_DIRECT_VALIDATION","SCENARIO_ONLY_UNLESS_FUTURE_DIRECT_VALIDATION","False","False","False","False","False","False"
"SL-CA2C167AAFAD55","Drop: Finally! Left-Handed Magic Cards - Traditional Foil Edition — Foil Edition","273601","REGISTRY_READY","foil","traditional_foil","drop","individual_drop","TCG_MARKET_PRICE_AUTHORIZED_V1","55.24","57.99","78.99","99.99","False","31","31","2024-02-08","2026-07-23","896","True","False","False","ESTABLISHED_1Y_TOURNAMENT_CANDIDATE","DIRECT_TEMPORAL_OOS_TOURNAMENT","SCENARIO_ONLY_UNLESS_FUTURE_DIRECT_VALIDATION","SCENARIO_ONLY_UNLESS_FUTURE_DIRECT_VALIDATION","False","False","False","False","False","False"
"SL-CA3A146FC06964","Drop: February Superdrop - Non-stop, Non-Foil Bundle — Nonfoil Edition","267766","REGISTRY_READY","nonfoil","nonfoil","bundle","bundle","NO_PRODUCTION_CURRENT_MARKET_PRICE","","384","384","384","False","3","3","2024-11-01","2025-05-01","181","False","False","False","SHORT_HISTORY_TOURNAMENT_CANDIDATE","SHORT_HISTORY_METHOD_TOURNAMENT","SCENARIO_ONLY_UNLESS_FUTURE_DIRECT_VALIDATION","SCENARIO_ONLY_UNLESS_FUTURE_DIRECT_VALIDATION","False","False","False","False","False","False"
"SL-CA46F5F5791EBB","Roadshow Edition: So Salty - Traditional Foil Edition — Foil Edition","686493","REGISTRY_READY","foil","traditional_foil","drop","individual_drop","TCG_MARKET_PRICE_AUTHORIZED_V1","82.02","64.94","84.99","200","False","5","5","2026-04-01","2026-07-23","113","False","False","False","SHORT_HISTORY_TOURNAMENT_CANDIDATE","SHORT_HISTORY_METHOD_TOURNAMENT","SCENARIO_ONLY_UNLESS_FUTURE_DIRECT_VALIDATION","SCENARIO_ONLY_UNLESS_FUTURE_DIRECT_VALIDATION","False","False","False","False","False","False"
"SL-CA6CCECFEBEC2C","Drop: Secret Lair x Teenage Mutant Ninja Turtles: VHS Villains - Traditional Foil Edition — Foil Edition","679543","REGISTRY_READY","foil","traditional_foil","drop","individual_drop","TCG_MARKET_PRICE_AUTHORIZED_V1","76.8","76.99","93.97","500","False","5","5","2026-04-01","2026-07-23","113","False","False","False","SHORT_HISTORY_TOURNAMENT_CANDIDATE","SHORT_HISTORY_METHOD_TOURNAMENT","SCENARIO_ONLY_UNLESS_FUTURE_DIRECT_VALIDATION","SCENARIO_ONLY_UNLESS_FUTURE_DIRECT_VALIDATION","False","False","False","False","False","False"
"SL-CA6FA7819E27BD","Drop: Summer Superdrop Bundle — Standard Edition","214937","REGISTRY_READY","unknown","unknown","bundle","bundle","NO_PRODUCTION_CURRENT_MARKET_PRICE","","350","489.99","2450.01","False","0","0","","","0","False","False","False","CURRENT_AND_HISTORY_EVIDENCE_GAP","NO_1Y_PRODUCTION_FORECAST_UNTIL_EVIDENCE_AVAILABLE","SCENARIO_ONLY_UNLESS_FUTURE_DIRECT_VALIDATION","SCENARIO_ONLY_UNLESS_FUTURE_DIRECT_VALIDATION","False","False","False","False","False","False"
"SL-CAB929EA2DD4AE","x Sonic the Hedgehog Superdrop: Turbo Gear — Nonfoil Edition","643595","REGISTRY_READY","nonfoil","nonfoil","drop","individual_drop","TCG_MARKET_PRICE_AUTHORIZED_V1","46.36","40","54.9","120","False","1","1","2026-07-23","2026-07-23","0","False","False","False","SHORT_HISTORY_TOURNAMENT_CANDIDATE","SHORT_HISTORY_METHOD_TOURNAMENT","SCENARIO_ONLY_UNLESS_FUTURE_DIRECT_VALIDATION","SCENARIO_ONLY_UNLESS_FUTURE_DIRECT_VALIDATION","False","False","False","False","False","False"
"SL-CAEFD21D151456","Drop: Featuring: Luke Pearson - Non-Foil Edition — Nonfoil Edition","618098","REGISTRY_READY","nonfoil","nonfoil","drop","individual_drop","TCG_MARKET_PRICE_AUTHORIZED_V1","44.34","44.99","54.95","99","False","18","18","2025-03-01","2026-07-23","509","True","False","False","ESTABLISHED_1Y_TOURNAMENT_CANDIDATE","DIRECT_TEMPORAL_OOS_TOURNAMENT","SCENARIO_ONLY_UNLESS_FUTURE_DIRECT_VALIDATION","SCENARIO_ONLY_UNLESS_FUTURE_DIRECT_VALIDATION","False","False","False","False","False","False"
"SL-CB766B61EEFB6E","Drop: Outlaw Anthology Vol. 1: Rebellious Renegades - Non-Foil Edition — Nonfoil Edition","551448","REGISTRY_READY","nonfoil","nonfoil","drop","individual_drop","TCG_MARKET_PRICE_AUTHORIZED_V1","44.56","49.99","69.99","99","False","26","26","2024-07-01","2026-07-23","752","True","False","False","ESTABLISHED_1Y_TOURNAMENT_CANDIDATE","DIRECT_TEMPORAL_OOS_TOURNAMENT","SCENARIO_ONLY_UNLESS_FUTURE_DIRECT_VALIDATION","SCENARIO_ONLY_UNLESS_FUTURE_DIRECT_VALIDATION","False","False","False","False","False","False"
"SL-CBFED1F92A630D","Drop: Showcase: Read The Fine Print - Traditional Foil Edition — Foil Edition","251760","REGISTRY_READY","foil","traditional_foil","drop","individual_drop","TCG_MARKET_PRICE_AUTHORIZED_V1","38.08","39.94","54.47","79.99","False","31","31","2024-02-08","2026-07-23","896","True","False","False","ESTABLISHED_1Y_TOURNAMENT_CANDIDATE","DIRECT_TEMPORAL_OOS_TOURNAMENT","SCENARIO_ONLY_UNLESS_FUTURE_DIRECT_VALIDATION","SCENARIO_ONLY_UNLESS_FUTURE_DIRECT_VALIDATION","False","False","False","False","False","False"
"SL-CC030DBD6E29FE","x The Last of Us Part II - Rainbow Foil Edition — Foil Edition","658349","REGISTRY_READY","foil","rainbow_foil","drop","individual_drop","TCG_MARKET_PRICE_AUTHORIZED_V1","38.58","38.58","66.5","300","False","10","10","2025-11-01","2026-07-23","264","False","False","False","SHORT_HISTORY_TOURNAMENT_CANDIDATE","SHORT_HISTORY_METHOD_TOURNAMENT","SCENARIO_ONLY_UNLESS_FUTURE_DIRECT_VALIDATION","SCENARIO_ONLY_UNLESS_FUTURE_DIRECT_VALIDATION","False","False","False","False","False","False"
"SL-CC5293951E84F8","Superdrop: Supershock Bundle - Non-Foil Edition — Nonfoil Edition","237614","REGISTRY_READY","nonfoil","nonfoil","bundle","bundle","TCG_MARKET_PRICE_AUTHORIZED_V1","270","265","270","349.99","False","22","22","2024-02-08","2026-07-23","896","True","False","False","ESTABLISHED_1Y_TOURNAMENT_CANDIDATE","DIRECT_TEMPORAL_OOS_TOURNAMENT","SCENARIO_ONLY_UNLESS_FUTURE_DIRECT_VALIDATION","SCENARIO_ONLY_UNLESS_FUTURE_DIRECT_VALIDATION","False","False","False","False","False","False"
"SL-CCE426CFBA5D07","Drop: Pixel Perfect: Extra Life 2024 - Non-Foil Edition — Nonfoil Edition","586952","REGISTRY_READY","nonfoil","nonfoil","drop","individual_drop","TCG_MARKET_PRICE_AUTHORIZED_V1","70.21","62","74.99","149","False","21","21","2024-12-01","2026-07-23","599","True","False","False","ESTABLISHED_1Y_TOURNAMENT_CANDIDATE","DIRECT_TEMPORAL_OOS_TOURNAMENT","SCENARIO_ONLY_UNLESS_FUTURE_DIRECT_VALIDATION","SCENARIO_ONLY_UNLESS_FUTURE_DIRECT_VALIDATION","False","False","False","False","False","False"
"SL-CD2FC308C3644A","Drop: Tome of the Astral Sorceress - Non-Foil Edition — Nonfoil Edition","584539","REGISTRY_READY","nonfoil","nonfoil","drop","individual_drop","TCG_MARKET_PRICE_AUTHORIZED_V1","34.47","29.99","39.95","100","False","22","22","2024-11-01","2026-07-23","629","True","False","False","ESTABLISHED_1Y_TOURNAMENT_CANDIDATE","DIRECT_TEMPORAL_OOS_TOURNAMENT","SCENARIO_ONLY_UNLESS_FUTURE_DIRECT_VALIDATION","SCENARIO_ONLY_UNLESS_FUTURE_DIRECT_VALIDATION","False","False","False","False","False","False"
"SL-CD43B6F3D7A59F","Drop: Secret Lair x Dungeons & Dragons: Karlach's Rage - Non-Foil Edition — Nonfoil Edition","565553","REGISTRY_READY","nonfoil","nonfoil","drop","individual_drop","TCG_MARKET_PRICE_AUTHORIZED_V1","146.97","146.83","157.99","245.06","False","24","24","2024-09-01","2026-07-23","690","True","False","False","ESTABLISHED_1Y_TOURNAMENT_CANDIDATE","DIRECT_TEMPORAL_OOS_TOURNAMENT","SCENARIO_ONLY_UNLESS_FUTURE_DIRECT_VALIDATION","SCENARIO_ONLY_UNLESS_FUTURE_DIRECT_VALIDATION","False","False","False","False","False","False"
"SL-CD637B6154FA4F","Drop: Special Guest: Kelogsloops - Non-Foil Edition — Nonfoil Edition","275821","REGISTRY_READY","nonfoil","nonfoil","drop","individual_drop","TCG_MARKET_PRICE_AUTHORIZED_V1","102.65","114.88","126.13","150","False","31","31","2024-02-08","2026-07-23","896","True","False","False","ESTABLISHED_1Y_TOURNAMENT_CANDIDATE","DIRECT_TEMPORAL_OOS_TOURNAMENT","SCENARIO_ONLY_UNLESS_FUTURE_DIRECT_VALIDATION","SCENARIO_ONLY_UNLESS_FUTURE_DIRECT_VALIDATION","False","False","False","False","False","False"
"SL-CD67446B439F75","x Post Malone: Backstage Pass - Non-Foil Edition — Nonfoil Edition","450519","REGISTRY_READY","nonfoil","nonfoil","drop","individual_drop","TCG_MARKET_PRICE_AUTHORIZED_V1","94.73","82.96","97.55","250","False","31","31","2024-02-08","2026-07-23","896","True","False","False","ESTABLISHED_1Y_TOURNAMENT_CANDIDATE","DIRECT_TEMPORAL_OOS_TOURNAMENT","SCENARIO_ONLY_UNLESS_FUTURE_DIRECT_VALIDATION","SCENARIO_ONLY_UNLESS_FUTURE_DIRECT_VALIDATION","False","False","False","False","False","False"
"SL-CE0D22C4A5732F","Drop: Aether Drifters - Non-Foil Edition — Nonfoil Edition","618112","REGISTRY_READY","nonfoil","nonfoil","drop","individual_drop","TCG_MARKET_PRICE_AUTHORIZED_V1","40.46","32.24","40.84","99","False","18","18","2025-03-01","2026-07-23","509","True","False","False","ESTABLISHED_1Y_TOURNAMENT_CANDIDATE","DIRECT_TEMPORAL_OOS_TOURNAMENT","SCENARIO_ONLY_UNLESS_FUTURE_DIRECT_VALIDATION","SCENARIO_ONLY_UNLESS_FUTURE_DIRECT_VALIDATION","False","False","False","False","False","False"
"SL-CE39B48D52F07A","Drop: Just Add Milk: Second Helpings - Traditional Foil Edition — Foil Edition","537673","REGISTRY_READY","foil","traditional_foil","drop","individual_drop","TCG_MARKET_PRICE_AUTHORIZED_V1","62.8","83.99","107.5","199.99","False","30","30","2024-03-01","2026-07-23","874","True","False","False","ESTABLISHED_1Y_TOURNAMENT_CANDIDATE","DIRECT_TEMPORAL_OOS_TOURNAMENT","SCENARIO_ONLY_UNLESS_FUTURE_DIRECT_VALIDATION","SCENARIO_ONLY_UNLESS_FUTURE_DIRECT_VALIDATION","False","False","False","False","False","False"
"SL-CE3BB4F7AF5651","Drop: Goblingram - Non-Foil Edition — Nonfoil Edition","551444","REGISTRY_READY","nonfoil","nonfoil","drop","individual_drop","TCG_MARKET_PRICE_AUTHORIZED_V1","33.01","27.99","46.32","99","False","26","26","2024-07-01","2026-07-23","752","True","False","False","ESTABLISHED_1Y_TOURNAMENT_CANDIDATE","DIRECT_TEMPORAL_OOS_TOURNAMENT","SCENARIO_ONLY_UNLESS_FUTURE_DIRECT_VALIDATION","SCENARIO_ONLY_UNLESS_FUTURE_DIRECT_VALIDATION","False","False","False","False","False","False"
"SL-CE6909ECF00CA8","Drop: Secret Lair x Stranger Things - Non-Foil Edition — Nonfoil Edition","251747","REGISTRY_READY","nonfoil","nonfoil","drop","individual_drop","TCG_MARKET_PRICE_AUTHORIZED_V1","138.82","110","148.03","199","False","31","31","2024-02-08","2026-07-23","896","True","False","False","ESTABLISHED_1Y_TOURNAMENT_CANDIDATE","DIRECT_TEMPORAL_OOS_TOURNAMENT","SCENARIO_ONLY_UNLESS_FUTURE_DIRECT_VALIDATION","SCENARIO_ONLY_UNLESS_FUTURE_DIRECT_VALIDATION","False","False","False","False","False","False"
"SL-CEB06DD843F657","Drop: Summer Superdrop 2025 - The Art of Frank Frazetta: The Second Exhibition (Rainbow Foil Edition) — Foil Edition","637671","REGISTRY_READY","foil","rainbow_foil","drop","individual_drop","TCG_MARKET_PRICE_AUTHORIZED_V1","58.24","60","80","900","False","14","14","2025-07-01","2026-07-23","387","True","False","False","ESTABLISHED_1Y_TOURNAMENT_CANDIDATE","DIRECT_TEMPORAL_OOS_TOURNAMENT","SCENARIO_ONLY_UNLESS_FUTURE_DIRECT_VALIDATION","SCENARIO_ONLY_UNLESS_FUTURE_DIRECT_VALIDATION","False","False","False","False","False","False"
"SL-CED357C3AB21E8","Drop: The Art of Frank Frazetta - Traditional Foil Edition — Foil Edition","456527","REGISTRY_READY","foil","traditional_foil","drop","individual_drop","TCG_MARKET_PRICE_AUTHORIZED_V1","388.59","390","400","1000","False","29","29","2024-02-08","2026-07-23","896","True","False","False","ESTABLISHED_1Y_TOURNAMENT_CANDIDATE","DIRECT_TEMPORAL_OOS_TOURNAMENT","SCENARIO_ONLY_UNLESS_FUTURE_DIRECT_VALIDATION","SCENARIO_ONLY_UNLESS_FUTURE_DIRECT_VALIDATION","False","False","False","False","False","False"
"SL-CEFFC6DB7F7ABD","Drop: December Superdrop Non-Foil Bundle — Nonfoil Edition","456550","REGISTRY_READY","nonfoil","nonfoil","bundle","bundle","NO_PRODUCTION_CURRENT_MARKET_PRICE","","","","","False","5","5","2024-03-01","2024-07-01","122","False","False","False","SHORT_HISTORY_TOURNAMENT_CANDIDATE","SHORT_HISTORY_METHOD_TOURNAMENT","SCENARIO_ONLY_UNLESS_FUTURE_DIRECT_VALIDATION","SCENARIO_ONLY_UNLESS_FUTURE_DIRECT_VALIDATION","False","False","False","False","False","False"
"SL-CFD92A398D8349","Drop: Return to Mystical Archive - Traditional Foil Edition — Foil Edition","691198","REGISTRY_READY","foil","traditional_foil","drop","individual_drop","TCG_MARKET_PRICE_AUTHORIZED_V1","79.46","61.92","79.13","150","False","2","2","2026-07-01","2026-07-23","22","False","False","False","SHORT_HISTORY_TOURNAMENT_CANDIDATE","SHORT_HISTORY_METHOD_TOURNAMENT","SCENARIO_ONLY_UNLESS_FUTURE_DIRECT_VALIDATION","SCENARIO_ONLY_UNLESS_FUTURE_DIRECT_VALIDATION","False","False","False","False","False","False"
"SL-D061A6FE209B52","Drop: Secret Lair x Dungeons & Dragons: Death is in the Eyes of the Beholder II - Non-Foil Edition — Nonfoil Edition","565549","REGISTRY_READY","nonfoil","nonfoil","drop","individual_drop","TCG_MARKET_PRICE_AUTHORIZED_V1","41.25","33.95","49.95","99","False","23","23","2024-10-01","2026-07-23","660","True","False","False","ESTABLISHED_1Y_TOURNAMENT_CANDIDATE","DIRECT_TEMPORAL_OOS_TOURNAMENT","SCENARIO_ONLY_UNLESS_FUTURE_DIRECT_VALIDATION","SCENARIO_ONLY_UNLESS_FUTURE_DIRECT_VALIDATION","False","False","False","False","False","False"
"SL-D126DBCCB251DC","Drop: Astrology Lands (Capricorn) Bundle - Traditional Foil Edition — Foil Edition","259312","REGISTRY_READY","foil","traditional_foil","bundle","bundle","NO_PRODUCTION_CURRENT_MARKET_PRICE","","","","","False","1","1","2024-03-01","2024-03-01","0","False","False","False","SHORT_HISTORY_TOURNAMENT_CANDIDATE","SHORT_HISTORY_METHOD_TOURNAMENT","SCENARIO_ONLY_UNLESS_FUTURE_DIRECT_VALIDATION","SCENARIO_ONLY_UNLESS_FUTURE_DIRECT_VALIDATION","False","False","False","False","False","False"
"SL-D133893D13E78E","x Avatar: The Last Airbender Superdrop: Avatar State Non-Foil Bundle — Nonfoil Edition","664032","REGISTRY_READY","nonfoil","nonfoil","bundle","bundle","NO_PRODUCTION_CURRENT_MARKET_PRICE","","","","","False","9","9","2025-12-01","2026-07-23","234","False","False","False","SHORT_HISTORY_TOURNAMENT_CANDIDATE","SHORT_HISTORY_METHOD_TOURNAMENT","SCENARIO_ONLY_UNLESS_FUTURE_DIRECT_VALIDATION","SCENARIO_ONLY_UNLESS_FUTURE_DIRECT_VALIDATION","False","False","False","False","False","False"
"SL-D13D0C095C023B","Drop: Featuring: Kevin Eastman (Colors) - Non-Foil Edition — Nonfoil Edition","680228","REGISTRY_READY","nonfoil","nonfoil","drop","individual_drop","TCG_MARKET_PRICE_AUTHORIZED_V1","40.14","26.4","43.93","75","False","5","5","2026-04-01","2026-07-23","113","False","False","False","SHORT_HISTORY_TOURNAMENT_CANDIDATE","SHORT_HISTORY_METHOD_TOURNAMENT","SCENARIO_ONLY_UNLESS_FUTURE_DIRECT_VALIDATION","SCENARIO_ONLY_UNLESS_FUTURE_DIRECT_VALIDATION","False","False","False","False","False","False"
"SL-D14CD1568AC703","Drop: KEXP: Where the Music Matters - Rainbow Foil Edition — Foil Edition","632011","REGISTRY_READY","foil","rainbow_foil","drop","individual_drop","TCG_MARKET_PRICE_AUTHORIZED_V1","37.7","35","44.99","99","False","13","13","2025-08-01","2026-07-23","356","False","False","False","SHORT_HISTORY_TOURNAMENT_CANDIDATE","SHORT_HISTORY_METHOD_TOURNAMENT","SCENARIO_ONLY_UNLESS_FUTURE_DIRECT_VALIDATION","SCENARIO_ONLY_UNLESS_FUTURE_DIRECT_VALIDATION","False","False","False","False","False","False"
"SL-D1513B904FE27E","Drop: Showcase: Dominaria United - Textured Foil Edition — Foil Edition","283283","REGISTRY_READY","foil","textured_foil","drop","individual_drop","TCG_MARKET_PRICE_AUTHORIZED_V1","63.53","69.88","103","170","False","31","31","2024-02-08","2026-07-23","896","True","False","False","ESTABLISHED_1Y_TOURNAMENT_CANDIDATE","DIRECT_TEMPORAL_OOS_TOURNAMENT","SCENARIO_ONLY_UNLESS_FUTURE_DIRECT_VALIDATION","SCENARIO_ONLY_UNLESS_FUTURE_DIRECT_VALIDATION","False","False","False","False","False","False"
"SL-D18A4E24571B1B","Drop: Inked - Non-Foil Edition — Nonfoil Edition","694710","REGISTRY_READY","nonfoil","nonfoil","drop","individual_drop","TCG_MARKET_PRICE_AUTHORIZED_V1","45.79","37.4","53.98","90","False","3","3","2026-06-01","2026-07-23","52","False","False","False","SHORT_HISTORY_TOURNAMENT_CANDIDATE","SHORT_HISTORY_METHOD_TOURNAMENT","SCENARIO_ONLY_UNLESS_FUTURE_DIRECT_VALIDATION","SCENARIO_ONLY_UNLESS_FUTURE_DIRECT_VALIDATION","False","False","False","False","False","False"
"SL-D1A162914F5B85","Astrology Lands (Pisces) - Non-Foil Edition — Nonfoil Edition","279309","REGISTRY_READY","nonfoil","nonfoil","drop","individual_drop","TCG_MARKET_PRICE_AUTHORIZED_V1","24.5","24.5","39.69","60","False","13","13","2024-02-08","2026-07-23","896","True","False","False","ESTABLISHED_1Y_TOURNAMENT_CANDIDATE","DIRECT_TEMPORAL_OOS_TOURNAMENT","SCENARIO_ONLY_UNLESS_FUTURE_DIRECT_VALIDATION","SCENARIO_ONLY_UNLESS_FUTURE_DIRECT_VALIDATION","False","False","False","False","False","False"
"SL-D23F4A9FC75D03","Drop: Artist Series: Aleksi Briclot - Traditional Foil Edition — Foil Edition","456539","REGISTRY_READY","foil","traditional_foil","drop","individual_drop","TCG_MARKET_PRICE_AUTHORIZED_V1","142.99","135.84","149.69","256","False","31","31","2024-02-08","2026-07-23","896","True","False","False","ESTABLISHED_1Y_TOURNAMENT_CANDIDATE","DIRECT_TEMPORAL_OOS_TOURNAMENT","SCENARIO_ONLY_UNLESS_FUTURE_DIRECT_VALIDATION","SCENARIO_ONLY_UNLESS_FUTURE_DIRECT_VALIDATION","False","False","False","False","False","False"
"SL-D263E9818F8B46","Drop: In Memoriam: Jaya Ballard - Traditional Foil Edition — Foil Edition","283282","REGISTRY_READY","foil","traditional_foil","drop","individual_drop","TCG_MARKET_PRICE_AUTHORIZED_V1","90.8","85","109.38","149.99","False","31","31","2024-02-08","2026-07-23","896","True","False","False","ESTABLISHED_1Y_TOURNAMENT_CANDIDATE","DIRECT_TEMPORAL_OOS_TOURNAMENT","SCENARIO_ONLY_UNLESS_FUTURE_DIRECT_VALIDATION","SCENARIO_ONLY_UNLESS_FUTURE_DIRECT_VALIDATION","False","False","False","False","False","False"
"SL-D2FCABD86AD689","Drop: Time Trouble Two - Traditional Foil Edition — Foil Edition","456543","REGISTRY_READY","foil","traditional_foil","drop","individual_drop","TCG_MARKET_PRICE_AUTHORIZED_V1","30.99","39.99","52.95","95","False","31","31","2024-02-08","2026-07-23","896","True","False","False","ESTABLISHED_1Y_TOURNAMENT_CANDIDATE","DIRECT_TEMPORAL_OOS_TOURNAMENT","SCENARIO_ONLY_UNLESS_FUTURE_DIRECT_VALIDATION","SCENARIO_ONLY_UNLESS_FUTURE_DIRECT_VALIDATION","False","False","False","False","False","False"
"SL-D367F0D637FE13","Drop: Special Guest: Yoji Shinkawa (English) - Traditional Foil Edition — Foil Edition","450539","REGISTRY_READY","foil","traditional_foil","drop","individual_drop","TCG_MARKET_PRICE_AUTHORIZED_V1","265.97","334.5","349.93","999.99","False","31","31","2024-02-08","2026-07-23","896","True","False","False","ESTABLISHED_1Y_TOURNAMENT_CANDIDATE","DIRECT_TEMPORAL_OOS_TOURNAMENT","SCENARIO_ONLY_UNLESS_FUTURE_DIRECT_VALIDATION","SCENARIO_ONLY_UNLESS_FUTURE_DIRECT_VALIDATION","False","False","False","False","False","False"
"SL-D3778B65B20E24","Drop: Secretversary Superdrop - Artist Series: Seb McKinnon - Traditional Foil Edition — Foil Edition","228715","REGISTRY_READY","foil","traditional_foil","drop","individual_drop","TCG_MARKET_PRICE_AUTHORIZED_V1","42.93","42.99","60","119.99","False","31","31","2024-02-08","2026-07-23","896","True","False","False","ESTABLISHED_1Y_TOURNAMENT_CANDIDATE","DIRECT_TEMPORAL_OOS_TOURNAMENT","SCENARIO_ONLY_UNLESS_FUTURE_DIRECT_VALIDATION","SCENARIO_ONLY_UNLESS_FUTURE_DIRECT_VALIDATION","False","False","False","False","False","False"
"SL-D3C161D032DC86","Drop: Whimsy & Wonder Bundle - Rainbow Foil Edition — Foil Edition","646780","REGISTRY_READY","foil","rainbow_foil","bundle","bundle","TCG_MARKET_PRICE_AUTHORIZED_V1","246.9","299.95","299.95","299.95","False","0","0","","","0","False","False","False","CURRENT_PRICE_ONLY_NEW_PRODUCT_CANDIDATE","NEW_PRODUCT_FALLBACK_METHOD_TOURNAMENT","SCENARIO_ONLY_UNLESS_FUTURE_DIRECT_VALIDATION","SCENARIO_ONLY_UNLESS_FUTURE_DIRECT_VALIDATION","False","False","False","False","False","False"
"SL-D3C9566D0E6FB5","Drop: This One Is Dedicated To My Foils Bundle — Foil Edition","514919","REGISTRY_READY","foil","foil_unspecified","bundle","bundle","NO_PRODUCTION_CURRENT_MARKET_PRICE","","","","","False","0","0","","","0","False","False","False","CURRENT_AND_HISTORY_EVIDENCE_GAP","NO_1Y_PRODUCTION_FORECAST_UNTIL_EVIDENCE_AVAILABLE","SCENARIO_ONLY_UNLESS_FUTURE_DIRECT_VALIDATION","SCENARIO_ONLY_UNLESS_FUTURE_DIRECT_VALIDATION","False","False","False","False","False","False"
"SL-D3D61A3D20908A","Drop: Two Scoops - The House Special Bundle — Standard Edition","693574","REGISTRY_READY","unknown","unknown","bundle","bundle","NO_PRODUCTION_CURRENT_MARKET_PRICE","","137.99","138","184.99","False","0","0","","","0","False","False","False","CURRENT_AND_HISTORY_EVIDENCE_GAP","NO_1Y_PRODUCTION_FORECAST_UNTIL_EVIDENCE_AVAILABLE","SCENARIO_ONLY_UNLESS_FUTURE_DIRECT_VALIDATION","SCENARIO_ONLY_UNLESS_FUTURE_DIRECT_VALIDATION","False","False","False","False","False","False"
"SL-D53A1849E7B1C9","Drop: Winter Superdrop 2024: Beastly Breakfast Omens Bundle - Non-Foil Edition — Nonfoil Edition","537672","REGISTRY_READY","nonfoil","nonfoil","bundle","bundle","NO_PRODUCTION_CURRENT_MARKET_PRICE","","399.94","399.94","399.94","False","0","0","","","0","False","False","False","CURRENT_AND_HISTORY_EVIDENCE_GAP","NO_1Y_PRODUCTION_FORECAST_UNTIL_EVIDENCE_AVAILABLE","SCENARIO_ONLY_UNLESS_FUTURE_DIRECT_VALIDATION","SCENARIO_ONLY_UNLESS_FUTURE_DIRECT_VALIDATION","False","False","False","False","False","False"
"SL-D5C35A28D4B658","Drop: Astrology Lands (Libra) Bundle - Traditional Foil Edition — Foil Edition","448975","REGISTRY_READY","foil","traditional_foil","bundle","bundle","NO_PRODUCTION_CURRENT_MARKET_PRICE","","","","","False","0","0","","","0","False","False","False","CURRENT_AND_HISTORY_EVIDENCE_GAP","NO_1Y_PRODUCTION_FORECAST_UNTIL_EVIDENCE_AVAILABLE","SCENARIO_ONLY_UNLESS_FUTURE_DIRECT_VALIDATION","SCENARIO_ONLY_UNLESS_FUTURE_DIRECT_VALIDATION","False","False","False","False","False","False"
"SL-D5D2DCA70EA4CD","Drop: Our Boss is on Vacation Superdrop: Interim Boss's Bant Bundle — Standard Edition","624758","REGISTRY_READY","unknown","unknown","bundle","bundle","NO_PRODUCTION_CURRENT_MARKET_PRICE","","399.94","399.94","399.94","False","0","0","","","0","False","False","False","CURRENT_AND_HISTORY_EVIDENCE_GAP","NO_1Y_PRODUCTION_FORECAST_UNTIL_EVIDENCE_AVAILABLE","SCENARIO_ONLY_UNLESS_FUTURE_DIRECT_VALIDATION","SCENARIO_ONLY_UNLESS_FUTURE_DIRECT_VALIDATION","False","False","False","False","False","False"
"SL-D608F5D4F5385E","x Blood Bowl - Non-Foil Edition — Nonfoil Edition","450530","REGISTRY_READY","nonfoil","nonfoil","drop","individual_drop","TCG_MARKET_PRICE_AUTHORIZED_V1","72.55","82.87","92.44","111.65","False","31","31","2024-02-08","2026-07-23","896","True","False","False","ESTABLISHED_1Y_TOURNAMENT_CANDIDATE","DIRECT_TEMPORAL_OOS_TOURNAMENT","SCENARIO_ONLY_UNLESS_FUTURE_DIRECT_VALIDATION","SCENARIO_ONLY_UNLESS_FUTURE_DIRECT_VALIDATION","False","False","False","False","False","False"
"SL-D62B35CD192D99","Drop: Astrology Lands (Cancer) - Traditional Foil Edition — Foil Edition","278749","REGISTRY_READY","foil","traditional_foil","drop","individual_drop","TCG_MARKET_PRICE_AUTHORIZED_V1","45","45","52.69","84.99","False","31","31","2024-02-08","2026-07-23","896","True","False","False","ESTABLISHED_1Y_TOURNAMENT_CANDIDATE","DIRECT_TEMPORAL_OOS_TOURNAMENT","SCENARIO_ONLY_UNLESS_FUTURE_DIRECT_VALIDATION","SCENARIO_ONLY_UNLESS_FUTURE_DIRECT_VALIDATION","False","False","False","False","False","False"
"SL-D62C510B60B977","Drop: The Godzilla Lands - Traditional Foil Edition — Foil Edition","213819","REGISTRY_READY","foil","traditional_foil","drop","individual_drop","TCG_MARKET_PRICE_AUTHORIZED_V1","106.43","99.49","123.99","154.99","False","31","31","2024-02-08","2026-07-23","896","True","False","False","ESTABLISHED_1Y_TOURNAMENT_CANDIDATE","DIRECT_TEMPORAL_OOS_TOURNAMENT","SCENARIO_ONLY_UNLESS_FUTURE_DIRECT_VALIDATION","SCENARIO_ONLY_UNLESS_FUTURE_DIRECT_VALIDATION","False","False","False","False","False","False"
"SL-D68D8EB45F05E9","Ponies: The Galloping 2: Extra Life 2023 - Non-Foil Edition — Nonfoil Edition","516992","REGISTRY_READY","nonfoil","nonfoil","drop","individual_drop","TCG_MARKET_PRICE_AUTHORIZED_V1","154.43","170","192.99","500","False","30","30","2024-02-08","2026-07-23","896","True","False","False","ESTABLISHED_1Y_TOURNAMENT_CANDIDATE","DIRECT_TEMPORAL_OOS_TOURNAMENT","SCENARIO_ONLY_UNLESS_FUTURE_DIRECT_VALIDATION","SCENARIO_ONLY_UNLESS_FUTURE_DIRECT_VALIDATION","False","False","False","False","False","False"
"SL-D68D9EB4249382","Drop: Secretversary Superdrop - A Box of Rocks - Traditional Foil Edition — Foil Edition","228713","REGISTRY_READY","foil","traditional_foil","drop","individual_drop","TCG_MARKET_PRICE_AUTHORIZED_V1","45.98","37.25","61.5","90","False","31","31","2024-02-08","2026-07-23","896","True","False","False","ESTABLISHED_1Y_TOURNAMENT_CANDIDATE","DIRECT_TEMPORAL_OOS_TOURNAMENT","SCENARIO_ONLY_UNLESS_FUTURE_DIRECT_VALIDATION","SCENARIO_ONLY_UNLESS_FUTURE_DIRECT_VALIDATION","False","False","False","False","False","False"
"SL-D6C7802610A57F","Drop: Showcase: All Will Be One - Step-and-Compleat Foil Edition — Foil Edition","480452","REGISTRY_READY","foil","foil_unspecified","drop","individual_drop","TCG_MARKET_PRICE_AUTHORIZED_V1","62.28","83.01","90","118.96","False","31","31","2024-02-08","2026-07-23","896","True","False","False","ESTABLISHED_1Y_TOURNAMENT_CANDIDATE","DIRECT_TEMPORAL_OOS_TOURNAMENT","SCENARIO_ONLY_UNLESS_FUTURE_DIRECT_VALIDATION","SCENARIO_ONLY_UNLESS_FUTURE_DIRECT_VALIDATION","False","False","False","False","False","False"
"SL-D76CD5BC7E1068","Drop: Astrology Lands (Cancer) Bundle - Traditional Foil Edition — Foil Edition","278751","REGISTRY_READY","foil","traditional_foil","bundle","bundle","NO_PRODUCTION_CURRENT_MARKET_PRICE","","","","","False","0","0","","","0","False","False","False","CURRENT_AND_HISTORY_EVIDENCE_GAP","NO_1Y_PRODUCTION_FORECAST_UNTIL_EVIDENCE_AVAILABLE","SCENARIO_ONLY_UNLESS_FUTURE_DIRECT_VALIDATION","SCENARIO_ONLY_UNLESS_FUTURE_DIRECT_VALIDATION","False","False","False","False","False","False"
"SL-D792C24E8A09CF","Drop: Artist Series: Ryan Alexander Lee - Traditional Foil Edition — Foil Edition","501845","REGISTRY_READY","foil","traditional_foil","drop","individual_drop","TCG_MARKET_PRICE_AUTHORIZED_V1","33.83","29.99","70.43","100","False","31","31","2024-02-08","2026-07-23","896","True","False","False","ESTABLISHED_1Y_TOURNAMENT_CANDIDATE","DIRECT_TEMPORAL_OOS_TOURNAMENT","SCENARIO_ONLY_UNLESS_FUTURE_DIRECT_VALIDATION","SCENARIO_ONLY_UNLESS_FUTURE_DIRECT_VALIDATION","False","False","False","False","False","False"
"SL-D7984A9CB76C99","Drop: Our Boss is on Vacation Superdrop: Garden Buds - Non-Foil Edition — Nonfoil Edition","624743","REGISTRY_READY","nonfoil","nonfoil","drop","individual_drop","TCG_MARKET_PRICE_AUTHORIZED_V1","48.82","53.44","64.72","90","False","16","16","2025-05-01","2026-07-23","448","True","False","False","ESTABLISHED_1Y_TOURNAMENT_CANDIDATE","DIRECT_TEMPORAL_OOS_TOURNAMENT","SCENARIO_ONLY_UNLESS_FUTURE_DIRECT_VALIDATION","SCENARIO_ONLY_UNLESS_FUTURE_DIRECT_VALIDATION","False","False","False","False","False","False"
"SL-D80EFE168FB6A1","Drop: Pride Across the Multiverse - Traditional Foil Edition — Foil Edition","279267","REGISTRY_READY","foil","traditional_foil","drop","individual_drop","TCG_MARKET_PRICE_AUTHORIZED_V1","95.42","85.72","105","199.99","False","31","31","2024-02-08","2026-07-23","896","True","False","False","ESTABLISHED_1Y_TOURNAMENT_CANDIDATE","DIRECT_TEMPORAL_OOS_TOURNAMENT","SCENARIO_ONLY_UNLESS_FUTURE_DIRECT_VALIDATION","SCENARIO_ONLY_UNLESS_FUTURE_DIRECT_VALIDATION","False","False","False","False","False","False"
"SL-D83DCC4548D04F","Superdrop: Voracious Reader Bundle - Non-foil — Nonfoil Edition","237615","REGISTRY_READY","nonfoil","nonfoil","bundle","bundle","NO_PRODUCTION_CURRENT_MARKET_PRICE","","","","","False","0","0","","","0","False","False","False","CURRENT_AND_HISTORY_EVIDENCE_GAP","NO_1Y_PRODUCTION_FORECAST_UNTIL_EVIDENCE_AVAILABLE","SCENARIO_ONLY_UNLESS_FUTURE_DIRECT_VALIDATION","SCENARIO_ONLY_UNLESS_FUTURE_DIRECT_VALIDATION","False","False","False","False","False","False"
"SL-D85757C8DB2B40","Drop: Artist Series: Rovina Cai - Non-Foil Edition — Nonfoil Edition","545721","REGISTRY_READY","nonfoil","nonfoil","drop","individual_drop","TCG_MARKET_PRICE_AUTHORIZED_V1","65.3","74.99","95","199","False","28","28","2024-05-01","2026-07-23","813","True","False","False","ESTABLISHED_1Y_TOURNAMENT_CANDIDATE","DIRECT_TEMPORAL_OOS_TOURNAMENT","SCENARIO_ONLY_UNLESS_FUTURE_DIRECT_VALIDATION","SCENARIO_ONLY_UNLESS_FUTURE_DIRECT_VALIDATION","False","False","False","False","False","False"
"SL-D8B6168FF7A7AD","Drop: Arcade Racers - Rainbow Foil Edition — Foil Edition","618099","REGISTRY_READY","foil","rainbow_foil","drop","individual_drop","TCG_MARKET_PRICE_AUTHORIZED_V1","42.54","40","50.95","99","False","18","18","2025-03-01","2026-07-23","509","True","False","False","ESTABLISHED_1Y_TOURNAMENT_CANDIDATE","DIRECT_TEMPORAL_OOS_TOURNAMENT","SCENARIO_ONLY_UNLESS_FUTURE_DIRECT_VALIDATION","SCENARIO_ONLY_UNLESS_FUTURE_DIRECT_VALIDATION","False","False","False","False","False","False"
"SL-D91B54107A78A7","Drop: Secret Lair x Garfield: As Intended - Non-Foil Edition — Nonfoil Edition","694967","REGISTRY_READY","nonfoil","nonfoil","drop","individual_drop","TCG_MARKET_PRICE_AUTHORIZED_V1","37.98","33","57.99","99","False","2","2","2026-07-01","2026-07-23","22","False","False","False","SHORT_HISTORY_TOURNAMENT_CANDIDATE","SHORT_HISTORY_METHOD_TOURNAMENT","SCENARIO_ONLY_UNLESS_FUTURE_DIRECT_VALIDATION","SCENARIO_ONLY_UNLESS_FUTURE_DIRECT_VALIDATION","False","False","False","False","False","False"
"SL-D929FF1E16FDD7","Festival in a Box Las Vegas 2024 Bundle — Standard Edition","563836","REGISTRY_READY","unknown","unknown","festival in a box","festival_in_a_box","TCG_MARKET_PRICE_AUTHORIZED_V1","560.57","605.99","700","999.99","False","1","1","2026-07-23","2026-07-23","0","False","False","False","SHORT_HISTORY_TOURNAMENT_CANDIDATE","SHORT_HISTORY_METHOD_TOURNAMENT","SCENARIO_ONLY_UNLESS_FUTURE_DIRECT_VALIDATION","SCENARIO_ONLY_UNLESS_FUTURE_DIRECT_VALIDATION","False","False","False","False","False","False"
"SL-D9CB56BE93955C","Drop: Omens of Chaos - Non-Foil Edition — Nonfoil Edition","691185","REGISTRY_READY","nonfoil","nonfoil","drop","individual_drop","TCG_MARKET_PRICE_AUTHORIZED_V1","57.27","48.5","57.27","78","False","2","2","2026-07-01","2026-07-23","22","False","False","False","SHORT_HISTORY_TOURNAMENT_CANDIDATE","SHORT_HISTORY_METHOD_TOURNAMENT","SCENARIO_ONLY_UNLESS_FUTURE_DIRECT_VALIDATION","SCENARIO_ONLY_UNLESS_FUTURE_DIRECT_VALIDATION","False","False","False","False","False","False"
"SL-D9F56A65FD35C5","Drop: The Bundled Bundle Bundle — Standard Edition","258496","REGISTRY_READY","unknown","unknown","bundle","bundle","NO_PRODUCTION_CURRENT_MARKET_PRICE","","","","","False","0","0","","","0","False","False","False","CURRENT_AND_HISTORY_EVIDENCE_GAP","NO_1Y_PRODUCTION_FORECAST_UNTIL_EVIDENCE_AVAILABLE","SCENARIO_ONLY_UNLESS_FUTURE_DIRECT_VALIDATION","SCENARIO_ONLY_UNLESS_FUTURE_DIRECT_VALIDATION","False","False","False","False","False","False"
"SL-D9F7FC2E4D48A5","Drop: Camp Totally Safe Superdrop: Noise from the Woods Bundle - Foil Edition — Foil Edition","584516","REGISTRY_READY","foil","foil_unspecified","bundle","bundle","NO_PRODUCTION_CURRENT_MARKET_PRICE","","399.94","399.94","399.94","False","0","0","","","0","False","False","False","CURRENT_AND_HISTORY_EVIDENCE_GAP","NO_1Y_PRODUCTION_FORECAST_UNTIL_EVIDENCE_AVAILABLE","SCENARIO_ONLY_UNLESS_FUTURE_DIRECT_VALIDATION","SCENARIO_ONLY_UNLESS_FUTURE_DIRECT_VALIDATION","False","False","False","False","False","False"
"SL-DA0255DFD87A79","Drop: February Superdrop - Shades Not Included - Traditional Foil Edition — Foil Edition","267777","REGISTRY_READY","foil","traditional_foil","drop","individual_drop","TCG_MARKET_PRICE_AUTHORIZED_V1","62.47","57.21","69","119.99","False","31","31","2024-02-08","2026-07-23","896","True","False","False","ESTABLISHED_1Y_TOURNAMENT_CANDIDATE","DIRECT_TEMPORAL_OOS_TOURNAMENT","SCENARIO_ONLY_UNLESS_FUTURE_DIRECT_VALIDATION","SCENARIO_ONLY_UNLESS_FUTURE_DIRECT_VALIDATION","False","False","False","False","False","False"
"SL-DA137A8920D7BE","Drop: Deceptive Divination - Non-Foil Edition — Nonfoil Edition","537690","REGISTRY_READY","nonfoil","nonfoil","drop","individual_drop","TCG_MARKET_PRICE_AUTHORIZED_V1","36.6","35.47","40.5","84.99","False","29","29","2024-04-01","2026-07-23","843","True","False","False","ESTABLISHED_1Y_TOURNAMENT_CANDIDATE","DIRECT_TEMPORAL_OOS_TOURNAMENT","SCENARIO_ONLY_UNLESS_FUTURE_DIRECT_VALIDATION","SCENARIO_ONLY_UNLESS_FUTURE_DIRECT_VALIDATION","False","False","False","False","False","False"
"SL-DA14F1AD8875AF","Astrology Lands (Sagittarius) Bundle - Traditional Foil Edition — Foil Edition","475394","REGISTRY_READY","foil","traditional_foil","bundle","bundle","NO_PRODUCTION_CURRENT_MARKET_PRICE","","","","","False","0","0","","","0","False","False","False","CURRENT_AND_HISTORY_EVIDENCE_GAP","NO_1Y_PRODUCTION_FORECAST_UNTIL_EVIDENCE_AVAILABLE","SCENARIO_ONLY_UNLESS_FUTURE_DIRECT_VALIDATION","SCENARIO_ONLY_UNLESS_FUTURE_DIRECT_VALIDATION","False","False","False","False","False","False"
"SL-DA7F8AD7B0BC80","Drop: The Beauty of the Beasts - Rainbow Foil Edition — Foil Edition","537687","REGISTRY_READY","foil","rainbow_foil","drop","individual_drop","TCG_MARKET_PRICE_AUTHORIZED_V1","133.45","150.95","166.76","249.99","False","30","30","2024-03-01","2026-07-23","874","True","False","False","ESTABLISHED_1Y_TOURNAMENT_CANDIDATE","DIRECT_TEMPORAL_OOS_TOURNAMENT","SCENARIO_ONLY_UNLESS_FUTURE_DIRECT_VALIDATION","SCENARIO_ONLY_UNLESS_FUTURE_DIRECT_VALIDATION","False","False","False","False","False","False"
"SL-DA95D95DF8A49D","x Blood Bowl - Traditional Foil Edition — Foil Edition","450529","REGISTRY_READY","foil","traditional_foil","drop","individual_drop","TCG_MARKET_PRICE_AUTHORIZED_V1","81.57","85.99","104.87","256","False","31","31","2024-02-08","2026-07-23","896","True","False","False","ESTABLISHED_1Y_TOURNAMENT_CANDIDATE","DIRECT_TEMPORAL_OOS_TOURNAMENT","SCENARIO_ONLY_UNLESS_FUTURE_DIRECT_VALIDATION","SCENARIO_ONLY_UNLESS_FUTURE_DIRECT_VALIDATION","False","False","False","False","False","False"
"SL-DAA2346E431D52","Drop: March of the Machine Bundle - Halo Foil Edition — Foil Edition","493796","REGISTRY_READY","foil","foil_unspecified","bundle","bundle","NO_PRODUCTION_CURRENT_MARKET_PRICE","","365.97","376.46","386.95","False","0","0","","","0","False","False","False","CURRENT_AND_HISTORY_EVIDENCE_GAP","NO_1Y_PRODUCTION_FORECAST_UNTIL_EVIDENCE_AVAILABLE","SCENARIO_ONLY_UNLESS_FUTURE_DIRECT_VALIDATION","SCENARIO_ONLY_UNLESS_FUTURE_DIRECT_VALIDATION","False","False","False","False","False","False"
"SL-DB82DC16CD1A6A","Drop: Monster Movie Marathon - Non-Foil Edition — Nonfoil Edition","251749","REGISTRY_READY","nonfoil","nonfoil","drop","individual_drop","TCG_MARKET_PRICE_AUTHORIZED_V1","58.18","60.68","69.49","83.99","False","31","31","2024-02-08","2026-07-23","896","True","False","False","ESTABLISHED_1Y_TOURNAMENT_CANDIDATE","DIRECT_TEMPORAL_OOS_TOURNAMENT","SCENARIO_ONLY_UNLESS_FUTURE_DIRECT_VALIDATION","SCENARIO_ONLY_UNLESS_FUTURE_DIRECT_VALIDATION","False","False","False","False","False","False"
"SL-DBB9EAD006DF92","Drop: Special Guest: Kozyndan: The Lands - Non-Foil Edition — Nonfoil Edition","456534","REGISTRY_READY","nonfoil","nonfoil","drop","individual_drop","TCG_MARKET_PRICE_AUTHORIZED_V1","75.37","71.99","72","72","False","30","30","2024-02-08","2026-07-23","896","True","False","False","ESTABLISHED_1Y_TOURNAMENT_CANDIDATE","DIRECT_TEMPORAL_OOS_TOURNAMENT","SCENARIO_ONLY_UNLESS_FUTURE_DIRECT_VALIDATION","SCENARIO_ONLY_UNLESS_FUTURE_DIRECT_VALIDATION","False","False","False","False","False","False"
"SL-DBDF87736B4AD6","x FINAL FANTASY: Grimoire - Non-Foil Edition — Nonfoil Edition","637473","REGISTRY_READY","nonfoil","nonfoil","drop","individual_drop","TCG_MARKET_PRICE_AUTHORIZED_V1","93.26","86.99","118.98","240","False","14","14","2025-07-01","2026-07-23","387","True","False","False","ESTABLISHED_1Y_TOURNAMENT_CANDIDATE","DIRECT_TEMPORAL_OOS_TOURNAMENT","SCENARIO_ONLY_UNLESS_FUTURE_DIRECT_VALIDATION","SCENARIO_ONLY_UNLESS_FUTURE_DIRECT_VALIDATION","False","False","False","False","False","False"
"SL-DC36FC64429D5D","Drop: Showcase: Outlaws of Thunder Junction - Traditional Foil Edition — Foil Edition","551453","REGISTRY_READY","foil","traditional_foil","drop","individual_drop","TCG_MARKET_PRICE_AUTHORIZED_V1","44.62","55","69.99","99","False","26","26","2024-07-01","2026-07-23","752","True","False","False","ESTABLISHED_1Y_TOURNAMENT_CANDIDATE","DIRECT_TEMPORAL_OOS_TOURNAMENT","SCENARIO_ONLY_UNLESS_FUTURE_DIRECT_VALIDATION","SCENARIO_ONLY_UNLESS_FUTURE_DIRECT_VALIDATION","False","False","False","False","False","False"
"SL-DCD05FAA1B15E7","Drop: Our Boss is on Vacation Superdrop: They Grow Up So Fast - Rainbow Foil Edition — Foil Edition","624721","REGISTRY_READY","foil","rainbow_foil","drop","individual_drop","TCG_MARKET_PRICE_AUTHORIZED_V1","58.16","44.65","59.9","95","False","17","17","2025-04-01","2026-07-23","478","True","False","False","ESTABLISHED_1Y_TOURNAMENT_CANDIDATE","DIRECT_TEMPORAL_OOS_TOURNAMENT","SCENARIO_ONLY_UNLESS_FUTURE_DIRECT_VALIDATION","SCENARIO_ONLY_UNLESS_FUTURE_DIRECT_VALIDATION","False","False","False","False","False","False"
"SL-DCDC09399C5D54","Drop: Just Some Totally Normal Guys - Traditional Foil Edition — Foil Edition","273603","REGISTRY_READY","foil","traditional_foil","drop","individual_drop","TCG_MARKET_PRICE_AUTHORIZED_V1","35.93","34.99","51.99","99.99","False","31","31","2024-02-08","2026-07-23","896","True","False","False","ESTABLISHED_1Y_TOURNAMENT_CANDIDATE","DIRECT_TEMPORAL_OOS_TOURNAMENT","SCENARIO_ONLY_UNLESS_FUTURE_DIRECT_VALIDATION","SCENARIO_ONLY_UNLESS_FUTURE_DIRECT_VALIDATION","False","False","False","False","False","False"
"SL-DD0C5279EE2007","Drop: Artist Series: John Avon - Non-Foil Edition — Nonfoil Edition","518825","REGISTRY_READY","nonfoil","nonfoil","drop","individual_drop","TCG_MARKET_PRICE_AUTHORIZED_V1","36.67","35","49.99","99.99","False","31","31","2024-02-08","2026-07-23","896","True","False","False","ESTABLISHED_1Y_TOURNAMENT_CANDIDATE","DIRECT_TEMPORAL_OOS_TOURNAMENT","SCENARIO_ONLY_UNLESS_FUTURE_DIRECT_VALIDATION","SCENARIO_ONLY_UNLESS_FUTURE_DIRECT_VALIDATION","False","False","False","False","False","False"
"SL-DD25AF4AC936E2","Drop: Artist Series: John Avon - Traditional Foil Edition — Foil Edition","518826","REGISTRY_READY","foil","traditional_foil","drop","individual_drop","TCG_MARKET_PRICE_AUTHORIZED_V1","35.81","34.78","51.25","118.72","False","31","31","2024-02-08","2026-07-23","896","True","False","False","ESTABLISHED_1Y_TOURNAMENT_CANDIDATE","DIRECT_TEMPORAL_OOS_TOURNAMENT","SCENARIO_ONLY_UNLESS_FUTURE_DIRECT_VALIDATION","SCENARIO_ONLY_UNLESS_FUTURE_DIRECT_VALIDATION","False","False","False","False","False","False"
"SL-DD3248D210AC90","Drop: Bugs, Bands & Blockbusters Bundle - Traditional Foil Edition — Foil Edition","514991","REGISTRY_READY","foil","traditional_foil","bundle","bundle","NO_PRODUCTION_CURRENT_MARKET_PRICE","","","","","False","1","1","2024-03-01","2024-03-01","0","False","False","False","SHORT_HISTORY_TOURNAMENT_CANDIDATE","SHORT_HISTORY_METHOD_TOURNAMENT","SCENARIO_ONLY_UNLESS_FUTURE_DIRECT_VALIDATION","SCENARIO_ONLY_UNLESS_FUTURE_DIRECT_VALIDATION","False","False","False","False","False","False"
"SL-DD3A0B4F1E7DA1","Drop: More Adventures in Middle-earth Bundle — Standard Edition","501833","REGISTRY_READY","unknown","unknown","bundle","bundle","TCG_MARKET_PRICE_AUTHORIZED_V1","174.27","199.99","199.99","199.99","False","1","1","2026-07-23","2026-07-23","0","False","False","False","SHORT_HISTORY_TOURNAMENT_CANDIDATE","SHORT_HISTORY_METHOD_TOURNAMENT","SCENARIO_ONLY_UNLESS_FUTURE_DIRECT_VALIDATION","SCENARIO_ONLY_UNLESS_FUTURE_DIRECT_VALIDATION","False","False","False","False","False","False"
"SL-DD598BF68D0AC7","Drop: Festival in a Box Chicago 2025 Bundle — Standard Edition","616923","REGISTRY_READY","unknown","unknown","festival in a box","festival_in_a_box","TCG_MARKET_PRICE_AUTHORIZED_V1","385.63","420","452.5","700.01","False","1","1","2026-07-23","2026-07-23","0","False","False","False","SHORT_HISTORY_TOURNAMENT_CANDIDATE","SHORT_HISTORY_METHOD_TOURNAMENT","SCENARIO_ONLY_UNLESS_FUTURE_DIRECT_VALIDATION","SCENARIO_ONLY_UNLESS_FUTURE_DIRECT_VALIDATION","False","False","False","False","False","False"
"SL-DD778C566554A0","Drop: Featuring: Gary Baseman - Non-Foil Edition — Nonfoil Edition","515010","REGISTRY_READY","nonfoil","nonfoil","drop","individual_drop","TCG_MARKET_PRICE_AUTHORIZED_V1","61.11","119.93","147.99","199","False","31","31","2024-02-08","2026-07-23","896","True","False","False","ESTABLISHED_1Y_TOURNAMENT_CANDIDATE","DIRECT_TEMPORAL_OOS_TOURNAMENT","SCENARIO_ONLY_UNLESS_FUTURE_DIRECT_VALIDATION","SCENARIO_ONLY_UNLESS_FUTURE_DIRECT_VALIDATION","False","False","False","False","False","False"
"SL-DDF2764A92D297","x Chaos Vault Drop: Commander Reinforcements World Shaper Bundle (Galaxy Foil) — Foil Edition","646787","REGISTRY_READY","foil","galaxy_foil","bundle","bundle","TCG_MARKET_PRICE_AUTHORIZED_V1","195.98","183","222.39","247.98","False","12","12","2025-09-01","2026-07-23","325","False","False","False","SHORT_HISTORY_TOURNAMENT_CANDIDATE","SHORT_HISTORY_METHOD_TOURNAMENT","SCENARIO_ONLY_UNLESS_FUTURE_DIRECT_VALIDATION","SCENARIO_ONLY_UNLESS_FUTURE_DIRECT_VALIDATION","False","False","False","False","False","False"
"SL-DE73D77FB013F4","x FINAL FANTASY: Game Over - Rainbow Foil Edition — Foil Edition","637466","REGISTRY_READY","foil","rainbow_foil","drop","individual_drop","TCG_MARKET_PRICE_AUTHORIZED_V1","130.68","125","145.48","300","False","14","14","2025-07-01","2026-07-23","387","True","False","False","ESTABLISHED_1Y_TOURNAMENT_CANDIDATE","DIRECT_TEMPORAL_OOS_TOURNAMENT","SCENARIO_ONLY_UNLESS_FUTURE_DIRECT_VALIDATION","SCENARIO_ONLY_UNLESS_FUTURE_DIRECT_VALIDATION","False","False","False","False","False","False"
"SL-DEB0786B62B51D","Drop: PixelSnowLands.jpg - Non-Foil Edition — Nonfoil Edition","258489","REGISTRY_READY","nonfoil","nonfoil","drop","individual_drop","TCG_MARKET_PRICE_AUTHORIZED_V1","39.59","38.04","64.69","70","False","31","31","2024-02-08","2026-07-23","896","True","False","False","ESTABLISHED_1Y_TOURNAMENT_CANDIDATE","DIRECT_TEMPORAL_OOS_TOURNAMENT","SCENARIO_ONLY_UNLESS_FUTURE_DIRECT_VALIDATION","SCENARIO_ONLY_UNLESS_FUTURE_DIRECT_VALIDATION","False","False","False","False","False","False"
"SL-DEE8CCCA9CFCCE","Drop: Bad to the Bones - Traditional Foil Edition — Foil Edition","501843","REGISTRY_READY","foil","traditional_foil","drop","individual_drop","TCG_MARKET_PRICE_AUTHORIZED_V1","104.32","108","119.99","149.99","False","31","31","2024-02-08","2026-07-23","896","True","False","False","ESTABLISHED_1Y_TOURNAMENT_CANDIDATE","DIRECT_TEMPORAL_OOS_TOURNAMENT","SCENARIO_ONLY_UNLESS_FUTURE_DIRECT_VALIDATION","SCENARIO_ONLY_UNLESS_FUTURE_DIRECT_VALIDATION","False","False","False","False","False","False"
"SL-DEF4A1D4ADC965","Drop: Astrology Lands (Libra) - Traditional Foil Edition — Foil Edition","449051","REGISTRY_READY","foil","traditional_foil","drop","individual_drop","TCG_MARKET_PRICE_AUTHORIZED_V1","28.99","28.99","59.99","90.99","False","26","26","2024-02-08","2026-07-23","896","True","False","False","ESTABLISHED_1Y_TOURNAMENT_CANDIDATE","DIRECT_TEMPORAL_OOS_TOURNAMENT","SCENARIO_ONLY_UNLESS_FUTURE_DIRECT_VALIDATION","SCENARIO_ONLY_UNLESS_FUTURE_DIRECT_VALIDATION","False","False","False","False","False","False"
"SL-DF5563A6AB6A1B","Drop: The Strange Sands: Forest - Non-Foil Edition — Nonfoil Edition","610794","REGISTRY_READY","nonfoil","nonfoil","drop","individual_drop","NO_PRODUCTION_CURRENT_MARKET_PRICE","","34.49","50.2","199","False","15","15","2025-06-01","2026-07-23","417","True","False","False","ESTABLISHED_1Y_TOURNAMENT_CANDIDATE","DIRECT_TEMPORAL_OOS_TOURNAMENT","SCENARIO_ONLY_UNLESS_FUTURE_DIRECT_VALIDATION","SCENARIO_ONLY_UNLESS_FUTURE_DIRECT_VALIDATION","False","False","False","False","False","False"
"SL-DFE9AC9C5D05C9","Drop: Goblin & Squabblin' - Rainbow Foil Edition — Foil Edition","501840","REGISTRY_READY","foil","rainbow_foil","drop","individual_drop","TCG_MARKET_PRICE_AUTHORIZED_V1","503.28","492","498","555.55","False","31","31","2024-02-08","2026-07-23","896","True","False","False","ESTABLISHED_1Y_TOURNAMENT_CANDIDATE","DIRECT_TEMPORAL_OOS_TOURNAMENT","SCENARIO_ONLY_UNLESS_FUTURE_DIRECT_VALIDATION","SCENARIO_ONLY_UNLESS_FUTURE_DIRECT_VALIDATION","False","False","False","False","False","False"
"SL-E000815724EA2A","Drop: Showcase: March of the Machine Vol. 2 - Halo Foil Edition — Foil Edition","493802","REGISTRY_READY","foil","foil_unspecified","drop","individual_drop","TCG_MARKET_PRICE_AUTHORIZED_V1","74.04","69.01","94.95","189.99","False","1","1","2026-07-23","2026-07-23","0","False","False","False","SHORT_HISTORY_TOURNAMENT_CANDIDATE","SHORT_HISTORY_METHOD_TOURNAMENT","SCENARIO_ONLY_UNLESS_FUTURE_DIRECT_VALIDATION","SCENARIO_ONLY_UNLESS_FUTURE_DIRECT_VALIDATION","False","False","False","False","False","False"
"SL-E0190484BE31DE","Drop: Tome of the Astral Sorceress - Rainbow Foil Edition — Foil Edition","584536","REGISTRY_READY","foil","rainbow_foil","drop","individual_drop","TCG_MARKET_PRICE_AUTHORIZED_V1","36.76","35","56.74","100","False","22","22","2024-11-01","2026-07-23","629","True","False","False","ESTABLISHED_1Y_TOURNAMENT_CANDIDATE","DIRECT_TEMPORAL_OOS_TOURNAMENT","SCENARIO_ONLY_UNLESS_FUTURE_DIRECT_VALIDATION","SCENARIO_ONLY_UNLESS_FUTURE_DIRECT_VALIDATION","False","False","False","False","False","False"
"SL-E03F5C270405EA","Drop: Far Out, Man - Non-Foil Edition — Nonfoil Edition","258487","REGISTRY_READY","nonfoil","nonfoil","drop","individual_drop","TCG_MARKET_PRICE_AUTHORIZED_V1","45.3","41","60.99","70","False","31","31","2024-02-08","2026-07-23","896","True","False","False","ESTABLISHED_1Y_TOURNAMENT_CANDIDATE","DIRECT_TEMPORAL_OOS_TOURNAMENT","SCENARIO_ONLY_UNLESS_FUTURE_DIRECT_VALIDATION","SCENARIO_ONLY_UNLESS_FUTURE_DIRECT_VALIDATION","False","False","False","False","False","False"
"SL-E0414D04317EA2","Drop: Secret Lair x Dungeons & Dragons: Astarion's Thirst - Non-Foil Edition — Nonfoil Edition","565551","REGISTRY_READY","nonfoil","nonfoil","drop","individual_drop","TCG_MARKET_PRICE_AUTHORIZED_V1","155.92","149.92","180","250","False","24","24","2024-09-01","2026-07-23","690","True","False","False","ESTABLISHED_1Y_TOURNAMENT_CANDIDATE","DIRECT_TEMPORAL_OOS_TOURNAMENT","SCENARIO_ONLY_UNLESS_FUTURE_DIRECT_VALIDATION","SCENARIO_ONLY_UNLESS_FUTURE_DIRECT_VALIDATION","False","False","False","False","False","False"
"SL-E05E06D6578028","Drop: Secret Lair x Marvel's Spider-Man: Villainous Plots - Non-Foil Edition — Nonfoil Edition","653125","REGISTRY_READY","nonfoil","nonfoil","drop","individual_drop","TCG_MARKET_PRICE_AUTHORIZED_V1","37.9","37.64","49.99","100","False","11","11","2025-10-01","2026-07-23","295","False","False","False","SHORT_HISTORY_TOURNAMENT_CANDIDATE","SHORT_HISTORY_METHOD_TOURNAMENT","SCENARIO_ONLY_UNLESS_FUTURE_DIRECT_VALIDATION","SCENARIO_ONLY_UNLESS_FUTURE_DIRECT_VALIDATION","False","False","False","False","False","False"
"SL-E06DD3E1E3F4CD","x Iron Maiden: Album Art - Rainbow Foil Edition — Foil Edition","656347","REGISTRY_READY","foil","rainbow_foil","drop","individual_drop","TCG_MARKET_PRICE_AUTHORIZED_V1","129.62","110","141.93","300","False","10","10","2025-11-01","2026-07-23","264","False","False","False","SHORT_HISTORY_TOURNAMENT_CANDIDATE","SHORT_HISTORY_METHOD_TOURNAMENT","SCENARIO_ONLY_UNLESS_FUTURE_DIRECT_VALIDATION","SCENARIO_ONLY_UNLESS_FUTURE_DIRECT_VALIDATION","False","False","False","False","False","False"
"SL-E126175F5EEBFF","Drop: Transformers: Optimus Prime Vs. Megatron - Traditional Foil Edition — Foil Edition","456531","REGISTRY_READY","foil","traditional_foil","drop","individual_drop","TCG_MARKET_PRICE_AUTHORIZED_V1","105.81","104.86","125.99","260.42","False","31","31","2024-02-08","2026-07-23","896","True","False","False","ESTABLISHED_1Y_TOURNAMENT_CANDIDATE","DIRECT_TEMPORAL_OOS_TOURNAMENT","SCENARIO_ONLY_UNLESS_FUTURE_DIRECT_VALIDATION","SCENARIO_ONLY_UNLESS_FUTURE_DIRECT_VALIDATION","False","False","False","False","False","False"
"SL-E14AB3D48E2308","Drop: Cool Ocean Breeze - Traditional Foil Edition — Foil Edition","493814","REGISTRY_READY","foil","traditional_foil","drop","individual_drop","TCG_MARKET_PRICE_AUTHORIZED_V1","260.73","289.99","323.23","525.99","False","31","31","2024-02-08","2026-07-23","896","True","False","False","ESTABLISHED_1Y_TOURNAMENT_CANDIDATE","DIRECT_TEMPORAL_OOS_TOURNAMENT","SCENARIO_ONLY_UNLESS_FUTURE_DIRECT_VALIDATION","SCENARIO_ONLY_UNLESS_FUTURE_DIRECT_VALIDATION","False","False","False","False","False","False"
"SL-E19F0A74D8000D","Drop: Totally TubuLair Superdrop: Turtle Power Foil Bundle — Foil Edition","680237","REGISTRY_READY","foil","foil_unspecified","bundle","bundle","TCG_MARKET_PRICE_AUTHORIZED_V1","422.71","434","594.95","799.94","False","5","5","2026-04-01","2026-07-23","113","False","False","False","SHORT_HISTORY_TOURNAMENT_CANDIDATE","SHORT_HISTORY_METHOD_TOURNAMENT","SCENARIO_ONLY_UNLESS_FUTURE_DIRECT_VALIDATION","SCENARIO_ONLY_UNLESS_FUTURE_DIRECT_VALIDATION","False","False","False","False","False","False"
"SL-E1E2903CCE3709","Drop: Featuring: Luke Pearson - Rainbow Foil Edition — Foil Edition","618097","REGISTRY_READY","foil","rainbow_foil","drop","individual_drop","TCG_MARKET_PRICE_AUTHORIZED_V1","50.97","53","67.99","99.99","False","18","18","2025-03-01","2026-07-23","509","True","False","False","ESTABLISHED_1Y_TOURNAMENT_CANDIDATE","DIRECT_TEMPORAL_OOS_TOURNAMENT","SCENARIO_ONLY_UNLESS_FUTURE_DIRECT_VALIDATION","SCENARIO_ONLY_UNLESS_FUTURE_DIRECT_VALIDATION","False","False","False","False","False","False"
"SL-E23BF5EAA4F5AA","Drop: Artist Series: Livia Prima - Traditional Foil Edition — Foil Edition","275802","REGISTRY_READY","foil","traditional_foil","drop","individual_drop","TCG_MARKET_PRICE_AUTHORIZED_V1","49.19","43.99","65","99.99","False","31","31","2024-02-08","2026-07-23","896","True","False","False","ESTABLISHED_1Y_TOURNAMENT_CANDIDATE","DIRECT_TEMPORAL_OOS_TOURNAMENT","SCENARIO_ONLY_UNLESS_FUTURE_DIRECT_VALIDATION","SCENARIO_ONLY_UNLESS_FUTURE_DIRECT_VALIDATION","False","False","False","False","False","False"
"SL-E24F74D610175D","Drop: Dungeons & Dragons 50th Anniversary: Loot the Room with Foils Bundle — Foil Edition","565536","REGISTRY_READY","foil","foil_unspecified","bundle","bundle","TCG_MARKET_PRICE_AUTHORIZED_V1","594.44","500","649.85","799.69","False","17","17","2024-10-01","2026-07-23","660","True","False","False","ESTABLISHED_1Y_TOURNAMENT_CANDIDATE","DIRECT_TEMPORAL_OOS_TOURNAMENT","SCENARIO_ONLY_UNLESS_FUTURE_DIRECT_VALIDATION","SCENARIO_ONLY_UNLESS_FUTURE_DIRECT_VALIDATION","False","False","False","False","False","False"
"SL-E2540C64CF5262","Superdrop: Culture Shocks: Esper - Non-Foil Edition — Nonfoil Edition","237605","REGISTRY_READY","nonfoil","nonfoil","drop","individual_drop","TCG_MARKET_PRICE_AUTHORIZED_V1","41.47","39.24","54","74.99","False","31","31","2024-02-08","2026-07-23","896","True","False","False","ESTABLISHED_1Y_TOURNAMENT_CANDIDATE","DIRECT_TEMPORAL_OOS_TOURNAMENT","SCENARIO_ONLY_UNLESS_FUTURE_DIRECT_VALIDATION","SCENARIO_ONLY_UNLESS_FUTURE_DIRECT_VALIDATION","False","False","False","False","False","False"
"SL-E282CE5635F5FC","x Ghost of Tsushima - Non-Foil Edition — Nonfoil Edition","658352","REGISTRY_READY","nonfoil","nonfoil","drop","individual_drop","TCG_MARKET_PRICE_AUTHORIZED_V1","172.9","164.94","199.97","350","False","10","10","2025-11-01","2026-07-23","264","False","False","False","SHORT_HISTORY_TOURNAMENT_CANDIDATE","SHORT_HISTORY_METHOD_TOURNAMENT","SCENARIO_ONLY_UNLESS_FUTURE_DIRECT_VALIDATION","SCENARIO_ONLY_UNLESS_FUTURE_DIRECT_VALIDATION","False","False","False","False","False","False"
"SL-E2DB1B58657D1A","Drop: Secret Lair x Fallout: Welcome to New Vegas - Non-Foil Edition — Nonfoil Edition","673786","REGISTRY_READY","nonfoil","nonfoil","drop","individual_drop","TCG_MARKET_PRICE_AUTHORIZED_V1","40.09","36","50.39","200","False","6","6","2026-03-01","2026-07-23","144","False","False","False","SHORT_HISTORY_TOURNAMENT_CANDIDATE","SHORT_HISTORY_METHOD_TOURNAMENT","SCENARIO_ONLY_UNLESS_FUTURE_DIRECT_VALIDATION","SCENARIO_ONLY_UNLESS_FUTURE_DIRECT_VALIDATION","False","False","False","False","False","False"
"SL-E339A090348C36","Drop: Secret Lair x The Princess Bride - Traditional Foil Edition — Foil Edition","518837","REGISTRY_READY","foil","traditional_foil","drop","individual_drop","TCG_MARKET_PRICE_AUTHORIZED_V1","341.61","597","799.5","1999.97","False","31","31","2024-02-08","2026-07-23","896","True","False","False","ESTABLISHED_1Y_TOURNAMENT_CANDIDATE","DIRECT_TEMPORAL_OOS_TOURNAMENT","SCENARIO_ONLY_UNLESS_FUTURE_DIRECT_VALIDATION","SCENARIO_ONLY_UNLESS_FUTURE_DIRECT_VALIDATION","False","False","False","False","False","False"
"SL-E3519A1A83A8E6","Drop: In Memoriam: Jaya Ballard - Non-Foil Edition — Nonfoil Edition","283281","REGISTRY_READY","nonfoil","nonfoil","drop","individual_drop","TCG_MARKET_PRICE_AUTHORIZED_V1","67.14","65","68.99","100","False","31","31","2024-02-08","2026-07-23","896","True","False","False","ESTABLISHED_1Y_TOURNAMENT_CANDIDATE","DIRECT_TEMPORAL_OOS_TOURNAMENT","SCENARIO_ONLY_UNLESS_FUTURE_DIRECT_VALIDATION","SCENARIO_ONLY_UNLESS_FUTURE_DIRECT_VALIDATION","False","False","False","False","False","False"
"SL-E397494832E845","Drop: Just Add Milk: Second Helpings - Non-Foil Edition — Nonfoil Edition","537675","REGISTRY_READY","nonfoil","nonfoil","drop","individual_drop","TCG_MARKET_PRICE_AUTHORIZED_V1","57.9","54","64","99","False","31","31","2024-02-08","2026-07-23","896","True","False","False","ESTABLISHED_1Y_TOURNAMENT_CANDIDATE","DIRECT_TEMPORAL_OOS_TOURNAMENT","SCENARIO_ONLY_UNLESS_FUTURE_DIRECT_VALIDATION","SCENARIO_ONLY_UNLESS_FUTURE_DIRECT_VALIDATION","False","False","False","False","False","False"
"SL-E3D6BE401B6F95","Drop: Secret Lair x Marvel's Iron Man - Non-Foil Edition — Nonfoil Edition","592070","REGISTRY_READY","nonfoil","nonfoil","drop","individual_drop","TCG_MARKET_PRICE_AUTHORIZED_V1","89.77","88.88","99.98","300","False","21","21","2024-12-01","2026-07-23","599","True","False","False","ESTABLISHED_1Y_TOURNAMENT_CANDIDATE","DIRECT_TEMPORAL_OOS_TOURNAMENT","SCENARIO_ONLY_UNLESS_FUTURE_DIRECT_VALIDATION","SCENARIO_ONLY_UNLESS_FUTURE_DIRECT_VALIDATION","False","False","False","False","False","False"
"SL-E3E88EC01DA49B","Superdrop: The Full-Text Lands - Traditional Foil Edition — Foil Edition","237610","REGISTRY_READY","foil","traditional_foil","drop","individual_drop","TCG_MARKET_PRICE_AUTHORIZED_V1","57.56","60.01","75","119.99","False","31","31","2024-02-08","2026-07-23","896","True","False","False","ESTABLISHED_1Y_TOURNAMENT_CANDIDATE","DIRECT_TEMPORAL_OOS_TOURNAMENT","SCENARIO_ONLY_UNLESS_FUTURE_DIRECT_VALIDATION","SCENARIO_ONLY_UNLESS_FUTURE_DIRECT_VALIDATION","False","False","False","False","False","False"
"SL-E44D69BCAF5561","Drop: Secret Lair x Fallout: Greet the Dog - Traditional Foil Edition — Foil Edition","673779","REGISTRY_READY","foil","traditional_foil","drop","individual_drop","TCG_MARKET_PRICE_AUTHORIZED_V1","46.97","40","67.98","300","False","6","6","2026-03-01","2026-07-23","144","False","False","False","SHORT_HISTORY_TOURNAMENT_CANDIDATE","SHORT_HISTORY_METHOD_TOURNAMENT","SCENARIO_ONLY_UNLESS_FUTURE_DIRECT_VALIDATION","SCENARIO_ONLY_UNLESS_FUTURE_DIRECT_VALIDATION","False","False","False","False","False","False"
"SL-E4888AAC444029","Drop: June Superdrop - Full-of-Foils Bundle — Foil Edition","275823","REGISTRY_READY","foil","foil_unspecified","bundle","bundle","NO_PRODUCTION_CURRENT_MARKET_PRICE","","","","","False","0","0","","","0","False","False","False","CURRENT_AND_HISTORY_EVIDENCE_GAP","NO_1Y_PRODUCTION_FORECAST_UNTIL_EVIDENCE_AVAILABLE","SCENARIO_ONLY_UNLESS_FUTURE_DIRECT_VALIDATION","SCENARIO_ONLY_UNLESS_FUTURE_DIRECT_VALIDATION","False","False","False","False","False","False"
"SL-E4AC3EAED9F285","Drop: February Superdrop - Li'l Walkers - Non-Foil Edition — Nonfoil Edition","267772","REGISTRY_READY","nonfoil","nonfoil","drop","individual_drop","TCG_MARKET_PRICE_AUTHORIZED_V1","39.44","24.7","39.69","70","False","31","31","2024-02-08","2026-07-23","896","True","False","False","ESTABLISHED_1Y_TOURNAMENT_CANDIDATE","DIRECT_TEMPORAL_OOS_TOURNAMENT","SCENARIO_ONLY_UNLESS_FUTURE_DIRECT_VALIDATION","SCENARIO_ONLY_UNLESS_FUTURE_DIRECT_VALIDATION","False","False","False","False","False","False"
"SL-E5456245AFC3A3","Drop: Secret Lair x Hatsune Miku: Sakura Superstar JP - Non-Foil Edition — Nonfoil Edition","551442","REGISTRY_READY","nonfoil","nonfoil","drop","individual_drop","TCG_MARKET_PRICE_AUTHORIZED_V1","42.86","40","59.99","227.97","False","0","0","","","0","False","False","False","CURRENT_PRICE_ONLY_NEW_PRODUCT_CANDIDATE","NEW_PRODUCT_FALLBACK_METHOD_TOURNAMENT","SCENARIO_ONLY_UNLESS_FUTURE_DIRECT_VALIDATION","SCENARIO_ONLY_UNLESS_FUTURE_DIRECT_VALIDATION","False","False","False","False","False","False"
"SL-E558347311E1F4","Drop: Secret Lair x Marvel's Spider-Man: Heroic Deeds - Non-Foil Edition — Nonfoil Edition","653118","REGISTRY_READY","nonfoil","nonfoil","drop","individual_drop","TCG_MARKET_PRICE_AUTHORIZED_V1","40.51","36","54.99","99.99","False","11","11","2025-10-01","2026-07-23","295","False","False","False","SHORT_HISTORY_TOURNAMENT_CANDIDATE","SHORT_HISTORY_METHOD_TOURNAMENT","SCENARIO_ONLY_UNLESS_FUTURE_DIRECT_VALIDATION","SCENARIO_ONLY_UNLESS_FUTURE_DIRECT_VALIDATION","False","False","False","False","False","False"
"SL-E577A60B3B1BA6","Drop: Featuring: Gary Baseman - Traditional Foil Edition — Foil Edition","515009","REGISTRY_READY","foil","traditional_foil","drop","individual_drop","TCG_MARKET_PRICE_AUTHORIZED_V1","86.51","89.99","109.99","120.99","False","31","31","2024-02-08","2026-07-23","896","True","False","False","ESTABLISHED_1Y_TOURNAMENT_CANDIDATE","DIRECT_TEMPORAL_OOS_TOURNAMENT","SCENARIO_ONLY_UNLESS_FUTURE_DIRECT_VALIDATION","SCENARIO_ONLY_UNLESS_FUTURE_DIRECT_VALIDATION","False","False","False","False","False","False"
"SL-E5F4CFCD2D1E21","Drop: Secret Lair x Dungeons & Dragons: Gale’s Ambition - Foil Edition — Foil Edition","677403","REGISTRY_READY","foil","foil_unspecified","drop","individual_drop","TCG_MARKET_PRICE_AUTHORIZED_V1","45.94","43.01","59.99","999","False","6","6","2026-03-01","2026-07-23","144","False","False","False","SHORT_HISTORY_TOURNAMENT_CANDIDATE","SHORT_HISTORY_METHOD_TOURNAMENT","SCENARIO_ONLY_UNLESS_FUTURE_DIRECT_VALIDATION","SCENARIO_ONLY_UNLESS_FUTURE_DIRECT_VALIDATION","False","False","False","False","False","False"
"SL-E5F7C4556D2AE8","Drop: Math Is For Blockers - Non-Foil Edition — Nonfoil Edition","247348","REGISTRY_READY","nonfoil","nonfoil","drop","individual_drop","TCG_MARKET_PRICE_AUTHORIZED_V1","26.22","24.97","32.98","79.99","False","31","31","2024-02-08","2026-07-23","896","True","False","False","ESTABLISHED_1Y_TOURNAMENT_CANDIDATE","DIRECT_TEMPORAL_OOS_TOURNAMENT","SCENARIO_ONLY_UNLESS_FUTURE_DIRECT_VALIDATION","SCENARIO_ONLY_UNLESS_FUTURE_DIRECT_VALIDATION","False","False","False","False","False","False"
"SL-E618F74B27D105","Drop: Cards in Costume Foil Bundle - Traditional Foil Edition — Foil Edition","518843","REGISTRY_READY","foil","traditional_foil","bundle","bundle","NO_PRODUCTION_CURRENT_MARKET_PRICE","","","","","False","0","0","","","0","False","False","False","CURRENT_AND_HISTORY_EVIDENCE_GAP","NO_1Y_PRODUCTION_FORECAST_UNTIL_EVIDENCE_AVAILABLE","SCENARIO_ONLY_UNLESS_FUTURE_DIRECT_VALIDATION","SCENARIO_ONLY_UNLESS_FUTURE_DIRECT_VALIDATION","False","False","False","False","False","False"
"SL-E63BB6ABED78A1","Drop: Nature is Adorable - Non-Foil Edition — Nonfoil Edition","493811","REGISTRY_READY","nonfoil","nonfoil","drop","individual_drop","TCG_MARKET_PRICE_AUTHORIZED_V1","36.11","40","47.15","88","False","31","31","2024-02-08","2026-07-23","896","True","False","False","ESTABLISHED_1Y_TOURNAMENT_CANDIDATE","DIRECT_TEMPORAL_OOS_TOURNAMENT","SCENARIO_ONLY_UNLESS_FUTURE_DIRECT_VALIDATION","SCENARIO_ONLY_UNLESS_FUTURE_DIRECT_VALIDATION","False","False","False","False","False","False"
"SL-E6815E809637CD","Drop: Secret Lair x Hatsune Miku: Digital Sensation EN - Non-Foil Edition — Nonfoil Edition","556791","REGISTRY_READY","nonfoil","nonfoil","drop","individual_drop","TCG_MARKET_PRICE_AUTHORIZED_V1","160.59","289.98","298.98","300","False","26","26","2024-07-01","2026-07-23","752","True","False","False","ESTABLISHED_1Y_TOURNAMENT_CANDIDATE","DIRECT_TEMPORAL_OOS_TOURNAMENT","SCENARIO_ONLY_UNLESS_FUTURE_DIRECT_VALIDATION","SCENARIO_ONLY_UNLESS_FUTURE_DIRECT_VALIDATION","False","False","False","False","False","False"
"SL-E6ACEF67518AF1","Drop: Extra Life 2022 - Non-Foil Edition — Nonfoil Edition","451236","REGISTRY_READY","nonfoil","nonfoil","drop","individual_drop","TCG_MARKET_PRICE_AUTHORIZED_V1","108.33","105.95","108.33","130.79","False","31","31","2024-02-08","2026-07-23","896","True","False","False","ESTABLISHED_1Y_TOURNAMENT_CANDIDATE","DIRECT_TEMPORAL_OOS_TOURNAMENT","SCENARIO_ONLY_UNLESS_FUTURE_DIRECT_VALIDATION","SCENARIO_ONLY_UNLESS_FUTURE_DIRECT_VALIDATION","False","False","False","False","False","False"
"SL-E73519A6D7C437","Drop: Secretversary Superdrop - The Bundle Bundle — Standard Edition","228711","REGISTRY_READY","unknown","unknown","bundle","bundle","NO_PRODUCTION_CURRENT_MARKET_PRICE","","400","400","400","False","0","0","","","0","False","False","False","CURRENT_AND_HISTORY_EVIDENCE_GAP","NO_1Y_PRODUCTION_FORECAST_UNTIL_EVIDENCE_AVAILABLE","SCENARIO_ONLY_UNLESS_FUTURE_DIRECT_VALIDATION","SCENARIO_ONLY_UNLESS_FUTURE_DIRECT_VALIDATION","False","False","False","False","False","False"
"SL-E761E1777C5411","Drop: Through the Wormhole - Non-Foil Edition — Nonfoil Edition","528406","REGISTRY_READY","nonfoil","nonfoil","drop","individual_drop","TCG_MARKET_PRICE_AUTHORIZED_V1","213.93","239.95","249.92","295","False","31","31","2024-02-08","2026-07-23","896","True","False","False","ESTABLISHED_1Y_TOURNAMENT_CANDIDATE","DIRECT_TEMPORAL_OOS_TOURNAMENT","SCENARIO_ONLY_UNLESS_FUTURE_DIRECT_VALIDATION","SCENARIO_ONLY_UNLESS_FUTURE_DIRECT_VALIDATION","False","False","False","False","False","False"
"SL-E7BDE12BA780C5","Drop: Bugs, Bands & Blockbusters Bundle - Non-Foil Edition — Nonfoil Edition","514992","REGISTRY_READY","nonfoil","nonfoil","bundle","bundle","NO_PRODUCTION_CURRENT_MARKET_PRICE","","479","488.99","498.98","False","3","3","2024-03-01","2024-05-01","61","False","False","False","SHORT_HISTORY_TOURNAMENT_CANDIDATE","SHORT_HISTORY_METHOD_TOURNAMENT","SCENARIO_ONLY_UNLESS_FUTURE_DIRECT_VALIDATION","SCENARIO_ONLY_UNLESS_FUTURE_DIRECT_VALIDATION","False","False","False","False","False","False"
"SL-E82C687C9DB063","Drop: Astrology Lands (Capricorn) - Non-Foil Edition — Nonfoil Edition","259309","REGISTRY_READY","nonfoil","nonfoil","drop","individual_drop","NO_PRODUCTION_CURRENT_MARKET_PRICE","","45","59.99","65.41","False","0","0","","","0","False","False","False","CURRENT_AND_HISTORY_EVIDENCE_GAP","NO_1Y_PRODUCTION_FORECAST_UNTIL_EVIDENCE_AVAILABLE","SCENARIO_ONLY_UNLESS_FUTURE_DIRECT_VALIDATION","SCENARIO_ONLY_UNLESS_FUTURE_DIRECT_VALIDATION","False","False","False","False","False","False"
"SL-E84A5B15E6F9C3","Drop: Featuring: Not a Wolf - Non-Foil Edition — Nonfoil Edition","556834","REGISTRY_READY","nonfoil","nonfoil","drop","individual_drop","TCG_MARKET_PRICE_AUTHORIZED_V1","63.17","65","79","99","False","26","26","2024-07-01","2026-07-23","752","True","False","False","ESTABLISHED_1Y_TOURNAMENT_CANDIDATE","DIRECT_TEMPORAL_OOS_TOURNAMENT","SCENARIO_ONLY_UNLESS_FUTURE_DIRECT_VALIDATION","SCENARIO_ONLY_UNLESS_FUTURE_DIRECT_VALIDATION","False","False","False","False","False","False"
"SL-E8AF55C924629C","Drop: Featuring: Peach Momoko - Rainbow Foil Edition — Foil Edition","584532","REGISTRY_READY","foil","rainbow_foil","drop","individual_drop","TCG_MARKET_PRICE_AUTHORIZED_V1","131.32","130","149.99","450","False","22","22","2024-11-01","2026-07-23","629","True","False","False","ESTABLISHED_1Y_TOURNAMENT_CANDIDATE","DIRECT_TEMPORAL_OOS_TOURNAMENT","SCENARIO_ONLY_UNLESS_FUTURE_DIRECT_VALIDATION","SCENARIO_ONLY_UNLESS_FUTURE_DIRECT_VALIDATION","False","False","False","False","False","False"
"SL-E94BE968A3A112","Drop: Secret Lair x Monty Python: Monty Python and the Holy Grail: Vol. 2 - Traditional Foil Edition — Foil Edition","561455","REGISTRY_READY","foil","traditional_foil","drop","individual_drop","TCG_MARKET_PRICE_AUTHORIZED_V1","85.22","80","95.72","149","False","25","25","2024-08-01","2026-07-23","721","True","False","False","ESTABLISHED_1Y_TOURNAMENT_CANDIDATE","DIRECT_TEMPORAL_OOS_TOURNAMENT","SCENARIO_ONLY_UNLESS_FUTURE_DIRECT_VALIDATION","SCENARIO_ONLY_UNLESS_FUTURE_DIRECT_VALIDATION","False","False","False","False","False","False"
"SL-E976A82043B976","Drop: Secret Lair X MSCHF - Foil Edition — Foil Edition","256445","REGISTRY_READY","foil","foil_unspecified","drop","individual_drop","TCG_MARKET_PRICE_AUTHORIZED_V1","107.09","113.99","119.97","666.66","False","31","31","2024-02-08","2026-07-23","896","True","False","False","ESTABLISHED_1Y_TOURNAMENT_CANDIDATE","DIRECT_TEMPORAL_OOS_TOURNAMENT","SCENARIO_ONLY_UNLESS_FUTURE_DIRECT_VALIDATION","SCENARIO_ONLY_UNLESS_FUTURE_DIRECT_VALIDATION","False","False","False","False","False","False"
"SL-E9DEA56D4176E0","Superdrop: The Full-Text Lands - Non-Foil Edition — Nonfoil Edition","237609","REGISTRY_READY","nonfoil","nonfoil","drop","individual_drop","TCG_MARKET_PRICE_AUTHORIZED_V1","51.05","36.81","66.95","99.99","False","31","31","2024-02-08","2026-07-23","896","True","False","False","ESTABLISHED_1Y_TOURNAMENT_CANDIDATE","DIRECT_TEMPORAL_OOS_TOURNAMENT","SCENARIO_ONLY_UNLESS_FUTURE_DIRECT_VALIDATION","SCENARIO_ONLY_UNLESS_FUTURE_DIRECT_VALIDATION","False","False","False","False","False","False"
"SL-EA00AF141F2FAC","Drop: Showcase: Kaldheim - Part 2 - Traditional Foil Edition — Foil Edition","232603","REGISTRY_READY","foil","traditional_foil","drop","individual_drop","TCG_MARKET_PRICE_AUTHORIZED_V1","36.62","40.28","53.65","99.99","False","31","31","2024-02-08","2026-07-23","896","True","False","False","ESTABLISHED_1Y_TOURNAMENT_CANDIDATE","DIRECT_TEMPORAL_OOS_TOURNAMENT","SCENARIO_ONLY_UNLESS_FUTURE_DIRECT_VALIDATION","SCENARIO_ONLY_UNLESS_FUTURE_DIRECT_VALIDATION","False","False","False","False","False","False"
"SL-EA3F127E1B6608","Drop: Secret Lair x Fallout: Vault Boy - Rainbow Foil Edition — Foil Edition","545708","REGISTRY_READY","foil","rainbow_foil","drop","individual_drop","TCG_MARKET_PRICE_AUTHORIZED_V1","102.77","100","129.49","300","False","28","28","2024-05-01","2026-07-23","813","True","False","False","ESTABLISHED_1Y_TOURNAMENT_CANDIDATE","DIRECT_TEMPORAL_OOS_TOURNAMENT","SCENARIO_ONLY_UNLESS_FUTURE_DIRECT_VALIDATION","SCENARIO_ONLY_UNLESS_FUTURE_DIRECT_VALIDATION","False","False","False","False","False","False"
"SL-EA8B400EB7587C","Drop: The Strange Sands: Swamp - Rainbow Foil Edition — Foil Edition","610791","REGISTRY_READY","foil","rainbow_foil","drop","individual_drop","TCG_MARKET_PRICE_AUTHORIZED_V1","76","65","78.21","199","False","17","17","2025-04-01","2026-07-23","478","True","False","False","ESTABLISHED_1Y_TOURNAMENT_CANDIDATE","DIRECT_TEMPORAL_OOS_TOURNAMENT","SCENARIO_ONLY_UNLESS_FUTURE_DIRECT_VALIDATION","SCENARIO_ONLY_UNLESS_FUTURE_DIRECT_VALIDATION","False","False","False","False","False","False"
"SL-EB7674C656581E","Drop: Places to Trick or Treat Non-Foil Lands Bundle — Nonfoil Edition","518840","REGISTRY_READY","nonfoil","nonfoil","bundle","bundle","NO_PRODUCTION_CURRENT_MARKET_PRICE","","599.94","599.94","599.94","False","0","0","","","0","False","False","False","CURRENT_AND_HISTORY_EVIDENCE_GAP","NO_1Y_PRODUCTION_FORECAST_UNTIL_EVIDENCE_AVAILABLE","SCENARIO_ONLY_UNLESS_FUTURE_DIRECT_VALIDATION","SCENARIO_ONLY_UNLESS_FUTURE_DIRECT_VALIDATION","False","False","False","False","False","False"
"SL-EB7E2032D0A931","Drop: Featuring: Julie Bell - Non-Foil Edition — Nonfoil Edition","556831","REGISTRY_READY","nonfoil","nonfoil","drop","individual_drop","TCG_MARKET_PRICE_AUTHORIZED_V1","39.86","40","46.59","99","False","24","24","2024-09-01","2026-07-23","690","True","False","False","ESTABLISHED_1Y_TOURNAMENT_CANDIDATE","DIRECT_TEMPORAL_OOS_TOURNAMENT","SCENARIO_ONLY_UNLESS_FUTURE_DIRECT_VALIDATION","SCENARIO_ONLY_UNLESS_FUTURE_DIRECT_VALIDATION","False","False","False","False","False","False"
"SL-EB862139323FA8","Drop: Secret Lair x Dungeons & Dragons: Strahd’s Descent - Foil Edition — Foil Edition","677411","REGISTRY_READY","foil","foil_unspecified","drop","individual_drop","TCG_MARKET_PRICE_AUTHORIZED_V1","50.3","49","64.99","999","False","6","6","2026-03-01","2026-07-23","144","False","False","False","SHORT_HISTORY_TOURNAMENT_CANDIDATE","SHORT_HISTORY_METHOD_TOURNAMENT","SCENARIO_ONLY_UNLESS_FUTURE_DIRECT_VALIDATION","SCENARIO_ONLY_UNLESS_FUTURE_DIRECT_VALIDATION","False","False","False","False","False","False"
"SL-EBBF87B2EDF78C","Drop: February Superdrop - Kamigawa: the Manga: the Cards - Traditional Foil Edtion — Foil Edition","267771","REGISTRY_READY","foil","traditional_foil","drop","individual_drop","TCG_MARKET_PRICE_AUTHORIZED_V1","74.88","83.9","95","105","False","31","31","2024-02-08","2026-07-23","896","True","False","False","ESTABLISHED_1Y_TOURNAMENT_CANDIDATE","DIRECT_TEMPORAL_OOS_TOURNAMENT","SCENARIO_ONLY_UNLESS_FUTURE_DIRECT_VALIDATION","SCENARIO_ONLY_UNLESS_FUTURE_DIRECT_VALIDATION","False","False","False","False","False","False"
"SL-EBF12D8FC470D3","Drop: Summer Superdrop - The Path Not Traveled - Traditional Foil Edition — Foil Edition","214909","REGISTRY_READY","foil","traditional_foil","drop","individual_drop","TCG_MARKET_PRICE_AUTHORIZED_V1","23.02","19.44","44.49","79","False","31","31","2024-02-08","2026-07-23","896","True","False","False","ESTABLISHED_1Y_TOURNAMENT_CANDIDATE","DIRECT_TEMPORAL_OOS_TOURNAMENT","SCENARIO_ONLY_UNLESS_FUTURE_DIRECT_VALIDATION","SCENARIO_ONLY_UNLESS_FUTURE_DIRECT_VALIDATION","False","False","False","False","False","False"
"SL-EC805E73DB692C","Drop: The Weirdest Pets in the Multiverse - Traditional Foil Edition — Foil Edition","450619","REGISTRY_READY","foil","traditional_foil","drop","individual_drop","TCG_MARKET_PRICE_AUTHORIZED_V1","49.81","58","64.95","90","False","31","31","2024-02-08","2026-07-23","896","True","False","False","ESTABLISHED_1Y_TOURNAMENT_CANDIDATE","DIRECT_TEMPORAL_OOS_TOURNAMENT","SCENARIO_ONLY_UNLESS_FUTURE_DIRECT_VALIDATION","SCENARIO_ONLY_UNLESS_FUTURE_DIRECT_VALIDATION","False","False","False","False","False","False"
"SL-EDA5F0018F2448","Drop: Secret Lair x Ghostbusters: Slimer - Rainbow Foil Edition — Foil Edition","584526","REGISTRY_READY","foil","rainbow_foil","drop","individual_drop","TCG_MARKET_PRICE_AUTHORIZED_V1","41.11","40","60","149.99","False","22","22","2024-11-01","2026-07-23","629","True","False","False","ESTABLISHED_1Y_TOURNAMENT_CANDIDATE","DIRECT_TEMPORAL_OOS_TOURNAMENT","SCENARIO_ONLY_UNLESS_FUTURE_DIRECT_VALIDATION","SCENARIO_ONLY_UNLESS_FUTURE_DIRECT_VALIDATION","False","False","False","False","False","False"
"SL-EE12104C3A49E7","Drop: Secretversary Superdrop - We Hope You Like Squirrels - Traditional Foil Edition — Foil Edition","228719","REGISTRY_READY","foil","traditional_foil","drop","individual_drop","TCG_MARKET_PRICE_AUTHORIZED_V1","77.87","89.99","104.97","189.99","False","31","31","2024-02-08","2026-07-23","896","True","False","False","ESTABLISHED_1Y_TOURNAMENT_CANDIDATE","DIRECT_TEMPORAL_OOS_TOURNAMENT","SCENARIO_ONLY_UNLESS_FUTURE_DIRECT_VALIDATION","SCENARIO_ONLY_UNLESS_FUTURE_DIRECT_VALIDATION","False","False","False","False","False","False"
"SL-EE73A455D6DAFC","Drop: Magic: The Baseballing - Non-Foil Edition — Nonfoil Edition","515006","REGISTRY_READY","nonfoil","nonfoil","drop","individual_drop","TCG_MARKET_PRICE_AUTHORIZED_V1","88.12","105","110","119.95","False","31","31","2024-02-08","2026-07-23","896","True","False","False","ESTABLISHED_1Y_TOURNAMENT_CANDIDATE","DIRECT_TEMPORAL_OOS_TOURNAMENT","SCENARIO_ONLY_UNLESS_FUTURE_DIRECT_VALIDATION","SCENARIO_ONLY_UNLESS_FUTURE_DIRECT_VALIDATION","False","False","False","False","False","False"
"SL-EE882204CA80F5","Drop: Pride Across the Multiverse - Non-Foil Edition — Nonfoil Edition","279266","REGISTRY_READY","nonfoil","nonfoil","drop","individual_drop","TCG_MARKET_PRICE_AUTHORIZED_V1","88.89","85","94.99","399","False","31","31","2024-02-08","2026-07-23","896","True","False","False","ESTABLISHED_1Y_TOURNAMENT_CANDIDATE","DIRECT_TEMPORAL_OOS_TOURNAMENT","SCENARIO_ONLY_UNLESS_FUTURE_DIRECT_VALIDATION","SCENARIO_ONLY_UNLESS_FUTURE_DIRECT_VALIDATION","False","False","False","False","False","False"
"SL-EF03D947F97187","x Furby: The Oddbodies - Rainbow Foil Edition — Foil Edition","656369","REGISTRY_READY","foil","rainbow_foil","drop","individual_drop","TCG_MARKET_PRICE_AUTHORIZED_V1","89.17","87.99","94","299","False","10","10","2025-11-01","2026-07-23","264","False","False","False","SHORT_HISTORY_TOURNAMENT_CANDIDATE","SHORT_HISTORY_METHOD_TOURNAMENT","SCENARIO_ONLY_UNLESS_FUTURE_DIRECT_VALIDATION","SCENARIO_ONLY_UNLESS_FUTURE_DIRECT_VALIDATION","False","False","False","False","False","False"
"SL-EF10004B2C3091","Drop: Astrology Lands (Virgo) - Traditional Foil Edition — Foil Edition","285248","REGISTRY_READY","foil","traditional_foil","drop","individual_drop","TCG_MARKET_PRICE_AUTHORIZED_V1","50","50","59.99","90.99","False","28","28","2024-02-08","2026-07-23","896","True","False","False","ESTABLISHED_1Y_TOURNAMENT_CANDIDATE","DIRECT_TEMPORAL_OOS_TOURNAMENT","SCENARIO_ONLY_UNLESS_FUTURE_DIRECT_VALIDATION","SCENARIO_ONLY_UNLESS_FUTURE_DIRECT_VALIDATION","False","False","False","False","False","False"
"SL-EF5BBE513EE03C","Drop: Theros Stargazing: Vol.I (Heliod) - Traditional Foil Edition — Foil Edition","209383","REGISTRY_READY","foil","traditional_foil","drop","individual_drop","TCG_MARKET_PRICE_AUTHORIZED_V1","64.18","60","65.95","99.99","False","31","31","2024-02-08","2026-07-23","896","True","False","False","ESTABLISHED_1Y_TOURNAMENT_CANDIDATE","DIRECT_TEMPORAL_OOS_TOURNAMENT","SCENARIO_ONLY_UNLESS_FUTURE_DIRECT_VALIDATION","SCENARIO_ONLY_UNLESS_FUTURE_DIRECT_VALIDATION","False","False","False","False","False","False"
"SL-EFFCE6D4208A63","Drop: Flower Power - Non-Foil Edition — Nonfoil Edition","655935","REGISTRY_READY","nonfoil","nonfoil","drop","individual_drop","TCG_MARKET_PRICE_AUTHORIZED_V1","45.76","50.98","64.5","199","False","10","10","2025-11-01","2026-07-23","264","False","False","False","SHORT_HISTORY_TOURNAMENT_CANDIDATE","SHORT_HISTORY_METHOD_TOURNAMENT","SCENARIO_ONLY_UNLESS_FUTURE_DIRECT_VALIDATION","SCENARIO_ONLY_UNLESS_FUTURE_DIRECT_VALIDATION","False","False","False","False","False","False"
"SL-F0ADDB74A0D856","Drop: Tales of the Time Stoppers - Non-Foil Edition — Nonfoil Edition","528404","REGISTRY_READY","nonfoil","nonfoil","drop","individual_drop","TCG_MARKET_PRICE_AUTHORIZED_V1","35.24","28.99","41.47","75","False","31","31","2024-02-08","2026-07-23","896","True","False","False","ESTABLISHED_1Y_TOURNAMENT_CANDIDATE","DIRECT_TEMPORAL_OOS_TOURNAMENT","SCENARIO_ONLY_UNLESS_FUTURE_DIRECT_VALIDATION","SCENARIO_ONLY_UNLESS_FUTURE_DIRECT_VALIDATION","False","False","False","False","False","False"
"SL-F0D638918879B3","Drop: Secret Lair x Doctor Who: The Weeping Angels - Traditional Foil Edition — Foil Edition","518831","REGISTRY_READY","foil","traditional_foil","drop","individual_drop","TCG_MARKET_PRICE_AUTHORIZED_V1","57.63","58.95","73.46","9999","False","31","31","2024-02-08","2026-07-23","896","True","False","False","ESTABLISHED_1Y_TOURNAMENT_CANDIDATE","DIRECT_TEMPORAL_OOS_TOURNAMENT","SCENARIO_ONLY_UNLESS_FUTURE_DIRECT_VALIDATION","SCENARIO_ONLY_UNLESS_FUTURE_DIRECT_VALIDATION","False","False","False","False","False","False"
"SL-F0F3F16536C281","x Avatar: The Last Airbender: One with the Elements - Rainbow Foil Edition — Foil Edition","662597","REGISTRY_READY","foil","rainbow_foil","drop","individual_drop","TCG_MARKET_PRICE_AUTHORIZED_V1","43.01","40","63.09","400","False","9","9","2025-12-01","2026-07-23","234","False","False","False","SHORT_HISTORY_TOURNAMENT_CANDIDATE","SHORT_HISTORY_METHOD_TOURNAMENT","SCENARIO_ONLY_UNLESS_FUTURE_DIRECT_VALIDATION","SCENARIO_ONLY_UNLESS_FUTURE_DIRECT_VALIDATION","False","False","False","False","False","False"
"SL-F14FB92D2DCBC6","Drop: Witch's Familiar - Traditional Foil Edition — Foil Edition","695473","REGISTRY_READY","foil","traditional_foil","drop","individual_drop","TCG_MARKET_PRICE_AUTHORIZED_V1","94.26","82","110","500","False","2","2","2026-07-01","2026-07-23","22","False","False","False","SHORT_HISTORY_TOURNAMENT_CANDIDATE","SHORT_HISTORY_METHOD_TOURNAMENT","SCENARIO_ONLY_UNLESS_FUTURE_DIRECT_VALIDATION","SCENARIO_ONLY_UNLESS_FUTURE_DIRECT_VALIDATION","False","False","False","False","False","False"
"SL-F1CB3324166D0B","Drop: Special Guest: Yoji Shinkawa (Japanese) - Traditional Foil Edition — Foil Edition","450537","REGISTRY_READY","foil","traditional_foil","drop","individual_drop","TCG_MARKET_PRICE_AUTHORIZED_V1","132.73","151.01","156.96","486.48","False","0","0","","","0","False","False","False","CURRENT_PRICE_ONLY_NEW_PRODUCT_CANDIDATE","NEW_PRODUCT_FALLBACK_METHOD_TOURNAMENT","SCENARIO_ONLY_UNLESS_FUTURE_DIRECT_VALIDATION","SCENARIO_ONLY_UNLESS_FUTURE_DIRECT_VALIDATION","False","False","False","False","False","False"
"SL-F1CC2FF6F7667E","Drop: Li'l'er Walkers - Non-Foil Edition — Nonfoil Edition","448634","REGISTRY_READY","nonfoil","nonfoil","drop","individual_drop","TCG_MARKET_PRICE_AUTHORIZED_V1","41.33","39.99","52.5","80","False","31","31","2024-02-08","2026-07-23","896","True","False","False","ESTABLISHED_1Y_TOURNAMENT_CANDIDATE","DIRECT_TEMPORAL_OOS_TOURNAMENT","SCENARIO_ONLY_UNLESS_FUTURE_DIRECT_VALIDATION","SCENARIO_ONLY_UNLESS_FUTURE_DIRECT_VALIDATION","False","False","False","False","False","False"
"SL-F25C6E61EC9D3B","Festival in a Box Barcelona 2023 - Commander Fan Bundle — Standard Edition","497381","REGISTRY_READY","unknown","unknown","festival in a box","festival_in_a_box","NO_PRODUCTION_CURRENT_MARKET_PRICE","","","","","False","0","0","","","0","False","False","False","CURRENT_AND_HISTORY_EVIDENCE_GAP","NO_1Y_PRODUCTION_FORECAST_UNTIL_EVIDENCE_AVAILABLE","SCENARIO_ONLY_UNLESS_FUTURE_DIRECT_VALIDATION","SCENARIO_ONLY_UNLESS_FUTURE_DIRECT_VALIDATION","False","False","False","False","False","False"
"SL-F26AFF6BB24E88","Drop: Secret Lair x Marvel's Spider-Man: Daily Bugle Breaking News - Rainbow Foil Edition — Foil Edition","652001","REGISTRY_READY","foil","rainbow_foil","drop","individual_drop","TCG_MARKET_PRICE_AUTHORIZED_V1","42.01","30","59.97","149.99","False","11","11","2025-10-01","2026-07-23","295","False","False","False","SHORT_HISTORY_TOURNAMENT_CANDIDATE","SHORT_HISTORY_METHOD_TOURNAMENT","SCENARIO_ONLY_UNLESS_FUTURE_DIRECT_VALIDATION","SCENARIO_ONLY_UNLESS_FUTURE_DIRECT_VALIDATION","False","False","False","False","False","False"
"SL-F2F5EBEEEBD0C5","Drop: Prints of Darkness - Rainbow Foil Edition — Foil Edition","556836","REGISTRY_READY","foil","rainbow_foil","drop","individual_drop","TCG_MARKET_PRICE_AUTHORIZED_V1","72.86","87.99","99.99","300","False","25","25","2024-08-01","2026-07-23","721","True","False","False","ESTABLISHED_1Y_TOURNAMENT_CANDIDATE","DIRECT_TEMPORAL_OOS_TOURNAMENT","SCENARIO_ONLY_UNLESS_FUTURE_DIRECT_VALIDATION","SCENARIO_ONLY_UNLESS_FUTURE_DIRECT_VALIDATION","False","False","False","False","False","False"
"SL-F2F92FE2CD5458","Drop: Winter Superdrop 2025: Everything a Pioneer Needs Bundle — Standard Edition","618116","REGISTRY_READY","unknown","unknown","bundle","bundle","NO_PRODUCTION_CURRENT_MARKET_PRICE","","849.94","849.94","849.94","False","0","0","","","0","False","False","False","CURRENT_AND_HISTORY_EVIDENCE_GAP","NO_1Y_PRODUCTION_FORECAST_UNTIL_EVIDENCE_AVAILABLE","SCENARIO_ONLY_UNLESS_FUTURE_DIRECT_VALIDATION","SCENARIO_ONLY_UNLESS_FUTURE_DIRECT_VALIDATION","False","False","False","False","False","False"
"SL-F378E79C981B5B","Drop: Special Guest: Kelogsloops - Traditional Foil Edition — Foil Edition","275820","REGISTRY_READY","foil","traditional_foil","drop","individual_drop","TCG_MARKET_PRICE_AUTHORIZED_V1","142.92","140","149.99","199.99","False","31","31","2024-02-08","2026-07-23","896","True","False","False","ESTABLISHED_1Y_TOURNAMENT_CANDIDATE","DIRECT_TEMPORAL_OOS_TOURNAMENT","SCENARIO_ONLY_UNLESS_FUTURE_DIRECT_VALIDATION","SCENARIO_ONLY_UNLESS_FUTURE_DIRECT_VALIDATION","False","False","False","False","False","False"
"SL-F3C784F688A104","Drop: Our Boss is on Vacation Superdrop: Spongebob Squarepants: Legends of Bikini Bottom - Non-Foil Edition — Nonfoil Edition","624709","REGISTRY_READY","nonfoil","nonfoil","drop","individual_drop","TCG_MARKET_PRICE_AUTHORIZED_V1","68.81","65","74.69","300","False","17","17","2025-04-01","2026-07-23","478","True","False","False","ESTABLISHED_1Y_TOURNAMENT_CANDIDATE","DIRECT_TEMPORAL_OOS_TOURNAMENT","SCENARIO_ONLY_UNLESS_FUTURE_DIRECT_VALIDATION","SCENARIO_ONLY_UNLESS_FUTURE_DIRECT_VALIDATION","False","False","False","False","False","False"
"SL-F3D3088DA018D0","Drop: Secret Lair x Dungeons & Dragons: Death is in the Eyes of the Beholder I - Rainbow Foil Edition — Foil Edition","565545","REGISTRY_READY","foil","rainbow_foil","drop","individual_drop","TCG_MARKET_PRICE_AUTHORIZED_V1","47.34","43.38","49.99","240","False","23","23","2024-10-01","2026-07-23","660","True","False","False","ESTABLISHED_1Y_TOURNAMENT_CANDIDATE","DIRECT_TEMPORAL_OOS_TOURNAMENT","SCENARIO_ONLY_UNLESS_FUTURE_DIRECT_VALIDATION","SCENARIO_ONLY_UNLESS_FUTURE_DIRECT_VALIDATION","False","False","False","False","False","False"
"SL-F3F1C2A23E48D0","Drop: Secret Lair x Dungeons & Dragons: An Exhibition of Adventure - Rainbow Foil Edition — Foil Edition","565541","REGISTRY_READY","foil","rainbow_foil","drop","individual_drop","TCG_MARKET_PRICE_AUTHORIZED_V1","77.17","79.99","99.99","500","False","24","24","2024-09-01","2026-07-23","690","True","False","False","ESTABLISHED_1Y_TOURNAMENT_CANDIDATE","DIRECT_TEMPORAL_OOS_TOURNAMENT","SCENARIO_ONLY_UNLESS_FUTURE_DIRECT_VALIDATION","SCENARIO_ONLY_UNLESS_FUTURE_DIRECT_VALIDATION","False","False","False","False","False","False"
"SL-F419DE27DCB991","Drop: Secret Scare Superdrop: The Scranton Strangler Non-Foil Bundle — Nonfoil Edition","657869","REGISTRY_READY","nonfoil","nonfoil","bundle","bundle","NO_PRODUCTION_CURRENT_MARKET_PRICE","","","","","False","5","5","2025-11-01","2026-03-01","120","False","False","False","SHORT_HISTORY_TOURNAMENT_CANDIDATE","SHORT_HISTORY_METHOD_TOURNAMENT","SCENARIO_ONLY_UNLESS_FUTURE_DIRECT_VALIDATION","SCENARIO_ONLY_UNLESS_FUTURE_DIRECT_VALIDATION","False","False","False","False","False","False"
"SL-F46976B12ECA22","Drop: City Styles - Traditional Foil Edition — Foil Edition","480467","REGISTRY_READY","foil","traditional_foil","drop","individual_drop","TCG_MARKET_PRICE_AUTHORIZED_V1","254.42","368.99","400","699.99","False","31","31","2024-02-08","2026-07-23","896","True","False","False","ESTABLISHED_1Y_TOURNAMENT_CANDIDATE","DIRECT_TEMPORAL_OOS_TOURNAMENT","SCENARIO_ONLY_UNLESS_FUTURE_DIRECT_VALIDATION","SCENARIO_ONLY_UNLESS_FUTURE_DIRECT_VALIDATION","False","False","False","False","False","False"
"SL-F4935DE607204D","Drop: Festival in a Box Atlanta 2025 Bundle — Standard Edition","648635","REGISTRY_READY","unknown","unknown","festival in a box","festival_in_a_box","TCG_MARKET_PRICE_AUTHORIZED_V1","385.58","394.99","449.98","500","False","1","1","2026-07-23","2026-07-23","0","False","False","False","SHORT_HISTORY_TOURNAMENT_CANDIDATE","SHORT_HISTORY_METHOD_TOURNAMENT","SCENARIO_ONLY_UNLESS_FUTURE_DIRECT_VALIDATION","SCENARIO_ONLY_UNLESS_FUTURE_DIRECT_VALIDATION","False","False","False","False","False","False"
"SL-F4A97CEA3A7C1C","x FINAL FANTASY: Weapons - Rainbow Foil Edition — Foil Edition","637477","REGISTRY_READY","foil","rainbow_foil","drop","individual_drop","TCG_MARKET_PRICE_AUTHORIZED_V1","112.63","110","125","300","False","14","14","2025-07-01","2026-07-23","387","True","False","False","ESTABLISHED_1Y_TOURNAMENT_CANDIDATE","DIRECT_TEMPORAL_OOS_TOURNAMENT","SCENARIO_ONLY_UNLESS_FUTURE_DIRECT_VALIDATION","SCENARIO_ONLY_UNLESS_FUTURE_DIRECT_VALIDATION","False","False","False","False","False","False"
"SL-F4DBBBEC3CFEB4","Drop: Our Boss is on Vacation Superdrop: Spongebob Squarepants: Legends of Bikini Bottom - Rainbow Foil Edition — Foil Edition","624707","REGISTRY_READY","foil","rainbow_foil","drop","individual_drop","TCG_MARKET_PRICE_AUTHORIZED_V1","91.62","131.45","187.49","500","False","17","17","2025-04-01","2026-07-23","478","True","False","False","ESTABLISHED_1Y_TOURNAMENT_CANDIDATE","DIRECT_TEMPORAL_OOS_TOURNAMENT","SCENARIO_ONLY_UNLESS_FUTURE_DIRECT_VALIDATION","SCENARIO_ONLY_UNLESS_FUTURE_DIRECT_VALIDATION","False","False","False","False","False","False"
"SL-F546FBC2EE4D47","Drop: Ferocious Foil Bundle — Foil Edition","251741","REGISTRY_READY","foil","foil_unspecified","bundle","bundle","NO_PRODUCTION_CURRENT_MARKET_PRICE","","","","","False","0","0","","","0","False","False","False","CURRENT_AND_HISTORY_EVIDENCE_GAP","NO_1Y_PRODUCTION_FORECAST_UNTIL_EVIDENCE_AVAILABLE","SCENARIO_ONLY_UNLESS_FUTURE_DIRECT_VALIDATION","SCENARIO_ONLY_UNLESS_FUTURE_DIRECT_VALIDATION","False","False","False","False","False","False"
"SL-F5C7D5AC423EC1","Drop: Secretversary Superdrop 2023: Jungle Bundle - Foil Edition — Foil Edition","528409","REGISTRY_READY","foil","foil_unspecified","bundle","bundle","NO_PRODUCTION_CURRENT_MARKET_PRICE","","","","","False","0","0","","","0","False","False","False","CURRENT_AND_HISTORY_EVIDENCE_GAP","NO_1Y_PRODUCTION_FORECAST_UNTIL_EVIDENCE_AVAILABLE","SCENARIO_ONLY_UNLESS_FUTURE_DIRECT_VALIDATION","SCENARIO_ONLY_UNLESS_FUTURE_DIRECT_VALIDATION","False","False","False","False","False","False"
"SL-F5FC37E9763B7C","Drop: Transformers Non-Foil Bundle — Nonfoil Edition","456552","REGISTRY_READY","nonfoil","nonfoil","bundle","bundle","NO_PRODUCTION_CURRENT_MARKET_PRICE","","","","","False","0","0","","","0","False","False","False","CURRENT_AND_HISTORY_EVIDENCE_GAP","NO_1Y_PRODUCTION_FORECAST_UNTIL_EVIDENCE_AVAILABLE","SCENARIO_ONLY_UNLESS_FUTURE_DIRECT_VALIDATION","SCENARIO_ONLY_UNLESS_FUTURE_DIRECT_VALIDATION","False","False","False","False","False","False"
"SL-F638B39456864F","Drop: Black is Magic - Non-Foil Edition — Nonfoil Edition","232574","REGISTRY_READY","nonfoil","nonfoil","drop","individual_drop","TCG_MARKET_PRICE_AUTHORIZED_V1","55.64","45.49","63.1","159.99","False","31","31","2024-02-08","2026-07-23","896","True","False","False","ESTABLISHED_1Y_TOURNAMENT_CANDIDATE","DIRECT_TEMPORAL_OOS_TOURNAMENT","SCENARIO_ONLY_UNLESS_FUTURE_DIRECT_VALIDATION","SCENARIO_ONLY_UNLESS_FUTURE_DIRECT_VALIDATION","False","False","False","False","False","False"
"SL-F66DFA42E52417","Drop: Winter Superdrop 2025: Survival-Grade Foils Bundle — Foil Edition","618117","REGISTRY_READY","foil","foil_unspecified","bundle","bundle","NO_PRODUCTION_CURRENT_MARKET_PRICE","","599.94","599.94","599.94","False","0","0","","","0","False","False","False","CURRENT_AND_HISTORY_EVIDENCE_GAP","NO_1Y_PRODUCTION_FORECAST_UNTIL_EVIDENCE_AVAILABLE","SCENARIO_ONLY_UNLESS_FUTURE_DIRECT_VALIDATION","SCENARIO_ONLY_UNLESS_FUTURE_DIRECT_VALIDATION","False","False","False","False","False","False"
"SL-F6CE9EEE501707","x The Last of Us Part II - Non-Foil Edition — Nonfoil Edition","658348","REGISTRY_READY","nonfoil","nonfoil","drop","individual_drop","TCG_MARKET_PRICE_AUTHORIZED_V1","25.46","23.42","44.79","100","False","9","9","2025-12-01","2026-07-23","234","False","False","False","SHORT_HISTORY_TOURNAMENT_CANDIDATE","SHORT_HISTORY_METHOD_TOURNAMENT","SCENARIO_ONLY_UNLESS_FUTURE_DIRECT_VALIDATION","SCENARIO_ONLY_UNLESS_FUTURE_DIRECT_VALIDATION","False","False","False","False","False","False"
"SL-F70A9FB130F172","Drop: Just Add Milk - Traditional Foil Edition — Foil Edition","456549","REGISTRY_READY","foil","traditional_foil","drop","individual_drop","TCG_MARKET_PRICE_AUTHORIZED_V1","67","61.98","84.99","173.99","False","31","31","2024-02-08","2026-07-23","896","True","False","False","ESTABLISHED_1Y_TOURNAMENT_CANDIDATE","DIRECT_TEMPORAL_OOS_TOURNAMENT","SCENARIO_ONLY_UNLESS_FUTURE_DIRECT_VALIDATION","SCENARIO_ONLY_UNLESS_FUTURE_DIRECT_VALIDATION","False","False","False","False","False","False"
"SL-F7BF46E86FD15C","Drop: Big Non-Foil Bundle — Nonfoil Edition","450515","REGISTRY_READY","nonfoil","nonfoil","bundle","bundle","NO_PRODUCTION_CURRENT_MARKET_PRICE","","","","","False","0","0","","","0","False","False","False","CURRENT_AND_HISTORY_EVIDENCE_GAP","NO_1Y_PRODUCTION_FORECAST_UNTIL_EVIDENCE_AVAILABLE","SCENARIO_ONLY_UNLESS_FUTURE_DIRECT_VALIDATION","SCENARIO_ONLY_UNLESS_FUTURE_DIRECT_VALIDATION","False","False","False","False","False","False"
"SL-F7E159B4E7D922","Drop: Spring Superdrop 2024: Outlaws of Thunder Junction Bundle - Non-Foil Edition — Nonfoil Edition","551419","REGISTRY_READY","nonfoil","nonfoil","bundle","bundle","NO_PRODUCTION_CURRENT_MARKET_PRICE","","299.94","299.94","299.94","False","13","13","2025-02-01","2026-02-01","365","True","False","False","ESTABLISHED_1Y_TOURNAMENT_CANDIDATE","DIRECT_TEMPORAL_OOS_TOURNAMENT","SCENARIO_ONLY_UNLESS_FUTURE_DIRECT_VALIDATION","SCENARIO_ONLY_UNLESS_FUTURE_DIRECT_VALIDATION","False","False","False","False","False","False"
"SL-F7E2916CEC3366","Drop: Camp Totally Safe Superdrop: Hatsune Miku: Electric Entourage Bundle — Standard Edition","584515","REGISTRY_READY","unknown","unknown","bundle","bundle","TCG_MARKET_PRICE_AUTHORIZED_V1","194.25","345.69","348.5","350","False","1","1","2026-07-23","2026-07-23","0","False","False","False","SHORT_HISTORY_TOURNAMENT_CANDIDATE","SHORT_HISTORY_METHOD_TOURNAMENT","SCENARIO_ONLY_UNLESS_FUTURE_DIRECT_VALIDATION","SCENARIO_ONLY_UNLESS_FUTURE_DIRECT_VALIDATION","False","False","False","False","False","False"
"SL-F8091FD6F7CD83","Drop: Astrology Lands (Gemini) Bundle - Traditional Foil Edition — Foil Edition","279232","REGISTRY_READY","foil","traditional_foil","bundle","bundle","NO_PRODUCTION_CURRENT_MARKET_PRICE","","","","","False","1","1","2024-03-01","2024-03-01","0","False","False","False","SHORT_HISTORY_TOURNAMENT_CANDIDATE","SHORT_HISTORY_METHOD_TOURNAMENT","SCENARIO_ONLY_UNLESS_FUTURE_DIRECT_VALIDATION","SCENARIO_ONLY_UNLESS_FUTURE_DIRECT_VALIDATION","False","False","False","False","False","False"
"SL-F8130EF2307D5F","Drop: Two Scoops - The Vanilla Business, Chocolate Party Bundle — Standard Edition","693580","REGISTRY_READY","unknown","unknown","bundle","bundle","NO_PRODUCTION_CURRENT_MARKET_PRICE","","159","172.85","179.69","False","0","0","","","0","False","False","False","CURRENT_AND_HISTORY_EVIDENCE_GAP","NO_1Y_PRODUCTION_FORECAST_UNTIL_EVIDENCE_AVAILABLE","SCENARIO_ONLY_UNLESS_FUTURE_DIRECT_VALIDATION","SCENARIO_ONLY_UNLESS_FUTURE_DIRECT_VALIDATION","False","False","False","False","False","False"
"SL-F87B4FFB3CCD49","Drop: Secret Lair x Marvel's Spider-Man: Venom Unleashed (Inks) - Non-Foil Edition — Nonfoil Edition","653124","REGISTRY_READY","nonfoil","nonfoil","drop","individual_drop","TCG_MARKET_PRICE_AUTHORIZED_V1","37.51","36","49.99","100","False","11","11","2025-10-01","2026-07-23","295","False","False","False","SHORT_HISTORY_TOURNAMENT_CANDIDATE","SHORT_HISTORY_METHOD_TOURNAMENT","SCENARIO_ONLY_UNLESS_FUTURE_DIRECT_VALIDATION","SCENARIO_ONLY_UNLESS_FUTURE_DIRECT_VALIDATION","False","False","False","False","False","False"
"SL-F886C775F2D753","Drop: Featuring: Mitsuhiro Arita - Rainbow Foil Edition — Foil Edition","618105","REGISTRY_READY","foil","rainbow_foil","drop","individual_drop","TCG_MARKET_PRICE_AUTHORIZED_V1","34.08","34.08","55","150","False","17","17","2025-04-01","2026-07-23","478","True","False","False","ESTABLISHED_1Y_TOURNAMENT_CANDIDATE","DIRECT_TEMPORAL_OOS_TOURNAMENT","SCENARIO_ONLY_UNLESS_FUTURE_DIRECT_VALIDATION","SCENARIO_ONLY_UNLESS_FUTURE_DIRECT_VALIDATION","False","False","False","False","False","False"
"SL-F8A34E5202D218","Drop: Secret Lair x Brain Dead: New Earth Mentality - Non-Foil Edition — Nonfoil Edition","680611","REGISTRY_READY","nonfoil","nonfoil","drop","individual_drop","TCG_MARKET_PRICE_AUTHORIZED_V1","42.46","42.92","64.5","119.87","False","6","6","2026-03-01","2026-07-23","144","False","False","False","SHORT_HISTORY_TOURNAMENT_CANDIDATE","SHORT_HISTORY_METHOD_TOURNAMENT","SCENARIO_ONLY_UNLESS_FUTURE_DIRECT_VALIDATION","SCENARIO_ONLY_UNLESS_FUTURE_DIRECT_VALIDATION","False","False","False","False","False","False"
"SL-F960B8C972DDE8","x Furby: Doo-ay Noo-lah - Confetti Foil Edition — Foil Edition","656357","REGISTRY_READY","foil","foil_unspecified","drop","individual_drop","TCG_MARKET_PRICE_AUTHORIZED_V1","93.34","82.09","99.99","299","False","10","10","2025-11-01","2026-07-23","264","False","False","False","SHORT_HISTORY_TOURNAMENT_CANDIDATE","SHORT_HISTORY_METHOD_TOURNAMENT","SCENARIO_ONLY_UNLESS_FUTURE_DIRECT_VALIDATION","SCENARIO_ONLY_UNLESS_FUTURE_DIRECT_VALIDATION","False","False","False","False","False","False"
"SL-F97114C3F34013","Drop: February Superdrop - Full-of-Foils Bundle — Foil Edition","267765","REGISTRY_READY","foil","foil_unspecified","bundle","bundle","NO_PRODUCTION_CURRENT_MARKET_PRICE","","449.99","449.99","449.99","False","11","11","2025-01-01","2025-11-01","304","False","False","False","SHORT_HISTORY_TOURNAMENT_CANDIDATE","SHORT_HISTORY_METHOD_TOURNAMENT","SCENARIO_ONLY_UNLESS_FUTURE_DIRECT_VALIDATION","SCENARIO_ONLY_UNLESS_FUTURE_DIRECT_VALIDATION","False","False","False","False","False","False"
"SL-F9C826AE302BF4","Drop: This One Goes Out To My Everything Bundle — Standard Edition","514917","REGISTRY_READY","unknown","unknown","bundle","bundle","NO_PRODUCTION_CURRENT_MARKET_PRICE","","","","","False","0","0","","","0","False","False","False","CURRENT_AND_HISTORY_EVIDENCE_GAP","NO_1Y_PRODUCTION_FORECAST_UNTIL_EVIDENCE_AVAILABLE","SCENARIO_ONLY_UNLESS_FUTURE_DIRECT_VALIDATION","SCENARIO_ONLY_UNLESS_FUTURE_DIRECT_VALIDATION","False","False","False","False","False","False"
"SL-F9E21EA0D52C4A","Drop: Spring Superdrop 2024: Outlaws of Thunder Junction Bundle - Foil Edition — Foil Edition","551417","REGISTRY_READY","foil","foil_unspecified","bundle","bundle","NO_PRODUCTION_CURRENT_MARKET_PRICE","","","","","False","14","14","2024-07-01","2026-05-01","669","True","False","False","ESTABLISHED_1Y_TOURNAMENT_CANDIDATE","DIRECT_TEMPORAL_OOS_TOURNAMENT","SCENARIO_ONLY_UNLESS_FUTURE_DIRECT_VALIDATION","SCENARIO_ONLY_UNLESS_FUTURE_DIRECT_VALIDATION","False","False","False","False","False","False"
"SL-FA32CF1A49D1D5","Drop: Notebook Genius - Traditional Foil Edition — Foil Edition","691196","REGISTRY_READY","foil","traditional_foil","drop","individual_drop","TCG_MARKET_PRICE_AUTHORIZED_V1","58.17","50.95","66.73","174.99","False","0","0","","","0","False","False","False","CURRENT_PRICE_ONLY_NEW_PRODUCT_CANDIDATE","NEW_PRODUCT_FALLBACK_METHOD_TOURNAMENT","SCENARIO_ONLY_UNLESS_FUTURE_DIRECT_VALIDATION","SCENARIO_ONLY_UNLESS_FUTURE_DIRECT_VALIDATION","False","False","False","False","False","False"
"SL-FA3D9482741C16","Drop: Black is Magic - Traditional Foil Edition — Foil Edition","232573","REGISTRY_READY","foil","traditional_foil","drop","individual_drop","TCG_MARKET_PRICE_AUTHORIZED_V1","63.42","55","74.88","199.99","False","31","31","2024-02-08","2026-07-23","896","True","False","False","ESTABLISHED_1Y_TOURNAMENT_CANDIDATE","DIRECT_TEMPORAL_OOS_TOURNAMENT","SCENARIO_ONLY_UNLESS_FUTURE_DIRECT_VALIDATION","SCENARIO_ONLY_UNLESS_FUTURE_DIRECT_VALIDATION","False","False","False","False","False","False"
"SL-FA6223566C7B76","x NALAC Drop: Nuestra Magia (Rainbow Foil) — Foil Edition","636316","REGISTRY_READY","foil","rainbow_foil","drop","individual_drop","TCG_MARKET_PRICE_AUTHORIZED_V1","74.47","70","80","148.72","False","14","14","2025-07-01","2026-07-23","387","True","False","False","ESTABLISHED_1Y_TOURNAMENT_CANDIDATE","DIRECT_TEMPORAL_OOS_TOURNAMENT","SCENARIO_ONLY_UNLESS_FUTURE_DIRECT_VALIDATION","SCENARIO_ONLY_UNLESS_FUTURE_DIRECT_VALIDATION","False","False","False","False","False","False"
"SL-FA7A7EE1991025","Drop: Inside an Elevator Superdrop: Awkward Small Talk Bundle - Non-Foil Edition — Nonfoil Edition","561529","REGISTRY_READY","nonfoil","nonfoil","bundle","bundle","NO_PRODUCTION_CURRENT_MARKET_PRICE","","599.94","599.94","599.94","False","12","12","2024-10-01","2026-03-01","516","True","False","False","ESTABLISHED_1Y_TOURNAMENT_CANDIDATE","DIRECT_TEMPORAL_OOS_TOURNAMENT","SCENARIO_ONLY_UNLESS_FUTURE_DIRECT_VALIDATION","SCENARIO_ONLY_UNLESS_FUTURE_DIRECT_VALIDATION","False","False","False","False","False","False"
"SL-FA7D6580C34737","Drop: Winter Superdrop 2024: All the Sweet Foils Bundle — Foil Edition","537665","REGISTRY_READY","foil","foil_unspecified","bundle","bundle","NO_PRODUCTION_CURRENT_MARKET_PRICE","","899.94","899.94","899.94","False","4","4","2024-05-01","2024-12-01","214","False","False","False","SHORT_HISTORY_TOURNAMENT_CANDIDATE","SHORT_HISTORY_METHOD_TOURNAMENT","SCENARIO_ONLY_UNLESS_FUTURE_DIRECT_VALIDATION","SCENARIO_ONLY_UNLESS_FUTURE_DIRECT_VALIDATION","False","False","False","False","False","False"
"SL-FB01410D9F3250","Drop: Secret Lair x Hatsune Miku: Electric Entourage EN - Rainbow Foil Edition — Foil Edition","584520","REGISTRY_READY","foil","rainbow_foil","drop","individual_drop","TCG_MARKET_PRICE_AUTHORIZED_V1","127","128.98","159.69","300","False","22","22","2024-11-01","2026-07-23","629","True","False","False","ESTABLISHED_1Y_TOURNAMENT_CANDIDATE","DIRECT_TEMPORAL_OOS_TOURNAMENT","SCENARIO_ONLY_UNLESS_FUTURE_DIRECT_VALIDATION","SCENARIO_ONLY_UNLESS_FUTURE_DIRECT_VALIDATION","False","False","False","False","False","False"
"SL-FB1E1566446236","Drop: Poker Faces - Non-Foil Edition — Nonfoil Edition","551452","REGISTRY_READY","nonfoil","nonfoil","drop","individual_drop","TCG_MARKET_PRICE_AUTHORIZED_V1","32.99","27.99","44.47","88","False","26","26","2024-07-01","2026-07-23","752","True","False","False","ESTABLISHED_1Y_TOURNAMENT_CANDIDATE","DIRECT_TEMPORAL_OOS_TOURNAMENT","SCENARIO_ONLY_UNLESS_FUTURE_DIRECT_VALIDATION","SCENARIO_ONLY_UNLESS_FUTURE_DIRECT_VALIDATION","False","False","False","False","False","False"
"SL-FB1FECB0690176","Drop: Pixel Perfect: Extra Life 2024 - Rainbow Foil Edition — Foil Edition","586953","REGISTRY_READY","foil","rainbow_foil","drop","individual_drop","TCG_MARKET_PRICE_AUTHORIZED_V1","80.13","70","95","300","False","22","22","2024-11-01","2026-07-23","629","True","False","False","ESTABLISHED_1Y_TOURNAMENT_CANDIDATE","DIRECT_TEMPORAL_OOS_TOURNAMENT","SCENARIO_ONLY_UNLESS_FUTURE_DIRECT_VALIDATION","SCENARIO_ONLY_UNLESS_FUTURE_DIRECT_VALIDATION","False","False","False","False","False","False"
"SL-FB8F41B5698E85","Drop: Festival in a Box Amsterdam 2026 Bundle — Standard Edition","703900","REGISTRY_READY","unknown","unknown","festival in a box","festival_in_a_box","TCG_MARKET_PRICE_AUTHORIZED_V1","315.6","300","365","899.99","False","1","1","2026-07-23","2026-07-23","0","False","False","False","SHORT_HISTORY_TOURNAMENT_CANDIDATE","SHORT_HISTORY_METHOD_TOURNAMENT","SCENARIO_ONLY_UNLESS_FUTURE_DIRECT_VALIDATION","SCENARIO_ONLY_UNLESS_FUTURE_DIRECT_VALIDATION","False","False","False","False","False","False"
"SL-FBADB7587BFD9A","Astrology Lands (Pisces) Bundle - Traditional Foil Edition — Foil Edition","279299","REGISTRY_READY","foil","traditional_foil","bundle","bundle","NO_PRODUCTION_CURRENT_MARKET_PRICE","","","","","False","1","1","2024-03-01","2024-03-01","0","False","False","False","SHORT_HISTORY_TOURNAMENT_CANDIDATE","SHORT_HISTORY_METHOD_TOURNAMENT","SCENARIO_ONLY_UNLESS_FUTURE_DIRECT_VALIDATION","SCENARIO_ONLY_UNLESS_FUTURE_DIRECT_VALIDATION","False","False","False","False","False","False"
"SL-FC44F373482E68","Drop: Secret Lair x Marvel's Iron Man - Rainbow Foil Edition — Foil Edition","592067","REGISTRY_READY","foil","rainbow_foil","drop","individual_drop","TCG_MARKET_PRICE_AUTHORIZED_V1","94.84","89.99","100","500","False","21","21","2024-12-01","2026-07-23","599","True","False","False","ESTABLISHED_1Y_TOURNAMENT_CANDIDATE","DIRECT_TEMPORAL_OOS_TOURNAMENT","SCENARIO_ONLY_UNLESS_FUTURE_DIRECT_VALIDATION","SCENARIO_ONLY_UNLESS_FUTURE_DIRECT_VALIDATION","False","False","False","False","False","False"
"SL-FC508070AC9ECD","Drop: Our Boss is on Vacation Superdrop: Twisted Toons - Rainbow Foil Edition — Foil Edition","624714","REGISTRY_READY","foil","rainbow_foil","drop","individual_drop","TCG_MARKET_PRICE_AUTHORIZED_V1","84.67","83","87.53","300","False","17","17","2025-04-01","2026-07-23","478","True","False","False","ESTABLISHED_1Y_TOURNAMENT_CANDIDATE","DIRECT_TEMPORAL_OOS_TOURNAMENT","SCENARIO_ONLY_UNLESS_FUTURE_DIRECT_VALIDATION","SCENARIO_ONLY_UNLESS_FUTURE_DIRECT_VALIDATION","False","False","False","False","False","False"
"SL-FCAEA5C157AA2D","Drop: Secret Lair x Hatsune Miku: Sakura Superstar EN - Non-Foil Edition — Nonfoil Edition","551438","REGISTRY_READY","nonfoil","nonfoil","drop","individual_drop","TCG_MARKET_PRICE_AUTHORIZED_V1","160.41","193.99","224.44","249.99","False","27","27","2024-06-01","2026-07-23","782","True","False","False","ESTABLISHED_1Y_TOURNAMENT_CANDIDATE","DIRECT_TEMPORAL_OOS_TOURNAMENT","SCENARIO_ONLY_UNLESS_FUTURE_DIRECT_VALIDATION","SCENARIO_ONLY_UNLESS_FUTURE_DIRECT_VALIDATION","False","False","False","False","False","False"
"SL-FD327F76CA9BCB","Drop: Astrology Lands (Aquarius) - Traditional Foil Edition — Foil Edition","279188","REGISTRY_READY","foil","traditional_foil","drop","individual_drop","TCG_MARKET_PRICE_AUTHORIZED_V1","42.5","40","62.99","83.99","False","31","31","2024-02-08","2026-07-23","896","True","False","False","ESTABLISHED_1Y_TOURNAMENT_CANDIDATE","DIRECT_TEMPORAL_OOS_TOURNAMENT","SCENARIO_ONLY_UNLESS_FUTURE_DIRECT_VALIDATION","SCENARIO_ONLY_UNLESS_FUTURE_DIRECT_VALIDATION","False","False","False","False","False","False"
"SL-FD569236BFC307","Drop: Artist Series: Volkan Baga - Traditional Foil Edition — Foil Edition","275798","REGISTRY_READY","foil","traditional_foil","drop","individual_drop","TCG_MARKET_PRICE_AUTHORIZED_V1","27.24","29.56","58.47","95.94","False","31","31","2024-02-08","2026-07-23","896","True","False","False","ESTABLISHED_1Y_TOURNAMENT_CANDIDATE","DIRECT_TEMPORAL_OOS_TOURNAMENT","SCENARIO_ONLY_UNLESS_FUTURE_DIRECT_VALIDATION","SCENARIO_ONLY_UNLESS_FUTURE_DIRECT_VALIDATION","False","False","False","False","False","False"
"SL-FD7EED45ECCFC6","Drop: Through the Wormhole - Galaxy Foil Edition — Foil Edition","528407","REGISTRY_READY","foil","galaxy_foil","drop","individual_drop","TCG_MARKET_PRICE_AUTHORIZED_V1","401.23","399.99","449.99","1420.69","False","31","31","2024-02-08","2026-07-23","896","True","False","False","ESTABLISHED_1Y_TOURNAMENT_CANDIDATE","DIRECT_TEMPORAL_OOS_TOURNAMENT","SCENARIO_ONLY_UNLESS_FUTURE_DIRECT_VALIDATION","SCENARIO_ONLY_UNLESS_FUTURE_DIRECT_VALIDATION","False","False","False","False","False","False"
"SL-FDA8FA789BE3A1","Drop: Secret Lair x Fortnite: Landmarks and Locations - Non-Foil Edition — Nonfoil Edition","279337","REGISTRY_READY","nonfoil","nonfoil","drop","individual_drop","TCG_MARKET_PRICE_AUTHORIZED_V1","48.93","44.99","49.9","71.94","False","31","31","2024-02-08","2026-07-23","896","True","False","False","ESTABLISHED_1Y_TOURNAMENT_CANDIDATE","DIRECT_TEMPORAL_OOS_TOURNAMENT","SCENARIO_ONLY_UNLESS_FUTURE_DIRECT_VALIDATION","SCENARIO_ONLY_UNLESS_FUTURE_DIRECT_VALIDATION","False","False","False","False","False","False"
"SL-FDAA65C601D268","Drop: Our Boss is on Vacation Superdrop: Spongebob Squarepants Bundle - Non-Foil Edition — Nonfoil Edition","624750","REGISTRY_READY","nonfoil","nonfoil","bundle","bundle","TCG_MARKET_PRICE_AUTHORIZED_V1","250.2","254.6","269.64","550","False","17","17","2025-04-01","2026-07-23","478","True","False","False","ESTABLISHED_1Y_TOURNAMENT_CANDIDATE","DIRECT_TEMPORAL_OOS_TOURNAMENT","SCENARIO_ONLY_UNLESS_FUTURE_DIRECT_VALIDATION","SCENARIO_ONLY_UNLESS_FUTURE_DIRECT_VALIDATION","False","False","False","False","False","False"
"SL-FE0F8BC07F7E66","x Play-Doh: Squishful Thinking: Extra Life 2025 - Non-Foil Edition — Nonfoil Edition","655503","REGISTRY_READY","nonfoil","nonfoil","drop","individual_drop","TCG_MARKET_PRICE_AUTHORIZED_V1","50","58","66.98","99.99","False","9","9","2025-12-01","2026-07-23","234","False","False","False","SHORT_HISTORY_TOURNAMENT_CANDIDATE","SHORT_HISTORY_METHOD_TOURNAMENT","SCENARIO_ONLY_UNLESS_FUTURE_DIRECT_VALIDATION","SCENARIO_ONLY_UNLESS_FUTURE_DIRECT_VALIDATION","False","False","False","False","False","False"
"SL-FEA5D283ED723B","Drop: Secret Lair x Marvel: Spinner Rack Specials - Traditional Foil Edition — Foil Edition","704154","REGISTRY_READY","foil","traditional_foil","drop","individual_drop","TCG_MARKET_PRICE_AUTHORIZED_V1","77.43","61","74.95","225","False","0","0","","","0","False","False","False","CURRENT_PRICE_ONLY_NEW_PRODUCT_CANDIDATE","NEW_PRODUCT_FALLBACK_METHOD_TOURNAMENT","SCENARIO_ONLY_UNLESS_FUTURE_DIRECT_VALIDATION","SCENARIO_ONLY_UNLESS_FUTURE_DIRECT_VALIDATION","False","False","False","False","False","False"
"SL-FEE4D099100C1B","x FINAL FANTASY: Grimoire - JP Non-Foil Edition — Nonfoil Edition","637472","REGISTRY_READY","nonfoil","nonfoil","drop","individual_drop","TCG_MARKET_PRICE_AUTHORIZED_V1","40.7","40","54.97","76.3","False","0","0","","","0","False","False","False","CURRENT_PRICE_ONLY_NEW_PRODUCT_CANDIDATE","NEW_PRODUCT_FALLBACK_METHOD_TOURNAMENT","SCENARIO_ONLY_UNLESS_FUTURE_DIRECT_VALIDATION","SCENARIO_ONLY_UNLESS_FUTURE_DIRECT_VALIDATION","False","False","False","False","False","False"
"SL-FF8B50F46CBD31","Drop: Secret Lair x Fallout: Rad - Non-Foil Edition — Nonfoil Edition","673782","REGISTRY_READY","nonfoil","nonfoil","drop","individual_drop","TCG_MARKET_PRICE_AUTHORIZED_V1","46.06","40","59.99","145.69","False","6","6","2026-03-01","2026-07-23","144","False","False","False","SHORT_HISTORY_TOURNAMENT_CANDIDATE","SHORT_HISTORY_METHOD_TOURNAMENT","SCENARIO_ONLY_UNLESS_FUTURE_DIRECT_VALIDATION","SCENARIO_ONLY_UNLESS_FUTURE_DIRECT_VALIDATION","False","False","False","False","False","False"
"SL-FFA400FF14BF49","Drop: Secret Lair x Fallout: S.P.E.C.I.A.L. - Rainbow Foil Edition — Foil Edition","545712","REGISTRY_READY","foil","rainbow_foil","drop","individual_drop","TCG_MARKET_PRICE_AUTHORIZED_V1","163.14","164.95","174.39","299","False","28","28","2024-05-01","2026-07-23","813","True","False","False","ESTABLISHED_1Y_TOURNAMENT_CANDIDATE","DIRECT_TEMPORAL_OOS_TOURNAMENT","SCENARIO_ONLY_UNLESS_FUTURE_DIRECT_VALIDATION","SCENARIO_ONLY_UNLESS_FUTURE_DIRECT_VALIDATION","False","False","False","False","False","False"
"SL-FFE26A78CDDB2A","Drop: Secret Lair x Doctor Who: Regeneration - Traditional Foil Edition — Foil Edition","530780","REGISTRY_READY","foil","traditional_foil","drop","individual_drop","TCG_MARKET_PRICE_AUTHORIZED_V1","265.01","297.99","300","1069.98","False","31","31","2024-02-08","2026-07-23","896","True","False","False","ESTABLISHED_1Y_TOURNAMENT_CANDIDATE","DIRECT_TEMPORAL_OOS_TOURNAMENT","SCENARIO_ONLY_UNLESS_FUTURE_DIRECT_VALIDATION","SCENARIO_ONLY_UNLESS_FUTURE_DIRECT_VALIDATION","False","False","False","False","False","False"
