"canonical_product_name","product_classes","identity_count","canonical_product_ids","authoritative_matches","total_ledger_rows"
"Drop: Trick or Treat - Rainbow Foil Edition ? Foil Edition","SECRET_LAIR","2","MTG:SECRET_LAIR:SL-9CD93C9989F563|SL-9CD93C9989F563","2","33"
"Roadshow Edition: Li'l Giri Saves the Day - Traditional Foil Edition ? Foil Edition","SECRET_LAIR","2","MTG:SECRET_LAIR:SL-9CD3BAD93DA107|SL-9CD3BAD93DA107","2","50"
"Drop: Dreaming Darkly - Rainbow Foil Edition ? Foil Edition","SECRET_LAIR","2","MTG:SECRET_LAIR:SL-9BC9B71A47DED5|SL-9BC9B71A47DED5","2","20"
"Drop: Summer Superdrop 2024: Virtuoso Bundle - Non-Foil Edition ? Nonfoil Edition","SECRET_LAIR","2","MTG:SECRET_LAIR:SL-9EA2580F2EEDC6|SL-9EA2580F2EEDC6","2","14"
"Drop: Secret Lair x Dungeons & Dragons: Black Lights & Dark Dungeons - Non-Foil Edition ? Nonfoil Edition","SECRET_LAIR","2","MTG:SECRET_LAIR:SL-9FDDEAE495C5DE|SL-9FDDEAE495C5DE","2","19"
"Drop: Li'l'est Walkers - Rainbow Foil Edition ? Foil Edition","SECRET_LAIR","2","MTG:SECRET_LAIR:SL-9F2EA943C39F55|SL-9F2EA943C39F55","2","39"
"Drop: Secret Lair x Marvel's Storm - Rainbow Foil Edition ? Foil Edition","SECRET_LAIR","2","MTG:SECRET_LAIR:SL-9EDDAD28E6FDFB|SL-9EDDAD28E6FDFB","2","31"
"Drop: Absolute Annihilation - Traditional Foil Edition ? Foil Edition","SECRET_LAIR","2","MTG:SECRET_LAIR:SL-9962EA8B669B4F|SL-9962EA8B669B4F","2","39"
"Drop: Aether Drifters - Traditional Foil Edition ? Foil Edition","SECRET_LAIR","2","MTG:SECRET_LAIR:SL-9956C343D188B0|SL-9956C343D188B0","2","27"
"Drop: Teferi's Time Trouble - Non-Foil Edition ? Nonfoil Edition","SECRET_LAIR","2","MTG:SECRET_LAIR:SL-98B49C340237E2|SL-98B49C340237E2","2","74"
"Drop: Showcase: Zendikar Revisited - Non-Foil Edition ? Nonfoil Edition","SECRET_LAIR","2","MTG:SECRET_LAIR:SL-9A20B1803ACEFF|SL-9A20B1803ACEFF","2","54"
"x Playstation Superdrop: Non-Foil Trophy Bundle ? Nonfoil Edition","SECRET_LAIR","2","MTG:SECRET_LAIR:SL-9B1071444456CB|SL-9B1071444456CB","2","44"
"Drop: Special Guest: Fiona Staples - Traditional Foil Edition ? Foil Edition","SECRET_LAIR","2","MTG:SECRET_LAIR:SL-9A70751B3B58BD|SL-9A70751B3B58BD","2","73"
"Drop: Artist Series: Jesper Ejsing - Non-Foil Edition ? Nonfoil Edition","SECRET_LAIR","2","MTG:SECRET_LAIR:SL-9A6EF28EECF2DC|SL-9A6EF28EECF2DC","2","27"
"Drop: Theros Stargazing: Vol.III (Erebos) - Traditional Foil Edition ? Foil Edition","SECRET_LAIR","2","MTG:SECRET_LAIR:SL-A2E8FE14360AF9|SL-A2E8FE14360AF9","2","81"
"Drop: Secret Lair x Marvel's Deadpool - Non-Foil Edition ? Nonfoil Edition","SECRET_LAIR","2","MTG:SECRET_LAIR:SL-A2CAA7DD3627FD|SL-A2CAA7DD3627FD","2","27"
"Drop: Our Boss is on Vacation Superdrop: Secret Lair High Class of '87 - Non-Foil Edition ? Nonfoil Edition","SECRET_LAIR","2","MTG:SECRET_LAIR:SL-A26DEC91D98CFF|SL-A26DEC91D98CFF","2","24"
"Drop: Imaginary Friends - Non-Foil Edition ? Nonfoil Edition","SECRET_LAIR","2","MTG:SECRET_LAIR:SL-A4528679EBCD24|SL-A4528679EBCD24","2","40"
"Drop: Spring Superdrop 2024: All The Foils Are Blooming Bundle ? Foil Edition","SECRET_LAIR","2","MTG:SECRET_LAIR:SL-A4B37777A977B9|SL-A4B37777A977B9","2","20"
"Drop: Our Boss is on Vacation Superdrop: Spongebob Squarepants Bundle - Rainbow Foil Edition ? Foil Edition","SECRET_LAIR","2","MTG:SECRET_LAIR:SL-A47DB53641C91B|SL-A47DB53641C91B","2","22"
"Drop: Theros Stargazing: Vol.V (Nylea) - Traditional Foil Edition ? Foil Edition","SECRET_LAIR","2","MTG:SECRET_LAIR:SL-A461D1EB9128DC|SL-A461D1EB9128DC","2","75"
"Drop: Transformers: Roll Out or Rise Up - Non-Foil Edition ? Nonfoil Edition","SECRET_LAIR","2","MTG:SECRET_LAIR:SL-A0CEFE66D8D941|SL-A0CEFE66D8D941","2","48"
"Drop: Secret Lair x Teenage Mutant Ninja Turtles: The Last Ronin - Non-Foil Edition ? Nonfoil Edition","SECRET_LAIR","2","MTG:SECRET_LAIR:SL-A0A3FDF7E0BD6D|SL-A0A3FDF7E0BD6D","2","16"
"Drop: Secret Lair x My Little Pony: The Lands of Equestria - Non-Foil Edition ? Nonfoil Edition","SECRET_LAIR","2","MTG:SECRET_LAIR:SL-A000A22E459D28|SL-A000A22E459D28","2","12"
"Drop: Dogs Are Better Than Cats - Rainbow Foil Edition ? Foil Edition","SECRET_LAIR","2","MTG:SECRET_LAIR:SL-A0E13DA74146D6|SL-A0E13DA74146D6","2","26"
"Drop: Secret Lair x Creepshow - Traditional Foil Edition ? Foil Edition","SECRET_LAIR","2","MTG:SECRET_LAIR:SL-A1F9DC4DE016E1|SL-A1F9DC4DE016E1","2","45"
"Drop: Secret Lair x Dungeons & Dragons: Shadows Over Baldur?s Gate - Non-Foil Edition ? Nonfoil Edition","SECRET_LAIR","2","MTG:SECRET_LAIR:SL-A15A9EF8FFC0C3|SL-A15A9EF8FFC0C3","2","17"
"Ponies: The Galloping 2: Extra Life 2023 - Traditional Foil Edition ? Foil Edition","SECRET_LAIR","2","MTG:SECRET_LAIR:SL-A13BDE5A40E7C6|SL-A13BDE5A40E7C6","2","76"
"Drop: Secret Lair Drop: Extra Life 2021- Non-Foil Edition ? Nonfoil Edition","SECRET_LAIR","2","MTG:SECRET_LAIR:SL-945C1DB70B69C9|SL-945C1DB70B69C9","2","41"
"Drop: Meditations on Nature - Non-Foil Edition ? Nonfoil Edition","SECRET_LAIR","2","MTG:SECRET_LAIR:SL-93F3442047281C|SL-93F3442047281C","2","40"
"Drop: Adventures of the Little Witch - Rainbow Foil Edition ? Foil Edition","SECRET_LAIR","2","MTG:SECRET_LAIR:SL-93933272405D31|SL-93933272405D31","2","29"
"Drop: Artist Series: Magali Villeneuve - Non-Foil Edition ? Nonfoil Edition","SECRET_LAIR","2","MTG:SECRET_LAIR:SL-946D20169FB178|SL-946D20169FB178","2","39"
"Roadshow Edition: Burning Revelations - Rainbow Foil Edition ? Foil Edition","SECRET_LAIR","2","MTG:SECRET_LAIR:SL-9501FA347D3861|SL-9501FA347D3861","2","33"
"Drop: Featuring: Stan Sakai - Non-Foil Edition ? Nonfoil Edition","SECRET_LAIR","2","MTG:SECRET_LAIR:SL-94D47F07F61A0F|SL-94D47F07F61A0F","2","19"
"Drop: Secret Lair x Felix the Cat: Magic Bag of Tricks - Traditional Foil Edition ? Foil Edition","SECRET_LAIR","2","MTG:SECRET_LAIR:SL-94AFDF17C76C12|SL-94AFDF17C76C12","2","14"
"x Avatar: The Last Airbender: A Lot To Learn - Non-Foil Edition ? Nonfoil Edition","SECRET_LAIR","2","MTG:SECRET_LAIR:SL-91B8D55112E9C9|SL-91B8D55112E9C9","2","36"
"Drop: Featuring: Peach Momoko - Non-Foil Edition ? Nonfoil Edition","SECRET_LAIR","2","MTG:SECRET_LAIR:SL-9179B083C2914F|SL-9179B083C2914F","2","36"
"Drop: Inked - Rainbow Foil Edition ? Foil Edition","SECRET_LAIR","2","MTG:SECRET_LAIR:SL-90A9B91CE326E6|SL-90A9B91CE326E6","2","13"
"x Horizon: Into the Forbidden West - Non-Foil Edition ? Nonfoil Edition","SECRET_LAIR","2","MTG:SECRET_LAIR:SL-920AF504850AFD|SL-920AF504850AFD","2","49"
"Drop: Legendary Flyers (Not That Kind) - Traditional Foil Edition ? Foil Edition","SECRET_LAIR","2","MTG:SECRET_LAIR:SL-9354CD516531FE|SL-9354CD516531FE","2","31"
"Drop: Artist Series: Kieran Yanner - Rainbow Foil Edition ? Foil Edition","SECRET_LAIR","2","MTG:SECRET_LAIR:SL-934530AEA76C05|SL-934530AEA76C05","2","20"
"Drop: The Stars Gaze Back - Non-Foil Edition ? Nonfoil Edition","SECRET_LAIR","2","MTG:SECRET_LAIR:SL-92D9B3EFB117F4|SL-92D9B3EFB117F4","2","47"
"Drop: Secret Lair x Ghostbusters: The Real Ghostbusters - Rainbow Foil Edition ? Foil Edition","SECRET_LAIR","2","MTG:SECRET_LAIR:SL-9717333D02A391|SL-9717333D02A391","2","35"
"Drop: Showcase: Outlaws of Thunder Junction - Non-Foil Edition ? Nonfoil Edition","SECRET_LAIR","2","MTG:SECRET_LAIR:SL-97078E5D14EBE4|SL-97078E5D14EBE4","2","47"
"Drop: The Meaning of Life, Maybe - Non-Foil Edition ? Nonfoil Edition","SECRET_LAIR","2","MTG:SECRET_LAIR:SL-9704D4ABAC066A|SL-9704D4ABAC066A","2","40"
"Drop: Imaginary Friends - Traditional Foil Edition ? Foil Edition","SECRET_LAIR","2","MTG:SECRET_LAIR:SL-9762ED8DD0FDB9|SL-9762ED8DD0FDB9","2","41"
"Drop: Secret Lair x Fallout: Beyond Vault 33 - Non-Foil Edition ? Nonfoil Edition","SECRET_LAIR","2","MTG:SECRET_LAIR:SL-97E67435FE209E|SL-97E67435FE209E","2","21"
"Drop: Secret Lair x Dungeons & Dragons: Strahd?s Descent - Non-Foil Edition ? Nonfoil Edition","SECRET_LAIR","2","MTG:SECRET_LAIR:SL-97B83ADAA797E8|SL-97B83ADAA797E8","2","18"
"Drop: Crocodile Jackson's Monstrous Menagerie - Non-Foil Edition ? Nonfoil Edition","SECRET_LAIR","2","MTG:SECRET_LAIR:SL-97A19C3BC3A646|SL-97A19C3BC3A646","2","39"
"Drop: Artist Series: Mark Poole - Non-Foil Edition ? Nonfoil Edition","SECRET_LAIR","2","MTG:SECRET_LAIR:SL-95C045CE385254|SL-95C045CE385254","2","43"
"Drop: Secret Lair x The Evil Dead - Non-Foil Edition ? Nonfoil Edition","SECRET_LAIR","2","MTG:SECRET_LAIR:SL-950A1262892ED0|SL-950A1262892ED0","2","42"
"Drop: Secret Lair x Dungeons & Dragons: Death is in the Eyes of the Beholder I - Non-Foil Edition ? Nonfoil Edition","SECRET_LAIR","2","MTG:SECRET_LAIR:SL-950215B0A2668B|SL-950215B0A2668B","2","34"
"Drop: The Unfathomable Crushing Brutality of Basic Lands - Traditional Foil Edition ? Foil Edition","SECRET_LAIR","2","MTG:SECRET_LAIR:SL-95F8B6ADF74AF6|SL-95F8B6ADF74AF6","2","71"
"Drop: Showcase: Zendikar Revisited - Traditional Foil Edition ? Foil Edition","SECRET_LAIR","2","MTG:SECRET_LAIR:SL-96BE56C157011C|SL-96BE56C157011C","2","60"
"Drop: February Superdrop - Secret Lair x Street Fighter - Non-Foil Edition ? Nonfoil Edition","SECRET_LAIR","2","MTG:SECRET_LAIR:SL-9636BECFACB4FB|SL-9636BECFACB4FB","2","35"
"Drop: June Superdrop - Non-stop, Non-Foil Bundle ? Nonfoil Edition","SECRET_LAIR","2","MTG:SECRET_LAIR:SL-960978B749E8BC|SL-960978B749E8BC","2","16"
"Drop: Dreaming Darkly - Non-Foil Edition ? Nonfoil Edition","SECRET_LAIR","2","MTG:SECRET_LAIR:SL-B226AC313B5F39|SL-B226AC313B5F39","2","17"
"Drop: Secret Lair x Brain Dead: Creatures - Non-Foil Edition ? Nonfoil Edition","SECRET_LAIR","2","MTG:SECRET_LAIR:SL-B11309A971433D|SL-B11309A971433D","2","40"
"Drop: Artist Series: Livia Prima - Non-Foil Edition ? Nonfoil Edition","SECRET_LAIR","2","MTG:SECRET_LAIR:SL-B0E43DFE167A56|SL-B0E43DFE167A56","2","39"
"Drop: Dan Frazier Is Back Again: The Enemy Talismans - Foil Etched Edition ? Foil Edition","SECRET_LAIR","2","MTG:SECRET_LAIR:SL-B2289CE720A189|SL-B2289CE720A189","2","39"
"Drop: Valentine's Day 2021 - Replacement Heliod Pack - Non-Foil Edition ? Nonfoil Edition","SECRET_LAIR","2","MTG:SECRET_LAIR:SL-B31C27C4C58973|SL-B31C27C4C58973","2","42"
"Drop: Artist Series: Chris Rahn - Traditional Foil Edition ? Foil Edition","SECRET_LAIR","2","MTG:SECRET_LAIR:SL-B28206C8B43B74|SL-B28206C8B43B74","2","40"
"Drop: Secret Lair x Garfield: Motivationally Challenged - Non-Foil Edition ? Nonfoil Edition","SECRET_LAIR","2","MTG:SECRET_LAIR:SL-B269AC7AB5080A|SL-B269AC7AB5080A","2","15"
"Drop: Purr Majesty - Traditional Foil Edition ? Foil Edition","SECRET_LAIR","2","MTG:SECRET_LAIR:SL-B00E61FF6854EE|SL-B00E61FF6854EE","2","11"
"Drop: Our Boss is on Vacation Superdrop: Garden Buds - Rainbow Foil Edition ? Foil Edition","SECRET_LAIR","2","MTG:SECRET_LAIR:SL-AF7841CC1354F9|SL-AF7841CC1354F9","2","33"
"Drop: Equinox Superdrop 2024: Fallout Bundle - Non-Foil Edition ? Nonfoil Edition","SECRET_LAIR","2","MTG:SECRET_LAIR:SL-AF4CAB7AA2FC3B|SL-AF4CAB7AA2FC3B","2","29"
"Drop: Just Add Milk - Non-Foil Edition ? Nonfoil Edition","SECRET_LAIR","2","MTG:SECRET_LAIR:SL-B01296C6F1D9D6|SL-B01296C6F1D9D6","2","39"
"Drop: Artist Series: Wayne Reynolds - Non-Foil Edition ? Nonfoil Edition","SECRET_LAIR","2","MTG:SECRET_LAIR:SL-B0DEB8AFB8B821|SL-B0DEB8AFB8B821","2","41"
"x FINAL FANTASY: Grimoire - Rainbow Foil Edition ? Foil Edition","SECRET_LAIR","2","MTG:SECRET_LAIR:SL-B08949D7A3AFE1|SL-B08949D7A3AFE1","2","57"
"Drop: Secret Lair x Doctor Who: The Dalek Lands - Traditional Foil Edition ? Foil Edition","SECRET_LAIR","2","MTG:SECRET_LAIR:SL-B0373781315725|SL-B0373781315725","2","43"
"Drop: Our Boss is on Vacation Superdrop: Tragic Romance - Rainbow Foil Edition ? Foil Edition","SECRET_LAIR","2","MTG:SECRET_LAIR:SL-B5DE5D10D8B22E|SL-B5DE5D10D8B22E","2","34"
"Drop: Phyrexian Praetors: Compleat Edition - Traditional Foil Edition ? Foil Edition","SECRET_LAIR","2","MTG:SECRET_LAIR:SL-B5D96EAAB94F7F|SL-B5D96EAAB94F7F","2","46"
"Drop: Secret Lair x My Little Pony: Friendship is Magic - Non-Foil Edition ? Nonfoil Edition","SECRET_LAIR","2","MTG:SECRET_LAIR:SL-B565A4B1F936CC|SL-B565A4B1F936CC","2","12"
"Drop: Cats Are Better Than Dogs - Rainbow Foil Edition ? Foil Edition","SECRET_LAIR","2","MTG:SECRET_LAIR:SL-B5E5B47263114D|SL-B5E5B47263114D","2","28"
"Drop: Secretversary Superdrop 2023: Goodie Bag Loaded with Non-Foils Bundle ? Nonfoil Edition","SECRET_LAIR","2","MTG:SECRET_LAIR:SL-B631EAF6D5C7C4|SL-B631EAF6D5C7C4","2","3"
"Drop: The Art of Frank Frazetta - Non-Foil Edition ? Nonfoil Edition","SECRET_LAIR","2","MTG:SECRET_LAIR:SL-B60C7F6F56C30B|SL-B60C7F6F56C30B","2","66"
"Drop: The '90s Binder Experience - Traditional Foil Edition ? Foil Edition","SECRET_LAIR","2","MTG:SECRET_LAIR:SL-B5F3C839262F36|SL-B5F3C839262F36","2","66"
"Drop: Welcome to the Fungal - Non-Foil Edition ? Nonfoil Edition","SECRET_LAIR","2","MTG:SECRET_LAIR:SL-B3B225E03D06DC|SL-B3B225E03D06DC","2","42"
"Drop: sAnS mERcY - Non-Foil Edition ? Nonfoil Edition","SECRET_LAIR","2","MTG:SECRET_LAIR:SL-B39A2F769F1E07|SL-B39A2F769F1E07","2","65"
"Drop: Special Guest: Yoji Shinkawa (English) - Non-Foil Edition ? Nonfoil Edition","SECRET_LAIR","2","MTG:SECRET_LAIR:SL-B36930BACADDCD|SL-B36930BACADDCD","2","63"
"x Ghost of Tsushima - Rainbow Foil Edition ? Foil Edition","SECRET_LAIR","2","MTG:SECRET_LAIR:SL-B3DBBD3351A867|SL-B3DBBD3351A867","2","53"
"Drop: Toby's Journey By Gary Baseman - Traditional Foil Edition ? Foil Edition","SECRET_LAIR","2","MTG:SECRET_LAIR:SL-B5552250031A5D|SL-B5552250031A5D","2","50"
"Drop: The '90s Binder Experience - Non-Foil Edition ? Nonfoil Edition","SECRET_LAIR","2","MTG:SECRET_LAIR:SL-B5264E7BA2DC13|SL-B5264E7BA2DC13","2","54"
"Drop: Hard-Boiled Thrillers - Non-Foil Edition ? Nonfoil Edition","SECRET_LAIR","2","MTG:SECRET_LAIR:SL-B483A5C23B7FF5|SL-B483A5C23B7FF5","2","42"
"Drop: OMG KITTIES! - Traditional Foil Edition ? Foil Edition","SECRET_LAIR","2","MTG:SECRET_LAIR:SL-A7EA98C7CECF4C|SL-A7EA98C7CECF4C","2","45"
"Drop: Lorwyn Lightboxes - Rainbow Foil Edition ? Foil Edition","SECRET_LAIR","2","MTG:SECRET_LAIR:SL-A7E5B7F6EC8B4A|SL-A7E5B7F6EC8B4A","2","28"
"Astrology Lands (Taurus) - Non-Foil Edition ? Nonfoil Edition","SECRET_LAIR","2","MTG:SECRET_LAIR:SL-A7A995D0FE468E|SL-A7A995D0FE468E","2","33"
"Drop: Showcase: Read The Fine Print - Foil Etched Edition ? Foil Edition","SECRET_LAIR","2","MTG:SECRET_LAIR:SL-A82BC05ADED8C7|SL-A82BC05ADED8C7","2","66"
"Drop: Artist Series: Kieran Yanner - Non-Foil Edition ? Nonfoil Edition","SECRET_LAIR","2","MTG:SECRET_LAIR:SL-A8BD8FB79427E4|SL-A8BD8FB79427E4","2","22"
"Drop: KEXP: Where the Music Matters - Non-Foil Edition ? Nonfoil Edition","SECRET_LAIR","2","MTG:SECRET_LAIR:SL-A8B0B83EFB86DE|SL-A8B0B83EFB86DE","2","26"
"Drop: February Superdrop - Kamigawa: the Manga: the Cards - Non-Foil Edition ? Nonfoil Edition","SECRET_LAIR","2","MTG:SECRET_LAIR:SL-A8A83DC7B06C38|SL-A8A83DC7B06C38","2","32"
"Drop: Secret Lair x Stranger Things - Traditional Foil Edition ? Foil Edition","SECRET_LAIR","2","MTG:SECRET_LAIR:SL-A59C9ADCD75BE0|SL-A59C9ADCD75BE0","2","42"
"Drop: Summer Superdrop 2024: The Stage with Foils Bundle ? Foil Edition","SECRET_LAIR","2","MTG:SECRET_LAIR:SL-A57E7603094331|SL-A57E7603094331","2","27"
"Drop: Summer Superdrop - Ornithological Studies - Non-Foil Edition ? Nonfoil Edition","SECRET_LAIR","2","MTG:SECRET_LAIR:SL-A5708359BCF021|SL-A5708359BCF021","2","36"
"x Furby: Doo-ay Noo-lah - Rainbow Foil Edition ? Foil Edition","SECRET_LAIR","2","MTG:SECRET_LAIR:SL-A5E1293D263AF0|SL-A5E1293D263AF0","2","66"
"Drop: Welcome to Castle Dracula - Non-Foil Edition ? Nonfoil Edition","SECRET_LAIR","2","MTG:SECRET_LAIR:SL-A709252A4DA96B|SL-A709252A4DA96B","2","66"
"Drop: Tales of the Time Stoppers - Rainbow Foil Edition ? Foil Edition","SECRET_LAIR","2","MTG:SECRET_LAIR:SL-A6FBE97D53BCE6|SL-A6FBE97D53BCE6","2","63"
"Drop: Secret Lair x Fortnite - Non-Foil Edition ? Nonfoil Edition","SECRET_LAIR","2","MTG:SECRET_LAIR:SL-A63C3F080DE9D2|SL-A63C3F080DE9D2","2","40"
"Drop: Secret Lair x Doctor Who: Regeneration - Non-Foil Edition ? Nonfoil Edition","SECRET_LAIR","2","MTG:SECRET_LAIR:SL-AD8DAA8BB11594|SL-AD8DAA8BB11594","2","39"
"Drop: Secret Lair x Monty Python: Monty Python and the Holy Grail: Vol. 1 - Traditional Foil Edition ? Foil Edition","SECRET_LAIR","2","MTG:SECRET_LAIR:SL-AD7D0C2C8E16D2|SL-AD7D0C2C8E16D2","2","39"
"Drop: Secret Lair x Marvel's Deadpool - Rainbow Foil Edition ? Foil Edition","SECRET_LAIR","2","MTG:SECRET_LAIR:SL-ACABE87A5A45D3|SL-ACABE87A5A45D3","2","27"
"Drop: Transformers: Optimus Prime Vs. Megatron - Non-Foil Edition ? Nonfoil Edition","SECRET_LAIR","2","MTG:SECRET_LAIR:SL-AE029B9E8B8A9F|SL-AE029B9E8B8A9F","2","57"
"Drop: Summer Superdrop 2024: The Stage with Non-Foils Bundle ? Nonfoil Edition","SECRET_LAIR","2","MTG:SECRET_LAIR:SL-AEE188BFE88ED3|SL-AEE188BFE88ED3","2","22"
"Drop: February Superdrop - Pictures of the Floating World - Non-Foil Edition ? Nonfoil Edition","SECRET_LAIR","2","MTG:SECRET_LAIR:SL-AED577907E5FAA|SL-AED577907E5FAA","2","42"
"Drop: Paradise Frost - Non-Foil Edition ? Nonfoil Edition","SECRET_LAIR","2","MTG:SECRET_LAIR:SL-AEAC3B5B48F1C7|SL-AEAC3B5B48F1C7","2","42"
"Drop: Secret Lair x Fallout: Promo - Silver Shroud Costume - Traditional Foil Edition ? Foil Edition","SECRET_LAIR","2","MTG:SECRET_LAIR:SL-AB56800C1F600A|SL-AB56800C1F600A","2","13"
"Drop: Featuring: Kevin Eastman (Inks) - Non-Foil Edition ? Nonfoil Edition","SECRET_LAIR","2","MTG:SECRET_LAIR:SL-AA2410B0C1D7D4|SL-AA2410B0C1D7D4","2","14"
"x Play-Doh: Squishful Thinking: Extra Life 2025 - Rainbow Foil Edition ? Foil Edition","SECRET_LAIR","2","MTG:SECRET_LAIR:SL-A9B0DE6D450794|SL-A9B0DE6D450794","2","63"
"Drop: Artist Series: Ryan Alexander Lee - Non-Foil Edition ? Nonfoil Edition","SECRET_LAIR","2","MTG:SECRET_LAIR:SL-ABB49E64363CCC|SL-ABB49E64363CCC","2","42"
"x The Last of Us Part I - Non-Foil Edition ? Nonfoil Edition","SECRET_LAIR","2","MTG:SECRET_LAIR:SL-AC65540B60B707|SL-AC65540B60B707","2","56"
"Drop: Featuring: the Mountain Goats - Traditional Foil Edition ? Foil Edition","SECRET_LAIR","2","MTG:SECRET_LAIR:SL-AC1856E0C8845C|SL-AC1856E0C8845C","2","38"
"Drop: Secret Lair x Dungeons & Dragons: Whispers in Candlekeep - Foil Edition ? Foil Edition","SECRET_LAIR","2","MTG:SECRET_LAIR:SL-ABCCB33232898E|SL-ABCCB33232898E","2","16"
"Drop: Cats of Chaos - Traditional Foil Edition ? Foil Edition","SECRET_LAIR","2","MTG:SECRET_LAIR:SL-908B8F97F7A4CA|SL-908B8F97F7A4CA","2","13"
"Drop: The Ultimate Pencil - Rainbow Foil Bundle ? Foil Edition","SECRET_LAIR","2","MTG:SECRET_LAIR:SL-75D2EFF8DB9AA4|SL-75D2EFF8DB9AA4","2","12"
"Drop: Keep Partying Hard, Shred Harder Than You Previously Thought Possible - Traditional Foil Edition ? Foil Edition","SECRET_LAIR","2","MTG:SECRET_LAIR:SL-75C9DE65D2674C|SL-75C9DE65D2674C","2","32"
"Drop: Rule the Room - Non-Foil Edition ? Nonfoil Edition","SECRET_LAIR","2","MTG:SECRET_LAIR:SL-75A147DF7061C1|SL-75A147DF7061C1","2","39"
"Drop: Finally! Left-Handed Magic Cards - Non-Foil Edition ? Nonfoil Edition","SECRET_LAIR","2","MTG:SECRET_LAIR:SL-75EB6270819FE3|SL-75EB6270819FE3","2","41"
"Drop: Secretversary Superdrop 2023: Holiday Gift Bag Bundle - Foil Edition ? Foil Edition","SECRET_LAIR","2","MTG:SECRET_LAIR:SL-76D63CDFA651CA|SL-76D63CDFA651CA","2","3"
"Drop: Astrology Lands (Gemini) - Traditional Foil Edition ? Foil Edition","SECRET_LAIR","2","MTG:SECRET_LAIR:SL-769EDCF494E5DB|SL-769EDCF494E5DB","2","42"
"Drop: Cats of Chaos - Non-Foil Edition ? Nonfoil Edition","SECRET_LAIR","2","MTG:SECRET_LAIR:SL-761D477012E693|SL-761D477012E693","2","10"
"Drop: Artist Series: Thomas Baxa - Non-Foil Edition ? Nonfoil Edition","SECRET_LAIR","2","MTG:SECRET_LAIR:SL-74035B29B5EAA4|SL-74035B29B5EAA4","2","37"
"Drop: Secret Lair x Ghostbusters: The Real Ghostbusters - Non-Foil Edition ? Nonfoil Edition","SECRET_LAIR","2","MTG:SECRET_LAIR:SL-73D93121EB1CDB|SL-73D93121EB1CDB","2","32"
"Drop: Valentine's Day 2021 - Replacement Heliod Pack - Traditional Foil Edition ? Foil Edition","SECRET_LAIR","2","MTG:SECRET_LAIR:SL-732A9E59B24774|SL-732A9E59B24774","2","54"
"Drop: Dan Frazier is Back: The Enemy Signets - Non-Foil Edition ? Nonfoil Edition","SECRET_LAIR","2","MTG:SECRET_LAIR:SL-74104655C7BE3C|SL-74104655C7BE3C","2","40"
"Drop: Astrology Lands (Gemini) - Non-Foil Edition ? Nonfoil Edition","SECRET_LAIR","2","MTG:SECRET_LAIR:SL-75579AD5DE6CB9|SL-75579AD5DE6CB9","2","31"
"Drop: Secret Lair x Dungeons & Dragons: Honor Among Thieves - Traditional Foil Edition ? Foil Edition","SECRET_LAIR","2","MTG:SECRET_LAIR:SL-750655931E6F97|SL-750655931E6F97","2","44"
"x Iron Maiden: Eddie Unchained - Rainbow Foil Edition ? Foil Edition","SECRET_LAIR","2","MTG:SECRET_LAIR:SL-747C45FB80DFBE|SL-747C45FB80DFBE","2","59"
"Drop: Artist Series: Nils Hamm - Traditional Foil Edition ? Foil Edition","SECRET_LAIR","2","MTG:SECRET_LAIR:SL-7B02CD15018C5D|SL-7B02CD15018C5D","2","45"
"x Uncharted - Non-Foil Edition ? Nonfoil Edition","SECRET_LAIR","2","MTG:SECRET_LAIR:SL-7AB8CB8D6BF8A6|SL-7AB8CB8D6BF8A6","2","57"
"x Fallout: Rad Superdrop: The Atomic-Grade Foil Bundle ? Foil Edition","SECRET_LAIR","2","MTG:SECRET_LAIR:SL-7A1A1484F233C2|SL-7A1A1484F233C2","2","43"
"Drop: Secret Lair x Jurassic World: Dr. Ian Malcolm - Rainbow Foil Edition ? Foil Edition","SECRET_LAIR","2","MTG:SECRET_LAIR:SL-7B17A9D6C16703|SL-7B17A9D6C16703","2","44"
"Drop: Featuring: Kevin Eastman (Colors) - Traditional Foil Edition ? Foil Edition","SECRET_LAIR","2","MTG:SECRET_LAIR:SL-7C2B424B1C7969|SL-7C2B424B1C7969","2","16"
"Drop: Magic: The Baseballing - Traditional Foil Edition ? Foil Edition","SECRET_LAIR","2","MTG:SECRET_LAIR:SL-7B6BF7476036E4|SL-7B6BF7476036E4","2","44"
"Drop: The Space Beyond the Stars - Non-Foil Edition ? Nonfoil Edition","SECRET_LAIR","2","MTG:SECRET_LAIR:SL-7B48FB549C4A3E|SL-7B48FB549C4A3E","2","64"
"Drop: The Eyes Have It - Non-Foil Edition ? Nonfoil Edition","SECRET_LAIR","2","MTG:SECRET_LAIR:SL-77B45F83FF98D9|SL-77B45F83FF98D9","2","29"
"Drop: Trick or Treat - Non-Foil Edition ? Nonfoil Edition","SECRET_LAIR","2","MTG:SECRET_LAIR:SL-774E94D5987351|SL-774E94D5987351","2","33"
"Drop: Inside an Elevator Superdrop: Brain Dead Bundle - Non-Foil Edition ? Nonfoil Edition","SECRET_LAIR","2","MTG:SECRET_LAIR:SL-76EE3574620B68|SL-76EE3574620B68","2","29"
"Drop: More Adventures in Middle-earth - Traditional Foil Edition ? Foil Edition","SECRET_LAIR","2","MTG:SECRET_LAIR:SL-789447B652E3B8|SL-789447B652E3B8","2","39"
"Drop: Summer Superdrop - Mountain, Go - Traditional Foil Edition ? Foil Edition","SECRET_LAIR","2","MTG:SECRET_LAIR:SL-7A15A1811F841D|SL-7A15A1811F841D","2","48"
"Drop: Artist Series: Victor Adame Minguez - Non-Foil Edition ? Nonfoil Edition","SECRET_LAIR","2","MTG:SECRET_LAIR:SL-7A106AED6BFADC|SL-7A106AED6BFADC","2","42"
"Drop: Featuring: Jay Howell - Non-Foil Edition ? Nonfoil Edition","SECRET_LAIR","2","MTG:SECRET_LAIR:SL-7993B0A0677511|SL-7993B0A0677511","2","28"
"Drop: Featuring: Julie Bell - Rainbow Foil Edition ? Foil Edition","SECRET_LAIR","2","MTG:SECRET_LAIR:SL-6C1B3964A65485|SL-6C1B3964A65485","2","36"
"Drop: Mirrodinsanity - Non-Foil Edition ? Nonfoil Edition","SECRET_LAIR","2","MTG:SECRET_LAIR:SL-6C10833A178EED|SL-6C10833A178EED","2","39"
"Drop: Artist Series: Chris Rahn - Non-Foil Edition ? Nonfoil Edition","SECRET_LAIR","2","MTG:SECRET_LAIR:SL-6B7BB6F2DC6CCE|SL-6B7BB6F2DC6CCE","2","38"
"Drop: Featuring: Jay Howell - Rainbow Foil Edition ? Foil Edition","SECRET_LAIR","2","MTG:SECRET_LAIR:SL-6CD9F3DF876B1F|SL-6CD9F3DF876B1F","2","26"
"Drop: Artist Series: Johannes Voss - Non-Foil Edition ? Nonfoil Edition","SECRET_LAIR","2","MTG:SECRET_LAIR:SL-6D6C79C2652BFD|SL-6D6C79C2652BFD","2","39"
"Drop: Secret Lair x Marvel's Black Panther - Non-Foil Edition ? Nonfoil Edition","SECRET_LAIR","2","MTG:SECRET_LAIR:SL-6D386CB092B8F1|SL-6D386CB092B8F1","2","32"
"Drop: Secret Lair x Dungeons & Dragons: Lands of the Forgotten Realms - Traditional Foil Edition ? Foil Edition","SECRET_LAIR","2","MTG:SECRET_LAIR:SL-6CE59E51DCC615|SL-6CE59E51DCC615","2","22"
"Drop: Prismatic Nightmares - Non-Foil Edition ? Nonfoil Edition","SECRET_LAIR","2","MTG:SECRET_LAIR:SL-6A2D2E139F2254|SL-6A2D2E139F2254","2","43"
"Drop: Secret Lair x Assassin's Creed: Lethal Legends - Rainbow Foil Edition ? Foil Edition","SECRET_LAIR","2","MTG:SECRET_LAIR:SL-6A188AFCDB31E1|SL-6A188AFCDB31E1","2","36"
"Drop: Secret Lair x Marvel's Spider-Man: The Non-Foil Web-Slinger Bundle ? Nonfoil Edition","SECRET_LAIR","2","MTG:SECRET_LAIR:SL-69FAC4782CEAD8|SL-69FAC4782CEAD8","2","23"
"Drop: Kamigawa Ink - Non-Foil Edition ? Nonfoil Edition","SECRET_LAIR","2","MTG:SECRET_LAIR:SL-6A7B01B7E9573D|SL-6A7B01B7E9573D","2","42"
"Drop: Death Is Temporary, Metal Is Forever - Traditional Foil Edition ? Foil Edition","SECRET_LAIR","2","MTG:SECRET_LAIR:SL-6B5DCD60BA5730|SL-6B5DCD60BA5730","2","42"
"Drop: Secret Lair x Dungeons & Dragons: Astarion's Thirst - Rainbow Foil Edition ? Foil Edition","SECRET_LAIR","2","MTG:SECRET_LAIR:SL-6B03C6C7C5B91D|SL-6B03C6C7C5B91D","2","34"
"Drop: Cool Ocean Breeze - Non-Foil Edition ? Nonfoil Edition","SECRET_LAIR","2","MTG:SECRET_LAIR:SL-6AF6F8F8E4C984|SL-6AF6F8F8E4C984","2","34"
"Drop: Secret Lair x Dungeons & Dragons: Honor Among Thieves - Non-Foil Edition ? Nonfoil Edition","SECRET_LAIR","2","MTG:SECRET_LAIR:SL-711EEDF03C34FB|SL-711EEDF03C34FB","2","42"
"Drop: Artist Series: Wayne Reynolds - Traditional Foil Edition ? Foil Edition","SECRET_LAIR","2","MTG:SECRET_LAIR:SL-70307120926003|SL-70307120926003","2","42"
"Drop: KEXP: You Are Not Alone - Non-Foil Edition ? Nonfoil Edition","SECRET_LAIR","2","MTG:SECRET_LAIR:SL-6F9B1732BC4226|SL-6F9B1732BC4226","2","24"
"Drop: Cats Are Better Than Dogs - Non-Foil Edition ? Nonfoil Edition","SECRET_LAIR","2","MTG:SECRET_LAIR:SL-7184A0B63B1E9E|SL-7184A0B63B1E9E","2","26"
"x Avatar: The Last Airbender: One with the Elements - Non-Foil Edition ? Nonfoil Edition","SECRET_LAIR","2","MTG:SECRET_LAIR:SL-7321B93310E560|SL-7321B93310E560","2","52"
"Drop: Secret Lair x Marvel's Black Panther - Rainbow Foil Edition ? Foil Edition","SECRET_LAIR","2","MTG:SECRET_LAIR:SL-72C515905E7352|SL-72C515905E7352","2","31"
"Drop: Extra Life 2020 - Traditional Foil Edition ? Foil Edition","SECRET_LAIR","2","MTG:SECRET_LAIR:SL-72472EFE8746C4|SL-72472EFE8746C4","2","46"
"x Avatar: The Last Airbender: Everything Changed - Non-Foil Edition ? Nonfoil Edition","SECRET_LAIR","2","MTG:SECRET_LAIR:SL-6E41C5BF4AA13D|SL-6E41C5BF4AA13D","2","52"
"Drop: Secret Lair x Assassin's Creed: Da Vinci's Designs - Rainbow Foil Edition ? Foil Edition","SECRET_LAIR","2","MTG:SECRET_LAIR:SL-6E10E7A8BD8C2C|SL-6E10E7A8BD8C2C","2","38"
"Drop: Diabolical Dioramas - Rainbow Foil Edition ? Foil Edition","SECRET_LAIR","2","MTG:SECRET_LAIR:SL-6DFA783F3B9A37|SL-6DFA783F3B9A37","2","38"
"Drop: The Walking Dead - Traditional Foil Edition ? Foil Edition","SECRET_LAIR","2","MTG:SECRET_LAIR:SL-6E54B9A2BF9CBF|SL-6E54B9A2BF9CBF","2","82"
"Drop: Showcase: Kaldheim - Part 2 - Non-Foil Edition ? Nonfoil Edition","SECRET_LAIR","2","MTG:SECRET_LAIR:SL-6F5DC80C66F4E7|SL-6F5DC80C66F4E7","2","57"
"Drop: Secret Lair x Fallout: Rad - Traditional Foil Edition ? Foil Edition","SECRET_LAIR","2","MTG:SECRET_LAIR:SL-6EC27A54060DFF|SL-6EC27A54060DFF","2","18"
"Drop: Summer Superdrop 2024: Showstopper Bundle - Foil Edition ? Foil Edition","SECRET_LAIR","2","MTG:SECRET_LAIR:SL-6EB03A8FE440C8|SL-6EB03A8FE440C8","2","34"
"Drop: Kaleidoscope Killers - Traditional Foil Edition ? Foil Edition","SECRET_LAIR","2","MTG:SECRET_LAIR:SL-88ECC52C2FD66F|SL-88ECC52C2FD66F","2","46"
"Drop: February Superdrop - Shades Not Included - Non-Foil Edition ? Nonfoil Edition","SECRET_LAIR","2","MTG:SECRET_LAIR:SL-888F2E0C4FB9B0|SL-888F2E0C4FB9B0","2","31"
"Drop: Theros Stargazing Bundle: Vol. I-V - Traditional Foil Edition ? Foil Edition","SECRET_LAIR","2","MTG:SECRET_LAIR:SL-88858FD4A6CAF7|SL-88858FD4A6CAF7","2","60"
"Drop: Secret Lair x Marvel's Spider-Man: Venom Unleashed (Colors) - Rainbow Foil Edition ? Foil Edition","SECRET_LAIR","2","MTG:SECRET_LAIR:SL-89002E8BB22ACE|SL-89002E8BB22ACE","2","18"
"Drop: Secret Lair x Arcane: Lands - Non-Foil Edition ? Nonfoil Edition","SECRET_LAIR","2","MTG:SECRET_LAIR:SL-89D18240A7624C|SL-89D18240A7624C","2","41"
"Drop: The Strange Sands: Plains - Rainbow Foil Edition ? Foil Edition","SECRET_LAIR","2","MTG:SECRET_LAIR:SL-896468C2158E5D|SL-896468C2158E5D","2","54"
"Drop: Summer Superdrop - Can You Feel with a Heart of Steel? - Traditional Foil Edition ? Foil Edition","SECRET_LAIR","2","MTG:SECRET_LAIR:SL-892D977231D36E|SL-892D977231D36E","2","36"
"Drop: Special Guest: Junji Ito (English) - Foil Etched Edition ? Foil Edition","SECRET_LAIR","2","MTG:SECRET_LAIR:SL-8741607914304D|SL-8741607914304D","2","60"
"Drop: Extra Life 2022 - Traditional Foil Edition ? Foil Edition","SECRET_LAIR","2","MTG:SECRET_LAIR:SL-873865C256386B|SL-873865C256386B","2","44"
"Drop: Our Boss is on Vacation Superdrop: Twisted Toons - Non-Foil Edition ? Nonfoil Edition","SECRET_LAIR","2","MTG:SECRET_LAIR:SL-87225328ADBE06|SL-87225328ADBE06","2","21"
"x FINAL FANTASY: Game Over - Non-Foil Edition ? Nonfoil Edition","SECRET_LAIR","2","MTG:SECRET_LAIR:SL-879DE87D93AF4D|SL-879DE87D93AF4D","2","49"
"Drop: Happy Yargle Day! - Non-Foil Edition ? Nonfoil Edition","SECRET_LAIR","2","MTG:SECRET_LAIR:SL-8809E95120F445|SL-8809E95120F445","2","40"
"Astrology Lands (Pisces) - Traditional Foil Edition ? Foil Edition","SECRET_LAIR","2","MTG:SECRET_LAIR:SL-88061F345B7215|SL-88061F345B7215","2","39"
"Superdrop: Culture Shocks: Jund - Non-Foil Edition ? Nonfoil Edition","SECRET_LAIR","2","MTG:SECRET_LAIR:SL-87A9F998D7BC8B|SL-87A9F998D7BC8B","2","86"
"Drop: Secret Lair x Arcane - Non-Foil Edition ? Nonfoil Edition","SECRET_LAIR","2","MTG:SECRET_LAIR:SL-8F42E22C21A812|SL-8F42E22C21A812","2","41"
"x FINAL FANTASY: Gilded Lotus - Rainbow Foil Edition ? Foil Edition","SECRET_LAIR","2","MTG:SECRET_LAIR:SL-8E83F173AEC350|SL-8E83F173AEC350","2","72"
"Drop: Prismatic Nightmares - Rainbow Foil Edition ? Foil Edition","SECRET_LAIR","2","MTG:SECRET_LAIR:SL-8E1886C829359A|SL-8E1886C829359A","2","41"
"Drop: Showcase: The Lost Caverns of Ixalan - Non-Foil Edition ? Nonfoil Edition","SECRET_LAIR","2","MTG:SECRET_LAIR:SL-8F5540C2D38BA1|SL-8F5540C2D38BA1","2","62"
"Drop: Welcome to Castle Dracula - Traditional Foil Edition ? Foil Edition","SECRET_LAIR","2","MTG:SECRET_LAIR:SL-90725EB2DB66FA|SL-90725EB2DB66FA","2","72"
"Drop: Equinox Superdrop 2024: Fallout Bundle - Foil Edition ? Foil Edition","SECRET_LAIR","2","MTG:SECRET_LAIR:SL-9026C39DC2D584|SL-9026C39DC2D584","2","32"
"Drop: Secret Lair x Teenage Mutant Ninja Turtles: The Last Ronin - Traditional Foil Edition ? Foil Edition","SECRET_LAIR","2","MTG:SECRET_LAIR:SL-901432F718875C|SL-901432F718875C","2","18"
"x Furby: The Oddbodies - Non-Foil Edition ? Nonfoil Edition","SECRET_LAIR","2","MTG:SECRET_LAIR:SL-8AF1D3A4344B55|SL-8AF1D3A4344B55","2","46"
"Drop: Artist Series: Alayna Danner - Traditional Foil Edition ? Foil Edition","SECRET_LAIR","2","MTG:SECRET_LAIR:SL-8AAEC38BEC5FBD|SL-8AAEC38BEC5FBD","2","38"
"x Iron Maiden: Eddie Unchained - Non-Foil Edition ? Nonfoil Edition","SECRET_LAIR","2","MTG:SECRET_LAIR:SL-8A15902ECB78B5|SL-8A15902ECB78B5","2","57"
"Drop: Featuring: Andrew Maclean - Rainbow Foil Edition ? Foil Edition","SECRET_LAIR","2","MTG:SECRET_LAIR:SL-8B470F1D9379AF|SL-8B470F1D9379AF","2","37"
"Drop: Spring Superdrop 2024: Spring Into Action Bundle - Non-Foil Edition ? Nonfoil Edition","SECRET_LAIR","2","MTG:SECRET_LAIR:SL-8D82D482708660|SL-8D82D482708660","2","21"
"Drop: Secret Lair x The Evil Dead - Traditional Foil Edition ? Foil Edition","SECRET_LAIR","2","MTG:SECRET_LAIR:SL-8D1031212D3210|SL-8D1031212D3210","2","42"
"Drop: Featuring: Kevin Eastman (Inks) - Traditional Foil Edition ? Foil Edition","SECRET_LAIR","2","MTG:SECRET_LAIR:SL-8BC0DEE34E59D2|SL-8BC0DEE34E59D2","2","16"
"Drop: Showcase: Midnight Hunt - Non-Foil Edition ? Nonfoil Edition","SECRET_LAIR","2","MTG:SECRET_LAIR:SL-7ECED24F562902|SL-7ECED24F562902","2","63"
"Drop: Ssssssnakessssss - Traditional Foil Edition ? Foil Edition","SECRET_LAIR","2","MTG:SECRET_LAIR:SL-7EAFE139BC0BCD|SL-7EAFE139BC0BCD","2","66"
"Drop: LOOK AT THE KITTIES - Traditional Foil Edition ? Foil Edition","SECRET_LAIR","2","MTG:SECRET_LAIR:SL-7EA408BA13BB00|SL-7EA408BA13BB00","2","43"
"Drop: Secret Lair x Fortnite: Landmarks and Locations - Traditional Foil Edition ? Foil Edition","SECRET_LAIR","2","MTG:SECRET_LAIR:SL-7F55A4E4C3D3D0|SL-7F55A4E4C3D3D0","2","46"
"Drop: Li'l Giri Saves the Day - Traditional Foil Edition ? Foil Edition","SECRET_LAIR","2","MTG:SECRET_LAIR:SL-800F3A66865530|SL-800F3A66865530","2","31"
"Drop: Secret Lair x Creepshow - Non-Foil Edition ? Nonfoil Edition","SECRET_LAIR","2","MTG:SECRET_LAIR:SL-7FF5D4693BDBF9|SL-7FF5D4693BDBF9","2","39"
"Drop: City Styles - Non-Foil Edition ? Nonfoil Edition","SECRET_LAIR","2","MTG:SECRET_LAIR:SL-7FD38092671142|SL-7FD38092671142","2","39"
"Drop: Dan Frazier Is Back Again: The Enemy Talismans - Non-Foil Edition ? Nonfoil Edition","SECRET_LAIR","2","MTG:SECRET_LAIR:SL-7CD7CFCF523E56|SL-7CD7CFCF523E56","2","39"
"Drop: Secretversary Superdrop - Happy Little Gathering Foil Edition - Traditional Foil Edition ? Foil Edition","SECRET_LAIR","2","MTG:SECRET_LAIR:SL-7CCD4E3550ADDB|SL-7CCD4E3550ADDB","2","42"
"x Avatar: The Last Airbender: Everything Changed - Rainbow Foil Edition ? Foil Edition","SECRET_LAIR","2","MTG:SECRET_LAIR:SL-7CCCC779832E62|SL-7CCCC779832E62","2","61"
"Drop: Second Secretversary Bundle - Non-Foil Edition ? Nonfoil Edition","SECRET_LAIR","2","MTG:SECRET_LAIR:SL-7D6A0F10ADD5A6|SL-7D6A0F10ADD5A6","2","12"
"Drop: Astrology Lands (Capricorn) - Traditional Foil Edition ? Foil Edition","SECRET_LAIR","2","MTG:SECRET_LAIR:SL-7E80920E7FFF0A|SL-7E80920E7FFF0A","2","41"
"Drop: Outlaw Anthology Vol. 2: Sinister Scoundrels - Non-Foil Edition ? Nonfoil Edition","SECRET_LAIR","2","MTG:SECRET_LAIR:SL-7E61275FD5CC85|SL-7E61275FD5CC85","2","39"
"Drop: February Superdrop - Pictures of the Floating World - Traditional Foil Edition ? Foil Edition","SECRET_LAIR","2","MTG:SECRET_LAIR:SL-7DE930AD4A4B8C|SL-7DE930AD4A4B8C","2","46"
"Drop: Seeing Visions - Traditional Foil Version ? Foil Edition","SECRET_LAIR","2","MTG:SECRET_LAIR:SL-866F1B1463479D|SL-866F1B1463479D","2","45"
"Drop: Astrology Lands (Leo) - Traditional Foil Edition ? Foil Edition","SECRET_LAIR","2","MTG:SECRET_LAIR:SL-86693ED2B58D32|SL-86693ED2B58D32","2","41"
"x Furby: The Gathering - Rainbow Foil Edition ? Foil Edition","SECRET_LAIR","2","MTG:SECRET_LAIR:SL-85D9B6A0A7C714|SL-85D9B6A0A7C714","2","60"
"Superdrop: Culture Shocks: Grixis - Non-Foil Edition ? Nonfoil Edition","SECRET_LAIR","2","MTG:SECRET_LAIR:SL-8679F958F70268|SL-8679F958F70268","2","86"
"Drop: Our Boss is on Vacation Superdrop: Spongebob Squarepants: Lands Under the Sea - Non-Foil Edition ? Nonfoil Edition","SECRET_LAIR","2","MTG:SECRET_LAIR:SL-86C6A385452411|SL-86C6A385452411","2","26"
"Drop: Artist Series: Magali Villeneuve - Traditional Foil Edition ? Foil Edition","SECRET_LAIR","2","MTG:SECRET_LAIR:SL-86AA5CC0673EF5|SL-86AA5CC0673EF5","2","43"
"Drop: Secret Lair x The Princess Bride - Non-Foil Edition ? Nonfoil Edition","SECRET_LAIR","2","MTG:SECRET_LAIR:SL-86A2BCC3D47BF2|SL-86A2BCC3D47BF2","2","41"
"Drop: Showcase: Read The Fine Print - Non-Foil Edition ? Nonfoil Edition","SECRET_LAIR","2","MTG:SECRET_LAIR:SL-832BF55C6E27A1|SL-832BF55C6E27A1","2","59"
"Drop: Artist Series: Jesper Ejsing - Rainbow Foil Edition ? Foil Edition","SECRET_LAIR","2","MTG:SECRET_LAIR:SL-823B9F2127A229|SL-823B9F2127A229","2","26"
"Drop: Secret Lair x Dwarf Fortress: Create New World - Traditional Foil Edition ? Foil Edition","SECRET_LAIR","2","MTG:SECRET_LAIR:SL-81FFD366420F3A|SL-81FFD366420F3A","2","13"
"Drop: Showcase: Thrilling Tales of the Undead - Traditional Foil Edition ? Foil Edition","SECRET_LAIR","2","MTG:SECRET_LAIR:SL-835C4CD141949B|SL-835C4CD141949B","2","72"
"Drop: Featuring: the Mountain Goats - Non-Foil Edition ? Nonfoil Edition","SECRET_LAIR","2","MTG:SECRET_LAIR:SL-83E8E9E9BDAB7C|SL-83E8E9E9BDAB7C","2","37"
"Drop: Showcase: Duskmourn - Non-Foil Edition ? Nonfoil Edition","SECRET_LAIR","2","MTG:SECRET_LAIR:SL-83DFC7BCCB8A6D|SL-83DFC7BCCB8A6D","2","63"
"Drop: The Stars Gaze Back - Traditional Foil Edition ? Foil Edition","SECRET_LAIR","2","MTG:SECRET_LAIR:SL-839B89840B6DBF|SL-839B89840B6DBF","2","37"
"x Warhammer Age of Sigmar - Non-Foil Edition ? Nonfoil Edition","SECRET_LAIR","2","MTG:SECRET_LAIR:SL-B689085E2D41DE|SL-B689085E2D41DE","2","72"
"Drop: Featuring: Gary Baseman - Traditional Foil Edition ? Foil Edition","SECRET_LAIR","2","MTG:SECRET_LAIR:SL-E577A60B3B1BA6|SL-E577A60B3B1BA6","2","43"
"Drop: Secret Lair x Marvel's Spider-Man: Heroic Deeds - Non-Foil Edition ? Nonfoil Edition","SECRET_LAIR","2","MTG:SECRET_LAIR:SL-E558347311E1F4|SL-E558347311E1F4","2","18"
"Drop: February Superdrop - Li'l Walkers - Non-Foil Edition ? Nonfoil Edition","SECRET_LAIR","2","MTG:SECRET_LAIR:SL-E4AC3EAED9F285|SL-E4AC3EAED9F285","2","35"
"Drop: Secret Lair x Dungeons & Dragons: Gale?s Ambition - Foil Edition ? Foil Edition","SECRET_LAIR","2","MTG:SECRET_LAIR:SL-E5F4CFCD2D1E21|SL-E5F4CFCD2D1E21","2","15"
"Drop: Secret Lair x Hatsune Miku: Digital Sensation EN - Non-Foil Edition ? Nonfoil Edition","SECRET_LAIR","2","MTG:SECRET_LAIR:SL-E6815E809637CD|SL-E6815E809637CD","2","39"
"Drop: Nature is Adorable - Non-Foil Edition ? Nonfoil Edition","SECRET_LAIR","2","MTG:SECRET_LAIR:SL-E63BB6ABED78A1|SL-E63BB6ABED78A1","2","39"
"Drop: Math Is For Blockers - Non-Foil Edition ? Nonfoil Edition","SECRET_LAIR","2","MTG:SECRET_LAIR:SL-E5F7C4556D2AE8|SL-E5F7C4556D2AE8","2","42"
"Drop: Just Add Milk: Second Helpings - Non-Foil Edition ? Nonfoil Edition","SECRET_LAIR","2","MTG:SECRET_LAIR:SL-E397494832E845|SL-E397494832E845","2","38"
"Drop: In Memoriam: Jaya Ballard - Non-Foil Edition ? Nonfoil Edition","SECRET_LAIR","2","MTG:SECRET_LAIR:SL-E3519A1A83A8E6|SL-E3519A1A83A8E6","2","39"
"Drop: Secret Lair x The Princess Bride - Traditional Foil Edition ? Foil Edition","SECRET_LAIR","2","MTG:SECRET_LAIR:SL-E339A090348C36|SL-E339A090348C36","2","42"
"Drop: Secret Lair x Marvel's Iron Man - Non-Foil Edition ? Nonfoil Edition","SECRET_LAIR","2","MTG:SECRET_LAIR:SL-E3D6BE401B6F95|SL-E3D6BE401B6F95","2","31"
"Drop: June Superdrop - Full-of-Foils Bundle ? Foil Edition","SECRET_LAIR","2","MTG:SECRET_LAIR:SL-E4888AAC444029|SL-E4888AAC444029","2","17"
"Drop: Secret Lair x Fallout: Greet the Dog - Traditional Foil Edition ? Foil Edition","SECRET_LAIR","2","MTG:SECRET_LAIR:SL-E44D69BCAF5561|SL-E44D69BCAF5561","2","21"
"Superdrop: The Full-Text Lands - Traditional Foil Edition ? Foil Edition","SECRET_LAIR","2","MTG:SECRET_LAIR:SL-E3E88EC01DA49B|SL-E3E88EC01DA49B","2","58"
"Drop: Secret Lair x Fallout: Vault Boy - Rainbow Foil Edition ? Foil Edition","SECRET_LAIR","2","MTG:SECRET_LAIR:SL-EA3F127E1B6608|SL-EA3F127E1B6608","2","37"
"Drop: Showcase: Kaldheim - Part 2 - Traditional Foil Edition ? Foil Edition","SECRET_LAIR","2","MTG:SECRET_LAIR:SL-EA00AF141F2FAC|SL-EA00AF141F2FAC","2","74"
"Superdrop: The Full-Text Lands - Non-Foil Edition ? Nonfoil Edition","SECRET_LAIR","2","MTG:SECRET_LAIR:SL-E9DEA56D4176E0|SL-E9DEA56D4176E0","2","38"
"Drop: The Strange Sands: Swamp - Rainbow Foil Edition ? Foil Edition","SECRET_LAIR","2","MTG:SECRET_LAIR:SL-EA8B400EB7587C|SL-EA8B400EB7587C","2","55"
"Drop: February Superdrop - Kamigawa: the Manga: the Cards - Traditional Foil Edtion ? Foil Edition","SECRET_LAIR","2","MTG:SECRET_LAIR:SL-EBBF87B2EDF78C|SL-EBBF87B2EDF78C","2","34"
"Drop: Secret Lair x Dungeons & Dragons: Strahd?s Descent - Foil Edition ? Foil Edition","SECRET_LAIR","2","MTG:SECRET_LAIR:SL-EB862139323FA8|SL-EB862139323FA8","2","17"
"Drop: Featuring: Julie Bell - Non-Foil Edition ? Nonfoil Edition","SECRET_LAIR","2","MTG:SECRET_LAIR:SL-EB7E2032D0A931|SL-EB7E2032D0A931","2","36"
"Drop: Astrology Lands (Capricorn) - Non-Foil Edition ? Nonfoil Edition","SECRET_LAIR","2","MTG:SECRET_LAIR:SL-E82C687C9DB063|SL-E82C687C9DB063","2","39"
"Drop: Through the Wormhole - Non-Foil Edition ? Nonfoil Edition","SECRET_LAIR","2","MTG:SECRET_LAIR:SL-E761E1777C5411|SL-E761E1777C5411","2","62"
"Drop: Extra Life 2022 - Non-Foil Edition ? Nonfoil Edition","SECRET_LAIR","2","MTG:SECRET_LAIR:SL-E6ACEF67518AF1|SL-E6ACEF67518AF1","2","42"
"Drop: Featuring: Not a Wolf - Non-Foil Edition ? Nonfoil Edition","SECRET_LAIR","2","MTG:SECRET_LAIR:SL-E84A5B15E6F9C3|SL-E84A5B15E6F9C3","2","38"
"Drop: Secret Lair X MSCHF - Foil Edition ? Foil Edition","SECRET_LAIR","2","MTG:SECRET_LAIR:SL-E976A82043B976|SL-E976A82043B976","2","39"
"Drop: Secret Lair x Monty Python: Monty Python and the Holy Grail: Vol. 2 - Traditional Foil Edition ? Foil Edition","SECRET_LAIR","2","MTG:SECRET_LAIR:SL-E94BE968A3A112|SL-E94BE968A3A112","2","38"
"Drop: Featuring: Peach Momoko - Rainbow Foil Edition ? Foil Edition","SECRET_LAIR","2","MTG:SECRET_LAIR:SL-E8AF55C924629C|SL-E8AF55C924629C","2","36"
"x FINAL FANTASY: Game Over - Rainbow Foil Edition ? Foil Edition","SECRET_LAIR","2","MTG:SECRET_LAIR:SL-DE73D77FB013F4|SL-DE73D77FB013F4","2","67"
"Drop: Featuring: Gary Baseman - Non-Foil Edition ? Nonfoil Edition","SECRET_LAIR","2","MTG:SECRET_LAIR:SL-DD778C566554A0|SL-DD778C566554A0","2","37"
"Drop: Artist Series: John Avon - Traditional Foil Edition ? Foil Edition","SECRET_LAIR","2","MTG:SECRET_LAIR:SL-DD25AF4AC936E2|SL-DD25AF4AC936E2","2","40"
"Drop: PixelSnowLands.jpg - Non-Foil Edition ? Nonfoil Edition","SECRET_LAIR","2","MTG:SECRET_LAIR:SL-DEB0786B62B51D|SL-DEB0786B62B51D","2","41"
"Drop: The Strange Sands: Forest - Non-Foil Edition ? Nonfoil Edition","SECRET_LAIR","2","MTG:SECRET_LAIR:SL-DF5563A6AB6A1B|SL-DF5563A6AB6A1B","2","66"
"Drop: Astrology Lands (Libra) - Traditional Foil Edition ? Foil Edition","SECRET_LAIR","2","MTG:SECRET_LAIR:SL-DEF4A1D4ADC965|SL-DEF4A1D4ADC965","2","41"
"Drop: Bad to the Bones - Traditional Foil Edition ? Foil Edition","SECRET_LAIR","2","MTG:SECRET_LAIR:SL-DEE8CCCA9CFCCE|SL-DEE8CCCA9CFCCE","2","38"
"x FINAL FANTASY: Grimoire - Non-Foil Edition ? Nonfoil Edition","SECRET_LAIR","2","MTG:SECRET_LAIR:SL-DBDF87736B4AD6|SL-DBDF87736B4AD6","2","54"
"Drop: Special Guest: Kozyndan: The Lands - Non-Foil Edition ? Nonfoil Edition","SECRET_LAIR","2","MTG:SECRET_LAIR:SL-DBB9EAD006DF92|SL-DBB9EAD006DF92","2","59"
"Drop: Monster Movie Marathon - Non-Foil Edition ? Nonfoil Edition","SECRET_LAIR","2","MTG:SECRET_LAIR:SL-DB82DC16CD1A6A|SL-DB82DC16CD1A6A","2","41"
"Drop: Showcase: Outlaws of Thunder Junction - Traditional Foil Edition ? Foil Edition","SECRET_LAIR","2","MTG:SECRET_LAIR:SL-DC36FC64429D5D|SL-DC36FC64429D5D","2","53"
"Drop: Artist Series: John Avon - Non-Foil Edition ? Nonfoil Edition","SECRET_LAIR","2","MTG:SECRET_LAIR:SL-DD0C5279EE2007|SL-DD0C5279EE2007","2","40"
"Drop: Just Some Totally Normal Guys - Traditional Foil Edition ? Foil Edition","SECRET_LAIR","2","MTG:SECRET_LAIR:SL-DCDC09399C5D54|SL-DCDC09399C5D54","2","40"
"Drop: Our Boss is on Vacation Superdrop: They Grow Up So Fast - Rainbow Foil Edition ? Foil Edition","SECRET_LAIR","2","MTG:SECRET_LAIR:SL-DCD05FAA1B15E7|SL-DCD05FAA1B15E7","2","29"
"Drop: Featuring: Luke Pearson - Rainbow Foil Edition ? Foil Edition","SECRET_LAIR","2","MTG:SECRET_LAIR:SL-E1E2903CCE3709|SL-E1E2903CCE3709","2","28"
"Drop: Totally TubuLair Superdrop: Turtle Power Foil Bundle ? Foil Edition","SECRET_LAIR","2","MTG:SECRET_LAIR:SL-E19F0A74D8000D|SL-E19F0A74D8000D","2","7"
"Drop: Cool Ocean Breeze - Traditional Foil Edition ? Foil Edition","SECRET_LAIR","2","MTG:SECRET_LAIR:SL-E14AB3D48E2308|SL-E14AB3D48E2308","2","33"
"Drop: Artist Series: Livia Prima - Traditional Foil Edition ? Foil Edition","SECRET_LAIR","2","MTG:SECRET_LAIR:SL-E23BF5EAA4F5AA|SL-E23BF5EAA4F5AA","2","40"
"Drop: Secret Lair x Fallout: Welcome to New Vegas - Non-Foil Edition ? Nonfoil Edition","SECRET_LAIR","2","MTG:SECRET_LAIR:SL-E2DB1B58657D1A|SL-E2DB1B58657D1A","2","15"
"x Ghost of Tsushima - Non-Foil Edition ? Nonfoil Edition","SECRET_LAIR","2","MTG:SECRET_LAIR:SL-E282CE5635F5FC|SL-E282CE5635F5FC","2","57"
"Superdrop: Culture Shocks: Esper - Non-Foil Edition ? Nonfoil Edition","SECRET_LAIR","2","MTG:SECRET_LAIR:SL-E2540C64CF5262|SL-E2540C64CF5262","2","86"
"Drop: Far Out, Man - Non-Foil Edition ? Nonfoil Edition","SECRET_LAIR","2","MTG:SECRET_LAIR:SL-E03F5C270405EA|SL-E03F5C270405EA","2","42"
"Drop: Tome of the Astral Sorceress - Rainbow Foil Edition ? Foil Edition","SECRET_LAIR","2","MTG:SECRET_LAIR:SL-E0190484BE31DE|SL-E0190484BE31DE","2","64"
"Drop: Goblin & Squabblin' - Rainbow Foil Edition ? Foil Edition","SECRET_LAIR","2","MTG:SECRET_LAIR:SL-DFE9AC9C5D05C9|SL-DFE9AC9C5D05C9","2","37"
"Drop: Secret Lair x Dungeons & Dragons: Astarion's Thirst - Non-Foil Edition ? Nonfoil Edition","SECRET_LAIR","2","MTG:SECRET_LAIR:SL-E0414D04317EA2|SL-E0414D04317EA2","2","33"
"Drop: Transformers: Optimus Prime Vs. Megatron - Traditional Foil Edition ? Foil Edition","SECRET_LAIR","2","MTG:SECRET_LAIR:SL-E126175F5EEBFF|SL-E126175F5EEBFF","2","66"
"x Iron Maiden: Album Art - Rainbow Foil Edition ? Foil Edition","SECRET_LAIR","2","MTG:SECRET_LAIR:SL-E06DD3E1E3F4CD|SL-E06DD3E1E3F4CD","2","57"
"Drop: Secret Lair x Marvel's Spider-Man: Villainous Plots - Non-Foil Edition ? Nonfoil Edition","SECRET_LAIR","2","MTG:SECRET_LAIR:SL-E05E06D6578028|SL-E05E06D6578028","2","18"
"Drop: Spring Superdrop 2024: Outlaws of Thunder Junction Bundle - Foil Edition ? Foil Edition","SECRET_LAIR","2","MTG:SECRET_LAIR:SL-F9E21EA0D52C4A|SL-F9E21EA0D52C4A","2","29"
"Drop: February Superdrop - Full-of-Foils Bundle ? Foil Edition","SECRET_LAIR","2","MTG:SECRET_LAIR:SL-F97114C3F34013|SL-F97114C3F34013","2","33"
"x Furby: Doo-ay Noo-lah - Confetti Foil Edition ? Foil Edition","SECRET_LAIR","2","MTG:SECRET_LAIR:SL-F960B8C972DDE8|SL-F960B8C972DDE8","2","57"
"Drop: Notebook Genius - Traditional Foil Edition ? Foil Edition","SECRET_LAIR","2","MTG:SECRET_LAIR:SL-FA32CF1A49D1D5|SL-FA32CF1A49D1D5","2","11"
"Drop: Poker Faces - Non-Foil Edition ? Nonfoil Edition","SECRET_LAIR","2","MTG:SECRET_LAIR:SL-FB1E1566446236|SL-FB1E1566446236","2","38"
"Drop: Secret Lair x Hatsune Miku: Electric Entourage EN - Rainbow Foil Edition ? Foil Edition","SECRET_LAIR","2","MTG:SECRET_LAIR:SL-FB01410D9F3250|SL-FB01410D9F3250","2","34"
"Drop: Black is Magic - Traditional Foil Edition ? Foil Edition","SECRET_LAIR","2","MTG:SECRET_LAIR:SL-FA3D9482741C16|SL-FA3D9482741C16","2","44"
"Drop: Spring Superdrop 2024: Outlaws of Thunder Junction Bundle - Non-Foil Edition ? Nonfoil Edition","SECRET_LAIR","2","MTG:SECRET_LAIR:SL-F7E159B4E7D922|SL-F7E159B4E7D922","2","33"
"Drop: Big Non-Foil Bundle ? Nonfoil Edition","SECRET_LAIR","2","MTG:SECRET_LAIR:SL-F7BF46E86FD15C|SL-F7BF46E86FD15C","2","23"
"Drop: Just Add Milk - Traditional Foil Edition ? Foil Edition","SECRET_LAIR","2","MTG:SECRET_LAIR:SL-F70A9FB130F172|SL-F70A9FB130F172","2","39"
"Drop: Astrology Lands (Gemini) Bundle - Traditional Foil Edition ? Foil Edition","SECRET_LAIR","2","MTG:SECRET_LAIR:SL-F8091FD6F7CD83|SL-F8091FD6F7CD83","2","10"
"Drop: Secret Lair x Brain Dead: New Earth Mentality - Non-Foil Edition ? Nonfoil Edition","SECRET_LAIR","2","MTG:SECRET_LAIR:SL-F8A34E5202D218|SL-F8A34E5202D218","2","17"
"Drop: Featuring: Mitsuhiro Arita - Rainbow Foil Edition ? Foil Edition","SECRET_LAIR","2","MTG:SECRET_LAIR:SL-F886C775F2D753|SL-F886C775F2D753","2","30"
"Drop: Secret Lair x Marvel's Spider-Man: Venom Unleashed (Inks) - Non-Foil Edition ? Nonfoil Edition","SECRET_LAIR","2","MTG:SECRET_LAIR:SL-F87B4FFB3CCD49|SL-F87B4FFB3CCD49","2","20"
"Drop: Our Boss is on Vacation Superdrop: Spongebob Squarepants Bundle - Non-Foil Edition ? Nonfoil Edition","SECRET_LAIR","2","MTG:SECRET_LAIR:SL-FDAA65C601D268|SL-FDAA65C601D268","2","22"
"Drop: Secret Lair x Fortnite: Landmarks and Locations - Non-Foil Edition ? Nonfoil Edition","SECRET_LAIR","2","MTG:SECRET_LAIR:SL-FDA8FA789BE3A1|SL-FDA8FA789BE3A1","2","43"
"Drop: Through the Wormhole - Galaxy Foil Edition ? Foil Edition","SECRET_LAIR","2","MTG:SECRET_LAIR:SL-FD7EED45ECCFC6|SL-FD7EED45ECCFC6","2","49"
"x Play-Doh: Squishful Thinking: Extra Life 2025 - Non-Foil Edition ? Nonfoil Edition","SECRET_LAIR","2","MTG:SECRET_LAIR:SL-FE0F8BC07F7E66|SL-FE0F8BC07F7E66","2","54"
"Drop: Secret Lair x Doctor Who: Regeneration - Traditional Foil Edition ? Foil Edition","SECRET_LAIR","2","MTG:SECRET_LAIR:SL-FFE26A78CDDB2A|SL-FFE26A78CDDB2A","2","38"
"Drop: Secret Lair x Fallout: S.P.E.C.I.A.L. - Rainbow Foil Edition ? Foil Edition","SECRET_LAIR","2","MTG:SECRET_LAIR:SL-FFA400FF14BF49|SL-FFA400FF14BF49","2","33"
"Drop: Secret Lair x Fallout: Rad - Non-Foil Edition ? Nonfoil Edition","SECRET_LAIR","2","MTG:SECRET_LAIR:SL-FF8B50F46CBD31|SL-FF8B50F46CBD31","2","18"
"Drop: Secret Lair x Marvel's Iron Man - Rainbow Foil Edition ? Foil Edition","SECRET_LAIR","2","MTG:SECRET_LAIR:SL-FC44F373482E68|SL-FC44F373482E68","2","29"
"Astrology Lands (Pisces) Bundle - Traditional Foil Edition ? Foil Edition","SECRET_LAIR","2","MTG:SECRET_LAIR:SL-FBADB7587BFD9A|SL-FBADB7587BFD9A","2","9"
"Drop: Pixel Perfect: Extra Life 2024 - Rainbow Foil Edition ? Foil Edition","SECRET_LAIR","2","MTG:SECRET_LAIR:SL-FB1FECB0690176|SL-FB1FECB0690176","2","31"
"Drop: Our Boss is on Vacation Superdrop: Twisted Toons - Rainbow Foil Edition ? Foil Edition","SECRET_LAIR","2","MTG:SECRET_LAIR:SL-FC508070AC9ECD|SL-FC508070AC9ECD","2","20"
"Drop: Artist Series: Volkan Baga - Traditional Foil Edition ? Foil Edition","SECRET_LAIR","2","MTG:SECRET_LAIR:SL-FD569236BFC307|SL-FD569236BFC307","2","41"
"Drop: Astrology Lands (Aquarius) - Traditional Foil Edition ? Foil Edition","SECRET_LAIR","2","MTG:SECRET_LAIR:SL-FD327F76CA9BCB|SL-FD327F76CA9BCB","2","38"
"Drop: Secret Lair x Hatsune Miku: Sakura Superstar EN - Non-Foil Edition ? Nonfoil Edition","SECRET_LAIR","2","MTG:SECRET_LAIR:SL-FCAEA5C157AA2D|SL-FCAEA5C157AA2D","2","36"
"Drop: Tales of the Time Stoppers - Non-Foil Edition ? Nonfoil Edition","SECRET_LAIR","2","MTG:SECRET_LAIR:SL-F0ADDB74A0D856|SL-F0ADDB74A0D856","2","63"
"Drop: Flower Power - Non-Foil Edition ? Nonfoil Edition","SECRET_LAIR","2","MTG:SECRET_LAIR:SL-EFFCE6D4208A63|SL-EFFCE6D4208A63","2","14"
"Drop: Astrology Lands (Virgo) - Traditional Foil Edition ? Foil Edition","SECRET_LAIR","2","MTG:SECRET_LAIR:SL-EF10004B2C3091|SL-EF10004B2C3091","2","42"
"Drop: Secret Lair x Doctor Who: The Weeping Angels - Traditional Foil Edition ? Foil Edition","SECRET_LAIR","2","MTG:SECRET_LAIR:SL-F0D638918879B3|SL-F0D638918879B3","2","46"
"Drop: Li'l'er Walkers - Non-Foil Edition ? Nonfoil Edition","SECRET_LAIR","2","MTG:SECRET_LAIR:SL-F1CC2FF6F7667E|SL-F1CC2FF6F7667E","2","41"
"Drop: Witch's Familiar - Traditional Foil Edition ? Foil Edition","SECRET_LAIR","2","MTG:SECRET_LAIR:SL-F14FB92D2DCBC6|SL-F14FB92D2DCBC6","2","45"
"x Avatar: The Last Airbender: One with the Elements - Rainbow Foil Edition ? Foil Edition","SECRET_LAIR","2","MTG:SECRET_LAIR:SL-F0F3F16536C281|SL-F0F3F16536C281","2","61"
"Drop: Secret Lair x Ghostbusters: Slimer - Rainbow Foil Edition ? Foil Edition","SECRET_LAIR","2","MTG:SECRET_LAIR:SL-EDA5F0018F2448|SL-EDA5F0018F2448","2","34"
"Drop: The Weirdest Pets in the Multiverse - Traditional Foil Edition ? Foil Edition","SECRET_LAIR","2","MTG:SECRET_LAIR:SL-EC805E73DB692C|SL-EC805E73DB692C","2","66"
"Drop: Summer Superdrop - The Path Not Traveled - Traditional Foil Edition ? Foil Edition","SECRET_LAIR","2","MTG:SECRET_LAIR:SL-EBF12D8FC470D3|SL-EBF12D8FC470D3","2","45"
"Drop: Secretversary Superdrop - We Hope You Like Squirrels - Traditional Foil Edition ? Foil Edition","SECRET_LAIR","2","MTG:SECRET_LAIR:SL-EE12104C3A49E7|SL-EE12104C3A49E7","2","48"
"x Furby: The Oddbodies - Rainbow Foil Edition ? Foil Edition","SECRET_LAIR","2","MTG:SECRET_LAIR:SL-EF03D947F97187|SL-EF03D947F97187","2","50"
"Drop: Pride Across the Multiverse - Non-Foil Edition ? Nonfoil Edition","SECRET_LAIR","2","MTG:SECRET_LAIR:SL-EE882204CA80F5|SL-EE882204CA80F5","2","43"
"Drop: Magic: The Baseballing - Non-Foil Edition ? Nonfoil Edition","SECRET_LAIR","2","MTG:SECRET_LAIR:SL-EE73A455D6DAFC|SL-EE73A455D6DAFC","2","39"
"Drop: Ferocious Foil Bundle ? Foil Edition","SECRET_LAIR","2","MTG:SECRET_LAIR:SL-F546FBC2EE4D47|SL-F546FBC2EE4D47","2","13"
"Drop: Our Boss is on Vacation Superdrop: Spongebob Squarepants: Legends of Bikini Bottom - Rainbow Foil Edition ? Foil Edition","SECRET_LAIR","2","MTG:SECRET_LAIR:SL-F4DBBBEC3CFEB4|SL-F4DBBBEC3CFEB4","2","32"
"x FINAL FANTASY: Weapons - Rainbow Foil Edition ? Foil Edition","SECRET_LAIR","2","MTG:SECRET_LAIR:SL-F4A97CEA3A7C1C|SL-F4A97CEA3A7C1C","2","58"
"Drop: Transformers Non-Foil Bundle ? Nonfoil Edition","SECRET_LAIR","2","MTG:SECRET_LAIR:SL-F5FC37E9763B7C|SL-F5FC37E9763B7C","2","10"
"x The Last of Us Part II - Non-Foil Edition ? Nonfoil Edition","SECRET_LAIR","2","MTG:SECRET_LAIR:SL-F6CE9EEE501707|SL-F6CE9EEE501707","2","50"
"Drop: Winter Superdrop 2025: Survival-Grade Foils Bundle ? Foil Edition","SECRET_LAIR","2","MTG:SECRET_LAIR:SL-F66DFA42E52417|SL-F66DFA42E52417","2","20"
"Drop: Black is Magic - Non-Foil Edition ? Nonfoil Edition","SECRET_LAIR","2","MTG:SECRET_LAIR:SL-F638B39456864F|SL-F638B39456864F","2","41"
"Drop: Special Guest: Kelogsloops - Traditional Foil Edition ? Foil Edition","SECRET_LAIR","2","MTG:SECRET_LAIR:SL-F378E79C981B5B|SL-F378E79C981B5B","2","69"
"Drop: Prints of Darkness - Rainbow Foil Edition ? Foil Edition","SECRET_LAIR","2","MTG:SECRET_LAIR:SL-F2F5EBEEEBD0C5|SL-F2F5EBEEEBD0C5","2","29"
"Drop: Secret Lair x Marvel's Spider-Man: Daily Bugle Breaking News - Rainbow Foil Edition ? Foil Edition","SECRET_LAIR","2","MTG:SECRET_LAIR:SL-F26AFF6BB24E88|SL-F26AFF6BB24E88","2","22"
"Drop: Our Boss is on Vacation Superdrop: Spongebob Squarepants: Legends of Bikini Bottom - Non-Foil Edition ? Nonfoil Edition","SECRET_LAIR","2","MTG:SECRET_LAIR:SL-F3C784F688A104|SL-F3C784F688A104","2","26"
"Drop: City Styles - Traditional Foil Edition ? Foil Edition","SECRET_LAIR","2","MTG:SECRET_LAIR:SL-F46976B12ECA22|SL-F46976B12ECA22","2","44"
"Drop: Secret Lair x Dungeons & Dragons: An Exhibition of Adventure - Rainbow Foil Edition ? Foil Edition","SECRET_LAIR","2","MTG:SECRET_LAIR:SL-F3F1C2A23E48D0|SL-F3F1C2A23E48D0","2","34"
"Drop: Secret Lair x Dungeons & Dragons: Death is in the Eyes of the Beholder I - Rainbow Foil Edition ? Foil Edition","SECRET_LAIR","2","MTG:SECRET_LAIR:SL-F3D3088DA018D0|SL-F3D3088DA018D0","2","33"
"x Blood Bowl - Traditional Foil Edition ? Foil Edition","SECRET_LAIR","2","MTG:SECRET_LAIR:SL-DA95D95DF8A49D|SL-DA95D95DF8A49D","2","86"
"Drop: Artist Series: Kev Walker - Non-Foil Edition ? Nonfoil Edition","SECRET_LAIR","2","MTG:SECRET_LAIR:SL-C1564B1CC85C5F|SL-C1564B1CC85C5F","2","40"
"Drop: Artist Series: Sidharth Chaturvedi - Traditional Foil Edition ? Foil Edition","SECRET_LAIR","2","MTG:SECRET_LAIR:SL-C0AA65531F16E2|SL-C0AA65531F16E2","2","42"
"Drop: Artist Series: Nils Hamm - Non-Foil Edition ? Nonfoil Edition","SECRET_LAIR","2","MTG:SECRET_LAIR:SL-C09C8446FDE850|SL-C09C8446FDE850","2","41"
"Drop: Valentine's Day 2021 - Non-Foil Edition ? Nonfoil Edition","SECRET_LAIR","2","MTG:SECRET_LAIR:SL-C1A0A189180507|SL-C1A0A189180507","2","63"
"Drop: Prints Charming - Non-Foil Edition ? Nonfoil Edition","SECRET_LAIR","2","MTG:SECRET_LAIR:SL-C2DA212EE2424D|SL-C2DA212EE2424D","2","16"
"x The Office: Dwight's Destiny - Traditional Foil Edition ? Foil Edition","SECRET_LAIR","2","MTG:SECRET_LAIR:SL-C24946B295061F|SL-C24946B295061F","2","51"
"Drop: Fblthp: Completely, Utterly, Totally Lost - Non-Foil Edition ? Nonfoil Edition","SECRET_LAIR","2","MTG:SECRET_LAIR:SL-C2217F8AD4F84B|SL-C2217F8AD4F84B","2","45"
"Drop: August Superdrop - Non-stop, Non-Foil Bundle ? Nonfoil Edition","SECRET_LAIR","2","MTG:SECRET_LAIR:SL-BFF6DA64140996|SL-BFF6DA64140996","2","20"
"Drop: Dan Frazier is Back: The Allied Signets - Foil Etched Edition ? Foil Edition","SECRET_LAIR","2","MTG:SECRET_LAIR:SL-BFAF5430109A2E|SL-BFAF5430109A2E","2","42"
"Drop: Here Be Dragons - Foil ? Foil Edition","SECRET_LAIR","2","MTG:SECRET_LAIR:SL-BFACC46E5A3310|SL-BFACC46E5A3310","2","40"
"Drop: Astrology Lands (Virgo) - Non-Foil Edition ? Nonfoil Edition","SECRET_LAIR","2","MTG:SECRET_LAIR:SL-C03E05940DAAFA|SL-C03E05940DAAFA","2","22"
"Drop: Secret Lair x Chucky - Traditional Foil Edition ? Foil Edition","SECRET_LAIR","2","MTG:SECRET_LAIR:SL-C07200E6FB8843|SL-C07200E6FB8843","2","36"
"Drop: Poker Faces - Rainbow Foil Edition ? Foil Edition","SECRET_LAIR","2","MTG:SECRET_LAIR:SL-C04853F17A0313|SL-C04853F17A0313","2","38"
"Drop: Far Out, Man - Traditional Foil Edition ? Foil Edition","SECRET_LAIR","2","MTG:SECRET_LAIR:SL-C0418534DE36CF|SL-C0418534DE36CF","2","44"
"Drop: Secret Lair x Jurassic World: Life Breaks Free - Rainbow Foil Edition ? Foil Edition","SECRET_LAIR","2","MTG:SECRET_LAIR:SL-C649AFADB4E38B|SL-C649AFADB4E38B","2","38"
"Drop: Secret Lair x Jurassic World: Dr. Ian Malcolm - Non-Foil Edition ? Nonfoil Edition","SECRET_LAIR","2","MTG:SECRET_LAIR:SL-C5A93064AA668C|SL-C5A93064AA668C","2","41"
"Drop: Crocodile Jackson's Monstrous Menagerie - Foil Etched Edition ? Foil Edition","SECRET_LAIR","2","MTG:SECRET_LAIR:SL-C59DE249DE7287|SL-C59DE249DE7287","2","38"
"x Jaws: Terror of Amity Island - Rainbow Foil Edition ? Foil Edition","SECRET_LAIR","2","MTG:SECRET_LAIR:SL-C70FCBB505BD77|SL-C70FCBB505BD77","2","49"
"Drop: Secret Lair x Marvel's Spider-Man: Mana Symbiote - Raised Foil Edition ? Foil Edition","SECRET_LAIR","2","MTG:SECRET_LAIR:SL-C805DBBC1C6677|SL-C805DBBC1C6677","2","20"
"Drop: Secret Lair x Monty Python: Monty Python and the Holy Grail: Vol. 1 - Non-Foil Edition ? Nonfoil Edition","SECRET_LAIR","2","MTG:SECRET_LAIR:SL-C7694953E368F4|SL-C7694953E368F4","2","34"
"Drop: Mother's Day 2021 - Non-Foil Edition ? Nonfoil Edition","SECRET_LAIR","2","MTG:SECRET_LAIR:SL-C72D4B2E5B3130|SL-C72D4B2E5B3130","2","39"
"Drop: Purr Majesty - Non-Foil Edition ? Nonfoil Edition","SECRET_LAIR","2","MTG:SECRET_LAIR:SL-C43B4DA056180D|SL-C43B4DA056180D","2","14"
"Drop: Outlaw Anthology Vol. 1: Rebellious Renegades - Rainbow Foil Edition ? Foil Edition","SECRET_LAIR","2","MTG:SECRET_LAIR:SL-C3D0A31003B38B|SL-C3D0A31003B38B","2","38"
"Drop: Secret Lair x Brain Dead: Staples - Non-Foil Edition ? Nonfoil Edition","SECRET_LAIR","2","MTG:SECRET_LAIR:SL-C3A8669A77CF0F|SL-C3A8669A77CF0F","2","38"
"Drop: City Styles 2: Dressed to Kill - Rainbow Foil Edition ? Foil Edition","SECRET_LAIR","2","MTG:SECRET_LAIR:SL-C44AE37BDB68A9|SL-C44AE37BDB68A9","2","30"
"Drop: Secret Lair x Dungeons & Dragons: Lands of the Forgotten Realms - Non-Foil Edition ? Nonfoil Edition","SECRET_LAIR","2","MTG:SECRET_LAIR:SL-C53B25CD55720F|SL-C53B25CD55720F","2","19"
"Drop: Secret Lair x Hatsune Miku: Digital Sensation EN - Rainbow Foil Edition ? Foil Edition","SECRET_LAIR","2","MTG:SECRET_LAIR:SL-C4E698097E6EB6|SL-C4E698097E6EB6","2","38"
"Drop: The Ultimate Pencil - Non-Foil Bundle ? Nonfoil Edition","SECRET_LAIR","2","MTG:SECRET_LAIR:SL-C4573F398978D7|SL-C4573F398978D7","2","12"
"Drop: Secret Lair x Brain Dead: Lands - Rainbow Foil Edition ? Foil Edition","SECRET_LAIR","2","MTG:SECRET_LAIR:SL-BA4475B87E38DE|SL-BA4475B87E38DE","2","38"
"Drop: Artist Series: Alayna Danner - Non-Foil Edition ? Nonfoil Edition","SECRET_LAIR","2","MTG:SECRET_LAIR:SL-B9EC0C6C5561F1|SL-B9EC0C6C5561F1","2","37"
"Drop: Li'l'est Walkers - Non-Foil Edition ? Nonfoil Edition","SECRET_LAIR","2","MTG:SECRET_LAIR:SL-B959CE689FE1E3|SL-B959CE689FE1E3","2","42"
"Drop: Nature is Adorable - Traditional Foil Edition ? Foil Edition","SECRET_LAIR","2","MTG:SECRET_LAIR:SL-BA53143C1DDB56|SL-BA53143C1DDB56","2","39"
"Drop: Saturday Morning D&D - Non-Foil Edition ? Nonfoil Edition","SECRET_LAIR","2","MTG:SECRET_LAIR:SL-BB4FA54DEBF880|SL-BB4FA54DEBF880","2","41"
"Drop: Secret Lair Promo: Sol Ring - Rainbow Foil Edition ? Foil Edition","SECRET_LAIR","2","MTG:SECRET_LAIR:SL-BB4A4AE1ECFE2A|SL-BB4A4AE1ECFE2A","2","33"
"Drop: Big Foil Bundle ? Foil Edition","SECRET_LAIR","2","MTG:SECRET_LAIR:SL-BB18909619320D|SL-BB18909619320D","2","22"
"Drop: Mycosynthwave - Non-Foil Edition ? Nonfoil Edition","SECRET_LAIR","2","MTG:SECRET_LAIR:SL-B81DED4DD2F7F0|SL-B81DED4DD2F7F0","2","41"
"Drop: Secret Lair x Brain Dead: Creatures - Rainbow Foil Edition ? Foil Edition","SECRET_LAIR","2","MTG:SECRET_LAIR:SL-B7E3C5DC70940E|SL-B7E3C5DC70940E","2","39"
"Drop: Artist Series: Rebecca Guay - Traditional Foil Edition ? Foil Edition","SECRET_LAIR","2","MTG:SECRET_LAIR:SL-B762CD279E0001|SL-B762CD279E0001","2","41"
"Drop: Secret Lair x My Little Pony: The Lands of Equestria - Traditional Foil Edition ? Foil Edition","SECRET_LAIR","2","MTG:SECRET_LAIR:SL-B8DCA91EB62983|SL-B8DCA91EB62983","2","13"
"Drop: Astrology Lands (Aquarius) Bundle - Traditional Foil Edition ? Foil Edition","SECRET_LAIR","2","MTG:SECRET_LAIR:SL-B9580FD00B16BE|SL-B9580FD00B16BE","2","12"
"Drop: KEXP: You Are Not Alone - Rainbow Foil Edition ? Foil Edition","SECRET_LAIR","2","MTG:SECRET_LAIR:SL-B92B03D94C10E9|SL-B92B03D94C10E9","2","24"
"Drop: Draw Your Hand - Traditional Foil Edition ? Foil Edition","SECRET_LAIR","2","MTG:SECRET_LAIR:SL-B9248149A4056B|SL-B9248149A4056B","2","42"
"Drop: Artist Series: Sidharth Chaturvedi - Non-Foil Edition ? Nonfoil Edition","SECRET_LAIR","2","MTG:SECRET_LAIR:SL-BF2B66F024D88D|SL-BF2B66F024D88D","2","40"
"Drop: The Strange Sands: Forest - Rainbow Foil Edition ? Foil Edition","SECRET_LAIR","2","MTG:SECRET_LAIR:SL-BF202C705FA210|SL-BF202C705FA210","2","61"
"x Iron Maiden: Album Art - Non-Foil Edition ? Nonfoil Edition","SECRET_LAIR","2","MTG:SECRET_LAIR:SL-BF1ED354A371C1|SL-BF1ED354A371C1","2","46"
"Drop: Goblin & Squabblin' - Non-Foil Edition ? Nonfoil Edition","SECRET_LAIR","2","MTG:SECRET_LAIR:SL-BF3E293642759E|SL-BF3E293642759E","2","36"
"x Furby: The Oddbodies - Confetti Foil Edition ? Foil Edition","SECRET_LAIR","2","MTG:SECRET_LAIR:SL-BF755AD9D8CE5F|SL-BF755AD9D8CE5F","2","60"
"Drop: Secret Lair x Brain Dead: Lands - Non-Foil Edition ? Nonfoil Edition","SECRET_LAIR","2","MTG:SECRET_LAIR:SL-BF5BC53AD18E85|SL-BF5BC53AD18E85","2","40"
"Drop: Secret Lair x Marvel's Storm - Non-Foil Edition ? Nonfoil Edition","SECRET_LAIR","2","MTG:SECRET_LAIR:SL-BF588F593E480E|SL-BF588F593E480E","2","34"
"Drop: Secret Lair x Monty Python: Monty Python and the Holy Grail: Vol. 2 - Non-Foil Edition ? Nonfoil Edition","SECRET_LAIR","2","MTG:SECRET_LAIR:SL-BBC8F93DE82CE5|SL-BBC8F93DE82CE5","2","35"
"Drop: Secret Lair x Hatsune Miku: Winter Diva EN - Rainbow Foil Edition ? Foil Edition","SECRET_LAIR","2","MTG:SECRET_LAIR:SL-BB7E07A2986BB4|SL-BB7E07A2986BB4","2","29"
"x The Office: Dwight's Destiny - Non-Foil Edition ? Nonfoil Edition","SECRET_LAIR","2","MTG:SECRET_LAIR:SL-BB54D8943F73E3|SL-BB54D8943F73E3","2","61"
"Drop: Our Boss is on Vacation Superdrop: Break Room Disco Ball Made of Foils Bundle ? Foil Edition","SECRET_LAIR","2","MTG:SECRET_LAIR:SL-BC079E499A94AF|SL-BC079E499A94AF","2","15"
"Drop: vroooOOOMMMMMM! - Raised Foil Edition ? Foil Edition","SECRET_LAIR","2","MTG:SECRET_LAIR:SL-BD4B37C3973D10|SL-BD4B37C3973D10","2","58"
"Drop: The Strange Sands: Swamp - Non-Foil Edition ? Nonfoil Edition","SECRET_LAIR","2","MTG:SECRET_LAIR:SL-BD0B168FBB02B6|SL-BD0B168FBB02B6","2","64"
"Drop: Back in My Day! - Non-Foil Edition ? Nonfoil Edition","SECRET_LAIR","2","MTG:SECRET_LAIR:SL-BC4683677FBC3C|SL-BC4683677FBC3C","2","12"
"Drop: Time Trouble Two - Traditional Foil Edition ? Foil Edition","SECRET_LAIR","2","MTG:SECRET_LAIR:SL-D2FCABD86AD689|SL-D2FCABD86AD689","2","71"
"Drop: In Memoriam: Jaya Ballard - Traditional Foil Edition ? Foil Edition","SECRET_LAIR","2","MTG:SECRET_LAIR:SL-D263E9818F8B46|SL-D263E9818F8B46","2","42"
"Drop: Artist Series: Aleksi Briclot - Traditional Foil Edition ? Foil Edition","SECRET_LAIR","2","MTG:SECRET_LAIR:SL-D23F4A9FC75D03|SL-D23F4A9FC75D03","2","43"
"Drop: Special Guest: Yoji Shinkawa (English) - Traditional Foil Edition ? Foil Edition","SECRET_LAIR","2","MTG:SECRET_LAIR:SL-D367F0D637FE13|SL-D367F0D637FE13","2","64"
"Drop: Astrology Lands (Cancer) - Traditional Foil Edition ? Foil Edition","SECRET_LAIR","2","MTG:SECRET_LAIR:SL-D62B35CD192D99|SL-D62B35CD192D99","2","41"
"x Blood Bowl - Non-Foil Edition ? Nonfoil Edition","SECRET_LAIR","2","MTG:SECRET_LAIR:SL-D608F5D4F5385E|SL-D608F5D4F5385E","2","70"
"Drop: Secretversary Superdrop - Artist Series: Seb McKinnon - Traditional Foil Edition ? Foil Edition","SECRET_LAIR","2","MTG:SECRET_LAIR:SL-D3778B65B20E24|SL-D3778B65B20E24","2","44"
"Drop: Featuring: Kevin Eastman (Colors) - Non-Foil Edition ? Nonfoil Edition","SECRET_LAIR","2","MTG:SECRET_LAIR:SL-D13D0C095C023B|SL-D13D0C095C023B","2","12"
"x Avatar: The Last Airbender Superdrop: Avatar State Non-Foil Bundle ? Nonfoil Edition","SECRET_LAIR","2","MTG:SECRET_LAIR:SL-D133893D13E78E|SL-D133893D13E78E","2","48"
"Drop: Astrology Lands (Capricorn) Bundle - Traditional Foil Edition ? Foil Edition","SECRET_LAIR","2","MTG:SECRET_LAIR:SL-D126DBCCB251DC|SL-D126DBCCB251DC","2","13"
"Drop: KEXP: Where the Music Matters - Rainbow Foil Edition ? Foil Edition","SECRET_LAIR","2","MTG:SECRET_LAIR:SL-D14CD1568AC703|SL-D14CD1568AC703","2","26"
"Astrology Lands (Pisces) - Non-Foil Edition ? Nonfoil Edition","SECRET_LAIR","2","MTG:SECRET_LAIR:SL-D1A162914F5B85|SL-D1A162914F5B85","2","38"
"Drop: Inked - Non-Foil Edition ? Nonfoil Edition","SECRET_LAIR","2","MTG:SECRET_LAIR:SL-D18A4E24571B1B|SL-D18A4E24571B1B","2","14"
"Drop: Showcase: Dominaria United - Textured Foil Edition ? Foil Edition","SECRET_LAIR","2","MTG:SECRET_LAIR:SL-D1513B904FE27E|SL-D1513B904FE27E","2","60"
"Drop: Secret Lair x Garfield: As Intended - Non-Foil Edition ? Nonfoil Edition","SECRET_LAIR","2","MTG:SECRET_LAIR:SL-D91B54107A78A7|SL-D91B54107A78A7","2","11"
"Drop: Arcade Racers - Rainbow Foil Edition ? Foil Edition","SECRET_LAIR","2","MTG:SECRET_LAIR:SL-D8B6168FF7A7AD|SL-D8B6168FF7A7AD","2","27"
"Drop: Artist Series: Rovina Cai - Non-Foil Edition ? Nonfoil Edition","SECRET_LAIR","2","MTG:SECRET_LAIR:SL-D85757C8DB2B40|SL-D85757C8DB2B40","2","37"
"Drop: Omens of Chaos - Non-Foil Edition ? Nonfoil Edition","SECRET_LAIR","2","MTG:SECRET_LAIR:SL-D9CB56BE93955C|SL-D9CB56BE93955C","2","9"
"Drop: The Beauty of the Beasts - Rainbow Foil Edition ? Foil Edition","SECRET_LAIR","2","MTG:SECRET_LAIR:SL-DA7F8AD7B0BC80|SL-DA7F8AD7B0BC80","2","69"
"Drop: Deceptive Divination - Non-Foil Edition ? Nonfoil Edition","SECRET_LAIR","2","MTG:SECRET_LAIR:SL-DA137A8920D7BE|SL-DA137A8920D7BE","2","44"
"Drop: February Superdrop - Shades Not Included - Traditional Foil Edition ? Foil Edition","SECRET_LAIR","2","MTG:SECRET_LAIR:SL-DA0255DFD87A79|SL-DA0255DFD87A79","2","31"
"Drop: Secretversary Superdrop - A Box of Rocks - Traditional Foil Edition ? Foil Edition","SECRET_LAIR","2","MTG:SECRET_LAIR:SL-D68D9EB4249382|SL-D68D9EB4249382","2","45"
"Ponies: The Galloping 2: Extra Life 2023 - Non-Foil Edition ? Nonfoil Edition","SECRET_LAIR","2","MTG:SECRET_LAIR:SL-D68D8EB45F05E9|SL-D68D8EB45F05E9","2","73"
"Drop: The Godzilla Lands - Traditional Foil Edition ? Foil Edition","SECRET_LAIR","2","MTG:SECRET_LAIR:SL-D62C510B60B977|SL-D62C510B60B977","2","84"
"Drop: Showcase: All Will Be One - Step-and-Compleat Foil Edition ? Foil Edition","SECRET_LAIR","2","MTG:SECRET_LAIR:SL-D6C7802610A57F|SL-D6C7802610A57F","2","54"
"Drop: Pride Across the Multiverse - Traditional Foil Edition ? Foil Edition","SECRET_LAIR","2","MTG:SECRET_LAIR:SL-D80EFE168FB6A1|SL-D80EFE168FB6A1","2","43"
"Drop: Our Boss is on Vacation Superdrop: Garden Buds - Non-Foil Edition ? Nonfoil Edition","SECRET_LAIR","2","MTG:SECRET_LAIR:SL-D7984A9CB76C99|SL-D7984A9CB76C99","2","30"
"Drop: Artist Series: Ryan Alexander Lee - Traditional Foil Edition ? Foil Edition","SECRET_LAIR","2","MTG:SECRET_LAIR:SL-D792C24E8A09CF|SL-D792C24E8A09CF","2","42"
"Roadshow Edition: So Salty - Traditional Foil Edition ? Foil Edition","SECRET_LAIR","2","MTG:SECRET_LAIR:SL-CA46F5F5791EBB|SL-CA46F5F5791EBB","2","61"
"Drop: February Superdrop - Non-stop, Non-Foil Bundle ? Nonfoil Edition","SECRET_LAIR","2","MTG:SECRET_LAIR:SL-CA3A146FC06964|SL-CA3A146FC06964","2","21"
"Drop: Finally! Left-Handed Magic Cards - Traditional Foil Edition ? Foil Edition","SECRET_LAIR","2","MTG:SECRET_LAIR:SL-CA2C167AAFAD55|SL-CA2C167AAFAD55","2","42"
"Drop: Secret Lair x Teenage Mutant Ninja Turtles: VHS Villains - Traditional Foil Edition ? Foil Edition","SECRET_LAIR","2","MTG:SECRET_LAIR:SL-CA6CCECFEBEC2C|SL-CA6CCECFEBEC2C","2","17"
"Drop: Showcase: Read The Fine Print - Traditional Foil Edition ? Foil Edition","SECRET_LAIR","2","MTG:SECRET_LAIR:SL-CBFED1F92A630D|SL-CBFED1F92A630D","2","72"
"Drop: Outlaw Anthology Vol. 1: Rebellious Renegades - Non-Foil Edition ? Nonfoil Edition","SECRET_LAIR","2","MTG:SECRET_LAIR:SL-CB766B61EEFB6E|SL-CB766B61EEFB6E","2","40"
"Drop: Featuring: Luke Pearson - Non-Foil Edition ? Nonfoil Edition","SECRET_LAIR","2","MTG:SECRET_LAIR:SL-CAEFD21D151456|SL-CAEFD21D151456","2","26"
"Drop: Secret Lair x Hatsune Miku: Winter Diva EN - Non-Foil Edition ? Nonfoil Edition","SECRET_LAIR","2","MTG:SECRET_LAIR:SL-C8B08A7139FC31|SL-C8B08A7139FC31","2","27"
"Astrology Lands (Aries) - Traditional Foil Edition ? Foil Edition","SECRET_LAIR","2","MTG:SECRET_LAIR:SL-C83649108644FE|SL-C83649108644FE","2","40"
"Drop: Every Dog Has Its Day - Non-Foil Edition ? Nonfoil Edition","SECRET_LAIR","2","MTG:SECRET_LAIR:SL-C80FAE8D249054|SL-C80FAE8D249054","2","41"
"Drop: Gift Wrapped - Non-Foil Edition ? Nonfoil Edition","SECRET_LAIR","2","MTG:SECRET_LAIR:SL-C94DD14ECC45A6|SL-C94DD14ECC45A6","2","42"
"Drop: vroooOOOMMMMMM! - Raised Foil Playset Bundle ? Foil Edition","SECRET_LAIR","2","MTG:SECRET_LAIR:SL-CA17EB83C29B15|SL-CA17EB83C29B15","2","54"
"Drop: Transformers: One Shall Stand, One Shall Fall - Non-Foil Edition ? Nonfoil Edition","SECRET_LAIR","2","MTG:SECRET_LAIR:SL-C9B2F11CEB5F77|SL-C9B2F11CEB5F77","2","54"
"Drop: Dan Frazier is Back: The Enemy Signets - Foil Etched Edition ? Foil Edition","SECRET_LAIR","2","MTG:SECRET_LAIR:SL-C999737763FC53|SL-C999737763FC53","2","40"
"Drop: Goblingram - Non-Foil Edition ? Nonfoil Edition","SECRET_LAIR","2","MTG:SECRET_LAIR:SL-CE3BB4F7AF5651|SL-CE3BB4F7AF5651","2","36"
"Drop: Just Add Milk: Second Helpings - Traditional Foil Edition ? Foil Edition","SECRET_LAIR","2","MTG:SECRET_LAIR:SL-CE39B48D52F07A|SL-CE39B48D52F07A","2","39"
"Drop: Aether Drifters - Non-Foil Edition ? Nonfoil Edition","SECRET_LAIR","2","MTG:SECRET_LAIR:SL-CE0D22C4A5732F|SL-CE0D22C4A5732F","2","29"
"Drop: Secret Lair x Stranger Things - Non-Foil Edition ? Nonfoil Edition","SECRET_LAIR","2","MTG:SECRET_LAIR:SL-CE6909ECF00CA8|SL-CE6909ECF00CA8","2","42"
"Drop: Secret Lair x Dungeons & Dragons: Death is in the Eyes of the Beholder II - Non-Foil Edition ? Nonfoil Edition","SECRET_LAIR","2","MTG:SECRET_LAIR:SL-D061A6FE209B52|SL-D061A6FE209B52","2","33"
"Drop: Return to Mystical Archive - Traditional Foil Edition ? Foil Edition","SECRET_LAIR","2","MTG:SECRET_LAIR:SL-CFD92A398D8349|SL-CFD92A398D8349","2","12"
"Drop: The Art of Frank Frazetta - Traditional Foil Edition ? Foil Edition","SECRET_LAIR","2","MTG:SECRET_LAIR:SL-CED357C3AB21E8|SL-CED357C3AB21E8","2","70"
"Drop: Pixel Perfect: Extra Life 2024 - Non-Foil Edition ? Nonfoil Edition","SECRET_LAIR","2","MTG:SECRET_LAIR:SL-CCE426CFBA5D07|SL-CCE426CFBA5D07","2","32"
"Superdrop: Supershock Bundle - Non-Foil Edition ? Nonfoil Edition","SECRET_LAIR","2","MTG:SECRET_LAIR:SL-CC5293951E84F8|SL-CC5293951E84F8","2","29"
"x The Last of Us Part II - Rainbow Foil Edition ? Foil Edition","SECRET_LAIR","2","MTG:SECRET_LAIR:SL-CC030DBD6E29FE|SL-CC030DBD6E29FE","2","55"
"Drop: Tome of the Astral Sorceress - Non-Foil Edition ? Nonfoil Edition","SECRET_LAIR","2","MTG:SECRET_LAIR:SL-CD2FC308C3644A|SL-CD2FC308C3644A","2","67"
"x Post Malone: Backstage Pass - Non-Foil Edition ? Nonfoil Edition","SECRET_LAIR","2","MTG:SECRET_LAIR:SL-CD67446B439F75|SL-CD67446B439F75","2","74"
"Drop: Special Guest: Kelogsloops - Non-Foil Edition ? Nonfoil Edition","SECRET_LAIR","2","MTG:SECRET_LAIR:SL-CD637B6154FA4F|SL-CD637B6154FA4F","2","63"
"Drop: Secret Lair x Dungeons & Dragons: Karlach's Rage - Non-Foil Edition ? Nonfoil Edition","SECRET_LAIR","2","MTG:SECRET_LAIR:SL-CD43B6F3D7A59F|SL-CD43B6F3D7A59F","2","31"
"Strixhaven: School of Mages Collector Booster Display","COLLECTOR_BOOSTER_BOX","2","MTG:COLLECTOR_BOOSTER_BOX:TCGCSV-2773-233232|TCGCSV-2773-233232","2","65"
"Kaldheim Collector Booster Display","COLLECTOR_BOOSTER_BOX","2","MTG:COLLECTOR_BOOSTER_BOX:TCGCSV-2750-228249|TCGCSV-2750-228249","2","76"
"Commander Legends Collector Booster Display","COLLECTOR_BOOSTER_BOX","2","MTG:COLLECTOR_BOOSTER_BOX:TCGCSV-2708-221323|TCGCSV-2708-221323","2","74"
"Modern Horizons 2 Collector Booster Display","COLLECTOR_BOOSTER_BOX","2","MTG:COLLECTOR_BOOSTER_BOX:TCGCSV-2809-236348|TCGCSV-2809-236348","2","71"
"Innistrad: Midnight Hunt Collector Booster Display","COLLECTOR_BOOSTER_BOX","2","MTG:COLLECTOR_BOOSTER_BOX:TCGCSV-2864-244384|TCGCSV-2864-244384","2","71"
"Innistrad: Crimson Vow Collector Booster Display","COLLECTOR_BOOSTER_BOX","2","MTG:COLLECTOR_BOOSTER_BOX:TCGCSV-2862-246457|TCGCSV-2862-246457","2","76"
"Adventures in the Forgotten Realms Collector Booster Display","COLLECTOR_BOOSTER_BOX","2","MTG:COLLECTOR_BOOSTER_BOX:TCGCSV-2823-238745|TCGCSV-2823-238745","2","71"
"The Hobbit Collector Booster Display","COLLECTOR_BOOSTER_BOX","2","MTG:COLLECTOR_BOOSTER_BOX:TCGCSV-24683-692963|TCGCSV-24683-692963","2","43"
"Secrets of Strixhaven Collector Booster Display","COLLECTOR_BOOSTER_BOX","2","MTG:COLLECTOR_BOOSTER_BOX:TCGCSV-24601-675558|TCGCSV-24601-675558","2","41"
"Marvel Super Heroes Collector Booster Display","COLLECTOR_BOOSTER_BOX","2","MTG:COLLECTOR_BOOSTER_BOX:TCGCSV-24553-675606|TCGCSV-24553-675606","2","45"
"Reality Fracture Collector Booster Display","COLLECTOR_BOOSTER_BOX","2","MTG:COLLECTOR_BOOSTER_BOX:TCGCSV-24684-692983|TCGCSV-24684-692983","2","27"
"Core Set 2021 Collector Booster Display","COLLECTOR_BOOSTER_BOX","2","MTG:COLLECTOR_BOOSTER_BOX:TCGCSV-2653-214818|TCGCSV-2653-214818","2","74"
"Zendikar Rising Collector Booster Display","COLLECTOR_BOOSTER_BOX","2","MTG:COLLECTOR_BOOSTER_BOX:TCGCSV-2648-220423|TCGCSV-2648-220423","2","69"
"Ikoria: Lair of Behemoths Collector Booster Display","COLLECTOR_BOOSTER_BOX","2","MTG:COLLECTOR_BOOSTER_BOX:TCGCSV-2603-208279|TCGCSV-2603-208279","2","75"
"Drop: The Dracula Lands - Traditional Foil Edition ? Foil Edition","SECRET_LAIR","2","MTG:SECRET_LAIR:SL-01A33A04CE8DA9|SL-01A33A04CE8DA9","2","78"
"Cats Are the Best Superdrop: Nine Lives Non-Foil Bundle ? Nonfoil Edition","SECRET_LAIR","2","MTG:SECRET_LAIR:SL-0170AA960296CD|SL-0170AA960296CD","2","9"
"Drop: Artist Series: Victor Adame Minguez - Traditional Foil Edition ? Foil Edition","SECRET_LAIR","2","MTG:SECRET_LAIR:SL-014CB03DE34288|SL-014CB03DE34288","2","41"
"Drop: Totally Spaced Out - Galaxy Foil Edition ? Foil Edition","SECRET_LAIR","2","MTG:SECRET_LAIR:SL-01DC7B8F9D05F8|SL-01DC7B8F9D05F8","2","48"
"Drop: Artist Series: Johannes Voss - Traditional Foil Edition ? Foil Edition","SECRET_LAIR","2","MTG:SECRET_LAIR:SL-021B2153DBD979|SL-021B2153DBD979","2","41"
"Drop: Flower Power - Rainbow Foil Edition ? Foil Edition","SECRET_LAIR","2","MTG:SECRET_LAIR:SL-01F4014DB0F8CA|SL-01F4014DB0F8CA","2","14"
"Drop: Artist Series: Sam Burley - Traditional Foil Edition ? Foil Edition","SECRET_LAIR","2","MTG:SECRET_LAIR:SL-01E98F93055799|SL-01E98F93055799","2","41"
"Streets of New Capenna Collector Booster Display","COLLECTOR_BOOSTER_BOX","2","MTG:COLLECTOR_BOOSTER_BOX:TCGCSV-3026-264767|TCGCSV-3026-264767","2","69"
"Kamigawa: Neon Dynasty Collector Booster Display","COLLECTOR_BOOSTER_BOX","2","MTG:COLLECTOR_BOOSTER_BOX:TCGCSV-2965-257563|TCGCSV-2965-257563","2","76"
"Unfinity Collector Booster Display","COLLECTOR_BOOSTER_BOX","2","MTG:COLLECTOR_BOOSTER_BOX:TCGCSV-2958-275406|TCGCSV-2958-275406","2","71"
"Commander Legends: Battle for Baldur's Gate Collector Booster Display","COLLECTOR_BOOSTER_BOX","2","MTG:COLLECTOR_BOOSTER_BOX:TCGCSV-3047-267023|TCGCSV-3047-267023","2","78"
"Drop: Secret Lair x Dungeons & Dragons: Whispers in Candlekeep - Non-Foil Edition ? Nonfoil Edition","SECRET_LAIR","2","MTG:SECRET_LAIR:SL-00DFD5FAF7A6FF|SL-00DFD5FAF7A6FF","2","17"
"The Brothers' War Collector Booster Display","COLLECTOR_BOOSTER_BOX","2","MTG:COLLECTOR_BOOSTER_BOX:TCGCSV-3157-282224|TCGCSV-3157-282224","2","67"
"Dominaria United Collector Booster Display","COLLECTOR_BOOSTER_BOX","2","MTG:COLLECTOR_BOOSTER_BOX:TCGCSV-3102-275412|TCGCSV-3102-275412","2","71"
"Universes Beyond: Doctor Who Collector Booster Display","COLLECTOR_BOOSTER_BOX","2","MTG:COLLECTOR_BOOSTER_BOX:TCGCSV-23165-496076|TCGCSV-23165-496076","2","71"
"Wilds of Eldraine Collector Booster Display","COLLECTOR_BOOSTER_BOX","2","MTG:COLLECTOR_BOOSTER_BOX:TCGCSV-23163-496041|TCGCSV-23163-496041","2","67"
"Commander Masters Collector Booster Display","COLLECTOR_BOOSTER_BOX","2","MTG:COLLECTOR_BOOSTER_BOX:TCGCSV-23020-484929|TCGCSV-23020-484929","2","69"
"The Lost Caverns of Ixalan Collector Booster Display","COLLECTOR_BOOSTER_BOX","2","MTG:COLLECTOR_BOOSTER_BOX:TCGCSV-23312-516614|TCGCSV-23312-516614","2","71"
"Murders at Karlov Manor Collector Booster Display","COLLECTOR_BOOSTER_BOX","2","MTG:COLLECTOR_BOOSTER_BOX:TCGCSV-23361-529968|TCGCSV-23361-529968","2","69"
"Universes Beyond: Fallout Collector Booster Display","COLLECTOR_BOOSTER_BOX","2","MTG:COLLECTOR_BOOSTER_BOX:TCGCSV-23337-523185|TCGCSV-23337-523185","2","55"
"Ravnica Remastered Collector Booster Display","COLLECTOR_BOOSTER_BOX","2","MTG:COLLECTOR_BOOSTER_BOX:TCGCSV-23319-517708|TCGCSV-23319-517708","2","63"
"Dominaria Remastered Collector Booster Display","COLLECTOR_BOOSTER_BOX","2","MTG:COLLECTOR_BOOSTER_BOX:TCGCSV-17670-449559|TCGCSV-17670-449559","2","75"
"Magic Origins - Booster Box","PRE_COLLECTOR_BOOSTER_BOX","2","MTG:PRE_COLLECTOR_BOOSTER_BOX:MTG-CANON-TCGPLAYER-96147|MTG-CANON-TCGPLAYER-96147","2","49"
"Dragons of Tarkir - Booster Box","PRE_COLLECTOR_BOOSTER_BOX","2","MTG:PRE_COLLECTOR_BOOSTER_BOX:MTG-CANON-TCGPLAYER-96137|MTG-CANON-TCGPLAYER-96137","2","46"
"Phyrexia: All Will Be One Collector Booster Display","COLLECTOR_BOOSTER_BOX","2","MTG:COLLECTOR_BOOSTER_BOX:TCGCSV-17684-451880|TCGCSV-17684-451880","2","59"
"The Lord of the Rings: Tales of Middle-earth - Special Edition Collector Booster Display","COLLECTOR_BOOSTER_BOX","2","MTG:COLLECTOR_BOOSTER_BOX:TCGCSV-23019-515906|TCGCSV-23019-515906","2","68"
"March of the Machine: The Aftermath Collector Booster Display","COLLECTOR_BOOSTER_BOX","2","MTG:COLLECTOR_BOOSTER_BOX:TCGCSV-22876-489207|TCGCSV-22876-489207","2","76"
"March of the Machine Collector Booster Display","COLLECTOR_BOOSTER_BOX","2","MTG:COLLECTOR_BOOSTER_BOX:TCGCSV-22875-475584|TCGCSV-22875-475584","2","74"
"Edge of Eternities Collector Booster Display","COLLECTOR_BOOSTER_BOX","2","MTG:COLLECTOR_BOOSTER_BOX:TCGCSV-24233-619672|TCGCSV-24233-619672","2","61"
"Tarkir: Dragonstorm Collector Booster Display","COLLECTOR_BOOSTER_BOX","2","MTG:COLLECTOR_BOOSTER_BOX:TCGCSV-24232-619649|TCGCSV-24232-619649","2","54"
"Aetherdrift Collector Booster Display","COLLECTOR_BOOSTER_BOX","2","MTG:COLLECTOR_BOOSTER_BOX:TCGCSV-23874-604253|TCGCSV-23874-604253","2","61"
"Marvel's Spider-Man Collector Booster Display","COLLECTOR_BOOSTER_BOX","2","MTG:COLLECTOR_BOOSTER_BOX:TCGCSV-24245-621110|TCGCSV-24245-621110","2","55"
"Teenage Mutant Ninja Turtles Collector Booster Display","COLLECTOR_BOOSTER_BOX","2","MTG:COLLECTOR_BOOSTER_BOX:TCGCSV-24495-657852|TCGCSV-24495-657852","2","50"
"Lorwyn Eclipsed Collector Booster Display","COLLECTOR_BOOSTER_BOX","2","MTG:COLLECTOR_BOOSTER_BOX:TCGCSV-24463-656322|TCGCSV-24463-656322","2","52"
"Avatar: The Last Airbender Collector Booster Display","COLLECTOR_BOOSTER_BOX","2","MTG:COLLECTOR_BOOSTER_BOX:TCGCSV-24421-648650|TCGCSV-24421-648650","2","55"
"Universes Beyond: Assassin's Creed Collector Booster Display","COLLECTOR_BOOSTER_BOX","2","MTG:COLLECTOR_BOOSTER_BOX:TCGCSV-23446-541225|TCGCSV-23446-541225","2","71"
"Modern Horizons 3 Collector Booster Display","COLLECTOR_BOOSTER_BOX","2","MTG:COLLECTOR_BOOSTER_BOX:TCGCSV-23444-541179|TCGCSV-23444-541179","2","68"
"Outlaws of Thunder Junction Collector Booster Display","COLLECTOR_BOOSTER_BOX","2","MTG:COLLECTOR_BOOSTER_BOX:TCGCSV-23439-541090|TCGCSV-23439-541090","2","68"
"Bloomburrow Collector Booster Display","COLLECTOR_BOOSTER_BOX","2","MTG:COLLECTOR_BOOSTER_BOX:TCGCSV-23447-541238|TCGCSV-23447-541238","2","72"
"Innistrad Remastered Collector Booster Display","COLLECTOR_BOOSTER_BOX","2","MTG:COLLECTOR_BOOSTER_BOX:TCGCSV-23848-594681|TCGCSV-23848-594681","2","65"
"Foundations Collector Booster Display","COLLECTOR_BOOSTER_BOX","2","MTG:COLLECTOR_BOOSTER_BOX:TCGCSV-23556-562122|TCGCSV-23556-562122","2","64"
"Duskmourn: House of Horror Collector Booster Display","COLLECTOR_BOOSTER_BOX","2","MTG:COLLECTOR_BOOSTER_BOX:TCGCSV-23550-557244|TCGCSV-23550-557244","2","70"
"Drop: Artist Series: Aleksi Briclot - Non-Foil Edition ? Nonfoil Edition","SECRET_LAIR","2","MTG:SECRET_LAIR:SL-122DA15C9E14A2|SL-122DA15C9E14A2","2","37"
"Drop: Secret Lair x Brain Dead: New Earth Mentality - Traditional Foil Edition ? Foil Edition","SECRET_LAIR","2","MTG:SECRET_LAIR:SL-118CC96FD450B8|SL-118CC96FD450B8","2","14"
"Drop: Phyrexian Praetors: Compleat Edition - Non-Foil Edition ? Nonfoil Edition","SECRET_LAIR","2","MTG:SECRET_LAIR:SL-10F7835581923D|SL-10F7835581923D","2","44"
"Drop: Showcase: Monster Anatomy 101 - Non-Foil Edition ? Nonfoil Edition","SECRET_LAIR","2","MTG:SECRET_LAIR:SL-12A0108619FC9B|SL-12A0108619FC9B","2","66"
"Drop: Bad to the Bones - Non-Foil Edition ? Nonfoil Edition","SECRET_LAIR","2","MTG:SECRET_LAIR:SL-1304148BB94881|SL-1304148BB94881","2","36"
"Drop: Secret Lair x Fallout: Greet the Dog - Non-Foil Edition ? Nonfoil Edition","SECRET_LAIR","2","MTG:SECRET_LAIR:SL-1300E73CDDA9B5|SL-1300E73CDDA9B5","2","18"
"Drop: Showcase: Kaldheim - Part 1 - Non-Foil Edition ? Nonfoil Edition","SECRET_LAIR","2","MTG:SECRET_LAIR:SL-12C2591B92C35D|SL-12C2591B92C35D","2","66"
"Drop: Meditations on Nature - Traditional Foil Edition ? Foil Edition","SECRET_LAIR","2","MTG:SECRET_LAIR:SL-0EF6F56C669DFA|SL-0EF6F56C669DFA","2","43"
"Drop: Secret Lair x Marvel's Spider-Man: Villainous Plots - Rainbow Foil Edition ? Foil Edition","SECRET_LAIR","2","MTG:SECRET_LAIR:SL-0ED724E9E0E76F|SL-0ED724E9E0E76F","2","20"
"Drop: Year of the Rat - Traditional Foil Edition ? Foil Edition","SECRET_LAIR","2","MTG:SECRET_LAIR:SL-0EA9F010F7F403|SL-0EA9F010F7F403","2","84"
"Drop: Secret Lair x Marvel's Wolverine - Rainbow Foil Edition ? Foil Edition","SECRET_LAIR","2","MTG:SECRET_LAIR:SL-0F86D31256941D|SL-0F86D31256941D","2","31"
"Drop: Lorwyn Lightboxes - Non-Foil Edition ? Nonfoil Edition","SECRET_LAIR","2","MTG:SECRET_LAIR:SL-10654C31034738|SL-10654C31034738","2","29"
"Drop: Math Is For Blockers - Traditional Foil Edition ? Foil Edition","SECRET_LAIR","2","MTG:SECRET_LAIR:SL-1051ECFDCBF5AF|SL-1051ECFDCBF5AF","2","41"
"x Avatar: The Last Airbender Superdrop: Avatar State Foil Bundle ? Foil Edition","SECRET_LAIR","2","MTG:SECRET_LAIR:SL-0FD5F6D742E1F1|SL-0FD5F6D742E1F1","2","52"
"Drop: Secret Lair x Marvel's Captain America - Rainbow Foil Edition ? Foil Edition","SECRET_LAIR","2","MTG:SECRET_LAIR:SL-15ADFCF5094915|SL-15ADFCF5094915","2","30"
"Drop: Our Boss is on Vacation Superdrop: Secret Lair High Class of '87 - Traditional Foil Edition ? Foil Edition","SECRET_LAIR","2","MTG:SECRET_LAIR:SL-14CB93A38C37A0|SL-14CB93A38C37A0","2","24"
"Drop: Secret Lair x Marvel's Captain America - Non-Foil Edition ? Nonfoil Edition","SECRET_LAIR","2","MTG:SECRET_LAIR:SL-145E2D7DAB1056|SL-145E2D7DAB1056","2","35"
"Drop: Special Guest: Matt Jukes - Non-Foil Edition ? Nonfoil Edition","SECRET_LAIR","2","MTG:SECRET_LAIR:SL-15F0BDC0F7B590|SL-15F0BDC0F7B590","2","66"
"Drop: Gift Wrapped - Rainbow Foil Edition ? Foil Edition","SECRET_LAIR","2","MTG:SECRET_LAIR:SL-17405C5D45E661|SL-17405C5D45E661","2","39"
"Drop: The Space Beyond the Stars - Traditional Foil Edition ? Foil Edition","SECRET_LAIR","2","MTG:SECRET_LAIR:SL-1716D8997667E1|SL-1716D8997667E1","2","65"
"Drop: Our Boss is on Vacation Superdrop: They Grow Up So Fast - Non-Foil Edition ? Nonfoil Edition","SECRET_LAIR","2","MTG:SECRET_LAIR:SL-1673F72E783176|SL-1673F72E783176","2","31"
"Drop: Secret Lair x Fallout: Points of Interest - Rainbow Foil Edition ? Foil Edition","SECRET_LAIR","2","MTG:SECRET_LAIR:SL-13A381A40449C9|SL-13A381A40449C9","2","39"
"Drop: Secret Lair x Fallout: Beyond Vault 33 - Traditional Foil Edition ? Foil Edition","SECRET_LAIR","2","MTG:SECRET_LAIR:SL-13874C5D848C73|SL-13874C5D848C73","2","16"
"Drop: Showcase: Streets of New Capenna - Gilded Foil Edition ? Foil Edition","SECRET_LAIR","2","MTG:SECRET_LAIR:SL-137214427FCCAA|SL-137214427FCCAA","2","57"
"Drop: Secret Lair x Dungeons & Dragons: Shadows Over Baldur?s Gate - Traditional Foil Edition ? Foil Edition","SECRET_LAIR","2","MTG:SECRET_LAIR:SL-13FAC3EF59E6AC|SL-13FAC3EF59E6AC","2","18"
"Drop: Artist Series: Sam Burley - Non-Foil Edition ? Nonfoil Edition","SECRET_LAIR","2","MTG:SECRET_LAIR:SL-142966DB35DC8F|SL-142966DB35DC8F","2","36"
"Drop: EVERYTHING IS ON FIRE - Raised Foil Edition ? Foil Edition","SECRET_LAIR","2","MTG:SECRET_LAIR:SL-140EB9D3B38175|SL-140EB9D3B38175","2","28"
"Drop: Prints of Darkness - Non-Foil Edition ? Nonfoil Edition","SECRET_LAIR","2","MTG:SECRET_LAIR:SL-14069B556F0234|SL-14069B556F0234","2","28"
"Drop: Secret Lair x Dungeons & Dragons: Black Lights & Dark Dungeons - Traditional Foil Edition ? Foil Edition","SECRET_LAIR","2","MTG:SECRET_LAIR:SL-07E8B624A8C7D4|SL-07E8B624A8C7D4","2","17"
"Drop: Prime Slime - Non-Foil Edition ? Nonfoil Edition","SECRET_LAIR","2","MTG:SECRET_LAIR:SL-074AA34DCCD62C|SL-074AA34DCCD62C","2","46"
"Drop: PixelSnowLands.jpg - Foil Etched Edition ? Foil Edition","SECRET_LAIR","2","MTG:SECRET_LAIR:SL-064D2E49795666|SL-064D2E49795666","2","40"
"Drop: Special Guest: Matt Jukes - Traditional Foil Edition ? Foil Edition","SECRET_LAIR","2","MTG:SECRET_LAIR:SL-083956F35FB3E4|SL-083956F35FB3E4","2","68"
"Drop: Secret Lair x Assassin's Creed: Lethal Legends - Non-Foil Edition ? Nonfoil Edition","SECRET_LAIR","2","MTG:SECRET_LAIR:SL-09F80672292CE8|SL-09F80672292CE8","2","36"
"Drop: Showcase: Kaldheim - Part 1 - Traditional Foil Edition ? Foil Edition","SECRET_LAIR","2","MTG:SECRET_LAIR:SL-095A861D9875C3|SL-095A861D9875C3","2","63"
"Drop: Welcome to the Fungal - Traditional Foil Edition ? Foil Edition","SECRET_LAIR","2","MTG:SECRET_LAIR:SL-091253B94BB947|SL-091253B94BB947","2","49"
"Drop: Special Guest: Kozyndan: The Lands - Traditional Foil Edition ? Foil Edition","SECRET_LAIR","2","MTG:SECRET_LAIR:SL-031591793B58D2|SL-031591793B58D2","2","66"
"x Furby: Doo-ay Noo-lah - Non-Foil Edition ? Nonfoil Edition","SECRET_LAIR","2","MTG:SECRET_LAIR:SL-030C40B079BE71|SL-030C40B079BE71","2","53"
"Drop: Secret Lair Drop: Extra Life 2021 - Traditional Foil Edition ? Foil Edition","SECRET_LAIR","2","MTG:SECRET_LAIR:SL-02BF1E90F565BA|SL-02BF1E90F565BA","2","44"
"Drop: Secretversary Superdrop - A Box of Rocks - Non-Foil Edition ? Nonfoil Edition","SECRET_LAIR","2","MTG:SECRET_LAIR:SL-038D960C141CC9|SL-038D960C141CC9","2","44"
"Drop: Secret Lair x Fallout: Points of Interest - Non-Foil Edition ? Nonfoil Edition","SECRET_LAIR","2","MTG:SECRET_LAIR:SL-0559BC4D37DF0B|SL-0559BC4D37DF0B","2","39"
"Drop: February Superdrop - Introducing: Kaito Shizuki - Non-Foil Edition ? Nonfoil Edition","SECRET_LAIR","2","MTG:SECRET_LAIR:SL-04F997D8C52528|SL-04F997D8C52528","2","38"
"Drop: Showcase: Murders at Karlov Manor - Non-Foil Edition ? Nonfoil Edition","SECRET_LAIR","2","MTG:SECRET_LAIR:SL-0464E462AF6315|SL-0464E462AF6315","2","63"
"Drop: Secret Lair x Garfield: Motivationally Challenged - Traditional Foil Edition ? Foil Edition","SECRET_LAIR","2","MTG:SECRET_LAIR:SL-0D7734D027859B|SL-0D7734D027859B","2","16"
"Drop: The Fairest Drop of All - Traditional Foil Edition ? Foil Edition","SECRET_LAIR","2","MTG:SECRET_LAIR:SL-0CFD9C26617BF8|SL-0CFD9C26617BF8","2","57"
"Drop: Li'l'er Walkers - Traditional Foil Edition ? Foil Edition","SECRET_LAIR","2","MTG:SECRET_LAIR:SL-0CED568CA776CD|SL-0CED568CA776CD","2","42"
"Drop: Secret Lair x Garfield: As Intended - Traditional Foil Edition ? Foil Edition","SECRET_LAIR","2","MTG:SECRET_LAIR:SL-0D989A557A9D90|SL-0D989A557A9D90","2","12"
"x The Last of Us Part I - Rainbow Foil Edition ? Foil Edition","SECRET_LAIR","2","MTG:SECRET_LAIR:SL-0E772D4E9A9FA4|SL-0E772D4E9A9FA4","2","53"
"Drop: Fblthp: Completely, Utterly, Totally Lost - Traditional Foil Edition ? Foil Edition","SECRET_LAIR","2","MTG:SECRET_LAIR:SL-0E630241169A8E|SL-0E630241169A8E","2","42"
"Drop: Special Guest: Kozyndan: Another Story - Traditional Foil Edition ? Foil Edition","SECRET_LAIR","2","MTG:SECRET_LAIR:SL-0E13518CC2D50B|SL-0E13518CC2D50B","2","67"
"Drop: The Strange Sands: Island - Non-Foil Edition ? Nonfoil Edition","SECRET_LAIR","2","MTG:SECRET_LAIR:SL-0B3132C3EEAD64|SL-0B3132C3EEAD64","2","51"
"Drop: April Superdrop - Non-stop, Non-Foil Bundle ? Nonfoil Edition","SECRET_LAIR","2","MTG:SECRET_LAIR:SL-0AA8438AAB4240|SL-0AA8438AAB4240","2","36"
"Drop: Transformers: One Shall Stand, One Shall Fall - Traditional Foil Edition ? Foil Edition","SECRET_LAIR","2","MTG:SECRET_LAIR:SL-0A174DAC0F9024|SL-0A174DAC0F9024","2","56"
"Drop: Special Guest: Junji Ito (English) - Non-Foil Edition ? Nonfoil Edition","SECRET_LAIR","2","MTG:SECRET_LAIR:SL-0B75BFD8A38901|SL-0B75BFD8A38901","2","63"
"Drop: Summer Superdrop 2024: Showstopper Bundle - Non-Foil Edition ? Nonfoil Edition","SECRET_LAIR","2","MTG:SECRET_LAIR:SL-0CEABF59829053|SL-0CEABF59829053","2","17"
"x Avatar: The Last Airbender: The Ember Island Players - Rainbow Foil Edition ? Foil Edition","SECRET_LAIR","2","MTG:SECRET_LAIR:SL-0C4B6E83C3E214|SL-0C4B6E83C3E214","2","53"
"Drop: Death Is Temporary, Metal Is Forever - Non-Foil Edition ? Nonfoil Edition","SECRET_LAIR","2","MTG:SECRET_LAIR:SL-0C1E7816FD9FE9|SL-0C1E7816FD9FE9","2","39"
"Modern Masters 2015 - Booster Box","PRE_COLLECTOR_BOOSTER_BOX","2","MTG:PRE_COLLECTOR_BOOSTER_BOX:MTG-CANON-TCGPLAYER-95052|MTG-CANON-TCGPLAYER-95052","2","48"
"Darksteel - Booster Box","PRE_COLLECTOR_BOOSTER_BOX","2","MTG:PRE_COLLECTOR_BOOSTER_BOX:MTG-CANON-TCGPLAYER-27272|MTG-CANON-TCGPLAYER-27272","2","48"
"Coldsnap - Booster Box","PRE_COLLECTOR_BOOSTER_BOX","2","MTG:PRE_COLLECTOR_BOOSTER_BOX:MTG-CANON-TCGPLAYER-27271|MTG-CANON-TCGPLAYER-27271","2","66"
"Classic Sixth Edition - Booster Box","PRE_COLLECTOR_BOOSTER_BOX","2","MTG:PRE_COLLECTOR_BOOSTER_BOX:MTG-CANON-TCGPLAYER-27270|MTG-CANON-TCGPLAYER-27270","2","67"
"Dissension - Booster Box","PRE_COLLECTOR_BOOSTER_BOX","2","MTG:PRE_COLLECTOR_BOOSTER_BOX:MTG-CANON-TCGPLAYER-27273|MTG-CANON-TCGPLAYER-27273","2","49"
"Fallen Empires - Booster Box","PRE_COLLECTOR_BOOSTER_BOX","2","MTG:PRE_COLLECTOR_BOOSTER_BOX:MTG-CANON-TCGPLAYER-27276|MTG-CANON-TCGPLAYER-27276","2","48"
"Exodus - Booster Box","PRE_COLLECTOR_BOOSTER_BOX","2","MTG:PRE_COLLECTOR_BOOSTER_BOX:MTG-CANON-TCGPLAYER-27275|MTG-CANON-TCGPLAYER-27275","2","44"
"Eventide - Booster Box","PRE_COLLECTOR_BOOSTER_BOX","2","MTG:PRE_COLLECTOR_BOOSTER_BOX:MTG-CANON-TCGPLAYER-27274|MTG-CANON-TCGPLAYER-27274","2","43"
"Antiquities - Booster Box","PRE_COLLECTOR_BOOSTER_BOX","2","MTG:PRE_COLLECTOR_BOOSTER_BOX:MTG-CANON-TCGPLAYER-27263|MTG-CANON-TCGPLAYER-27263","2","57"
"Alliances - Booster Box","PRE_COLLECTOR_BOOSTER_BOX","2","MTG:PRE_COLLECTOR_BOOSTER_BOX:MTG-CANON-TCGPLAYER-27261|MTG-CANON-TCGPLAYER-27261","2","90"
"9th Edition - Booster Box","PRE_COLLECTOR_BOOSTER_BOX","2","MTG:PRE_COLLECTOR_BOOSTER_BOX:MTG-CANON-TCGPLAYER-27260|MTG-CANON-TCGPLAYER-27260","2","87"
"Apocalypse - Booster Box","PRE_COLLECTOR_BOOSTER_BOX","2","MTG:PRE_COLLECTOR_BOOSTER_BOX:MTG-CANON-TCGPLAYER-27264|MTG-CANON-TCGPLAYER-27264","2","67"
"Chronicles - Booster Box","PRE_COLLECTOR_BOOSTER_BOX","2","MTG:PRE_COLLECTOR_BOOSTER_BOX:MTG-CANON-TCGPLAYER-27269|MTG-CANON-TCGPLAYER-27269","2","66"
"Champions of Kamigawa - Booster Box","PRE_COLLECTOR_BOOSTER_BOX","2","MTG:PRE_COLLECTOR_BOOSTER_BOX:MTG-CANON-TCGPLAYER-27268|MTG-CANON-TCGPLAYER-27268","2","70"
"Betrayers of Kamigawa - Booster Box","PRE_COLLECTOR_BOOSTER_BOX","2","MTG:PRE_COLLECTOR_BOOSTER_BOX:MTG-CANON-TCGPLAYER-27267|MTG-CANON-TCGPLAYER-27267","2","66"
"Legends - Booster Box","PRE_COLLECTOR_BOOSTER_BOX","2","MTG:PRE_COLLECTOR_BOOSTER_BOX:MTG-CANON-TCGPLAYER-27286|MTG-CANON-TCGPLAYER-27286","2","41"
"Judgment - Booster Box","PRE_COLLECTOR_BOOSTER_BOX","2","MTG:PRE_COLLECTOR_BOOSTER_BOX:MTG-CANON-TCGPLAYER-27285|MTG-CANON-TCGPLAYER-27285","2","48"
"Invasion - Booster Box","PRE_COLLECTOR_BOOSTER_BOX","2","MTG:PRE_COLLECTOR_BOOSTER_BOX:MTG-CANON-TCGPLAYER-27284|MTG-CANON-TCGPLAYER-27284","2","48"
"Legions - Booster Box","PRE_COLLECTOR_BOOSTER_BOX","2","MTG:PRE_COLLECTOR_BOOSTER_BOX:MTG-CANON-TCGPLAYER-27287|MTG-CANON-TCGPLAYER-27287","2","47"
"Mirage - Booster Box","PRE_COLLECTOR_BOOSTER_BOX","2","MTG:PRE_COLLECTOR_BOOSTER_BOX:MTG-CANON-TCGPLAYER-27290|MTG-CANON-TCGPLAYER-27290","2","48"
"Mercadian Masques - Booster Box","PRE_COLLECTOR_BOOSTER_BOX","2","MTG:PRE_COLLECTOR_BOOSTER_BOX:MTG-CANON-TCGPLAYER-27289|MTG-CANON-TCGPLAYER-27289","2","47"
"Lorwyn - Booster Box","PRE_COLLECTOR_BOOSTER_BOX","2","MTG:PRE_COLLECTOR_BOOSTER_BOX:MTG-CANON-TCGPLAYER-27288|MTG-CANON-TCGPLAYER-27288","2","48"
"Fourth Edition - Booster Box","PRE_COLLECTOR_BOOSTER_BOX","2","MTG:PRE_COLLECTOR_BOOSTER_BOX:MTG-CANON-TCGPLAYER-27279|MTG-CANON-TCGPLAYER-27279","2","47"
"Fifth Edition - Booster Box","PRE_COLLECTOR_BOOSTER_BOX","2","MTG:PRE_COLLECTOR_BOOSTER_BOX:MTG-CANON-TCGPLAYER-27278|MTG-CANON-TCGPLAYER-27278","2","47"
"Fifth Dawn - Booster Box","PRE_COLLECTOR_BOOSTER_BOX","2","MTG:PRE_COLLECTOR_BOOSTER_BOX:MTG-CANON-TCGPLAYER-27277|MTG-CANON-TCGPLAYER-27277","2","46"
"Future Sight - Booster Box","PRE_COLLECTOR_BOOSTER_BOX","2","MTG:PRE_COLLECTOR_BOOSTER_BOX:MTG-CANON-TCGPLAYER-27280|MTG-CANON-TCGPLAYER-27280","2","46"
"Ice Age - Booster Box","PRE_COLLECTOR_BOOSTER_BOX","2","MTG:PRE_COLLECTOR_BOOSTER_BOX:MTG-CANON-TCGPLAYER-27283|MTG-CANON-TCGPLAYER-27283","2","47"
"Homelands - Booster Box","PRE_COLLECTOR_BOOSTER_BOX","2","MTG:PRE_COLLECTOR_BOOSTER_BOX:MTG-CANON-TCGPLAYER-27282|MTG-CANON-TCGPLAYER-27282","2","49"
"Guildpact - Booster Box","PRE_COLLECTOR_BOOSTER_BOX","2","MTG:PRE_COLLECTOR_BOOSTER_BOX:MTG-CANON-TCGPLAYER-27281|MTG-CANON-TCGPLAYER-27281","2","48"
"Amonkhet - Booster Box","PRE_COLLECTOR_BOOSTER_BOX","2","MTG:PRE_COLLECTOR_BOOSTER_BOX:MTG-CANON-TCGPLAYER-127174|MTG-CANON-TCGPLAYER-127174","2","83"
"Modern Masters 2017 - Booster Box","PRE_COLLECTOR_BOOSTER_BOX","2","MTG:PRE_COLLECTOR_BOOSTER_BOX:MTG-CANON-TCGPLAYER-127069|MTG-CANON-TCGPLAYER-127069","2","45"
"Aether Revolt - Booster Box","PRE_COLLECTOR_BOOSTER_BOX","2","MTG:PRE_COLLECTOR_BOOSTER_BOX:MTG-CANON-TCGPLAYER-125794|MTG-CANON-TCGPLAYER-125794","2","84"
"Hour of Devastation - Booster Box","PRE_COLLECTOR_BOOSTER_BOX","2","MTG:PRE_COLLECTOR_BOOSTER_BOX:MTG-CANON-TCGPLAYER-131456|MTG-CANON-TCGPLAYER-131456","2","49"
"Unstable - Booster Box","PRE_COLLECTOR_BOOSTER_BOX","2","MTG:PRE_COLLECTOR_BOOSTER_BOX:MTG-CANON-TCGPLAYER-149402|MTG-CANON-TCGPLAYER-149402","2","47"
"Iconic Masters - Booster Box","PRE_COLLECTOR_BOOSTER_BOX","2","MTG:PRE_COLLECTOR_BOOSTER_BOX:MTG-CANON-TCGPLAYER-145235|MTG-CANON-TCGPLAYER-145235","2","47"
"Ixalan - Booster Box","PRE_COLLECTOR_BOOSTER_BOX","2","MTG:PRE_COLLECTOR_BOOSTER_BOX:MTG-CANON-TCGPLAYER-141989|MTG-CANON-TCGPLAYER-141989","2","50"
"Shadows over Innistrad - Booster Box","PRE_COLLECTOR_BOOSTER_BOX","2","MTG:PRE_COLLECTOR_BOOSTER_BOX:MTG-CANON-TCGPLAYER-112706|MTG-CANON-TCGPLAYER-112706","2","50"
"Oath of the Gatewatch - Booster Box","PRE_COLLECTOR_BOOSTER_BOX","2","MTG:PRE_COLLECTOR_BOOSTER_BOX:MTG-CANON-TCGPLAYER-110418|MTG-CANON-TCGPLAYER-110418","2","48"
"Battle for Zendikar - Booster Box","PRE_COLLECTOR_BOOSTER_BOX","2","MTG:PRE_COLLECTOR_BOOSTER_BOX:MTG-CANON-TCGPLAYER-102715|MTG-CANON-TCGPLAYER-102715","2","61"
"Eternal Masters - Booster Box","PRE_COLLECTOR_BOOSTER_BOX","2","MTG:PRE_COLLECTOR_BOOSTER_BOX:MTG-CANON-TCGPLAYER-114832|MTG-CANON-TCGPLAYER-114832","2","50"
"Kaladesh - Booster Box","PRE_COLLECTOR_BOOSTER_BOX","2","MTG:PRE_COLLECTOR_BOOSTER_BOX:MTG-CANON-TCGPLAYER-121527|MTG-CANON-TCGPLAYER-121527","2","47"
"Conspiracy: Take the Crown - Booster Box","PRE_COLLECTOR_BOOSTER_BOX","2","MTG:PRE_COLLECTOR_BOOSTER_BOX:MTG-CANON-TCGPLAYER-120965|MTG-CANON-TCGPLAYER-120965","2","59"
"Eldritch Moon - Booster Box","PRE_COLLECTOR_BOOSTER_BOX","2","MTG:PRE_COLLECTOR_BOOSTER_BOX:MTG-CANON-TCGPLAYER-118393|MTG-CANON-TCGPLAYER-118393","2","46"
"Modern Horizons - Booster Box","PRE_COLLECTOR_BOOSTER_BOX","2","MTG:PRE_COLLECTOR_BOOSTER_BOX:MTG-CANON-TCGPLAYER-185894|MTG-CANON-TCGPLAYER-185894","2","48"
"War of the Spark - Booster Box","PRE_COLLECTOR_BOOSTER_BOX","2","MTG:PRE_COLLECTOR_BOOSTER_BOX:MTG-CANON-TCGPLAYER-185676|MTG-CANON-TCGPLAYER-185676","2","50"
"Ravnica Allegiance - Booster Box","PRE_COLLECTOR_BOOSTER_BOX","2","MTG:PRE_COLLECTOR_BOOSTER_BOX:MTG-CANON-TCGPLAYER-180734|MTG-CANON-TCGPLAYER-180734","2","50"
"Core Set 2020 - Booster Box","PRE_COLLECTOR_BOOSTER_BOX","2","MTG:PRE_COLLECTOR_BOOSTER_BOX:MTG-CANON-TCGPLAYER-188210|MTG-CANON-TCGPLAYER-188210","2","50"
"8th Edition - Booster Box","PRE_COLLECTOR_BOOSTER_BOX","2","MTG:PRE_COLLECTOR_BOOSTER_BOX:MTG-CANON-TCGPLAYER-27259|MTG-CANON-TCGPLAYER-27259","2","87"
"7th Edition - Booster Box","PRE_COLLECTOR_BOOSTER_BOX","2","MTG:PRE_COLLECTOR_BOOSTER_BOX:MTG-CANON-TCGPLAYER-27258|MTG-CANON-TCGPLAYER-27258","2","88"
"10th Edition - Booster Box","PRE_COLLECTOR_BOOSTER_BOX","2","MTG:PRE_COLLECTOR_BOOSTER_BOX:MTG-CANON-TCGPLAYER-27257|MTG-CANON-TCGPLAYER-27257","2","87"
"Dominaria - Booster Box","PRE_COLLECTOR_BOOSTER_BOX","2","MTG:PRE_COLLECTOR_BOOSTER_BOX:MTG-CANON-TCGPLAYER-158423|MTG-CANON-TCGPLAYER-158423","2","49"
"Masters 25 - Booster Box","PRE_COLLECTOR_BOOSTER_BOX","2","MTG:PRE_COLLECTOR_BOOSTER_BOX:MTG-CANON-TCGPLAYER-157857|MTG-CANON-TCGPLAYER-157857","2","49"
"Rivals of Ixalan - Booster Box","PRE_COLLECTOR_BOOSTER_BOX","2","MTG:PRE_COLLECTOR_BOOSTER_BOX:MTG-CANON-TCGPLAYER-149404|MTG-CANON-TCGPLAYER-149404","2","49"
"Battlebond - Booster Box","PRE_COLLECTOR_BOOSTER_BOX","2","MTG:PRE_COLLECTOR_BOOSTER_BOX:MTG-CANON-TCGPLAYER-166536|MTG-CANON-TCGPLAYER-166536","2","58"
"Ultimate Masters - Booster Box","PRE_COLLECTOR_BOOSTER_BOX","2","MTG:PRE_COLLECTOR_BOOSTER_BOX:MTG-CANON-TCGPLAYER-179444|MTG-CANON-TCGPLAYER-179444","2","46"
"Guilds of Ravnica - Booster Box","PRE_COLLECTOR_BOOSTER_BOX","2","MTG:PRE_COLLECTOR_BOOSTER_BOX:MTG-CANON-TCGPLAYER-173362|MTG-CANON-TCGPLAYER-173362","2","46"
"Core Set 2019 - Booster Box","PRE_COLLECTOR_BOOSTER_BOX","2","MTG:PRE_COLLECTOR_BOOSTER_BOX:MTG-CANON-TCGPLAYER-166550|MTG-CANON-TCGPLAYER-166550","2","48"
"Magic 2012 (M12) - Booster Box","PRE_COLLECTOR_BOOSTER_BOX","2","MTG:PRE_COLLECTOR_BOOSTER_BOX:MTG-CANON-TCGPLAYER-46957|MTG-CANON-TCGPLAYER-46957","2","47"
"New Phyrexia - Booster Box","PRE_COLLECTOR_BOOSTER_BOX","2","MTG:PRE_COLLECTOR_BOOSTER_BOX:MTG-CANON-TCGPLAYER-39410|MTG-CANON-TCGPLAYER-39410","2","49"
"Mirrodin Besieged - Booster Box","PRE_COLLECTOR_BOOSTER_BOX","2","MTG:PRE_COLLECTOR_BOOSTER_BOX:MTG-CANON-TCGPLAYER-39109|MTG-CANON-TCGPLAYER-39109","2","46"
"Innistrad - Booster Box","PRE_COLLECTOR_BOOSTER_BOX","2","MTG:PRE_COLLECTOR_BOOSTER_BOX:MTG-CANON-TCGPLAYER-47791|MTG-CANON-TCGPLAYER-47791","2","50"
"Magic 2013 (M13) - Booster Box","PRE_COLLECTOR_BOOSTER_BOX","2","MTG:PRE_COLLECTOR_BOOSTER_BOX:MTG-CANON-TCGPLAYER-59120|MTG-CANON-TCGPLAYER-59120","2","47"
"Avacyn Restored - Booster Box","PRE_COLLECTOR_BOOSTER_BOX","2","MTG:PRE_COLLECTOR_BOOSTER_BOX:MTG-CANON-TCGPLAYER-58058|MTG-CANON-TCGPLAYER-58058","2","66"
"Dark Ascension - Booster Box","PRE_COLLECTOR_BOOSTER_BOX","2","MTG:PRE_COLLECTOR_BOOSTER_BOX:MTG-CANON-TCGPLAYER-57584|MTG-CANON-TCGPLAYER-57584","2","48"
"Zendikar - Booster Box","PRE_COLLECTOR_BOOSTER_BOX","2","MTG:PRE_COLLECTOR_BOOSTER_BOX:MTG-CANON-TCGPLAYER-32789|MTG-CANON-TCGPLAYER-32789","2","48"
"Magic 2010 (M10) - Booster Box","PRE_COLLECTOR_BOOSTER_BOX","2","MTG:PRE_COLLECTOR_BOOSTER_BOX:MTG-CANON-TCGPLAYER-32529|MTG-CANON-TCGPLAYER-32529","2","45"
"Alara Reborn - Booster Box","PRE_COLLECTOR_BOOSTER_BOX","2","MTG:PRE_COLLECTOR_BOOSTER_BOX:MTG-CANON-TCGPLAYER-31841|MTG-CANON-TCGPLAYER-31841","2","78"
"Worldwake - Booster Box","PRE_COLLECTOR_BOOSTER_BOX","2","MTG:PRE_COLLECTOR_BOOSTER_BOX:MTG-CANON-TCGPLAYER-34468|MTG-CANON-TCGPLAYER-34468","2","46"
"Scars of Mirrodin - Booster Box","PRE_COLLECTOR_BOOSTER_BOX","2","MTG:PRE_COLLECTOR_BOOSTER_BOX:MTG-CANON-TCGPLAYER-35749|MTG-CANON-TCGPLAYER-35749","2","49"
"Magic 2011 (M11) - Booster Box","PRE_COLLECTOR_BOOSTER_BOX","2","MTG:PRE_COLLECTOR_BOOSTER_BOX:MTG-CANON-TCGPLAYER-35372|MTG-CANON-TCGPLAYER-35372","2","46"
"Rise of the Eldrazi - Booster Box","PRE_COLLECTOR_BOOSTER_BOX","2","MTG:PRE_COLLECTOR_BOOSTER_BOX:MTG-CANON-TCGPLAYER-34678|MTG-CANON-TCGPLAYER-34678","2","46"
"Conspiracy - Booster Box","PRE_COLLECTOR_BOOSTER_BOX","2","MTG:PRE_COLLECTOR_BOOSTER_BOX:MTG-CANON-TCGPLAYER-82200|MTG-CANON-TCGPLAYER-82200","2","64"
"Unhinged - Booster Box","PRE_COLLECTOR_BOOSTER_BOX","2","MTG:PRE_COLLECTOR_BOOSTER_BOX:MTG-CANON-TCGPLAYER-79290|MTG-CANON-TCGPLAYER-79290","2","46"
"Journey Into Nyx - Booster Box","PRE_COLLECTOR_BOOSTER_BOX","2","MTG:PRE_COLLECTOR_BOOSTER_BOX:MTG-CANON-TCGPLAYER-77322|MTG-CANON-TCGPLAYER-77322","2","48"
"Magic 2015 (M15) - Booster Box","PRE_COLLECTOR_BOOSTER_BOX","2","MTG:PRE_COLLECTOR_BOOSTER_BOX:MTG-CANON-TCGPLAYER-90786|MTG-CANON-TCGPLAYER-90786","2","47"
"Fate Reforged - Booster Box","PRE_COLLECTOR_BOOSTER_BOX","2","MTG:PRE_COLLECTOR_BOOSTER_BOX:MTG-CANON-TCGPLAYER-94746|MTG-CANON-TCGPLAYER-94746","2","48"
"Conflux - Booster Box","PRE_COLLECTOR_BOOSTER_BOX","2","MTG:PRE_COLLECTOR_BOOSTER_BOX:MTG-CANON-TCGPLAYER-93516|MTG-CANON-TCGPLAYER-93516","2","56"
"Khans of Tarkir - Booster Box","PRE_COLLECTOR_BOOSTER_BOX","2","MTG:PRE_COLLECTOR_BOOSTER_BOX:MTG-CANON-TCGPLAYER-91650|MTG-CANON-TCGPLAYER-91650","2","48"
"Dragon's Maze - Booster Box","PRE_COLLECTOR_BOOSTER_BOX","2","MTG:PRE_COLLECTOR_BOOSTER_BOX:MTG-CANON-TCGPLAYER-67751|MTG-CANON-TCGPLAYER-67751","2","46"
"Gatecrash - Booster Box","PRE_COLLECTOR_BOOSTER_BOX","2","MTG:PRE_COLLECTOR_BOOSTER_BOX:MTG-CANON-TCGPLAYER-67311|MTG-CANON-TCGPLAYER-67311","2","50"
"Return to Ravnica - Booster Box","PRE_COLLECTOR_BOOSTER_BOX","2","MTG:PRE_COLLECTOR_BOOSTER_BOX:MTG-CANON-TCGPLAYER-60117|MTG-CANON-TCGPLAYER-60117","2","48"
"Modern Masters - Booster Box","PRE_COLLECTOR_BOOSTER_BOX","2","MTG:PRE_COLLECTOR_BOOSTER_BOX:MTG-CANON-TCGPLAYER-68104|MTG-CANON-TCGPLAYER-68104","2","49"
"Born of the Gods - Booster Box","PRE_COLLECTOR_BOOSTER_BOX","2","MTG:PRE_COLLECTOR_BOOSTER_BOX:MTG-CANON-TCGPLAYER-77321|MTG-CANON-TCGPLAYER-77321","2","64"
"Theros - Booster Box","PRE_COLLECTOR_BOOSTER_BOX","2","MTG:PRE_COLLECTOR_BOOSTER_BOX:MTG-CANON-TCGPLAYER-70960|MTG-CANON-TCGPLAYER-70960","2","49"
"Magic 2014 (M14) - Booster Box","PRE_COLLECTOR_BOOSTER_BOX","2","MTG:PRE_COLLECTOR_BOOSTER_BOX:MTG-CANON-TCGPLAYER-69243|MTG-CANON-TCGPLAYER-69243","2","49"
"Portal Three Kingdoms - Booster Box","PRE_COLLECTOR_BOOSTER_BOX","2","MTG:PRE_COLLECTOR_BOOSTER_BOX:MTG-CANON-TCGPLAYER-27300|MTG-CANON-TCGPLAYER-27300","2","30"
"Portal Second Age - Booster Box","PRE_COLLECTOR_BOOSTER_BOX","2","MTG:PRE_COLLECTOR_BOOSTER_BOX:MTG-CANON-TCGPLAYER-27299|MTG-CANON-TCGPLAYER-27299","2","47"
"Portal - Booster Box","PRE_COLLECTOR_BOOSTER_BOX","2","MTG:PRE_COLLECTOR_BOOSTER_BOX:MTG-CANON-TCGPLAYER-27298|MTG-CANON-TCGPLAYER-27298","2","50"
"Prophecy - Booster Box","PRE_COLLECTOR_BOOSTER_BOX","2","MTG:PRE_COLLECTOR_BOOSTER_BOX:MTG-CANON-TCGPLAYER-27301|MTG-CANON-TCGPLAYER-27301","2","44"
"Saviors of Kamigawa - Booster Box","PRE_COLLECTOR_BOOSTER_BOX","2","MTG:PRE_COLLECTOR_BOOSTER_BOX:MTG-CANON-TCGPLAYER-27304|MTG-CANON-TCGPLAYER-27304","2","48"
"Revised Edition - Booster Box","PRE_COLLECTOR_BOOSTER_BOX","2","MTG:PRE_COLLECTOR_BOOSTER_BOX:MTG-CANON-TCGPLAYER-27303|MTG-CANON-TCGPLAYER-27303","2","49"
"Ravnica - Booster Box","PRE_COLLECTOR_BOOSTER_BOX","2","MTG:PRE_COLLECTOR_BOOSTER_BOX:MTG-CANON-TCGPLAYER-27302|MTG-CANON-TCGPLAYER-27302","2","45"
"Nemesis - Booster Box","PRE_COLLECTOR_BOOSTER_BOX","2","MTG:PRE_COLLECTOR_BOOSTER_BOX:MTG-CANON-TCGPLAYER-27293|MTG-CANON-TCGPLAYER-27293","2","47"
"Morningtide - Booster Box","PRE_COLLECTOR_BOOSTER_BOX","2","MTG:PRE_COLLECTOR_BOOSTER_BOX:MTG-CANON-TCGPLAYER-27292|MTG-CANON-TCGPLAYER-27292","2","47"
"Mirrodin - Booster Box","PRE_COLLECTOR_BOOSTER_BOX","2","MTG:PRE_COLLECTOR_BOOSTER_BOX:MTG-CANON-TCGPLAYER-27291|MTG-CANON-TCGPLAYER-27291","2","48"
"Odyssey - Booster Box","PRE_COLLECTOR_BOOSTER_BOX","2","MTG:PRE_COLLECTOR_BOOSTER_BOX:MTG-CANON-TCGPLAYER-27294|MTG-CANON-TCGPLAYER-27294","2","49"
"Planeshift - Booster Box","PRE_COLLECTOR_BOOSTER_BOX","2","MTG:PRE_COLLECTOR_BOOSTER_BOX:MTG-CANON-TCGPLAYER-27297|MTG-CANON-TCGPLAYER-27297","2","47"
"Planar Chaos - Booster Box","PRE_COLLECTOR_BOOSTER_BOX","2","MTG:PRE_COLLECTOR_BOOSTER_BOX:MTG-CANON-TCGPLAYER-27296|MTG-CANON-TCGPLAYER-27296","2","45"
"Onslaught - Booster Box","PRE_COLLECTOR_BOOSTER_BOX","2","MTG:PRE_COLLECTOR_BOOSTER_BOX:MTG-CANON-TCGPLAYER-27295|MTG-CANON-TCGPLAYER-27295","2","49"
"Urza's Legacy - Booster Box","PRE_COLLECTOR_BOOSTER_BOX","2","MTG:PRE_COLLECTOR_BOOSTER_BOX:MTG-CANON-TCGPLAYER-27315|MTG-CANON-TCGPLAYER-27315","2","49"
"Urza's Destiny - Booster Box","PRE_COLLECTOR_BOOSTER_BOX","2","MTG:PRE_COLLECTOR_BOOSTER_BOX:MTG-CANON-TCGPLAYER-27314|MTG-CANON-TCGPLAYER-27314","2","42"
"Unglued - Booster Box","PRE_COLLECTOR_BOOSTER_BOX","2","MTG:PRE_COLLECTOR_BOOSTER_BOX:MTG-CANON-TCGPLAYER-27312|MTG-CANON-TCGPLAYER-27312","2","45"
"Urza's Saga - Booster Box","PRE_COLLECTOR_BOOSTER_BOX","2","MTG:PRE_COLLECTOR_BOOSTER_BOX:MTG-CANON-TCGPLAYER-27316|MTG-CANON-TCGPLAYER-27316","2","48"
"Shards of Alara - Booster Box","PRE_COLLECTOR_BOOSTER_BOX","2","MTG:PRE_COLLECTOR_BOOSTER_BOX:MTG-CANON-TCGPLAYER-28640|MTG-CANON-TCGPLAYER-28640","2","47"
"Weatherlight - Booster Box","PRE_COLLECTOR_BOOSTER_BOX","2","MTG:PRE_COLLECTOR_BOOSTER_BOX:MTG-CANON-TCGPLAYER-27318|MTG-CANON-TCGPLAYER-27318","2","46"
"Visions - Booster Box","PRE_COLLECTOR_BOOSTER_BOX","2","MTG:PRE_COLLECTOR_BOOSTER_BOX:MTG-CANON-TCGPLAYER-27317|MTG-CANON-TCGPLAYER-27317","2","47"
"Stronghold - Booster Box","PRE_COLLECTOR_BOOSTER_BOX","2","MTG:PRE_COLLECTOR_BOOSTER_BOX:MTG-CANON-TCGPLAYER-27307|MTG-CANON-TCGPLAYER-27307","2","48"
"Shadowmoor - Booster Box","PRE_COLLECTOR_BOOSTER_BOX","2","MTG:PRE_COLLECTOR_BOOSTER_BOX:MTG-CANON-TCGPLAYER-27306|MTG-CANON-TCGPLAYER-27306","2","42"
"Scourge - Booster Box","PRE_COLLECTOR_BOOSTER_BOX","2","MTG:PRE_COLLECTOR_BOOSTER_BOX:MTG-CANON-TCGPLAYER-27305|MTG-CANON-TCGPLAYER-27305","2","50"
"Tempest - Booster Box","PRE_COLLECTOR_BOOSTER_BOX","2","MTG:PRE_COLLECTOR_BOOSTER_BOX:MTG-CANON-TCGPLAYER-27308|MTG-CANON-TCGPLAYER-27308","2","50"
"Torment - Booster Box","PRE_COLLECTOR_BOOSTER_BOX","2","MTG:PRE_COLLECTOR_BOOSTER_BOX:MTG-CANON-TCGPLAYER-27311|MTG-CANON-TCGPLAYER-27311","2","48"
"Time Spiral - Booster Box","PRE_COLLECTOR_BOOSTER_BOX","2","MTG:PRE_COLLECTOR_BOOSTER_BOX:MTG-CANON-TCGPLAYER-27310|MTG-CANON-TCGPLAYER-27310","2","49"
"The Dark - Booster Box","PRE_COLLECTOR_BOOSTER_BOX","2","MTG:PRE_COLLECTOR_BOOSTER_BOX:MTG-CANON-TCGPLAYER-27309|MTG-CANON-TCGPLAYER-27309","2","50"
"Drop: February Superdrop - Introducing: Kaito Shizuki - Traditional Foil Edition ? Foil Edition","SECRET_LAIR","2","MTG:SECRET_LAIR:SL-18623F544924A7|SL-18623F544924A7","2","42"
"Drop: Li'l Legends - Rainbow Foil Edition ? Foil Edition","SECRET_LAIR","2","MTG:SECRET_LAIR:SL-4C4FCD42C6E4CB|SL-4C4FCD42C6E4CB","2","30"
"Drop: Secret Lair x Dungeons & Dragons: An Exhibition of Adventure - Non-Foil Edition ? Nonfoil Edition","SECRET_LAIR","2","MTG:SECRET_LAIR:SL-4C3509AD7E230B|SL-4C3509AD7E230B","2","31"
"Drop: Witch's Familiar - Non-Foil Edition ? Nonfoil Edition","SECRET_LAIR","2","MTG:SECRET_LAIR:SL-4BF7FE45B6D5FA|SL-4BF7FE45B6D5FA","2","42"
"Drop: Astrology Lands (Leo) - Non-Foil Edition ? Nonfoil Edition","SECRET_LAIR","2","MTG:SECRET_LAIR:SL-4D89F0ED51988D|SL-4D89F0ED51988D","2","38"
"Drop: Showcase: Thrilling Tales of the Undead - Non-Foil Edition ? Nonfoil Edition","SECRET_LAIR","2","MTG:SECRET_LAIR:SL-4E4666C9C585DF|SL-4E4666C9C585DF","2","60"
"Drop: Artist Series: Randy Vargas - Non-Foil Edition ? Nonfoil Edition","SECRET_LAIR","2","MTG:SECRET_LAIR:SL-4E446C326A35E0|SL-4E446C326A35E0","2","40"
"Drop: Omens of Chaos - Traditional Foil Edition ? Foil Edition","SECRET_LAIR","2","MTG:SECRET_LAIR:SL-4E3DD31A8F10CD|SL-4E3DD31A8F10CD","2","8"
"Drop: Astrology Lands (Libra) - Non-Foil Edition ? Nonfoil Edition","SECRET_LAIR","2","MTG:SECRET_LAIR:SL-4A13D668591161|SL-4A13D668591161","2","29"
"Drop: Showcase: Midnight Hunt - Traditional Foil Edition ? Foil Edition","SECRET_LAIR","2","MTG:SECRET_LAIR:SL-485FDCB7A00AFE|SL-485FDCB7A00AFE","2","66"
"x God of War: Norse - Non-Foil Edition ? Nonfoil Edition","SECRET_LAIR","2","MTG:SECRET_LAIR:SL-481C91DE34F288|SL-481C91DE34F288","2","61"
"Astrology Lands (Aries) - Non-Foil Edition ? Nonfoil Edition","SECRET_LAIR","2","MTG:SECRET_LAIR:SL-4AFB9096DD6221|SL-4AFB9096DD6221","2","38"
"Drop: Hard-Boiled Thrillers - Rainbow Foil Edition ? Foil Edition","SECRET_LAIR","2","MTG:SECRET_LAIR:SL-4BF63B64592660|SL-4BF63B64592660","2","43"
"Drop: Just Some Totally Normal Guys - Non-Foil Edition ? Nonfoil Edition","SECRET_LAIR","2","MTG:SECRET_LAIR:SL-4B314F21B95F79|SL-4B314F21B95F79","2","43"
"Drop: Featuring: Andrew Maclean - Non-Foil Edition ? Nonfoil Edition","SECRET_LAIR","2","MTG:SECRET_LAIR:SL-4B22D43419542B|SL-4B22D43419542B","2","36"
"Drop: Purrfection - Traditional Foil Edition ? Foil Edition","SECRET_LAIR","2","MTG:SECRET_LAIR:SL-51F0E5266661E3|SL-51F0E5266661E3","2","43"
"Drop: Inside an Elevator Superdrop: Brain Dead Bundle - Foil Edition ? Foil Edition","SECRET_LAIR","2","MTG:SECRET_LAIR:SL-51976658E5C23C|SL-51976658E5C23C","2","31"
"Drop: Secret Lair x Dungeons & Dragons: Shadowheart?s Devotion - Traditional Foil Edition ? Foil Edition","SECRET_LAIR","2","MTG:SECRET_LAIR:SL-514C1D6728B156|SL-514C1D6728B156","2","21"
"Drop: Transformers: Roll Out or Rise Up - Traditional Foil Edition ? Foil Edition","SECRET_LAIR","2","MTG:SECRET_LAIR:SL-51F6FE2831BC59|SL-51F6FE2831BC59","2","54"
"x Avatar: The Last Airbender: My Cabbages! - Rainbow Foil Edition ? Foil Edition","SECRET_LAIR","2","MTG:SECRET_LAIR:SL-52D6DADA65F954|SL-52D6DADA65F954","2","60"
"Drop: Secret Lair x Teenage Mutant Ninja Turtles: VHS Villains - Non-Foil Edition ? Nonfoil Edition","SECRET_LAIR","2","MTG:SECRET_LAIR:SL-52AD75C0AF1006|SL-52AD75C0AF1006","2","17"
"Astrology Lands (Sagittarius) - Traditional Foil Edition ? Foil Edition","SECRET_LAIR","2","MTG:SECRET_LAIR:SL-52287049EB9C78|SL-52287049EB9C78","2","14"
"Drop: A Devastation of Dragons - Rainbow Foil Edition ? Foil Edition","SECRET_LAIR","2","MTG:SECRET_LAIR:SL-5023185002A2AA|SL-5023185002A2AA","2","28"
"Drop: February Superdrop - Special Guest: Yuko Shimizu - Traditional Foil Edition ? Foil Edition","SECRET_LAIR","2","MTG:SECRET_LAIR:SL-500F5F97CE9D3D|SL-500F5F97CE9D3D","2","46"
"Superdrop: Showcase: Strixhaven - Traditional Foil Edition ? Foil Edition","SECRET_LAIR","2","MTG:SECRET_LAIR:SL-4F949907592453|SL-4F949907592453","2","90"
"Drop: If Looks Could Kill - Traditional Foil Edition ? Foil Edition","SECRET_LAIR","2","MTG:SECRET_LAIR:SL-50C145DADB01EC|SL-50C145DADB01EC","2","40"
"Superdrop: Showcase: Strixhaven - Non-Foil Edition ? Nonfoil Edition","SECRET_LAIR","2","MTG:SECRET_LAIR:SL-514B5766ECCE6E|SL-514B5766ECCE6E","2","74"
"Drop: The Beauty of the Beasts - Non-Foil Edition ? Nonfoil Edition","SECRET_LAIR","2","MTG:SECRET_LAIR:SL-50FC4B0DB8BFBC|SL-50FC4B0DB8BFBC","2","69"
"Drop: Our Boss is on Vacation Superdrop: Desk Fort Made of Non-Foils Bundle ? Nonfoil Edition","SECRET_LAIR","2","MTG:SECRET_LAIR:SL-50E644B80B9CC1|SL-50E644B80B9CC1","2","14"
"Drop: Special Guest: Jen Bartel - Non-Foil Edition ? Nonfoil Edition","SECRET_LAIR","2","MTG:SECRET_LAIR:SL-3F1F1DB9343414|SL-3F1F1DB9343414","2","61"
"x Fallout: Rad Superdrop: The Vault-Issue Non-Foil Bundle ? Nonfoil Edition","SECRET_LAIR","2","MTG:SECRET_LAIR:SL-3F0275C619056A|SL-3F0275C619056A","2","78"
"Drop: Astrology Lands (Scorpio) - Non-Foil Edition ? Nonfoil Edition","SECRET_LAIR","2","MTG:SECRET_LAIR:SL-3EF9855B3720AF|SL-3EF9855B3720AF","2","34"
"Drop: EVERYTHING IS ON FIRE - Non-Foil Playset Bundle ? Nonfoil Edition","SECRET_LAIR","2","MTG:SECRET_LAIR:SL-3F745D24C8D183|SL-3F745D24C8D183","2","23"
"x God of War: Norse - Traditional Foil Edition ? Foil Edition","SECRET_LAIR","2","MTG:SECRET_LAIR:SL-40B6F9DD3A4665|SL-40B6F9DD3A4665","2","61"
"x God of War: Greek - Traditional Foil Edition ? Foil Edition","SECRET_LAIR","2","MTG:SECRET_LAIR:SL-401C61727EE263|SL-401C61727EE263","2","73"
"Drop: Happy Yargle Day! - Traditional Foil Edition ? Foil Edition","SECRET_LAIR","2","MTG:SECRET_LAIR:SL-4018B4444438E9|SL-4018B4444438E9","2","44"
"Superdrop: OUR SHOW IS ON FRIDAY, CAN YOU MAKE IT? - Non-Foil Edition ? Nonfoil Edition","SECRET_LAIR","2","MTG:SECRET_LAIR:SL-3D16987F5EDCDC|SL-3D16987F5EDCDC","2","98"
"Drop: Viva Las Rakdos - Foil Edition ? Foil Edition","SECRET_LAIR","2","MTG:SECRET_LAIR:SL-3D01D7D0EAE8CA|SL-3D01D7D0EAE8CA","2","35"
"Drop: vroooOOOMMMMMM! - Non-Foil Playset Bundle ? Nonfoil Edition","SECRET_LAIR","2","MTG:SECRET_LAIR:SL-3D0052CFE56421|SL-3D0052CFE56421","2","53"
"Drop: Rule the Room - Traditional Foil Edition ? Foil Edition","SECRET_LAIR","2","MTG:SECRET_LAIR:SL-3D43E1264ED817|SL-3D43E1264ED817","2","45"
"Drop: Showcase: Bloomburrow - Non-Foil Edition ? Nonfoil Edition","SECRET_LAIR","2","MTG:SECRET_LAIR:SL-3EEFF77D627261|SL-3EEFF77D627261","2","57"
"x Post Malone: The Lands - Non-Foil Edition ? Nonfoil Edition","SECRET_LAIR","2","MTG:SECRET_LAIR:SL-3D98DA707A8A83|SL-3D98DA707A8A83","2","70"
"x God of War: Greek - Non-Foil Edition ? Nonfoil Edition","SECRET_LAIR","2","MTG:SECRET_LAIR:SL-3D4434A1970156|SL-3D4434A1970156","2","69"
"Drop: The Strange Sands: Mountain - Non-Foil Edition ? Nonfoil Edition","SECRET_LAIR","2","MTG:SECRET_LAIR:SL-4608D41552CD68|SL-4608D41552CD68","2","57"
"Drop: Return to Mystical Archive - Non-Foil Edition ? Nonfoil Edition","SECRET_LAIR","2","MTG:SECRET_LAIR:SL-45AC0450672011|SL-45AC0450672011","2","13"
"Drop: If Looks Could Kill - Non-Foil Edition ? Nonfoil Edition","SECRET_LAIR","2","MTG:SECRET_LAIR:SL-4538C3C87DD66E|SL-4538C3C87DD66E","2","39"
"Drop: vroooOOOMMMMMM! - Non-Foil Edition ? Nonfoil Edition","SECRET_LAIR","2","MTG:SECRET_LAIR:SL-4735ED23F7A4FD|SL-4735ED23F7A4FD","2","62"
"x Furby: The Gathering - Non-Foil Edition ? Nonfoil Edition","SECRET_LAIR","2","MTG:SECRET_LAIR:SL-481026198BBC92|SL-481026198BBC92","2","50"
"Drop: Secret Lair x Dungeons & Dragons: Gale?s Ambition - Non-Foil Edition ? Nonfoil Edition","SECRET_LAIR","2","MTG:SECRET_LAIR:SL-47FD7A58931702|SL-47FD7A58931702","2","15"
"x FINAL FANTASY: Weapons - Non-Foil Edition ? Nonfoil Edition","SECRET_LAIR","2","MTG:SECRET_LAIR:SL-47609F826AE46F|SL-47609F826AE46F","2","49"
"Drop: February Superdrop - Li'l Walkers - Traditional Foil Edition ? Foil Edition","SECRET_LAIR","2","MTG:SECRET_LAIR:SL-41DAD3A3B372D8|SL-41DAD3A3B372D8","2","34"
"Drop: Dan Frazier is Back: The Allied Signets - Non-Foil Edition ? Nonfoil Edition","SECRET_LAIR","2","MTG:SECRET_LAIR:SL-41A8311FB84FA5|SL-41A8311FB84FA5","2","39"
"Drop: Special Guest: Kozyndan: Another Story - Non-Foil Edition ? Nonfoil Edition","SECRET_LAIR","2","MTG:SECRET_LAIR:SL-415E40E57B3DAB|SL-415E40E57B3DAB","2","63"
"Drop: KEXP: Where the Music Matters - Non-Foil Bundle ? Nonfoil Edition","SECRET_LAIR","2","MTG:SECRET_LAIR:SL-42559D1C728178|SL-42559D1C728178","2","22"
"Drop: The Dracula Lands - Non-Foil Edition ? Nonfoil Edition","SECRET_LAIR","2","MTG:SECRET_LAIR:SL-4445D560A16695|SL-4445D560A16695","2","63"
"Drop: Mycosynthwave - Rainbow Foil Edition ? Foil Edition","SECRET_LAIR","2","MTG:SECRET_LAIR:SL-42D8B704EA16D9|SL-42D8B704EA16D9","2","45"
"x Uncharted - Rainbow Foil Edition ? Foil Edition","SECRET_LAIR","2","MTG:SECRET_LAIR:SL-4262135C124315|SL-4262135C124315","2","61"
"Drop: Secret Lair Promo: Cryptic Command - Rainbow Foil Edition ? Foil Edition","SECRET_LAIR","2","MTG:SECRET_LAIR:SL-623013DF1CDC7A|SL-623013DF1CDC7A","2","16"
"Drop: Secret Lair x Hatsune Miku: Electric Entourage EN - Non-Foil Edition ? Nonfoil Edition","SECRET_LAIR","2","MTG:SECRET_LAIR:SL-61E8E5DF8B1BBE|SL-61E8E5DF8B1BBE","2","32"
"Drop: Secretversary Superdrop - Happy Little Gathering - Non-Foil Edition ? Nonfoil Edition","SECRET_LAIR","2","MTG:SECRET_LAIR:SL-61289242472F60|SL-61289242472F60","2","43"
"Drop: Astrology Lands (Scorpio) - Traditional Foil Edition ? Foil Edition","SECRET_LAIR","2","MTG:SECRET_LAIR:SL-6272B7E7FCCDE5|SL-6272B7E7FCCDE5","2","35"
"Drop: Featuring: Not a Wolf - Traditional Foil Edition ? Foil Edition","SECRET_LAIR","2","MTG:SECRET_LAIR:SL-62BFC9811DD915|SL-62BFC9811DD915","2","35"
"Drop: Notebook Genius - Non-Foil Edition ? Nonfoil Edition","SECRET_LAIR","2","MTG:SECRET_LAIR:SL-62924E622370DA|SL-62924E622370DA","2","14"
"Drop: Maho Gakuin Seishun Hakusho - Non-Foil Edition ? Nonfoil Edition","SECRET_LAIR","2","MTG:SECRET_LAIR:SL-627854ED741646|SL-627854ED741646","2","13"
"Drop: Time Trouble Two - Non-Foil Edition ? Nonfoil Edition","SECRET_LAIR","2","MTG:SECRET_LAIR:SL-5FE7868CA1C657|SL-5FE7868CA1C657","2","66"
"Drop: sAnS mERcY - Rainbow Foil Edition ? Foil Edition","SECRET_LAIR","2","MTG:SECRET_LAIR:SL-5FB294356B3D9E|SL-5FB294356B3D9E","2","46"
"x Avatar: The Last Airbender: A Lot To Learn - Rainbow Foil Edition ? Foil Edition","SECRET_LAIR","2","MTG:SECRET_LAIR:SL-5E88158210994E|SL-5E88158210994E","2","55"
"x Horizon: Into the Forbidden West - Rainbow Foil Edition ? Foil Edition","SECRET_LAIR","2","MTG:SECRET_LAIR:SL-5FF41CC2D13BA0|SL-5FF41CC2D13BA0","2","53"
"Drop: Secretversary Superdrop - Artist Series: Seb McKinnon - Non-Foil Edition ? Nonfoil Edition","SECRET_LAIR","2","MTG:SECRET_LAIR:SL-60A40519C4C2EC|SL-60A40519C4C2EC","2","45"
"Drop: The Unfathomable Crushing Brutality of Basic Lands - Non-Foil Edition ? Nonfoil Edition","SECRET_LAIR","2","MTG:SECRET_LAIR:SL-60461872853DE5|SL-60461872853DE5","2","67"
"Drop: Special Guest: Fiona Staples - Non-Foil Edition ? Nonfoil Edition","SECRET_LAIR","2","MTG:SECRET_LAIR:SL-600CD704BB077D|SL-600CD704BB077D","2","69"
"Drop: Monstrous Magazines - Non-Foil Edition ? Nonfoil Edition","SECRET_LAIR","2","MTG:SECRET_LAIR:SL-686E1BBEBCBFAA|SL-686E1BBEBCBFAA","2","30"
"Drop: Secret Lair x Jurassic World: Life Breaks Free - Non-Foil Edition ? Nonfoil Edition","SECRET_LAIR","2","MTG:SECRET_LAIR:SL-67CAEA24680CC1|SL-67CAEA24680CC1","2","40"
"Drop: Totally TubuLair Superdrop: Heroes in a Half Shell Non-Foil Bundle ? Nonfoil Edition","SECRET_LAIR","2","MTG:SECRET_LAIR:SL-66650DD69BF4D5|SL-66650DD69BF4D5","2","10"
"Drop: Special Guest: Jen Bartel - Traditional Foil Edition ? Foil Edition","SECRET_LAIR","2","MTG:SECRET_LAIR:SL-690BF3733992EE|SL-690BF3733992EE","2","69"
"Drop: Artist Series: Mark Poole - Traditional Foil Edition ? Foil Edition","SECRET_LAIR","2","MTG:SECRET_LAIR:SL-698A08AB4D7C37|SL-698A08AB4D7C37","2","43"
"Drop: EVERYTHING IS ON FIRE - Raised Foil Playset Bundle ? Foil Edition","SECRET_LAIR","2","MTG:SECRET_LAIR:SL-69852EB562DC18|SL-69852EB562DC18","2","23"
"Drop: Dogs Are Better Than Cats - Non-Foil Edition ? Nonfoil Edition","SECRET_LAIR","2","MTG:SECRET_LAIR:SL-6913FBEDFDB80B|SL-6913FBEDFDB80B","2","27"
"Drop: Secret Lair x Marvel's Wolverine - Non-Foil Edition ? Nonfoil Edition","SECRET_LAIR","2","MTG:SECRET_LAIR:SL-64570B00C96787|SL-64570B00C96787","2","32"
"Drop: Artist Series: Rovina Cai - Rainbow Foil Edition ? Foil Edition","SECRET_LAIR","2","MTG:SECRET_LAIR:SL-63246582180433|SL-63246582180433","2","32"
"Back to School Superdrop: Spirit Week All Foils Bundle ? Foil Edition","SECRET_LAIR","2","MTG:SECRET_LAIR:SL-62C80AB34D9CC5|SL-62C80AB34D9CC5","2","2"
"Drop: Featuring: Phoebe Wahl - Non-Foil Edition ? Nonfoil Edition","SECRET_LAIR","2","MTG:SECRET_LAIR:SL-649995DEB9E53B|SL-649995DEB9E53B","2","38"
"Drop: Secret Lair x Fallout: Vault Boy - Non-Foil Edition ? Nonfoil Edition","SECRET_LAIR","2","MTG:SECRET_LAIR:SL-6640A3B637C825|SL-6640A3B637C825","2","42"
"Drop: EVERYTHING IS ON FIRE - Non-Foil Edition ? Nonfoil Edition","SECRET_LAIR","2","MTG:SECRET_LAIR:SL-65D2FBF09647F2|SL-65D2FBF09647F2","2","26"
"Drop: Secret Lair x Doctor Who: The Weeping Angels - Non-Foil Edition ? Nonfoil Edition","SECRET_LAIR","2","MTG:SECRET_LAIR:SL-653ECA949C539E|SL-653ECA949C539E","2","41"
"Drop: Our Boss is on Vacation Superdrop: Spongebob Squarepants: Internet Sensation - Rainbow Foil Edition ? Foil Edition","SECRET_LAIR","2","MTG:SECRET_LAIR:SL-560F109DA33288|SL-560F109DA33288","2","28"
"Drop: Secret Lair x Dungeons & Dragons: Shadowheart?s Devotion - Non-Foil Edition ? Nonfoil Edition","SECRET_LAIR","2","MTG:SECRET_LAIR:SL-55E97B4006F89E|SL-55E97B4006F89E","2","17"
"Drop: Artist Series: Volkan Baga - Non-Foil Edition ? Nonfoil Edition","SECRET_LAIR","2","MTG:SECRET_LAIR:SL-54C9080526A1C2|SL-54C9080526A1C2","2","41"
"Drop: Arcade Racers - Non-Foil Edition ? Nonfoil Edition","SECRET_LAIR","2","MTG:SECRET_LAIR:SL-568C9C053EB3C5|SL-568C9C053EB3C5","2","28"
"Drop: Secret Lair x Chucky - Non-Foil Edition ? Nonfoil Edition","SECRET_LAIR","2","MTG:SECRET_LAIR:SL-57B769C050A1F6|SL-57B769C050A1F6","2","32"
"Drop: Secret Lair Promo x Twisted Metal - Sol Ring - Rainbow Foil Edition ? Foil Edition","SECRET_LAIR","2","MTG:SECRET_LAIR:SL-57224CF33D1B18|SL-57224CF33D1B18","2","14"
"Drop: Prints Charming - Traditional Foil Edition ? Foil Edition","SECRET_LAIR","2","MTG:SECRET_LAIR:SL-56A06CCE61A990|SL-56A06CCE61A990","2","14"
"Drop: Secret Lair x Tomb Raider - Non-Foil Edition ? Nonfoil Edition","SECRET_LAIR","2","MTG:SECRET_LAIR:SL-537F7A73B4E5D7|SL-537F7A73B4E5D7","2","40"
"Drop: The Strange Sands: Plains - Non-Foil Edition ? Nonfoil Edition","SECRET_LAIR","2","MTG:SECRET_LAIR:SL-5372DCEAF5B496|SL-5372DCEAF5B496","2","66"
"Drop: Secret Lair x Hatsune Miku: Sakura Superstar EN - Rainbow Foil Edition ? Foil Edition","SECRET_LAIR","2","MTG:SECRET_LAIR:SL-52F611E7CD122A|SL-52F611E7CD122A","2","37"
"Drop: Secret Lair Promo: Deadeye Navigator - Rainbow Foil Edition ? Foil Edition","SECRET_LAIR","2","MTG:SECRET_LAIR:SL-539814AFE340EF|SL-539814AFE340EF","2","27"
"Drop: More Adventures in Middle-earth - Non-Foil Edition ? Nonfoil Edition","SECRET_LAIR","2","MTG:SECRET_LAIR:SL-5468F7B9EAB454|SL-5468F7B9EAB454","2","36"
"Drop: Marvel Superdrop: The Astonishing Foil Bundle ? Foil Edition","SECRET_LAIR","2","MTG:SECRET_LAIR:SL-5460CC74A875D8|SL-5460CC74A875D8","2","32"
"Drop: Spring Superdrop 2024: Spring Into Action Bundle - Foil Edition ? Foil Edition","SECRET_LAIR","2","MTG:SECRET_LAIR:SL-53EFFF4AB66655|SL-53EFFF4AB66655","2","20"
"Drop: Secret Lair x Assassin's Creed: Da Vinci's Designs - Non-Foil Edition ? Nonfoil Edition","SECRET_LAIR","2","MTG:SECRET_LAIR:SL-5C5578252D2926|SL-5C5578252D2926","2","35"
"Drop: Valentine's Day 2021 - Traditional Foil Edition ? Foil Edition","SECRET_LAIR","2","MTG:SECRET_LAIR:SL-5B6759715093DA|SL-5B6759715093DA","2","70"
"Drop: vroooOOOMMMMMM! - Rainbow Foil Edition ? Foil Edition","SECRET_LAIR","2","MTG:SECRET_LAIR:SL-5B5B32122CDD63|SL-5B5B32122CDD63","2","66"
"Drop: Secret Lair Promo: Seedborn Muse - Rainbow Foil Edition ? Foil Edition","SECRET_LAIR","2","MTG:SECRET_LAIR:SL-5CD1718708F7CF|SL-5CD1718708F7CF","2","39"
"Drop: Buggin' Out - Traditional Foil Edition ? Foil Edition","SECRET_LAIR","2","MTG:SECRET_LAIR:SL-5E385BCEB8C1D3|SL-5E385BCEB8C1D3","2","40"
"Drop: Monstrous Magazines - Rainbow Foil Edition ? Foil Edition","SECRET_LAIR","2","MTG:SECRET_LAIR:SL-5DFBCE0AB83C38|SL-5DFBCE0AB83C38","2","31"
"Drop: The Strange Sands: Island - Rainbow Foil Edition ? Foil Edition","SECRET_LAIR","2","MTG:SECRET_LAIR:SL-5DCBAF53678E9A|SL-5DCBAF53678E9A","2","63"
"Drop: Showcase: Murders at Karlov Manor - Rainbow Foil Edition ? Foil Edition","SECRET_LAIR","2","MTG:SECRET_LAIR:SL-58CA1F11EE3BE3|SL-58CA1F11EE3BE3","2","63"
"Drop: Keep Partying Hard, Shred Harder Than You Previously Thought Possible - Non-Foil Edition ? Nonfoil Edition","SECRET_LAIR","2","MTG:SECRET_LAIR:SL-5870A36D552768|SL-5870A36D552768","2","35"
"Drop: Spring Superdrop 2024: All The Non-Foils Are Blooming Bundle ? Nonfoil Edition","SECRET_LAIR","2","MTG:SECRET_LAIR:SL-5866DDA4AFF1E6|SL-5866DDA4AFF1E6","2","28"
"Drop: Secret Lair x Marvel's Spider-Man: Daily Bugle Breaking News - Non-Foil Edition ? Nonfoil Edition","SECRET_LAIR","2","MTG:SECRET_LAIR:SL-5933AE80C184BC|SL-5933AE80C184BC","2","21"
"Drop: Thalia: Beyond the Helvault - Traditional Foil Edition ? Foil Edition","SECRET_LAIR","2","MTG:SECRET_LAIR:SL-5A6AE8606BA087|SL-5A6AE8606BA087","2","81"
"Drop: Artist Series: Kev Walker - Traditional Foil Edition ? Foil Edition","SECRET_LAIR","2","MTG:SECRET_LAIR:SL-5A4A678A238B50|SL-5A4A678A238B50","2","41"
"Drop: Restless in Peace - Non-Foil Edition ? Nonfoil Edition","SECRET_LAIR","2","MTG:SECRET_LAIR:SL-59E7F564794C20|SL-59E7F564794C20","2","49"
"Drop: Secret Lair x Ghostbusters: Slimer - Non-Foil Edition ? Nonfoil Edition","SECRET_LAIR","2","MTG:SECRET_LAIR:SL-3C90B58C213EC3|SL-3C90B58C213EC3","2","31"
"Drop: PixelLands_v02.jpg - Traditional Foil Edition ? Foil Edition","SECRET_LAIR","2","MTG:SECRET_LAIR:SL-23E541A279A532|SL-23E541A279A532","2","44"
"Drop: Diabolical Dioramas - Non-Foil Edition ? Nonfoil Edition","SECRET_LAIR","2","MTG:SECRET_LAIR:SL-239D6859BD1D9C|SL-239D6859BD1D9C","2","37"
"Drop: Saturday Morning D&D - Traditional Foil Edition ? Foil Edition","SECRET_LAIR","2","MTG:SECRET_LAIR:SL-23598BE2582FF4|SL-23598BE2582FF4","2","42"
"Drop: Sheldon's Spellbook - Rainbow Foil Edition ? Foil Edition","SECRET_LAIR","2","MTG:SECRET_LAIR:SL-23F2295DED1E9C|SL-23F2295DED1E9C","2","57"
"Drop: Mother's Day 2021 - Traditional Foil Edition ? Foil Edition","SECRET_LAIR","2","MTG:SECRET_LAIR:SL-24D60CEE50EB04|SL-24D60CEE50EB04","2","41"
"Drop: Showcase: Monster Anatomy 101 - Foil Etched Edition ? Foil Edition","SECRET_LAIR","2","MTG:SECRET_LAIR:SL-24526707F6CB2D|SL-24526707F6CB2D","2","72"
"Drop: Draw Your Hand - Non-Foil Edition ? Nonfoil Edition","SECRET_LAIR","2","MTG:SECRET_LAIR:SL-23FA662D95286E|SL-23FA662D95286E","2","40"
"Drop: Wizards of the Street - Traditional Foil Edition ? Foil Edition","SECRET_LAIR","2","MTG:SECRET_LAIR:SL-226F557D91DE6E|SL-226F557D91DE6E","2","70"
"Drop: Paradise Frost - Rainbow Foil Edition ? Foil Edition","SECRET_LAIR","2","MTG:SECRET_LAIR:SL-22454153307BC0|SL-22454153307BC0","2","42"
"Drop: Wizards of the Street - Non-Foil Edition ? Nonfoil Edition","SECRET_LAIR","2","MTG:SECRET_LAIR:SL-219DB149BBB690|SL-219DB149BBB690","2","54"
"Drop: Back in My Day! - Traditional Foil Edition ? Foil Edition","SECRET_LAIR","2","MTG:SECRET_LAIR:SL-22B841990DAC1F|SL-22B841990DAC1F","2","10"
"Drop: Secret Lair x Marvel's Spider-Man: Venom Unleashed (Inks) - Rainbow Foil Edition ? Foil Edition","SECRET_LAIR","2","MTG:SECRET_LAIR:SL-2347A35CDE0CCA|SL-2347A35CDE0CCA","2","20"
"Drop: Secret Lair x Fallout: Welcome to New Vegas - Traditional Foil Edition ? Foil Edition","SECRET_LAIR","2","MTG:SECRET_LAIR:SL-22E3600468CA16|SL-22E3600468CA16","2","19"
"Drop: Secret Lair x Teenage Mutant Ninja Turtles: The Mighty Mutanimals - Non-Foil Edition ? Nonfoil Edition","SECRET_LAIR","2","MTG:SECRET_LAIR:SL-22CD7E1A6B7A30|SL-22CD7E1A6B7A30","2","17"
"Drop: Maho Gakuin Seishun Hakusho - Traditional Foil Edition ? Foil Edition","SECRET_LAIR","2","MTG:SECRET_LAIR:SL-27F53952DEB63B|SL-27F53952DEB63B","2","16"
"Superdrop: Culture Shocks: Bant - Non-Foil Edition ? Nonfoil Edition","SECRET_LAIR","2","MTG:SECRET_LAIR:SL-27BCF6F90AE7CD|SL-27BCF6F90AE7CD","2","78"
"Drop: Faerie, Faerie, Faerie Rad - Traditional Foil Edition ? Foil Edition","SECRET_LAIR","2","MTG:SECRET_LAIR:SL-272CED28AF6023|SL-272CED28AF6023","2","47"
"Drop: February Superdrop - Special Guest: Yuko Shimizu - Non-Foil Edition ? Nonfoil Edition","SECRET_LAIR","2","MTG:SECRET_LAIR:SL-2825A1B58F0B24|SL-2825A1B58F0B24","2","39"
"Drop: Dan Frazier's Mox Box - Foil Etched Edition ? Foil Edition","SECRET_LAIR","2","MTG:SECRET_LAIR:SL-2A0B13F359B600|SL-2A0B13F359B600","2","39"
"Drop: Secret Lair x Teenage Mutant Ninja Turtles: The Mighty Mutanimals - Traditional Foil Edition ? Foil Edition","SECRET_LAIR","2","MTG:SECRET_LAIR:SL-299EFC297156F1|SL-299EFC297156F1","2","18"
"Drop: vroooOOOMMMMMM! - Rainbow Foil Playset Bundle ? Foil Edition","SECRET_LAIR","2","MTG:SECRET_LAIR:SL-28E7EF25549A0F|SL-28E7EF25549A0F","2","41"
"x Playstation Superdrop: Foil Trophy Bundle ? Foil Edition","SECRET_LAIR","2","MTG:SECRET_LAIR:SL-256B2682940475|SL-256B2682940475","2","60"
"Drop: Every Dog Has Its Day - Traditional Foil Edition ? Foil Edition","SECRET_LAIR","2","MTG:SECRET_LAIR:SL-2569BCFE16FD2C|SL-2569BCFE16FD2C","2","40"
"Drop: The Tokyo Lands - Non-Foil Edition ? Nonfoil Edition","SECRET_LAIR","2","MTG:SECRET_LAIR:SL-255A0A2F4FEB20|SL-255A0A2F4FEB20","2","57"
"Drop: Showcase: The Lost Caverns of Ixalan - Rainbow Foil Edition ? Foil Edition","SECRET_LAIR","2","MTG:SECRET_LAIR:SL-25FFECED0CE8DE|SL-25FFECED0CE8DE","2","66"
"Drop: Secret Lair x Fortnite - Traditional Foil Edition ? Foil Edition","SECRET_LAIR","2","MTG:SECRET_LAIR:SL-26D60205AA523A|SL-26D60205AA523A","2","43"
"Drop: Mirrodinsanity - Traditional Foil Edition ? Foil Edition","SECRET_LAIR","2","MTG:SECRET_LAIR:SL-26D338135420FD|SL-26D338135420FD","2","43"
"Drop: Secret Lair x Doctor Who: The Dalek Lands - Non-Foil Edition ? Nonfoil Edition","SECRET_LAIR","2","MTG:SECRET_LAIR:SL-26B06B683BCA6B|SL-26B06B683BCA6B","2","39"
"x Warhammer Age of Sigmar - Traditional Foil Edition ? Foil Edition","SECRET_LAIR","2","MTG:SECRET_LAIR:SL-1CBB2CDA24A606|SL-1CBB2CDA24A606","2","79"
"Drop: Roll for Initiative Superdrop: The Chromatic Dragon?s Hoard Foil Bundle ? Foil Edition","SECRET_LAIR","2","MTG:SECRET_LAIR:SL-1C45E7F91C62E4|SL-1C45E7F91C62E4","2","12"
"Drop: Secret Lair x Marvel's Spider-Man: Venom Unleashed (Colors) - Non-Foil Edition ? Nonfoil Edition","SECRET_LAIR","2","MTG:SECRET_LAIR:SL-1B5B0C7B7DFD8A|SL-1B5B0C7B7DFD8A","2","21"
"Drop: Showcase: Duskmourn - Rainbow Foil Edition ? Foil Edition","SECRET_LAIR","2","MTG:SECRET_LAIR:SL-1D01680A770718|SL-1D01680A770718","2","55"
"Drop: Sheldon's Spellbook - Non-Foil Edition ? Nonfoil Edition","SECRET_LAIR","2","MTG:SECRET_LAIR:SL-1DA21B27711D91|SL-1DA21B27711D91","2","66"
"Drop: Artist Series: Randy Vargas - Traditional Foil Edition ? Foil Edition","SECRET_LAIR","2","MTG:SECRET_LAIR:SL-1D9FB450470C75|SL-1D9FB450470C75","2","42"
"Drop: Absolute Annihilation - Non-Foil Edition ? Nonfoil Edition","SECRET_LAIR","2","MTG:SECRET_LAIR:SL-1D242838322B00|SL-1D242838322B00","2","38"
"Drop: The Meaning of Life, Maybe - Traditional Foil Edition ? Foil Edition","SECRET_LAIR","2","MTG:SECRET_LAIR:SL-197CCEBB8BF2AC|SL-197CCEBB8BF2AC","2","39"
"x Avatar: The Last Airbender: The Ember Island Players - Non-Foil Edition ? Nonfoil Edition","SECRET_LAIR","2","MTG:SECRET_LAIR:SL-18DF50D0713A3D|SL-18DF50D0713A3D","2","40"
"Drop: Secret Lair x My Little Pony: Friendship is Magic - Traditional Foil Edition ? Foil Edition","SECRET_LAIR","2","MTG:SECRET_LAIR:SL-189ED14E304342|SL-189ED14E304342","2","15"
"Drop: Ssssssnakessssss - Non-Foil Edition ? Nonfoil Edition","SECRET_LAIR","2","MTG:SECRET_LAIR:SL-197EC2ADF7628E|SL-197EC2ADF7628E","2","66"
"Drop: Secret Lair x Arcane - Traditional Foil Edition ? Foil Edition","SECRET_LAIR","2","MTG:SECRET_LAIR:SL-1B4F52C53867DC|SL-1B4F52C53867DC","2","42"
"Drop: MagicCon: The Gathering - Rainbow Foil Edition ? Foil Edition","SECRET_LAIR","2","MTG:SECRET_LAIR:SL-1AC45BAFCC79A8|SL-1AC45BAFCC79A8","2","18"
"Drop: Adventures of the Little Witch - Non-Foil Edition ? Nonfoil Edition","SECRET_LAIR","2","MTG:SECRET_LAIR:SL-19B445CB21B8AA|SL-19B445CB21B8AA","2","29"
"Drop: Secret Lair x Dwarf Fortress: Create New World - Non-Foil Edition ? Nonfoil Edition","SECRET_LAIR","2","MTG:SECRET_LAIR:SL-20D499A470B8A5|SL-20D499A470B8A5","2","13"
"Drop: Eldraine Wonderland - Traditional Foil Edition ? Foil Edition","SECRET_LAIR","2","MTG:SECRET_LAIR:SL-20A675073DCB5D|SL-20A675073DCB5D","2","50"
"Drop: Dan Frazier Is Back Again: The Allied Talismans - Foil Etched Edition ? Foil Edition","SECRET_LAIR","2","MTG:SECRET_LAIR:SL-2098A235696D4F|SL-2098A235696D4F","2","37"
"Drop: Marvel Superdrop: The Mighty Non-Foil Bundle ? Nonfoil Edition","SECRET_LAIR","2","MTG:SECRET_LAIR:SL-20E2C89BAB6915|SL-20E2C89BAB6915","2","29"
"Drop: Phyrexian Faves - Traditional Foil Edition ? Foil Edition","SECRET_LAIR","2","MTG:SECRET_LAIR:SL-214ED723D3A771|SL-214ED723D3A771","2","43"
"x Warhammer 40,000: Orks - Non-Foil Edition ? Nonfoil Edition","SECRET_LAIR","2","MTG:SECRET_LAIR:SL-213339E791C59A|SL-213339E791C59A","2","75"
"Drop: Theros Stargazing: Vol.IV (Purphoros) - Traditional Foil Edition ? Foil Edition","SECRET_LAIR","2","MTG:SECRET_LAIR:SL-20EA4A771B3569|SL-20EA4A771B3569","2","72"
"Drop: Our Boss is on Vacation Superdrop: Pick 'Em and Stick 'Em - Rainbow Foil Edition ? Foil Edition","SECRET_LAIR","2","MTG:SECRET_LAIR:SL-1F7D163D1ACEFB|SL-1F7D163D1ACEFB","2","23"
"Superdrop: Culture Shocks: Naya - Non-Foil Edition ? Nonfoil Edition","SECRET_LAIR","2","MTG:SECRET_LAIR:SL-1E11913E760B30|SL-1E11913E760B30","2","87"
"Drop: Dan Frazier Is Back Again: The Allied Talismans - Non-Foil Edition ? Nonfoil Edition","SECRET_LAIR","2","MTG:SECRET_LAIR:SL-1DE33F0229DA09|SL-1DE33F0229DA09","2","41"
"Drop: Secret Lair x Dungeons & Dragons: Death is in the Eyes of the Beholder II - Rainbow Foil Edition ? Foil Edition","SECRET_LAIR","2","MTG:SECRET_LAIR:SL-1F9921A151E628|SL-1F9921A151E628","2","35"
"Drop: Monster Movie Marathon - Traditional Foil Edition ? Foil Edition","SECRET_LAIR","2","MTG:SECRET_LAIR:SL-207EFFFEEB79A0|SL-207EFFFEEB79A0","2","40"
"Drop: Kamigawa Ink - Traditional Foil Edition ? Foil Edition","SECRET_LAIR","2","MTG:SECRET_LAIR:SL-204D6B03D36FE2|SL-204D6B03D36FE2","2","45"
"Drop: Featuring: Mitsuhiro Arita - Non-Foil Edition ? Nonfoil Edition","SECRET_LAIR","2","MTG:SECRET_LAIR:SL-2007070E059EDF|SL-2007070E059EDF","2","28"
"Drop: Secret Lair x Tomb Raider - Traditional Foil Edition ? Foil Edition","SECRET_LAIR","2","MTG:SECRET_LAIR:SL-37F8EC322DC4FF|SL-37F8EC322DC4FF","2","42"
"Drop: International Women's Day 2020 - Traditional Foil Edition ? Foil Edition","SECRET_LAIR","2","MTG:SECRET_LAIR:SL-37F143176116F8|SL-37F143176116F8","2","43"
"Drop: Showcase: Bloomburrow - Rainbow Foil Edition ? Foil Edition","SECRET_LAIR","2","MTG:SECRET_LAIR:SL-37C6B768973D2F|SL-37C6B768973D2F","2","63"
"Drop: Secret Lair x Fallout: S.P.E.C.I.A.L. - Non-Foil Edition ? Nonfoil Edition","SECRET_LAIR","2","MTG:SECRET_LAIR:SL-383A5390F8CB76|SL-383A5390F8CB76","2","39"
"Drop: Roll for Initiative Superdrop: The Bag of Holding Non-Foil Bundle ? Nonfoil Edition","SECRET_LAIR","2","MTG:SECRET_LAIR:SL-38870530CF4440|SL-38870530CF4440","2","8"
"Drop: The Tokyo Lands - Etched Foil Edition ? Foil Edition","SECRET_LAIR","2","MTG:SECRET_LAIR:SL-3852DBF0BE0E0F|SL-3852DBF0BE0E0F","2","63"
"Drop: Theros Stargazing: Vol.II (Thassa) - Traditional Foil Edition ? Foil Edition","SECRET_LAIR","2","MTG:SECRET_LAIR:SL-384FB17537F64E|SL-384FB17537F64E","2","66"
"Drop: Artist Series: Thomas Baxa - Traditional Foil Edition ? Foil Edition","SECRET_LAIR","2","MTG:SECRET_LAIR:SL-35D49FF298AC45|SL-35D49FF298AC45","2","43"
"Drop: Secret Lair x Garfield: Our Only Thought Is To Entertain You - Non-Foil Edition ? Nonfoil Edition","SECRET_LAIR","2","MTG:SECRET_LAIR:SL-347373B1ADC604|SL-347373B1ADC604","2","14"
"Drop: Toby's Journey By Gary Baseman - Non-Foil Edition ? Nonfoil Edition","SECRET_LAIR","2","MTG:SECRET_LAIR:SL-34352A7A87C72D|SL-34352A7A87C72D","2","36"
"Drop: The Eyes Have It - Rainbow Foil Edition ? Foil Edition","SECRET_LAIR","2","MTG:SECRET_LAIR:SL-36280CB83AC2AF|SL-36280CB83AC2AF","2","30"
"Drop: Secret Lair x Marvel's Spider-Man: The Foil Web-Slinger Bundle ? Foil Edition","SECRET_LAIR","2","MTG:SECRET_LAIR:SL-3734ADEE0BD3D9|SL-3734ADEE0BD3D9","2","20"
"Drop: Secret Lair x Marvel's Spider-Man: Heroic Deeds - Rainbow Foil Edition ? Foil Edition","SECRET_LAIR","2","MTG:SECRET_LAIR:SL-366202692BF768|SL-366202692BF768","2","17"
"x Furby: The Gathering - Confetti Foil Edition ? Foil Edition","SECRET_LAIR","2","MTG:SECRET_LAIR:SL-364F90FA6A1775|SL-364F90FA6A1775","2","50"
"Drop: PixelSnowLands.jpg - Traditional Foil Edition ? Foil Edition","SECRET_LAIR","2","MTG:SECRET_LAIR:SL-3BCA01B6A36AD0|SL-3BCA01B6A36AD0","2","40"
"Drop: Astrology Lands (Cancer) - Non-Foil Edition ? Nonfoil Edition","SECRET_LAIR","2","MTG:SECRET_LAIR:SL-3B1C73233CF74E|SL-3B1C73233CF74E","2","37"
"Drop: Our Boss is on Vacation Superdrop: Pick 'Em and Stick 'Em - Non-Foil Edition ? Nonfoil Edition","SECRET_LAIR","2","MTG:SECRET_LAIR:SL-3AED22057A4FFB|SL-3AED22057A4FFB","2","25"
"Drop: EVERYTHING IS ON FIRE - Rainbow Foil Edition ? Foil Edition","SECRET_LAIR","2","MTG:SECRET_LAIR:SL-3BF37BD3ACB158|SL-3BF37BD3ACB158","2","29"
"Drop: Artist Series: Rebecca Guay - Non-Foil Edition ? Nonfoil Edition","SECRET_LAIR","2","MTG:SECRET_LAIR:SL-3C8F74D9F8C33A|SL-3C8F74D9F8C33A","2","40"
"Drop: Featuring: Phoebe Wahl - Rainbow Foil Edition ? Foil Edition","SECRET_LAIR","2","MTG:SECRET_LAIR:SL-3C65FD2BF954A2|SL-3C65FD2BF954A2","2","40"
"Drop: The Strange Sands: Mountain - Rainbow Foil Edition ? Foil Edition","SECRET_LAIR","2","MTG:SECRET_LAIR:SL-3BF8B1EFC3D63E|SL-3BF8B1EFC3D63E","2","53"
"Drop: Deceptive Divination - Rainbow Foil Edition ? Foil Edition","SECRET_LAIR","2","MTG:SECRET_LAIR:SL-39CDF02CD749A1|SL-39CDF02CD749A1","2","43"
"Drop: Featuring: Stan Sakai - Traditional Foil Edition ? Foil Edition","SECRET_LAIR","2","MTG:SECRET_LAIR:SL-39B978CCE71007|SL-39B978CCE71007","2","14"
"Drop: Secret Lair x Felix the Cat: Magic Bag of Tricks - Non-Foil Edition ? Nonfoil Edition","SECRET_LAIR","2","MTG:SECRET_LAIR:SL-38D62E44CA4044|SL-38D62E44CA4044","2","15"
"Drop: KEXP: Where the Music Matters - Rainbow Foil Bundle ? Foil Edition","SECRET_LAIR","2","MTG:SECRET_LAIR:SL-39F25CFE2C5A26|SL-39F25CFE2C5A26","2","21"
"Drop: April Superdrop - Full-of-Foils Bundle ? Foil Edition","SECRET_LAIR","2","MTG:SECRET_LAIR:SL-3AD38730FCEF33|SL-3AD38730FCEF33","2","37"
"x Jaws: Terror of Amity Island - Non-Foil Edition ? Nonfoil Edition","SECRET_LAIR","2","MTG:SECRET_LAIR:SL-3A8C34AA302232|SL-3A8C34AA302232","2","41"
"Drop: Our Boss is on Vacation Superdrop: Spongebob Squarepants: Lands Under the Sea - Rainbow Foil Edition ? Foil Edition","SECRET_LAIR","2","MTG:SECRET_LAIR:SL-3A798704DD8BBD|SL-3A798704DD8BBD","2","29"
"Drop: Goblingram - Rainbow Foil Edition ? Foil Edition","SECRET_LAIR","2","MTG:SECRET_LAIR:SL-2CC41EDDF7EBA1|SL-2CC41EDDF7EBA1","2","37"
"Drop: Transformers Foil Bundle ? Foil Edition","SECRET_LAIR","2","MTG:SECRET_LAIR:SL-2BC80C4864DCB3|SL-2BC80C4864DCB3","2","17"
"Drop: Secretversary Superdrop - Party Hard, Shred Harder - Non-Foil Edition ? Nonfoil Edition","SECRET_LAIR","2","MTG:SECRET_LAIR:SL-2B9EE853724B6D|SL-2B9EE853724B6D","2","44"
"Drop: Bitterblossom Dreams - Non-Foil Edition ? Nonfoil Edition","SECRET_LAIR","2","MTG:SECRET_LAIR:SL-2CFDA3F4C0066D|SL-2CFDA3F4C0066D","2","43"
"Drop: Buggin' Out - Non-Foil Edition ? Nonfoil Edition","SECRET_LAIR","2","MTG:SECRET_LAIR:SL-2D5B5D6DB161EE|SL-2D5B5D6DB161EE","2","38"
"Drop: Secret Lair x Garfield: Our Only Thought Is To Entertain You - Traditional Foil Edition ? Foil Edition","SECRET_LAIR","2","MTG:SECRET_LAIR:SL-2D3F3FFB5E9435|SL-2D3F3FFB5E9435","2","16"
"Drop: City Styles 2: Dressed to Kill - Non-Foil Edition ? Nonfoil Edition","SECRET_LAIR","2","MTG:SECRET_LAIR:SL-2D3CABC651E40A|SL-2D3CABC651E40A","2","25"
"x Post Malone: The Lands - Traditional Foil Edition ? Foil Edition","SECRET_LAIR","2","MTG:SECRET_LAIR:SL-2AF8009F200134|SL-2AF8009F200134","2","78"
"x Post Malone: Backstage Pass - Traditional Foil Edition ? Foil Edition","SECRET_LAIR","2","MTG:SECRET_LAIR:SL-2ADC84D7922A98|SL-2ADC84D7922A98","2","75"
"Drop: PixelLands_v02.jpg - Non-Foil Edition ? Nonfoil Edition","SECRET_LAIR","2","MTG:SECRET_LAIR:SL-2AC9C47B84FA46|SL-2AC9C47B84FA46","2","40"
"Drop: Secret Lair x Arcane: Lands - Traditional Foil Edition ? Foil Edition","SECRET_LAIR","2","MTG:SECRET_LAIR:SL-2B046AC7FBA460|SL-2B046AC7FBA460","2","42"
"Drop: Second Secretversary Bundle - Foil Edition ? Foil Edition","SECRET_LAIR","2","MTG:SECRET_LAIR:SL-2B817FBC9624E5|SL-2B817FBC9624E5","2","24"
"Drop: Astrology Lands (Aquarius) - Non-Foil Edition ? Nonfoil Edition","SECRET_LAIR","2","MTG:SECRET_LAIR:SL-2B55545460A82C|SL-2B55545460A82C","2","38"
"x Warhammer 40,000: Orks - Traditional Foil Edition ? Foil Edition","SECRET_LAIR","2","MTG:SECRET_LAIR:SL-2B40642CD07C6B|SL-2B40642CD07C6B","2","70"
"Drop: Purrfection - Non-Foil Edition ? Nonfoil Edition","SECRET_LAIR","2","MTG:SECRET_LAIR:SL-31EB584CE2759D|SL-31EB584CE2759D","2","40"
"Drop: Secret Lair x Dungeons & Dragons: Karlach's Rage - Rainbow Foil Edition ? Foil Edition","SECRET_LAIR","2","MTG:SECRET_LAIR:SL-3104ED52ED0029|SL-3104ED52ED0029","2","33"
"Drop: The Weirdest Pets in the Multiverse - Non-Foil Edition ? Nonfoil Edition","SECRET_LAIR","2","MTG:SECRET_LAIR:SL-30C88E4C2B3278|SL-30C88E4C2B3278","2","57"
"Drop: February Superdrop - Secret Lair x Street Fighter - Traditional Foil Edition ? Foil Edition","SECRET_LAIR","2","MTG:SECRET_LAIR:SL-31EB85A6AF4F60|SL-31EB85A6AF4F60","2","40"
"Drop: Phyrexian Faves - Non-Foil Edition ? Nonfoil Edition","SECRET_LAIR","2","MTG:SECRET_LAIR:SL-34194E4F054A23|SL-34194E4F054A23","2","42"
"Cats Are the Best Superdrop: Laser Focus Foil Bundle ? Foil Edition","SECRET_LAIR","2","MTG:SECRET_LAIR:SL-33FFFBC2DAC5E2|SL-33FFFBC2DAC5E2","2","4"
"Drop: Secret Lair x Brain Dead: Staples - Rainbow Foil Edition ? Foil Edition","SECRET_LAIR","2","MTG:SECRET_LAIR:SL-33DE5E031EFD3B|SL-33DE5E031EFD3B","2","37"
"Drop: EVERYTHING IS ON FIRE - Rainbow Foil Playset Bundle ? Foil Edition","SECRET_LAIR","2","MTG:SECRET_LAIR:SL-2F5BFD58A416E7|SL-2F5BFD58A416E7","2","23"
"x Avatar: The Last Airbender: My Cabbages! - Non-Foil Edition ? Nonfoil Edition","SECRET_LAIR","2","MTG:SECRET_LAIR:SL-2F498E0B93A360|SL-2F498E0B93A360","2","56"
"Drop: Animar & Friends - Rainbow Foil Edition ? Foil Edition","SECRET_LAIR","2","MTG:SECRET_LAIR:SL-2E6BF27043E9BB|SL-2E6BF27043E9BB","2","23"
"Drop: Our Boss is on Vacation Superdrop: Tragic Romance - Non-Foil Edition ? Nonfoil Edition","SECRET_LAIR","2","MTG:SECRET_LAIR:SL-2FCD076205C4F4|SL-2FCD076205C4F4","2","25"
"Drop: Our Boss is on Vacation Superdrop: Spongebob Squarepants: Internet Sensation - Non-Foil Edition ? Nonfoil Edition","SECRET_LAIR","2","MTG:SECRET_LAIR:SL-30B353B1E2F40A|SL-30B353B1E2F40A","2","25"
"Drop: Outlaw Anthology Vol. 2: Sinister Scoundrels - Rainbow Foil Edition ? Foil Edition","SECRET_LAIR","2","MTG:SECRET_LAIR:SL-301D3C32669404|SL-301D3C32669404","2","38"
"Astrology Lands (Taurus) - Traditional Foil Edition ? Foil Edition","SECRET_LAIR","2","MTG:SECRET_LAIR:SL-2FE515EC6D482C|SL-2FE515EC6D482C","2","41"
