canonical_product_id,canonical_product_name,product_class,distinct_dates,first_date,latest_date,price_path_hash
MTG:COLLECTOR_BOOSTER_BOX:TCGCSV-17670-449559,Dominaria Remastered Collector Booster Display,COLLECTOR_BOOSTER_BOX,33,2024-02-08,2026-07-27,4d609d8fd5abdf10b26af3a81fadc2907e9b4ba06ff84f0172de9ee65ab7c996
MTG:COLLECTOR_BOOSTER_BOX:TCGCSV-17684-451880,Phyrexia: All Will Be One Collector Booster Display,COLLECTOR_BOOSTER_BOX,32,2024-02-08,2026-07-22,4b5cc2e4131ddaae48d94ad66a99dacf969ce99f36460ef85720c708dc025b09
MTG:COLLECTOR_BOOSTER_BOX:TCGCSV-22875-475584,March of the Machine Collector Booster Display,COLLECTOR_BOOSTER_BOX,33,2024-02-08,2026-07-27,5998e27fb596133a60bd561bc3153fef15e2ffe8f965d0f41b5f0280f4f0178b
MTG:COLLECTOR_BOOSTER_BOX:TCGCSV-22876-489207,March of the Machine: The Aftermath Collector Booster Display,COLLECTOR_BOOSTER_BOX,33,2024-02-08,2026-07-27,c2a223424eac22d83a1e7301fb18ef69e7eb29d024044bb999b4de3c01651e01
MTG:COLLECTOR_BOOSTER_BOX:TCGCSV-23019-484912,Universes Beyond: The Lord of the Rings: Tales of Middle-earth Collector Booster Display,COLLECTOR_BOOSTER_BOX,32,2024-02-08,2026-07-22,184ae0af590e51fbfa3f48cdfcbd799cf4774ef7f5ea3524c9e28f5483cd4105
MTG:COLLECTOR_BOOSTER_BOX:TCGCSV-23019-515906,The Lord of the Rings: Tales of Middle-earth - Special Edition Collector Booster Display,COLLECTOR_BOOSTER_BOX,31,2024-02-08,2026-07-22,8bddf104cce497c7b365311673b36631350594336577be4e11860c8d8bf3ae5a
MTG:COLLECTOR_BOOSTER_BOX:TCGCSV-23020-484929,Commander Masters Collector Booster Display,COLLECTOR_BOOSTER_BOX,32,2024-02-08,2026-07-22,d9228946929d1a27fb7bb5f83f777cacac979e416d44343d90a08033af772ef2
MTG:COLLECTOR_BOOSTER_BOX:TCGCSV-23163-496041,Wilds of Eldraine Collector Booster Display,COLLECTOR_BOOSTER_BOX,32,2024-02-08,2026-07-22,18ea9a126d87e1e7fc32842e80835ff07f83ada937035ab6507c7f5128453348
MTG:COLLECTOR_BOOSTER_BOX:TCGCSV-23165-496076,Universes Beyond: Doctor Who Collector Booster Display,COLLECTOR_BOOSTER_BOX,32,2024-02-08,2026-07-22,a6fe80246c006b6681500d4b17a6b5b2facffb62d9cb6e2fb25779d33c1054ce
MTG:COLLECTOR_BOOSTER_BOX:TCGCSV-23312-516614,The Lost Caverns of Ixalan Collector Booster Display,COLLECTOR_BOOSTER_BOX,32,2024-02-08,2026-07-22,f724ec609385978c72d3cbc58036f891db2eaf2a5ecd74df0a19a0bd34291c8f
MTG:COLLECTOR_BOOSTER_BOX:TCGCSV-23319-517708,Ravnica Remastered Collector Booster Display,COLLECTOR_BOOSTER_BOX,32,2024-02-08,2026-07-22,0901c1993d7696494c7c2cc4360d327b35c213c2ff22f219a99070b30b770ed8
MTG:COLLECTOR_BOOSTER_BOX:TCGCSV-23337-523185,Universes Beyond: Fallout Collector Booster Display,COLLECTOR_BOOSTER_BOX,32,2024-02-08,2026-07-22,c035ab9990e38b83c4eb1b64aec5ae73b521849b9a522daea53b9143ad47e827
MTG:COLLECTOR_BOOSTER_BOX:TCGCSV-23361-529968,Murders at Karlov Manor Collector Booster Display,COLLECTOR_BOOSTER_BOX,32,2024-02-08,2026-07-22,6439fbd3b93269a8b4274387005520159e0306614f1c53a36f52a955287b01a4
MTG:COLLECTOR_BOOSTER_BOX:TCGCSV-23439-541090,Outlaws of Thunder Junction Collector Booster Display,COLLECTOR_BOOSTER_BOX,31,2024-03-01,2026-07-22,58938fb602eec268aad8132ad152e04622ded206cf0427d497f676f41bd352ba
MTG:COLLECTOR_BOOSTER_BOX:TCGCSV-23444-541179,Modern Horizons 3 Collector Booster Display,COLLECTOR_BOOSTER_BOX,31,2024-03-01,2026-07-22,995b788d69dd56ab774b48ed9403ed4c81fc81f192edaab165468ae41da7cce1
MTG:COLLECTOR_BOOSTER_BOX:TCGCSV-23446-541225,Universes Beyond: Assassin's Creed Collector Booster Display,COLLECTOR_BOOSTER_BOX,31,2024-03-01,2026-07-22,287e60485597d9a5200fe73836c72c1ffb8e3ac8d53ba27c82893dcd4795915b
MTG:COLLECTOR_BOOSTER_BOX:TCGCSV-23447-541238,Bloomburrow Collector Booster Display,COLLECTOR_BOOSTER_BOX,32,2024-03-01,2026-07-27,e0b8094e58572cb14713c045592442e795c68b16cccd41cf455fe35b730c6e0e
MTG:COLLECTOR_BOOSTER_BOX:TCGCSV-23550-557244,Duskmourn: House of Horror Collector Booster Display,COLLECTOR_BOOSTER_BOX,27,2024-08-01,2026-07-27,53a26d25baae317e4d2d2db7185d1a5cd8112cea22eca98763e61d9273a54545
MTG:COLLECTOR_BOOSTER_BOX:TCGCSV-23556-562122,Foundations Collector Booster Display,COLLECTOR_BOOSTER_BOX,25,2024-09-01,2026-07-22,6d72ae49b7b8e90c180aa701ed8736a96e56ef0e758a6082b7624937505006fd
MTG:COLLECTOR_BOOSTER_BOX:TCGCSV-23848-594681,Innistrad Remastered Collector Booster Display,COLLECTOR_BOOSTER_BOX,23,2024-12-01,2026-07-27,c41f4a6b1e4311b524db83c831295d1a816ac4e7864aa19dca1f6f2e6d6100dd
MTG:COLLECTOR_BOOSTER_BOX:TCGCSV-23874-604253,Aetherdrift Collector Booster Display,COLLECTOR_BOOSTER_BOX,22,2025-01-01,2026-07-27,d52884fa8710ebb682cf25ea4a7457445f008fcd234f55cfc51bf6ee4ccc4e83
MTG:COLLECTOR_BOOSTER_BOX:TCGCSV-24219-618893,FINAL FANTASY Collector Booster Display,COLLECTOR_BOOSTER_BOX,20,2025-03-01,2026-07-27,8ee5d0528e2ea366e31187947bb7de5dd72af543f6fd60e559a738b705b420be
MTG:COLLECTOR_BOOSTER_BOX:TCGCSV-24232-619649,Tarkir: Dragonstorm Collector Booster Display,COLLECTOR_BOOSTER_BOX,19,2025-03-01,2026-07-22,a9729c9308fd22211c26e91220db9ff793c68d70db5e3a4c4c89a343975cc237
MTG:COLLECTOR_BOOSTER_BOX:TCGCSV-24233-619672,Edge of Eternities Collector Booster Display,COLLECTOR_BOOSTER_BOX,20,2025-03-01,2026-07-27,db8b3a3f7479f57af4a9d45274a2cd2ca71c8ba52ec8a9190630726db0ae2867
MTG:COLLECTOR_BOOSTER_BOX:TCGCSV-24245-621110,Marvel's Spider-Man Collector Booster Display,COLLECTOR_BOOSTER_BOX,18,2025-04-01,2026-07-22,bff62cce59e1e9b476a58b999c50de91c8d8525dc43df4ce7fa9c0bbba25648f
MTG:COLLECTOR_BOOSTER_BOX:TCGCSV-24421-648650,Avatar: The Last Airbender Collector Booster Display,COLLECTOR_BOOSTER_BOX,14,2025-09-01,2026-07-27,59c78f654f21b73109ac3a8a764c6b965ff9ef7b7617a90941f549d921f877b2
MTG:COLLECTOR_BOOSTER_BOX:TCGCSV-24463-656322,Lorwyn Eclipsed Collector Booster Display,COLLECTOR_BOOSTER_BOX,13,2025-10-01,2026-07-27,2e8036ab626559e3def878befd25cc1bee05dac82bc69c552add061e519135ee
MTG:COLLECTOR_BOOSTER_BOX:TCGCSV-24495-657852,Teenage Mutant Ninja Turtles Collector Booster Display,COLLECTOR_BOOSTER_BOX,11,2025-11-01,2026-07-22,d7b68daf0ec7936ff89ab4ac8e99e1e7c13bae6742665e048334467b781f2807
MTG:COLLECTOR_BOOSTER_BOX:TCGCSV-24553-675606,Marvel Super Heroes Collector Booster Display,COLLECTOR_BOOSTER_BOX,8,2026-02-01,2026-07-22,281665f1e775765cb2b23d8a0d9680b731cdc8a10c9ce526dc41967801838644
MTG:COLLECTOR_BOOSTER_BOX:TCGCSV-24601-675558,Secrets of Strixhaven Collector Booster Display,COLLECTOR_BOOSTER_BOX,8,2026-02-01,2026-07-22,3eaa216552ad58ba0f31b33668e4f569f0731bc44912b7a5c2e0b47ddb5df97b
MTG:COLLECTOR_BOOSTER_BOX:TCGCSV-24683-692963,The Hobbit Collector Booster Display,COLLECTOR_BOOSTER_BOX,4,2026-06-01,2026-07-22,3301176d35c22698b52f0271c457cee8b0cc8494e56aaed5ca3eb13037dae619
MTG:COLLECTOR_BOOSTER_BOX:TCGCSV-24684-692983,Reality Fracture Collector Booster Display,COLLECTOR_BOOSTER_BOX,4,2026-06-01,2026-07-22,661979e142352048fdd98a2f77d898f06a456f297c80e033ac91dbdec2f2c4a2
MTG:COLLECTOR_BOOSTER_BOX:TCGCSV-2603-208279,Ikoria: Lair of Behemoths Collector Booster Display,COLLECTOR_BOOSTER_BOX,33,2024-02-08,2026-07-27,5a60750703cc9eefca62ed0f7600cdf3fc98ddc1fe22da651839dbc5c4007030
MTG:COLLECTOR_BOOSTER_BOX:TCGCSV-2648-220423,Zendikar Rising Collector Booster Display,COLLECTOR_BOOSTER_BOX,32,2024-02-08,2026-07-22,dc05e9376ed169cd8276ccf6ac2dd2095fb0edef8ef466c33c827c458ce9b0b4
MTG:COLLECTOR_BOOSTER_BOX:TCGCSV-2653-214818,Core Set 2021 Collector Booster Display,COLLECTOR_BOOSTER_BOX,33,2024-02-08,2026-07-27,bacbfa089b46108f7ed4caf0c6b541a2c1b9cd4696c8167db0163ea6450ce1aa
MTG:COLLECTOR_BOOSTER_BOX:TCGCSV-2708-221323,Commander Legends Collector Booster Display,COLLECTOR_BOOSTER_BOX,33,2024-02-08,2026-07-27,417f37527c64c8f8317900624e0d502f138372949d41f1ab549b5ca88be83d93
MTG:COLLECTOR_BOOSTER_BOX:TCGCSV-2750-228249,Kaldheim Collector Booster Display,COLLECTOR_BOOSTER_BOX,33,2024-02-08,2026-07-27,35590d7b89f91b646fab06862fd1fca67ac09e0e7a639a91151a285d3cfdb3cb
MTG:COLLECTOR_BOOSTER_BOX:TCGCSV-2773-233232,Strixhaven: School of Mages Collector Booster Display,COLLECTOR_BOOSTER_BOX,32,2024-02-08,2026-07-22,ba5a49561e147c5ce708826a2bc4b2a39d94200d2ec0f15f9c972105fe16eda8
MTG:COLLECTOR_BOOSTER_BOX:TCGCSV-2809-236348,Modern Horizons 2 Collector Booster Display,COLLECTOR_BOOSTER_BOX,32,2024-02-08,2026-07-22,0c372aa09057c6f8d01d0189865e3f2b289bf3008cc1e9416d7004eff3cd9cea
MTG:COLLECTOR_BOOSTER_BOX:TCGCSV-2823-238745,Adventures in the Forgotten Realms Collector Booster Display,COLLECTOR_BOOSTER_BOX,33,2024-02-08,2026-07-27,110b08608646d79fb567fd6d9a056dd2409dfd061e51050604cc2d5f0faf2b6c
MTG:COLLECTOR_BOOSTER_BOX:TCGCSV-2862-246457,Innistrad: Crimson Vow Collector Booster Display,COLLECTOR_BOOSTER_BOX,33,2024-02-08,2026-07-27,ae83b94f924507e596ef8c17ebda1af883639cc93232367eff7043bb91c0c3c4
MTG:COLLECTOR_BOOSTER_BOX:TCGCSV-2864-244384,Innistrad: Midnight Hunt Collector Booster Display,COLLECTOR_BOOSTER_BOX,33,2024-02-08,2026-07-27,badeb6c3a34f1cda01c9889c067542a7370328ea72779fea317af6afa9081f85
MTG:COLLECTOR_BOOSTER_BOX:TCGCSV-2958-275406,Unfinity Collector Booster Display,COLLECTOR_BOOSTER_BOX,32,2024-02-08,2026-07-22,f9af96250c19acf362ce8d3c01f880229d8f4d12e7ab720e81a8b3413126f3fa
MTG:COLLECTOR_BOOSTER_BOX:TCGCSV-2965-257563,Kamigawa: Neon Dynasty Collector Booster Display,COLLECTOR_BOOSTER_BOX,33,2024-02-08,2026-07-27,8255241c90d49400bb2ff12b397ba02ec0ef73ef39efaf447d541a80d8f3baf1
MTG:COLLECTOR_BOOSTER_BOX:TCGCSV-3026-264767,Streets of New Capenna Collector Booster Display,COLLECTOR_BOOSTER_BOX,32,2024-02-08,2026-07-22,760431c3f059f0e70eef59a35a17fcf4bbe0cef4cd12b4ae07e96d7d88d15ea3
MTG:COLLECTOR_BOOSTER_BOX:TCGCSV-3047-267023,Commander Legends: Battle for Baldur's Gate Collector Booster Display,COLLECTOR_BOOSTER_BOX,33,2024-02-08,2026-07-27,fbb3fde964e6fb9e7b501a9aea21864a5c0b04cdea8c0f0278b31733879e0b91
MTG:COLLECTOR_BOOSTER_BOX:TCGCSV-3070-271509,Double Masters 2022 Collector Booster Display,COLLECTOR_BOOSTER_BOX,33,2024-02-08,2026-07-27,128880ca68701979d1164308aa121bb1f6927e8199a8663c42fd7528599eb457
MTG:COLLECTOR_BOOSTER_BOX:TCGCSV-3102-275412,Dominaria United Collector Booster Display,COLLECTOR_BOOSTER_BOX,33,2024-02-08,2026-07-27,6a29e5dbf5936b543d0ba1dc6d092ca7d4f890bee4dc1aecf58d891636102d71
MTG:COLLECTOR_BOOSTER_BOX:TCGCSV-3157-282224,The Brothers' War Collector Booster Display,COLLECTOR_BOOSTER_BOX,32,2024-02-08,2026-07-22,c679728abf57570712385e4ef7613bf0d6ea0581e7298710e253bf1f5bed3ab2
MTG:PRE_COLLECTOR_BOOSTER_BOX:MTG-CANON-TCGPLAYER-102715,Battle for Zendikar - Booster Box,PRE_COLLECTOR_BOOSTER_BOX,32,2024-02-08,2026-07-23,cace7ed6ad310e60025aafafbe7945e67210beff159748c017fdf5db345c2827
MTG:PRE_COLLECTOR_BOOSTER_BOX:MTG-CANON-TCGPLAYER-110418,Oath of the Gatewatch - Booster Box,PRE_COLLECTOR_BOOSTER_BOX,31,2024-02-08,2026-07-23,3d7f48e441716ac22cf5a484d0785fb2dcbc14873085613d45528b27005202e1
MTG:PRE_COLLECTOR_BOOSTER_BOX:MTG-CANON-TCGPLAYER-112706,Shadows over Innistrad - Booster Box,PRE_COLLECTOR_BOOSTER_BOX,31,2024-02-08,2026-07-23,79f8f6e209e45e79d4c94cd6193fe78637be4b927a64c85b1a4d03f23589b81f
MTG:PRE_COLLECTOR_BOOSTER_BOX:MTG-CANON-TCGPLAYER-114832,Eternal Masters - Booster Box,PRE_COLLECTOR_BOOSTER_BOX,31,2024-02-08,2026-07-22,cdcafd82736329b84170aad6a10e31d225cafb3a5065a27442da4fa028074326
MTG:PRE_COLLECTOR_BOOSTER_BOX:MTG-CANON-TCGPLAYER-118393,Eldritch Moon - Booster Box,PRE_COLLECTOR_BOOSTER_BOX,31,2024-02-08,2026-07-22,5896fbcee67a8bc3b58198f33f0d38a10f52dae091a275cda86dc111fe72dcea
MTG:PRE_COLLECTOR_BOOSTER_BOX:MTG-CANON-TCGPLAYER-120965,Conspiracy: Take the Crown - Booster Box,PRE_COLLECTOR_BOOSTER_BOX,32,2024-02-08,2026-07-23,c422b2780e7a9db1aa23f9bb42e3cf12a7cef8335b49cb30d138197aab82409a
MTG:PRE_COLLECTOR_BOOSTER_BOX:MTG-CANON-TCGPLAYER-121527,Kaladesh - Booster Box,PRE_COLLECTOR_BOOSTER_BOX,31,2024-02-08,2026-07-23,b78f2b6a0f50acd0ace559ec90c77435b3fe62e4fe7bc4e40294e5b73fd04ade
MTG:PRE_COLLECTOR_BOOSTER_BOX:MTG-CANON-TCGPLAYER-125794,Aether Revolt - Booster Box,PRE_COLLECTOR_BOOSTER_BOX,32,2024-02-08,2026-07-23,dd5ac637b0d0ebf01efa4568fed531b1dbc3a1555a10a82f02000fd9d38024e9
MTG:PRE_COLLECTOR_BOOSTER_BOX:MTG-CANON-TCGPLAYER-127069,Modern Masters 2017 - Booster Box,PRE_COLLECTOR_BOOSTER_BOX,31,2024-02-08,2026-07-23,91f6e5ba0631589255170486325a9aea863a27d1878cdae92fddcf06925251db
MTG:PRE_COLLECTOR_BOOSTER_BOX:MTG-CANON-TCGPLAYER-127174,Amonkhet - Booster Box,PRE_COLLECTOR_BOOSTER_BOX,32,2024-02-08,2026-07-23,9833128ce738eb90e650414b6faaddf8927232d7c2a2a96d8f70d2e0953c55f5
MTG:PRE_COLLECTOR_BOOSTER_BOX:MTG-CANON-TCGPLAYER-131456,Hour of Devastation - Booster Box,PRE_COLLECTOR_BOOSTER_BOX,31,2024-02-08,2026-07-22,10a208e206911c675734fbe5bb313ab170bdfb05d08826dd39fa5c1595c46abf
MTG:PRE_COLLECTOR_BOOSTER_BOX:MTG-CANON-TCGPLAYER-141989,Ixalan - Booster Box,PRE_COLLECTOR_BOOSTER_BOX,31,2024-02-08,2026-07-23,8872b8e6e8d53670c569880f0eec859a190890594add33032b1005ae45db829e
MTG:PRE_COLLECTOR_BOOSTER_BOX:MTG-CANON-TCGPLAYER-145235,Iconic Masters - Booster Box,PRE_COLLECTOR_BOOSTER_BOX,31,2024-02-08,2026-07-22,140a3c5e01b8ee926bd2535e33cbdb6b81269ef813607629aea766dc031aa267
MTG:PRE_COLLECTOR_BOOSTER_BOX:MTG-CANON-TCGPLAYER-149402,Unstable - Booster Box,PRE_COLLECTOR_BOOSTER_BOX,31,2024-02-08,2026-07-23,634d5a8af3caa4b968a8696f44aed591769b5d75b1b968d1fa5887e54ac88e8c
MTG:PRE_COLLECTOR_BOOSTER_BOX:MTG-CANON-TCGPLAYER-149404,Rivals of Ixalan - Booster Box,PRE_COLLECTOR_BOOSTER_BOX,31,2024-02-08,2026-07-23,eccf55f6d8f5e93723851c7836546a683c8cfff04f95a43cd251b9da0f708f4f
MTG:PRE_COLLECTOR_BOOSTER_BOX:MTG-CANON-TCGPLAYER-157857,Masters 25 - Booster Box,PRE_COLLECTOR_BOOSTER_BOX,31,2024-02-08,2026-07-23,30369998498bafbdc93305bfcf562dc50f08289e1acae98c0a858b4df39ec797
MTG:PRE_COLLECTOR_BOOSTER_BOX:MTG-CANON-TCGPLAYER-158423,Dominaria - Booster Box,PRE_COLLECTOR_BOOSTER_BOX,31,2024-02-08,2026-07-22,6b456c00d54534f9ea4522d1a19cca234f2d4131e828e9cd49164281fe76618a
MTG:PRE_COLLECTOR_BOOSTER_BOX:MTG-CANON-TCGPLAYER-166536,Battlebond - Booster Box,PRE_COLLECTOR_BOOSTER_BOX,32,2024-02-08,2026-07-23,93ed17989b00a60682f8ea3f0948ce01eac9e6d269b28ec81c076f5a2340b1d8
MTG:PRE_COLLECTOR_BOOSTER_BOX:MTG-CANON-TCGPLAYER-166550,Core Set 2019 - Booster Box,PRE_COLLECTOR_BOOSTER_BOX,31,2024-02-08,2026-07-22,bae1652fb35f3c9b62132efbfa47accf81366d3587531e57c96ecf14d4562b8e
MTG:PRE_COLLECTOR_BOOSTER_BOX:MTG-CANON-TCGPLAYER-173362,Guilds of Ravnica - Booster Box,PRE_COLLECTOR_BOOSTER_BOX,31,2024-02-08,2026-07-22,a5aa3a3521d5bfe931b212b31c7de92429c8af0713b8f13557ca3723dee8042e
MTG:PRE_COLLECTOR_BOOSTER_BOX:MTG-CANON-TCGPLAYER-179444,Ultimate Masters - Booster Box,PRE_COLLECTOR_BOOSTER_BOX,31,2024-02-08,2026-07-23,b43004ec063aad46aefce2552f84929aa0ffc46c3fe62eb142d17c4693c914b8
MTG:PRE_COLLECTOR_BOOSTER_BOX:MTG-CANON-TCGPLAYER-180734,Ravnica Allegiance - Booster Box,PRE_COLLECTOR_BOOSTER_BOX,31,2024-02-08,2026-07-23,d8429341f2496374dad27a21c8059b79a8682bfe9734a30981203a6c76b209a0
MTG:PRE_COLLECTOR_BOOSTER_BOX:MTG-CANON-TCGPLAYER-185676,War of the Spark - Booster Box,PRE_COLLECTOR_BOOSTER_BOX,31,2024-02-08,2026-07-23,bdcdb284c4824f59e80ad7bec89ad67041b962053d63635534887bded46398a9
MTG:PRE_COLLECTOR_BOOSTER_BOX:MTG-CANON-TCGPLAYER-185894,Modern Horizons - Booster Box,PRE_COLLECTOR_BOOSTER_BOX,31,2024-02-08,2026-07-23,46e9385221319bf86c4c401e8d4d82c9cb04c28ad7f1cead6d9e1c9bdd30e217
MTG:PRE_COLLECTOR_BOOSTER_BOX:MTG-CANON-TCGPLAYER-188210,Core Set 2020 - Booster Box,PRE_COLLECTOR_BOOSTER_BOX,31,2024-02-08,2026-07-22,a443386e9490e19967f5a54b3fd60c445c00d34afa302abcf0846205516aa2cc
MTG:PRE_COLLECTOR_BOOSTER_BOX:MTG-CANON-TCGPLAYER-27257,10th Edition - Booster Box,PRE_COLLECTOR_BOOSTER_BOX,32,2024-02-08,2026-07-23,d2c99ec1eb211a78adafd5cd560af4fd512f10764a3d3ed203776065f67b9e49
MTG:PRE_COLLECTOR_BOOSTER_BOX:MTG-CANON-TCGPLAYER-27258,7th Edition - Booster Box,PRE_COLLECTOR_BOOSTER_BOX,32,2024-02-08,2026-07-23,a4d183701ea8374d3f29b86254c7bc68b6e2eeccb2c39bcee090f641f959f742
MTG:PRE_COLLECTOR_BOOSTER_BOX:MTG-CANON-TCGPLAYER-27259,8th Edition - Booster Box,PRE_COLLECTOR_BOOSTER_BOX,32,2024-02-08,2026-07-23,9d53f4cfe3d8451a0c8f74ecaa42ae1863757d6a04cb790837937633e2e8b8dd
MTG:PRE_COLLECTOR_BOOSTER_BOX:MTG-CANON-TCGPLAYER-27260,9th Edition - Booster Box,PRE_COLLECTOR_BOOSTER_BOX,32,2024-02-08,2026-07-23,6be55cf75304e635efe3426e2d95fa7ada9e5ef3c2d7cf5afdabe86e651ec6e8
MTG:PRE_COLLECTOR_BOOSTER_BOX:MTG-CANON-TCGPLAYER-27261,Alliances - Booster Box,PRE_COLLECTOR_BOOSTER_BOX,32,2024-02-08,2026-07-23,6106f4ac8fffb7c2eb18ec59c67159bd8a3848e4cb39c0b57ccfe3fd3cbd4228
MTG:PRE_COLLECTOR_BOOSTER_BOX:MTG-CANON-TCGPLAYER-27262,Alpha Edition - Booster Box,PRE_COLLECTOR_BOOSTER_BOX,2,2026-07-22,2026-07-23,03ffb02d2bfe3d7a75836a94d505a7d227c2b310c126eb5b75e7b2110a4ec285
MTG:PRE_COLLECTOR_BOOSTER_BOX:MTG-CANON-TCGPLAYER-27263,Antiquities - Booster Box,PRE_COLLECTOR_BOOSTER_BOX,5,2024-02-08,2026-07-23,880fa27bad8db83244a5230fcd701f6226e553c43ed0ae0e2768631e0abf93dd
MTG:PRE_COLLECTOR_BOOSTER_BOX:MTG-CANON-TCGPLAYER-27264,Apocalypse - Booster Box,PRE_COLLECTOR_BOOSTER_BOX,32,2024-02-08,2026-07-23,9e6f2f30cf9cb9ae92f4101ae4dc32c262ebf306f7ddfd5c212bdf9c3856ff41
MTG:PRE_COLLECTOR_BOOSTER_BOX:MTG-CANON-TCGPLAYER-27265,Arabian Nights - Booster Box,PRE_COLLECTOR_BOOSTER_BOX,2,2026-07-22,2026-07-23,09c776ca6235cc1dadafec541072a95c8fd547da1bb7d9101c30c9adc3e2498c
MTG:PRE_COLLECTOR_BOOSTER_BOX:MTG-CANON-TCGPLAYER-27266,Beta Edition - Booster Box,PRE_COLLECTOR_BOOSTER_BOX,2,2026-07-22,2026-07-23,9921f9606993845568139ec982219908dba874deca3ba4a227206d1858015013
MTG:PRE_COLLECTOR_BOOSTER_BOX:MTG-CANON-TCGPLAYER-27267,Betrayers of Kamigawa - Booster Box,PRE_COLLECTOR_BOOSTER_BOX,32,2024-02-08,2026-07-23,373212ac9c1aba38150b5bc107a9f8ee2e7d06b5a62d521c8bf1c4c565b9d420
MTG:PRE_COLLECTOR_BOOSTER_BOX:MTG-CANON-TCGPLAYER-27268,Champions of Kamigawa - Booster Box,PRE_COLLECTOR_BOOSTER_BOX,32,2024-02-08,2026-07-23,b11f949cabb62df7ddb0e56ea199ddb1530b7bc5a2177202066888182f202668
MTG:PRE_COLLECTOR_BOOSTER_BOX:MTG-CANON-TCGPLAYER-27269,Chronicles - Booster Box,PRE_COLLECTOR_BOOSTER_BOX,32,2024-02-08,2026-07-23,7c584e3ea658d081e579fdd9d295ef146ef6070c6196d93b4110eff8c446c2d2
MTG:PRE_COLLECTOR_BOOSTER_BOX:MTG-CANON-TCGPLAYER-27270,Classic Sixth Edition - Booster Box,PRE_COLLECTOR_BOOSTER_BOX,31,2024-02-08,2026-07-23,19539204e610244caaa8f62b134bcb0d4056493eb0dcb5ab747bc495036f2352
MTG:PRE_COLLECTOR_BOOSTER_BOX:MTG-CANON-TCGPLAYER-27271,Coldsnap - Booster Box,PRE_COLLECTOR_BOOSTER_BOX,32,2024-02-08,2026-07-23,cf90d4957da4c9d904e2d9bbc6e6ecb0fe4c11621468e8490cf2eb10f44c91ed
MTG:PRE_COLLECTOR_BOOSTER_BOX:MTG-CANON-TCGPLAYER-27272,Darksteel - Booster Box,PRE_COLLECTOR_BOOSTER_BOX,31,2024-02-08,2026-07-22,fcecdf5c75ddea5c14422708b7cc0c0839a47871380659acf9cc8a67857335a1
MTG:PRE_COLLECTOR_BOOSTER_BOX:MTG-CANON-TCGPLAYER-27273,Dissension - Booster Box,PRE_COLLECTOR_BOOSTER_BOX,31,2024-02-08,2026-07-22,dd809924dfb339dd9a24b755b50da3ef59715b142871962f7e0695bef3f1c73e
MTG:PRE_COLLECTOR_BOOSTER_BOX:MTG-CANON-TCGPLAYER-27274,Eventide - Booster Box,PRE_COLLECTOR_BOOSTER_BOX,31,2024-02-08,2026-07-22,a6b74203197220a2c91038ae66aecaff1b231733d3f9a97ab70c851383a9734e
MTG:PRE_COLLECTOR_BOOSTER_BOX:MTG-CANON-TCGPLAYER-27275,Exodus - Booster Box,PRE_COLLECTOR_BOOSTER_BOX,31,2024-02-08,2026-07-22,5386ece69608285a29fe3a8d7b9f859d1d6f635f3a2a510b5e6b1ba93909c015
MTG:PRE_COLLECTOR_BOOSTER_BOX:MTG-CANON-TCGPLAYER-27276,Fallen Empires - Booster Box,PRE_COLLECTOR_BOOSTER_BOX,31,2024-02-08,2026-07-22,5283f70880e393cf77ac1a8bd1d3c3e09274dca9722c911c6bb87d631352b516
MTG:PRE_COLLECTOR_BOOSTER_BOX:MTG-CANON-TCGPLAYER-27277,Fifth Dawn - Booster Box,PRE_COLLECTOR_BOOSTER_BOX,31,2024-02-08,2026-07-22,5e3eb67c30d8210e0405fda57269dd558edbac4f41e9d1923adb4ae7ac01e987
MTG:PRE_COLLECTOR_BOOSTER_BOX:MTG-CANON-TCGPLAYER-27278,Fifth Edition - Booster Box,PRE_COLLECTOR_BOOSTER_BOX,31,2024-02-08,2026-07-22,59208de15e677c94b1e3f9c56686734013551557c7e41eca3a10b9b690ed7d35
MTG:PRE_COLLECTOR_BOOSTER_BOX:MTG-CANON-TCGPLAYER-27279,Fourth Edition - Booster Box,PRE_COLLECTOR_BOOSTER_BOX,31,2024-02-08,2026-07-22,1cfe65d604a793ce34d471d143650d3974b24cb0dad32ef4288f1a98f139c642
MTG:PRE_COLLECTOR_BOOSTER_BOX:MTG-CANON-TCGPLAYER-27280,Future Sight - Booster Box,PRE_COLLECTOR_BOOSTER_BOX,31,2024-02-08,2026-07-22,a821d210551cdfee5e3b84fe4c943fe621808cecdbec28a773ef5eecca02dc08
MTG:PRE_COLLECTOR_BOOSTER_BOX:MTG-CANON-TCGPLAYER-27281,Guildpact - Booster Box,PRE_COLLECTOR_BOOSTER_BOX,31,2024-02-08,2026-07-22,6c28d638b6d65ae3d7d4fe67f9f68805dc95405213998e24a9b2474beac1dba7
MTG:PRE_COLLECTOR_BOOSTER_BOX:MTG-CANON-TCGPLAYER-27282,Homelands - Booster Box,PRE_COLLECTOR_BOOSTER_BOX,31,2024-02-08,2026-07-22,4cf172cc16039057170a696570ec220a84752032d960be8561eac8a5ef70e202
MTG:PRE_COLLECTOR_BOOSTER_BOX:MTG-CANON-TCGPLAYER-27283,Ice Age - Booster Box,PRE_COLLECTOR_BOOSTER_BOX,31,2024-02-08,2026-07-22,a8a84e02e13ffc4a743bee61289d4b6dbc38a15ec6f8ae29dfa6b89687efbafc
MTG:PRE_COLLECTOR_BOOSTER_BOX:MTG-CANON-TCGPLAYER-27284,Invasion - Booster Box,PRE_COLLECTOR_BOOSTER_BOX,31,2024-02-08,2026-07-23,4b2772800c428d5cf6860f2a5213d6e1e32bb8e774b627c4c39c6c8e08e27a8d
MTG:PRE_COLLECTOR_BOOSTER_BOX:MTG-CANON-TCGPLAYER-27285,Judgment - Booster Box,PRE_COLLECTOR_BOOSTER_BOX,31,2024-02-08,2026-07-23,272066609c965cbaf3b6b3e8b3c84f75997bc1729f1eaab5aaeb50a7ba017d6b
MTG:PRE_COLLECTOR_BOOSTER_BOX:MTG-CANON-TCGPLAYER-27286,Legends - Booster Box,PRE_COLLECTOR_BOOSTER_BOX,22,2024-02-08,2026-07-23,1dc8a47348f2d99ccb528fd40d4db911dcd1c783d8b2329b005be5ffb5020c51
MTG:PRE_COLLECTOR_BOOSTER_BOX:MTG-CANON-TCGPLAYER-27287,Legions - Booster Box,PRE_COLLECTOR_BOOSTER_BOX,31,2024-02-08,2026-07-23,4b7452c0e836e8fc7149479cdb5eeb16411eb06cb9a1724db385f7d0ae2dd040
MTG:PRE_COLLECTOR_BOOSTER_BOX:MTG-CANON-TCGPLAYER-27288,Lorwyn - Booster Box,PRE_COLLECTOR_BOOSTER_BOX,31,2024-02-08,2026-07-23,2dbd8e2b32d87abdf4bc6c173fcf3ad9a4df3517852a8f489008f60c3d1029e9
MTG:PRE_COLLECTOR_BOOSTER_BOX:MTG-CANON-TCGPLAYER-27289,Mercadian Masques - Booster Box,PRE_COLLECTOR_BOOSTER_BOX,31,2024-02-08,2026-07-23,e659e1184a1cfc9db5d5e5dcfe44c016e2b0b4d8062eb6f2a6dfc956fc988718
MTG:PRE_COLLECTOR_BOOSTER_BOX:MTG-CANON-TCGPLAYER-27290,Mirage - Booster Box,PRE_COLLECTOR_BOOSTER_BOX,30,2024-02-08,2026-07-23,d81f943eec04ffeb7d4d09734a7584be8a1a1a8fc88d20f3dfe6cf9faa496d0a
MTG:PRE_COLLECTOR_BOOSTER_BOX:MTG-CANON-TCGPLAYER-27291,Mirrodin - Booster Box,PRE_COLLECTOR_BOOSTER_BOX,31,2024-02-08,2026-07-23,565bbdd4adc8d6464b4a9169f06dacd016f32ba33c5cf21a9c02550d6c7d7277
MTG:PRE_COLLECTOR_BOOSTER_BOX:MTG-CANON-TCGPLAYER-27292,Morningtide - Booster Box,PRE_COLLECTOR_BOOSTER_BOX,31,2024-02-08,2026-07-23,39ee590bfecb86ca48a7000d2465863a121666e995f48c0440a493a9df1a0dd5
MTG:PRE_COLLECTOR_BOOSTER_BOX:MTG-CANON-TCGPLAYER-27293,Nemesis - Booster Box,PRE_COLLECTOR_BOOSTER_BOX,31,2024-02-08,2026-07-23,d47b1249fa698f4a21978759f79b84db8292e7d22b03b5a46fcab50fd21a81e1
MTG:PRE_COLLECTOR_BOOSTER_BOX:MTG-CANON-TCGPLAYER-27294,Odyssey - Booster Box,PRE_COLLECTOR_BOOSTER_BOX,31,2024-02-08,2026-07-23,ecce5cc73ea8b42512c4677486e897f5248c5da26ddc9573c8a4821ce4b383ee
MTG:PRE_COLLECTOR_BOOSTER_BOX:MTG-CANON-TCGPLAYER-27295,Onslaught - Booster Box,PRE_COLLECTOR_BOOSTER_BOX,31,2024-02-08,2026-07-23,1a71f0dda743c7a5b3b3d39cf28a4e07bc2ef1e6ec21af7f44b609b6ee4a79e9
MTG:PRE_COLLECTOR_BOOSTER_BOX:MTG-CANON-TCGPLAYER-27296,Planar Chaos - Booster Box,PRE_COLLECTOR_BOOSTER_BOX,31,2024-02-08,2026-07-23,656a7b5fbcdb67570f8c1b7a14b827ddc1ef7100ca876b655fffff0fb4cd587f
MTG:PRE_COLLECTOR_BOOSTER_BOX:MTG-CANON-TCGPLAYER-27297,Planeshift - Booster Box,PRE_COLLECTOR_BOOSTER_BOX,31,2024-02-08,2026-07-23,3e4d258519a7393fbd48eae4dd14b68e8fb8eeffe4b60726281c0f7882db7b53
MTG:PRE_COLLECTOR_BOOSTER_BOX:MTG-CANON-TCGPLAYER-27298,Portal - Booster Box,PRE_COLLECTOR_BOOSTER_BOX,31,2024-02-08,2026-07-23,44b9b0652f6316661315f396cadcc317bd4705ca932a27e2f8cb3dddd6ac6629
MTG:PRE_COLLECTOR_BOOSTER_BOX:MTG-CANON-TCGPLAYER-27299,Portal Second Age - Booster Box,PRE_COLLECTOR_BOOSTER_BOX,31,2024-02-08,2026-07-23,4d4333e6ded505fa9c7e598575e1cb7796056eef57c8a51c1c4d2962858dd6d0
MTG:PRE_COLLECTOR_BOOSTER_BOX:MTG-CANON-TCGPLAYER-27300,Portal Three Kingdoms - Booster Box,PRE_COLLECTOR_BOOSTER_BOX,21,2024-02-08,2026-07-23,9b1ad9a61f13262f8b83534be18dc5c8395f5b018ae76f8360f9ae3729953620
MTG:PRE_COLLECTOR_BOOSTER_BOX:MTG-CANON-TCGPLAYER-27301,Prophecy - Booster Box,PRE_COLLECTOR_BOOSTER_BOX,27,2024-02-08,2026-07-23,91d77085ce6ac8e51db3d3ca4029cc7abe8e6419baac2e80fd8c913d7296a28d
MTG:PRE_COLLECTOR_BOOSTER_BOX:MTG-CANON-TCGPLAYER-27302,Ravnica - Booster Box,PRE_COLLECTOR_BOOSTER_BOX,31,2024-02-08,2026-07-23,83506913a44a3a474216a8ffb2636b19cef26d7c86cfdee434675d324a8197f0
MTG:PRE_COLLECTOR_BOOSTER_BOX:MTG-CANON-TCGPLAYER-27303,Revised Edition - Booster Box,PRE_COLLECTOR_BOOSTER_BOX,31,2024-02-08,2026-07-23,701a615520f44ff4d528aa8c04dbbbe541e4959e98e5a2bf52a8e02711ee65a7
MTG:PRE_COLLECTOR_BOOSTER_BOX:MTG-CANON-TCGPLAYER-27304,Saviors of Kamigawa - Booster Box,PRE_COLLECTOR_BOOSTER_BOX,31,2024-02-08,2026-07-23,d5180770014ce6c204b6ab2078fa61acaba4bc931cf0f01563a92787b21b8e5a
MTG:PRE_COLLECTOR_BOOSTER_BOX:MTG-CANON-TCGPLAYER-27305,Scourge - Booster Box,PRE_COLLECTOR_BOOSTER_BOX,31,2024-02-08,2026-07-23,e1a7ab00d2701b1a899a471b7bea87aa3d43a73ee169d4d5a0a73f89ae89ff59
MTG:PRE_COLLECTOR_BOOSTER_BOX:MTG-CANON-TCGPLAYER-27306,Shadowmoor - Booster Box,PRE_COLLECTOR_BOOSTER_BOX,31,2024-02-08,2026-07-23,51a271c39a6944b679e5c417a38005f1199c5e5645cfa570cc83f3246ee467e9
MTG:PRE_COLLECTOR_BOOSTER_BOX:MTG-CANON-TCGPLAYER-27307,Stronghold - Booster Box,PRE_COLLECTOR_BOOSTER_BOX,31,2024-02-08,2026-07-23,ef2351e1ca264f22aca45da7845ba2ffb987015a319eff9990f659c15a98bf07
MTG:PRE_COLLECTOR_BOOSTER_BOX:MTG-CANON-TCGPLAYER-27308,Tempest - Booster Box,PRE_COLLECTOR_BOOSTER_BOX,31,2024-02-08,2026-07-23,4d4b36a03b738b0be4cdd64f880189da108c422f67af1686d6e7fc13c7dd2850
MTG:PRE_COLLECTOR_BOOSTER_BOX:MTG-CANON-TCGPLAYER-27309,The Dark - Booster Box,PRE_COLLECTOR_BOOSTER_BOX,31,2024-02-08,2026-07-23,38ec2fe6012f449ae6603b5dfb8803ba9a7415ba2803345cd5d4af5a94454786
MTG:PRE_COLLECTOR_BOOSTER_BOX:MTG-CANON-TCGPLAYER-27310,Time Spiral - Booster Box,PRE_COLLECTOR_BOOSTER_BOX,31,2024-02-08,2026-07-23,a45bbc6a5b1878e041e2dbdc06dcc08ecbb84ac51c0ef9524250bd16058cd9de
MTG:PRE_COLLECTOR_BOOSTER_BOX:MTG-CANON-TCGPLAYER-27311,Torment - Booster Box,PRE_COLLECTOR_BOOSTER_BOX,31,2024-02-08,2026-07-23,028b0eb5bc30d6ae94851087b87de90233041dcfc807887e1e885dd4dc9780ae
MTG:PRE_COLLECTOR_BOOSTER_BOX:MTG-CANON-TCGPLAYER-27312,Unglued - Booster Box,PRE_COLLECTOR_BOOSTER_BOX,30,2024-03-01,2026-07-23,e4f4fb59b4e4e31ccaf34a94d48b84ba6d97555a6f68ffb97a54344962d99f2b
MTG:PRE_COLLECTOR_BOOSTER_BOX:MTG-CANON-TCGPLAYER-27313,Unlimited Edition - Booster Box,PRE_COLLECTOR_BOOSTER_BOX,1,2026-07-23,2026-07-23,f1a2c448d26f894f6fe3753f4afdf9f7c8140e4886a5fa47eb3ad04acc752ae6
MTG:PRE_COLLECTOR_BOOSTER_BOX:MTG-CANON-TCGPLAYER-27314,Urza's Destiny - Booster Box,PRE_COLLECTOR_BOOSTER_BOX,27,2024-02-08,2026-07-23,93c73b09d59de0b374f6ca1e146ee5d3d655b064dca82da818b010c0170d98af
MTG:PRE_COLLECTOR_BOOSTER_BOX:MTG-CANON-TCGPLAYER-27315,Urza's Legacy - Booster Box,PRE_COLLECTOR_BOOSTER_BOX,31,2024-02-08,2026-07-23,9ae2ef73bbecf08413f0dd5b9a6c7e16675522fb14bfcafcdedf07b5be4e38f3
MTG:PRE_COLLECTOR_BOOSTER_BOX:MTG-CANON-TCGPLAYER-27316,Urza's Saga - Booster Box,PRE_COLLECTOR_BOOSTER_BOX,31,2024-02-08,2026-07-23,8dae7b8d4cc2b1303a04c40d5f52260e94ad3e13ebff445ac0f2d0678183a7d5
MTG:PRE_COLLECTOR_BOOSTER_BOX:MTG-CANON-TCGPLAYER-27317,Visions - Booster Box,PRE_COLLECTOR_BOOSTER_BOX,31,2024-02-08,2026-07-23,e2ce9abfc2645a7ab1567d86336bced16fb8a60ec5d936f970a58f85fe3e20a9
MTG:PRE_COLLECTOR_BOOSTER_BOX:MTG-CANON-TCGPLAYER-27318,Weatherlight - Booster Box,PRE_COLLECTOR_BOOSTER_BOX,31,2024-02-08,2026-07-23,d44dc279c1d9815978e0e56c462f7da761b33317d02a2799bd61aa54e00035bb
MTG:PRE_COLLECTOR_BOOSTER_BOX:MTG-CANON-TCGPLAYER-28640,Shards of Alara - Booster Box,PRE_COLLECTOR_BOOSTER_BOX,31,2024-02-08,2026-07-23,5c6a8096365d5d9350979a7e4e987d0dc4d8ffb92f71db6a29a34f07636f5335
MTG:PRE_COLLECTOR_BOOSTER_BOX:MTG-CANON-TCGPLAYER-31841,Alara Reborn - Booster Box,PRE_COLLECTOR_BOOSTER_BOX,32,2024-02-08,2026-07-23,007b3a995cc87b552df43957990e29fd0731f53499f3b40c2c18ec4dad8faf7a
MTG:PRE_COLLECTOR_BOOSTER_BOX:MTG-CANON-TCGPLAYER-32529,Magic 2010 (M10) - Booster Box,PRE_COLLECTOR_BOOSTER_BOX,30,2024-02-08,2026-07-23,92c0232e38002ceba758f51a48db9451c3617e41e52fea25cd95f61886f03d20
MTG:PRE_COLLECTOR_BOOSTER_BOX:MTG-CANON-TCGPLAYER-32789,Zendikar - Booster Box,PRE_COLLECTOR_BOOSTER_BOX,31,2024-02-08,2026-07-23,cc6be60dc8a5dfdd5630f628299049fe65be4bdf1b97516213a9807192ceb2ad
MTG:PRE_COLLECTOR_BOOSTER_BOX:MTG-CANON-TCGPLAYER-34468,Worldwake - Booster Box,PRE_COLLECTOR_BOOSTER_BOX,30,2024-02-08,2026-07-23,6c9539ce53b60d12716553309b2968985b17ad8e9e40523cf30e16119398df58
MTG:PRE_COLLECTOR_BOOSTER_BOX:MTG-CANON-TCGPLAYER-34678,Rise of the Eldrazi - Booster Box,PRE_COLLECTOR_BOOSTER_BOX,30,2024-02-08,2026-07-23,37cf821f39e01a0f92c71368fcdbe6fb034bb4a4a65844c604f881c1214179f3
MTG:PRE_COLLECTOR_BOOSTER_BOX:MTG-CANON-TCGPLAYER-35372,Magic 2011 (M11) - Booster Box,PRE_COLLECTOR_BOOSTER_BOX,31,2024-02-08,2026-07-23,389cb981fa4a42f61cddcdbcb2af6ff0de84f1ca66a8babd6aae60b5de155765
MTG:PRE_COLLECTOR_BOOSTER_BOX:MTG-CANON-TCGPLAYER-35749,Scars of Mirrodin - Booster Box,PRE_COLLECTOR_BOOSTER_BOX,31,2024-02-08,2026-07-23,ef1c09b8afe76cbf7f7f57fcb51e057e5260776628b783fabd9493ba08cff7cc
MTG:PRE_COLLECTOR_BOOSTER_BOX:MTG-CANON-TCGPLAYER-39109,Mirrodin Besieged - Booster Box,PRE_COLLECTOR_BOOSTER_BOX,31,2024-02-08,2026-07-23,29ed4d76885200c357fdf0303ab9730f00d2cd05400a1df6a9af80f4deb977a5
MTG:PRE_COLLECTOR_BOOSTER_BOX:MTG-CANON-TCGPLAYER-39410,New Phyrexia - Booster Box,PRE_COLLECTOR_BOOSTER_BOX,31,2024-02-08,2026-07-23,010e924d80618c37d6e440cf09820e38f231dd783b9e22b7c27e42df021d875f
MTG:PRE_COLLECTOR_BOOSTER_BOX:MTG-CANON-TCGPLAYER-46957,Magic 2012 (M12) - Booster Box,PRE_COLLECTOR_BOOSTER_BOX,31,2024-02-08,2026-07-23,6a74b11ed96ab8e03424e85b255ba7dce82e90bd10bd11216858d70b1d7a3537
MTG:PRE_COLLECTOR_BOOSTER_BOX:MTG-CANON-TCGPLAYER-47791,Innistrad - Booster Box,PRE_COLLECTOR_BOOSTER_BOX,31,2024-02-08,2026-07-23,214e618b7224cd384fedfe6c69ac3f10f3c74796dc132e2014e51a98b4103190
MTG:PRE_COLLECTOR_BOOSTER_BOX:MTG-CANON-TCGPLAYER-57584,Dark Ascension - Booster Box,PRE_COLLECTOR_BOOSTER_BOX,31,2024-02-08,2026-07-22,64e6b5efb474b59ce318c37ce36c970651e338bf0e9346f1bfb9ecd48cf2b35a
MTG:PRE_COLLECTOR_BOOSTER_BOX:MTG-CANON-TCGPLAYER-58058,Avacyn Restored - Booster Box,PRE_COLLECTOR_BOOSTER_BOX,32,2024-02-08,2026-07-23,48928a552cf1714ecedb1d2228b5d4014532c9f4e0f721d3a04cadf3980c2d80
MTG:PRE_COLLECTOR_BOOSTER_BOX:MTG-CANON-TCGPLAYER-59120,Magic 2013 (M13) - Booster Box,PRE_COLLECTOR_BOOSTER_BOX,31,2024-02-08,2026-07-23,863d61b7f82077f1821b1bd680023fcdc1aabe45e4ef76a50d3416f41bfac6fa
MTG:PRE_COLLECTOR_BOOSTER_BOX:MTG-CANON-TCGPLAYER-60117,Return to Ravnica - Booster Box,PRE_COLLECTOR_BOOSTER_BOX,31,2024-02-08,2026-07-23,407a6fb02370dc39a2b4032b69bd4a380252c3ede446c7fe4476b14f554a25ac
MTG:PRE_COLLECTOR_BOOSTER_BOX:MTG-CANON-TCGPLAYER-67311,Gatecrash - Booster Box,PRE_COLLECTOR_BOOSTER_BOX,31,2024-02-08,2026-07-22,ff1fcca7abf3f242c57fe31796a95351e256eda1b1b03b4ced99d30a662c349e
MTG:PRE_COLLECTOR_BOOSTER_BOX:MTG-CANON-TCGPLAYER-67751,Dragon's Maze - Booster Box,PRE_COLLECTOR_BOOSTER_BOX,31,2024-02-08,2026-07-22,e44c73fde3611b51828d1b90d702fa9bddd02d93c80a74501833a3d5063a2db3
MTG:PRE_COLLECTOR_BOOSTER_BOX:MTG-CANON-TCGPLAYER-68104,Modern Masters - Booster Box,PRE_COLLECTOR_BOOSTER_BOX,31,2024-02-08,2026-07-23,5d1ceb8b94b6c4b127eb85b166e4c0acf7a4277a1c2c6d92ceaf1529dd94f5af
MTG:PRE_COLLECTOR_BOOSTER_BOX:MTG-CANON-TCGPLAYER-69243,Magic 2014 (M14) - Booster Box,PRE_COLLECTOR_BOOSTER_BOX,31,2024-02-08,2026-07-23,7b986351cdb103b6b90d7d28ea062a093718fb46233715dc258f0528457f4287
MTG:PRE_COLLECTOR_BOOSTER_BOX:MTG-CANON-TCGPLAYER-70960,Theros - Booster Box,PRE_COLLECTOR_BOOSTER_BOX,31,2024-02-08,2026-07-23,0a7c3fddefe65fda37c842087d39de8ad1054a270ad0992f492948c0599ad650
MTG:PRE_COLLECTOR_BOOSTER_BOX:MTG-CANON-TCGPLAYER-77321,Born of the Gods - Booster Box,PRE_COLLECTOR_BOOSTER_BOX,32,2024-02-08,2026-07-23,f0fca76817fe1ceaf97f521417e7b047c50782abc6c885752193a68011f82924
MTG:PRE_COLLECTOR_BOOSTER_BOX:MTG-CANON-TCGPLAYER-77322,Journey Into Nyx - Booster Box,PRE_COLLECTOR_BOOSTER_BOX,31,2024-02-08,2026-07-23,f6698a1cfc0d787062a832838bd9a6886d131286c7d748ece0a1643b1eb4e255
MTG:PRE_COLLECTOR_BOOSTER_BOX:MTG-CANON-TCGPLAYER-79290,Unhinged - Booster Box,PRE_COLLECTOR_BOOSTER_BOX,31,2024-02-08,2026-07-23,83da69f3ed916fd4011c44f17d451b4732e7fb266eddb8a5c6c16f852cf48a85
MTG:PRE_COLLECTOR_BOOSTER_BOX:MTG-CANON-TCGPLAYER-82200,Conspiracy - Booster Box,PRE_COLLECTOR_BOOSTER_BOX,32,2024-02-08,2026-07-23,220fd8222f83d13fe430aaab97f1be19d9fe9f9dbe186e44a9ca23f2a8b0dca0
MTG:PRE_COLLECTOR_BOOSTER_BOX:MTG-CANON-TCGPLAYER-90786,Magic 2015 (M15) - Booster Box,PRE_COLLECTOR_BOOSTER_BOX,31,2024-02-08,2026-07-23,8d89fc2f07ce1e0abca912da0cd024a09d9a1593562d1d8ef61979ee592c2070
MTG:PRE_COLLECTOR_BOOSTER_BOX:MTG-CANON-TCGPLAYER-91650,Khans of Tarkir - Booster Box,PRE_COLLECTOR_BOOSTER_BOX,31,2024-02-08,2026-07-23,7787ffecdb0d1ad1aa2f7e49e2f3687f49720682e19c922326738a4c16f8f8b9
MTG:PRE_COLLECTOR_BOOSTER_BOX:MTG-CANON-TCGPLAYER-93516,Conflux - Booster Box,PRE_COLLECTOR_BOOSTER_BOX,32,2024-02-08,2026-07-23,3c8e0a982aa86aa7139a95f8fb358283944be9db8cc5a24f7cea4a6b343b6da7
MTG:PRE_COLLECTOR_BOOSTER_BOX:MTG-CANON-TCGPLAYER-94746,Fate Reforged - Booster Box,PRE_COLLECTOR_BOOSTER_BOX,31,2024-02-08,2026-07-22,c19c13b926af8cb399f39597fb675d1df85a3465a4d57436bc024b824b303a81
MTG:PRE_COLLECTOR_BOOSTER_BOX:MTG-CANON-TCGPLAYER-95052,Modern Masters 2015 - Booster Box,PRE_COLLECTOR_BOOSTER_BOX,31,2024-02-08,2026-07-23,5b78c14d5fe1fbc9fe65d96f6b4afdf5a33b265c724ac04e326ac87b3a8a16a7
MTG:PRE_COLLECTOR_BOOSTER_BOX:MTG-CANON-TCGPLAYER-96137,Dragons of Tarkir - Booster Box,PRE_COLLECTOR_BOOSTER_BOX,31,2024-02-08,2026-07-22,8dc36eca202aa0886bd05f5ce17c86c1b4fa3dc1669d2c9f8644e32ba535a713
MTG:PRE_COLLECTOR_BOOSTER_BOX:MTG-CANON-TCGPLAYER-96147,Magic Origins - Booster Box,PRE_COLLECTOR_BOOSTER_BOX,31,2024-02-08,2026-07-23,07ab3d77a2456360bcd84fe4c98e5be7cea2947f9bd3595aebb40dd5062357e1
MTG:SECRET_LAIR:SL-00DFD5FAF7A6FF,Drop: Secret Lair x Dungeons & Dragons: Whispers in Candlekeep - Non-Foil Edition — Nonfoil Edition,SECRET_LAIR,6,2026-03-01,2026-07-23,850c848de61474f37507708e7523c08a649fbd3e3013f63d0fedce666536586d
MTG:SECRET_LAIR:SL-014CB03DE34288,Drop: Artist Series: Victor Adame Minguez - Traditional Foil Edition — Foil Edition,SECRET_LAIR,31,2024-02-08,2026-07-23,4c2e2224cce26924d856f0eb184ef243fac308e22c5d09a6465545e368703d74
MTG:SECRET_LAIR:SL-0170AA960296CD,Cats Are the Best Superdrop: Nine Lives Non-Foil Bundle — Nonfoil Edition,SECRET_LAIR,2,2026-07-01,2026-07-23,a1193107406d8a87a9c8e57c5d378201f2125394f40584178d3a1080ca93adec
MTG:SECRET_LAIR:SL-01A33A04CE8DA9,Drop: The Dracula Lands - Traditional Foil Edition — Foil Edition,SECRET_LAIR,31,2024-02-08,2026-07-24,19ac238396b77d683fca9d1135363b174fee81ea8da2ae709e2675016c3d976d
MTG:SECRET_LAIR:SL-01DC7B8F9D05F8,Drop: Totally Spaced Out - Galaxy Foil Edition — Foil Edition,SECRET_LAIR,31,2024-02-08,2026-07-24,785ea9d9f31b0c406206d9de9da9cc7f7fc92c6248447bf33b5bb3e8443f2960
MTG:SECRET_LAIR:SL-01E98F93055799,Drop: Artist Series: Sam Burley - Traditional Foil Edition — Foil Edition,SECRET_LAIR,31,2024-02-08,2026-07-23,a4e0abe78289f9a76aaa2f592ea5cf0a0d52fa9ed1fc53ecd396b4eba0a42f51
MTG:SECRET_LAIR:SL-01F4014DB0F8CA,Drop: Flower Power - Rainbow Foil Edition — Foil Edition,SECRET_LAIR,10,2025-11-01,2026-07-23,5f6c1d42336a7b852f17c3e29bd881ebae7e61acb2e60e46988b304523f9eb28
MTG:SECRET_LAIR:SL-02041401623B89,Superdrop: The World's Bundliest Bundle — Standard Edition,SECRET_LAIR,1,2026-07-24,2026-07-24,2ef3499cee628775852c58c7ad847393073390ea353f6cdb4a39e1b7efe812ea
MTG:SECRET_LAIR:SL-021B2153DBD979,Drop: Artist Series: Johannes Voss - Traditional Foil Edition — Foil Edition,SECRET_LAIR,31,2024-02-08,2026-07-23,16344548eb0752b37752fa6c77468b5f57555db41a57cb4f6b5f12d2e49532e2
MTG:SECRET_LAIR:SL-02BF1E90F565BA,Drop: Secret Lair Drop: Extra Life 2021 - Traditional Foil Edition — Foil Edition,SECRET_LAIR,31,2024-02-08,2026-07-23,8ed32ad839629d379dfcbda0d96e09c69a2b7ef5f4e9c8b647bc340883235f9c
MTG:SECRET_LAIR:SL-030C40B079BE71,x Furby: Doo-ay Noo-lah - Non-Foil Edition — Nonfoil Edition,SECRET_LAIR,10,2025-11-01,2026-07-24,ae26b825860996ab64580f1133df0185e24747bfce3ceb3a80fcc2ed27937858
MTG:SECRET_LAIR:SL-031591793B58D2,Drop: Special Guest: Kozyndan: The Lands - Traditional Foil Edition — Foil Edition,SECRET_LAIR,31,2024-02-08,2026-07-24,f279c39565167b4365d2287a7e6f66e9675c9d4cc9ec46f4053466b3e21a0174
MTG:SECRET_LAIR:SL-035B905324063A,Drop: Secret Scare Superdrop: Eddie's Metal As Hell All Foil Bundle — Foil Edition,SECRET_LAIR,7,2025-11-01,2026-06-01,0543f487879eec5c0f07bcabc01fda20db7b71fed79b45df2f48e6159a7de81c
MTG:SECRET_LAIR:SL-038D960C141CC9,Drop: Secretversary Superdrop - A Box of Rocks - Non-Foil Edition — Nonfoil Edition,SECRET_LAIR,31,2024-02-08,2026-07-23,c9f5becc42ac8e56a0719fb161e6014407f7548db4ee6c0a659b6256b0aa9008
MTG:SECRET_LAIR:SL-0430987FB34846,Drop: Equinox Superdrop 2024: We Celebrate the Non-Foils Bundle — Nonfoil Edition,SECRET_LAIR,27,2024-05-01,2026-07-01,8bfa525ff2274682b8789fb869724ae2f8edce43a9e75947bf7596ec1f74378c
MTG:SECRET_LAIR:SL-0464E462AF6315,Drop: Showcase: Murders at Karlov Manor - Non-Foil Edition — Nonfoil Edition,SECRET_LAIR,31,2024-02-08,2026-07-23,b238eea14ca0d1781b4ce650361549f1b19d78b963c910709cd5d91d331b55e6
MTG:SECRET_LAIR:SL-04F997D8C52528,Drop: February Superdrop - Introducing: Kaito Shizuki - Non-Foil Edition — Nonfoil Edition,SECRET_LAIR,31,2024-02-08,2026-07-23,8ab40574f81caabe4b8a4df0b21165799fba9deadd7a83d239bea3be9aa96442
MTG:SECRET_LAIR:SL-0559BC4D37DF0B,Drop: Secret Lair x Fallout: Points of Interest - Non-Foil Edition — Nonfoil Edition,SECRET_LAIR,28,2024-05-01,2026-07-23,a5cf01ce8375cc1907889bd01158f81ea38875bb0a4656cfbf6d17800fb7b375
MTG:SECRET_LAIR:SL-061D727564DFFE,Drop: Secretversary Superdrop 2023: Holiday Gift Bag Bundle - Non-Foil Edition — Nonfoil Edition,SECRET_LAIR,1,2026-07-23,2026-07-23,b8ff07d54bc7528421125c883c5df6d199191df888595b0321785e84d58d20b1
MTG:SECRET_LAIR:SL-064D2E49795666,Drop: PixelSnowLands.jpg - Foil Etched Edition — Foil Edition,SECRET_LAIR,31,2024-02-08,2026-07-23,5802343263ff724dd87476ce5b6b652736c0aa48d104073b817d8865e20b493d
MTG:SECRET_LAIR:SL-0695851252F6DF,"Drop: Two Scoops - The Vanilla Party, Chocolate Business Bundle — Standard Edition",SECRET_LAIR,1,2026-07-24,2026-07-24,faaba61e5e21a33ddbd6e335bed73fa76daf22465d63cc41089e52c29db323ae
MTG:SECRET_LAIR:SL-06CAAF43297C92,Drop: Festival in a Box Las Vegas 2025 Bundle — Standard Edition,SECRET_LAIR,1,2026-07-23,2026-07-23,461f9e41fdc77d3196df54bb65c00080894324028a76e8555438db0699f2c78f
MTG:SECRET_LAIR:SL-074AA34DCCD62C,Drop: Prime Slime - Non-Foil Edition — Nonfoil Edition,SECRET_LAIR,31,2024-02-08,2026-07-23,879c5416943b479ec0dbeb49a9602fa8c6f6bb5dd121a6be16d36d1e40588d6b
MTG:SECRET_LAIR:SL-07E8B624A8C7D4,Drop: Secret Lair x Dungeons & Dragons: Black Lights & Dark Dungeons - Traditional Foil Edition — Foil Edition,SECRET_LAIR,6,2026-03-01,2026-07-23,6c5f9989b1b7f054d9589b417792d1b0843e48e6069cd38287f8b3a889e5213c
MTG:SECRET_LAIR:SL-083956F35FB3E4,Drop: Special Guest: Matt Jukes - Traditional Foil Edition — Foil Edition,SECRET_LAIR,31,2024-02-08,2026-07-24,2fd014908fa78dc150c5b6333b081b6045b89efb4f5441173182a7f9c25f2006
MTG:SECRET_LAIR:SL-091253B94BB947,Drop: Welcome to the Fungal - Traditional Foil Edition — Foil Edition,SECRET_LAIR,29,2024-02-08,2026-07-24,3cc6aa7112e8fd2e8e3647542044c6cdee05dcfa233b4602aae1a7403fdd0bd3
MTG:SECRET_LAIR:SL-09332718CFEA52,Drop: Summer Superdrop 2025 - Featuring: Imiri Sakabashira (Rainbow Foil Edition) — Foil Edition,SECRET_LAIR,13,2025-07-01,2026-07-01,02df1dd462468bb72ba0a49a9b133eea149013cc9043198b6ec57daeaf7f4677
MTG:SECRET_LAIR:SL-0957EA8624A898,Drop: February Superdrop - The Bundle Bundle — Standard Edition,SECRET_LAIR,1,2026-07-23,2026-07-23,53327ef7b41bf58a670f9ff69110ce84d1ecc418bfb875c6e322e30d8ec11f19
MTG:SECRET_LAIR:SL-095A861D9875C3,Drop: Showcase: Kaldheim - Part 1 - Traditional Foil Edition — Foil Edition,SECRET_LAIR,31,2024-02-08,2026-07-23,405025ca402e93a8ba59a38c34889ae300aa5f98272b86a08a2afb2975ab724d
MTG:SECRET_LAIR:SL-09F80672292CE8,Drop: Secret Lair x Assassin's Creed: Lethal Legends - Non-Foil Edition — Nonfoil Edition,SECRET_LAIR,26,2024-07-01,2026-07-23,446ca9fd62afd28d11b63d62c83cbcea1199095381f8a6f6b223cb3f0fc748d4
MTG:SECRET_LAIR:SL-0A174DAC0F9024,"Drop: Transformers: One Shall Stand, One Shall Fall - Traditional Foil Edition — Foil Edition",SECRET_LAIR,31,2024-02-08,2026-07-24,c2e206e71261e7ecfb47733a1641cf465c898bbb0c26c8a0e143c0f4eb4c6899
MTG:SECRET_LAIR:SL-0A1AF554F409DF,Drop: Miss A Drop - It's Gone Superdrop: Boo-Tacular Bundle Bundle — Standard Edition,SECRET_LAIR,1,2026-07-23,2026-07-23,81e58997aeb835896b4043155fd3d6649aa1282140879b86f56cec07ec6747fc
MTG:SECRET_LAIR:SL-0AA8438AAB4240,"Drop: April Superdrop - Non-stop, Non-Foil Bundle — Nonfoil Edition",SECRET_LAIR,31,2024-02-08,2026-07-23,52e85beb2070ff3729f52dabc304457d656dbfdeaf8b6126be2e3ae686228a17
MTG:SECRET_LAIR:SL-0B3132C3EEAD64,Drop: The Strange Sands: Island - Non-Foil Edition — Nonfoil Edition,SECRET_LAIR,19,2025-02-01,2026-07-24,34d25d117888ea0290c0b28e0666a6f9e151fa23fee9d12e86395fc58b8fde3e
MTG:SECRET_LAIR:SL-0B75BFD8A38901,Drop: Special Guest: Junji Ito (English) - Non-Foil Edition — Nonfoil Edition,SECRET_LAIR,31,2024-02-08,2026-07-24,d6fee5d1bba6f8b0367062011f761bb89ed75a0e9bbef0283d852071429a7cb2
MTG:SECRET_LAIR:SL-0C1E7816FD9FE9,"Drop: Death Is Temporary, Metal Is Forever - Non-Foil Edition — Nonfoil Edition",SECRET_LAIR,31,2024-02-08,2026-07-23,f43d60d24bfc255b03ce36ea91563cfedad7c617cff574d51bc3ec4bbfdf17c8
MTG:SECRET_LAIR:SL-0C4B6E83C3E214,x Avatar: The Last Airbender: The Ember Island Players - Rainbow Foil Edition — Foil Edition,SECRET_LAIR,9,2025-12-01,2026-07-24,8f282fa789fb9145107e90d9ee7f8b4b6c538676565d2a11006fb51c192ea7eb
MTG:SECRET_LAIR:SL-0CEABF59829053,Drop: Summer Superdrop 2024: Showstopper Bundle - Non-Foil Edition — Nonfoil Edition,SECRET_LAIR,12,2024-08-01,2026-07-24,a29b50e38aa9c46ac316a9b82912f475c285c6c819179476663f32bf2416bcb4
MTG:SECRET_LAIR:SL-0CED568CA776CD,Drop: Li'l'er Walkers - Traditional Foil Edition — Foil Edition,SECRET_LAIR,31,2024-02-08,2026-07-23,f2a94937184ce521b80f9918b1b68193b9973fb2cf4e6ff0ad125c20f308887a
MTG:SECRET_LAIR:SL-0CF3E7A9C296C3,Drop: Summer Superdrop 2025 - The Art of Frank Frazetta: The Second Exhibition (Non-Foil Edition) — Nonfoil Edition,SECRET_LAIR,13,2025-07-01,2026-07-01,de2ba37194ea6c08ec37cf035dede50c79d5775e97ee908e16f44ec012ac9074
MTG:SECRET_LAIR:SL-0CFD9C26617BF8,Drop: The Fairest Drop of All - Traditional Foil Edition — Foil Edition,SECRET_LAIR,20,2025-01-01,2026-07-24,cb74536a3b29c79029ba2bd41ec60ffb6518a70a2eab4df6b75c24d8c79d0eef
MTG:SECRET_LAIR:SL-0D7734D027859B,Drop: Secret Lair x Garfield: Motivationally Challenged - Traditional Foil Edition — Foil Edition,SECRET_LAIR,2,2026-07-01,2026-07-23,e7d9595a4a69817f75ea7a44f5b48cbaa4c2fccc6852db84029861c7cce6931e
MTG:SECRET_LAIR:SL-0D989A557A9D90,Drop: Secret Lair x Garfield: As Intended - Traditional Foil Edition — Foil Edition,SECRET_LAIR,2,2026-07-01,2026-07-23,17cf0102fadab599cc8c5dc474c7c0af85767f34e5dc9784ef5ea8602248f7e7
MTG:SECRET_LAIR:SL-0E13518CC2D50B,Drop: Special Guest: Kozyndan: Another Story - Traditional Foil Edition — Foil Edition,SECRET_LAIR,31,2024-02-08,2026-07-24,a280df0e853212eb53a0bfa9d3e7eb4b6af5ba6eb85d9d6b19dc89d117805bf6
MTG:SECRET_LAIR:SL-0E630241169A8E,"Drop: Fblthp: Completely, Utterly, Totally Lost - Traditional Foil Edition — Foil Edition",SECRET_LAIR,31,2024-02-08,2026-07-23,08762f1eda57c57fe1e5c7fda0d1db5ed4a3895e70612a411095b8c93ab91b08
MTG:SECRET_LAIR:SL-0E772D4E9A9FA4,x The Last of Us Part I - Rainbow Foil Edition — Foil Edition,SECRET_LAIR,10,2025-11-01,2026-07-24,61f8d08f5bf1f993ec6985a2f44ffff7ff59ab9495ffa4c5e85673f9b6f3d4cf
MTG:SECRET_LAIR:SL-0EA9F010F7F403,Drop: Year of the Rat - Traditional Foil Edition — Foil Edition,SECRET_LAIR,31,2024-02-08,2026-07-24,449996c877e57c257302920d286f16831bbc91c296c6b961e83da8459db81844
MTG:SECRET_LAIR:SL-0ED724E9E0E76F,Drop: Secret Lair x Marvel's Spider-Man: Villainous Plots - Rainbow Foil Edition — Foil Edition,SECRET_LAIR,11,2025-10-01,2026-07-23,80df0b81ff2a3f2a7acfc69a66f6df30f649fb2b09847f3979cc42fa8b562e39
MTG:SECRET_LAIR:SL-0EF6F56C669DFA,Drop: Meditations on Nature - Traditional Foil Edition — Foil Edition,SECRET_LAIR,31,2024-02-08,2026-07-23,d1d0d190e0037e5931dc46381da24276952dbf78268a16e15a2598375c0d3073
MTG:SECRET_LAIR:SL-0F1DBD84485B3E,Drop: Astrology Lands (Gemini) Bundle - Non-Foil Edition — Nonfoil Edition,SECRET_LAIR,1,2026-07-23,2026-07-23,c587f5dc0f635d0d60342a7cd4cd23b6730eca2983e6654cd1349836ad24e712
MTG:SECRET_LAIR:SL-0F86D31256941D,Drop: Secret Lair x Marvel's Wolverine - Rainbow Foil Edition — Foil Edition,SECRET_LAIR,21,2024-12-01,2026-07-23,7cc3df137b7cda9179bfdb76a86b207228241dc72d3c75b2286fe4c01bfb6a80
MTG:SECRET_LAIR:SL-0F8CABC723BB6B,Drop: Secret Lair x Marvel's Spider-Man: The Amazing Everything Bundle — Standard Edition,SECRET_LAIR,1,2026-07-23,2026-07-23,9bcfc0101f55f54c030aa39dc57fc377a1f52443ae534050a59511b136936b4a
MTG:SECRET_LAIR:SL-0FD5F6D742E1F1,x Avatar: The Last Airbender Superdrop: Avatar State Foil Bundle — Foil Edition,SECRET_LAIR,9,2025-12-01,2026-07-24,5c52ba5e79d0f6df4ea2b5fe841815b1a6bde6d5c13f2e3e906e27f1d7f25a75
MTG:SECRET_LAIR:SL-1051ECFDCBF5AF,Drop: Math Is For Blockers - Traditional Foil Edition — Foil Edition,SECRET_LAIR,31,2024-02-08,2026-07-23,c36fa6e051775188646f29f557d75fb2ca7042756304a9355138bee8a8497dfc
MTG:SECRET_LAIR:SL-10654C31034738,Drop: Lorwyn Lightboxes - Non-Foil Edition — Nonfoil Edition,SECRET_LAIR,18,2025-03-01,2026-07-23,267c676204613d4c7289a79a1694d1e280468696d6747043af3af4a8877f0e55
MTG:SECRET_LAIR:SL-10F7835581923D,Drop: Phyrexian Praetors: Compleat Edition - Non-Foil Edition — Nonfoil Edition,SECRET_LAIR,31,2024-02-08,2026-07-23,e0c7ec42db9e20805a431120883cb2a232bed48a8bbbc8b79b3c9529c891c940
MTG:SECRET_LAIR:SL-115EC34A20CEBD,Countdown Kit: An Encyclopedia of Magic Book Club Bundle — Standard Edition,SECRET_LAIR,1,2026-07-23,2026-07-23,8895fbf0dd95fcfde9e81787b1fda34c3d476e2e094f5a4b5c8ce74b4821510a
MTG:SECRET_LAIR:SL-118CC96FD450B8,Drop: Secret Lair x Brain Dead: New Earth Mentality - Traditional Foil Edition — Foil Edition,SECRET_LAIR,6,2026-03-01,2026-07-23,9dc15af217a416cedbc2d4b2714ef9f7c465c9b0d91bb2baabad0eb9cf7be229
MTG:SECRET_LAIR:SL-120AAF80ADF7D7,Drop: Totally Refreshing - Non-Foil Edition — Nonfoil Edition,SECRET_LAIR,1,2026-07-24,2026-07-24,8b1be5477e1285fbf03411b9b3a6909488ea00c97918970814fe7d571dfcf9c6
MTG:SECRET_LAIR:SL-122DA15C9E14A2,Drop: Artist Series: Aleksi Briclot - Non-Foil Edition — Nonfoil Edition,SECRET_LAIR,31,2024-02-08,2026-07-23,99e4843069efa607d1a5f2ef36c04068583cbc90a5790684d6a71c2166e5cde4
MTG:SECRET_LAIR:SL-126AA07A5786BF,Cats Are the Best Superdrop: Cats Rule Everything Bundle — Standard Edition,SECRET_LAIR,1,2026-07-23,2026-07-23,1a5290cee2732b6c9972c7b4f89f7579c41c7659a4a5c6562b7e5fb4369e8350
MTG:SECRET_LAIR:SL-12A0108619FC9B,Drop: Showcase: Monster Anatomy 101 - Non-Foil Edition — Nonfoil Edition,SECRET_LAIR,31,2024-02-08,2026-07-23,cd0f9ec9865a1a98de2ebb9c4708457c1e81da48253b0480afd939c2a29665bd
MTG:SECRET_LAIR:SL-12C2591B92C35D,Drop: Showcase: Kaldheim - Part 1 - Non-Foil Edition — Nonfoil Edition,SECRET_LAIR,31,2024-02-08,2026-07-23,48b9997da4998c35d20188b777c4a8e259aaae95c38d188a2a883b143b11f794
MTG:SECRET_LAIR:SL-1300E73CDDA9B5,Drop: Secret Lair x Fallout: Greet the Dog - Non-Foil Edition — Nonfoil Edition,SECRET_LAIR,7,2026-02-01,2026-07-23,9709979a197d7e1ee62eb5845a66be2dc40ca41388040ef0abda1d4d14f42b7d
MTG:SECRET_LAIR:SL-1304148BB94881,Drop: Bad to the Bones - Non-Foil Edition — Nonfoil Edition,SECRET_LAIR,31,2024-02-08,2026-07-23,1186fd34fc76d63376a8b798903cfa001d4a10995ae6160618e859bc70bf678f
MTG:SECRET_LAIR:SL-137214427FCCAA,Drop: Showcase: Streets of New Capenna - Gilded Foil Edition — Foil Edition,SECRET_LAIR,31,2024-02-08,2026-07-23,7644ccf4938c4054a8b121bfc6f2354c3ed39335c584169bd544043d7651cd47
MTG:SECRET_LAIR:SL-13874C5D848C73,Drop: Secret Lair x Fallout: Beyond Vault 33 - Traditional Foil Edition — Foil Edition,SECRET_LAIR,7,2026-02-01,2026-07-23,b8a0a33f8e80ba2719ae2c7ecc68e3eaf05bd4b2bb0fc34ebf6c503fe5b431f4
MTG:SECRET_LAIR:SL-13A381A40449C9,Drop: Secret Lair x Fallout: Points of Interest - Rainbow Foil Edition — Foil Edition,SECRET_LAIR,28,2024-05-01,2026-07-23,668c2e0504a1fabde07acd07150ecc7a3588377ae1abe9b3563bb2f2c4c98c0a
MTG:SECRET_LAIR:SL-13FAC3EF59E6AC,Drop: Secret Lair x Dungeons & Dragons: Shadows Over Baldur’s Gate - Traditional Foil Edition — Foil Edition,SECRET_LAIR,6,2026-03-01,2026-07-23,46e01fa039bddee679ff6271217e341c33ec96e40c5d1b235303965602cdcefc
MTG:SECRET_LAIR:SL-14069B556F0234,Drop: Prints of Darkness - Non-Foil Edition — Nonfoil Edition,SECRET_LAIR,26,2024-07-01,2026-07-23,a21b2a025021e7fe4fc2cc7a528efaaa15157dddb6d411227a717198784996be
MTG:SECRET_LAIR:SL-140EB9D3B38175,Drop: EVERYTHING IS ON FIRE - Raised Foil Edition — Foil Edition,SECRET_LAIR,15,2025-06-01,2026-07-23,c5228b6ca5c4488cf8b9d33f0f59fa8d030c31a8b0bb51db06feaed8215f50c0
MTG:SECRET_LAIR:SL-142966DB35DC8F,Drop: Artist Series: Sam Burley - Non-Foil Edition — Nonfoil Edition,SECRET_LAIR,31,2024-02-08,2026-07-23,b84860a856547cb49c8f248e03b0486e7ffc8b9e03534d01f8155e9137e4019d
MTG:SECRET_LAIR:SL-145E2D7DAB1056,Drop: Secret Lair x Marvel's Captain America - Non-Foil Edition — Nonfoil Edition,SECRET_LAIR,21,2024-12-01,2026-07-23,badd2a59c6c2259a5e89247f2db49beaa3fd7d990ed989d17fcca0142efdb4e0
MTG:SECRET_LAIR:SL-14CB93A38C37A0,Drop: Our Boss is on Vacation Superdrop: Secret Lair High Class of '87 - Traditional Foil Edition — Foil Edition,SECRET_LAIR,17,2025-04-01,2026-07-23,6996c1bda72b663b98a1bee75cc4475324c6cb8cb3ba1ce67f57f93b32ee4086
MTG:SECRET_LAIR:SL-15ADFCF5094915,Drop: Secret Lair x Marvel's Captain America - Rainbow Foil Edition — Foil Edition,SECRET_LAIR,21,2024-12-01,2026-07-23,f5a937a96f990b531248d86a60f0c7f4c009a48aaf3b279abd0a2dc54ef62816
MTG:SECRET_LAIR:SL-15F0BDC0F7B590,Drop: Special Guest: Matt Jukes - Non-Foil Edition — Nonfoil Edition,SECRET_LAIR,31,2024-02-08,2026-07-24,7debcfe54022bf9905af435fe79799c58a4dbc6111c0c8ae9c284a5fcd73c4bb
MTG:SECRET_LAIR:SL-167399D6CD6288,Drop: The Ultimate Pencil - Literally Everything Bundle — Standard Edition,SECRET_LAIR,1,2026-07-24,2026-07-24,1650fc4e73dedfc09ed37d96465467ba8048cb0d42a2b3e12ec56dde03fef8a1
MTG:SECRET_LAIR:SL-1673F72E783176,Drop: Our Boss is on Vacation Superdrop: They Grow Up So Fast - Non-Foil Edition — Nonfoil Edition,SECRET_LAIR,17,2025-04-01,2026-07-23,c96c76a5a7cf73d3c45dd648aca4baf5e44b1a32ea39a33b332c54b5badf0028
MTG:SECRET_LAIR:SL-1716D8997667E1,Drop: The Space Beyond the Stars - Traditional Foil Edition — Foil Edition,SECRET_LAIR,31,2024-02-08,2026-07-24,cf29640f2464b973e51081af807d6aee87526acb09b73ea6c6846a70f5d9b866
MTG:SECRET_LAIR:SL-17405C5D45E661,Drop: Gift Wrapped - Rainbow Foil Edition — Foil Edition,SECRET_LAIR,31,2024-02-08,2026-07-23,659085438c7a0a473c2a5df209b33227c881260126a09a1f517e39e2e579578f
MTG:SECRET_LAIR:SL-18623F544924A7,Drop: February Superdrop - Introducing: Kaito Shizuki - Traditional Foil Edition — Foil Edition,SECRET_LAIR,31,2024-02-08,2026-07-23,09092955b92383d82b944ed5ec8a606b46b75eba360f8d525c9b2270cf5b3546
MTG:SECRET_LAIR:SL-189ED14E304342,Drop: Secret Lair x My Little Pony: Friendship is Magic - Traditional Foil Edition — Foil Edition,SECRET_LAIR,2,2026-07-01,2026-07-23,8780c328c50fe38e8b3ab084f5cf8fdc17f522dabeb208a5801306782da7646a
MTG:SECRET_LAIR:SL-18DF50D0713A3D,x Avatar: The Last Airbender: The Ember Island Players - Non-Foil Edition — Nonfoil Edition,SECRET_LAIR,9,2025-12-01,2026-07-24,673d75163cef0605b08baec37701b5cdb9d34ec88ab79d5756f35606478be247
MTG:SECRET_LAIR:SL-19307234228696,Drop: The Bundle Bundle — Standard Edition,SECRET_LAIR,1,2026-07-24,2026-07-24,188c6f6c1f7741ece89516cab3ccf99579fa4879dcb26f0c1b32216de117a82c
MTG:SECRET_LAIR:SL-197CCEBB8BF2AC,"Drop: The Meaning of Life, Maybe - Traditional Foil Edition — Foil Edition",SECRET_LAIR,31,2024-02-08,2026-07-24,a76132577fe435f686a635966e19ab56dbfe55074c7d7885307815706cd753c8
MTG:SECRET_LAIR:SL-197EC2ADF7628E,Drop: Ssssssnakessssss - Non-Foil Edition — Nonfoil Edition,SECRET_LAIR,31,2024-02-08,2026-07-24,952c99fbfb5f4da410265c2ba006330cdb867af96d55ab0ef0d0e98f9283e9e9
MTG:SECRET_LAIR:SL-19B445CB21B8AA,Drop: Adventures of the Little Witch - Non-Foil Edition — Nonfoil Edition,SECRET_LAIR,16,2025-05-01,2026-07-23,26b17eec04aa124e049919b921d894333de7a3960fe3fc583c896038ec81d071
MTG:SECRET_LAIR:SL-1AC45BAFCC79A8,Drop: MagicCon: The Gathering - Rainbow Foil Edition — Foil Edition,SECRET_LAIR,11,2025-10-01,2026-07-23,7c62c146314b4808b01eca58deb003abdc1c97bbadc2ba0d57d94c189a93362f
MTG:SECRET_LAIR:SL-1B0779915A22B6,Drop: Festival in a Box Las Vegas 2026 Bundle — Standard Edition,SECRET_LAIR,1,2026-07-23,2026-07-23,11c18a2384abd5e88b7da0562af91254a4314ee56fb2421c359a12ba9157d87d
MTG:SECRET_LAIR:SL-1B4F52C53867DC,Drop: Secret Lair x Arcane - Traditional Foil Edition — Foil Edition,SECRET_LAIR,31,2024-02-08,2026-07-23,093cd35ebd36049050d3c1bb00a98199fe8b69289711b81957523ca47b6b22dc
MTG:SECRET_LAIR:SL-1B5B0C7B7DFD8A,Drop: Secret Lair x Marvel's Spider-Man: Venom Unleashed (Colors) - Non-Foil Edition — Nonfoil Edition,SECRET_LAIR,11,2025-10-01,2026-07-23,96aab109e8067f2c697e7da753c6ff2911f94d1ad0b3411cf2039b2668c5286f
MTG:SECRET_LAIR:SL-1C45E7F91C62E4,Drop: Roll for Initiative Superdrop: The Chromatic Dragon’s Hoard Foil Bundle — Foil Edition,SECRET_LAIR,6,2026-03-01,2026-07-23,41f71b17839cb1a7e1d572b92ec7b79b0adc766a90d7f9b663cf6a19d583397c
MTG:SECRET_LAIR:SL-1CBB2CDA24A606,x Warhammer Age of Sigmar - Traditional Foil Edition — Foil Edition,SECRET_LAIR,31,2024-02-08,2026-07-24,8b3109472a61f08cefff8cb31fb579d627bd6b0d95d69f1a5bd89d232b71344e
MTG:SECRET_LAIR:SL-1D01680A770718,Drop: Showcase: Duskmourn - Rainbow Foil Edition — Foil Edition,SECRET_LAIR,23,2024-10-01,2026-07-23,99d139bfb62e378d762843e720484ea18ceb7b90fb5c38cf489913ba74aeba16
MTG:SECRET_LAIR:SL-1D242838322B00,Drop: Absolute Annihilation - Non-Foil Edition — Nonfoil Edition,SECRET_LAIR,31,2024-02-08,2026-07-23,79d65219d88cffab1db447ee736cbccea5cd53636e497ba2483e4ad0df84a881
MTG:SECRET_LAIR:SL-1D9FB450470C75,Drop: Artist Series: Randy Vargas - Traditional Foil Edition — Foil Edition,SECRET_LAIR,31,2024-02-08,2026-07-23,e4797f0571f776488b83885603e11d14cc7bf1087706b57bee23935abe7e5779
MTG:SECRET_LAIR:SL-1DA21B27711D91,Drop: Sheldon's Spellbook - Non-Foil Edition — Nonfoil Edition,SECRET_LAIR,28,2024-04-01,2026-07-23,9d16eee80bd0f95ed90324512788e7a104eb36d8622f3e3eb591f179d0a2b577
MTG:SECRET_LAIR:SL-1DE33F0229DA09,Drop: Dan Frazier Is Back Again: The Allied Talismans - Non-Foil Edition — Nonfoil Edition,SECRET_LAIR,31,2024-02-08,2026-07-23,240414f7eb57db2801161685dda0b1ff3847fa500a0d7ec0456a7189f3eb6333
MTG:SECRET_LAIR:SL-1E11913E760B30,Superdrop: Culture Shocks: Naya - Non-Foil Edition — Nonfoil Edition,SECRET_LAIR,31,2024-02-08,2026-07-24,210901595f987f496d71048059443216ff06e0ee275e12bfe713b3532f26839d
MTG:SECRET_LAIR:SL-1F7D163D1ACEFB,Drop: Our Boss is on Vacation Superdrop: Pick 'Em and Stick 'Em - Rainbow Foil Edition — Foil Edition,SECRET_LAIR,17,2025-04-01,2026-07-23,ab856073e8ea7e10c418226b1de5119acd363831ff6e25b19bf74f18108ef48e
MTG:SECRET_LAIR:SL-1F9921A151E628,Drop: Secret Lair x Dungeons & Dragons: Death is in the Eyes of the Beholder II - Rainbow Foil Edition — Foil Edition,SECRET_LAIR,24,2024-09-01,2026-07-23,11422b969b76f6d17791344c5550edfc56e8cde9eda7fdc8ed46aacea2f30870
MTG:SECRET_LAIR:SL-2007070E059EDF,Drop: Featuring: Mitsuhiro Arita - Non-Foil Edition — Nonfoil Edition,SECRET_LAIR,18,2025-03-01,2026-07-23,113a7121b1bb5bb54b4af5af2219596857da2e6ce32ef67faed620c0f7ba6e8e
MTG:SECRET_LAIR:SL-204D6B03D36FE2,Drop: Kamigawa Ink - Traditional Foil Edition — Foil Edition,SECRET_LAIR,31,2024-02-08,2026-07-23,b219dc91fdeb14e7c2ea6584243c8478b8b6ceeb46cf7da8b30b5b1b1f116ed0
MTG:SECRET_LAIR:SL-207EFFFEEB79A0,Drop: Monster Movie Marathon - Traditional Foil Edition — Foil Edition,SECRET_LAIR,31,2024-02-08,2026-07-23,2ab1b07ded3a7e4f2f63e44de770ec23aab958ff96e108d74fa988b93f40f64e
MTG:SECRET_LAIR:SL-2098A235696D4F,Drop: Dan Frazier Is Back Again: The Allied Talismans - Foil Etched Edition — Foil Edition,SECRET_LAIR,31,2024-02-08,2026-07-23,a4e8e0fd8ae4f83ddb6ca5b1bd6ecb067921ea4096f01c31efbca6f6c03c010b
MTG:SECRET_LAIR:SL-20A675073DCB5D,Drop: Eldraine Wonderland - Traditional Foil Edition — Foil Edition,SECRET_LAIR,31,2024-02-08,2026-07-23,46a288e7bc9c9c83385dc6a9d07c5cfedb4f84916e257127fb29f0d493ff1597
MTG:SECRET_LAIR:SL-20D499A470B8A5,Drop: Secret Lair x Dwarf Fortress: Create New World - Non-Foil Edition — Nonfoil Edition,SECRET_LAIR,2,2026-07-01,2026-07-23,03ddc9936b98e63ec36c4b0cfc54f2bfcde75f4413e9b267eef6d51bedf02585
MTG:SECRET_LAIR:SL-20E2C89BAB6915,Drop: Marvel Superdrop: The Mighty Non-Foil Bundle — Nonfoil Edition,SECRET_LAIR,21,2024-12-01,2026-07-23,2f8ad1f62951f5c69705e2080b06b36eaf3d97d90162ad3c0d67c7a75a3143c9
MTG:SECRET_LAIR:SL-20EA4A771B3569,Drop: Theros Stargazing: Vol.IV (Purphoros) - Traditional Foil Edition — Foil Edition,SECRET_LAIR,31,2024-02-08,2026-07-24,3cd208100f94f5c98d90b5adf147f1881d7b9c746d28a6ca19ec4d203e109b55
MTG:SECRET_LAIR:SL-213339E791C59A,"x Warhammer 40,000: Orks - Non-Foil Edition — Nonfoil Edition",SECRET_LAIR,29,2024-02-08,2026-07-24,a5803c96a9b4c9075d2fea4cb3f361accb058de0516a17b8d090d0864a4248fa
MTG:SECRET_LAIR:SL-214ED723D3A771,Drop: Phyrexian Faves - Traditional Foil Edition — Foil Edition,SECRET_LAIR,31,2024-02-08,2026-07-23,5826e0e21bd70256d215dda6561ba5e78f2c4baf8708c00759206a4e9962bc0d
MTG:SECRET_LAIR:SL-21979E71D302E5,Drop: Festival in a Box Las Vegas 2025 - Slay the Day (Rainbow Foil) — Foil Edition,SECRET_LAIR,13,2025-07-01,2026-07-01,fde8ddf13ee5c59ed99bd4c06436bef5f272f90769a601e5ffc0a828851cca3f
MTG:SECRET_LAIR:SL-219DB149BBB690,Drop: Wizards of the Street - Non-Foil Edition — Nonfoil Edition,SECRET_LAIR,31,2024-02-08,2026-07-24,608aa952100977d514a3060ea9bcac456233d88a0d9f673f9ac1ebf9e581a4d7
MTG:SECRET_LAIR:SL-22454153307BC0,Drop: Paradise Frost - Rainbow Foil Edition — Foil Edition,SECRET_LAIR,31,2024-02-08,2026-07-23,abfe44157a34cd9668647ef974075c73bdfdd97e3b2b89da479cf01379db6ab7
MTG:SECRET_LAIR:SL-226F557D91DE6E,Drop: Wizards of the Street - Traditional Foil Edition — Foil Edition,SECRET_LAIR,31,2024-02-08,2026-07-24,0a508e5025eba942fc86506f784ac91f18a12362ec5b76552d53c0ce8f6cd8f7
MTG:SECRET_LAIR:SL-22B841990DAC1F,Drop: Back in My Day! - Traditional Foil Edition — Foil Edition,SECRET_LAIR,3,2026-06-01,2026-07-23,b35783b90a7137d9886209be0558b9412d59889358c34e9da94ab5e245f593c5
MTG:SECRET_LAIR:SL-22CD7E1A6B7A30,Drop: Secret Lair x Teenage Mutant Ninja Turtles: The Mighty Mutanimals - Non-Foil Edition — Nonfoil Edition,SECRET_LAIR,5,2026-04-01,2026-07-23,0437e667fdacbb07fc9fa8998b054c56b2a4152dcb84c07630df0a1b3e06e736
MTG:SECRET_LAIR:SL-22E3600468CA16,Drop: Secret Lair x Fallout: Welcome to New Vegas - Traditional Foil Edition — Foil Edition,SECRET_LAIR,7,2026-02-01,2026-07-23,99642c0b2a0458b54b9ac0f02c9c27cd16792b3949a790a2854bfd9adf31bf8c
MTG:SECRET_LAIR:SL-2347A35CDE0CCA,Drop: Secret Lair x Marvel's Spider-Man: Venom Unleashed (Inks) - Rainbow Foil Edition — Foil Edition,SECRET_LAIR,11,2025-10-01,2026-07-23,387452ea4b4fb94d1b5542e8ec458b7eb5734b0b2f1b5494588e8de217924296
MTG:SECRET_LAIR:SL-23598BE2582FF4,Drop: Saturday Morning D&D - Traditional Foil Edition — Foil Edition,SECRET_LAIR,31,2024-02-08,2026-07-23,6e8fc29856db1c291d4c0dd1c0fbe45ce6e76c33eabe1577e439ebaa7420b2ab
MTG:SECRET_LAIR:SL-239D6859BD1D9C,Drop: Diabolical Dioramas - Non-Foil Edition — Nonfoil Edition,SECRET_LAIR,28,2024-05-01,2026-07-23,44cfcdd1f9558250f66ec67e2e5f1a056734272075f4aa0b195a6c5b69813cce
MTG:SECRET_LAIR:SL-23E541A279A532,Drop: PixelLands_v02.jpg - Traditional Foil Edition — Foil Edition,SECRET_LAIR,31,2024-02-08,2026-07-23,29e3117ad7555b167b591c7176901bc90ee68794afeee9b572682387fc6dd538
MTG:SECRET_LAIR:SL-23F2295DED1E9C,Drop: Sheldon's Spellbook - Rainbow Foil Edition — Foil Edition,SECRET_LAIR,29,2024-04-01,2026-07-23,cbc03208f8d496fcfa18cc3fbdb0c37b98054d851e559cbfe93809cb1c604440
MTG:SECRET_LAIR:SL-23FA662D95286E,Drop: Draw Your Hand - Non-Foil Edition — Nonfoil Edition,SECRET_LAIR,31,2024-02-08,2026-07-23,1a8a37e2a6672357e4fda53c1898f2ea69c213dd9f38ea362542cc8306e80b13
MTG:SECRET_LAIR:SL-24526707F6CB2D,Drop: Showcase: Monster Anatomy 101 - Foil Etched Edition — Foil Edition,SECRET_LAIR,31,2024-02-08,2026-07-23,6c0b190c0bf432c51a639bf8c9f84fed4583b9d410818f07c157100a3cc0525e
MTG:SECRET_LAIR:SL-24D60CEE50EB04,Drop: Mother's Day 2021 - Traditional Foil Edition — Foil Edition,SECRET_LAIR,31,2024-02-08,2026-07-23,e76715bfbd389859e43f79dd22de0648edc067c5ca4b9fedd45a4e7f6453a1fc
MTG:SECRET_LAIR:SL-255A0A2F4FEB20,Drop: The Tokyo Lands - Non-Foil Edition — Nonfoil Edition,SECRET_LAIR,31,2024-02-08,2026-07-24,ba232a9bc825cc5881f810ed5604f3428baec78799edecbed6c6f1502818a25f
MTG:SECRET_LAIR:SL-2569BCFE16FD2C,Drop: Every Dog Has Its Day - Traditional Foil Edition — Foil Edition,SECRET_LAIR,31,2024-02-08,2026-07-23,900ccada3eaa09f6f0345533d6ce0341d7613b95d051ea636db1c4a5c27fe6ca
MTG:SECRET_LAIR:SL-256B2682940475,x Playstation Superdrop: Foil Trophy Bundle — Foil Edition,SECRET_LAIR,9,2025-12-01,2026-07-24,8508beb10752c1a94dd5e8483740eb6b17510fec73209c6806472f3f8ec77089
MTG:SECRET_LAIR:SL-25FFECED0CE8DE,Drop: Showcase: The Lost Caverns of Ixalan - Rainbow Foil Edition — Foil Edition,SECRET_LAIR,31,2024-02-08,2026-07-23,e773da7f58c3811a254a44032eb738836b968b3474cf876662a1dff34744e6b0
MTG:SECRET_LAIR:SL-26B06B683BCA6B,Drop: Secret Lair x Doctor Who: The Dalek Lands - Non-Foil Edition — Nonfoil Edition,SECRET_LAIR,31,2024-02-08,2026-07-23,336f18aad428a17c793b54a45fb10e89ecfd7857d7789d18e2a19a6db1fde0f5
MTG:SECRET_LAIR:SL-26CE439D88A06A,Drop: Non-Foil Nightmare Bundle — Nonfoil Edition,SECRET_LAIR,18,2024-03-01,2025-09-01,03982587b3765e7331062541fe87e12a883fcc9536cbccdff5787e5ce8dc6752
MTG:SECRET_LAIR:SL-26D338135420FD,Drop: Mirrodinsanity - Traditional Foil Edition — Foil Edition,SECRET_LAIR,31,2024-02-08,2026-07-23,f0b476783877ce3cd8a4ba54a4ad88b08cab2a3c5dac8d5b71593d5a2d78a8f6
MTG:SECRET_LAIR:SL-26D60205AA523A,Drop: Secret Lair x Fortnite - Traditional Foil Edition — Foil Edition,SECRET_LAIR,31,2024-02-08,2026-07-23,e8fc344e901c49198326d8d41f8050cda7097b3bef4ca38583c7fe64632f1ed8
MTG:SECRET_LAIR:SL-272CED28AF6023,"Drop: Faerie, Faerie, Faerie Rad - Traditional Foil Edition — Foil Edition",SECRET_LAIR,31,2024-02-08,2026-07-23,fdb2ac752b44ea2f0c2d7193e530f1de45cb47a5c66a9973c23145364eb163eb
MTG:SECRET_LAIR:SL-2786878C1D8F2A,Drop: Two Scoops - Double Sprinkles Bundle — Standard Edition,SECRET_LAIR,1,2026-07-24,2026-07-24,faaba61e5e21a33ddbd6e335bed73fa76daf22465d63cc41089e52c29db323ae
MTG:SECRET_LAIR:SL-278D493DAEF98B,Drop: Winter Superdrop 2025: Trailblazing Bundle - Foil Edition — Foil Edition,SECRET_LAIR,16,2025-03-01,2026-07-01,6410a38cd2edb7cf172b0b11f98e9aee2aed63464e1a47a3e64d5daa73bf271b
MTG:SECRET_LAIR:SL-27BCF6F90AE7CD,Superdrop: Culture Shocks: Bant - Non-Foil Edition — Nonfoil Edition,SECRET_LAIR,31,2024-02-08,2026-07-24,300eb352715e4bc2a7ed8ffaf81f89e1c0e28e606fd7bc50ae712c4ef33ada8c
MTG:SECRET_LAIR:SL-27F25ED44B60AC,30th Anniversary Countdown Kit — Standard Edition,SECRET_LAIR,1,2026-07-23,2026-07-23,7e2fdaa16be6eab1385984b8ddba12fba28c0953fc60c7dce2f2ead5ca28c48e
MTG:SECRET_LAIR:SL-27F53952DEB63B,Drop: Maho Gakuin Seishun Hakusho - Traditional Foil Edition — Foil Edition,SECRET_LAIR,2,2026-07-01,2026-07-23,f12862a6139981b0ef185559313a48fcec533ce8c8aa71c208e365031056bf48
MTG:SECRET_LAIR:SL-2825A1B58F0B24,Drop: February Superdrop - Special Guest: Yuko Shimizu - Non-Foil Edition — Nonfoil Edition,SECRET_LAIR,31,2024-02-08,2026-07-23,3efb78462a0a932b6bb45269b16e4e7f647b687f4d396621c824eac774f6ec38
MTG:SECRET_LAIR:SL-284D5484C99F48,Drop: Winter Superdrop 2025: Campfire Merriment Bundle - Non-Foil Edition — Nonfoil Edition,SECRET_LAIR,16,2025-03-01,2026-07-01,38d9fcb4da69a1d78464f5ecbfc1868545dcbc272d50cd1f4b1ffd6bb9fc1140
MTG:SECRET_LAIR:SL-28E7EF25549A0F,Drop: vroooOOOMMMMMM! - Rainbow Foil Playset Bundle — Foil Edition,SECRET_LAIR,14,2025-06-01,2026-07-24,4d37a95544b990a6100197ba6e76821484e033fba9fc82ebd74fbc57f72f79a3
MTG:SECRET_LAIR:SL-299EFC297156F1,Drop: Secret Lair x Teenage Mutant Ninja Turtles: The Mighty Mutanimals - Traditional Foil Edition — Foil Edition,SECRET_LAIR,5,2026-04-01,2026-07-23,21b45a21ddd669ce94df2a801a5e6a274c8f8025a18297b3841adf5f59f7cdbd
MTG:SECRET_LAIR:SL-2A0B13F359B600,Drop: Dan Frazier's Mox Box - Foil Etched Edition — Foil Edition,SECRET_LAIR,31,2024-02-08,2026-07-23,b0a4ec31363a46f9a5e92f2c1c7efbcb3fd63cca992627ae5eb78c0032d223ba
MTG:SECRET_LAIR:SL-2A2F4D4D905F89,Drop: Those Foils Are Really Coming Down Bundle — Foil Edition,SECRET_LAIR,1,2026-07-24,2026-07-24,4436d8f7b95dd4ffbb3c01c928830b47fbd3214129edab353385795a06849cb1
MTG:SECRET_LAIR:SL-2AA846FD9ACD02,x NALAC Drop: Nuestra Magia (SP Rainbow Foil) — Foil Edition,SECRET_LAIR,13,2025-07-01,2026-07-01,ad2a32e5952e84339c356c9ec05b5605262f209c0a188b8d515d8f3ed69d7198
MTG:SECRET_LAIR:SL-2AC9C47B84FA46,Drop: PixelLands_v02.jpg - Non-Foil Edition — Nonfoil Edition,SECRET_LAIR,31,2024-02-08,2026-07-23,7699b98e16b4b49e330be3d7fae36b9fa876b5dd9a154ac816d8a087c4b8eeba
MTG:SECRET_LAIR:SL-2ADC84D7922A98,x Post Malone: Backstage Pass - Traditional Foil Edition — Foil Edition,SECRET_LAIR,31,2024-02-08,2026-07-24,333238a25e911f4b023311c6bfddb715494cc0f859a380a1bc0622a63ffad731
MTG:SECRET_LAIR:SL-2AF8009F200134,x Post Malone: The Lands - Traditional Foil Edition — Foil Edition,SECRET_LAIR,31,2024-02-08,2026-07-24,48e2479f2e74d9e5272993d192d32bd7533a459bc97b911d354ff6408fdb3dd1
MTG:SECRET_LAIR:SL-2B046AC7FBA460,Drop: Secret Lair x Arcane: Lands - Traditional Foil Edition — Foil Edition,SECRET_LAIR,31,2024-02-08,2026-07-23,fe8d5d47b7211f3584065c0f814b2bcca4d55eda300df6843ab601051771f541
MTG:SECRET_LAIR:SL-2B40642CD07C6B,"x Warhammer 40,000: Orks - Traditional Foil Edition — Foil Edition",SECRET_LAIR,31,2024-02-08,2026-07-24,822bc0278f353cbb7a374dca2d3db75069395f04ad4e1aec387a5829597317bd
MTG:SECRET_LAIR:SL-2B55545460A82C,Drop: Astrology Lands (Aquarius) - Non-Foil Edition — Nonfoil Edition,SECRET_LAIR,31,2024-02-08,2026-07-23,324c41917e466139a9e2e6812e4218c8aff1bf7ce10d3a77bf01d72fcbfa987d
MTG:SECRET_LAIR:SL-2B817FBC9624E5,Drop: Second Secretversary Bundle - Foil Edition — Foil Edition,SECRET_LAIR,16,2024-02-08,2026-07-23,bf195fc36cc92e45ebf9a048eacfa42fd682162a419d8f87434cf7379bd39373
MTG:SECRET_LAIR:SL-2B9EE853724B6D,"Drop: Secretversary Superdrop - Party Hard, Shred Harder - Non-Foil Edition — Nonfoil Edition",SECRET_LAIR,31,2024-02-08,2026-07-23,d4084d20011b993bd68123b57e6ec01e80304f5b0803dab8675d974a5035cac2
MTG:SECRET_LAIR:SL-2BC80C4864DCB3,Drop: Transformers Foil Bundle — Foil Edition,SECRET_LAIR,6,2024-02-08,2026-07-24,6df7710112c5f93e3cad37886b4412b2ef33a1c11d0452d3fa34b66c42f62360
MTG:SECRET_LAIR:SL-2C8BD576A51D61,Drop: Now on VHS! - Non-Foil Edition — Nonfoil Edition,SECRET_LAIR,30,2024-02-08,2026-07-01,7d116b1679bd251cf38646f9ede5799dea90b540441ec90826428c6b98654406
MTG:SECRET_LAIR:SL-2CC41EDDF7EBA1,Drop: Goblingram - Rainbow Foil Edition — Foil Edition,SECRET_LAIR,27,2024-06-01,2026-07-23,99b538c82c630223c5c126d6522712490d84572128bec1d0d428af776a74ef8b
MTG:SECRET_LAIR:SL-2CFDA3F4C0066D,Drop: Bitterblossom Dreams - Non-Foil Edition — Nonfoil Edition,SECRET_LAIR,31,2024-02-08,2026-07-23,b8994ba8526c94f1b2fb170aec77cc037cdc18740168db0421ca85449d259960
MTG:SECRET_LAIR:SL-2D3CABC651E40A,Drop: City Styles 2: Dressed to Kill - Non-Foil Edition — Nonfoil Edition,SECRET_LAIR,18,2025-03-01,2026-07-23,0e8198eaa1fee9f2c791be2b7cc404b9fb71ab3fcaa7c255c6eb1680822f1fc3
MTG:SECRET_LAIR:SL-2D3F3FFB5E9435,Drop: Secret Lair x Garfield: Our Only Thought Is To Entertain You - Traditional Foil Edition — Foil Edition,SECRET_LAIR,2,2026-07-01,2026-07-23,83ca5a82c2633cc4a0ce103ee17deb66f8ecdc4d74a8baa1b0581c4b118aaddd
MTG:SECRET_LAIR:SL-2D5B5D6DB161EE,Drop: Buggin' Out - Non-Foil Edition — Nonfoil Edition,SECRET_LAIR,31,2024-02-08,2026-07-23,7d77b53e04ccc61691e86d53bc52e524bc5fc1f5dda01c85099494e21c53f38d
MTG:SECRET_LAIR:SL-2E5D3F1C55B40E,Drop: Wild in Bloom - Traditional Foil Edition — Foil Edition,SECRET_LAIR,1,2026-07-24,2026-07-24,7fa48173893af84adf1e499477047f04837f7c989e800d5abe3f369ad9a63952
MTG:SECRET_LAIR:SL-2E6BF27043E9BB,Drop: Animar & Friends - Rainbow Foil Edition — Foil Edition,SECRET_LAIR,18,2025-03-01,2026-07-23,b5d27c28cd9cb349436c4935e518a56708ff10232624945cf75c901a54f93afb
MTG:SECRET_LAIR:SL-2F0C6070A19154,Drop: Equinox Superdrop 2024: We Celebrate the Foils Bundle — Foil Edition,SECRET_LAIR,25,2024-05-01,2026-07-01,7569497ed980595750f1229e09e97294780dffcb9c2160a7ee61b4d6b1737ff2
MTG:SECRET_LAIR:SL-2F498E0B93A360,x Avatar: The Last Airbender: My Cabbages! - Non-Foil Edition — Nonfoil Edition,SECRET_LAIR,9,2025-12-01,2026-07-24,33f08db88d9a184b3ddbd898b4aa61c8e2197876d0f24761e74b0472b854d317
MTG:SECRET_LAIR:SL-2F5BFD58A416E7,Drop: EVERYTHING IS ON FIRE - Rainbow Foil Playset Bundle — Foil Edition,SECRET_LAIR,14,2025-06-01,2026-07-23,5e002ba1bbf9f40415bb1ce26fdf5ca6ea794295d02ceeaf39ba0f2c8d09c3cf
MTG:SECRET_LAIR:SL-2FCD076205C4F4,Drop: Our Boss is on Vacation Superdrop: Tragic Romance - Non-Foil Edition — Nonfoil Edition,SECRET_LAIR,17,2025-04-01,2026-07-23,fd7cd516e6b717c4cae2198ca9ad67db7721932a7a9a07ea1b11dccf2584e22a
MTG:SECRET_LAIR:SL-2FE515EC6D482C,Astrology Lands (Taurus) - Traditional Foil Edition — Foil Edition,SECRET_LAIR,31,2024-02-08,2026-07-23,15dfc97e059592ff05c32d83fbe563b2da0a7766478dec9fb1c277186255b112
MTG:SECRET_LAIR:SL-301D3C32669404,Drop: Outlaw Anthology Vol. 2: Sinister Scoundrels - Rainbow Foil Edition — Foil Edition,SECRET_LAIR,27,2024-06-01,2026-07-23,02c1f732ba313e9f524dca925274283cf21b2126f78f89b1aa8eddb9ea5c8175
MTG:SECRET_LAIR:SL-30B353B1E2F40A,Drop: Our Boss is on Vacation Superdrop: Spongebob Squarepants: Internet Sensation - Non-Foil Edition — Nonfoil Edition,SECRET_LAIR,17,2025-04-01,2026-07-23,55f78cad375e59dffd547ce2d64bc217f69dddca90d79fd5be4bc43a1fd7ed1f
MTG:SECRET_LAIR:SL-30C88E4C2B3278,Drop: The Weirdest Pets in the Multiverse - Non-Foil Edition — Nonfoil Edition,SECRET_LAIR,31,2024-02-08,2026-07-24,f5ca2e81c00c7d2fa085744cedc56fe6e75944251b9e43f07a8aae4dd4a49646
MTG:SECRET_LAIR:SL-30DF537FBDFC90,Drop: Astrology Lands (Cancer) Bundle - Non-Foil Edition — Nonfoil Edition,SECRET_LAIR,1,2026-07-23,2026-07-23,2187b2a17f4568558753830a7dfdccddea75a48e9af8fd29afd688d5c17d74d4
MTG:SECRET_LAIR:SL-3104ED52ED0029,Drop: Secret Lair x Dungeons & Dragons: Karlach's Rage - Rainbow Foil Edition — Foil Edition,SECRET_LAIR,24,2024-09-01,2026-07-23,4304fb84926f414ac8fc543e5f7ecbc0de045705c9d7a5365bcf4e757371d229
MTG:SECRET_LAIR:SL-31ABCEB49A1123,Drop: This One Is For My Non-Foils Bundle — Nonfoil Edition,SECRET_LAIR,20,2024-11-01,2026-07-01,5ae8fefff7f7c19b82883f9727611d475aba175787783c638b27cb5255ed8c93
MTG:SECRET_LAIR:SL-31EB584CE2759D,Drop: Purrfection - Non-Foil Edition — Nonfoil Edition,SECRET_LAIR,31,2024-02-08,2026-07-23,2eb2fe6788e91bf410cceec03eeaec9f814ec5b4303aace2df87c09b4360c9a3
MTG:SECRET_LAIR:SL-31EB85A6AF4F60,Drop: February Superdrop - Secret Lair x Street Fighter - Traditional Foil Edition — Foil Edition,SECRET_LAIR,31,2024-02-08,2026-07-23,09e6ac4388967f238bae723965af2565c701a3cee6f9ab3310e7aa03713f9ae6
MTG:SECRET_LAIR:SL-32E9767E0B3D5C,Drop: Camp Totally Safe Superdrop: Noise from the Woods Bundle - Non-Foil Edition — Nonfoil Edition,SECRET_LAIR,20,2024-11-01,2026-07-01,82a164154812df69828f982f83cef14ce190554a11c77097563f578af602a057
MTG:SECRET_LAIR:SL-33DE5E031EFD3B,Drop: Secret Lair x Brain Dead: Staples - Rainbow Foil Edition — Foil Edition,SECRET_LAIR,25,2024-08-01,2026-07-23,b21ec0a089a599d60ef7ec33fac77e2b9afc8c83e9d8991e08ade81437b64ba6
MTG:SECRET_LAIR:SL-33FFFBC2DAC5E2,Cats Are the Best Superdrop: Laser Focus Foil Bundle — Foil Edition,SECRET_LAIR,2,2026-07-01,2026-07-23,eea478bf556e3b38c3d7b656edce59167e7f7d289e438097248e7583a0b4ae41
MTG:SECRET_LAIR:SL-34194E4F054A23,Drop: Phyrexian Faves - Non-Foil Edition — Nonfoil Edition,SECRET_LAIR,31,2024-02-08,2026-07-23,9e12fd44598c541bbfda1c70c9a920cc448264c281db6b4a888f7fccd1e1d75c
MTG:SECRET_LAIR:SL-34352A7A87C72D,Drop: Toby's Journey By Gary Baseman - Non-Foil Edition — Nonfoil Edition,SECRET_LAIR,2,2026-07-01,2026-07-24,5281f51f20306b9560024740894ddc1ebeca17da10426064e22698c110528726
MTG:SECRET_LAIR:SL-347373B1ADC604,Drop: Secret Lair x Garfield: Our Only Thought Is To Entertain You - Non-Foil Edition — Nonfoil Edition,SECRET_LAIR,2,2026-07-01,2026-07-23,ba1b5d0b42f93b7bdc35ff2afed5269a7082bbf020fe652e9d5d08821f0950b8
MTG:SECRET_LAIR:SL-35D49FF298AC45,Drop: Artist Series: Thomas Baxa - Traditional Foil Edition — Foil Edition,SECRET_LAIR,31,2024-02-08,2026-07-23,50ad3f17a46c157f8abfd6386f084c71c8e29ed62b22f987a19276e60f6e940d
MTG:SECRET_LAIR:SL-36280CB83AC2AF,Drop: The Eyes Have It - Rainbow Foil Edition — Foil Edition,SECRET_LAIR,3,2026-06-01,2026-07-24,3e3f468b0baef1842e65ffd14a300899fa9f86c38b2a123a45f8cad2a7a8dafa
MTG:SECRET_LAIR:SL-364F90FA6A1775,x Furby: The Gathering - Confetti Foil Edition — Foil Edition,SECRET_LAIR,10,2025-11-01,2026-07-24,2be9543bbd87c26e490fea80330e87c798075d56ece10e0875e073460c382e1d
MTG:SECRET_LAIR:SL-366202692BF768,Drop: Secret Lair x Marvel's Spider-Man: Heroic Deeds - Rainbow Foil Edition — Foil Edition,SECRET_LAIR,11,2025-10-01,2026-07-23,3e5b95a14898a0862783e8452911fff8faab9f914584d37c31c3f2293be2685e
MTG:SECRET_LAIR:SL-3695BA5801481E,Drop: Chill Beats Bundle - Non-Foil Edition — Nonfoil Edition,SECRET_LAIR,9,2025-10-01,2026-07-01,bb3bea1d7ee0e21796caf8975615867543fad5efe2d60082745c154b8247087e
MTG:SECRET_LAIR:SL-369FF863EC799B,Drop: Dungeons & Dragons 50th Anniversary: Loot the Room with Non-Foils Bundle — Nonfoil Edition,SECRET_LAIR,14,2024-09-01,2026-07-01,b07f74b505f57f78cebaf293426af842f1aabd814a690c26f696b94b4a0fa4bb
MTG:SECRET_LAIR:SL-3734ADEE0BD3D9,Drop: Secret Lair x Marvel's Spider-Man: The Foil Web-Slinger Bundle — Foil Edition,SECRET_LAIR,11,2025-10-01,2026-07-23,7c3091d7c3f435358968547268359af08bfdc4e77f21098eeea48ed3aec59751
MTG:SECRET_LAIR:SL-373CCE73104F13,Drop: Places to Trick or Treat Foil Lands Bundle — Foil Edition,SECRET_LAIR,3,2024-02-08,2024-04-01,13a097dc322baea0f0322061414237477f6364b90c5644c7f6eb49de6412d40b
MTG:SECRET_LAIR:SL-37C6B768973D2F,Drop: Showcase: Bloomburrow - Rainbow Foil Edition — Foil Edition,SECRET_LAIR,25,2024-08-01,2026-07-23,dd83649acd70fced16cebf9c5ad7ab491cb0a5d59adc95a48e616c378b77c145
MTG:SECRET_LAIR:SL-37F143176116F8,Drop: International Women's Day 2020 - Traditional Foil Edition — Foil Edition,SECRET_LAIR,31,2024-02-08,2026-07-23,62c30a4c1eef45452308dc28d1f7af5844f88281d0f557caa82de8976bd49831
MTG:SECRET_LAIR:SL-37F8EC322DC4FF,Drop: Secret Lair x Tomb Raider - Traditional Foil Edition — Foil Edition,SECRET_LAIR,31,2024-02-08,2026-07-23,42b0c013ae92d8fc4726ce12a4f91bbe28d7415438fc42d55a4fc9a5141597f4
MTG:SECRET_LAIR:SL-383A5390F8CB76,Drop: Secret Lair x Fallout: S.P.E.C.I.A.L. - Non-Foil Edition — Nonfoil Edition,SECRET_LAIR,28,2024-05-01,2026-07-23,ebfd7be2e9f600435cd608d9b23ebb2b75bebc708b9fb7b6e3ccd5b7aafd5694
MTG:SECRET_LAIR:SL-384FB17537F64E,Drop: Theros Stargazing: Vol.II (Thassa) - Traditional Foil Edition — Foil Edition,SECRET_LAIR,31,2024-02-08,2026-07-24,1871a032635240016a537b42ebdf9f643d2a1eaf23174d8265c0c45720b535df
MTG:SECRET_LAIR:SL-3852DBF0BE0E0F,Drop: The Tokyo Lands - Etched Foil Edition — Foil Edition,SECRET_LAIR,31,2024-02-08,2026-07-24,911ce75c9c3b19b357e6031b6912d024d85ce6660d47cfdbcd8ef73d6cad204c
MTG:SECRET_LAIR:SL-38870530CF4440,Drop: Roll for Initiative Superdrop: The Bag of Holding Non-Foil Bundle — Nonfoil Edition,SECRET_LAIR,5,2026-04-01,2026-07-23,471dd2001dd683605c493ccd55db3f9d6a224b7a259c33452e6cede3968c29ac
MTG:SECRET_LAIR:SL-38D62E44CA4044,Drop: Secret Lair x Felix the Cat: Magic Bag of Tricks - Non-Foil Edition — Nonfoil Edition,SECRET_LAIR,2,2026-07-01,2026-07-23,46f60cd2822506328afd013eeed1e86943494dedaf1019fa2f1c2db00d3da458
MTG:SECRET_LAIR:SL-391ADFABB49A8E,Drop: Astrology Lands (Capricorn) Bundle - Non-Foil Edition — Nonfoil Edition,SECRET_LAIR,1,2026-07-23,2026-07-23,74095228c13f71b150924933e43490759088cc1bbcb41a436ad9824f8186b281
MTG:SECRET_LAIR:SL-397AD1D0B568A3,Drop: Two Scoops - Double Chocolate With Sprinkles Bundle — Standard Edition,SECRET_LAIR,1,2026-07-24,2026-07-24,faaba61e5e21a33ddbd6e335bed73fa76daf22465d63cc41089e52c29db323ae
MTG:SECRET_LAIR:SL-39B978CCE71007,Drop: Featuring: Stan Sakai - Traditional Foil Edition — Foil Edition,SECRET_LAIR,5,2026-04-01,2026-07-23,994d2e2906b1d172208c30362a99e8197632581db9cb5420b0657d485ca0335e
MTG:SECRET_LAIR:SL-39CDF02CD749A1,Drop: Deceptive Divination - Rainbow Foil Edition — Foil Edition,SECRET_LAIR,31,2024-02-08,2026-07-23,7adab1ec04e586786881f94387eccf7168ec73f7847f1013a300bdf300d9b85e
MTG:SECRET_LAIR:SL-39F25CFE2C5A26,Drop: KEXP: Where the Music Matters - Rainbow Foil Bundle — Foil Edition,SECRET_LAIR,14,2025-06-01,2026-07-23,6f076af804315a92aa502047b753934bd38e6e5136cc6b5742c68ea0f6400d53
MTG:SECRET_LAIR:SL-3A02BD35AC0C02,Drop: Inside an Elevator Superdrop: Take Me to the Floor with Foils Bundle — Foil Edition,SECRET_LAIR,7,2024-09-01,2025-03-01,5e7aecd2c933b30416da70a08fadad3dd7e8dfd143e62e4c23014cb1391c1071
MTG:SECRET_LAIR:SL-3A798704DD8BBD,Drop: Our Boss is on Vacation Superdrop: Spongebob Squarepants: Lands Under the Sea - Rainbow Foil Edition — Foil Edition,SECRET_LAIR,17,2025-04-01,2026-07-23,50830f014ff73ce20393fff0fa68522be35b925593c3e78c34c057534c539905
MTG:SECRET_LAIR:SL-3A8C34AA302232,x Jaws: Terror of Amity Island - Non-Foil Edition — Nonfoil Edition,SECRET_LAIR,10,2025-11-01,2026-07-24,acd87934dbfafcee50e15bbfb7878044b4c70fda01e92359486ec5c4e2b03eee
MTG:SECRET_LAIR:SL-3ABE230D547642,Drop: Tearing Up A Sick Tube of Non-Foils Bundle — Nonfoil Edition,SECRET_LAIR,24,2024-04-01,2026-03-01,6498ce82eda350786599c0babcd43d1a702b230c4af8e0e9c80a3359006382d7
MTG:SECRET_LAIR:SL-3AD38730FCEF33,Drop: April Superdrop - Full-of-Foils Bundle — Foil Edition,SECRET_LAIR,31,2024-02-08,2026-07-23,9db4c2480b4f7708e75a08a6ec547b34ad8ccbffbbc608e602503634434ed41d
MTG:SECRET_LAIR:SL-3AE8E2E6E8B3B6,Drop: Chill Beats Bundle - Rainbow Foil Edition — Foil Edition,SECRET_LAIR,9,2025-10-01,2026-07-01,3bfe8fef452533fa0bf9450b61cccb152e2d121d578c3e4a9c47b224b7e1fcfc
MTG:SECRET_LAIR:SL-3AED22057A4FFB,Drop: Our Boss is on Vacation Superdrop: Pick 'Em and Stick 'Em - Non-Foil Edition — Nonfoil Edition,SECRET_LAIR,17,2025-04-01,2026-07-23,07e8894f517eb9a9b85311ea1e08f42f2f11ed7370cb9a733411322d361d74fd
MTG:SECRET_LAIR:SL-3B1C73233CF74E,Drop: Astrology Lands (Cancer) - Non-Foil Edition — Nonfoil Edition,SECRET_LAIR,29,2024-02-08,2026-07-23,6e4a5f8671450e2eece4bc8724616fd62a0b1b2cbb18a8aed5121cafa5adbfca
MTG:SECRET_LAIR:SL-3BCA01B6A36AD0,Drop: PixelSnowLands.jpg - Traditional Foil Edition — Foil Edition,SECRET_LAIR,31,2024-02-08,2026-07-23,4f8954681a2ff59c6e08eedd1720821a04fcc86a4ddc84daf2b2f61a1d37913f
MTG:SECRET_LAIR:SL-3BF37BD3ACB158,Drop: EVERYTHING IS ON FIRE - Rainbow Foil Edition — Foil Edition,SECRET_LAIR,15,2025-06-01,2026-07-23,3cfd6a9048616171e5129f8c699ea0bc617a40b5f519f78b20ab27690e32ecd7
MTG:SECRET_LAIR:SL-3BF8B1EFC3D63E,Drop: The Strange Sands: Mountain - Rainbow Foil Edition — Foil Edition,SECRET_LAIR,19,2025-02-01,2026-07-24,6657fe0b665e59a6fd3eccd4344d472711b9ac9038b81a8d598ae4d298a73985
MTG:SECRET_LAIR:SL-3C65FD2BF954A2,Drop: Featuring: Phoebe Wahl - Rainbow Foil Edition — Foil Edition,SECRET_LAIR,28,2024-05-01,2026-07-23,7b20ec9c5e0e76f06441ee052922480d9909f862dc074cf985f7d07d20fb6a6b
MTG:SECRET_LAIR:SL-3C8F74D9F8C33A,Drop: Artist Series: Rebecca Guay - Non-Foil Edition — Nonfoil Edition,SECRET_LAIR,31,2024-02-08,2026-07-23,834a332e4b97d631d52e0c28a6bd960218747b7acf25afd3ee3f8a77d47ae7f9
MTG:SECRET_LAIR:SL-3C90B58C213EC3,Drop: Secret Lair x Ghostbusters: Slimer - Non-Foil Edition — Nonfoil Edition,SECRET_LAIR,22,2024-11-01,2026-07-23,3fa6f7e63f3c47d2fddcfe134435a983f70dba210cf03c5206cc8f7ecbb4d29b
MTG:SECRET_LAIR:SL-3CA7E30CC977F0,Drop: Calling All Hydra Heads (WPN Exclusive) - Traditional Foil Edition — Foil Edition,SECRET_LAIR,30,2024-02-08,2026-07-01,6f8a3c33e20eb0b865af887a93686d476d44137339c6bcfca1aa95f1ca461ec8
MTG:SECRET_LAIR:SL-3CE747424ABD9D,Drop: Cards in Costume Non-Foil Bundle - Non-Foil Edition — Nonfoil Edition,SECRET_LAIR,1,2026-07-23,2026-07-23,53327ef7b41bf58a670f9ff69110ce84d1ecc418bfb875c6e322e30d8ec11f19
MTG:SECRET_LAIR:SL-3D0052CFE56421,Drop: vroooOOOMMMMMM! - Non-Foil Playset Bundle — Nonfoil Edition,SECRET_LAIR,14,2025-06-01,2026-07-24,d11e25cd4a2f8d5a614af199e7add9a72206b586a4e4d63a498ee0463baeb68b
MTG:SECRET_LAIR:SL-3D01D7D0EAE8CA,Drop: Viva Las Rakdos - Foil Edition — Foil Edition,SECRET_LAIR,4,2026-05-01,2026-07-24,e1a245b7f52644b9e6be77431725a935aa71fb420a053506f92da96bc42990ba
MTG:SECRET_LAIR:SL-3D16987F5EDCDC,"Superdrop: OUR SHOW IS ON FRIDAY, CAN YOU MAKE IT? - Non-Foil Edition — Nonfoil Edition",SECRET_LAIR,31,2024-02-08,2026-07-24,de52cb87dac7af439f2f64514252e1ef6c27a216e87fecce4be40ebb97ba7c20
MTG:SECRET_LAIR:SL-3D43E1264ED817,Drop: Rule the Room - Traditional Foil Edition — Foil Edition,SECRET_LAIR,31,2024-02-08,2026-07-23,90f7e95f5225e01861d51b1ee628e7bed78c8ba3c0bd1607e2631fb6ff96cd85
MTG:SECRET_LAIR:SL-3D4434A1970156,x God of War: Greek - Non-Foil Edition — Nonfoil Edition,SECRET_LAIR,10,2025-11-01,2026-07-24,5e35da230aabc155bd31dbeee808c772bc4cf3ef8515e6a3309bf47dda6a38ad
MTG:SECRET_LAIR:SL-3D4D8B9063C0F4,Drop: Secret Lair x Marvel's Deadpool: FINAL_final_REALLYfinal_v7_USETHISONE(2)_Everything Bundle — Standard Edition,SECRET_LAIR,1,2026-07-23,2026-07-23,4219939d4d987f0bd9e788e093f3f10414389e69ce484ac6eb75c414512557c8
MTG:SECRET_LAIR:SL-3D98DA707A8A83,x Post Malone: The Lands - Non-Foil Edition — Nonfoil Edition,SECRET_LAIR,31,2024-02-08,2026-07-24,a887d89d532111ffcc5c97e35f09c88cdb8bef164bc0ea673bf04ce74ac4d02b
MTG:SECRET_LAIR:SL-3EEFF77D627261,Drop: Showcase: Bloomburrow - Non-Foil Edition — Nonfoil Edition,SECRET_LAIR,25,2024-08-01,2026-07-23,e9a85e7a101c768fa7dd0763efc347af7de08bddd2d9df917d1b6d3d85107e15
MTG:SECRET_LAIR:SL-3EF9855B3720AF,Drop: Astrology Lands (Scorpio) - Non-Foil Edition — Nonfoil Edition,SECRET_LAIR,27,2024-06-01,2026-07-23,27da1ece3f0b66e867d569d40f786394025eeeadb70c3794f8125a4688f0ddf9
MTG:SECRET_LAIR:SL-3F0275C619056A,x Fallout: Rad Superdrop: The Vault-Issue Non-Foil Bundle — Nonfoil Edition,SECRET_LAIR,7,2026-02-01,2026-07-24,2078a71b4d879d7dda2c2e8e11ac7a2ee794e4b43b6fe0526190f7be7345fbf7
MTG:SECRET_LAIR:SL-3F1F1DB9343414,Drop: Special Guest: Jen Bartel - Non-Foil Edition — Nonfoil Edition,SECRET_LAIR,31,2024-02-08,2026-07-24,b48338fdc4f3c5e9ce67e8e514d22b324ddd2860bc681944a1275828f429d51a
MTG:SECRET_LAIR:SL-3F2B421DD9669F,x NALAC Drop: Nuestra Magia (SP Non-Foil) — Nonfoil Edition,SECRET_LAIR,12,2025-07-01,2026-07-01,d6219f0e243d3cd17858574d6be18f30b810174ca0a442b77f3614369c91975b
MTG:SECRET_LAIR:SL-3F3C86FF9BD9C8,Drop: Secret Lair x Marvel's Deadpool: I Fixed It (You're Welcome) - Non-Foil Edition — Nonfoil Edition,SECRET_LAIR,3,2026-05-01,2026-07-01,391e0d77dcb4ca731fbe0b02a568d53fad69b14caed897de0e682c2fafa8929d
MTG:SECRET_LAIR:SL-3F745D24C8D183,Drop: EVERYTHING IS ON FIRE - Non-Foil Playset Bundle — Nonfoil Edition,SECRET_LAIR,14,2025-06-01,2026-07-23,c52241687e2701abcbd56a956a41eafce2d2bc6bf274672d836c82b8a6b22d0a
MTG:SECRET_LAIR:SL-4018B4444438E9,Drop: Happy Yargle Day! - Traditional Foil Edition — Foil Edition,SECRET_LAIR,31,2024-02-08,2026-07-23,e814ec57d3d06b8ca1467c5bb0d62add573c036a6cba01defe8f271e48f575cb
MTG:SECRET_LAIR:SL-401C61727EE263,x God of War: Greek - Traditional Foil Edition — Foil Edition,SECRET_LAIR,10,2025-11-01,2026-07-24,c17d58d706d60ab3d0a703353012d5fe638f76db4ed57b6c11b7464719ae5f50
MTG:SECRET_LAIR:SL-40670F87176D8C,x Chaos Vault Drop: Commander Reinforcements Counter Intelligence Bundle (Galaxy Foil) — Foil Edition,SECRET_LAIR,11,2025-09-01,2026-07-01,98a7d1c3507dc90aca3a3161079511b199519914a24ae82565e2c1484d16a59e
MTG:SECRET_LAIR:SL-40B6F9DD3A4665,x God of War: Norse - Traditional Foil Edition — Foil Edition,SECRET_LAIR,10,2025-11-01,2026-07-24,d2b1821d1fe92b1787012138e27c5d81cbee8d6c85de339ddecd14ff61962113
MTG:SECRET_LAIR:SL-412C261AA45A1B,x Sonic the Hedgehog Superdrop: Friends & Foes (Rainbow Foil) — Foil Edition,SECRET_LAIR,12,2025-08-01,2026-07-01,f7060aac39f857e0b9a01cc93164068aa6948a720c3b6d32b21f5e739e554a6b
MTG:SECRET_LAIR:SL-415E40E57B3DAB,Drop: Special Guest: Kozyndan: Another Story - Non-Foil Edition — Nonfoil Edition,SECRET_LAIR,31,2024-02-08,2026-07-24,bf67043182f0403910e322cbc533cdc1c9f8b03ca1d37e87ef9d479409beebf0
MTG:SECRET_LAIR:SL-41A8311FB84FA5,Drop: Dan Frazier is Back: The Allied Signets - Non-Foil Edition — Nonfoil Edition,SECRET_LAIR,31,2024-02-08,2026-07-23,66bffb356d89ff3c78e264de21d1fe3e892b7b15f74fa73c6d228523e1f1530e
MTG:SECRET_LAIR:SL-41DAD3A3B372D8,Drop: February Superdrop - Li'l Walkers - Traditional Foil Edition — Foil Edition,SECRET_LAIR,31,2024-02-08,2026-07-23,1bed66a4f68868c3491f646cc7de39c1ec069288d8ccb2f11ef88c8c629175a9
MTG:SECRET_LAIR:SL-42559D1C728178,Drop: KEXP: Where the Music Matters - Non-Foil Bundle — Nonfoil Edition,SECRET_LAIR,14,2025-06-01,2026-07-23,cf1b854da41a8c21fa4c4efe15eabfc65cddd095cd8f7314be06da57e926aa2b
MTG:SECRET_LAIR:SL-4262135C124315,x Uncharted - Rainbow Foil Edition — Foil Edition,SECRET_LAIR,10,2025-11-01,2026-07-24,865097536056a2497c8d07dd04dab2aec029244d67a0aa634cd1d730aa484a0a
MTG:SECRET_LAIR:SL-42D8B704EA16D9,Drop: Mycosynthwave - Rainbow Foil Edition — Foil Edition,SECRET_LAIR,31,2024-02-08,2026-07-23,c40ba5e5459835808e5c4171c4d21fa601d1cfe271e01a72bb45ab5831ae0fe9
MTG:SECRET_LAIR:SL-43286263D6D2C4,Deck: Dandan Deck — Standard Edition,SECRET_LAIR,1,2026-07-23,2026-07-23,03486a6b405fcc8f7413985537281cb8018182719baa177889f2029be75139f6
MTG:SECRET_LAIR:SL-43DBFB9B561C4B,Drop: Astrology Lands (Scorpio) Bundle - Traditional Foil Edition — Foil Edition,SECRET_LAIR,1,2026-07-23,2026-07-23,847d3e9b2f0632518c0d031a60e3960da32115e9612f82227161e8458b7feb97
MTG:SECRET_LAIR:SL-4445D560A16695,Drop: The Dracula Lands - Non-Foil Edition — Nonfoil Edition,SECRET_LAIR,31,2024-02-08,2026-07-24,787dfb2b4af29996aedb05ad6b33159f7e16f15d8833e37581fcc9afb3e777d8
MTG:SECRET_LAIR:SL-44C1A8804ED001,Drop: Astrology Lands (Leo) Bundle - Traditional Foil Edition — Foil Edition,SECRET_LAIR,1,2026-07-23,2026-07-23,ad9ea3e6fccc548990905b061133e498b311a65e73b809b075ea72eb983e75bc
MTG:SECRET_LAIR:SL-452614AF0A815A,Drop: Winter Superdrop 2024: Beastly Breakfast Omens Bundle - Foil Edition — Foil Edition,SECRET_LAIR,29,2024-02-08,2026-07-01,95c155ed4cb4d945112bf67b623f6144501b39b2cb9983d5dba448c5a5858c00
MTG:SECRET_LAIR:SL-4538C3C87DD66E,Drop: If Looks Could Kill - Non-Foil Edition — Nonfoil Edition,SECRET_LAIR,31,2024-02-08,2026-07-23,d04ce52cff309dc9de4a44740e651ae5ada9467c4ba3ba994934af8b4dc6bd29
MTG:SECRET_LAIR:SL-45AC0450672011,Drop: Return to Mystical Archive - Non-Foil Edition — Nonfoil Edition,SECRET_LAIR,2,2026-07-01,2026-07-23,44b4287eba9842f36cab4fc1965306684560dcc8aa8e627f0a66c51f435a18ee
MTG:SECRET_LAIR:SL-4608D41552CD68,Drop: The Strange Sands: Mountain - Non-Foil Edition — Nonfoil Edition,SECRET_LAIR,19,2025-02-01,2026-07-24,47f3f46a79892a2f7482efd5b45ad0998acda3f6dad3d36d221874babf08ae3f
MTG:SECRET_LAIR:SL-4735ED23F7A4FD,Drop: vroooOOOMMMMMM! - Non-Foil Edition — Nonfoil Edition,SECRET_LAIR,15,2025-06-01,2026-07-24,08b4f92695e3d0072a94aa9b250a6ed49233b9d520a597d2ed4e063058cdda3d
MTG:SECRET_LAIR:SL-47609F826AE46F,x FINAL FANTASY: Weapons - Non-Foil Edition — Nonfoil Edition,SECRET_LAIR,14,2025-07-01,2026-07-24,0690f9ab69dd008afeae90bfee47e2bfa45d991de5f3866ad21554ff65e4c05c
MTG:SECRET_LAIR:SL-47D0706F022868,"x Marvel: Arcane Signet as ""Earth's Mightiest Emblem"" - Rainbow Foil Edition — Foil Edition",SECRET_LAIR,1,2026-07-01,2026-07-01,71f59f050eb01cc9ec90783005a3d7e64067b085c9563ab09a5618250e673525
MTG:SECRET_LAIR:SL-47FD7A58931702,Drop: Secret Lair x Dungeons & Dragons: Gale’s Ambition - Non-Foil Edition — Nonfoil Edition,SECRET_LAIR,6,2026-03-01,2026-07-23,890c653d99c18a725bd126393153ce86ad56a4f2b491e289e0e481948d8e78b1
MTG:SECRET_LAIR:SL-481026198BBC92,x Furby: The Gathering - Non-Foil Edition — Nonfoil Edition,SECRET_LAIR,10,2025-11-01,2026-07-24,4b0521c9c724bd3b62e7213404152b4d8777c52102c39f87929ac071b6c62697
MTG:SECRET_LAIR:SL-481C91DE34F288,x God of War: Norse - Non-Foil Edition — Nonfoil Edition,SECRET_LAIR,10,2025-11-01,2026-07-24,9648573a398a89690e966d3a585407138fee1bb0f3121fa5e6d15403465b34e8
MTG:SECRET_LAIR:SL-485FDCB7A00AFE,Drop: Showcase: Midnight Hunt - Traditional Foil Edition — Foil Edition,SECRET_LAIR,31,2024-02-08,2026-07-23,5fa7dd04dce958af6faaac72192ab98ac427b86592582a0a0cd12ae40370f68a
MTG:SECRET_LAIR:SL-48E2D44B0DB112,Drop: Two Scoops - The Chocolate Sampler Bundle — Standard Edition,SECRET_LAIR,1,2026-07-24,2026-07-24,faaba61e5e21a33ddbd6e335bed73fa76daf22465d63cc41089e52c29db323ae
MTG:SECRET_LAIR:SL-4A13D668591161,Drop: Astrology Lands (Libra) - Non-Foil Edition — Nonfoil Edition,SECRET_LAIR,21,2024-11-01,2026-07-23,2f75a124c98efa1a5169b9ad90e34a599ac2e1acdd94ca02b5f97c4f4829bbde
MTG:SECRET_LAIR:SL-4AF8E5539A3A37,Commander Deck: Angels: They're Just Like Us but Cooler and with Wings — Standard Edition,SECRET_LAIR,1,2026-07-23,2026-07-23,1c377164355be968a19061097cac08b5292e0ed33738c3fd92afea2d4c23789b
MTG:SECRET_LAIR:SL-4AFB9096DD6221,Astrology Lands (Aries) - Non-Foil Edition — Nonfoil Edition,SECRET_LAIR,30,2024-02-08,2026-07-23,74ed9b313cba8b96eaf4314dd79eaa7463a38494e0dc7f2115f67680ccb7c2ef
MTG:SECRET_LAIR:SL-4B22D43419542B,Drop: Featuring: Andrew Maclean - Non-Foil Edition — Nonfoil Edition,SECRET_LAIR,25,2024-08-01,2026-07-23,0069d3417e1a71e99723f3de6845eeaa2f5f552c20e3dec7dd991eeea7b8d1c7
MTG:SECRET_LAIR:SL-4B314F21B95F79,Drop: Just Some Totally Normal Guys - Non-Foil Edition — Nonfoil Edition,SECRET_LAIR,31,2024-02-08,2026-07-23,f6fb673fa336974536e6aa07b12863cfebc5ffc803819126f74e0d4ce50553a0
MTG:SECRET_LAIR:SL-4BE57560047EB4,Drop: Secret Lair x Marvel's Deadpool: I Fixed It (You're Welcome) - Pool Party Foil Edition — Foil Edition,SECRET_LAIR,3,2026-05-01,2026-07-01,d14f3213521f5114ada45fc73d0b3d14ab4f14e1f623a0b136655050f1d6a9d7
MTG:SECRET_LAIR:SL-4BF63B64592660,Drop: Hard-Boiled Thrillers - Rainbow Foil Edition — Foil Edition,SECRET_LAIR,31,2024-02-08,2026-07-23,5e7467069f347932ae8fa8ee5d6d0c7a7f54d96f812d17ec9780d8a4a8a3e18a
MTG:SECRET_LAIR:SL-4BF7FE45B6D5FA,Drop: Witch's Familiar - Non-Foil Edition — Nonfoil Edition,SECRET_LAIR,2,2026-07-01,2026-07-24,0f7994bbfd2097fed59355b2a3cdb33ae985a8f379e9fec8fb9006468b1b80d0
MTG:SECRET_LAIR:SL-4C044399719CB3,Drop: August Superdrop - The Bundle Bundle — Standard Edition,SECRET_LAIR,1,2026-07-23,2026-07-23,81e58997aeb835896b4043155fd3d6649aa1282140879b86f56cec07ec6747fc
MTG:SECRET_LAIR:SL-4C3509AD7E230B,Drop: Secret Lair x Dungeons & Dragons: An Exhibition of Adventure - Non-Foil Edition — Nonfoil Edition,SECRET_LAIR,24,2024-09-01,2026-07-23,269d4a9c1cc174108dba5366997a419063fc3c25802ff6d6e06ad0c2154e760c
MTG:SECRET_LAIR:SL-4C4FCD42C6E4CB,Drop: Li'l Legends - Rainbow Foil Edition — Foil Edition,SECRET_LAIR,24,2024-09-01,2026-07-23,69ef0b27a60d171404803fba2648212cab46dbca35ac8b2e90867fcd6aada375
MTG:SECRET_LAIR:SL-4C6A3C65A74465,Astrology Lands (Sagittarius) - Non-Foil Edition — Nonfoil Edition,SECRET_LAIR,1,2026-07-23,2026-07-23,6cf9aeee729305b24a75d0c19ac1499f685a47b7572ad7f9e5a90c61ab81b8f1
MTG:SECRET_LAIR:SL-4D89F0ED51988D,Drop: Astrology Lands (Leo) - Non-Foil Edition — Nonfoil Edition,SECRET_LAIR,30,2024-02-08,2026-07-23,6f4f7f34cf0b8c174a110e8146ecd108a196dbc0ec94d39e44721f4c2812b104
MTG:SECRET_LAIR:SL-4E0F9462AECE34,Drop: The Prophets Predicted Bundle - Foil Edition — Foil Edition,SECRET_LAIR,19,2024-02-08,2025-08-01,e1249ebd7b0251cce18a0c263f99fdf7f72ed4a11b901e03b5a72c0f2d2bc186
MTG:SECRET_LAIR:SL-4E3DD31A8F10CD,Drop: Omens of Chaos - Traditional Foil Edition — Foil Edition,SECRET_LAIR,2,2026-07-01,2026-07-23,b65bb2337796f213db35265f812527ba2e186e5343eeb09a58c4d01e04d1c866
MTG:SECRET_LAIR:SL-4E446C326A35E0,Drop: Artist Series: Randy Vargas - Non-Foil Edition — Nonfoil Edition,SECRET_LAIR,31,2024-02-08,2026-07-23,246bfa7cc433d32771e03241b0b44f3caf102bc39eedb6bcdee93964f47cd1f7
MTG:SECRET_LAIR:SL-4E4666C9C585DF,Drop: Showcase: Thrilling Tales of the Undead - Non-Foil Edition — Nonfoil Edition,SECRET_LAIR,31,2024-02-08,2026-07-23,e5fe184cec44f3c10faf847a361dac302346fd1961813958a310745adf254a5d
MTG:SECRET_LAIR:SL-4F949907592453,Superdrop: Showcase: Strixhaven - Traditional Foil Edition — Foil Edition,SECRET_LAIR,31,2024-02-08,2026-07-24,75de3104c50eb26d2d6c0645cf2a39c88b3af12ce63f245e9b98f752c5cf6274
MTG:SECRET_LAIR:SL-500F5F97CE9D3D,Drop: February Superdrop - Special Guest: Yuko Shimizu - Traditional Foil Edition — Foil Edition,SECRET_LAIR,31,2024-02-08,2026-07-23,368d026d44580735f2170cc76c0551ce2f7594ae5ad2ab40b3c67889ee782b42
MTG:SECRET_LAIR:SL-5023185002A2AA,Drop: A Devastation of Dragons - Rainbow Foil Edition — Foil Edition,SECRET_LAIR,18,2025-03-01,2026-07-23,619eb0ba93a5be984f60df093c05fc6adcea3d573f9794ae10140698fc77fe54
MTG:SECRET_LAIR:SL-5068960BC36908,x Sonic the Hedgehog Superdrop: Super Sonic Bundle (Rainbow Foil) — Foil Edition,SECRET_LAIR,12,2025-08-01,2026-07-01,4e6fcef97fd20ba462a94dd96ecb4d44cfcbac4bee44eed32cbcf55b090e4604
MTG:SECRET_LAIR:SL-50C145DADB01EC,Drop: If Looks Could Kill - Traditional Foil Edition — Foil Edition,SECRET_LAIR,31,2024-02-08,2026-07-23,8b1225596196a6862fcbcdb42ddf20979f1ff8856b63f4e5cf7f3b8402a30728
MTG:SECRET_LAIR:SL-50E644B80B9CC1,Drop: Our Boss is on Vacation Superdrop: Desk Fort Made of Non-Foils Bundle — Nonfoil Edition,SECRET_LAIR,6,2025-04-01,2026-07-23,75288ece4afe7236f30d9563ba8f67528c5d904635ac3211b8a59da3ab77e1eb
MTG:SECRET_LAIR:SL-50FC4B0DB8BFBC,Drop: The Beauty of the Beasts - Non-Foil Edition — Nonfoil Edition,SECRET_LAIR,31,2024-02-08,2026-07-24,38fc215d53cf31af3f3ebdaf3485f01900ab9e13194b63e4d136484f76524eda
MTG:SECRET_LAIR:SL-514B5766ECCE6E,Superdrop: Showcase: Strixhaven - Non-Foil Edition — Nonfoil Edition,SECRET_LAIR,31,2024-02-08,2026-07-24,dcb0dcb914b87a2897c00b5a028038460364f55c155312d05282e234455f3bd7
MTG:SECRET_LAIR:SL-514C1D6728B156,Drop: Secret Lair x Dungeons & Dragons: Shadowheart’s Devotion - Traditional Foil Edition — Foil Edition,SECRET_LAIR,6,2026-03-01,2026-07-23,36690d704d596bc2a035ca4fe194a64016c4f52878315261cfccba2bd31a9bb9
MTG:SECRET_LAIR:SL-51976658E5C23C,Drop: Inside an Elevator Superdrop: Brain Dead Bundle - Foil Edition — Foil Edition,SECRET_LAIR,23,2024-09-01,2026-07-23,a67c0ba737e27dd0bce1fac4ce6cb95fb2dd09c1bce1abf277c27964d1d662ae
MTG:SECRET_LAIR:SL-51F0E5266661E3,Drop: Purrfection - Traditional Foil Edition — Foil Edition,SECRET_LAIR,29,2024-02-08,2026-07-23,57dbe70498253b780f512684ca7d1b34f5f48f105129a7c145bf218d20d61465
MTG:SECRET_LAIR:SL-51F6FE2831BC59,Drop: Transformers: Roll Out or Rise Up - Traditional Foil Edition — Foil Edition,SECRET_LAIR,31,2024-02-08,2026-07-24,6ed244b624ca430cce64af6cc6537cee13be1a671f9c9f44851b8109407023fb
MTG:SECRET_LAIR:SL-52287049EB9C78,Astrology Lands (Sagittarius) - Traditional Foil Edition — Foil Edition,SECRET_LAIR,8,2025-12-01,2026-07-23,55f9b6e40774d26c01c6e792da3012cd9b2858b9b3fd0ad88d052c1bbf3562d8
MTG:SECRET_LAIR:SL-52AD75C0AF1006,Drop: Secret Lair x Teenage Mutant Ninja Turtles: VHS Villains - Non-Foil Edition — Nonfoil Edition,SECRET_LAIR,5,2026-04-01,2026-07-23,ce4791100e89fd7d2958c1c7e484131e3eae8bd9e61576e65a311329027844f4
MTG:SECRET_LAIR:SL-52D6DADA65F954,x Avatar: The Last Airbender: My Cabbages! - Rainbow Foil Edition — Foil Edition,SECRET_LAIR,9,2025-12-01,2026-07-24,236a8328236eee0aa5bd932178dbf6d9de68f4687be91514cf02045b4fce64a7
MTG:SECRET_LAIR:SL-52F611E7CD122A,Drop: Secret Lair x Hatsune Miku: Sakura Superstar EN - Rainbow Foil Edition — Foil Edition,SECRET_LAIR,27,2024-06-01,2026-07-23,fcf31ba2804846784f077739aaff467cb8ede0be5944d0a289a2091fc89a6d5e
MTG:SECRET_LAIR:SL-5372DCEAF5B496,Drop: The Strange Sands: Plains - Non-Foil Edition — Nonfoil Edition,SECRET_LAIR,19,2025-02-01,2026-07-24,7c243b40f1a0c3bac10ae0edbc705fb1c5df42cf747ad0de9735c4446931fa96
MTG:SECRET_LAIR:SL-537F7A73B4E5D7,Drop: Secret Lair x Tomb Raider - Non-Foil Edition — Nonfoil Edition,SECRET_LAIR,31,2024-02-08,2026-07-23,68b20f389d01e31131ad9120456860ce4ac9af284316058c8f23be210c0694c1
MTG:SECRET_LAIR:SL-539814AFE340EF,Drop: Secret Lair Promo: Deadeye Navigator - Rainbow Foil Edition — Foil Edition,SECRET_LAIR,16,2025-05-01,2026-07-23,713b0fdbd8a6764dbc55a74806b3bd1c97acd23d04d876bbabea73498a2c2eb6
MTG:SECRET_LAIR:SL-53E99BA82486AE,Drop: Secretversary Superdrop 2023: Lara Croft's Adventuring Bundle - Foil Edition — Foil Edition,SECRET_LAIR,4,2024-02-08,2024-07-01,ba4049db8fefa4de5dd0741ba511c9c3f4c0fb3e4ab27e18251b9a21fc74dcd8
MTG:SECRET_LAIR:SL-53EFFF4AB66655,Drop: Spring Superdrop 2024: Spring Into Action Bundle - Foil Edition — Foil Edition,SECRET_LAIR,18,2024-07-01,2026-07-24,ee1a68af44d317e2a3d7d6eb4ff300feeee4918ba42bd8cadbe821f87136ab68
MTG:SECRET_LAIR:SL-5460CC74A875D8,Drop: Marvel Superdrop: The Astonishing Foil Bundle — Foil Edition,SECRET_LAIR,21,2024-12-01,2026-07-23,a38059ab6598005f638a659ea8663fda40143f02398cbacf242c2a54b664bc1d
MTG:SECRET_LAIR:SL-5468F7B9EAB454,Drop: More Adventures in Middle-earth - Non-Foil Edition — Nonfoil Edition,SECRET_LAIR,31,2024-02-08,2026-07-23,8389ff94765b18ceb91f3b9cdf55a1eef5e1375703f95d719d7921741588b783
MTG:SECRET_LAIR:SL-54C9080526A1C2,Drop: Artist Series: Volkan Baga - Non-Foil Edition — Nonfoil Edition,SECRET_LAIR,31,2024-02-08,2026-07-23,c35337a48e6a20389d64f2d3796bd7cdc879b795b702dc67c347fb97ec12d482
MTG:SECRET_LAIR:SL-54E30F9610306E,Drop: Secret Lair x Marvel: Spinner Rack Specials - Non-Foil Edition — Nonfoil Edition,SECRET_LAIR,1,2026-07-23,2026-07-23,77e6bd1b982a50d57cc7939296954bd4dd6029e564c47dec989bd69bef9d201f
MTG:SECRET_LAIR:SL-55E97B4006F89E,Drop: Secret Lair x Dungeons & Dragons: Shadowheart’s Devotion - Non-Foil Edition — Nonfoil Edition,SECRET_LAIR,6,2026-03-01,2026-07-23,b865f97c3fa39a28395820c209449c2b204e8bd0e022b8cbe83982b890ec0762
MTG:SECRET_LAIR:SL-560F109DA33288,Drop: Our Boss is on Vacation Superdrop: Spongebob Squarepants: Internet Sensation - Rainbow Foil Edition — Foil Edition,SECRET_LAIR,17,2025-04-01,2026-07-23,5ad760302ccd8ca6ec32b63107b4832f99c0b687f222c218e436ddfd08953af7
MTG:SECRET_LAIR:SL-5623C86036522B,Drop: Summer Superdrop 2025 - The Artist Spotlight Bundle (Non-Foil Edition) — Nonfoil Edition,SECRET_LAIR,13,2025-07-01,2026-07-01,b4f2e94f6acf42ca19fbe92cc860e4ac59df9db7ee04a900d8711d472513604d
MTG:SECRET_LAIR:SL-568C9C053EB3C5,Drop: Arcade Racers - Non-Foil Edition — Nonfoil Edition,SECRET_LAIR,18,2025-03-01,2026-07-23,e928d50ce126fca6bd2b50554a56510f8230546c42913a0ae275ac729efe0806
MTG:SECRET_LAIR:SL-56A06CCE61A990,Drop: Prints Charming - Traditional Foil Edition — Foil Edition,SECRET_LAIR,6,2026-03-01,2026-07-23,31608c33b3cb48d35e083dd61a2dc1a3ee95500277f0265ddaea0c971ec63539
MTG:SECRET_LAIR:SL-57224CF33D1B18,Drop: Secret Lair Promo x Twisted Metal - Sol Ring - Rainbow Foil Edition — Foil Edition,SECRET_LAIR,7,2026-02-01,2026-07-23,cae92174bbe55b7b2117b10d4658cc75f1ece5ff570e1e469d60296cfcfaac1d
MTG:SECRET_LAIR:SL-57B769C050A1F6,Drop: Secret Lair x Chucky - Non-Foil Edition — Nonfoil Edition,SECRET_LAIR,22,2024-11-01,2026-07-23,9cada6ed585767ab9f0353ed72ae5dd021b6bd64966495f5e9eed843339d2d76
MTG:SECRET_LAIR:SL-585CACD9E76000,Drop: Summer Superdrop 2025 - The Artist Spotlight Bundle (Rainbow Foil Edition) — Foil Edition,SECRET_LAIR,13,2025-07-01,2026-07-01,07e09c86ca65830a7e9b5b1658b3e8ea2c03965e11ec3404b9b1e952a2c6f9f6
MTG:SECRET_LAIR:SL-5866DDA4AFF1E6,Drop: Spring Superdrop 2024: All The Non-Foils Are Blooming Bundle — Nonfoil Edition,SECRET_LAIR,26,2024-06-01,2026-07-24,88cfb810f91043d85ad42ab6d2e41d835b8fcd0d92b7be4f20945744b4eebca5
MTG:SECRET_LAIR:SL-5870A36D552768,"Drop: Keep Partying Hard, Shred Harder Than You Previously Thought Possible - Non-Foil Edition — Nonfoil Edition",SECRET_LAIR,31,2024-02-08,2026-07-23,b3463f9caea49cad04cda1aaf7714af7ebf7993c171d6a2b299897fe71f186f7
MTG:SECRET_LAIR:SL-58CA1F11EE3BE3,Drop: Showcase: Murders at Karlov Manor - Rainbow Foil Edition — Foil Edition,SECRET_LAIR,31,2024-02-08,2026-07-23,704e370d84c4ee23d4ca834bb6c9d7ae31febdacf541ef66a7296bcf66f63342
MTG:SECRET_LAIR:SL-5933AE80C184BC,Drop: Secret Lair x Marvel's Spider-Man: Daily Bugle Breaking News - Non-Foil Edition — Nonfoil Edition,SECRET_LAIR,11,2025-10-01,2026-07-23,6e04f0dbbdfd340d574baa8ff41003bd1598f9a15da229251e813c17e7bcaeb0
MTG:SECRET_LAIR:SL-59E7F564794C20,Drop: Restless in Peace - Non-Foil Edition — Nonfoil Edition,SECRET_LAIR,31,2024-02-08,2026-07-23,99eaf7e23af8222d9374c0c46d2aae6784baa8b5b9bc3ce5596ba3d56710bad4
MTG:SECRET_LAIR:SL-5A1F788DAA7722,x Sonic the Hedgehog Superdrop: Turbo Gear (Rainbow Foil) — Foil Edition,SECRET_LAIR,12,2025-08-01,2026-07-01,d05b8a4b434dbd6e140b5ac5107e8e0c972b4d4310f0d8d16a1e4c53f4471718
MTG:SECRET_LAIR:SL-5A4A678A238B50,Drop: Artist Series: Kev Walker - Traditional Foil Edition — Foil Edition,SECRET_LAIR,31,2024-02-08,2026-07-23,a25c5e46e96099bef9f4e8b97fd2e2531b737b5bef24a7a2e271b9f03b96823f
MTG:SECRET_LAIR:SL-5A6AE8606BA087,Drop: Thalia: Beyond the Helvault - Traditional Foil Edition — Foil Edition,SECRET_LAIR,31,2024-02-08,2026-07-24,9fff19749b4708fef25dd7a5f578b2cce119c8a8ba8d72a2c7779174ae50e1de
MTG:SECRET_LAIR:SL-5B3A6F59394F77,Commander Deck: Raining Cats and Dogs — Standard Edition,SECRET_LAIR,1,2026-07-23,2026-07-23,c45397fe83116c34b5f8bf842ba276925fce645b996d260dc4e7409e2b636ad7
MTG:SECRET_LAIR:SL-5B5B32122CDD63,Drop: vroooOOOMMMMMM! - Rainbow Foil Edition — Foil Edition,SECRET_LAIR,15,2025-06-01,2026-07-24,0b5164480f7131c234a88225dce90237f2baf31e55ca28184b5a8481ecf7b71a
MTG:SECRET_LAIR:SL-5B6759715093DA,Drop: Valentine's Day 2021 - Traditional Foil Edition — Foil Edition,SECRET_LAIR,31,2024-02-08,2026-07-24,8b1032131d0a65918b4a698c5d3474c75965a8efb81fbf24097ae5e99966300a
MTG:SECRET_LAIR:SL-5C3F30C12BEBAB,Drop: Astrology Lands (Scorpio) Bundle - Non-Foil Edition — Nonfoil Edition,SECRET_LAIR,1,2026-07-23,2026-07-23,a024d68d59e4b278fa00317a86106fb3b462353f4a187e73e8c55a87a4f63392
MTG:SECRET_LAIR:SL-5C5578252D2926,Drop: Secret Lair x Assassin's Creed: Da Vinci's Designs - Non-Foil Edition — Nonfoil Edition,SECRET_LAIR,26,2024-07-01,2026-07-23,1f1873cdc674808280df8db791bb17c7f92a7aa855d56bfad5fe85949f505bd1
MTG:SECRET_LAIR:SL-5C83F0908286AA,Drop: Equinox Superdrop 2024: Sunlight and Moonbeams Bundle - Foil Edition — Foil Edition,SECRET_LAIR,27,2024-05-01,2026-07-01,31fd10284ee2c6790d04d67d5fa89696fda425c85237e05f7502146bba565ba5
MTG:SECRET_LAIR:SL-5CD1718708F7CF,Drop: Secret Lair Promo: Seedborn Muse - Rainbow Foil Edition — Foil Edition,SECRET_LAIR,26,2024-07-01,2026-07-23,191541c6de93779b19a51abe47bba4413f29a835a6e3b0342e29863ce4712bee
MTG:SECRET_LAIR:SL-5DCBAF53678E9A,Drop: The Strange Sands: Island - Rainbow Foil Edition — Foil Edition,SECRET_LAIR,19,2025-02-01,2026-07-24,73d965903ae8981e60dfa2454b8be601fb623ae7fbe17acf48f0c7f2faf6d40a
MTG:SECRET_LAIR:SL-5DE687263E31C2,Festival in a Box Barcelona 2023 - Drafter's Dream Bundle — Standard Edition,SECRET_LAIR,1,2026-07-24,2026-07-24,ff979729e4b5dd1c66ef848d27bc32e621c32d76bdea9b4ec6421a0a374c1069
MTG:SECRET_LAIR:SL-5DFBCE0AB83C38,Drop: Monstrous Magazines - Rainbow Foil Edition — Foil Edition,SECRET_LAIR,23,2024-10-01,2026-07-23,1d595354faad5b18ad28c2fa7812916f50771bc2ff5c2dae1f9bc3313ec66a68
MTG:SECRET_LAIR:SL-5E385BCEB8C1D3,Drop: Buggin' Out - Traditional Foil Edition — Foil Edition,SECRET_LAIR,31,2024-02-08,2026-07-23,ff6fc9ed2899ed3a026f9b042cfb08a28ed9224a9c8df4c2103a082bcc6b2c48
MTG:SECRET_LAIR:SL-5E88158210994E,x Avatar: The Last Airbender: A Lot To Learn - Rainbow Foil Edition — Foil Edition,SECRET_LAIR,9,2025-12-01,2026-07-24,05fa1141b48bbdedc9c649ec9aa75c9ffa3eb68fa0ee7936adf4d393707c4be2
MTG:SECRET_LAIR:SL-5EF93AB87CC7BC,Drop: Equinox Superdrop 2024: A Celebration of Everything Foil and Non-Foil Bundle — Nonfoil Edition,SECRET_LAIR,25,2024-05-01,2026-07-01,abe6eb2efd18ec70a0b1d23fbc01b640a75aedf25750af7232c728889b242c5e
MTG:SECRET_LAIR:SL-5FB294356B3D9E,Drop: sAnS mERcY - Rainbow Foil Edition — Foil Edition,SECRET_LAIR,27,2024-06-01,2026-07-24,8f6752992b7600bbb5507913600939354e8eea0a964cb1811e13b712234de2c3
MTG:SECRET_LAIR:SL-5FE7868CA1C657,Drop: Time Trouble Two - Non-Foil Edition — Nonfoil Edition,SECRET_LAIR,31,2024-02-08,2026-07-24,fee010d38a28edda1d44fc7bb7a386905f58555ac477d82c7b63f8b57ba7c527
MTG:SECRET_LAIR:SL-5FF41CC2D13BA0,x Horizon: Into the Forbidden West - Rainbow Foil Edition — Foil Edition,SECRET_LAIR,10,2025-11-01,2026-07-24,6c5ff17624849ee89b41c8db6e155a586d97f4b7b085bab0994ceddb06a4010e
MTG:SECRET_LAIR:SL-600CD704BB077D,Drop: Special Guest: Fiona Staples - Non-Foil Edition — Nonfoil Edition,SECRET_LAIR,31,2024-02-08,2026-07-24,253d73a703d77cdea55ea134699f717f125638525dedd789c820c45d531b780c
MTG:SECRET_LAIR:SL-60461872853DE5,Drop: The Unfathomable Crushing Brutality of Basic Lands - Non-Foil Edition — Nonfoil Edition,SECRET_LAIR,31,2024-02-08,2026-07-24,1a1e389ca0aa3799e401c54ee50715b57af307f9f0ab2dd9eee3ab115a914d2d
MTG:SECRET_LAIR:SL-60A40519C4C2EC,Drop: Secretversary Superdrop - Artist Series: Seb McKinnon - Non-Foil Edition — Nonfoil Edition,SECRET_LAIR,31,2024-02-08,2026-07-23,9f68008518c44cbbf2d464550cc26a5bbf58f4d1c884105191ec4cce5d54de5e
MTG:SECRET_LAIR:SL-60B5B69D0C5853,Drop: Inside an Elevator Superdrop: Take Me to the Floor with Non-Foils Bundle — Nonfoil Edition,SECRET_LAIR,16,2024-09-01,2026-01-01,007b6bd264f5d19714054364b0c54b9025294a7ef9f6cbaaf478dd46c1555438
MTG:SECRET_LAIR:SL-60BFB1DCD1B82F,Drop: Camp Totally Safe Superdrop: The Cabin with Foils Bundle — Foil Edition,SECRET_LAIR,21,2024-11-01,2026-07-01,d78ba0a978ba34c47913ed62801ade403b05b558fe41855122b070229f1d0aff
MTG:SECRET_LAIR:SL-60FC2555A55C64,Drop: Secret Lair Promo x Avatar: The Last Air Bender - Path of Ancestry - Rainbow Foil Edition — Foil Edition,SECRET_LAIR,1,2026-07-23,2026-07-23,6c89f2f7d97abfb38964f946a12a3f4f95a06b07f67b4349dd2b081e534e753b
MTG:SECRET_LAIR:SL-61289242472F60,Drop: Secretversary Superdrop - Happy Little Gathering - Non-Foil Edition — Nonfoil Edition,SECRET_LAIR,31,2024-02-08,2026-07-23,a2031e57c57a731d2d9013d63dda345a1b395b1c212d1a3809cfdbd776365b60
MTG:SECRET_LAIR:SL-61E8E5DF8B1BBE,Drop: Secret Lair x Hatsune Miku: Electric Entourage EN - Non-Foil Edition — Nonfoil Edition,SECRET_LAIR,23,2024-10-01,2026-07-23,734fc18d9e7ddc2a4826307c05283701acd5e38c9f696f1f03280abf9ed1a09b
MTG:SECRET_LAIR:SL-61FF8037187542,Drop: Astrology Lands (Virgo) Bundle - Traditional Foil Edition — Foil Edition,SECRET_LAIR,1,2026-07-23,2026-07-23,0265b22a45363a86ffada1978cd425565ee69dc83da91251f18e712004bd0d0f
MTG:SECRET_LAIR:SL-622D7365B067D1,x Sonic the Hedgehog Superdrop: Chasing Adventure — Nonfoil Edition,SECRET_LAIR,1,2026-07-24,2026-07-24,8507cd0af967f6cf794e660c913cafed2548228ea8e4c584d9544df9a55aaf03
MTG:SECRET_LAIR:SL-623013DF1CDC7A,Drop: Secret Lair Promo: Cryptic Command - Rainbow Foil Edition — Foil Edition,SECRET_LAIR,6,2026-03-01,2026-07-23,cedbcec65a04e9cc5de340dee507f4562fba297565da21d216be639ed8b65960
MTG:SECRET_LAIR:SL-62530032A99C72,Drop: “explosion sounds” - Non-Foil Edition — Nonfoil Edition,SECRET_LAIR,30,2024-02-08,2026-07-01,55622a6f7717f09fb3b07ac7606e6a53fb81e0138441c38422680d8c9b3eb37a
MTG:SECRET_LAIR:SL-6272B7E7FCCDE5,Drop: Astrology Lands (Scorpio) - Traditional Foil Edition — Foil Edition,SECRET_LAIR,27,2024-02-08,2026-07-23,1cb653849884161963f02dcb3b079ad36753b496529ad96268310c75de458767
MTG:SECRET_LAIR:SL-627854ED741646,Drop: Maho Gakuin Seishun Hakusho - Non-Foil Edition — Nonfoil Edition,SECRET_LAIR,2,2026-07-01,2026-07-23,464a63d0f954dec4e6b235213b2971251ea212857f6c45a7ef78be53442da4fc
MTG:SECRET_LAIR:SL-62924E622370DA,Drop: Notebook Genius - Non-Foil Edition — Nonfoil Edition,SECRET_LAIR,2,2026-07-01,2026-07-23,fbffb4ab713de1efc4392d748bebf5f3d1732416275f9b43d998e8ed0c299411
MTG:SECRET_LAIR:SL-62BFC9811DD915,Drop: Featuring: Not a Wolf - Traditional Foil Edition — Foil Edition,SECRET_LAIR,26,2024-07-01,2026-07-23,788c051844ed064b3267a1dd08dbe54b3d89d77e0bb723516cd9d8b37fbfbc9b
MTG:SECRET_LAIR:SL-62C80AB34D9CC5,Back to School Superdrop: Spirit Week All Foils Bundle — Foil Edition,SECRET_LAIR,2,2026-07-01,2026-07-23,8aa8d3acf7b7bddb665967010d70faea896c2299e6b0e69c5d6b08c91068660d
MTG:SECRET_LAIR:SL-63246582180433,Drop: Artist Series: Rovina Cai - Rainbow Foil Edition — Foil Edition,SECRET_LAIR,28,2024-05-01,2026-07-23,02c6c9af138c408088c90a9cd6a51c556cb8c5f3add9965bdbc460b1618d1d50
MTG:SECRET_LAIR:SL-641F10B993511F,Countdown Kit: An Encyclopedia of Magic — Standard Edition,SECRET_LAIR,1,2026-07-23,2026-07-23,e848207176a4132fb8150bb720930ccb3bd68b05df7eb5ae7a26f852c5f94dc1
MTG:SECRET_LAIR:SL-64570B00C96787,Drop: Secret Lair x Marvel's Wolverine - Non-Foil Edition — Nonfoil Edition,SECRET_LAIR,21,2024-12-01,2026-07-23,9107233e09daed8c66091bd3fcf209b7a246411f38852115b26debd0ce8b08f0
MTG:SECRET_LAIR:SL-649995DEB9E53B,Drop: Featuring: Phoebe Wahl - Non-Foil Edition — Nonfoil Edition,SECRET_LAIR,28,2024-05-01,2026-07-23,abafa34ceebbfe98ed7e0ba03bf493b70afdde30a6f15101d4b7f109d6e35951
MTG:SECRET_LAIR:SL-64DF5C443D393A,Drop: Showcase: March of the Machine Vol. 1 - Halo Foil Edition — Foil Edition,SECRET_LAIR,1,2026-07-23,2026-07-23,669ec2ce3163d69f3a088b1d8f596ba80a9b975e10cc27a9e532f092703e5140
MTG:SECRET_LAIR:SL-653ECA949C539E,Drop: Secret Lair x Doctor Who: The Weeping Angels - Non-Foil Edition — Nonfoil Edition,SECRET_LAIR,31,2024-02-08,2026-07-23,c15d977551713d7d0102754d7cc59aa943cc486b7ea9713ada9b83c86cf377ec
MTG:SECRET_LAIR:SL-65D2FBF09647F2,Drop: EVERYTHING IS ON FIRE - Non-Foil Edition — Nonfoil Edition,SECRET_LAIR,15,2025-06-01,2026-07-23,6451d38ccb07d836117f391bf53a072c6acc2589b86ca991218f364669787b9d
MTG:SECRET_LAIR:SL-6640A3B637C825,Drop: Secret Lair x Fallout: Vault Boy - Non-Foil Edition — Nonfoil Edition,SECRET_LAIR,28,2024-05-01,2026-07-23,b500429bc906e85282329c1b97784fa45350e8a6eae55f5696816cb398df9272
MTG:SECRET_LAIR:SL-66650DD69BF4D5,Drop: Totally TubuLair Superdrop: Heroes in a Half Shell Non-Foil Bundle — Nonfoil Edition,SECRET_LAIR,4,2026-05-01,2026-07-24,2e7866f1d61e2e05253b938ebb847459aee83093fc2b42b25f361a05e355fab9
MTG:SECRET_LAIR:SL-67CAEA24680CC1,Drop: Secret Lair x Jurassic World: Life Breaks Free - Non-Foil Edition — Nonfoil Edition,SECRET_LAIR,31,2024-02-08,2026-07-23,f8e69cc00ef6081ffa68d5f1a42523271c594f4c1f65a3b3590eb4c2956856fd
MTG:SECRET_LAIR:SL-6826C5CCC691B8,Superdrop: Voracious Reader Bundle - Foil — Foil Edition,SECRET_LAIR,15,2024-02-08,2025-08-01,cbadb0430cda1b291817b522d65f97778c91093d0f42232f8b303193e4db74d9
MTG:SECRET_LAIR:SL-686E1BBEBCBFAA,Drop: Monstrous Magazines - Non-Foil Edition — Nonfoil Edition,SECRET_LAIR,22,2024-11-01,2026-07-23,e00fb1121044c8a01a5db18195657314bc0476c037fc7554d4da9a660b4fc421
MTG:SECRET_LAIR:SL-690BF3733992EE,Drop: Special Guest: Jen Bartel - Traditional Foil Edition — Foil Edition,SECRET_LAIR,31,2024-02-08,2026-07-24,809d92367b086aed2c332bd733aaba547e59497e138d633455bad08247c95294
MTG:SECRET_LAIR:SL-6913FBEDFDB80B,Drop: Dogs Are Better Than Cats - Non-Foil Edition — Nonfoil Edition,SECRET_LAIR,17,2025-04-01,2026-07-23,596b35d7065239808e538a1fddf5c2008ed0f62f29f882dc40ccd10d33183167
MTG:SECRET_LAIR:SL-69852EB562DC18,Drop: EVERYTHING IS ON FIRE - Raised Foil Playset Bundle — Foil Edition,SECRET_LAIR,14,2025-06-01,2026-07-23,9fe2638db1f33ded5f54733b3b5af223916ce7935ff5e4f108e7a6fbe6678700
MTG:SECRET_LAIR:SL-698A08AB4D7C37,Drop: Artist Series: Mark Poole - Traditional Foil Edition — Foil Edition,SECRET_LAIR,31,2024-02-08,2026-07-23,5b9763fc137a2fa584eade2d0401ec3ae2872c124270a8458b2f52a465c74100
MTG:SECRET_LAIR:SL-69FAC4782CEAD8,Drop: Secret Lair x Marvel's Spider-Man: The Non-Foil Web-Slinger Bundle — Nonfoil Edition,SECRET_LAIR,11,2025-10-01,2026-07-23,978876422901c15e13e1a149de2b00e829b74bb76b6ff0c9089fb5b9d7ce535f
MTG:SECRET_LAIR:SL-6A188AFCDB31E1,Drop: Secret Lair x Assassin's Creed: Lethal Legends - Rainbow Foil Edition — Foil Edition,SECRET_LAIR,26,2024-07-01,2026-07-23,e30a737219628a6fd7b703cbfb6ea9d80c070042bee73c991bd2586ae0cd01af
MTG:SECRET_LAIR:SL-6A2D2E139F2254,Drop: Prismatic Nightmares - Non-Foil Edition — Nonfoil Edition,SECRET_LAIR,31,2024-02-08,2026-07-23,f4f7f9a398b2bfc672f8751de3577f5f79946bd54a66090d7b4485566a079465
MTG:SECRET_LAIR:SL-6A7B01B7E9573D,Drop: Kamigawa Ink - Non-Foil Edition — Nonfoil Edition,SECRET_LAIR,31,2024-02-08,2026-07-23,0d27c0012bdc853951568187209022ed46d2846f8bad36038b901216149b3247
MTG:SECRET_LAIR:SL-6AF6F8F8E4C984,Drop: Cool Ocean Breeze - Non-Foil Edition — Nonfoil Edition,SECRET_LAIR,31,2024-02-08,2026-07-23,96361760d07c02f36b9795bdd54745be92bb6ce9e72d35b24412c0a4a9f82980
MTG:SECRET_LAIR:SL-6B03C6C7C5B91D,Drop: Secret Lair x Dungeons & Dragons: Astarion's Thirst - Rainbow Foil Edition — Foil Edition,SECRET_LAIR,24,2024-09-01,2026-07-23,f112c71f3a011d3ca6392457a79928a73d063fd32e97552aadff0f6adbf0b2a2
MTG:SECRET_LAIR:SL-6B5DCD60BA5730,"Drop: Death Is Temporary, Metal Is Forever - Traditional Foil Edition — Foil Edition",SECRET_LAIR,31,2024-02-08,2026-07-23,9c4a408cc8180b47537427a27a65ddcc7eae4367778373685d218b5e1c02a070
MTG:SECRET_LAIR:SL-6B6C979A6E1B4E,Drop: Summer Superdrop 2025 - Artist Series: Phil Foglio (Non-Foil Edition) — Nonfoil Edition,SECRET_LAIR,13,2025-07-01,2026-07-01,bdffc73f7f2dae1897a696f254ffad7c006de2bbf2f2000a15561046c4de6a75
MTG:SECRET_LAIR:SL-6B7BB6F2DC6CCE,Drop: Artist Series: Chris Rahn - Non-Foil Edition — Nonfoil Edition,SECRET_LAIR,31,2024-02-08,2026-07-23,52b266c3dd801e2ddaf48ad582e996a1e6e9a2bd07149e4a4db9f19a969185ae
MTG:SECRET_LAIR:SL-6C10833A178EED,Drop: Mirrodinsanity - Non-Foil Edition — Nonfoil Edition,SECRET_LAIR,31,2024-02-08,2026-07-23,fcdc99ae8a45b2d2ed67c62a78fcb62f8dbd984a4f8b8e0d31ee803f3cd35563
MTG:SECRET_LAIR:SL-6C1B3964A65485,Drop: Featuring: Julie Bell - Rainbow Foil Edition — Foil Edition,SECRET_LAIR,26,2024-07-01,2026-07-23,0c51a4b1fd7173c64bb99984fa71db5cc4eca732c4b146585247395e4b5f260f
MTG:SECRET_LAIR:SL-6C256345194D9E,Drop: Two Scoops - Double Vanilla With Sprinkles Bundle — Standard Edition,SECRET_LAIR,1,2026-07-24,2026-07-24,faaba61e5e21a33ddbd6e335bed73fa76daf22465d63cc41089e52c29db323ae
MTG:SECRET_LAIR:SL-6CD9F3DF876B1F,Drop: Featuring: Jay Howell - Rainbow Foil Edition — Foil Edition,SECRET_LAIR,15,2025-06-01,2026-07-23,e5bf64f87820297c85922615e7d2a4120726e2cecc36f5c569769b5a14870fa0
MTG:SECRET_LAIR:SL-6CE59E51DCC615,Drop: Secret Lair x Dungeons & Dragons: Lands of the Forgotten Realms - Traditional Foil Edition — Foil Edition,SECRET_LAIR,6,2026-03-01,2026-07-23,d1a7834fed2fb8c4db9b8a372f758fb6bc77c779149e1bf00e0c8b599148a1ab
MTG:SECRET_LAIR:SL-6D386CB092B8F1,Drop: Secret Lair x Marvel's Black Panther - Non-Foil Edition — Nonfoil Edition,SECRET_LAIR,21,2024-12-01,2026-07-23,049bd153dce867e47a4e5049d53bea834fa2fb965fac8c53a5787969e39eb5bf
MTG:SECRET_LAIR:SL-6D6C79C2652BFD,Drop: Artist Series: Johannes Voss - Non-Foil Edition — Nonfoil Edition,SECRET_LAIR,31,2024-02-08,2026-07-23,c2a32e3865c21b7c2c2abe8b800f2ea2b0eeb281826b2db93d963a0ec8231075
MTG:SECRET_LAIR:SL-6DA9DA55C5623B,Drop: Secret Lair x Marvel's Deadpool: I Fixed It (You're Welcome) - Traditional Foil Edition — Foil Edition,SECRET_LAIR,3,2026-05-01,2026-07-01,14d6d15ac56460ef0bf3db4d4dc76129446d9d506e015c8680dab616042e541d
MTG:SECRET_LAIR:SL-6DFA783F3B9A37,Drop: Diabolical Dioramas - Rainbow Foil Edition — Foil Edition,SECRET_LAIR,28,2024-05-01,2026-07-23,bb9f8b86d7a8a5db0008195e5b82feaa6fdc831ff02bd9633755a89d9f027693
MTG:SECRET_LAIR:SL-6E10E7A8BD8C2C,Drop: Secret Lair x Assassin's Creed: Da Vinci's Designs - Rainbow Foil Edition — Foil Edition,SECRET_LAIR,26,2024-07-01,2026-07-23,f42d84473296b300b5fbc651dbb2e9e22337c8d4da51585ab4230b4bc024a7f7
MTG:SECRET_LAIR:SL-6E398CB1F66169,Drop: Two Scoops - Double Vanilla Bundle — Standard Edition,SECRET_LAIR,1,2026-07-24,2026-07-24,faaba61e5e21a33ddbd6e335bed73fa76daf22465d63cc41089e52c29db323ae
MTG:SECRET_LAIR:SL-6E41C5BF4AA13D,x Avatar: The Last Airbender: Everything Changed - Non-Foil Edition — Nonfoil Edition,SECRET_LAIR,9,2025-12-01,2026-07-24,00a3be70f32ef986eedb63d9e52fc30d578954f7c29880743f953739909b2285
MTG:SECRET_LAIR:SL-6E54B9A2BF9CBF,Drop: The Walking Dead - Traditional Foil Edition — Foil Edition,SECRET_LAIR,31,2024-02-08,2026-07-24,79cd0439ee43fc214203281185ad17c463dc4ea92c5f896ae6b4403973f76dcf
MTG:SECRET_LAIR:SL-6EB03A8FE440C8,Drop: Summer Superdrop 2024: Showstopper Bundle - Foil Edition — Foil Edition,SECRET_LAIR,26,2024-07-01,2026-07-24,1e77b77277922a64beb5f600016b9e199c72f6bae22258c6f3bf4b80a444413e
MTG:SECRET_LAIR:SL-6EC27A54060DFF,Drop: Secret Lair x Fallout: Rad - Traditional Foil Edition — Foil Edition,SECRET_LAIR,7,2026-02-01,2026-07-23,72aadfc35bc4c6d55ef059a9891f6ebe3b0546cf40c854a81b9b65140ab2f317
MTG:SECRET_LAIR:SL-6F5DC80C66F4E7,Drop: Showcase: Kaldheim - Part 2 - Non-Foil Edition — Nonfoil Edition,SECRET_LAIR,31,2024-02-08,2026-07-23,41625c764e041011dfd4aa1cde69b55bd669ac5df78d6f3bf565da58c2014710
MTG:SECRET_LAIR:SL-6F9B1732BC4226,Drop: KEXP: You Are Not Alone - Non-Foil Edition — Nonfoil Edition,SECRET_LAIR,15,2025-06-01,2026-07-23,153fd3f48f47cd8c462698b0b83686ca0cf4ca04b538f23aa2dbb3e4f24f4bd1
MTG:SECRET_LAIR:SL-701AF6693C838C,Festival in a Box Bundle — Standard Edition,SECRET_LAIR,1,2026-07-24,2026-07-24,7620af24817280cce013355d2a7490e7090553c68bff1365bb574af11a6483ad
MTG:SECRET_LAIR:SL-70307120926003,Drop: Artist Series: Wayne Reynolds - Traditional Foil Edition — Foil Edition,SECRET_LAIR,31,2024-02-08,2026-07-23,fcb5fb516ff4c6be4275c0608dae3b49557eba0ab18121d25d193a766e2285fb
MTG:SECRET_LAIR:SL-711EEDF03C34FB,Drop: Secret Lair x Dungeons & Dragons: Honor Among Thieves - Non-Foil Edition — Nonfoil Edition,SECRET_LAIR,31,2024-02-08,2026-07-23,501d1a59b53ace08b52135e731a164aa76a57dce06942336b1b3e315c03e4cec
MTG:SECRET_LAIR:SL-7184A0B63B1E9E,Drop: Cats Are Better Than Dogs - Non-Foil Edition — Nonfoil Edition,SECRET_LAIR,17,2025-04-01,2026-07-23,96024ff6151bc0f82947f7487a5689b5def53426d6ec098a0a6f858a4f8a08eb
MTG:SECRET_LAIR:SL-72472EFE8746C4,Drop: Extra Life 2020 - Traditional Foil Edition — Foil Edition,SECRET_LAIR,31,2024-02-08,2026-07-23,887e18a1def5a544cd30f0a384ac9d90c95746fa278bd3be59675d553ff60e08
MTG:SECRET_LAIR:SL-729124208E824A,Drop: The Ultimate Pencil - Almost Everything Bundle — Standard Edition,SECRET_LAIR,1,2026-07-24,2026-07-24,1650fc4e73dedfc09ed37d96465467ba8048cb0d42a2b3e12ec56dde03fef8a1
MTG:SECRET_LAIR:SL-72B79910F6BD16,Drop: Summer Superdrop 2025 - The Summer Superdrop Bundle (Non-Foil Edition) — Nonfoil Edition,SECRET_LAIR,12,2025-07-01,2026-07-01,32f0b9056b94d2fcdb63be5d1177408ea7056f998fe03514a03e985677bfa499
MTG:SECRET_LAIR:SL-72C3D4333AE81B,Astrology Lands (Taurus) Bundle - Non-Foil Edition — Nonfoil Edition,SECRET_LAIR,1,2026-07-23,2026-07-23,e4e724aeaf3687f44341e36665259e3a45c0f11044708b518b3c15be6b62b210
MTG:SECRET_LAIR:SL-72C515905E7352,Drop: Secret Lair x Marvel's Black Panther - Rainbow Foil Edition — Foil Edition,SECRET_LAIR,21,2024-12-01,2026-07-23,6b7d088ada1a7085f99d9cc0a944026e3cee8293329d38e34f8e8fddc1a0e2aa
MTG:SECRET_LAIR:SL-7321B93310E560,x Avatar: The Last Airbender: One with the Elements - Non-Foil Edition — Nonfoil Edition,SECRET_LAIR,9,2025-12-01,2026-07-24,564bebdaa507d3abed5fe8cdb229f3f4eebc80922ff28ec1a68bcafa2e51e453
MTG:SECRET_LAIR:SL-732A9E59B24774,Drop: Valentine's Day 2021 - Replacement Heliod Pack - Traditional Foil Edition — Foil Edition,SECRET_LAIR,31,2024-02-08,2026-07-24,e82d6c38610f19ccaf94fba77779987ea9c471bad18f30f9c8b43eaaba841b49
MTG:SECRET_LAIR:SL-73CD6FD155407F,Drop: Secretversary Superdrop - Foils Forever Bundle — Foil Edition,SECRET_LAIR,1,2026-07-23,2026-07-23,f635da22cd51bea800483bd8858a1a2641326cc9d0308abfac99f8fa6eb7b1c0
MTG:SECRET_LAIR:SL-73D3B01E989878,Astrology Lands (Aries) Bundle - Traditional Foil Edition — Foil Edition,SECRET_LAIR,1,2026-07-23,2026-07-23,74095228c13f71b150924933e43490759088cc1bbcb41a436ad9824f8186b281
MTG:SECRET_LAIR:SL-73D93121EB1CDB,Drop: Secret Lair x Ghostbusters: The Real Ghostbusters - Non-Foil Edition — Nonfoil Edition,SECRET_LAIR,22,2024-11-01,2026-07-23,3a06c63e5abee87bd26738ff4d29618b6448d2e7b46b64633ccba61ae5a3f2d3
MTG:SECRET_LAIR:SL-74035B29B5EAA4,Drop: Artist Series: Thomas Baxa - Non-Foil Edition — Nonfoil Edition,SECRET_LAIR,31,2024-02-08,2026-07-23,a7b075764864af8240c201509f8f3c8633331fab953c377460ee5e817807bd42
MTG:SECRET_LAIR:SL-74104655C7BE3C,Drop: Dan Frazier is Back: The Enemy Signets - Non-Foil Edition — Nonfoil Edition,SECRET_LAIR,31,2024-02-08,2026-07-23,5cf855a1a5a4263ff561e662eb15c959ff3e58ec1476a8381c5a9db9af30b27e
MTG:SECRET_LAIR:SL-7417373ADFE528,x Warhammer Bundle — Standard Edition,SECRET_LAIR,1,2026-07-24,2026-07-24,bac385af948fbe73bcd4638d3220c196aded64c8bab7280efc87d696d19645cd
MTG:SECRET_LAIR:SL-747C45FB80DFBE,x Iron Maiden: Eddie Unchained - Rainbow Foil Edition — Foil Edition,SECRET_LAIR,10,2025-11-01,2026-07-24,1cc5f72e7290ac2764cf2e6fa747656702987f001aafc3e1cacc41bb86a10dc0
MTG:SECRET_LAIR:SL-750655931E6F97,Drop: Secret Lair x Dungeons & Dragons: Honor Among Thieves - Traditional Foil Edition — Foil Edition,SECRET_LAIR,31,2024-02-08,2026-07-23,cbf168a01eff066a0a45d1e894e1412cb3c16cfdc67e5d6e79c9192084f7b049
MTG:SECRET_LAIR:SL-75579AD5DE6CB9,Drop: Astrology Lands (Gemini) - Non-Foil Edition — Nonfoil Edition,SECRET_LAIR,22,2024-03-01,2026-07-23,af5376c03019b3ce62656ca18b352a0cd00913fceedf773d574eb89d82806952
MTG:SECRET_LAIR:SL-75A147DF7061C1,Drop: Rule the Room - Non-Foil Edition — Nonfoil Edition,SECRET_LAIR,31,2024-02-08,2026-07-23,68e2e7a8a5c84f22df5441d2caf8230f40c23b6099f5cc93d98a32486207f4cf
MTG:SECRET_LAIR:SL-75C9DE65D2674C,"Drop: Keep Partying Hard, Shred Harder Than You Previously Thought Possible - Traditional Foil Edition — Foil Edition",SECRET_LAIR,31,2024-02-08,2026-07-23,35a747d65fc506230fa33c988153b24ffec28ec60abda0e61bfe7c7ea4294f37
MTG:SECRET_LAIR:SL-75D2EFF8DB9AA4,Drop: The Ultimate Pencil - Rainbow Foil Bundle — Foil Edition,SECRET_LAIR,10,2025-10-01,2026-07-24,7e01cdae90bd522a4457b19968db5c60bc875aaeb99cb36d1f82671a92bd1013
MTG:SECRET_LAIR:SL-75EB6270819FE3,Drop: Finally! Left-Handed Magic Cards - Non-Foil Edition — Nonfoil Edition,SECRET_LAIR,31,2024-02-08,2026-07-23,debdd8314653b3507ecfc14a1f4f21e2c71c3e5d5c043ade9493e58ee6cd102b
MTG:SECRET_LAIR:SL-761D477012E693,Drop: Cats of Chaos - Non-Foil Edition — Nonfoil Edition,SECRET_LAIR,2,2026-07-01,2026-07-23,f6c86e4bd8fce6de664bab3120354b4f4479b93223a36a558e376d5e3cb9a964
MTG:SECRET_LAIR:SL-769EDCF494E5DB,Drop: Astrology Lands (Gemini) - Traditional Foil Edition — Foil Edition,SECRET_LAIR,31,2024-02-08,2026-07-23,5a6a57ce44b5dbcca3ff1c0a52b491e09443996c10540ff69011665cf9cdd40c
MTG:SECRET_LAIR:SL-76D63CDFA651CA,Drop: Secretversary Superdrop 2023: Holiday Gift Bag Bundle - Foil Edition — Foil Edition,SECRET_LAIR,2,2024-02-08,2026-07-23,30ac14c9f89b00f4878e9bb2aece0e154a50552eaedf77ddee9d821db7a6ff2c
MTG:SECRET_LAIR:SL-76D8B5BE432384,Drop: Burn ‘Em All Bundle - Non-Foil Edition — Nonfoil Edition,SECRET_LAIR,9,2025-10-01,2026-07-01,2b5afb2ce978c6eefcd4c448a0790451f9aede6fcf62a6bc251975ca6cb4f803
MTG:SECRET_LAIR:SL-76EE3574620B68,Drop: Inside an Elevator Superdrop: Brain Dead Bundle - Non-Foil Edition — Nonfoil Edition,SECRET_LAIR,22,2024-09-01,2026-07-23,299813658bb61ace78b5b4eb41ea7aee474230a423787e92069a63e92e1d14b3
MTG:SECRET_LAIR:SL-7704D13F4E7F46,Commander Deck: 20 Ways to Win — Standard Edition,SECRET_LAIR,1,2026-07-23,2026-07-23,e5b5684baa68c7e119505cf13c31e935e7e5db8bf7931f549d2c6dc1e2bff19b
MTG:SECRET_LAIR:SL-7716CAD08A2C84,x NALAC Drop: Nuestra Magia — Nonfoil Edition,SECRET_LAIR,1,2026-07-24,2026-07-24,3fe28e956b1ff36d98db5470a770d74aa8c4f317fbedcb613275e3692b40a6c5
MTG:SECRET_LAIR:SL-771BBE0ADFF762,Drop: Camp Totally Safe Superdrop: Night Swim Bundle - Non-Foil Edition — Nonfoil Edition,SECRET_LAIR,20,2024-11-01,2026-07-01,0ca40013a0cd9d09067791a2bc1991aed0557b700ec7aef280552af742267848
MTG:SECRET_LAIR:SL-774E94D5987351,Drop: Trick or Treat - Non-Foil Edition — Nonfoil Edition,SECRET_LAIR,10,2025-11-01,2026-07-24,bde64c6326a0b6648d17e63a531f2ac64b4155cdcb1afbd77e6cb0f4e2d509cf
MTG:SECRET_LAIR:SL-77B45F83FF98D9,Drop: The Eyes Have It - Non-Foil Edition — Nonfoil Edition,SECRET_LAIR,2,2026-07-01,2026-07-24,319202f0ab95fbe06119bec4c0d7e7e268c13c1a169af522f44df1344881e82f
MTG:SECRET_LAIR:SL-789447B652E3B8,Drop: More Adventures in Middle-earth - Traditional Foil Edition — Foil Edition,SECRET_LAIR,31,2024-02-08,2026-07-23,2ad24dac721a19d62fde8bd4926b309f3197a3d6c809c817706b36b022656918
MTG:SECRET_LAIR:SL-78C40B1B9F39C2,Drop: Two Scoops - The Vanilla Sampler Bundle — Standard Edition,SECRET_LAIR,1,2026-07-24,2026-07-24,faaba61e5e21a33ddbd6e335bed73fa76daf22465d63cc41089e52c29db323ae
MTG:SECRET_LAIR:SL-7993B0A0677511,Drop: Featuring: Jay Howell - Non-Foil Edition — Nonfoil Edition,SECRET_LAIR,15,2025-06-01,2026-07-23,e561ed24c82fda7774b7309dc1044217b9a2e27813d32017e49acc7cdad4d641
MTG:SECRET_LAIR:SL-7A106AED6BFADC,Drop: Artist Series: Victor Adame Minguez - Non-Foil Edition — Nonfoil Edition,SECRET_LAIR,31,2024-02-08,2026-07-23,7ff4dafbbac89300ec7f3d6ebe7d8314101dbe2c42c62ce0b53928029b98b954
MTG:SECRET_LAIR:SL-7A15A1811F841D,"Drop: Summer Superdrop - Mountain, Go - Traditional Foil Edition — Foil Edition",SECRET_LAIR,31,2024-02-08,2026-07-24,6ce238f1094db05c4a9a1f6532a0cf70b558355d1a3a10cfd15cf7e5e56b7246
MTG:SECRET_LAIR:SL-7A1A1484F233C2,x Fallout: Rad Superdrop: The Atomic-Grade Foil Bundle — Foil Edition,SECRET_LAIR,7,2026-02-01,2026-07-24,104ad706e7835498ac6c0e131461152dc6ff1dd0d8a74d286bda451be7cdd8e6
MTG:SECRET_LAIR:SL-7AB8CB8D6BF8A6,x Uncharted - Non-Foil Edition — Nonfoil Edition,SECRET_LAIR,10,2025-11-01,2026-07-24,c06044ed2c77ecab5a317d252545244ed7684123eb10cf64eddf8ba69b87bde6
MTG:SECRET_LAIR:SL-7AFCC7EB7F6678,Drop: Summer Superdrop 2025 - Artist Series: Phil Foglio (Rainbow Foil Edition) — Foil Edition,SECRET_LAIR,13,2025-07-01,2026-07-01,14514140ebf28f3b3f119d381ebd07e644ad169a778437952f803b18ae6b5658
MTG:SECRET_LAIR:SL-7B02CD15018C5D,Drop: Artist Series: Nils Hamm - Traditional Foil Edition — Foil Edition,SECRET_LAIR,31,2024-02-08,2026-07-23,61852306dd0872cf149d9caad0ef30cccff1854b5a4b2101cc5656661d605155
MTG:SECRET_LAIR:SL-7B17A9D6C16703,Drop: Secret Lair x Jurassic World: Dr. Ian Malcolm - Rainbow Foil Edition — Foil Edition,SECRET_LAIR,31,2024-02-08,2026-07-23,7b7c9be6ef85af59de7f5ffdff0fecb67dd3d09b72f1ac6407d8301c70b95285
MTG:SECRET_LAIR:SL-7B48FB549C4A3E,Drop: The Space Beyond the Stars - Non-Foil Edition — Nonfoil Edition,SECRET_LAIR,31,2024-02-08,2026-07-24,75838e5780cb4652e9d33af9799339c246efc4d6a2452a1f0451b2bd6b15c267
MTG:SECRET_LAIR:SL-7B6BF7476036E4,Drop: Magic: The Baseballing - Traditional Foil Edition — Foil Edition,SECRET_LAIR,31,2024-02-08,2026-07-23,cc1d38036ec0cc6c7e11953e3d4ed9b733b37609c62c33255b9693d3948c5263
MTG:SECRET_LAIR:SL-7C2B424B1C7969,Drop: Featuring: Kevin Eastman (Colors) - Traditional Foil Edition — Foil Edition,SECRET_LAIR,5,2026-04-01,2026-07-23,3fe52ec700a3167c1e26c101ec74189b4f5c9e4c0f3f879081a7389041674a50
MTG:SECRET_LAIR:SL-7C656D70CEC8AA,x Sonic the Hedgehog Superdrop: Chasing Adventure (Rainbow Foil) — Foil Edition,SECRET_LAIR,12,2025-08-01,2026-07-01,2bae4e4bf736441740e369ac2bf861a7a948542a881f675c933972d702cccb13
MTG:SECRET_LAIR:SL-7CCCC779832E62,x Avatar: The Last Airbender: Everything Changed - Rainbow Foil Edition — Foil Edition,SECRET_LAIR,9,2025-12-01,2026-07-24,1b22832d95000d36ce8c68cbf29a03b6f9c96088d301cb540413a4bc5d63bb0f
MTG:SECRET_LAIR:SL-7CCD4E3550ADDB,Drop: Secretversary Superdrop - Happy Little Gathering Foil Edition - Traditional Foil Edition — Foil Edition,SECRET_LAIR,31,2024-02-08,2026-07-23,d8b4316a6ba1680d0896206f2482bf56d487e3695e7e3064a9584bd775f2bc64
MTG:SECRET_LAIR:SL-7CD7CFCF523E56,Drop: Dan Frazier Is Back Again: The Enemy Talismans - Non-Foil Edition — Nonfoil Edition,SECRET_LAIR,31,2024-02-08,2026-07-23,ee0dba1d9217a07ba551d58c2e3c2669633a3f3b9f930af30e9710bbab8762d4
MTG:SECRET_LAIR:SL-7D6A0F10ADD5A6,Drop: Second Secretversary Bundle - Non-Foil Edition — Nonfoil Edition,SECRET_LAIR,5,2024-08-01,2026-07-23,2e531e96e8052bbccccebc4e3bb00b703e51460c2fc7ad7bdd5ee85efde6044c
MTG:SECRET_LAIR:SL-7DE930AD4A4B8C,Drop: February Superdrop - Pictures of the Floating World - Traditional Foil Edition — Foil Edition,SECRET_LAIR,31,2024-02-08,2026-07-23,77725a48f2a0c757aeb0954860c188fbe21223c4a031d3fa818edcd7d7185c70
MTG:SECRET_LAIR:SL-7E347F44185EA2,Drop: Our Boss is on Vacation Superdrop: Biggest. Bundle. Ever. Bundle — Standard Edition,SECRET_LAIR,1,2026-07-23,2026-07-23,57299764a02710800465db856e4edb0f80b524a65f94c5b160dbd96a7b6298b8
MTG:SECRET_LAIR:SL-7E61275FD5CC85,Drop: Outlaw Anthology Vol. 2: Sinister Scoundrels - Non-Foil Edition — Nonfoil Edition,SECRET_LAIR,27,2024-06-01,2026-07-23,399916111823791bcb3f7da2daa45a8d6945b440e714eabd131ce239f5c23ae9
MTG:SECRET_LAIR:SL-7E75AB2D5E48E1,Drop: Secret Scare Superdrop: The Ay-loh Tee-wee-lah Confetti Foil Bundle — Foil Edition,SECRET_LAIR,9,2025-11-01,2026-07-01,0ca12c85084a14b5e9c79aebd991c27a47adce787b5afb6730a47fd554cc38aa
MTG:SECRET_LAIR:SL-7E80920E7FFF0A,Drop: Astrology Lands (Capricorn) - Traditional Foil Edition — Foil Edition,SECRET_LAIR,31,2024-02-08,2026-07-23,3fb003b8a0f58c70eb6992fbcb258646ee45c7a54f81a20dd71cf1a17c9761ea
MTG:SECRET_LAIR:SL-7EA408BA13BB00,Drop: LOOK AT THE KITTIES - Traditional Foil Edition — Foil Edition,SECRET_LAIR,31,2024-02-08,2026-07-23,87c39259a524458ed60a8e4c777830a53d5ae63412aadbd182a65493ff1010e4
MTG:SECRET_LAIR:SL-7EAFE139BC0BCD,Drop: Ssssssnakessssss - Traditional Foil Edition — Foil Edition,SECRET_LAIR,31,2024-02-08,2026-07-24,9b7999209e19d951e3c49ccd80886058e41184aadb0765b2be5448a482b90eff
MTG:SECRET_LAIR:SL-7ECED24F562902,Drop: Showcase: Midnight Hunt - Non-Foil Edition — Nonfoil Edition,SECRET_LAIR,31,2024-02-08,2026-07-23,79ac77ce34644c3669ba5ed3ee478b5b1816de118e32292581e2244fd19403c9
MTG:SECRET_LAIR:SL-7F55A4E4C3D3D0,Drop: Secret Lair x Fortnite: Landmarks and Locations - Traditional Foil Edition — Foil Edition,SECRET_LAIR,31,2024-02-08,2026-07-23,081ea0a143d142242175bbf4c709eee4c705b4cbc8f5a5b8ec1a3fa98a606608
MTG:SECRET_LAIR:SL-7F86F1BD66EEEB,Drop: Post Malone Bundle — Standard Edition,SECRET_LAIR,1,2026-07-23,2026-07-23,d7872d28010d6fb69e771fc2f1aac70a88517a9f8021411ca74a25f721081a34
MTG:SECRET_LAIR:SL-7FD38092671142,Drop: City Styles - Non-Foil Edition — Nonfoil Edition,SECRET_LAIR,30,2024-02-08,2026-07-23,cc7e244180133739b762cda78fcce8451d1b810dcf589e49b99287deaf9c5f2f
MTG:SECRET_LAIR:SL-7FF5D4693BDBF9,Drop: Secret Lair x Creepshow - Non-Foil Edition — Nonfoil Edition,SECRET_LAIR,31,2024-02-08,2026-07-23,1e7f1f1b722de700217d3f588a4cc430bab2720f09a8a4650db49af4301c6207
MTG:SECRET_LAIR:SL-800F3A66865530,Drop: Li'l Giri Saves the Day - Traditional Foil Edition — Foil Edition,SECRET_LAIR,31,2024-02-08,2026-07-23,86737e2a35692d12eb87cf6ed5328fa481f6c81b8c2a32143882a05a46564983
MTG:SECRET_LAIR:SL-81870DDCED77D3,Drop: December Superdrop Foil Bundle — Foil Edition,SECRET_LAIR,15,2024-02-08,2025-04-01,a6f9b7cf5fa62c4af5a6c5445f0515c130ec2762c6280f570ec737762a67940f
MTG:SECRET_LAIR:SL-81FFD366420F3A,Drop: Secret Lair x Dwarf Fortress: Create New World - Traditional Foil Edition — Foil Edition,SECRET_LAIR,2,2026-07-01,2026-07-23,2aa9ce0f034c053ccf622c4d5abb2464384f5311e1947ee4d8c8cbf318c9d1d9
MTG:SECRET_LAIR:SL-823B9F2127A229,Drop: Artist Series: Jesper Ejsing - Rainbow Foil Edition — Foil Edition,SECRET_LAIR,18,2025-03-01,2026-07-23,e66e1046b4e0c9c6d3e90d482a4d3890b5ca77f6edd8441f3212ad415a37bda9
MTG:SECRET_LAIR:SL-832BF55C6E27A1,Drop: Showcase: Read The Fine Print - Non-Foil Edition — Nonfoil Edition,SECRET_LAIR,31,2024-02-08,2026-07-23,da7929d054714dc54130441781c3d0927aab9b9176b7df1ea843703b21a2fec3
MTG:SECRET_LAIR:SL-835C4CD141949B,Drop: Showcase: Thrilling Tales of the Undead - Traditional Foil Edition — Foil Edition,SECRET_LAIR,31,2024-02-08,2026-07-23,ab1d6caf80a76e4e3b6b0001c899a2e07468f8a42c844034bc15fc487d70634d
MTG:SECRET_LAIR:SL-8396530F9CA30C,Drop: Summer Superdrop 2025 - The Complete FINAL FANTASY Bundle — Standard Edition,SECRET_LAIR,1,2026-07-24,2026-07-24,0da08e9560f65ab9a541a1f42dff0c1374547c743b1e10b06b11c581ff07577e
MTG:SECRET_LAIR:SL-839B89840B6DBF,Drop: The Stars Gaze Back - Traditional Foil Edition — Foil Edition,SECRET_LAIR,31,2024-02-08,2026-07-24,c2c87f7940dd5e545ffde547c91fc8fa75f5ec638e82b512dc0738a437949904
MTG:SECRET_LAIR:SL-83DFC7BCCB8A6D,Drop: Showcase: Duskmourn - Non-Foil Edition — Nonfoil Edition,SECRET_LAIR,22,2024-11-01,2026-07-23,74e69546472fcf0404ef384fc4d6318398f2143e98d1e0a6796a10c8840e5163
MTG:SECRET_LAIR:SL-83E8E9E9BDAB7C,Drop: Featuring: the Mountain Goats - Non-Foil Edition — Nonfoil Edition,SECRET_LAIR,31,2024-02-08,2026-07-23,c1ee9b5fbc288c85c4e18ba7e510bfd269a2040ea016df5601ffcec156550b2d
MTG:SECRET_LAIR:SL-85D9B6A0A7C714,x Furby: The Gathering - Rainbow Foil Edition — Foil Edition,SECRET_LAIR,10,2025-11-01,2026-07-24,6594ba532fef313797c8b804072b8d690c902a7397c53e341fc2f38b1782aa98
MTG:SECRET_LAIR:SL-86693ED2B58D32,Drop: Astrology Lands (Leo) - Traditional Foil Edition — Foil Edition,SECRET_LAIR,31,2024-02-08,2026-07-23,116006d9327f786fc8ea40d65e6258bc1ead12ab236c06db91561c211a39d0ff
MTG:SECRET_LAIR:SL-866F1B1463479D,Drop: Seeing Visions - Traditional Foil Version — Foil Edition,SECRET_LAIR,31,2024-02-08,2026-07-23,2a63fcd8ff738266265dbb911641340c3dd2edf8247c627e9f1f229e3c326878
MTG:SECRET_LAIR:SL-8679F958F70268,Superdrop: Culture Shocks: Grixis - Non-Foil Edition — Nonfoil Edition,SECRET_LAIR,31,2024-02-08,2026-07-24,e47717fe89f9f6da9c0374183162e77246ddd53219cdc0879925a5ad6b69ee1f
MTG:SECRET_LAIR:SL-86A2BCC3D47BF2,Drop: Secret Lair x The Princess Bride - Non-Foil Edition — Nonfoil Edition,SECRET_LAIR,31,2024-02-08,2026-07-23,0e6bd272b541f5cb92f78433ce4fdc08d534e2ef58b74db59a3100ef8f85129d
MTG:SECRET_LAIR:SL-86AA5CC0673EF5,Drop: Artist Series: Magali Villeneuve - Traditional Foil Edition — Foil Edition,SECRET_LAIR,31,2024-02-08,2026-07-23,44dc109646a48f670fc874df63c58818da822b66ffb4f6aa73c335254c16dc65
MTG:SECRET_LAIR:SL-86C6A385452411,Drop: Our Boss is on Vacation Superdrop: Spongebob Squarepants: Lands Under the Sea - Non-Foil Edition — Nonfoil Edition,SECRET_LAIR,17,2025-04-01,2026-07-23,335077cd4821eebe67c7a5719e133e28aaff0f969848f56de2747133e3a5b23e
MTG:SECRET_LAIR:SL-86F0753AA66E4B,Drop: April Superdrop - The Bundle Bundle — Standard Edition,SECRET_LAIR,1,2026-07-23,2026-07-23,45bdb9882100b068c1c74bc5f81b408a24648591664d925319083c26bcb95de7
MTG:SECRET_LAIR:SL-87225328ADBE06,Drop: Our Boss is on Vacation Superdrop: Twisted Toons - Non-Foil Edition — Nonfoil Edition,SECRET_LAIR,17,2025-04-01,2026-07-23,994c8bcd02c6d2a004ec53e37097f1589d4eddbf390eb260b7ff5386d105e12e
MTG:SECRET_LAIR:SL-873865C256386B,Drop: Extra Life 2022 - Traditional Foil Edition — Foil Edition,SECRET_LAIR,31,2024-02-08,2026-07-23,36974d0c0b6fd76adff30b7a7c511dd83f9d999a9568c0e79644a3643d9273ab
MTG:SECRET_LAIR:SL-8741607914304D,Drop: Special Guest: Junji Ito (English) - Foil Etched Edition — Foil Edition,SECRET_LAIR,31,2024-02-08,2026-07-24,cf64d7eb7df78d44cb1ff66f813a4afe6076aab90dd85f769cc1a7c0f5ff83f3
MTG:SECRET_LAIR:SL-876ECC963B1678,Superdrop: The World's Non-foil-est Bundle — Nonfoil Edition,SECRET_LAIR,1,2026-07-24,2026-07-24,bac385af948fbe73bcd4638d3220c196aded64c8bab7280efc87d696d19645cd
MTG:SECRET_LAIR:SL-87961062B3471E,Back to School Superdrop: Ready For Rollcall Non-Foil Bundle — Nonfoil Edition,SECRET_LAIR,1,2026-07-01,2026-07-01,c1c0bd2195abf3d96f801fdb06af3aa9f3d075326795bb7e8332a8f1a28e475c
MTG:SECRET_LAIR:SL-879DE87D93AF4D,x FINAL FANTASY: Game Over - Non-Foil Edition — Nonfoil Edition,SECRET_LAIR,14,2025-07-01,2026-07-24,389c586e656e0f7d9a49174ff4828e95f4e58395001758b4150f12e176bb5367
MTG:SECRET_LAIR:SL-87A9F998D7BC8B,Superdrop: Culture Shocks: Jund - Non-Foil Edition — Nonfoil Edition,SECRET_LAIR,31,2024-02-08,2026-07-24,381cf2446bea4da08794128291892e3ea8e42a514d4e1dfc467e23fd6dd4028a
MTG:SECRET_LAIR:SL-88061F345B7215,Astrology Lands (Pisces) - Traditional Foil Edition — Foil Edition,SECRET_LAIR,31,2024-02-08,2026-07-23,9c233a851f614d1ef4d3c43023a699241a2da70df3dd54e88eb5a06d4ca3c1f9
MTG:SECRET_LAIR:SL-8809E95120F445,Drop: Happy Yargle Day! - Non-Foil Edition — Nonfoil Edition,SECRET_LAIR,31,2024-02-08,2026-07-23,37f68d9319b5b50ffb4e1856f8120ce87dfeb0c50208ff2518e673830170cfa3
MTG:SECRET_LAIR:SL-88141E031F2873,x Fallout: Rad Superdrop: The Built To Last Everything Bundle — Standard Edition,SECRET_LAIR,1,2026-07-24,2026-07-24,73ead12789ec23b9fc4144c32e25f0d6d178af3220d5c5db6fe4949760f33358
MTG:SECRET_LAIR:SL-88858FD4A6CAF7,Drop: Theros Stargazing Bundle: Vol. I-V - Traditional Foil Edition — Foil Edition,SECRET_LAIR,31,2024-02-08,2026-07-24,fff572328ac04a1eca1be6237dcff978d6e9852b5dde94501b9a15fd4bc82159
MTG:SECRET_LAIR:SL-888F2E0C4FB9B0,Drop: February Superdrop - Shades Not Included - Non-Foil Edition — Nonfoil Edition,SECRET_LAIR,31,2024-02-08,2026-07-23,d7bc8d2f5447ebbf3953034e1fa65e46016648686fe626f0497ba476d2c0075f
MTG:SECRET_LAIR:SL-88ECC52C2FD66F,Drop: Kaleidoscope Killers - Traditional Foil Edition — Foil Edition,SECRET_LAIR,31,2024-02-08,2026-07-23,2b9c6894281caec3150476df4d98f5ad6857a44ae84e1eff1451fa7948a55082
MTG:SECRET_LAIR:SL-89002E8BB22ACE,Drop: Secret Lair x Marvel's Spider-Man: Venom Unleashed (Colors) - Rainbow Foil Edition — Foil Edition,SECRET_LAIR,11,2025-10-01,2026-07-23,bc15bd57fce1fc2c21c394948c6e59556eb853afb26a7ea3741951eb4aff5457
MTG:SECRET_LAIR:SL-892D977231D36E,Drop: Summer Superdrop - Can You Feel with a Heart of Steel? - Traditional Foil Edition — Foil Edition,SECRET_LAIR,31,2024-02-08,2026-07-24,709722b4b922f75187aa8fed741d555a7d8c0cd0dc0f6c50b7817945ebb61f5c
MTG:SECRET_LAIR:SL-896468C2158E5D,Drop: The Strange Sands: Plains - Rainbow Foil Edition — Foil Edition,SECRET_LAIR,19,2025-02-01,2026-07-24,e5671a06f86fcd4fd51f2296e2d6579ac921dd44f1f2fae2f2f28a6c9fa0dce6
MTG:SECRET_LAIR:SL-89D18240A7624C,Drop: Secret Lair x Arcane: Lands - Non-Foil Edition — Nonfoil Edition,SECRET_LAIR,31,2024-02-08,2026-07-23,b151045b84f13a14efeafc1f83e50dcb5f4212f9fcb229537277f2e8f525fa8f
MTG:SECRET_LAIR:SL-89EE2906EE10D0,Drop: More Borderless Planeswalkers (WPN Exclusive) - Traditional Foil Edition — Foil Edition,SECRET_LAIR,30,2024-02-08,2026-07-01,d9176c8c0206b8e60cae6fb460dbb24bdce8a824d6a2d5670ab30995ddb1348d
MTG:SECRET_LAIR:SL-8A15902ECB78B5,x Iron Maiden: Eddie Unchained - Non-Foil Edition — Nonfoil Edition,SECRET_LAIR,10,2025-11-01,2026-07-24,bb900b236590dba1f23555e81f2c00005cf9387a30782a41e0ef84badac810de
MTG:SECRET_LAIR:SL-8AAEC38BEC5FBD,Drop: Artist Series: Alayna Danner - Traditional Foil Edition — Foil Edition,SECRET_LAIR,31,2024-02-08,2026-07-23,14bf76f4a0ac097bee11afac3f85705705a031cc127c9fddd38ee7d5be8144a2
MTG:SECRET_LAIR:SL-8AF1D3A4344B55,x Furby: The Oddbodies - Non-Foil Edition — Nonfoil Edition,SECRET_LAIR,10,2025-11-01,2026-07-24,80473011c7312ec3461f6a3fefa59dd335960d628f37579e037d9d5845ff3904
MTG:SECRET_LAIR:SL-8B33672F7EA3BC,Drop: Summer Superdrop 2025 - The English FINAL FANTASY Bundle — Standard Edition,SECRET_LAIR,1,2026-07-24,2026-07-24,0da08e9560f65ab9a541a1f42dff0c1374547c743b1e10b06b11c581ff07577e
MTG:SECRET_LAIR:SL-8B470F1D9379AF,Drop: Featuring: Andrew Maclean - Rainbow Foil Edition — Foil Edition,SECRET_LAIR,25,2024-08-01,2026-07-23,85544ebb7073421e0af3f4ca93e33399c175bf5453074023c1dbc3e4d1a2b804
MTG:SECRET_LAIR:SL-8BC0DEE34E59D2,Drop: Featuring: Kevin Eastman (Inks) - Traditional Foil Edition — Foil Edition,SECRET_LAIR,5,2026-04-01,2026-07-23,474a6a7e744257909546d381caaa9b6529e60ab85d6d77385bc940decfceec10
MTG:SECRET_LAIR:SL-8D1031212D3210,Drop: Secret Lair x The Evil Dead - Traditional Foil Edition — Foil Edition,SECRET_LAIR,31,2024-02-08,2026-07-23,8548d1fd895bb50b6005db07e1f821f243e0f49882e75ed257494c589391f7ee
MTG:SECRET_LAIR:SL-8D82D482708660,Drop: Spring Superdrop 2024: Spring Into Action Bundle - Non-Foil Edition — Nonfoil Edition,SECRET_LAIR,19,2024-07-01,2026-07-24,2531f1ef26b9dae582694068bc35b7473a122eb92dc41887eed4c87b52b5ccc0
MTG:SECRET_LAIR:SL-8DF7AA99C9F2C9,Astrology Lands (Aries) Bundle - Non-Foil Edition — Nonfoil Edition,SECRET_LAIR,1,2026-07-23,2026-07-23,10197614b41e7c22c0606b4b70d1ef2d32539e3e2f4db9e37c4cb7592276c9cc
MTG:SECRET_LAIR:SL-8DFBEA2BADBCC4,Drop: Summer Superdrop 2024: The Stage with Everything Bundle — Standard Edition,SECRET_LAIR,1,2026-07-24,2026-07-24,8ea3b9c697303f6560289dc59770f65be8e2f7cbac87ff07bebb90fa21515049
MTG:SECRET_LAIR:SL-8E1886C829359A,Drop: Prismatic Nightmares - Rainbow Foil Edition — Foil Edition,SECRET_LAIR,31,2024-02-08,2026-07-23,c1dfbaad4ca2921bbd7ef2983bbe0395a54544c526231145cb16899e669512ff
MTG:SECRET_LAIR:SL-8E83F173AEC350,x FINAL FANTASY: Gilded Lotus - Rainbow Foil Edition — Foil Edition,SECRET_LAIR,14,2025-07-01,2026-07-24,25fa89467dc4079595ee841719ae896b44dd545e0c585dcf75d79d649708acc8
MTG:SECRET_LAIR:SL-8EBDE365E2A458,Drop: Secretversary Superdrop 2023: Lara Croft's Adventuring Bundle - Non-Foil Edition — Nonfoil Edition,SECRET_LAIR,3,2024-02-08,2024-05-01,ecaabf956eb599d393b06cab57eb1f02443767e6b829c015c3fb2777cf89ed54
MTG:SECRET_LAIR:SL-8F42E22C21A812,Drop: Secret Lair x Arcane - Non-Foil Edition — Nonfoil Edition,SECRET_LAIR,31,2024-02-08,2026-07-23,3a30a2d95a51abf3239bf8292e7848888eb697075bbf1ec1b0ba05189a75bf3f
MTG:SECRET_LAIR:SL-8F5540C2D38BA1,Drop: Showcase: The Lost Caverns of Ixalan - Non-Foil Edition — Nonfoil Edition,SECRET_LAIR,31,2024-02-08,2026-07-23,f78a865d0665fa57ae439f7515f0d30eac4835c5fd8cff391686a85bda591cf6
MTG:SECRET_LAIR:SL-8FC5EC5CE5CF31,Drop: Camp Totally Safe Superdrop: The Cabin with Non-Foils Bundle — Nonfoil Edition,SECRET_LAIR,20,2024-11-01,2026-06-01,e1e882a97e055408a98b5350a3ee553774a9045796df167452324da413c5facd
MTG:SECRET_LAIR:SL-8FED6673D932CA,Drop: Showcase: March of the Machine Vol. 3 - Halo Foil Edition — Foil Edition,SECRET_LAIR,1,2026-07-23,2026-07-23,e5a2a296903112e3671400a156c5f9aa69ce2a61382ce2f59fd9cc705c3faf3e
MTG:SECRET_LAIR:SL-901432F718875C,Drop: Secret Lair x Teenage Mutant Ninja Turtles: The Last Ronin - Traditional Foil Edition — Foil Edition,SECRET_LAIR,5,2026-04-01,2026-07-23,b4138cc0abd9f3c84e75625be4b7c652c9e9310ddb9b75d14fe963108b3473bd
MTG:SECRET_LAIR:SL-9026C39DC2D584,Drop: Equinox Superdrop 2024: Fallout Bundle - Foil Edition — Foil Edition,SECRET_LAIR,28,2024-05-01,2026-07-23,29e1a9e07ec0b4e1cd1907ece2eecc7d06ccf6e10842b304d8843d8fa9f403bd
MTG:SECRET_LAIR:SL-90725EB2DB66FA,Drop: Welcome to Castle Dracula - Traditional Foil Edition — Foil Edition,SECRET_LAIR,31,2024-02-08,2026-07-24,bba3cc7cf45cee792315d45af83eb32841583c3284d98df0eba5f15b936cb097
MTG:SECRET_LAIR:SL-908B8F97F7A4CA,Drop: Cats of Chaos - Traditional Foil Edition — Foil Edition,SECRET_LAIR,2,2026-07-01,2026-07-23,64c89d028a43ab9cb13f91f1ca07f586bc19edad656332c9d167bf956e7d93c5
MTG:SECRET_LAIR:SL-90A9B91CE326E6,Drop: Inked - Rainbow Foil Edition — Foil Edition,SECRET_LAIR,3,2026-06-01,2026-07-23,aec3e9e9692307732363ae26ea81454274d3aac8867989e8c5558625d861ba85
MTG:SECRET_LAIR:SL-9179B083C2914F,Drop: Featuring: Peach Momoko - Non-Foil Edition — Nonfoil Edition,SECRET_LAIR,23,2024-10-01,2026-07-23,e1c24227a64747a5d2211e9062895c0aacc13ce1a79fe737a0ed703117c677a5
MTG:SECRET_LAIR:SL-91B8D55112E9C9,x Avatar: The Last Airbender: A Lot To Learn - Non-Foil Edition — Nonfoil Edition,SECRET_LAIR,9,2025-12-01,2026-07-24,a663d6c2b7fd3200b98ee7836b42c161509b295434866f9c2efaee6dfa4b84e6
MTG:SECRET_LAIR:SL-920AF504850AFD,x Horizon: Into the Forbidden West - Non-Foil Edition — Nonfoil Edition,SECRET_LAIR,10,2025-11-01,2026-07-24,75781d23b77000b710f335f8a89221215a836c5050a04843796c316973cca7a9
MTG:SECRET_LAIR:SL-92D9B3EFB117F4,Drop: The Stars Gaze Back - Non-Foil Edition — Nonfoil Edition,SECRET_LAIR,31,2024-02-08,2026-07-24,f4a0b9042644220a2584da530ff7c4f7e07187908d6df31ebab74a589b6d2c70
MTG:SECRET_LAIR:SL-934530AEA76C05,Drop: Artist Series: Kieran Yanner - Rainbow Foil Edition — Foil Edition,SECRET_LAIR,10,2025-11-01,2026-07-23,e3886c7b14f7c2afa977bd9c2b3191b893d059e77bf523c9a0619b3d70991b9c
MTG:SECRET_LAIR:SL-9354CD516531FE,Drop: Legendary Flyers (Not That Kind) - Traditional Foil Edition — Foil Edition,SECRET_LAIR,31,2024-02-08,2026-07-23,50a3c39886556de6786870e3e4e52707eec3320792a240a30c9a088918ba2921
MTG:SECRET_LAIR:SL-9392A78457BB01,Commander Deck: From Cute to Brute — Standard Edition,SECRET_LAIR,1,2026-07-23,2026-07-23,445a86ae7a8c31ab83b79870d71a16ed6da5471770e661fbd766d7d9e707fd18
MTG:SECRET_LAIR:SL-93933272405D31,Drop: Adventures of the Little Witch - Rainbow Foil Edition — Foil Edition,SECRET_LAIR,16,2025-05-01,2026-07-23,f105640ae0ea161fb0d182d76fecbd6c49d5438416a41ea78737e7e688c44227
MTG:SECRET_LAIR:SL-93F3442047281C,Drop: Meditations on Nature - Non-Foil Edition — Nonfoil Edition,SECRET_LAIR,31,2024-02-08,2026-07-23,5281fc9ff98a17c39ceb092dc1eef2e97353ed076df018ceb3f457afc694925b
MTG:SECRET_LAIR:SL-945C1DB70B69C9,Drop: Secret Lair Drop: Extra Life 2021- Non-Foil Edition — Nonfoil Edition,SECRET_LAIR,31,2024-02-08,2026-07-23,7e4f256da0f835ffb8be7b46290e5e1a5a67ba0bad1c9c121155d597ab1e4e6c
MTG:SECRET_LAIR:SL-946D20169FB178,Drop: Artist Series: Magali Villeneuve - Non-Foil Edition — Nonfoil Edition,SECRET_LAIR,31,2024-02-08,2026-07-23,371a1a09e55c19d47b14923a69c738638dd96bacd2510f30ffe12b84bc28f649
MTG:SECRET_LAIR:SL-94AFDF17C76C12,Drop: Secret Lair x Felix the Cat: Magic Bag of Tricks - Traditional Foil Edition — Foil Edition,SECRET_LAIR,2,2026-07-01,2026-07-23,e9c6fa5cef86bd5cb14bb7ff0c28dcce5dc3e86d749e41c8629d824823c48f4b
MTG:SECRET_LAIR:SL-94D47F07F61A0F,Drop: Featuring: Stan Sakai - Non-Foil Edition — Nonfoil Edition,SECRET_LAIR,5,2026-04-01,2026-07-23,3680fd586dd6dd945eb86632397b20a42460e3c04327e4917849c9df4d1f107a
MTG:SECRET_LAIR:SL-9501FA347D3861,Roadshow Edition: Burning Revelations - Rainbow Foil Edition — Foil Edition,SECRET_LAIR,30,2024-03-01,2026-07-24,6d81eec220c70627b8f285c2ec8d055f05befa5d67634f0356550da3ac741d4a
MTG:SECRET_LAIR:SL-950215B0A2668B,Drop: Secret Lair x Dungeons & Dragons: Death is in the Eyes of the Beholder I - Non-Foil Edition — Nonfoil Edition,SECRET_LAIR,24,2024-09-01,2026-07-23,7a2a2d2e73c0dfa50a819ca95f08638e33c4bb1233d4bd398232f3859bc95671
MTG:SECRET_LAIR:SL-950A1262892ED0,Drop: Secret Lair x The Evil Dead - Non-Foil Edition — Nonfoil Edition,SECRET_LAIR,31,2024-02-08,2026-07-23,664e3ade98756b342e5471d9525b84731281526fa4468e513a48789df9e5bb9b
MTG:SECRET_LAIR:SL-95580EA636B3FF,Drop: Summer Superdrop 2024: Virtuoso Bundle - Foil Edition — Foil Edition,SECRET_LAIR,19,2024-08-01,2026-07-01,c2f1d339c7c9c85098b0e4e339d95d0455c55094b8a6face22b9eb3c97d864dc
MTG:SECRET_LAIR:SL-95C045CE385254,Drop: Artist Series: Mark Poole - Non-Foil Edition — Nonfoil Edition,SECRET_LAIR,31,2024-02-08,2026-07-23,e19cc555a1f4d0aaff15bb8f927d622de1cc537bda250b5031a12fe362341b95
MTG:SECRET_LAIR:SL-95F8B6ADF74AF6,Drop: The Unfathomable Crushing Brutality of Basic Lands - Traditional Foil Edition — Foil Edition,SECRET_LAIR,31,2024-02-08,2026-07-24,342d7da9f2192981657ec5af2365c3a619e28b1e3050224ed194263b49fdced1
MTG:SECRET_LAIR:SL-960978B749E8BC,"Drop: June Superdrop - Non-stop, Non-Foil Bundle — Nonfoil Edition",SECRET_LAIR,16,2024-02-08,2026-07-23,b80b7f9a0e368f8abc1a818b8fd4b9347bf222477d4dffe2894b8b71a983dfdb
MTG:SECRET_LAIR:SL-960F8E0D48A128,Drop: Astrology Lands (Virgo) Bundle - Non-Foil Edition — Nonfoil Edition,SECRET_LAIR,1,2026-07-23,2026-07-23,562d54ec29f6c55f402d708a2975f177c0612c5255d5e0cd04f5136293d54bda
MTG:SECRET_LAIR:SL-9636BECFACB4FB,Drop: February Superdrop - Secret Lair x Street Fighter - Non-Foil Edition — Nonfoil Edition,SECRET_LAIR,31,2024-02-08,2026-07-23,0a7df3628002e2c209da9842605434b0a41ae6dc82924fbd8f72cd0a70fcaec5
MTG:SECRET_LAIR:SL-96BE56C157011C,Drop: Showcase: Zendikar Revisited - Traditional Foil Edition — Foil Edition,SECRET_LAIR,31,2024-02-08,2026-07-23,b7bcba6b59a0226d7ad9ff45b987f5b981e3db8e356f5a411f50cb8c1a3ce470
MTG:SECRET_LAIR:SL-96C67AB7F9BDE5,Drop: Our Boss is on Vacation Superdrop: Cover the Boss's Office with Everything Bundle — Standard Edition,SECRET_LAIR,1,2026-07-23,2026-07-23,4589933ea0e4e2d5d8c7a74f462dfa865b1e02564bd497fde6f6ab598da9f374
MTG:SECRET_LAIR:SL-96CADB0742DD94,x Sonic the Hedgehog Superdrop: Friends & Foes — Nonfoil Edition,SECRET_LAIR,1,2026-07-24,2026-07-24,cc7d2da71b3378e86cc4cf136ea865b103f91809a48de002a4aa59345f8c37a5
MTG:SECRET_LAIR:SL-9704D4ABAC066A,"Drop: The Meaning of Life, Maybe - Non-Foil Edition — Nonfoil Edition",SECRET_LAIR,29,2024-02-08,2026-07-24,c845038b8a341fcf04393f0e195b8264d68f0ed4fc8c5fdbc8fc41f2d18d8855
MTG:SECRET_LAIR:SL-97078E5D14EBE4,Drop: Showcase: Outlaws of Thunder Junction - Non-Foil Edition — Nonfoil Edition,SECRET_LAIR,27,2024-06-01,2026-07-23,11055e533adff3a20b3ceb2f1ddec15b3567469fdfdadeb2fcff7c4e89f1d7af
MTG:SECRET_LAIR:SL-9717333D02A391,Drop: Secret Lair x Ghostbusters: The Real Ghostbusters - Rainbow Foil Edition — Foil Edition,SECRET_LAIR,23,2024-10-01,2026-07-23,121fa6517a257831889908115d58045b8e37b6ef27768078b761b74d8aba1a5e
MTG:SECRET_LAIR:SL-9762ED8DD0FDB9,Drop: Imaginary Friends - Traditional Foil Edition — Foil Edition,SECRET_LAIR,31,2024-02-08,2026-07-23,92f215f6d9e3ba1e40d28957d3177f7d428e8bd5fca4a371960bbbf5013026ee
MTG:SECRET_LAIR:SL-97A19C3BC3A646,Drop: Crocodile Jackson's Monstrous Menagerie - Non-Foil Edition — Nonfoil Edition,SECRET_LAIR,31,2024-02-08,2026-07-23,9e3c1e7b98398d6af9a82804af4d62fafbe67531393ad09730f25e355fa06a89
MTG:SECRET_LAIR:SL-97B83ADAA797E8,Drop: Secret Lair x Dungeons & Dragons: Strahd’s Descent - Non-Foil Edition — Nonfoil Edition,SECRET_LAIR,6,2026-03-01,2026-07-23,bffa42b61f8cca9a2560dd93ec9012acabc27d9ef35e5779a3f5afa0568b013c
MTG:SECRET_LAIR:SL-97D4DC2FDE2271,"Drop: Secretversary Superdrop - No Foils, No Nonsense Bundle — Foil Edition",SECRET_LAIR,1,2026-07-23,2026-07-23,18c4e8ddb69385b08cbc74f140eaeb5ec1fc5f90075bd5a6790dd19555a8f6dd
MTG:SECRET_LAIR:SL-97E67435FE209E,Drop: Secret Lair x Fallout: Beyond Vault 33 - Non-Foil Edition — Nonfoil Edition,SECRET_LAIR,7,2026-02-01,2026-07-23,c4ffac8d6e68a23c5f4a5bd351a95529af03f03ee24847dc3055466ee98c5336
MTG:SECRET_LAIR:SL-98B49C340237E2,Drop: Teferi's Time Trouble - Non-Foil Edition — Nonfoil Edition,SECRET_LAIR,31,2024-02-08,2026-07-24,c22f7b67ac4fa64e0f02f9c9a8e5d3ac8afe06294a7c4249838479bf00355d84
MTG:SECRET_LAIR:SL-9956C343D188B0,Drop: Aether Drifters - Traditional Foil Edition — Foil Edition,SECRET_LAIR,18,2025-03-01,2026-07-23,18045c9ff2bed90908873abe827bde3e12634d49dc3f84dfbd373e566a93a241
MTG:SECRET_LAIR:SL-9962EA8B669B4F,Drop: Absolute Annihilation - Traditional Foil Edition — Foil Edition,SECRET_LAIR,31,2024-02-08,2026-07-23,ef7c40a14e66c402171e0f9a2299d512d8a050e7ed4ffbbb3dfe0fdba254cba9
MTG:SECRET_LAIR:SL-9A20B1803ACEFF,Drop: Showcase: Zendikar Revisited - Non-Foil Edition — Nonfoil Edition,SECRET_LAIR,31,2024-02-08,2026-07-23,6ed19601cfd517f3aa91bf3684c76e711c5289f5d4dc4e3ccd36348320ae3127
MTG:SECRET_LAIR:SL-9A6EF28EECF2DC,Drop: Artist Series: Jesper Ejsing - Non-Foil Edition — Nonfoil Edition,SECRET_LAIR,18,2025-03-01,2026-07-23,a8f573cde8f49f95efd754c6de92f3350075dafba3190b7ec21aafb982e82701
MTG:SECRET_LAIR:SL-9A70751B3B58BD,Drop: Special Guest: Fiona Staples - Traditional Foil Edition — Foil Edition,SECRET_LAIR,31,2024-02-08,2026-07-24,42ecf25e393cadd01816327efed38ec15925a022db87bd8fe76ae0196d84da70
MTG:SECRET_LAIR:SL-9B1071444456CB,x Playstation Superdrop: Non-Foil Trophy Bundle — Nonfoil Edition,SECRET_LAIR,9,2025-12-01,2026-07-24,c315351a47e9400e585d38149f296e93435f545ef3f2444ac54c08c9f2bf9d59
MTG:SECRET_LAIR:SL-9B4F84E69F4CCE,x Chaos Vault Drop: Alien Auroras (Galaxy Foil) — Foil Edition,SECRET_LAIR,12,2025-08-01,2026-07-01,a88bd0682d0e46149b66a6dd50890e77f7b153b943dac9c36dd6b13dd5a782a9
MTG:SECRET_LAIR:SL-9BC9B71A47DED5,Drop: Dreaming Darkly - Rainbow Foil Edition — Foil Edition,SECRET_LAIR,10,2025-11-01,2026-07-23,b103aa7f2d7f8e23a864667a3489ff577e0950e39e81bd3667d53289d20803be
MTG:SECRET_LAIR:SL-9BE91DCFB8B637,Full Bundle — Standard Edition,SECRET_LAIR,1,2026-07-24,2026-07-24,bac385af948fbe73bcd4638d3220c196aded64c8bab7280efc87d696d19645cd
MTG:SECRET_LAIR:SL-9BF166AA8657DF,Drop: Winter Superdrop 2025: Trail-Ready Non-Foils Bundle — Nonfoil Edition,SECRET_LAIR,16,2025-03-01,2026-07-01,f144cc221daaf9fbb140dba34607986ef6e497a2ca6b635900a9fe2b9cd91bdd
MTG:SECRET_LAIR:SL-9CD3BAD93DA107,Roadshow Edition: Li'l Giri Saves the Day - Traditional Foil Edition — Foil Edition,SECRET_LAIR,31,2024-02-08,2026-07-24,973493a0bf4cb7e065b60247b94c4dab806762fedfec4fbdb0e3ed05bcd3cc7f
MTG:SECRET_LAIR:SL-9CD93C9989F563,Drop: Trick or Treat - Rainbow Foil Edition — Foil Edition,SECRET_LAIR,10,2025-11-01,2026-07-24,22a105a378529a50752048a3663c30de779d31967537e4e2d74dfca8f5793604
MTG:SECRET_LAIR:SL-9E1C46A1207B0B,Drop: Winter Superdrop 2025: Campfire Merriment Bundle - Foil Edition — Foil Edition,SECRET_LAIR,16,2025-03-01,2026-07-01,a5fa621f7f18b0cee4e05ace096af2fb1b0def9a5a37717da0af7f38935df238
MTG:SECRET_LAIR:SL-9EA2580F2EEDC6,Drop: Summer Superdrop 2024: Virtuoso Bundle - Non-Foil Edition — Nonfoil Edition,SECRET_LAIR,12,2024-08-01,2026-07-24,789baf922737f99b20a867f7ee02338380eba1f6fc3db86e6a81689aa34a3a5c
MTG:SECRET_LAIR:SL-9EAF8671F2BE80,Reality Fracture - Secret Lair Bundle Case — Standard Edition,SECRET_LAIR,1,2026-07-24,2026-07-24,88d5c54aab2d5fc50fec0ce104061439ea59586686c16d4edc6ff0dd055f2b96
MTG:SECRET_LAIR:SL-9EDDAD28E6FDFB,Drop: Secret Lair x Marvel's Storm - Rainbow Foil Edition — Foil Edition,SECRET_LAIR,21,2024-12-01,2026-07-23,ff2dffefbb07ae9547e5fbbe54fc25447bcc27976bdc5f437cc3beccdf44738f
MTG:SECRET_LAIR:SL-9EEE08FA6CD557,x Chaos Vault Drop: Featuring: Deathburger (Galaxy Foil) — Foil Edition,SECRET_LAIR,11,2025-09-01,2026-07-01,da6f562769e67a2021aa0a405961139d3e791c4f8fa18f6c060b238f90dc5a7a
MTG:SECRET_LAIR:SL-9F25EFE6D18364,Drop: Inside an Elevator Superdrop: Awkward Small Talk Bundle - Foil Edition — Foil Edition,SECRET_LAIR,17,2024-09-01,2026-06-01,839f00d4b36defabb719713728ea5ff4141b061b95ea55abd4937bc03178cc93
MTG:SECRET_LAIR:SL-9F2EA943C39F55,Drop: Li'l'est Walkers - Rainbow Foil Edition — Foil Edition,SECRET_LAIR,31,2024-02-08,2026-07-23,d3e0b006f2ea7157b6f3ee34e0ac00598c46a2a01992c7b03ffc843e98ed1749
MTG:SECRET_LAIR:SL-9F9E2E3B15A276,Astrology Lands (Taurus) Bundle - Traditional Foil Edition — Foil Edition,SECRET_LAIR,1,2026-07-23,2026-07-23,e4e724aeaf3687f44341e36665259e3a45c0f11044708b518b3c15be6b62b210
MTG:SECRET_LAIR:SL-9FDDEAE495C5DE,Drop: Secret Lair x Dungeons & Dragons: Black Lights & Dark Dungeons - Non-Foil Edition — Nonfoil Edition,SECRET_LAIR,6,2026-03-01,2026-07-23,09ae1c73c469b550e220e189be8756cb4445f990f6327a444daa81d20b76a730
MTG:SECRET_LAIR:SL-A000A22E459D28,Drop: Secret Lair x My Little Pony: The Lands of Equestria - Non-Foil Edition — Nonfoil Edition,SECRET_LAIR,2,2026-07-01,2026-07-23,8a75692bd277a103aaa5d26e744d293267870163732bc38010e10f122117b3b8
MTG:SECRET_LAIR:SL-A0A3FDF7E0BD6D,Drop: Secret Lair x Teenage Mutant Ninja Turtles: The Last Ronin - Non-Foil Edition — Nonfoil Edition,SECRET_LAIR,5,2026-04-01,2026-07-23,d80b7fdb9f9c34442a52694e2e144de7e679bc65711da0588a48ea1bfd7c1d2c
MTG:SECRET_LAIR:SL-A0CEFE66D8D941,Drop: Transformers: Roll Out or Rise Up - Non-Foil Edition — Nonfoil Edition,SECRET_LAIR,31,2024-02-08,2026-07-24,870d24aaabc8ca2a4183cbdcd8245ff30a546a65e7f45cd61053bcc89bf4a44e
MTG:SECRET_LAIR:SL-A0E13DA74146D6,Drop: Dogs Are Better Than Cats - Rainbow Foil Edition — Foil Edition,SECRET_LAIR,17,2025-04-01,2026-07-23,afc9d4a8438ad207013bd88bdd1cc60b55ce8d2d3564e63bba7043c8249f7d79
MTG:SECRET_LAIR:SL-A13BDE5A40E7C6,Ponies: The Galloping 2: Extra Life 2023 - Traditional Foil Edition — Foil Edition,SECRET_LAIR,31,2024-02-08,2026-07-24,1a0622863d0d2da873aca7438e55be35b0767b45488f5556138323b7c7f2b7e3
MTG:SECRET_LAIR:SL-A15A9EF8FFC0C3,Drop: Secret Lair x Dungeons & Dragons: Shadows Over Baldur’s Gate - Non-Foil Edition — Nonfoil Edition,SECRET_LAIR,6,2026-03-01,2026-07-23,b1cfd4fe1b966b4d6b231f21b183d4c9fc305710fbd844d20d5e5a53de14bc7e
MTG:SECRET_LAIR:SL-A1DD82B9F45A59,Commander Deck: Goblin Storm — Standard Edition,SECRET_LAIR,1,2026-07-23,2026-07-23,2181b0b89eb6858af72fa7b1553f93a42bd295aeb89f116800450ad3e8cff0a9
MTG:SECRET_LAIR:SL-A1F9DC4DE016E1,Drop: Secret Lair x Creepshow - Traditional Foil Edition — Foil Edition,SECRET_LAIR,31,2024-02-08,2026-07-23,b56e5baa90618389ba9c02060266af9e74f18b89c93ce2f27908025bea5df843
MTG:SECRET_LAIR:SL-A26DEC91D98CFF,Drop: Our Boss is on Vacation Superdrop: Secret Lair High Class of '87 - Non-Foil Edition — Nonfoil Edition,SECRET_LAIR,17,2025-04-01,2026-07-23,2d7c29968618b4ef186d5eb67c954d5bccd72ab4714d8bff862e4e9a2bc708d7
MTG:SECRET_LAIR:SL-A2CAA7DD3627FD,Drop: Secret Lair x Marvel's Deadpool - Non-Foil Edition — Nonfoil Edition,SECRET_LAIR,16,2025-05-01,2026-07-23,0026b85a4c320c88e54617b276caa435e583d0c652662683bfa7be9a46b149e9
MTG:SECRET_LAIR:SL-A2E8FE14360AF9,Drop: Theros Stargazing: Vol.III (Erebos) - Traditional Foil Edition — Foil Edition,SECRET_LAIR,31,2024-02-08,2026-07-24,c2b16380409c8bfc48274f9c781accf7790a7bdac092605d69642ab798e7fefc
MTG:SECRET_LAIR:SL-A3ADDCA9165A2F,x Sonic the Hedgehog Superdrop: Super Sonic Bundle — Nonfoil Edition,SECRET_LAIR,1,2026-07-24,2026-07-24,250ee0d93cb08a603999e9f2ac589a8740d4173fbaf296abc36725b6fdf6456c
MTG:SECRET_LAIR:SL-A4528679EBCD24,Drop: Imaginary Friends - Non-Foil Edition — Nonfoil Edition,SECRET_LAIR,31,2024-02-08,2026-07-23,3fdb44af09b7486f316345af1e5dd96a124e7fa82dbd645c437f06fc520ad418
MTG:SECRET_LAIR:SL-A461D1EB9128DC,Drop: Theros Stargazing: Vol.V (Nylea) - Traditional Foil Edition — Foil Edition,SECRET_LAIR,31,2024-02-08,2026-07-24,4e4f7c3874d53e9c6f968f4362f5a4bb5bd8fe7e838ce6af9fd100c5be8a3bd1
MTG:SECRET_LAIR:SL-A47DB53641C91B,Drop: Our Boss is on Vacation Superdrop: Spongebob Squarepants Bundle - Rainbow Foil Edition — Foil Edition,SECRET_LAIR,17,2025-04-01,2026-07-23,e68194af51ff89c46b59bc8845a2ff19e3352caefc5bb4ecbc5b64d27e713ea5
MTG:SECRET_LAIR:SL-A4B37777A977B9,Drop: Spring Superdrop 2024: All The Foils Are Blooming Bundle — Foil Edition,SECRET_LAIR,18,2024-07-01,2026-07-24,155ae7f92a485b477d127793c5a4778bf29166ee4839a500eac90a3125d136bc
MTG:SECRET_LAIR:SL-A5708359BCF021,Drop: Summer Superdrop - Ornithological Studies - Non-Foil Edition — Nonfoil Edition,SECRET_LAIR,31,2024-02-08,2026-07-24,535e3b89e2617038845696f13deaf6bfcde784cb8948c376db8ed61a6a8420e6
MTG:SECRET_LAIR:SL-A57E7603094331,Drop: Summer Superdrop 2024: The Stage with Foils Bundle — Foil Edition,SECRET_LAIR,22,2024-08-01,2026-07-24,2a8a0bc9033a2748d71a90db77e9495466b7775d9dc2bd335d5975496feb8699
MTG:SECRET_LAIR:SL-A59C9ADCD75BE0,Drop: Secret Lair x Stranger Things - Traditional Foil Edition — Foil Edition,SECRET_LAIR,31,2024-02-08,2026-07-23,f35fc0844e597ecedd1d59171ed34c192d6359cffddc77b44b62690d03f2f919
MTG:SECRET_LAIR:SL-A5E1293D263AF0,x Furby: Doo-ay Noo-lah - Rainbow Foil Edition — Foil Edition,SECRET_LAIR,10,2025-11-01,2026-07-24,1267824272cdb6013e60bdc7df62296dc698945fc7cbb3f9249b4a3c865237a2
MTG:SECRET_LAIR:SL-A63C3F080DE9D2,Drop: Secret Lair x Fortnite - Non-Foil Edition — Nonfoil Edition,SECRET_LAIR,30,2024-02-08,2026-07-23,cb06cb6b2f97484ccb020ba98ab316477c1a6af8caaaa47cf0f0de280a11c4f2
MTG:SECRET_LAIR:SL-A6ECC7D38BF81A,Drop: Summer Superdrop 2025 - The Summer Superdrop Bundle (Rainbow Foil Edition) — Foil Edition,SECRET_LAIR,13,2025-07-01,2026-07-01,92afa0d40d9830012d0c4913c9c23d50ce47e5b4c2ee2644603483aa5bdfadd0
MTG:SECRET_LAIR:SL-A6FBE97D53BCE6,Drop: Tales of the Time Stoppers - Rainbow Foil Edition — Foil Edition,SECRET_LAIR,31,2024-02-08,2026-07-24,172a13b4b9593967b095958eb910331f14f1c8f97ec5917e31f59a9b6cf3d9a5
MTG:SECRET_LAIR:SL-A709252A4DA96B,Drop: Welcome to Castle Dracula - Non-Foil Edition — Nonfoil Edition,SECRET_LAIR,31,2024-02-08,2026-07-24,14607a6558df695a429843621a7c26eacbbe6cd18bada7e5c17535b77c18eb49
MTG:SECRET_LAIR:SL-A7A995D0FE468E,Astrology Lands (Taurus) - Non-Foil Edition — Nonfoil Edition,SECRET_LAIR,25,2024-02-08,2026-07-23,17764b5844e8f57e21c8bdc38552f28e24591ac3f1ee2ac88571c23054d92386
MTG:SECRET_LAIR:SL-A7E5B7F6EC8B4A,Drop: Lorwyn Lightboxes - Rainbow Foil Edition — Foil Edition,SECRET_LAIR,18,2025-03-01,2026-07-23,e227a0c96a3cb03c6e5873a1c24937a683ade6953f67e87ad799791f813dde26
MTG:SECRET_LAIR:SL-A7EA98C7CECF4C,Drop: OMG KITTIES! - Traditional Foil Edition — Foil Edition,SECRET_LAIR,31,2024-02-08,2026-07-23,5b7226ee3d42d27758d5202492f077c56a1b1183318039e419af5bede22c4b81
MTG:SECRET_LAIR:SL-A82BC05ADED8C7,Drop: Showcase: Read The Fine Print - Foil Etched Edition — Foil Edition,SECRET_LAIR,31,2024-02-08,2026-07-23,b2eec03f871dccda15f3ec12f83e526cd10187da1ded452ae889fde2dad3a64f
MTG:SECRET_LAIR:SL-A82BF7D7962B00,Festival in a Box Philadelphia 2023 Bundle — Standard Edition,SECRET_LAIR,1,2026-07-24,2026-07-24,797ffb7b1834ed10e11a802774bc3b6f26f672b05fe8d99f8666a76d2b32e248
MTG:SECRET_LAIR:SL-A8A83DC7B06C38,Drop: February Superdrop - Kamigawa: the Manga: the Cards - Non-Foil Edition — Nonfoil Edition,SECRET_LAIR,31,2024-02-08,2026-07-23,9fe65629cf97077831f45d68bd902a17a4ebf2ca4e73a3abe1bde4c8c6c83f2c
MTG:SECRET_LAIR:SL-A8B0B83EFB86DE,Drop: KEXP: Where the Music Matters - Non-Foil Edition — Nonfoil Edition,SECRET_LAIR,15,2025-06-01,2026-07-23,a79a90f804648250fbaf04c12840dcc7fa4ab64b5e704cc0f59201e579939326
MTG:SECRET_LAIR:SL-A8B11C02BE3C6B,Drop: All-Natural - Foil — Foil Edition,SECRET_LAIR,1,2026-07-23,2026-07-23,ffbc708db52da9a7513fb267a421bdc86e50a88dea3d06fbf5b405553341ef06
MTG:SECRET_LAIR:SL-A8BD8FB79427E4,Drop: Artist Series: Kieran Yanner - Non-Foil Edition — Nonfoil Edition,SECRET_LAIR,10,2025-11-01,2026-07-23,46e39a1952a8f3f0c137d8323a1bc522f528774e42c520014d88491b38696e30
MTG:SECRET_LAIR:SL-A9B0DE6D450794,x Play-Doh: Squishful Thinking: Extra Life 2025 - Rainbow Foil Edition — Foil Edition,SECRET_LAIR,11,2025-10-01,2026-07-24,76ce155b8cb162e2c8be40190c9a9bd428804a9ca13a4282233ed07ad0833800
MTG:SECRET_LAIR:SL-AA1F67E9D21D5F,Drop: Fill My Cauldron with Almost Everything Bundle — Standard Edition,SECRET_LAIR,1,2026-07-23,2026-07-23,28b44c94a2053ee93c05ce19f1d2e30ed68590c433f49e85359dbce5cc9abe09
MTG:SECRET_LAIR:SL-AA2410B0C1D7D4,Drop: Featuring: Kevin Eastman (Inks) - Non-Foil Edition — Nonfoil Edition,SECRET_LAIR,5,2026-04-01,2026-07-23,794b1d56eda014666e2471839f373c41df9878ddff7c3e02df4e849702e9c8cd
MTG:SECRET_LAIR:SL-AB047EA1882C29,Drop: Astrology Lands (Aquarius) Bundle - Non-Foil Edition — Nonfoil Edition,SECRET_LAIR,1,2026-07-23,2026-07-23,2985c53e4291af08e56c40065ef9bdfdac94b48a81e3cc7097186637a1c90e33
MTG:SECRET_LAIR:SL-AB56800C1F600A,Drop: Secret Lair x Fallout: Promo - Silver Shroud Costume - Traditional Foil Edition — Foil Edition,SECRET_LAIR,2,2026-07-01,2026-07-23,905e932885e2e7f7187fb41afb2ce4d7de8c6484dabefee47e030da27e87d90d
MTG:SECRET_LAIR:SL-ABB49E64363CCC,Drop: Artist Series: Ryan Alexander Lee - Non-Foil Edition — Nonfoil Edition,SECRET_LAIR,31,2024-02-08,2026-07-23,16d36a9423f128211728a56d02a5ff36f3beb5a6d949a531689bb55ac5b89bd9
MTG:SECRET_LAIR:SL-ABCCB33232898E,Drop: Secret Lair x Dungeons & Dragons: Whispers in Candlekeep - Foil Edition — Foil Edition,SECRET_LAIR,6,2026-03-01,2026-07-23,a077ecde721a667ec0fd572e79401844c2125e65687d284c28b0a5ba0723fd7b
MTG:SECRET_LAIR:SL-ABDD178723A109,Drop: Summer Superdrop 2024: Hatsune Miku: Digital Sensation Bundle — Standard Edition,SECRET_LAIR,1,2026-07-24,2026-07-24,697985029a56392dc01d55b7d530e094eaa3ad11f7e6953b61be7d4bdc187890
MTG:SECRET_LAIR:SL-AC1856E0C8845C,Drop: Featuring: the Mountain Goats - Traditional Foil Edition — Foil Edition,SECRET_LAIR,31,2024-02-08,2026-07-23,9b2f154b2d9f140a3e6543cb36721343de7f10a5a6690ba1c2e28aed2b70fc3b
MTG:SECRET_LAIR:SL-AC65540B60B707,x The Last of Us Part I - Non-Foil Edition — Nonfoil Edition,SECRET_LAIR,10,2025-11-01,2026-07-24,dd772325ec056aeb82b7f3280bab52a155b8182f2085d9e9e34943c8d6475ef4
MTG:SECRET_LAIR:SL-ACABE87A5A45D3,Drop: Secret Lair x Marvel's Deadpool - Rainbow Foil Edition — Foil Edition,SECRET_LAIR,16,2025-05-01,2026-07-23,55b1f62f2c8c369c6c2c19747d705a98c95288d3af9cc3075f1be0d8ff21650b
MTG:SECRET_LAIR:SL-AD341F83F23370,Drop: Camp Totally Safe Superdrop: Night Swim Bundle - Foil Edition — Foil Edition,SECRET_LAIR,21,2024-11-01,2026-07-01,60911632b8b54b5343e601dd2b4d3e2cc23327c5c14981d4e2e130fa8459109e
MTG:SECRET_LAIR:SL-AD7D0C2C8E16D2,Drop: Secret Lair x Monty Python: Monty Python and the Holy Grail: Vol. 1 - Traditional Foil Edition — Foil Edition,SECRET_LAIR,25,2024-08-01,2026-07-23,1043de6f3fea2ce9827968366e51a0a9966a09c2b097887bf2de57957b4fdf3f
MTG:SECRET_LAIR:SL-AD8DAA8BB11594,Drop: Secret Lair x Doctor Who: Regeneration - Non-Foil Edition — Nonfoil Edition,SECRET_LAIR,31,2024-02-08,2026-07-23,4187d92672df5cabc184b34bbab80dc4a39926e9829f1bf0ec86b42eeb67c120
MTG:SECRET_LAIR:SL-AE029B9E8B8A9F,Drop: Transformers: Optimus Prime Vs. Megatron - Non-Foil Edition — Nonfoil Edition,SECRET_LAIR,31,2024-02-08,2026-07-24,4398e1be9a8e6a6d94cc486eb2f24a1a129249f654ba8ecdf00d650bd8632558
MTG:SECRET_LAIR:SL-AEAC3B5B48F1C7,Drop: Paradise Frost - Non-Foil Edition — Nonfoil Edition,SECRET_LAIR,31,2024-02-08,2026-07-23,54f5f4a4bf946eaa736c0853cd9a24c1b4c70a36b369c15c28dfb0fc2b4147cd
MTG:SECRET_LAIR:SL-AED577907E5FAA,Drop: February Superdrop - Pictures of the Floating World - Non-Foil Edition — Nonfoil Edition,SECRET_LAIR,31,2024-02-08,2026-07-23,706c9d69670a0a208100926c3415c2bb35611527bd4ca3b1dc0e296f06bc2976
MTG:SECRET_LAIR:SL-AEE188BFE88ED3,Drop: Summer Superdrop 2024: The Stage with Non-Foils Bundle — Nonfoil Edition,SECRET_LAIR,17,2024-08-01,2026-07-24,2097a8b93d15e81a19cd5cf39ace3a4a0c2294f8636f463898aa2054be0b1a79
MTG:SECRET_LAIR:SL-AF4CAB7AA2FC3B,Drop: Equinox Superdrop 2024: Fallout Bundle - Non-Foil Edition — Nonfoil Edition,SECRET_LAIR,28,2024-05-01,2026-07-23,377b49fe28283b370a98d08b2454a1a407c7f43491d31145748a55d238ad00bf
MTG:SECRET_LAIR:SL-AF7841CC1354F9,Drop: Our Boss is on Vacation Superdrop: Garden Buds - Rainbow Foil Edition — Foil Edition,SECRET_LAIR,17,2025-04-01,2026-07-23,72ba42ea0a42dcc66cf0a3518d2a8a9632a1e30fe7aa06cac4492fce440c0a92
MTG:SECRET_LAIR:SL-AFC52E51751441,Drop: Winter Superdrop 2024: All the Savory Non-Foils Bundle — Nonfoil Edition,SECRET_LAIR,29,2024-02-08,2026-07-01,75963c901217e9f7f7cbcdd22d9396db28e36f86ff3350116f855713326c2c8a
MTG:SECRET_LAIR:SL-B00E61FF6854EE,Drop: Purr Majesty - Traditional Foil Edition — Foil Edition,SECRET_LAIR,2,2026-07-01,2026-07-23,6ccbf96abf80f0e7d564453041c6f09d194e6da3956afea4084bacfae182db9f
MTG:SECRET_LAIR:SL-B01296C6F1D9D6,Drop: Just Add Milk - Non-Foil Edition — Nonfoil Edition,SECRET_LAIR,31,2024-02-08,2026-07-23,ec1a96ffef417813156befe19738a73a4f18e8a81c75bb17e51fd1afacd126f8
MTG:SECRET_LAIR:SL-B0373781315725,Drop: Secret Lair x Doctor Who: The Dalek Lands - Traditional Foil Edition — Foil Edition,SECRET_LAIR,31,2024-02-08,2026-07-23,0c929dbcfbf5f74d4ceb4cf349edb63aaa096265cc80b2a09177f360fce2526f
MTG:SECRET_LAIR:SL-B08949D7A3AFE1,x FINAL FANTASY: Grimoire - Rainbow Foil Edition — Foil Edition,SECRET_LAIR,14,2025-07-01,2026-07-24,c07e3afab820eebf759cea4ca78f9cea56a7715e452344871846d8697074a355
MTG:SECRET_LAIR:SL-B0DEB8AFB8B821,Drop: Artist Series: Wayne Reynolds - Non-Foil Edition — Nonfoil Edition,SECRET_LAIR,31,2024-02-08,2026-07-23,c76e57c14d4358acba1e0a405b5f7a43861390b7bc864893482c6ca6887b93c2
MTG:SECRET_LAIR:SL-B0E43DFE167A56,Drop: Artist Series: Livia Prima - Non-Foil Edition — Nonfoil Edition,SECRET_LAIR,31,2024-02-08,2026-07-23,e7ffbf42207afc26820bc5f06f4ffd9bd2448f6919976fd0a850a178205700ad
MTG:SECRET_LAIR:SL-B11309A971433D,Drop: Secret Lair x Brain Dead: Creatures - Non-Foil Edition — Nonfoil Edition,SECRET_LAIR,25,2024-08-01,2026-07-23,6c5d65650bd07408981c31831623e36ad2ad776feb5c6b61f85308a6fb2d3e4b
MTG:SECRET_LAIR:SL-B226AC313B5F39,Drop: Dreaming Darkly - Non-Foil Edition — Nonfoil Edition,SECRET_LAIR,10,2025-11-01,2026-07-23,fec48d208015f306d0d80a7bc0e68a27ab1bd37abf42115bfac13b128d11f58d
MTG:SECRET_LAIR:SL-B2289CE720A189,Drop: Dan Frazier Is Back Again: The Enemy Talismans - Foil Etched Edition — Foil Edition,SECRET_LAIR,31,2024-02-08,2026-07-23,104aacae07fccd83b3201eb98b739cf48b69d9e07263f9860bc83df990aeff50
MTG:SECRET_LAIR:SL-B251BF4C4DE61E,x Sonic the Hedgehog Superdrop: Sonic 100% Complete Bundle — Standard Edition,SECRET_LAIR,1,2026-07-24,2026-07-24,fa84f7d7a10bf9f9bfdba3fa373122ba6bf57683628ef8643ec57fc532613c67
MTG:SECRET_LAIR:SL-B269AC7AB5080A,Drop: Secret Lair x Garfield: Motivationally Challenged - Non-Foil Edition — Nonfoil Edition,SECRET_LAIR,2,2026-07-01,2026-07-23,6b75461fded405f016b489e69ffa7c9a70856ea1bf5107f621d899c8befc62d7
MTG:SECRET_LAIR:SL-B2753C6B1814F0,Drop: Marvel Superdrop: The Heroic Everything Bundle — Standard Edition,SECRET_LAIR,1,2026-07-23,2026-07-23,482908a8fa0502d5605200541eaec8b9d7e018a2bd7a1ff2c4c955bc0ae31008
MTG:SECRET_LAIR:SL-B28206C8B43B74,Drop: Artist Series: Chris Rahn - Traditional Foil Edition — Foil Edition,SECRET_LAIR,31,2024-02-08,2026-07-23,1761fc09d5b330afdcfcee11cb4b46ee467b130512f736b6a7662b16e623ed8d
MTG:SECRET_LAIR:SL-B2C9080295DEB3,Drop: It's Raining Foils And Non-Foils Bundle — Nonfoil Edition,SECRET_LAIR,1,2026-07-23,2026-07-23,ce1d6e4ebe767a8813e412dd15ebddb5e8522e917a53bf2d964fb5f020085b2a
MTG:SECRET_LAIR:SL-B31C27C4C58973,Drop: Valentine's Day 2021 - Replacement Heliod Pack - Non-Foil Edition — Nonfoil Edition,SECRET_LAIR,31,2024-02-08,2026-07-24,0073a9b72b15030b2abc4d36b538d67cbeb553cd6a68d7e33e04a9dbe80b6395
MTG:SECRET_LAIR:SL-B36930BACADDCD,Drop: Special Guest: Yoji Shinkawa (English) - Non-Foil Edition — Nonfoil Edition,SECRET_LAIR,31,2024-02-08,2026-07-24,c7b00fd6b54c07ebeb25002219cc9db4663ad345c5e20437c42b8a9f8f6af516
MTG:SECRET_LAIR:SL-B39A2F769F1E07,Drop: sAnS mERcY - Non-Foil Edition — Nonfoil Edition,SECRET_LAIR,27,2024-06-01,2026-07-24,7b27bb6bee08c9baedeb76d5b516e7a38c4144c09e35d82ed0a8f361d973dcc7
MTG:SECRET_LAIR:SL-B3B225E03D06DC,Drop: Welcome to the Fungal - Non-Foil Edition — Nonfoil Edition,SECRET_LAIR,31,2024-02-08,2026-07-24,f7ae91f13e3e6a4b90360b75204f7ea36d04e5caaf8689d27b35e38a323b0aeb
MTG:SECRET_LAIR:SL-B3DBBD3351A867,x Ghost of Tsushima - Rainbow Foil Edition — Foil Edition,SECRET_LAIR,10,2025-11-01,2026-07-24,489047e8a50e3d72fd63adbbd28f08bbca3b58f465126a14adbe4d9513576393
MTG:SECRET_LAIR:SL-B3EF01C8308565,Drop: Astrology Lands (Libra) Bundle - Non-Foil Edition — Nonfoil Edition,SECRET_LAIR,1,2026-07-23,2026-07-23,1e63be1f13d639ba7c7263c2c0b7a85d2eefc8a29df8b10f0f25cc2ca89daab7
MTG:SECRET_LAIR:SL-B44FBD97799E08,Drop: Two Scoops - Double Chocolate Bundle — Standard Edition,SECRET_LAIR,1,2026-07-24,2026-07-24,faaba61e5e21a33ddbd6e335bed73fa76daf22465d63cc41089e52c29db323ae
MTG:SECRET_LAIR:SL-B483A5C23B7FF5,Drop: Hard-Boiled Thrillers - Non-Foil Edition — Nonfoil Edition,SECRET_LAIR,31,2024-02-08,2026-07-23,0eb3d55a74f7b7be94f55699e90c53662b15f1e5159d925fbbb49b6f7d4fefb8
MTG:SECRET_LAIR:SL-B5264E7BA2DC13,Drop: The '90s Binder Experience - Non-Foil Edition — Nonfoil Edition,SECRET_LAIR,31,2024-02-08,2026-07-24,8117b9e0b14c1fcfedcd71548ceada34de87d2bcc0693a2558607c413baeb0e2
MTG:SECRET_LAIR:SL-B5552250031A5D,Drop: Toby's Journey By Gary Baseman - Traditional Foil Edition — Foil Edition,SECRET_LAIR,2,2026-07-01,2026-07-24,429ab3d3da5183609fc0296e1382d578a5d2f9016a297d4c7c3e5c5a3d5f854b
MTG:SECRET_LAIR:SL-B565A4B1F936CC,Drop: Secret Lair x My Little Pony: Friendship is Magic - Non-Foil Edition — Nonfoil Edition,SECRET_LAIR,2,2026-07-01,2026-07-23,195eb536aff9911f92e292d62856c62fbaf36a4bbbd6ad2035b582cf0a122a44
MTG:SECRET_LAIR:SL-B57576270D7B62,Drop: Summer Superdrop 2025 - Featuring: Imiri Sakabashira (Non-Foil Edition) — Nonfoil Edition,SECRET_LAIR,13,2025-07-01,2026-07-01,c7d0c2bf73b233e3180ffa8d1a14ac8ad8c1ebc8c6b110c09709fc2669591736
MTG:SECRET_LAIR:SL-B58718E7FE11D2,Drop: Equinox Superdrop 2024: Sunlight and Moonbeams Bundle - Non-Foil Edition — Nonfoil Edition,SECRET_LAIR,27,2024-05-01,2026-07-01,26846a1d8888c3f55c688f6abb27ecba6882040892df950064d9e7e9b0f03a23
MTG:SECRET_LAIR:SL-B5D96EAAB94F7F,Drop: Phyrexian Praetors: Compleat Edition - Traditional Foil Edition — Foil Edition,SECRET_LAIR,31,2024-02-08,2026-07-23,231ceaf48504af737cb297c6f615982cb16dab997eb9d85ebc4c9670ea110036
MTG:SECRET_LAIR:SL-B5DE5D10D8B22E,Drop: Our Boss is on Vacation Superdrop: Tragic Romance - Rainbow Foil Edition — Foil Edition,SECRET_LAIR,17,2025-04-01,2026-07-23,8e1b05996ce4cf99ae2bf41f77a052ba288a3e1ab6d7fbc8186999319ef1abc0
MTG:SECRET_LAIR:SL-B5E5B47263114D,Drop: Cats Are Better Than Dogs - Rainbow Foil Edition — Foil Edition,SECRET_LAIR,17,2025-04-01,2026-07-23,913afad97d44ae25058bc0f5417b76b867ca815fee8e437ae5039d9c2426f6df
MTG:SECRET_LAIR:SL-B5F3C839262F36,Drop: The '90s Binder Experience - Traditional Foil Edition — Foil Edition,SECRET_LAIR,31,2024-02-08,2026-07-24,e08e089b611c89d8350590d9027fb35bbdbe6edb9bbf3983434df76642fad138
MTG:SECRET_LAIR:SL-B60C7F6F56C30B,Drop: The Art of Frank Frazetta - Non-Foil Edition — Nonfoil Edition,SECRET_LAIR,31,2024-02-08,2026-07-24,0c8a926cf7474b95eba498341a91289d66f79bc5ab6044dd1bf7c3a8e62eb802
MTG:SECRET_LAIR:SL-B631EAF6D5C7C4,Drop: Secretversary Superdrop 2023: Goodie Bag Loaded with Non-Foils Bundle — Nonfoil Edition,SECRET_LAIR,3,2024-02-08,2026-07-23,1b89323918a1b7cc07b4a75b1bdf1eb0bd27e0a6e854dd5e02f3edb6966c71a1
MTG:SECRET_LAIR:SL-B679A1089E8A6B,Astrology Lands (Pisces) Bundle - Non-Foil Edition — Nonfoil Edition,SECRET_LAIR,1,2026-07-23,2026-07-23,6efc6022dc165ea4d8ba1f80c1f14c18d49845a6f67a4c9b7cc302e090a19c93
MTG:SECRET_LAIR:SL-B689085E2D41DE,x Warhammer Age of Sigmar - Non-Foil Edition — Nonfoil Edition,SECRET_LAIR,30,2024-02-08,2026-07-24,7b4979f941049c6383bff0d68d5fd2959a3a5c5a7c3a0666880cd9d2e69cfaa5
MTG:SECRET_LAIR:SL-B762CD279E0001,Drop: Artist Series: Rebecca Guay - Traditional Foil Edition — Foil Edition,SECRET_LAIR,31,2024-02-08,2026-07-23,435ddba95f5900d271e94afb351788579ebf890b52dacfffddd6c7a3a90aea03
MTG:SECRET_LAIR:SL-B7E3C5DC70940E,Drop: Secret Lair x Brain Dead: Creatures - Rainbow Foil Edition — Foil Edition,SECRET_LAIR,25,2024-08-01,2026-07-23,95d3fd9f13f006a5eedb24d2358544e5e2f9c6d25ed81069d267a3122efb124b
MTG:SECRET_LAIR:SL-B81DED4DD2F7F0,Drop: Mycosynthwave - Non-Foil Edition — Nonfoil Edition,SECRET_LAIR,31,2024-02-08,2026-07-23,0adbee6ee5254f9eb3b455eb0cc7f27c4c740ddfa595e4edf89a720622362389
MTG:SECRET_LAIR:SL-B8709846C8E5AF,Drop: Winter Superdrop 2024: Dark Mysteries Bundle - Non-Foil Edition — Nonfoil Edition,SECRET_LAIR,28,2024-02-08,2026-07-01,70c6d3dc8770d482a36662538dba6591fb2395ed6548f9cf0346585810bec49a
MTG:SECRET_LAIR:SL-B8DCA91EB62983,Drop: Secret Lair x My Little Pony: The Lands of Equestria - Traditional Foil Edition — Foil Edition,SECRET_LAIR,2,2026-07-01,2026-07-23,ee65de9a0eadbe7b5d6eeace6a0210aa9970c32889693519999dc977db787ea2
MTG:SECRET_LAIR:SL-B9248149A4056B,Drop: Draw Your Hand - Traditional Foil Edition — Foil Edition,SECRET_LAIR,31,2024-02-08,2026-07-23,8bd7b75d9161f2a08fe2bb0395155682810cafb784bb5b3b0d6addf5c4c2cd93
MTG:SECRET_LAIR:SL-B92B03D94C10E9,Drop: KEXP: You Are Not Alone - Rainbow Foil Edition — Foil Edition,SECRET_LAIR,15,2025-06-01,2026-07-23,4ee9bacf14b497b47d66043e9029198f746c966a7abb0665a84136f2abc98a72
MTG:SECRET_LAIR:SL-B9580FD00B16BE,Drop: Astrology Lands (Aquarius) Bundle - Traditional Foil Edition — Foil Edition,SECRET_LAIR,5,2024-03-01,2026-07-23,95ceb0dd356a52208b744ac89f59f9dfa111530b7e2e2bd58f09a8fe5d34db59
MTG:SECRET_LAIR:SL-B959CE689FE1E3,Drop: Li'l'est Walkers - Non-Foil Edition — Nonfoil Edition,SECRET_LAIR,31,2024-02-08,2026-07-23,8e2a8c3ef89f6678af033dbdafc2e790bef7f968dd6de177ea0518ecf819876a
MTG:SECRET_LAIR:SL-B96EF3DC64D9A0,Drop: June Superdrop - The Bundle Bundle — Standard Edition,SECRET_LAIR,1,2026-07-23,2026-07-23,81e58997aeb835896b4043155fd3d6649aa1282140879b86f56cec07ec6747fc
MTG:SECRET_LAIR:SL-B971F1BAF798C2,x Playstation Superdrop: Platinum Trophy Bundle — Standard Edition,SECRET_LAIR,1,2026-07-24,2026-07-24,2ef3499cee628775852c58c7ad847393073390ea353f6cdb4a39e1b7efe812ea
MTG:SECRET_LAIR:SL-B9970477DCCBC7,Drop: Summer Superdrop 2025 - The Summer Superdrop Everything Bundle — Standard Edition,SECRET_LAIR,1,2026-07-24,2026-07-24,8ea3b9c697303f6560289dc59770f65be8e2f7cbac87ff07bebb90fa21515049
MTG:SECRET_LAIR:SL-B9EC0C6C5561F1,Drop: Artist Series: Alayna Danner - Non-Foil Edition — Nonfoil Edition,SECRET_LAIR,31,2024-02-08,2026-07-23,da9fed07d230bcad8d9939f159601dd36b6150cddf70e42b549e0fe8d0ad8534
MTG:SECRET_LAIR:SL-BA4475B87E38DE,Drop: Secret Lair x Brain Dead: Lands - Rainbow Foil Edition — Foil Edition,SECRET_LAIR,25,2024-08-01,2026-07-23,935d5a45e2407ab184322773bbc4e8b8cdc5c8b774e728d78b870272e19936b7
MTG:SECRET_LAIR:SL-BA53143C1DDB56,Drop: Nature is Adorable - Traditional Foil Edition — Foil Edition,SECRET_LAIR,31,2024-02-08,2026-07-23,1575f76e1518ae3c83a0b9e87e4c417f118238be17103c6fdc1e464bcf65ec04
MTG:SECRET_LAIR:SL-BAD5D1CC179E4B,Drop: Winter Superdrop 2024: Dark Mysteries Bundle - Foil Edition — Foil Edition,SECRET_LAIR,29,2024-02-08,2026-07-01,a0fd3ef8d9ca549d0c508aa63827d9f8209258f89dfa4a62c3301b1f87185869
MTG:SECRET_LAIR:SL-BB18909619320D,Drop: Big Foil Bundle — Foil Edition,SECRET_LAIR,19,2024-02-08,2026-07-23,9d149b59d013315fde6dad522897bb7f7b4cf5bc79228d9fc4bd9cf6ddd80bb4
MTG:SECRET_LAIR:SL-BB4A4AE1ECFE2A,Drop: Secret Lair Promo: Sol Ring - Rainbow Foil Edition — Foil Edition,SECRET_LAIR,17,2025-04-01,2026-07-23,f3b824367b787c6a0cdb17f83b3f76257b0018ac73ec811e97f431155306f51f
MTG:SECRET_LAIR:SL-BB4FA54DEBF880,Drop: Saturday Morning D&D - Non-Foil Edition — Nonfoil Edition,SECRET_LAIR,31,2024-02-08,2026-07-23,ca5da6c67b8779608c9deb584ddcbabdb1e6149f5247abad31e5c3232c63203d
MTG:SECRET_LAIR:SL-BB54D8943F73E3,x The Office: Dwight's Destiny - Non-Foil Edition — Nonfoil Edition,SECRET_LAIR,10,2025-11-01,2026-07-24,ba060aef9c6c242ce0157ef4ab2a0355c7664cdebd8f2605532ebc4331c45d02
MTG:SECRET_LAIR:SL-BB7E07A2986BB4,Drop: Secret Lair x Hatsune Miku: Winter Diva EN - Rainbow Foil Edition — Foil Edition,SECRET_LAIR,18,2025-03-01,2026-07-23,0418c417780122aa978d78c6b2a2a2d728111b856f28cacb83f1cb740f260d60
MTG:SECRET_LAIR:SL-BBC8F93DE82CE5,Drop: Secret Lair x Monty Python: Monty Python and the Holy Grail: Vol. 2 - Non-Foil Edition — Nonfoil Edition,SECRET_LAIR,25,2024-08-01,2026-07-23,e2f7cc57bd59f29116bd287007e9499093c078050f5b845590df7ce72688d22a
MTG:SECRET_LAIR:SL-BC079E499A94AF,Drop: Our Boss is on Vacation Superdrop: Break Room Disco Ball Made of Foils Bundle — Foil Edition,SECRET_LAIR,15,2025-04-01,2026-07-23,f8b28dac904b493a2297172486548c9e1a9b4c6ef337e9a401222b8b186cf4c2
MTG:SECRET_LAIR:SL-BC4683677FBC3C,Drop: Back in My Day! - Non-Foil Edition — Nonfoil Edition,SECRET_LAIR,3,2026-06-01,2026-07-23,57f84be7107525450700fc58e2d07ec1d6a322be7edd6e20629cd5a96f2e1369
MTG:SECRET_LAIR:SL-BC99042387317D,Reality Fracture - Secret Lair Bundle — Standard Edition,SECRET_LAIR,1,2026-07-24,2026-07-24,88d5c54aab2d5fc50fec0ce104061439ea59586686c16d4edc6ff0dd055f2b96
MTG:SECRET_LAIR:SL-BD0B168FBB02B6,Drop: The Strange Sands: Swamp - Non-Foil Edition — Nonfoil Edition,SECRET_LAIR,19,2025-02-01,2026-07-24,ddda4b4d7db5580c6c5cd5c68ad3d9469d26f05a1d189a932fafdacc90c3f6f6
MTG:SECRET_LAIR:SL-BD4B37C3973D10,Drop: vroooOOOMMMMMM! - Raised Foil Edition — Foil Edition,SECRET_LAIR,15,2025-06-01,2026-07-24,87480de826944b2c8f193d61fdc27275c113561ae620ed8e497ec3d881bf6bbc
MTG:SECRET_LAIR:SL-BE3F32B80FEA2E,Drop: Winter Superdrop 2025: Hatsune Miku: Winter Diva Bundle — Standard Edition,SECRET_LAIR,1,2026-07-24,2026-07-24,9f3eb14440fb72e5e85b9167aab999d41e8609f97f9d59a7fbb82558945da91b
MTG:SECRET_LAIR:SL-BE705BBFC18014,Drop: August Superdrop - Full-of-Foils Bundle — Foil Edition,SECRET_LAIR,1,2026-07-23,2026-07-23,81e58997aeb835896b4043155fd3d6649aa1282140879b86f56cec07ec6747fc
MTG:SECRET_LAIR:SL-BF008024F9A243,Drop: Fill My Cauldron with Foils Bundle — Foil Edition,SECRET_LAIR,1,2026-07-23,2026-07-23,28b44c94a2053ee93c05ce19f1d2e30ed68590c433f49e85359dbce5cc9abe09
MTG:SECRET_LAIR:SL-BF1ED354A371C1,x Iron Maiden: Album Art - Non-Foil Edition — Nonfoil Edition,SECRET_LAIR,10,2025-11-01,2026-07-24,704a8e7977498168d8760acc5c25f8a3586499c569c301f2c4e6ae0472bf09c1
MTG:SECRET_LAIR:SL-BF202C705FA210,Drop: The Strange Sands: Forest - Rainbow Foil Edition — Foil Edition,SECRET_LAIR,19,2025-02-01,2026-07-24,4a5ee204365e0278fc548969cae6e5ce88e9a851e9300c3ff17b2e9a43c1624a
MTG:SECRET_LAIR:SL-BF26DFD5509ADC,Commander Deck: Everyone’s Invited! - Double Rainbow Foil Edition — Foil Edition,SECRET_LAIR,1,2026-07-23,2026-07-23,757751692d09232b63b0c37d2f262e87d23775cf27a2a749db7dd1fc27644475
MTG:SECRET_LAIR:SL-BF2B66F024D88D,Drop: Artist Series: Sidharth Chaturvedi - Non-Foil Edition — Nonfoil Edition,SECRET_LAIR,31,2024-02-08,2026-07-23,c69e3ee65961556e82f5fe09e8342838ed35fa36b702259329a08d2e2886408c
MTG:SECRET_LAIR:SL-BF3E293642759E,Drop: Goblin & Squabblin' - Non-Foil Edition — Nonfoil Edition,SECRET_LAIR,31,2024-02-08,2026-07-23,3aba4a3202f5d0a7cdbaf81e1824ba6c60a9fe9946a349fd204a2965d0591b3a
MTG:SECRET_LAIR:SL-BF588F593E480E,Drop: Secret Lair x Marvel's Storm - Non-Foil Edition — Nonfoil Edition,SECRET_LAIR,21,2024-12-01,2026-07-23,ac881f1b763e25691f25dcc273530862c98ffdaa08b369965e858dc0b785c4c5
MTG:SECRET_LAIR:SL-BF5BC53AD18E85,Drop: Secret Lair x Brain Dead: Lands - Non-Foil Edition — Nonfoil Edition,SECRET_LAIR,25,2024-08-01,2026-07-23,89c76f8841223c5b1af66c7546b9e47fffe0f1e63cb1ea677a4c891644c0b867
MTG:SECRET_LAIR:SL-BF755AD9D8CE5F,x Furby: The Oddbodies - Confetti Foil Edition — Foil Edition,SECRET_LAIR,10,2025-11-01,2026-07-24,2a185ac7eebe43663ddc9d23e1765c4d2378a0c81e46861bc5e63e3dfca768fb
MTG:SECRET_LAIR:SL-BFACC46E5A3310,Drop: Here Be Dragons - Foil — Foil Edition,SECRET_LAIR,31,2024-02-08,2026-07-23,6b181f142a74a113f4ba208489be68fd3c4a703c47b0289679889e73bd13bfad
MTG:SECRET_LAIR:SL-BFAF5430109A2E,Drop: Dan Frazier is Back: The Allied Signets - Foil Etched Edition — Foil Edition,SECRET_LAIR,31,2024-02-08,2026-07-23,a0a8187dad28b9f4b0f3f7f6d3c044d9d1e00f43b17529f3dac08b36c46f7602
MTG:SECRET_LAIR:SL-BFF6DA64140996,"Drop: August Superdrop - Non-stop, Non-Foil Bundle — Nonfoil Edition",SECRET_LAIR,20,2024-02-08,2026-07-23,d37704d5cbf3ae449912528a083d6fa34531bf17f0608a4366b5906f09061d8d
MTG:SECRET_LAIR:SL-C03E05940DAAFA,Drop: Astrology Lands (Virgo) - Non-Foil Edition — Nonfoil Edition,SECRET_LAIR,17,2024-03-01,2026-07-23,0166fb669f13f17ed0a3907f8e9cea021385ab0563b047b77b5288bb3d7914af
MTG:SECRET_LAIR:SL-C0418534DE36CF,"Drop: Far Out, Man - Traditional Foil Edition — Foil Edition",SECRET_LAIR,31,2024-02-08,2026-07-23,4855eba4903ac8e2ab96c2b6f1025a14d14f64808e7fdf00733a6f576ee7c111
MTG:SECRET_LAIR:SL-C04853F17A0313,Drop: Poker Faces - Rainbow Foil Edition — Foil Edition,SECRET_LAIR,27,2024-06-01,2026-07-23,ac33370d20214f38a079e1c67b88f52016d15e04e73f1b02074cd535bbb99f49
MTG:SECRET_LAIR:SL-C050DAEA74CC9C,Festival in a Box Minneapolis 2023 Bundle — Standard Edition,SECRET_LAIR,1,2026-07-24,2026-07-24,c23f2c241c7586e5f561b64161ddb2d0c6d9acdb9eb42455d49a88add9e3a05f
MTG:SECRET_LAIR:SL-C05D25C1CB85E9,Drop: Now on VHS! - Traditional Foil Edition — Foil Edition,SECRET_LAIR,30,2024-02-08,2026-07-01,93312cc8da9afef7186e0606da491fa261c2d14509052dc49481515496893bbb
MTG:SECRET_LAIR:SL-C07200E6FB8843,Drop: Secret Lair x Chucky - Traditional Foil Edition — Foil Edition,SECRET_LAIR,23,2024-10-01,2026-07-23,ca128c5283bb82825473175c4488cf9456976f1bcf00b811f795976607901265
MTG:SECRET_LAIR:SL-C09C8446FDE850,Drop: Artist Series: Nils Hamm - Non-Foil Edition — Nonfoil Edition,SECRET_LAIR,31,2024-02-08,2026-07-23,699ea5a8bf12a409861cc2fc6a32e01216a8f64223fba23fbfd3b68dc86e8846
MTG:SECRET_LAIR:SL-C09D8E25A3F347,Drop: Secretversary Superdrop 2023: Welcome to Jurassic World Bundle — Standard Edition,SECRET_LAIR,1,2026-07-23,2026-07-23,42abcb101f6d3cfa85dbea1a7d1c0a21e59aac37e12b4f36f14080dd665f4f32
MTG:SECRET_LAIR:SL-C0AA65531F16E2,Drop: Artist Series: Sidharth Chaturvedi - Traditional Foil Edition — Foil Edition,SECRET_LAIR,31,2024-02-08,2026-07-23,29242c55e4464d5aec9e8297ecb08128376bd73ddd8ea1ae3e9da34ea9b715e3
MTG:SECRET_LAIR:SL-C1564B1CC85C5F,Drop: Artist Series: Kev Walker - Non-Foil Edition — Nonfoil Edition,SECRET_LAIR,31,2024-02-08,2026-07-23,33ffa6b3ab8577ea971f29cb4b3550d8a5553fd5868d8563e9d25cfad054ed8c
MTG:SECRET_LAIR:SL-C1A0A189180507,Drop: Valentine's Day 2021 - Non-Foil Edition — Nonfoil Edition,SECRET_LAIR,31,2024-02-08,2026-07-24,873db17b7bdc2fec4196cf24433d6914f083a9529cc07737714e3404719f6f42
MTG:SECRET_LAIR:SL-C2217F8AD4F84B,"Drop: Fblthp: Completely, Utterly, Totally Lost - Non-Foil Edition — Nonfoil Edition",SECRET_LAIR,31,2024-02-08,2026-07-23,f152155d59070a2ce7ba2cc730a01f032ea2338900dfd39d06ac5236d082134d
MTG:SECRET_LAIR:SL-C24946B295061F,x The Office: Dwight's Destiny - Traditional Foil Edition — Foil Edition,SECRET_LAIR,10,2025-11-01,2026-07-24,742d239ac4bd27cbb9a3fd866085e5c47a17e118dd5a1a25964ac8d1c3601fe0
MTG:SECRET_LAIR:SL-C2CAC5DFF1B8FE,Astrology Lands (Sagittarius) Bundle - Non-Foil Edition — Nonfoil Edition,SECRET_LAIR,1,2026-07-23,2026-07-23,ccab1253c85f8f9deefea8e1e50d0e56b1daaad7986028f0aec7810b209d2575
MTG:SECRET_LAIR:SL-C2DA212EE2424D,Drop: Prints Charming - Non-Foil Edition — Nonfoil Edition,SECRET_LAIR,6,2026-03-01,2026-07-23,6d12e0747c41fa7c7ffa1e919d73e7b3736215558903a31c27846e77d02f6742
MTG:SECRET_LAIR:SL-C365E12BA9F953,Drop: February Superdrop - Showcase: Neon Dynasty - Neon Ink Foil Edition — Foil Edition,SECRET_LAIR,1,2026-07-23,2026-07-23,3ddae0c151cb56ad56d487c122c1057eb329e94b8079bb81a10ba1f9d726fd4b
MTG:SECRET_LAIR:SL-C3A8669A77CF0F,Drop: Secret Lair x Brain Dead: Staples - Non-Foil Edition — Nonfoil Edition,SECRET_LAIR,25,2024-08-01,2026-07-23,2c6b2c60668d6f0e62ee1a9e9fc235686e003411175a1771eca0fb925610c38e
MTG:SECRET_LAIR:SL-C3D0A31003B38B,Drop: Outlaw Anthology Vol. 1: Rebellious Renegades - Rainbow Foil Edition — Foil Edition,SECRET_LAIR,27,2024-06-01,2026-07-23,b4f2fbb91a8cd126bdc0c543126ac71c4664a03c178ed569e848e1be48bfbfad
MTG:SECRET_LAIR:SL-C43B4DA056180D,Drop: Purr Majesty - Non-Foil Edition — Nonfoil Edition,SECRET_LAIR,2,2026-07-01,2026-07-23,288c8463a1f2bf1bfd08279737f259a60d5628323772d44659937eca82af6c4b
MTG:SECRET_LAIR:SL-C44AE37BDB68A9,Drop: City Styles 2: Dressed to Kill - Rainbow Foil Edition — Foil Edition,SECRET_LAIR,18,2025-03-01,2026-07-23,172a37cf4b0bc0c3ecd52294ffd782162b5fbb48c97942a2ad4fe00a9cfd313d
MTG:SECRET_LAIR:SL-C4573F398978D7,Drop: The Ultimate Pencil - Non-Foil Bundle — Nonfoil Edition,SECRET_LAIR,10,2025-10-01,2026-07-24,20f80af262900484dd7dc5b35e7eaa6145c93ecf2d1b53847f0ed67288ed0a83
MTG:SECRET_LAIR:SL-C4E698097E6EB6,Drop: Secret Lair x Hatsune Miku: Digital Sensation EN - Rainbow Foil Edition — Foil Edition,SECRET_LAIR,26,2024-07-01,2026-07-23,a31f7eb0c993540c51035e2ad338137161de961aef75dbe371df691c5f6eb3fd
MTG:SECRET_LAIR:SL-C53B25CD55720F,Drop: Secret Lair x Dungeons & Dragons: Lands of the Forgotten Realms - Non-Foil Edition — Nonfoil Edition,SECRET_LAIR,6,2026-03-01,2026-07-23,7c99a58cd3330e0392ee470098d5049816ea07f67b6f7250792fc50e456d2ed3
MTG:SECRET_LAIR:SL-C53BF262ADA17B,Drop: Fill My Cauldron with Non-Foils Bundle — Nonfoil Edition,SECRET_LAIR,1,2026-07-23,2026-07-23,28b44c94a2053ee93c05ce19f1d2e30ed68590c433f49e85359dbce5cc9abe09
MTG:SECRET_LAIR:SL-C59DE249DE7287,Drop: Crocodile Jackson's Monstrous Menagerie - Foil Etched Edition — Foil Edition,SECRET_LAIR,31,2024-02-08,2026-07-23,9ba83d9604e7ad32eb7d2885c3ec6504d52da957d3e630242fd11a33b571f32c
MTG:SECRET_LAIR:SL-C5A93064AA668C,Drop: Secret Lair x Jurassic World: Dr. Ian Malcolm - Non-Foil Edition — Nonfoil Edition,SECRET_LAIR,31,2024-02-08,2026-07-23,ab541f75b3cf85d5dc1e49a1c5c425ead0fb185ce37a46b480b27e11e3e3bd06
MTG:SECRET_LAIR:SL-C649AFADB4E38B,Drop: Secret Lair x Jurassic World: Life Breaks Free - Rainbow Foil Edition — Foil Edition,SECRET_LAIR,31,2024-02-08,2026-07-23,71dca1c1d597422c4e360342881355827bff4c8dc6bcc5769239525f9b2e05ae
MTG:SECRET_LAIR:SL-C67CDDB0AE44ED,Drop: Burn ‘Em All Bundle - Rainbow Foil Edition — Foil Edition,SECRET_LAIR,9,2025-10-01,2026-07-01,cbb80b688c6e677815736757862a1e6cc68a153c0d0873dcdd9c70b80e72d097
MTG:SECRET_LAIR:SL-C70FCBB505BD77,x Jaws: Terror of Amity Island - Rainbow Foil Edition — Foil Edition,SECRET_LAIR,10,2025-11-01,2026-07-24,29591a853b8087b0feb4ee937e77fcbacbff4b0ee388464043deef9850e204a3
MTG:SECRET_LAIR:SL-C72D4B2E5B3130,Drop: Mother's Day 2021 - Non-Foil Edition — Nonfoil Edition,SECRET_LAIR,31,2024-02-08,2026-07-23,832734811ff7dd42bff166a480150eb20ca934949866b5e826c2cf8795c80820
MTG:SECRET_LAIR:SL-C7694953E368F4,Drop: Secret Lair x Monty Python: Monty Python and the Holy Grail: Vol. 1 - Non-Foil Edition — Nonfoil Edition,SECRET_LAIR,25,2024-08-01,2026-07-23,f7f3d4f5b3eb790ed833f45d965850f126ea436b2f3f6979e531602e10903dd1
MTG:SECRET_LAIR:SL-C805DBBC1C6677,Drop: Secret Lair x Marvel's Spider-Man: Mana Symbiote - Raised Foil Edition — Foil Edition,SECRET_LAIR,11,2025-10-01,2026-07-23,2b100da014c28cd787cb4e5fb4891b668e8c971c8d197f0e9b275f036a1dd5c5
MTG:SECRET_LAIR:SL-C80FAE8D249054,Drop: Every Dog Has Its Day - Non-Foil Edition — Nonfoil Edition,SECRET_LAIR,31,2024-02-08,2026-07-23,1b61a762403e98c877a22f0e92f2868d5d2fca3e6fbefcc75c011a5434df7f93
MTG:SECRET_LAIR:SL-C82833E3A7C3DF,Drop: Spring Superdrop 2024: Hatsune Miku: Sakura Superstar Bundle — Standard Edition,SECRET_LAIR,1,2026-07-24,2026-07-24,eccf986d62f25f400534eaad84e1b8cc8c4f054c9fd6f57553b6caace873672d
MTG:SECRET_LAIR:SL-C82FB71F29626A,Drop: Astrology Lands (Leo) Bundle - Non-Foil Edition — Nonfoil Edition,SECRET_LAIR,1,2026-07-23,2026-07-23,ad9ea3e6fccc548990905b061133e498b311a65e73b809b075ea72eb983e75bc
MTG:SECRET_LAIR:SL-C83649108644FE,Astrology Lands (Aries) - Traditional Foil Edition — Foil Edition,SECRET_LAIR,31,2024-02-08,2026-07-23,50b9261cb056b0a64646ef179ba500b1e4bb4fad2caa40f872494a7c61bc8919
MTG:SECRET_LAIR:SL-C863D417DDE83A,Festival in a Box Las Vegas 2023 Bundle — Standard Edition,SECRET_LAIR,1,2026-07-24,2026-07-24,f40e88c4d9695feee4f29c06b140925abcebc9b850a4ba11888df1876ff15fb6
MTG:SECRET_LAIR:SL-C8B08A7139FC31,Drop: Secret Lair x Hatsune Miku: Winter Diva EN - Non-Foil Edition — Nonfoil Edition,SECRET_LAIR,18,2025-03-01,2026-07-23,3ead961f5584b18eee0d17cae7057c0e3f860d0d981fbdf9e210bffe8041f82b
MTG:SECRET_LAIR:SL-C94DD14ECC45A6,Drop: Gift Wrapped - Non-Foil Edition — Nonfoil Edition,SECRET_LAIR,31,2024-02-08,2026-07-23,d17401e846bd940e6c7e3cdb81187fd0b3552b900559bac5c3872bb2c0c21544
MTG:SECRET_LAIR:SL-C9877AF6FE4DA4,x Avatar: The Last Airbender Superdrop: Master Of All Elements Everything Bundle — Standard Edition,SECRET_LAIR,1,2026-07-24,2026-07-24,8507cd0af967f6cf794e660c913cafed2548228ea8e4c584d9544df9a55aaf03
MTG:SECRET_LAIR:SL-C999737763FC53,Drop: Dan Frazier is Back: The Enemy Signets - Foil Etched Edition — Foil Edition,SECRET_LAIR,31,2024-02-08,2026-07-23,399f512f556712306ec83e9adf698cb815e720afe93ca55da42fdff223b19cad
MTG:SECRET_LAIR:SL-C9B2F11CEB5F77,"Drop: Transformers: One Shall Stand, One Shall Fall - Non-Foil Edition — Nonfoil Edition",SECRET_LAIR,31,2024-02-08,2026-07-24,763127ad75aebebb421f68df811cad50aef75337719a04798a2e8a6d8bc820a7
MTG:SECRET_LAIR:SL-CA134058712347,Drop: Winter Superdrop 2025: Trailblazing Bundle - Non-Foil Edition — Nonfoil Edition,SECRET_LAIR,16,2025-03-01,2026-07-01,e20fa673a19c2aae02419273b61550415af0331e3163cee829f10080c4da6280
MTG:SECRET_LAIR:SL-CA17EB83C29B15,Drop: vroooOOOMMMMMM! - Raised Foil Playset Bundle — Foil Edition,SECRET_LAIR,15,2025-06-01,2026-07-24,9ad6219bac951242eaa1f40632f3d12b2262a340a4692403a88456a29482c492
MTG:SECRET_LAIR:SL-CA2C167AAFAD55,Drop: Finally! Left-Handed Magic Cards - Traditional Foil Edition — Foil Edition,SECRET_LAIR,31,2024-02-08,2026-07-23,c0cfc010ac4b9709fdada68e51c0e9e43eb852e01c349fbb09aa31c9b309842c
MTG:SECRET_LAIR:SL-CA3A146FC06964,"Drop: February Superdrop - Non-stop, Non-Foil Bundle — Nonfoil Edition",SECRET_LAIR,20,2024-02-08,2026-07-23,ff7511b512d3aa404af45c3e1b46eb991db7fc3ef495e1d8f04872e372d10a4b
MTG:SECRET_LAIR:SL-CA46F5F5791EBB,Roadshow Edition: So Salty - Traditional Foil Edition — Foil Edition,SECRET_LAIR,5,2026-04-01,2026-07-24,a203c5cc2fb4ffe393023080e03aa9da7301cf6d7c209bdc09db09fb59abee28
MTG:SECRET_LAIR:SL-CA6CCECFEBEC2C,Drop: Secret Lair x Teenage Mutant Ninja Turtles: VHS Villains - Traditional Foil Edition — Foil Edition,SECRET_LAIR,5,2026-04-01,2026-07-23,b3f95ab1ff69b5907202370152b24c123217b17226e3dbdd2828209affd0ce26
MTG:SECRET_LAIR:SL-CA6FA7819E27BD,Drop: Summer Superdrop Bundle — Standard Edition,SECRET_LAIR,1,2026-07-24,2026-07-24,a3a3c359db7f20a22b5c452f911d143938d7fc5429c0aa3e2a61e5280b63f699
MTG:SECRET_LAIR:SL-CAB929EA2DD4AE,x Sonic the Hedgehog Superdrop: Turbo Gear — Nonfoil Edition,SECRET_LAIR,1,2026-07-24,2026-07-24,8507cd0af967f6cf794e660c913cafed2548228ea8e4c584d9544df9a55aaf03
MTG:SECRET_LAIR:SL-CAEFD21D151456,Drop: Featuring: Luke Pearson - Non-Foil Edition — Nonfoil Edition,SECRET_LAIR,18,2025-03-01,2026-07-23,252c04b73509344b5feeaad85e22b94aa6eb8c385a12886fe2ff5bd87c65611d
MTG:SECRET_LAIR:SL-CB766B61EEFB6E,Drop: Outlaw Anthology Vol. 1: Rebellious Renegades - Non-Foil Edition — Nonfoil Edition,SECRET_LAIR,27,2024-06-01,2026-07-23,63ba3a73b7ca2cc9ce0dc29b7a93c572b012a9b2afe3350abcedea14ffdf166f
MTG:SECRET_LAIR:SL-CBFED1F92A630D,Drop: Showcase: Read The Fine Print - Traditional Foil Edition — Foil Edition,SECRET_LAIR,31,2024-02-08,2026-07-23,add206422e74280420769b1300fce7cc94baa3794ae1cd6a8d125256eed05838
MTG:SECRET_LAIR:SL-CC030DBD6E29FE,x The Last of Us Part II - Rainbow Foil Edition — Foil Edition,SECRET_LAIR,10,2025-11-01,2026-07-24,e161748419e569785eaececbbcb1e9582be28fbc54b01a3ea6d031daaa93cf51
MTG:SECRET_LAIR:SL-CC5293951E84F8,Superdrop: Supershock Bundle - Non-Foil Edition — Nonfoil Edition,SECRET_LAIR,22,2024-02-08,2026-07-24,a5bb0990eb1cb43675fb91784a02fa21c1188f2017a149652223c17d04e398e8
MTG:SECRET_LAIR:SL-CCE426CFBA5D07,Drop: Pixel Perfect: Extra Life 2024 - Non-Foil Edition — Nonfoil Edition,SECRET_LAIR,22,2024-11-01,2026-07-23,99b244961025d90fc56138b71e1ca7051881b2b2779b053a2a03018ddc81771b
MTG:SECRET_LAIR:SL-CD2FC308C3644A,Drop: Tome of the Astral Sorceress - Non-Foil Edition — Nonfoil Edition,SECRET_LAIR,22,2024-11-01,2026-07-24,b1e4ccdfc19e56de26cd4976974fa56d7741d5ace1f9d4132689b389308f8dd7
MTG:SECRET_LAIR:SL-CD43B6F3D7A59F,Drop: Secret Lair x Dungeons & Dragons: Karlach's Rage - Non-Foil Edition — Nonfoil Edition,SECRET_LAIR,24,2024-09-01,2026-07-23,8910fb03202d15dd00401271cfe1bb4374b55a4f673e0dfc193c9dc052b313df
MTG:SECRET_LAIR:SL-CD637B6154FA4F,Drop: Special Guest: Kelogsloops - Non-Foil Edition — Nonfoil Edition,SECRET_LAIR,31,2024-02-08,2026-07-24,e64ddeee22a0898dcd5f6c8575e65f26eb91baf148a11d9d38b8cf2e04c45f62
MTG:SECRET_LAIR:SL-CD67446B439F75,x Post Malone: Backstage Pass - Non-Foil Edition — Nonfoil Edition,SECRET_LAIR,31,2024-02-08,2026-07-24,e15b96667a16d000d1f1dfd99fe7319b5f850c5f110f5d67b6806e0f16123296
MTG:SECRET_LAIR:SL-CE0D22C4A5732F,Drop: Aether Drifters - Non-Foil Edition — Nonfoil Edition,SECRET_LAIR,18,2025-03-01,2026-07-23,414114d11674150fa3489736ce84e95071a1c1faa3c20e2ae591e8f950b9c26e
MTG:SECRET_LAIR:SL-CE39B48D52F07A,Drop: Just Add Milk: Second Helpings - Traditional Foil Edition — Foil Edition,SECRET_LAIR,31,2024-02-08,2026-07-23,756c41cd52ee183aa746c5f87efcf4692e026fd34669b209a53afcc0c2aba20f
MTG:SECRET_LAIR:SL-CE3BB4F7AF5651,Drop: Goblingram - Non-Foil Edition — Nonfoil Edition,SECRET_LAIR,27,2024-06-01,2026-07-23,3fbc4c61ed9cda82f407d340007466377c859a7a43440751c62e0a05768e1fd3
MTG:SECRET_LAIR:SL-CE6909ECF00CA8,Drop: Secret Lair x Stranger Things - Non-Foil Edition — Nonfoil Edition,SECRET_LAIR,31,2024-02-08,2026-07-23,743667abba7e2e4523fe2207f6931fa740904c36faf2e8a313a1eaf646f9ad65
MTG:SECRET_LAIR:SL-CEB06DD843F657,Drop: Summer Superdrop 2025 - The Art of Frank Frazetta: The Second Exhibition (Rainbow Foil Edition) — Foil Edition,SECRET_LAIR,13,2025-07-01,2026-07-01,62f225e561ae4bdb9783ac478ea1245fd16a938eee2ebb69fe82c52ee3aab54e
MTG:SECRET_LAIR:SL-CED357C3AB21E8,Drop: The Art of Frank Frazetta - Traditional Foil Edition — Foil Edition,SECRET_LAIR,29,2024-02-08,2026-07-24,99609884cdf4349330caa6fdd41948567dda35115bd07f7386992dddf335813a
MTG:SECRET_LAIR:SL-CEFFC6DB7F7ABD,Drop: December Superdrop Non-Foil Bundle — Nonfoil Edition,SECRET_LAIR,6,2024-02-08,2024-07-01,ff7e87ecda82b50a4bc30c53151b3080c4e579f402095a39e4f97ed6e3767d0f
MTG:SECRET_LAIR:SL-CFD92A398D8349,Drop: Return to Mystical Archive - Traditional Foil Edition — Foil Edition,SECRET_LAIR,2,2026-07-01,2026-07-23,1444b690e82c2fb6f589fe11a4fa3453bf83368c32e0d31eca8e5df7bc3a3134
MTG:SECRET_LAIR:SL-D061A6FE209B52,Drop: Secret Lair x Dungeons & Dragons: Death is in the Eyes of the Beholder II - Non-Foil Edition — Nonfoil Edition,SECRET_LAIR,24,2024-09-01,2026-07-23,52dd1e5273f13c62c9770492423051b3fb959b0c74dd5a1dfc12c01c9c10b803
MTG:SECRET_LAIR:SL-D126DBCCB251DC,Drop: Astrology Lands (Capricorn) Bundle - Traditional Foil Edition — Foil Edition,SECRET_LAIR,5,2024-03-01,2026-07-23,72160dd4b211ae374c9dbe1997cac82b436f1ebb7cb5b15f4dde54a69ffd4aeb
MTG:SECRET_LAIR:SL-D133893D13E78E,x Avatar: The Last Airbender Superdrop: Avatar State Non-Foil Bundle — Nonfoil Edition,SECRET_LAIR,9,2025-12-01,2026-07-24,6f7f60b6f98f66e60f1b6bbd817e2232912478410a5649dc815621769e597457
MTG:SECRET_LAIR:SL-D13D0C095C023B,Drop: Featuring: Kevin Eastman (Colors) - Non-Foil Edition — Nonfoil Edition,SECRET_LAIR,5,2026-04-01,2026-07-23,f275aa745ea256267a03c0e16045c19ae67b261b575b8ee47ef776722e68c9c9
MTG:SECRET_LAIR:SL-D14CD1568AC703,Drop: KEXP: Where the Music Matters - Rainbow Foil Edition — Foil Edition,SECRET_LAIR,15,2025-06-01,2026-07-23,ec6dc838d2f2a140d06da637d3c3f463f5d065f918c6d587125755011446568e
MTG:SECRET_LAIR:SL-D1513B904FE27E,Drop: Showcase: Dominaria United - Textured Foil Edition — Foil Edition,SECRET_LAIR,31,2024-02-08,2026-07-23,01bdb7ab629859532bfe9422c1647d7d2fee2d81c7e06cdef0086513906f8d79
MTG:SECRET_LAIR:SL-D18A4E24571B1B,Drop: Inked - Non-Foil Edition — Nonfoil Edition,SECRET_LAIR,3,2026-06-01,2026-07-23,6f3f51b41ffda1545a289ea44878da73040219a34c71e8f084775b04ac4d6c5b
MTG:SECRET_LAIR:SL-D1A162914F5B85,Astrology Lands (Pisces) - Non-Foil Edition — Nonfoil Edition,SECRET_LAIR,31,2024-02-08,2026-07-23,954db08d49f8d9c80ed6fc29990b60b218ec67ec3af5d4cb284e709ef2d594e9
MTG:SECRET_LAIR:SL-D23F4A9FC75D03,Drop: Artist Series: Aleksi Briclot - Traditional Foil Edition — Foil Edition,SECRET_LAIR,31,2024-02-08,2026-07-23,2bc7be4bb425660a20bcd6b6e9ab3ba298183517dd673458048bd4946a200b9d
MTG:SECRET_LAIR:SL-D263E9818F8B46,Drop: In Memoriam: Jaya Ballard - Traditional Foil Edition — Foil Edition,SECRET_LAIR,31,2024-02-08,2026-07-23,12823588a72e40a94d2d1c0fb298ee878898d161a36b87fcabf18a0287dbf9fa
MTG:SECRET_LAIR:SL-D2FCABD86AD689,Drop: Time Trouble Two - Traditional Foil Edition — Foil Edition,SECRET_LAIR,31,2024-02-08,2026-07-24,e01db592d44fa564a5f594eb557e8d6abfb7c2d6dac5383fdef87c78b06f20d8
MTG:SECRET_LAIR:SL-D367F0D637FE13,Drop: Special Guest: Yoji Shinkawa (English) - Traditional Foil Edition — Foil Edition,SECRET_LAIR,31,2024-02-08,2026-07-24,88cb24c224544fa7e7a11aff7a194cb290fbcc137b9a49bb5016447364b82e9f
MTG:SECRET_LAIR:SL-D3778B65B20E24,Drop: Secretversary Superdrop - Artist Series: Seb McKinnon - Traditional Foil Edition — Foil Edition,SECRET_LAIR,31,2024-02-08,2026-07-23,7db3803a210bca61f771f553044ab5d005d67662879164157d70195ee3a1fd93
MTG:SECRET_LAIR:SL-D3C161D032DC86,Drop: Whimsy & Wonder Bundle - Rainbow Foil Edition — Foil Edition,SECRET_LAIR,9,2025-10-01,2026-07-01,ca40b7a6ffd76ecd7b10275ae988ff8469c3b1797e56d674a5777be28e7c97b9
MTG:SECRET_LAIR:SL-D3D61A3D20908A,Drop: Two Scoops - The House Special Bundle — Standard Edition,SECRET_LAIR,1,2026-07-24,2026-07-24,34343b693010e1330ee56ef474ef8a92451d1d3b7a73e49e3d487d58a739a7df
MTG:SECRET_LAIR:SL-D53A1849E7B1C9,Drop: Winter Superdrop 2024: Beastly Breakfast Omens Bundle - Non-Foil Edition — Nonfoil Edition,SECRET_LAIR,29,2024-02-08,2026-07-01,6882a283e8b1aa0e0b5074848f96f80817108649cea8ac5f36d8e401634a8981
MTG:SECRET_LAIR:SL-D5C35A28D4B658,Drop: Astrology Lands (Libra) Bundle - Traditional Foil Edition — Foil Edition,SECRET_LAIR,1,2026-07-23,2026-07-23,dea240e41661f5dd83d0d999882e0c81638b8a4a2de0026e8ce24f67953604aa
MTG:SECRET_LAIR:SL-D5D2DCA70EA4CD,Drop: Our Boss is on Vacation Superdrop: Interim Boss's Bant Bundle — Standard Edition,SECRET_LAIR,1,2026-07-23,2026-07-23,f88dfda5a391897ef5523ee8f7daf2a846cfddc517962f892f8e10e6245cb581
MTG:SECRET_LAIR:SL-D608F5D4F5385E,x Blood Bowl - Non-Foil Edition — Nonfoil Edition,SECRET_LAIR,31,2024-02-08,2026-07-24,c5487ffd224586577fee7e9f13ec64ba1657cdc95688c384857cc8667dbce526
MTG:SECRET_LAIR:SL-D62B35CD192D99,Drop: Astrology Lands (Cancer) - Traditional Foil Edition — Foil Edition,SECRET_LAIR,31,2024-02-08,2026-07-23,51e74722b00358e3c57e16470ea4efb0d03b58a05b024f3029ec9f673be9cb4b
MTG:SECRET_LAIR:SL-D62C510B60B977,Drop: The Godzilla Lands - Traditional Foil Edition — Foil Edition,SECRET_LAIR,31,2024-02-08,2026-07-24,7c644a450b400a563b7bc05df82099d58573c21b834cab0dd10703e51deb12e2
MTG:SECRET_LAIR:SL-D68D8EB45F05E9,Ponies: The Galloping 2: Extra Life 2023 - Non-Foil Edition — Nonfoil Edition,SECRET_LAIR,30,2024-02-08,2026-07-24,275e3465305a123ebe42b21617e5e4eebc1fd27c585e3dc82d0de8b1901dfbd5
MTG:SECRET_LAIR:SL-D68D9EB4249382,Drop: Secretversary Superdrop - A Box of Rocks - Traditional Foil Edition — Foil Edition,SECRET_LAIR,31,2024-02-08,2026-07-23,939edd8ec516b31863427c02ac287ab6464918b1ad27d24306c41d4c2888b81a
MTG:SECRET_LAIR:SL-D6C7802610A57F,Drop: Showcase: All Will Be One - Step-and-Compleat Foil Edition — Foil Edition,SECRET_LAIR,31,2024-02-08,2026-07-23,85cfcfe04a9c9e50054a7d148cd17a96a86612b12fcb3ed87fe87bce341b2074
MTG:SECRET_LAIR:SL-D76CD5BC7E1068,Drop: Astrology Lands (Cancer) Bundle - Traditional Foil Edition — Foil Edition,SECRET_LAIR,1,2026-07-23,2026-07-23,2187b2a17f4568558753830a7dfdccddea75a48e9af8fd29afd688d5c17d74d4
MTG:SECRET_LAIR:SL-D792C24E8A09CF,Drop: Artist Series: Ryan Alexander Lee - Traditional Foil Edition — Foil Edition,SECRET_LAIR,31,2024-02-08,2026-07-23,de58fa581ca90b927d5a0ba23ec4ea10fb219258822ebd734c33c6b7501ee396
MTG:SECRET_LAIR:SL-D7984A9CB76C99,Drop: Our Boss is on Vacation Superdrop: Garden Buds - Non-Foil Edition — Nonfoil Edition,SECRET_LAIR,17,2025-04-01,2026-07-23,6091e545495138fb5d9ff316b80f9aa73f3f08f6aaf426bff027e55822cfd776
MTG:SECRET_LAIR:SL-D80EFE168FB6A1,Drop: Pride Across the Multiverse - Traditional Foil Edition — Foil Edition,SECRET_LAIR,31,2024-02-08,2026-07-23,dda2dfe58afe78a4b8ccec806da003829fb730ccaa794023f8a00ea04b08ea51
MTG:SECRET_LAIR:SL-D83DCC4548D04F,Superdrop: Voracious Reader Bundle - Non-foil — Nonfoil Edition,SECRET_LAIR,26,2024-02-08,2026-04-01,67177448f4191f96acb6ed07b72a87eb57cfd9e4be4d994f8bbcba61d493752d
MTG:SECRET_LAIR:SL-D85757C8DB2B40,Drop: Artist Series: Rovina Cai - Non-Foil Edition — Nonfoil Edition,SECRET_LAIR,28,2024-05-01,2026-07-23,42432cf63ef566979b147952128e1dbeaecc8f664075a3d4867683ef2f3abcba
MTG:SECRET_LAIR:SL-D8B6168FF7A7AD,Drop: Arcade Racers - Rainbow Foil Edition — Foil Edition,SECRET_LAIR,18,2025-03-01,2026-07-23,422af5781cbedff2b45ab361397d755648a4be128fea384b13c0ef184e06dc28
MTG:SECRET_LAIR:SL-D91B54107A78A7,Drop: Secret Lair x Garfield: As Intended - Non-Foil Edition — Nonfoil Edition,SECRET_LAIR,2,2026-07-01,2026-07-23,63e4f53314c2399ae3cdc6a2e571acc4a3127e2410856e4151df714204837d27
MTG:SECRET_LAIR:SL-D929FF1E16FDD7,Festival in a Box Las Vegas 2024 Bundle — Standard Edition,SECRET_LAIR,1,2026-07-24,2026-07-24,e4813a9fbb2b0add0361715f11a4b2a956fc8cb84f3f36c9a21e2a125bdf6023
MTG:SECRET_LAIR:SL-D9CB56BE93955C,Drop: Omens of Chaos - Non-Foil Edition — Nonfoil Edition,SECRET_LAIR,2,2026-07-01,2026-07-23,1ccf5dc4d56db72015dee1cca1b1e22f107012176c24eacb0a337028dc071b0e
MTG:SECRET_LAIR:SL-D9F56A65FD35C5,Drop: The Bundled Bundle Bundle — Standard Edition,SECRET_LAIR,1,2026-07-24,2026-07-24,c8ed60f25ae38a2957c31d358c4b3ec78638d078d064ad12f794b2f11670620a
MTG:SECRET_LAIR:SL-D9F7FC2E4D48A5,Drop: Camp Totally Safe Superdrop: Noise from the Woods Bundle - Foil Edition — Foil Edition,SECRET_LAIR,20,2024-11-01,2026-07-01,ba95068488679ad823dedb4cc283f20ae9b1576ac385357f8585214a90bf0450
MTG:SECRET_LAIR:SL-DA0255DFD87A79,Drop: February Superdrop - Shades Not Included - Traditional Foil Edition — Foil Edition,SECRET_LAIR,31,2024-02-08,2026-07-23,2798c72fdf8743a84a6ed363498382bb9946f85ac746e1f87867dfe2af404b53
MTG:SECRET_LAIR:SL-DA137A8920D7BE,Drop: Deceptive Divination - Non-Foil Edition — Nonfoil Edition,SECRET_LAIR,31,2024-02-08,2026-07-23,9434b394913147bf46d18367181d1cb22d55c6d325779ac9a202938b42725c28
MTG:SECRET_LAIR:SL-DA14F1AD8875AF,Astrology Lands (Sagittarius) Bundle - Traditional Foil Edition — Foil Edition,SECRET_LAIR,1,2026-07-23,2026-07-23,6e5bf9e74696b557d7eef628d16cd4604327867b5a29c28910311632997582ed
MTG:SECRET_LAIR:SL-DA7F8AD7B0BC80,Drop: The Beauty of the Beasts - Rainbow Foil Edition — Foil Edition,SECRET_LAIR,31,2024-02-08,2026-07-24,b41edae4b573f0b93a074bc6010e10c74104075591a20ea4cc207ef284f65fc5
MTG:SECRET_LAIR:SL-DA95D95DF8A49D,x Blood Bowl - Traditional Foil Edition — Foil Edition,SECRET_LAIR,31,2024-02-08,2026-07-24,04f71f3c4219b1e09c6f773094669b23cc390f1b3a7cdecfd40739a6b3985362
MTG:SECRET_LAIR:SL-DAA2346E431D52,Drop: March of the Machine Bundle - Halo Foil Edition — Foil Edition,SECRET_LAIR,1,2026-07-23,2026-07-23,d529a7b2a48cbb39c986d60dc34517d17685585abe1598a88e0329df55e85271
MTG:SECRET_LAIR:SL-DB82DC16CD1A6A,Drop: Monster Movie Marathon - Non-Foil Edition — Nonfoil Edition,SECRET_LAIR,31,2024-02-08,2026-07-23,0b55089ed0265a1e1cc042a062b71b7b7e47765b8c0a2bf9376628d078a4a14f
MTG:SECRET_LAIR:SL-DBB9EAD006DF92,Drop: Special Guest: Kozyndan: The Lands - Non-Foil Edition — Nonfoil Edition,SECRET_LAIR,30,2024-02-08,2026-07-24,779b9e7a8fa2ca4312dc113ce29697c931a7d92a226eab632ed28e75c712e898
MTG:SECRET_LAIR:SL-DBDF87736B4AD6,x FINAL FANTASY: Grimoire - Non-Foil Edition — Nonfoil Edition,SECRET_LAIR,14,2025-07-01,2026-07-24,92d0242498810b26e48dce03faaa2d0891ff789a7a7a34e34711ebf85f4bd566
MTG:SECRET_LAIR:SL-DC36FC64429D5D,Drop: Showcase: Outlaws of Thunder Junction - Traditional Foil Edition — Foil Edition,SECRET_LAIR,27,2024-06-01,2026-07-23,d67450c7282e9b51a10b9de789c56352f48ee4de8bce0b2c96325c07ce196360
MTG:SECRET_LAIR:SL-DCD05FAA1B15E7,Drop: Our Boss is on Vacation Superdrop: They Grow Up So Fast - Rainbow Foil Edition — Foil Edition,SECRET_LAIR,17,2025-04-01,2026-07-23,aba0a42eb8aa35a9a06eecff4b401dee15ec179561ca8a9a15013e6ec59ba533
MTG:SECRET_LAIR:SL-DCDC09399C5D54,Drop: Just Some Totally Normal Guys - Traditional Foil Edition — Foil Edition,SECRET_LAIR,31,2024-02-08,2026-07-23,2e92ef9cfc9760b90f699ebbbc4351a790e497340a8bdd95dec6a814e6457647
MTG:SECRET_LAIR:SL-DD0C5279EE2007,Drop: Artist Series: John Avon - Non-Foil Edition — Nonfoil Edition,SECRET_LAIR,31,2024-02-08,2026-07-23,158e92f5cedb18c5e0c9cd2539f810094e0902c4b3b99da509cbfadc97c51bba
MTG:SECRET_LAIR:SL-DD25AF4AC936E2,Drop: Artist Series: John Avon - Traditional Foil Edition — Foil Edition,SECRET_LAIR,31,2024-02-08,2026-07-23,268e5898e2a571309ba4bdb8b13eb494a1250fdd4d99c10ebf2fa5bd85a6dc76
MTG:SECRET_LAIR:SL-DD3248D210AC90,"Drop: Bugs, Bands & Blockbusters Bundle - Traditional Foil Edition — Foil Edition",SECRET_LAIR,2,2024-02-08,2024-03-01,9d54e708dc4e8c4df1b293b9f87548a32ce1e5fbae3f7b1f351b047917cfefcf
MTG:SECRET_LAIR:SL-DD3A0B4F1E7DA1,Drop: More Adventures in Middle-earth Bundle — Standard Edition,SECRET_LAIR,1,2026-07-23,2026-07-23,0e2c8f6b298d857db2a8170eac3d4c5f94cbbf625570d3dc2c8e0963b0907b14
MTG:SECRET_LAIR:SL-DD598BF68D0AC7,Drop: Festival in a Box Chicago 2025 Bundle — Standard Edition,SECRET_LAIR,1,2026-07-23,2026-07-23,c2d7e4735497e81c43641b8451a3f58d3fcc0f49c66c4a69157105f0adfc773b
MTG:SECRET_LAIR:SL-DD778C566554A0,Drop: Featuring: Gary Baseman - Non-Foil Edition — Nonfoil Edition,SECRET_LAIR,31,2024-02-08,2026-07-23,4f25f9987128040c310b09882521ab6fa004a301a65dba241f9ad529362489c7
MTG:SECRET_LAIR:SL-DDF2764A92D297,x Chaos Vault Drop: Commander Reinforcements World Shaper Bundle (Galaxy Foil) — Foil Edition,SECRET_LAIR,11,2025-09-01,2026-07-01,7f86202a0f1e48a16fb6b73ab9d4eef2c12fbfbd65744066112c6ae43b4c65fb
MTG:SECRET_LAIR:SL-DE73D77FB013F4,x FINAL FANTASY: Game Over - Rainbow Foil Edition — Foil Edition,SECRET_LAIR,14,2025-07-01,2026-07-24,b4d6c52a0575839979436720f61fc01b40ee1dadfecc9e05ba601fd4f1074b86
MTG:SECRET_LAIR:SL-DEB0786B62B51D,Drop: PixelSnowLands.jpg - Non-Foil Edition — Nonfoil Edition,SECRET_LAIR,31,2024-02-08,2026-07-23,b5389579a1025c08554fc5cbd4069c419862b920db1644d0ba2b504e12f66e12
MTG:SECRET_LAIR:SL-DEE8CCCA9CFCCE,Drop: Bad to the Bones - Traditional Foil Edition — Foil Edition,SECRET_LAIR,31,2024-02-08,2026-07-23,6732146d26bb102c5e33a1aa0407d4a4e37b649dc90943b946617404589bbbc2
MTG:SECRET_LAIR:SL-DEF4A1D4ADC965,Drop: Astrology Lands (Libra) - Traditional Foil Edition — Foil Edition,SECRET_LAIR,31,2024-02-08,2026-07-23,57e786d932e12686a12204f40b1137bc93ab88270a80f529fe6f68c0cd67a9d3
MTG:SECRET_LAIR:SL-DF5563A6AB6A1B,Drop: The Strange Sands: Forest - Non-Foil Edition — Nonfoil Edition,SECRET_LAIR,19,2025-02-01,2026-07-24,9c6cc5194924e38d559efa12d216eaea9c8855c8ba5df0a97b9e63c07a026531
MTG:SECRET_LAIR:SL-DFE9AC9C5D05C9,Drop: Goblin & Squabblin' - Rainbow Foil Edition — Foil Edition,SECRET_LAIR,31,2024-02-08,2026-07-23,f7069c9b4633887613958f01bdacd477255014fe5c9d0ede660ec7513deaaae5
MTG:SECRET_LAIR:SL-E000815724EA2A,Drop: Showcase: March of the Machine Vol. 2 - Halo Foil Edition — Foil Edition,SECRET_LAIR,1,2026-07-23,2026-07-23,e1ca23001764803ab87c854238fb80d923cbd259e77abcbcc7ac9388f7a439ca
MTG:SECRET_LAIR:SL-E0190484BE31DE,Drop: Tome of the Astral Sorceress - Rainbow Foil Edition — Foil Edition,SECRET_LAIR,23,2024-10-01,2026-07-24,787e6677f0279c671273c6ea690627d1965ef5b34cfcc2ce58c2c7ffa9dc173f
MTG:SECRET_LAIR:SL-E03F5C270405EA,"Drop: Far Out, Man - Non-Foil Edition — Nonfoil Edition",SECRET_LAIR,31,2024-02-08,2026-07-23,b284fae45433213445d1ac1a91853dc7bbc7b0d632ec776b6ed3c51771f6cf73
MTG:SECRET_LAIR:SL-E0414D04317EA2,Drop: Secret Lair x Dungeons & Dragons: Astarion's Thirst - Non-Foil Edition — Nonfoil Edition,SECRET_LAIR,24,2024-09-01,2026-07-23,5bcc5ce10a36e746ffabd7ae9ddb3e18436bb6ef036f14141cfc05c428bb52d4
MTG:SECRET_LAIR:SL-E05E06D6578028,Drop: Secret Lair x Marvel's Spider-Man: Villainous Plots - Non-Foil Edition — Nonfoil Edition,SECRET_LAIR,11,2025-10-01,2026-07-23,1657491b28a7f8381a41ca90e226ac68ff34cddceec9496e73f534d6acecacac
MTG:SECRET_LAIR:SL-E06DD3E1E3F4CD,x Iron Maiden: Album Art - Rainbow Foil Edition — Foil Edition,SECRET_LAIR,10,2025-11-01,2026-07-24,1833ea6a599aa1eacc7e2bb14cb6fca50327a998af384a8a241a04b0badca924
MTG:SECRET_LAIR:SL-E126175F5EEBFF,Drop: Transformers: Optimus Prime Vs. Megatron - Traditional Foil Edition — Foil Edition,SECRET_LAIR,31,2024-02-08,2026-07-24,c92836cfbadd06aa1c4e933b0e2315fbc80364b5af08201655036867ce5a02ab
MTG:SECRET_LAIR:SL-E14AB3D48E2308,Drop: Cool Ocean Breeze - Traditional Foil Edition — Foil Edition,SECRET_LAIR,31,2024-02-08,2026-07-23,eef40061a8f68134c22b05f03d18aaaf2cf933be3f6ec158d3341d8956820985
MTG:SECRET_LAIR:SL-E19F0A74D8000D,Drop: Totally TubuLair Superdrop: Turtle Power Foil Bundle — Foil Edition,SECRET_LAIR,5,2026-04-01,2026-07-24,7b4341197357489fee1905c356e8b9527e5f617d68d898db62b7e1161a63d6cc
MTG:SECRET_LAIR:SL-E1E2903CCE3709,Drop: Featuring: Luke Pearson - Rainbow Foil Edition — Foil Edition,SECRET_LAIR,18,2025-03-01,2026-07-23,3023bbf535507c2fcc1840a4f895a9f72dd5fd095788f0b4989ed1b90078974b
MTG:SECRET_LAIR:SL-E23BF5EAA4F5AA,Drop: Artist Series: Livia Prima - Traditional Foil Edition — Foil Edition,SECRET_LAIR,31,2024-02-08,2026-07-23,e3b426a6b55a7eafb9f1d994195a0f978149bf61dbe5a03d50551e6088d7e30b
MTG:SECRET_LAIR:SL-E24F74D610175D,Drop: Dungeons & Dragons 50th Anniversary: Loot the Room with Foils Bundle — Foil Edition,SECRET_LAIR,17,2024-09-01,2026-07-01,b6bb35fa0a03521b5ca940eb1f1ed32495ba2a3de50148b03fc6afc700653fef
MTG:SECRET_LAIR:SL-E2540C64CF5262,Superdrop: Culture Shocks: Esper - Non-Foil Edition — Nonfoil Edition,SECRET_LAIR,31,2024-02-08,2026-07-24,35a193221986a9950355cf1ea361c752d563e3a732f3860cb438e9eb7e5b0ba7
MTG:SECRET_LAIR:SL-E282CE5635F5FC,x Ghost of Tsushima - Non-Foil Edition — Nonfoil Edition,SECRET_LAIR,10,2025-11-01,2026-07-24,ec15e1b9cb40914a768a88fd576b35e6fe14512e14b5d1cfef22410062980c26
MTG:SECRET_LAIR:SL-E2DB1B58657D1A,Drop: Secret Lair x Fallout: Welcome to New Vegas - Non-Foil Edition — Nonfoil Edition,SECRET_LAIR,7,2026-02-01,2026-07-23,7b5bfbcba09a092ee1f063ae68a6a27eff05389e125613ed4408049fabad4bf6
MTG:SECRET_LAIR:SL-E339A090348C36,Drop: Secret Lair x The Princess Bride - Traditional Foil Edition — Foil Edition,SECRET_LAIR,31,2024-02-08,2026-07-23,15c25ee4a4f6f7764c637c03b21d49cb39f086f06074934d10b504f1eafcc5f9
MTG:SECRET_LAIR:SL-E3519A1A83A8E6,Drop: In Memoriam: Jaya Ballard - Non-Foil Edition — Nonfoil Edition,SECRET_LAIR,31,2024-02-08,2026-07-23,ac86b14a1ec00156a2d52efc025cce1dd134531585ee73d18d1b59020ac4507f
MTG:SECRET_LAIR:SL-E397494832E845,Drop: Just Add Milk: Second Helpings - Non-Foil Edition — Nonfoil Edition,SECRET_LAIR,31,2024-02-08,2026-07-23,8055d4ad1366b3c47b5b1d2d72f45032e8fca00857294b686a200791b948f4ae
MTG:SECRET_LAIR:SL-E3D6BE401B6F95,Drop: Secret Lair x Marvel's Iron Man - Non-Foil Edition — Nonfoil Edition,SECRET_LAIR,21,2024-12-01,2026-07-23,d5cf6ee0c483862b9ad915d460b6912ea226a964b3a00919d580ea203815b866
MTG:SECRET_LAIR:SL-E3E88EC01DA49B,Superdrop: The Full-Text Lands - Traditional Foil Edition — Foil Edition,SECRET_LAIR,31,2024-02-08,2026-07-24,c4585844ed1ac4ef20ec36f0372cffbc9ccb4295145af0e9afd0661c2eafbffb
MTG:SECRET_LAIR:SL-E44D69BCAF5561,Drop: Secret Lair x Fallout: Greet the Dog - Traditional Foil Edition — Foil Edition,SECRET_LAIR,7,2026-02-01,2026-07-23,997c8a121e63762868fba4877d46b2339bc826337dd1fdd1516f8939e6885bd1
MTG:SECRET_LAIR:SL-E4888AAC444029,Drop: June Superdrop - Full-of-Foils Bundle — Foil Edition,SECRET_LAIR,16,2024-02-08,2026-07-23,aed7d760374c26a31d169607f126dea0d9b4b70f97c8ed3416214fcce878be20
MTG:SECRET_LAIR:SL-E4AC3EAED9F285,Drop: February Superdrop - Li'l Walkers - Non-Foil Edition — Nonfoil Edition,SECRET_LAIR,31,2024-02-08,2026-07-23,81e3228fa7167261f40ada33fd358dc6f48e625cf0fc37d65847348f64690009
MTG:SECRET_LAIR:SL-E558347311E1F4,Drop: Secret Lair x Marvel's Spider-Man: Heroic Deeds - Non-Foil Edition — Nonfoil Edition,SECRET_LAIR,11,2025-10-01,2026-07-23,55c62ee88f573aed366280bb4452b434bee95767a7dd3fd7b79988bc24e7979f
MTG:SECRET_LAIR:SL-E577A60B3B1BA6,Drop: Featuring: Gary Baseman - Traditional Foil Edition — Foil Edition,SECRET_LAIR,31,2024-02-08,2026-07-23,918af07255919ec93e1fd69308d9c133b1ad570181855529ff7ac225b4d7c8d8
MTG:SECRET_LAIR:SL-E5F4CFCD2D1E21,Drop: Secret Lair x Dungeons & Dragons: Gale’s Ambition - Foil Edition — Foil Edition,SECRET_LAIR,6,2026-03-01,2026-07-23,1b8431fa4dcc45460b047e21c418dabb249efbd0a137a2f15ee3e40e3c8df5b4
MTG:SECRET_LAIR:SL-E5F7C4556D2AE8,Drop: Math Is For Blockers - Non-Foil Edition — Nonfoil Edition,SECRET_LAIR,31,2024-02-08,2026-07-23,175bd2060103846d74ea512cd07acb4254416ffd6db54d3787916d8a28e6a754
MTG:SECRET_LAIR:SL-E618F74B27D105,Drop: Cards in Costume Foil Bundle - Traditional Foil Edition — Foil Edition,SECRET_LAIR,1,2026-07-23,2026-07-23,53327ef7b41bf58a670f9ff69110ce84d1ecc418bfb875c6e322e30d8ec11f19
MTG:SECRET_LAIR:SL-E63BB6ABED78A1,Drop: Nature is Adorable - Non-Foil Edition — Nonfoil Edition,SECRET_LAIR,31,2024-02-08,2026-07-23,7f2557a057cbf78920171ff5881e7964bdda448fffe999e8214bcafb3745df50
MTG:SECRET_LAIR:SL-E6815E809637CD,Drop: Secret Lair x Hatsune Miku: Digital Sensation EN - Non-Foil Edition — Nonfoil Edition,SECRET_LAIR,26,2024-07-01,2026-07-23,9bd9dfc27a543de71c92b9468d3e905518f1972e25e5efe1ec58bd32f9dbcef1
MTG:SECRET_LAIR:SL-E6ACEF67518AF1,Drop: Extra Life 2022 - Non-Foil Edition — Nonfoil Edition,SECRET_LAIR,31,2024-02-08,2026-07-23,e783f0040c2055ce278227d3c8e13852cd2fdfbff9587acf1ff9381792d6cbda
MTG:SECRET_LAIR:SL-E73519A6D7C437,Drop: Secretversary Superdrop - The Bundle Bundle — Standard Edition,SECRET_LAIR,1,2026-07-23,2026-07-23,45bdb9882100b068c1c74bc5f81b408a24648591664d925319083c26bcb95de7
MTG:SECRET_LAIR:SL-E761E1777C5411,Drop: Through the Wormhole - Non-Foil Edition — Nonfoil Edition,SECRET_LAIR,31,2024-02-08,2026-07-24,bc98836e01b777f4f9017acd3ffd8daadc0d8b92dc4ecdcb902329549d5d3937
MTG:SECRET_LAIR:SL-E7BDE12BA780C5,"Drop: Bugs, Bands & Blockbusters Bundle - Non-Foil Edition — Nonfoil Edition",SECRET_LAIR,25,2024-02-08,2026-07-01,19b1ea309b8dabd3240d0fdf99261b51db8bfb7dd5f6a56f47848e1cdfc5289c
MTG:SECRET_LAIR:SL-E82C687C9DB063,Drop: Astrology Lands (Capricorn) - Non-Foil Edition — Nonfoil Edition,SECRET_LAIR,31,2024-02-08,2026-07-23,99a1aaee7f73c383639b3889f93418c4792046d83291f9df38e84ccfd3745ce8
MTG:SECRET_LAIR:SL-E84A5B15E6F9C3,Drop: Featuring: Not a Wolf - Non-Foil Edition — Nonfoil Edition,SECRET_LAIR,26,2024-07-01,2026-07-23,470cebefba2bb4903e2a75687dfcbe18a8680bd9a83f5f93ed9f8b7b57eb59bc
MTG:SECRET_LAIR:SL-E8AF55C924629C,Drop: Featuring: Peach Momoko - Rainbow Foil Edition — Foil Edition,SECRET_LAIR,23,2024-10-01,2026-07-23,a4e55f2043176ab9d3c7224d736f9d085bf411211e80c1f1de4ed719b3931f62
MTG:SECRET_LAIR:SL-E94BE968A3A112,Drop: Secret Lair x Monty Python: Monty Python and the Holy Grail: Vol. 2 - Traditional Foil Edition — Foil Edition,SECRET_LAIR,25,2024-08-01,2026-07-23,fdf053bbee04514c02b01d9efbd461885ec3a8f96b142eecd9342fff19e69541
MTG:SECRET_LAIR:SL-E976A82043B976,Drop: Secret Lair X MSCHF - Foil Edition — Foil Edition,SECRET_LAIR,31,2024-02-08,2026-07-23,e7da9df1237691e31ff028597a011c103ec698f8d7efc35967f2d8061aaa37c0
MTG:SECRET_LAIR:SL-E9DEA56D4176E0,Superdrop: The Full-Text Lands - Non-Foil Edition — Nonfoil Edition,SECRET_LAIR,31,2024-02-08,2026-07-24,464f2dbe3742ada67e7088be136144bc7df1666fc00528fbb2457fb3229f3829
MTG:SECRET_LAIR:SL-EA00AF141F2FAC,Drop: Showcase: Kaldheim - Part 2 - Traditional Foil Edition — Foil Edition,SECRET_LAIR,31,2024-02-08,2026-07-23,a007fa52ba5b54a2d9b60cf8652fc9080456090f630bd92f5a11cc9795d64dbc
MTG:SECRET_LAIR:SL-EA3F127E1B6608,Drop: Secret Lair x Fallout: Vault Boy - Rainbow Foil Edition — Foil Edition,SECRET_LAIR,28,2024-05-01,2026-07-23,8869debaa06f80b3baf208c0916307375172f7bc08d9ba78930b0ec9451627df
MTG:SECRET_LAIR:SL-EA8B400EB7587C,Drop: The Strange Sands: Swamp - Rainbow Foil Edition — Foil Edition,SECRET_LAIR,19,2025-02-01,2026-07-24,7801ceae6389027b368d1fde1bf1d33394742676a5fd170ea24b3e40f84af3bf
MTG:SECRET_LAIR:SL-EB7674C656581E,Drop: Places to Trick or Treat Non-Foil Lands Bundle — Nonfoil Edition,SECRET_LAIR,22,2024-04-01,2026-07-01,b7ce0a297e5c7fb10cef8809908f1339c7048b2b0d2e2f829c83054907e1a826
MTG:SECRET_LAIR:SL-EB7E2032D0A931,Drop: Featuring: Julie Bell - Non-Foil Edition — Nonfoil Edition,SECRET_LAIR,26,2024-07-01,2026-07-23,e8dcea517ee250c8ce5cd900139d3119a1e04267377013ff0ec48e0cd6461593
MTG:SECRET_LAIR:SL-EB862139323FA8,Drop: Secret Lair x Dungeons & Dragons: Strahd’s Descent - Foil Edition — Foil Edition,SECRET_LAIR,6,2026-03-01,2026-07-23,24e318ac9900ac926c5c5f3ccb7738f25313dbb523c588c7bc06a6998fabd95d
MTG:SECRET_LAIR:SL-EBBF87B2EDF78C,Drop: February Superdrop - Kamigawa: the Manga: the Cards - Traditional Foil Edtion — Foil Edition,SECRET_LAIR,31,2024-02-08,2026-07-23,c15341a2c135e3711dc00263e98c77f4f8aebb0f5ee3424c275a47edfb7b3668
MTG:SECRET_LAIR:SL-EBF12D8FC470D3,Drop: Summer Superdrop - The Path Not Traveled - Traditional Foil Edition — Foil Edition,SECRET_LAIR,31,2024-02-08,2026-07-24,c55708ffd1afdd8d3aa0123369719c62033c35cd5130e419d34d05b38ad1d8b9
MTG:SECRET_LAIR:SL-EC805E73DB692C,Drop: The Weirdest Pets in the Multiverse - Traditional Foil Edition — Foil Edition,SECRET_LAIR,31,2024-02-08,2026-07-24,f3035d360f3fcfda104c8bebd3850fcdd621b030f770c6796e3537786f2cfa95
MTG:SECRET_LAIR:SL-EDA5F0018F2448,Drop: Secret Lair x Ghostbusters: Slimer - Rainbow Foil Edition — Foil Edition,SECRET_LAIR,23,2024-10-01,2026-07-23,9128f2a1711134a6091e6b6c4f80996a80c184da843e48d4416b6b581ff7b542
MTG:SECRET_LAIR:SL-EE12104C3A49E7,Drop: Secretversary Superdrop - We Hope You Like Squirrels - Traditional Foil Edition — Foil Edition,SECRET_LAIR,31,2024-02-08,2026-07-23,1eb1810a62d71be1017d7398266841df4a7897579f5f7177d38979defe2af8d2
MTG:SECRET_LAIR:SL-EE73A455D6DAFC,Drop: Magic: The Baseballing - Non-Foil Edition — Nonfoil Edition,SECRET_LAIR,31,2024-02-08,2026-07-23,2a6a8c7a637c29f39cdf86769dc7c6e1d7d6873704e5fcbc35b22f53793d1e40
MTG:SECRET_LAIR:SL-EE882204CA80F5,Drop: Pride Across the Multiverse - Non-Foil Edition — Nonfoil Edition,SECRET_LAIR,31,2024-02-08,2026-07-23,720e2714b928656494a28ad6baf5b4ef300887d09c7ff93864c086ffffe7162e
MTG:SECRET_LAIR:SL-EF03D947F97187,x Furby: The Oddbodies - Rainbow Foil Edition — Foil Edition,SECRET_LAIR,10,2025-11-01,2026-07-24,e53b6922a1afea909b3468eba3d78d9abad9783987cc7bfc3741bb73edb2f4e5
MTG:SECRET_LAIR:SL-EF10004B2C3091,Drop: Astrology Lands (Virgo) - Traditional Foil Edition — Foil Edition,SECRET_LAIR,31,2024-02-08,2026-07-23,854b355b1f1ccb41aae53b2a59da458f527b49c59fb205e3177579b3e5476478
MTG:SECRET_LAIR:SL-EF5BBE513EE03C,Drop: Theros Stargazing: Vol.I (Heliod) - Traditional Foil Edition — Foil Edition,SECRET_LAIR,30,2024-02-08,2026-07-01,08db4a5df28b1cf93393cbd139b03f1f9e6a45ec4b0c79b0b5b8191fa1359ba4
MTG:SECRET_LAIR:SL-EFFCE6D4208A63,Drop: Flower Power - Non-Foil Edition — Nonfoil Edition,SECRET_LAIR,10,2025-11-01,2026-07-23,1d449a243d08eb8826e848729e04b9a019b3cc4a80faa166c5c3575ffa063f74
MTG:SECRET_LAIR:SL-F0ADDB74A0D856,Drop: Tales of the Time Stoppers - Non-Foil Edition — Nonfoil Edition,SECRET_LAIR,31,2024-02-08,2026-07-24,151f972de8a7e0f12d5571533c974cdd5e444304f99c78e79144981314446501
MTG:SECRET_LAIR:SL-F0D638918879B3,Drop: Secret Lair x Doctor Who: The Weeping Angels - Traditional Foil Edition — Foil Edition,SECRET_LAIR,31,2024-02-08,2026-07-23,ec777f9911fe37f196de0fae073c388410b391e9ae5a220164e8bab8c96b3292
MTG:SECRET_LAIR:SL-F0F3F16536C281,x Avatar: The Last Airbender: One with the Elements - Rainbow Foil Edition — Foil Edition,SECRET_LAIR,9,2025-12-01,2026-07-24,77658fe4e4c851fc25f7c586baea4c0beb334c32b4b473d2afb218087c58ecf6
MTG:SECRET_LAIR:SL-F14FB92D2DCBC6,Drop: Witch's Familiar - Traditional Foil Edition — Foil Edition,SECRET_LAIR,2,2026-07-01,2026-07-24,2bd2303613f9fc17b675ee5d424583f381ad06d3f19829fb47884ec48db2db37
MTG:SECRET_LAIR:SL-F1CC2FF6F7667E,Drop: Li'l'er Walkers - Non-Foil Edition — Nonfoil Edition,SECRET_LAIR,31,2024-02-08,2026-07-23,e6d755e86e73155923481d0985ac6e13d043b3ae5a2fea629830d3d3660f6115
MTG:SECRET_LAIR:SL-F25C6E61EC9D3B,Festival in a Box Barcelona 2023 - Commander Fan Bundle — Standard Edition,SECRET_LAIR,1,2026-07-24,2026-07-24,8125e98f5ae88babb2f5c44128810d63e571ba4bf06fd49e0386dbab8b191698
MTG:SECRET_LAIR:SL-F26AFF6BB24E88,Drop: Secret Lair x Marvel's Spider-Man: Daily Bugle Breaking News - Rainbow Foil Edition — Foil Edition,SECRET_LAIR,11,2025-10-01,2026-07-23,9e734bb9b0b1602afa051ab57c49fdf75d7c41b7bad5cd339365f550d39c46f3
MTG:SECRET_LAIR:SL-F2F5EBEEEBD0C5,Drop: Prints of Darkness - Rainbow Foil Edition — Foil Edition,SECRET_LAIR,26,2024-07-01,2026-07-23,a2a621f0a1e35a21265768d4d8846b5ef7abecf9b32a16a01b912872b1cbd422
MTG:SECRET_LAIR:SL-F378E79C981B5B,Drop: Special Guest: Kelogsloops - Traditional Foil Edition — Foil Edition,SECRET_LAIR,31,2024-02-08,2026-07-24,7910d7511a67f7a09d08d93896bdd43f4501786548648fbab8ac1d1469c9b933
MTG:SECRET_LAIR:SL-F3C784F688A104,Drop: Our Boss is on Vacation Superdrop: Spongebob Squarepants: Legends of Bikini Bottom - Non-Foil Edition — Nonfoil Edition,SECRET_LAIR,17,2025-04-01,2026-07-23,a8298a64880aa26ecd00dc5897c6eafbd90ba40d8777bf10d8d2033cdfdaad8c
MTG:SECRET_LAIR:SL-F3D3088DA018D0,Drop: Secret Lair x Dungeons & Dragons: Death is in the Eyes of the Beholder I - Rainbow Foil Edition — Foil Edition,SECRET_LAIR,24,2024-09-01,2026-07-23,4531573d71a28dff2090492b39675c1f9b086b63ea5d0dfe6cc94d3ec26c2b34
MTG:SECRET_LAIR:SL-F3F1C2A23E48D0,Drop: Secret Lair x Dungeons & Dragons: An Exhibition of Adventure - Rainbow Foil Edition — Foil Edition,SECRET_LAIR,24,2024-09-01,2026-07-23,eb502c5e97f3f0b232bfa4357d0a08efe247485dcf9142665882ba134e4a0f1c
MTG:SECRET_LAIR:SL-F419DE27DCB991,Drop: Secret Scare Superdrop: The Scranton Strangler Non-Foil Bundle — Nonfoil Edition,SECRET_LAIR,5,2025-11-01,2026-03-01,5076b07eb937fe61ad17a6700dc3de8f4cc3aadcb1857513dc6a93c4b7d73b7f
MTG:SECRET_LAIR:SL-F46976B12ECA22,Drop: City Styles - Traditional Foil Edition — Foil Edition,SECRET_LAIR,31,2024-02-08,2026-07-23,f0b88ad62ca8317c2eea37770ecd98f5def5415d578bcf25889e89a5cf26d38f
MTG:SECRET_LAIR:SL-F4935DE607204D,Drop: Festival in a Box Atlanta 2025 Bundle — Standard Edition,SECRET_LAIR,1,2026-07-23,2026-07-23,61c03192cc22c3093faf79325cac5df3604feec3b38c468318f60a16c4db51d0
MTG:SECRET_LAIR:SL-F4A97CEA3A7C1C,x FINAL FANTASY: Weapons - Rainbow Foil Edition — Foil Edition,SECRET_LAIR,14,2025-07-01,2026-07-24,953089b4b35942065dda5854420692bca3251e1f029534b21cf13311534e6178
MTG:SECRET_LAIR:SL-F4DBBBEC3CFEB4,Drop: Our Boss is on Vacation Superdrop: Spongebob Squarepants: Legends of Bikini Bottom - Rainbow Foil Edition — Foil Edition,SECRET_LAIR,17,2025-04-01,2026-07-23,4362dea1184e342d988ae894c69c5c8d9b0767b42f04fc1436ee78876168452c
MTG:SECRET_LAIR:SL-F546FBC2EE4D47,Drop: Ferocious Foil Bundle — Foil Edition,SECRET_LAIR,10,2024-02-08,2026-07-23,878b84a6a78cd2616a13055d8f667611042b6114ca154761844ae1c214be832b
MTG:SECRET_LAIR:SL-F5FC37E9763B7C,Drop: Transformers Non-Foil Bundle — Nonfoil Edition,SECRET_LAIR,2,2024-06-01,2026-07-24,996150227fb3aafc8fc2c4bb061efbd421bce69936d169c30e66a9a4fd910511
MTG:SECRET_LAIR:SL-F638B39456864F,Drop: Black is Magic - Non-Foil Edition — Nonfoil Edition,SECRET_LAIR,31,2024-02-08,2026-07-23,cddae216074e4bc0a6557a8918ca344b9185c43153df13b3e9ccdb94ce1dc800
MTG:SECRET_LAIR:SL-F66DFA42E52417,Drop: Winter Superdrop 2025: Survival-Grade Foils Bundle — Foil Edition,SECRET_LAIR,17,2025-03-01,2026-07-24,0ef2e95f84c2eb744855c0af9be94c4c64e91f9ef4e21772622521f699274c10
MTG:SECRET_LAIR:SL-F6CE9EEE501707,x The Last of Us Part II - Non-Foil Edition — Nonfoil Edition,SECRET_LAIR,10,2025-11-01,2026-07-24,6156ade66d55d93460513af6cf8cc8002cb33be5acd362ac9803ec775d30b132
MTG:SECRET_LAIR:SL-F70A9FB130F172,Drop: Just Add Milk - Traditional Foil Edition — Foil Edition,SECRET_LAIR,31,2024-02-08,2026-07-23,2304c73b2066c539421bf16c6fb5267f73a5489a3d2dbd7940585f809c7c538e
MTG:SECRET_LAIR:SL-F7BF46E86FD15C,Drop: Big Non-Foil Bundle — Nonfoil Edition,SECRET_LAIR,19,2024-02-08,2026-07-23,94da7ef3b0e74c0b09ebc34e4c51c79099c7dfabbd38593629b5c1af3acc9c89
MTG:SECRET_LAIR:SL-F7E159B4E7D922,Drop: Spring Superdrop 2024: Outlaws of Thunder Junction Bundle - Non-Foil Edition — Nonfoil Edition,SECRET_LAIR,25,2024-07-01,2026-07-24,b77c7dc3fd620eae8577dceb74b59860b69fb93f0f49440a00129f87b95297c6
MTG:SECRET_LAIR:SL-F7E2916CEC3366,Drop: Camp Totally Safe Superdrop: Hatsune Miku: Electric Entourage Bundle — Standard Edition,SECRET_LAIR,1,2026-07-23,2026-07-23,80eac2c23e0343cf18168dbbc75d6a648296635bd603d0c99169cc51148d1879
MTG:SECRET_LAIR:SL-F8091FD6F7CD83,Drop: Astrology Lands (Gemini) Bundle - Traditional Foil Edition — Foil Edition,SECRET_LAIR,2,2024-03-01,2026-07-23,870397486cebead31a0804500aadf57749de872a6286af55f1f68abacecd51b6
MTG:SECRET_LAIR:SL-F8130EF2307D5F,"Drop: Two Scoops - The Vanilla Business, Chocolate Party Bundle — Standard Edition",SECRET_LAIR,1,2026-07-24,2026-07-24,faaba61e5e21a33ddbd6e335bed73fa76daf22465d63cc41089e52c29db323ae
MTG:SECRET_LAIR:SL-F87B4FFB3CCD49,Drop: Secret Lair x Marvel's Spider-Man: Venom Unleashed (Inks) - Non-Foil Edition — Nonfoil Edition,SECRET_LAIR,11,2025-10-01,2026-07-23,aef8b913f3b5bda093c75c0b438be05f7ed39258a4cf27b05212c62f7246950a
MTG:SECRET_LAIR:SL-F886C775F2D753,Drop: Featuring: Mitsuhiro Arita - Rainbow Foil Edition — Foil Edition,SECRET_LAIR,18,2025-03-01,2026-07-23,8a41f42301e35433baf15bebf9610953b885c46a231b88c2f3327f69eafec58b
MTG:SECRET_LAIR:SL-F8A34E5202D218,Drop: Secret Lair x Brain Dead: New Earth Mentality - Non-Foil Edition — Nonfoil Edition,SECRET_LAIR,6,2026-03-01,2026-07-23,4b8dd09c6c2f03deacb7bce444359fab9bd705aa7c2e46fd22c2b077e699cae1
MTG:SECRET_LAIR:SL-F960B8C972DDE8,x Furby: Doo-ay Noo-lah - Confetti Foil Edition — Foil Edition,SECRET_LAIR,10,2025-11-01,2026-07-24,7bd7f86fea4c2a88ff34be75b809ae8587a5b9463c04ae88593a443eaf0198aa
MTG:SECRET_LAIR:SL-F97114C3F34013,Drop: February Superdrop - Full-of-Foils Bundle — Foil Edition,SECRET_LAIR,31,2024-02-08,2026-07-23,12f9cb86375d7090662a88717b3e4ddefd7db7edd5de7d4e7763b7544be7bcb9
MTG:SECRET_LAIR:SL-F9E21EA0D52C4A,Drop: Spring Superdrop 2024: Outlaws of Thunder Junction Bundle - Foil Edition — Foil Edition,SECRET_LAIR,24,2024-06-01,2026-07-24,68ede62a26f65d78f1ec6d859d90fba45468288076a2da6932122f8e5bfab112
MTG:SECRET_LAIR:SL-FA32CF1A49D1D5,Drop: Notebook Genius - Traditional Foil Edition — Foil Edition,SECRET_LAIR,2,2026-07-01,2026-07-23,a824d03d6eea70c72ddc90e9b5fd498e1e6a4a8047c514141ea7c879d6a68779
MTG:SECRET_LAIR:SL-FA3D9482741C16,Drop: Black is Magic - Traditional Foil Edition — Foil Edition,SECRET_LAIR,31,2024-02-08,2026-07-23,ac2784f639696e3a0d0066d2aa5ebb1ccd577ee362b646a940a649fcf8f390fc
MTG:SECRET_LAIR:SL-FA6223566C7B76,x NALAC Drop: Nuestra Magia (Rainbow Foil) — Foil Edition,SECRET_LAIR,13,2025-07-01,2026-07-01,7e5bc02b37cf674a09a47085648119e69549688f08413c0fd16f9d3d6db3af33
MTG:SECRET_LAIR:SL-FA7A7EE1991025,Drop: Inside an Elevator Superdrop: Awkward Small Talk Bundle - Non-Foil Edition — Nonfoil Edition,SECRET_LAIR,19,2024-09-01,2026-07-01,0c6073c70dc9cd970a813ef6c7ea0d8ec57568f02f1bdd2c13b2a4a638d50495
MTG:SECRET_LAIR:SL-FA7D6580C34737,Drop: Winter Superdrop 2024: All the Sweet Foils Bundle — Foil Edition,SECRET_LAIR,25,2024-02-08,2026-07-01,676044a76f093e69f90284e0e3c9f0c07889025c1415936bbd65575d102fceee
MTG:SECRET_LAIR:SL-FB01410D9F3250,Drop: Secret Lair x Hatsune Miku: Electric Entourage EN - Rainbow Foil Edition — Foil Edition,SECRET_LAIR,23,2024-10-01,2026-07-23,cb734fc1fa42bf1eef2a6c69209cd2183f5aabb400f543148f25f4e9370a5749
MTG:SECRET_LAIR:SL-FB1E1566446236,Drop: Poker Faces - Non-Foil Edition — Nonfoil Edition,SECRET_LAIR,27,2024-06-01,2026-07-23,66ae603bcaf0c1611f21290838146fc207a15e3f43ce6e58acb9a623b22d19a9
MTG:SECRET_LAIR:SL-FB1FECB0690176,Drop: Pixel Perfect: Extra Life 2024 - Rainbow Foil Edition — Foil Edition,SECRET_LAIR,22,2024-11-01,2026-07-23,5dfe8208ae4cac3477c0636a3bb1691e0ab2098968391fd9890ddcce6e3a40ae
MTG:SECRET_LAIR:SL-FB8F41B5698E85,Drop: Festival in a Box Amsterdam 2026 Bundle — Standard Edition,SECRET_LAIR,1,2026-07-23,2026-07-23,a236f9304bda9d0839cc3ea7f271d2001b672d7175b924b016da6cc38e8fa3b9
MTG:SECRET_LAIR:SL-FBADB7587BFD9A,Astrology Lands (Pisces) Bundle - Traditional Foil Edition — Foil Edition,SECRET_LAIR,2,2024-03-01,2026-07-23,b2feb5fd6cf4c168f943ed52c479649de68fb2ce23b46a5bf4318fcb249ea257
MTG:SECRET_LAIR:SL-FC44F373482E68,Drop: Secret Lair x Marvel's Iron Man - Rainbow Foil Edition — Foil Edition,SECRET_LAIR,21,2024-12-01,2026-07-23,256bc3fa1b105cd6ba7bfcd45001dca2c21202ea63ad7d39b3305de01d7ef1cf
MTG:SECRET_LAIR:SL-FC508070AC9ECD,Drop: Our Boss is on Vacation Superdrop: Twisted Toons - Rainbow Foil Edition — Foil Edition,SECRET_LAIR,17,2025-04-01,2026-07-23,205745e7e90169b23c1e273083871f1527130d0adb6802428ebb5a1fcbc3ab7f
MTG:SECRET_LAIR:SL-FCAEA5C157AA2D,Drop: Secret Lair x Hatsune Miku: Sakura Superstar EN - Non-Foil Edition — Nonfoil Edition,SECRET_LAIR,27,2024-06-01,2026-07-23,7fb9a2f807e94d01b0fb56c1a6011bd2afaa1430a9b65c1400b180e331411006
MTG:SECRET_LAIR:SL-FD327F76CA9BCB,Drop: Astrology Lands (Aquarius) - Traditional Foil Edition — Foil Edition,SECRET_LAIR,31,2024-02-08,2026-07-23,685843aa6a3374d48a0aac8f092181bbe20a5feb54e193c7e8b162e6787256bc
MTG:SECRET_LAIR:SL-FD569236BFC307,Drop: Artist Series: Volkan Baga - Traditional Foil Edition — Foil Edition,SECRET_LAIR,31,2024-02-08,2026-07-23,be7aa4731d567ef80bc3f53df32951063c82a011afc47513c425a584ef4ed74e
MTG:SECRET_LAIR:SL-FD7EED45ECCFC6,Drop: Through the Wormhole - Galaxy Foil Edition — Foil Edition,SECRET_LAIR,31,2024-02-08,2026-07-24,2c6b0ad8ff65ba0472ae2f1d8a0ceb659559cc03ad471e271131967d77ad0ba9
MTG:SECRET_LAIR:SL-FDA8FA789BE3A1,Drop: Secret Lair x Fortnite: Landmarks and Locations - Non-Foil Edition — Nonfoil Edition,SECRET_LAIR,31,2024-02-08,2026-07-23,e5848e3696c3e4898b7786d7921357a21c18d7d295642d352112a8eca47b0aa5
MTG:SECRET_LAIR:SL-FDAA65C601D268,Drop: Our Boss is on Vacation Superdrop: Spongebob Squarepants Bundle - Non-Foil Edition — Nonfoil Edition,SECRET_LAIR,17,2025-04-01,2026-07-23,92ea5ba5d7d535500a9a33c8cb8c41bba9f50aaf3f85fa94d88798303eb55c36
MTG:SECRET_LAIR:SL-FE0F8BC07F7E66,x Play-Doh: Squishful Thinking: Extra Life 2025 - Non-Foil Edition — Nonfoil Edition,SECRET_LAIR,11,2025-10-01,2026-07-24,c233640a8995b3de092e95e53113929ef7a8df43862cc8133fe4ecbda38b95aa
MTG:SECRET_LAIR:SL-FEA5D283ED723B,Drop: Secret Lair x Marvel: Spinner Rack Specials - Traditional Foil Edition — Foil Edition,SECRET_LAIR,1,2026-07-23,2026-07-23,205e39ab88544555cafa43d4e0f44e48faf3ed06c20e134300a8e341634340f9
MTG:SECRET_LAIR:SL-FF8B50F46CBD31,Drop: Secret Lair x Fallout: Rad - Non-Foil Edition — Nonfoil Edition,SECRET_LAIR,7,2026-02-01,2026-07-23,2696cf54fac397c36e7fc8772bf19b8ccc7e353e0500a5b1ca1c7bde366f4cff
MTG:SECRET_LAIR:SL-FFA400FF14BF49,Drop: Secret Lair x Fallout: S.P.E.C.I.A.L. - Rainbow Foil Edition — Foil Edition,SECRET_LAIR,28,2024-05-01,2026-07-23,a25b3274872afc9ffe6ce4ab64367fbdeb921c61f13404eab09c5e2d28aca6a8
MTG:SECRET_LAIR:SL-FFE26A78CDDB2A,Drop: Secret Lair x Doctor Who: Regeneration - Traditional Foil Edition — Foil Edition,SECRET_LAIR,31,2024-02-08,2026-07-23,f6f880e2501a7a8b39ee9443185fd550d875f324f0548449cc9a38b21164eceb
