canonical_product_id,canonical_product_name,product_class,admission_tier,quality_disposition,history_class,observation_count,first_observation_date,latest_observation_date,history_span_days,latest_price_usd,first_price_usd,historical_total_return_pct,historical_lifetime_cagr_pct,historical_return_365d_pct,historical_return_3y_pct,historical_realized_3y_cagr_pct,annualized_monthly_volatility_pct,maximum_historical_drawdown_pct,price_age_days,freshness_state,historical_strength_score,historical_purchase_state,direct_history_observation_count,history_verification_status,governed_forecast_eligible,governed_recommendation_eligible,analysis_is_forecast,analysis_basis,trusted_dates,source_state,ranking_exclusion_reasons,cagr_class_percentile,recent_return_class_percentile,volatility_class_percentile,drawdown_class_percentile,history_depth_class_percentile,calibrated_score,calibrated_tier,preliminary_maximum_entry_price_usd,latest_ebay_date,ebay_reference_price_usd,ebay_minimum_price_usd,ebay_maximum_price_usd,ebay_raw_observation_count,ebay_vs_trusted_value_pct,listing_value_relation,preliminary_entry_state,ranking_basis,ranking_is_forecast,class_rank
MTG:COLLECTOR_BOOSTER_BOX:TCGCSV-3047-267023,Commander Legends: Battle for Baldur's Gate Collector Booster Display,COLLECTOR_BOOSTER_BOX,PROVISIONAL_MODEL,EVALUATED,LONG_HISTORY,31,2024-02-08,2026-07-11,884,581.65,153.08,279.96,73.60,104.92,,,19.56,-2.65,19,FRESH,95.00,HISTORICALLY_STRONG,,HISTORY_30_PLUS_DATES,false,false,false,REALIZED_CONSOLIDATED_HISTORICAL_PRICE_PERFORMANCE,32,TRUSTED_HISTORY_WITH_EBAY_SUPPLEMENT,,73.75,81.25,71.25,96.25,65.00,78.38,B,494.40,2026-07-27,574.98,175.00,999.99,6,-1.15,LISTING_NEAR_TRUSTED_VALUE,CURRENT_LISTING_ABOVE_ENTRY_LIMIT,WITHIN_CLASS_HISTORICAL_PERCENTILE_MODEL,false,1
MTG:COLLECTOR_BOOSTER_BOX:TCGCSV-2773-233232,Strixhaven: School of Mages Collector Booster Display,COLLECTOR_BOOSTER_BOX,FULL_MODEL,EVALUATED,LONG_HISTORY,31,2024-02-08,2026-07-11,884,622.76,200.08,211.26,59.86,85.10,,,15.78,-1.66,19,FRESH,100.00,HISTORICALLY_STRONG,,HISTORY_30_PLUS_DATES,false,false,false,REALIZED_CONSOLIDATED_HISTORICAL_PRICE_PERFORMANCE,32,TRUSTED_HISTORY_WITH_EBAY_SUPPLEMENT,,63.75,68.75,81.25,98.75,65.00,75.38,B,529.35,2026-07-22,604.00,170.99,899.99,34,-3.01,LISTING_NEAR_TRUSTED_VALUE,CURRENT_LISTING_ABOVE_ENTRY_LIMIT,WITHIN_CLASS_HISTORICAL_PERCENTILE_MODEL,false,2
MTG:COLLECTOR_BOOSTER_BOX:TCGCSV-3157-282224,The Brothers' War Collector Booster Display,COLLECTOR_BOOSTER_BOX,FULL_MODEL,EVALUATED,LONG_HISTORY,31,2024-02-08,2026-07-11,884,695.22,175.31,296.57,76.69,147.92,,,26.35,-3.15,19,FRESH,100.00,HISTORICALLY_STRONG,,HISTORY_30_PLUS_DATES,false,false,false,REALIZED_CONSOLIDATED_HISTORICAL_PRICE_PERFORMANCE,32,TRUSTED_HISTORY_WITH_EBAY_SUPPLEMENT,,78.75,93.75,33.75,93.75,65.00,74.38,B,590.94,2026-07-22,467.50,54.99,1499.99,36,-32.76,LISTING_BELOW_TRUSTED_VALUE,CURRENT_LISTING_WITHIN_ENTRY_LIMIT,WITHIN_CLASS_HISTORICAL_PERCENTILE_MODEL,false,3
MTG:COLLECTOR_BOOSTER_BOX:TCGCSV-24233-619672,Edge of Eternities Collector Booster Display,COLLECTOR_BOOSTER_BOX,FULL_MODEL,EVALUATED,MEDIUM_HISTORY,18,2025-03-01,2026-07-11,497,622.38,262.07,137.49,88.83,88.49,,,19.78,-4.81,19,FRESH,98.00,HISTORICALLY_STRONG,,HISTORY_2_TO_29_DATES,false,false,false,REALIZED_CONSOLIDATED_HISTORICAL_PRICE_PERFORMANCE,19,TRUSTED_HISTORY_WITH_EBAY_SUPPLEMENT,,88.75,76.25,68.75,81.25,3.75,72.25,B,529.02,2026-07-27,725.00,89.99,1424.97,5,16.49,LISTING_MODERATELY_ABOVE_VALUE,CURRENT_LISTING_ABOVE_ENTRY_LIMIT,WITHIN_CLASS_HISTORICAL_PERCENTILE_MODEL,false,4
MTG:COLLECTOR_BOOSTER_BOX:TCGCSV-22875-475584,March of the Machine Collector Booster Display,COLLECTOR_BOOSTER_BOX,FULL_MODEL,EVALUATED,LONG_HISTORY,31,2024-02-08,2026-07-11,884,769.25,201.16,282.41,74.06,154.21,,,24.80,-7.42,19,FRESH,100.00,HISTORICALLY_STRONG,,HISTORY_30_PLUS_DATES,false,false,false,REALIZED_CONSOLIDATED_HISTORICAL_PRICE_PERFORMANCE,32,TRUSTED_HISTORY_WITH_EBAY_SUPPLEMENT,,76.25,96.25,38.75,71.25,65.00,70.62,B,653.86,2026-07-27,329.00,14.99,925.00,5,-57.23,LISTING_BELOW_TRUSTED_VALUE,CURRENT_LISTING_WITHIN_ENTRY_LIMIT,WITHIN_CLASS_HISTORICAL_PERCENTILE_MODEL,false,5
MTG:COLLECTOR_BOOSTER_BOX:TCGCSV-23019-484912,Universes Beyond: The Lord of the Rings: Tales of Middle-earth Collector Booster Display,COLLECTOR_BOOSTER_BOX,PROVISIONAL_MODEL,EVALUATED,LONG_HISTORY,31,2024-02-08,2026-07-11,884,1975.23,411.96,379.47,91.11,118.75,,,27.80,-10.10,19,FRESH,90.00,HISTORICALLY_STRONG,,HISTORY_30_PLUS_DATES,false,false,false,REALIZED_CONSOLIDATED_HISTORICAL_PRICE_PERFORMANCE,32,TRUSTED_HISTORY_WITH_EBAY_SUPPLEMENT,,93.75,88.75,31.25,58.75,65.00,70.38,B,1678.95,2026-07-22,2225.00,75.00,20000.00,38,12.65,LISTING_MODERATELY_ABOVE_VALUE,CURRENT_LISTING_ABOVE_ENTRY_LIMIT,WITHIN_CLASS_HISTORICAL_PERCENTILE_MODEL,false,6
MTG:COLLECTOR_BOOSTER_BOX:TCGCSV-23312-516614,The Lost Caverns of Ixalan Collector Booster Display,COLLECTOR_BOOSTER_BOX,PROVISIONAL_MODEL,EVALUATED,LONG_HISTORY,31,2024-02-08,2026-07-11,884,929.16,251.19,269.90,71.68,123.56,,,21.65,-9.60,19,FRESH,90.00,HISTORICALLY_STRONG,,HISTORY_30_PLUS_DATES,false,false,false,REALIZED_CONSOLIDATED_HISTORICAL_PRICE_PERFORMANCE,32,TRUSTED_HISTORY_WITH_EBAY_SUPPLEMENT,,71.25,91.25,56.25,61.25,65.00,69.62,B,789.79,2026-07-22,240.00,6.99,1399.99,40,-74.17,LISTING_BELOW_TRUSTED_VALUE,CURRENT_LISTING_WITHIN_ENTRY_LIMIT,WITHIN_CLASS_HISTORICAL_PERCENTILE_MODEL,false,7
MTG:COLLECTOR_BOOSTER_BOX:TCGCSV-17670-449559,Dominaria Remastered Collector Booster Display,COLLECTOR_BOOSTER_BOX,FULL_MODEL,EVALUATED,LONG_HISTORY,31,2024-02-08,2026-07-11,884,497.36,168.51,195.15,56.39,86.94,,,18.93,-4.78,19,FRESH,100.00,HISTORICALLY_STRONG,,HISTORY_30_PLUS_DATES,false,false,false,REALIZED_CONSOLIDATED_HISTORICAL_PRICE_PERFORMANCE,32,TRUSTED_HISTORY_WITH_EBAY_SUPPLEMENT,,53.75,71.25,73.75,83.75,65.00,68.38,B,422.76,2026-07-27,562.50,399.99,999.99,6,13.10,LISTING_MODERATELY_ABOVE_VALUE,CURRENT_LISTING_ABOVE_ENTRY_LIMIT,WITHIN_CLASS_HISTORICAL_PERCENTILE_MODEL,false,8
MTG:COLLECTOR_BOOSTER_BOX:TCGCSV-23165-496076,Universes Beyond: Doctor Who Collector Booster Display,COLLECTOR_BOOSTER_BOX,PROVISIONAL_MODEL,EVALUATED,LONG_HISTORY,31,2024-02-08,2026-07-11,884,626.48,211.95,195.58,56.48,88.64,,,20.46,-9.47,19,FRESH,90.00,HISTORICALLY_STRONG,,HISTORY_30_PLUS_DATES,false,false,false,REALIZED_CONSOLIDATED_HISTORICAL_PRICE_PERFORMANCE,32,TRUSTED_HISTORY_WITH_EBAY_SUPPLEMENT,,56.25,78.75,63.75,63.75,65.00,64.62,C,501.18,2026-07-22,460.00,9.50,1188.99,40,-26.57,LISTING_BELOW_TRUSTED_VALUE,CURRENT_LISTING_WITHIN_ENTRY_LIMIT,WITHIN_CLASS_HISTORICAL_PERCENTILE_MODEL,false,9
MTG:COLLECTOR_BOOSTER_BOX:TCGCSV-2603-208279,Ikoria: Lair of Behemoths Collector Booster Display,COLLECTOR_BOOSTER_BOX,PROVISIONAL_MODEL,EVALUATED,LONG_HISTORY,31,2024-02-08,2026-07-11,884,561.43,270.45,107.59,35.23,57.87,,,11.08,-3.33,19,FRESH,95.00,HISTORICALLY_STRONG,,HISTORY_30_PLUS_DATES,false,false,false,REALIZED_CONSOLIDATED_HISTORICAL_PRICE_PERFORMANCE,32,TRUSTED_HISTORY_WITH_EBAY_SUPPLEMENT,,31.25,41.25,98.75,91.25,65.00,62.12,C,449.14,2026-07-27,411.71,99.89,599.00,6,-26.67,LISTING_BELOW_TRUSTED_VALUE,CURRENT_LISTING_WITHIN_ENTRY_LIMIT,WITHIN_CLASS_HISTORICAL_PERCENTILE_MODEL,false,10
MTG:COLLECTOR_BOOSTER_BOX:TCGCSV-2750-228249,Kaldheim Collector Booster Display,COLLECTOR_BOOSTER_BOX,FULL_MODEL,EVALUATED,LONG_HISTORY,31,2024-02-08,2026-07-11,884,313.14,137.66,127.47,40.44,56.66,,,13.79,-3.39,19,FRESH,100.00,HISTORICALLY_STRONG,,HISTORY_30_PLUS_DATES,false,false,false,REALIZED_CONSOLIDATED_HISTORICAL_PRICE_PERFORMANCE,32,TRUSTED_HISTORY_WITH_EBAY_SUPPLEMENT,,41.25,38.75,88.75,88.75,65.00,62.12,C,250.51,2026-07-27,349.99,50.00,369.00,5,11.77,LISTING_MODERATELY_ABOVE_VALUE,CURRENT_LISTING_ABOVE_ENTRY_LIMIT,WITHIN_CLASS_HISTORICAL_PERCENTILE_MODEL,false,11
MTG:COLLECTOR_BOOSTER_BOX:TCGCSV-23019-515906,The Lord of the Rings: Tales of Middle-earth - Special Edition Collector Booster Display,COLLECTOR_BOOSTER_BOX,PROVISIONAL_MODEL,EVALUATED,LONG_HISTORY,30,2024-02-08,2026-07-01,874,5357.43,320.58,1571.17,224.42,201.21,,,62.87,-14.77,29,FRESH,85.00,HISTORICALLY_STRONG,,HISTORY_30_PLUS_DATES,false,false,false,REALIZED_CONSOLIDATED_HISTORICAL_PRICE_PERFORMANCE,31,TRUSTED_HISTORY_WITH_EBAY_SUPPLEMENT,,98.75,98.75,3.75,33.75,23.75,59.25,C,4285.94,2026-07-22,2225.00,27.99,20000.00,38,-58.47,LISTING_BELOW_TRUSTED_VALUE,CURRENT_LISTING_WITHIN_ENTRY_LIMIT,WITHIN_CLASS_HISTORICAL_PERCENTILE_MODEL,false,12
MTG:COLLECTOR_BOOSTER_BOX:TCGCSV-2965-257563,Kamigawa: Neon Dynasty Collector Booster Display,COLLECTOR_BOOSTER_BOX,FULL_MODEL,EVALUATED,LONG_HISTORY,31,2024-02-08,2026-07-11,884,497.04,199.92,148.62,45.69,75.20,,,20.86,-8.92,19,FRESH,100.00,HISTORICALLY_STRONG,,HISTORY_30_PLUS_DATES,false,false,false,REALIZED_CONSOLIDATED_HISTORICAL_PRICE_PERFORMANCE,32,TRUSTED_HISTORY_WITH_EBAY_SUPPLEMENT,,43.75,61.25,58.75,66.25,65.00,56.88,C,397.63,2026-07-27,394.99,76.99,600.00,5,-20.53,LISTING_BELOW_TRUSTED_VALUE,CURRENT_LISTING_WITHIN_ENTRY_LIMIT,WITHIN_CLASS_HISTORICAL_PERCENTILE_MODEL,false,13
MTG:COLLECTOR_BOOSTER_BOX:TCGCSV-22876-489207,March of the Machine: The Aftermath Collector Booster Display,COLLECTOR_BOOSTER_BOX,FULL_MODEL,EVALUATED,LONG_HISTORY,31,2024-02-08,2026-07-11,884,227.18,78.88,188.01,54.82,84.38,,,21.92,-12.29,19,FRESH,100.00,HISTORICALLY_STRONG,,HISTORY_30_PLUS_DATES,false,false,false,REALIZED_CONSOLIDATED_HISTORICAL_PRICE_PERFORMANCE,32,TRUSTED_HISTORY_WITH_EBAY_SUPPLEMENT,,51.25,66.25,53.75,48.75,65.00,55.62,C,181.74,2026-07-27,155.00,99.97,750.00,5,-31.77,LISTING_BELOW_TRUSTED_VALUE,CURRENT_LISTING_WITHIN_ENTRY_LIMIT,WITHIN_CLASS_HISTORICAL_PERCENTILE_MODEL,false,14
MTG:COLLECTOR_BOOSTER_BOX:TCGCSV-3026-264767,Streets of New Capenna Collector Booster Display,COLLECTOR_BOOSTER_BOX,FULL_MODEL,EVALUATED,LONG_HISTORY,31,2024-02-08,2026-07-11,884,247.41,113.92,117.18,37.77,46.75,,,12.67,-4.96,19,FRESH,100.00,HISTORICALLY_STRONG,,HISTORY_30_PLUS_DATES,false,false,false,REALIZED_CONSOLIDATED_HISTORICAL_PRICE_PERFORMANCE,32,TRUSTED_HISTORY_WITH_EBAY_SUPPLEMENT,,36.25,16.25,91.25,77.50,65.00,54.38,C,197.93,2026-07-22,285.00,24.98,750.00,38,15.19,LISTING_MODERATELY_ABOVE_VALUE,CURRENT_LISTING_ABOVE_ENTRY_LIMIT,WITHIN_CLASS_HISTORICAL_PERCENTILE_MODEL,false,15
MTG:COLLECTOR_BOOSTER_BOX:TCGCSV-2809-236348,Modern Horizons 2 Collector Booster Display,COLLECTOR_BOOSTER_BOX,FULL_MODEL,EVALUATED,LONG_HISTORY,31,2024-02-08,2026-07-11,884,551.86,313.60,75.98,26.30,63.64,,,12.37,-4.96,19,FRESH,100.00,HISTORICALLY_STRONG,,HISTORY_30_PLUS_DATES,false,false,false,REALIZED_CONSOLIDATED_HISTORICAL_PRICE_PERFORMANCE,32,TRUSTED_HISTORY_WITH_EBAY_SUPPLEMENT,,13.75,46.25,93.75,77.50,65.00,54.12,C,441.49,2026-07-22,605.00,54.99,7500.00,40,9.63,LISTING_NEAR_TRUSTED_VALUE,CURRENT_LISTING_ABOVE_ENTRY_LIMIT,WITHIN_CLASS_HISTORICAL_PERCENTILE_MODEL,false,16
MTG:COLLECTOR_BOOSTER_BOX:TCGCSV-23337-523185,Universes Beyond: Fallout Collector Booster Display,COLLECTOR_BOOSTER_BOX,PROVISIONAL_MODEL,EVALUATED,LONG_HISTORY,31,2024-02-08,2026-07-11,884,1702.12,241.84,603.82,123.95,74.76,,,41.33,-18.99,19,FRESH,79.00,HISTORICALLY_STRONG,,HISTORY_30_PLUS_DATES,false,false,false,REALIZED_CONSOLIDATED_HISTORICAL_PRICE_PERFORMANCE,32,TRUSTED_HISTORY_WITH_EBAY_SUPPLEMENT,,96.25,58.75,6.25,23.75,65.00,53.12,C,1361.70,2026-07-22,212.47,16.99,3099.99,24,-87.52,LISTING_BELOW_TRUSTED_VALUE,CURRENT_LISTING_WITHIN_ENTRY_LIMIT,WITHIN_CLASS_HISTORICAL_PERCENTILE_MODEL,false,17
MTG:COLLECTOR_BOOSTER_BOX:TCGCSV-3070-271509,Double Masters 2022 Collector Booster Display,COLLECTOR_BOOSTER_BOX,FULL_MODEL,EVALUATED,LONG_HISTORY,31,2024-02-08,2026-07-11,884,410.80,193.48,112.32,36.49,55.38,,,15.38,-10.75,19,FRESH,100.00,HISTORICALLY_STRONG,,HISTORY_30_PLUS_DATES,false,false,false,REALIZED_CONSOLIDATED_HISTORICAL_PRICE_PERFORMANCE,32,TRUSTED_HISTORY_WITH_EBAY_SUPPLEMENT,,33.75,31.25,86.25,56.25,65.00,51.38,C,328.64,2026-07-27,383.81,275.90,578.95,5,-6.57,LISTING_NEAR_TRUSTED_VALUE,CURRENT_LISTING_ABOVE_ENTRY_LIMIT,WITHIN_CLASS_HISTORICAL_PERCENTILE_MODEL,false,18
MTG:COLLECTOR_BOOSTER_BOX:TCGCSV-23447-541238,Bloomburrow Collector Booster Display,COLLECTOR_BOOSTER_BOX,FULL_MODEL,EVALUATED,LONG_HISTORY,30,2024-03-01,2026-07-11,862,980.70,249.93,292.39,78.47,110.00,,,36.01,-19.94,19,FRESH,94.00,HISTORICALLY_STRONG,,HISTORY_2_TO_29_DATES,false,false,false,REALIZED_CONSOLIDATED_HISTORICAL_PRICE_PERFORMANCE,31,TRUSTED_HISTORY_WITH_EBAY_SUPPLEMENT,,81.25,83.75,16.25,21.25,23.75,51.00,C,784.56,2026-07-27,1399.95,8.99,1999.95,6,42.75,LISTING_MATERIALLY_ABOVE_VALUE,CURRENT_LISTING_ABOVE_ENTRY_LIMIT,WITHIN_CLASS_HISTORICAL_PERCENTILE_MODEL,false,19
MTG:COLLECTOR_BOOSTER_BOX:TCGCSV-23550-557244,Duskmourn: House of Horror Collector Booster Display,COLLECTOR_BOOSTER_BOX,PROVISIONAL_MODEL,EVALUATED,MEDIUM_HISTORY,25,2024-08-01,2026-07-11,709,651.18,239.65,171.72,67.36,116.20,,,36.02,-13.21,19,FRESH,83.00,HISTORICALLY_STRONG,,HISTORY_2_TO_29_DATES,false,false,false,REALIZED_CONSOLIDATED_HISTORICAL_PRICE_PERFORMANCE,26,TRUSTED_HISTORY_WITH_EBAY_SUPPLEMENT,,68.75,86.25,13.75,41.25,16.25,50.50,C,520.94,2026-07-27,679.00,179.99,899.95,5,4.27,LISTING_NEAR_TRUSTED_VALUE,CURRENT_LISTING_ABOVE_ENTRY_LIMIT,WITHIN_CLASS_HISTORICAL_PERCENTILE_MODEL,false,20
MTG:COLLECTOR_BOOSTER_BOX:TCGCSV-3102-275412,Dominaria United Collector Booster Display,COLLECTOR_BOOSTER_BOX,FULL_MODEL,EVALUATED,LONG_HISTORY,31,2024-02-08,2026-07-11,884,311.20,137.66,126.06,40.08,45.29,,,17.77,-8.53,19,FRESH,100.00,HISTORICALLY_STRONG,,HISTORY_30_PLUS_DATES,false,false,false,REALIZED_CONSOLIDATED_HISTORICAL_PRICE_PERFORMANCE,32,TRUSTED_HISTORY_WITH_EBAY_SUPPLEMENT,,38.75,13.75,78.75,68.75,65.00,50.38,C,248.96,2026-07-27,427.50,349.99,524.88,4,37.37,LISTING_MATERIALLY_ABOVE_VALUE,CURRENT_LISTING_ABOVE_ENTRY_LIMIT,WITHIN_CLASS_HISTORICAL_PERCENTILE_MODEL,false,21
MTG:COLLECTOR_BOOSTER_BOX:TCGCSV-23556-562122,Foundations Collector Booster Display,COLLECTOR_BOOSTER_BOX,FULL_MODEL,EVALUATED,MEDIUM_HISTORY,24,2024-09-01,2026-07-11,678,737.34,250.15,194.76,79.02,71.26,,,37.90,-10.91,19,FRESH,93.00,HISTORICALLY_STRONG,,HISTORY_2_TO_29_DATES,false,false,false,REALIZED_CONSOLIDATED_HISTORICAL_PRICE_PERFORMANCE,25,TRUSTED_HISTORY_WITH_EBAY_SUPPLEMENT,,83.75,53.75,11.25,53.75,13.75,50.25,C,589.87,2026-07-22,206.99,79.99,8999.99,40,-71.93,LISTING_BELOW_TRUSTED_VALUE,CURRENT_LISTING_WITHIN_ENTRY_LIMIT,WITHIN_CLASS_HISTORICAL_PERCENTILE_MODEL,false,22
MTG:COLLECTOR_BOOSTER_BOX:TCGCSV-23020-484929,Commander Masters Collector Booster Display,COLLECTOR_BOOSTER_BOX,FULL_MODEL,EVALUATED,LONG_HISTORY,31,2024-02-08,2026-07-11,884,490.38,174.39,181.20,53.29,66.56,,,23.64,-13.10,19,FRESH,100.00,HISTORICALLY_STRONG,,HISTORY_30_PLUS_DATES,false,false,false,REALIZED_CONSOLIDATED_HISTORICAL_PRICE_PERFORMANCE,32,TRUSTED_HISTORY_WITH_EBAY_SUPPLEMENT,,48.75,51.25,48.75,43.75,65.00,49.88,C,392.30,2026-07-22,548.00,154.29,799.00,38,11.75,LISTING_MODERATELY_ABOVE_VALUE,CURRENT_LISTING_ABOVE_ENTRY_LIMIT,WITHIN_CLASS_HISTORICAL_PERCENTILE_MODEL,false,23
MTG:COLLECTOR_BOOSTER_BOX:TCGCSV-23163-496041,Wilds of Eldraine Collector Booster Display,COLLECTOR_BOOSTER_BOX,FULL_MODEL,EVALUATED,LONG_HISTORY,31,2024-02-08,2026-07-11,884,865.07,183.91,370.38,89.60,48.70,,,31.99,-16.07,19,FRESH,94.00,HISTORICALLY_STRONG,,HISTORY_30_PLUS_DATES,false,false,false,REALIZED_CONSOLIDATED_HISTORICAL_PRICE_PERFORMANCE,32,TRUSTED_HISTORY_WITH_EBAY_SUPPLEMENT,,91.25,23.75,23.75,28.75,65.00,49.12,C,692.06,2026-07-22,849.99,79.99,1025.00,36,-1.74,LISTING_NEAR_TRUSTED_VALUE,CURRENT_LISTING_ABOVE_ENTRY_LIMIT,WITHIN_CLASS_HISTORICAL_PERCENTILE_MODEL,false,24
MTG:COLLECTOR_BOOSTER_BOX:TCGCSV-2648-220423,Zendikar Rising Collector Booster Display,COLLECTOR_BOOSTER_BOX,FULL_MODEL,EVALUATED,LONG_HISTORY,31,2024-02-08,2026-07-11,884,370.37,205.86,79.91,27.46,40.49,,,11.57,-4.33,19,FRESH,100.00,HISTORICALLY_STRONG,,HISTORY_30_PLUS_DATES,false,false,false,REALIZED_CONSOLIDATED_HISTORICAL_PRICE_PERFORMANCE,32,TRUSTED_HISTORY_WITH_EBAY_SUPPLEMENT,,16.25,3.75,96.25,86.25,65.00,48.62,C,296.30,2026-07-22,460.73,20.00,2000.00,38,24.40,LISTING_MODERATELY_ABOVE_VALUE,CURRENT_LISTING_ABOVE_ENTRY_LIMIT,WITHIN_CLASS_HISTORICAL_PERCENTILE_MODEL,false,25
MTG:COLLECTOR_BOOSTER_BOX:TCGCSV-2708-221323,Commander Legends Collector Booster Display,COLLECTOR_BOOSTER_BOX,FULL_MODEL,EVALUATED,LONG_HISTORY,31,2024-02-08,2026-07-11,884,707.48,380.03,86.16,29.28,47.76,,,15.68,-7.04,19,FRESH,100.00,HISTORICALLY_STRONG,,HISTORY_30_PLUS_DATES,false,false,false,REALIZED_CONSOLIDATED_HISTORICAL_PRICE_PERFORMANCE,32,TRUSTED_HISTORY_WITH_EBAY_SUPPLEMENT,,18.75,21.25,83.75,73.75,65.00,47.88,C,565.98,2026-07-27,600.00,299.99,750.00,5,-15.19,LISTING_BELOW_TRUSTED_VALUE,CURRENT_LISTING_ABOVE_ENTRY_LIMIT,WITHIN_CLASS_HISTORICAL_PERCENTILE_MODEL,false,26
MTG:COLLECTOR_BOOSTER_BOX:TCGCSV-2823-238745,Adventures in the Forgotten Realms Collector Booster Display,COLLECTOR_BOOSTER_BOX,FULL_MODEL,EVALUATED,LONG_HISTORY,31,2024-02-08,2026-07-11,884,318.01,105.23,202.20,57.92,47.58,,,24.35,-12.65,19,FRESH,100.00,HISTORICALLY_STRONG,,HISTORY_30_PLUS_DATES,false,false,false,REALIZED_CONSOLIDATED_HISTORICAL_PRICE_PERFORMANCE,32,TRUSTED_HISTORY_WITH_EBAY_SUPPLEMENT,,61.25,18.75,43.75,46.25,65.00,46.62,C,254.41,2026-07-27,407.47,275.00,750.00,4,28.13,LISTING_MATERIALLY_ABOVE_VALUE,CURRENT_LISTING_ABOVE_ENTRY_LIMIT,WITHIN_CLASS_HISTORICAL_PERCENTILE_MODEL,false,27
MTG:COLLECTOR_BOOSTER_BOX:TCGCSV-23319-517708,Ravnica Remastered Collector Booster Display,COLLECTOR_BOOSTER_BOX,PROVISIONAL_MODEL,EVALUATED,LONG_HISTORY,31,2024-02-08,2026-07-11,884,867.32,257.71,236.55,65.11,55.89,,,28.07,-15.76,19,FRESH,84.00,HISTORICALLY_STRONG,,HISTORY_30_PLUS_DATES,false,false,false,REALIZED_CONSOLIDATED_HISTORICAL_PRICE_PERFORMANCE,32,TRUSTED_HISTORY_WITH_EBAY_SUPPLEMENT,,66.25,33.75,28.75,31.25,65.00,45.12,C,693.86,2026-07-22,564.98,5.00,2280.86,32,-34.86,LISTING_BELOW_TRUSTED_VALUE,CURRENT_LISTING_WITHIN_ENTRY_LIMIT,WITHIN_CLASS_HISTORICAL_PERCENTILE_MODEL,false,28
MTG:COLLECTOR_BOOSTER_BOX:TCGCSV-2864-244384,Innistrad: Midnight Hunt Collector Booster Display,COLLECTOR_BOOSTER_BOX,FULL_MODEL,EVALUATED,LONG_HISTORY,31,2024-02-08,2026-07-11,884,212.26,107.96,96.61,32.22,49.62,,,18.55,-14.70,19,FRESH,100.00,HISTORICALLY_STRONG,,HISTORY_30_PLUS_DATES,false,false,false,REALIZED_CONSOLIDATED_HISTORICAL_PRICE_PERFORMANCE,32,TRUSTED_HISTORY_WITH_EBAY_SUPPLEMENT,,23.75,26.25,76.25,36.25,65.00,41.38,C,169.81,2026-07-27,255.00,100.00,499.99,6,20.14,LISTING_MODERATELY_ABOVE_VALUE,CURRENT_LISTING_ABOVE_ENTRY_LIMIT,WITHIN_CLASS_HISTORICAL_PERCENTILE_MODEL,false,29
MTG:COLLECTOR_BOOSTER_BOX:TCGCSV-2653-214818,Core Set 2021 Collector Booster Display,COLLECTOR_BOOSTER_BOX,FULL_MODEL,EVALUATED,LONG_HISTORY,31,2024-02-08,2026-07-11,884,403.03,196.90,104.69,34.44,58.00,,,22.14,-14.60,19,FRESH,100.00,HISTORICALLY_STRONG,,HISTORY_30_PLUS_DATES,false,false,false,REALIZED_CONSOLIDATED_HISTORICAL_PRICE_PERFORMANCE,32,TRUSTED_HISTORY_WITH_EBAY_SUPPLEMENT,,26.25,43.75,51.25,38.75,65.00,41.12,C,322.42,2026-07-27,519.99,488.53,999.99,5,29.02,LISTING_MATERIALLY_ABOVE_VALUE,CURRENT_LISTING_ABOVE_ENTRY_LIMIT,WITHIN_CLASS_HISTORICAL_PERCENTILE_MODEL,false,30
MTG:COLLECTOR_BOOSTER_BOX:TCGCSV-2862-246457,Innistrad: Crimson Vow Collector Booster Display,COLLECTOR_BOOSTER_BOX,FULL_MODEL,EVALUATED,LONG_HISTORY,31,2024-02-08,2026-07-11,884,248.10,120.33,106.18,34.85,71.40,,,24.93,-17.86,19,FRESH,94.00,HISTORICALLY_STRONG,,HISTORY_30_PLUS_DATES,false,false,false,REALIZED_CONSOLIDATED_HISTORICAL_PRICE_PERFORMANCE,32,TRUSTED_HISTORY_WITH_EBAY_SUPPLEMENT,,28.75,56.25,36.25,26.25,65.00,38.88,C,198.48,2026-07-27,219.99,134.95,300.00,5,-11.33,LISTING_BELOW_TRUSTED_VALUE,CURRENT_LISTING_ABOVE_ENTRY_LIMIT,WITHIN_CLASS_HISTORICAL_PERCENTILE_MODEL,false,31
MTG:COLLECTOR_BOOSTER_BOX:TCGCSV-23361-529968,Murders at Karlov Manor Collector Booster Display,COLLECTOR_BOOSTER_BOX,FULL_MODEL,EVALUATED,LONG_HISTORY,31,2024-02-08,2026-07-11,884,352.29,185.48,89.93,30.35,88.31,,,24.40,-24.00,19,FRESH,92.99,HISTORICALLY_STRONG,,HISTORY_30_PLUS_DATES,false,false,false,REALIZED_CONSOLIDATED_HISTORICAL_PRICE_PERFORMANCE,32,TRUSTED_HISTORY_WITH_EBAY_SUPPLEMENT,,21.25,73.75,41.25,13.75,65.00,38.62,C,281.83,2026-07-22,187.00,5.99,750.00,38,-46.92,LISTING_BELOW_TRUSTED_VALUE,CURRENT_LISTING_WITHIN_ENTRY_LIMIT,WITHIN_CLASS_HISTORICAL_PERCENTILE_MODEL,false,32
MTG:COLLECTOR_BOOSTER_BOX:TCGCSV-24232-619649,Tarkir: Dragonstorm Collector Booster Display,COLLECTOR_BOOSTER_BOX,FULL_MODEL,EVALUATED,MEDIUM_HISTORY,18,2025-03-01,2026-07-11,497,463.19,249.43,85.70,57.60,41.19,,,29.60,-11.77,19,FRESH,91.57,HISTORICALLY_STRONG,,HISTORY_2_TO_29_DATES,false,false,false,REALIZED_CONSOLIDATED_HISTORICAL_PRICE_PERFORMANCE,19,TRUSTED_HISTORY_WITH_EBAY_SUPPLEMENT,,58.75,6.25,26.25,51.25,3.75,34.75,C,370.55,2026-07-22,499.48,4.99,2977.03,36,7.83,LISTING_NEAR_TRUSTED_VALUE,CURRENT_LISTING_ABOVE_ENTRY_LIMIT,WITHIN_CLASS_HISTORICAL_PERCENTILE_MODEL,false,33
MTG:COLLECTOR_BOOSTER_BOX:TCGCSV-23848-594681,Innistrad Remastered Collector Booster Display,COLLECTOR_BOOSTER_BOX,FULL_MODEL,EVALUATED,MEDIUM_HISTORY,21,2024-12-01,2026-07-11,587,413.81,309.73,33.60,19.75,65.22,,,20.22,-23.49,19,FRESH,75.11,HISTORICALLY_STRONG,,HISTORY_2_TO_29_DATES,false,false,false,REALIZED_CONSOLIDATED_HISTORICAL_PRICE_PERFORMANCE,22,TRUSTED_HISTORY_WITH_EBAY_SUPPLEMENT,,8.75,48.75,66.25,18.75,11.25,30.50,C,331.05,2026-07-27,362.82,139.99,699.95,6,-12.32,LISTING_BELOW_TRUSTED_VALUE,CURRENT_LISTING_ABOVE_ENTRY_LIMIT,WITHIN_CLASS_HISTORICAL_PERCENTILE_MODEL,false,34
MTG:COLLECTOR_BOOSTER_BOX:TCGCSV-23439-541090,Outlaws of Thunder Junction Collector Booster Display,COLLECTOR_BOOSTER_BOX,FULL_MODEL,EVALUATED,LONG_HISTORY,30,2024-03-01,2026-07-11,862,406.91,245.81,65.54,23.81,77.17,,,23.88,-24.86,19,FRESH,89.36,HISTORICALLY_STRONG,,HISTORY_2_TO_29_DATES,false,false,false,REALIZED_CONSOLIDATED_HISTORICAL_PRICE_PERFORMANCE,31,TRUSTED_HISTORY_WITH_EBAY_SUPPLEMENT,,11.25,63.75,46.25,11.25,23.75,30.00,C,325.53,2026-07-22,249.95,7.99,900.00,38,-38.57,LISTING_BELOW_TRUSTED_VALUE,CURRENT_LISTING_WITHIN_ENTRY_LIMIT,WITHIN_CLASS_HISTORICAL_PERCENTILE_MODEL,false,35
MTG:COLLECTOR_BOOSTER_BOX:TCGCSV-2958-275406,Unfinity Collector Booster Display,COLLECTOR_BOOSTER_BOX,FULL_MODEL,EVALUATED,LONG_HISTORY,31,2024-02-08,2026-07-11,884,335.93,128.86,160.69,48.57,44.23,,,34.93,-23.94,19,FRESH,94.00,HISTORICALLY_STRONG,,HISTORY_30_PLUS_DATES,false,false,false,REALIZED_CONSOLIDATED_HISTORICAL_PRICE_PERFORMANCE,32,TRUSTED_HISTORY_WITH_EBAY_SUPPLEMENT,,46.25,8.75,18.75,16.25,65.00,29.12,C,268.74,2026-07-22,343.65,149.45,658.99,40,2.30,LISTING_NEAR_TRUSTED_VALUE,CURRENT_LISTING_ABOVE_ENTRY_LIMIT,WITHIN_CLASS_HISTORICAL_PERCENTILE_MODEL,false,36
MTG:COLLECTOR_BOOSTER_BOX:TCGCSV-24219-618893,FINAL FANTASY Collector Booster Display,COLLECTOR_BOOSTER_BOX,FULL_MODEL,EVALUATED,MEDIUM_HISTORY,18,2025-03-01,2026-07-11,497,1508.77,646.61,133.34,86.39,28.52,,,64.26,-27.11,19,FRESH,81.26,HISTORICALLY_STRONG,,HISTORY_2_TO_29_DATES,false,false,false,REALIZED_CONSOLIDATED_HISTORICAL_PRICE_PERFORMANCE,19,TRUSTED_HISTORY_WITH_EBAY_SUPPLEMENT,,86.25,1.25,1.25,8.75,3.75,28.50,C,1207.02,2026-07-27,1800.00,774.90,2000.00,5,19.30,LISTING_MODERATELY_ABOVE_VALUE,CURRENT_LISTING_ABOVE_ENTRY_LIMIT,WITHIN_CLASS_HISTORICAL_PERCENTILE_MODEL,false,37
MTG:COLLECTOR_BOOSTER_BOX:TCGCSV-23444-541179,Modern Horizons 3 Collector Booster Display,COLLECTOR_BOOSTER_BOX,FULL_MODEL,EVALUATED,LONG_HISTORY,30,2024-03-01,2026-07-11,862,722.99,516.62,39.95,15.30,56.12,,,20.68,-29.98,19,FRESH,78.30,HISTORICALLY_STRONG,,HISTORY_2_TO_29_DATES,false,false,false,REALIZED_CONSOLIDATED_HISTORICAL_PRICE_PERFORMANCE,31,TRUSTED_HISTORY_WITH_EBAY_SUPPLEMENT,,6.25,36.25,61.25,6.25,23.75,25.00,C,578.39,2026-07-22,535.87,9.99,7500.00,38,-25.88,LISTING_BELOW_TRUSTED_VALUE,CURRENT_LISTING_WITHIN_ENTRY_LIMIT,WITHIN_CLASS_HISTORICAL_PERCENTILE_MODEL,false,38
MTG:COLLECTOR_BOOSTER_BOX:TCGCSV-23446-541225,Universes Beyond: Assassin's Creed Collector Booster Display,COLLECTOR_BOOSTER_BOX,PROVISIONAL_MODEL,EVALUATED,LONG_HISTORY,30,2024-03-01,2026-07-11,862,430.16,349.92,22.93,9.14,52.66,,,39.78,-39.96,19,FRESH,56.44,HISTORICALLY_STABLE,,HISTORY_2_TO_29_DATES,false,false,false,REALIZED_CONSOLIDATED_HISTORICAL_PRICE_PERFORMANCE,31,TRUSTED_HISTORY_WITH_EBAY_SUPPLEMENT,,1.25,28.75,8.75,1.25,23.75,10.50,C,344.13,2026-07-22,259.95,57.98,8000.00,41,-39.57,LISTING_BELOW_TRUSTED_VALUE,CURRENT_LISTING_WITHIN_ENTRY_LIMIT,WITHIN_CLASS_HISTORICAL_PERCENTILE_MODEL,false,39
MTG:COLLECTOR_BOOSTER_BOX:TCGCSV-23874-604253,Aetherdrift Collector Booster Display,COLLECTOR_BOOSTER_BOX,FULL_MODEL,EVALUATED,MEDIUM_HISTORY,20,2025-01-01,2026-07-11,556,271.01,227.60,19.07,12.15,44.46,,,33.83,-34.97,19,FRESH,62.06,HISTORICALLY_STABLE,,HISTORY_2_TO_29_DATES,false,false,false,REALIZED_CONSOLIDATED_HISTORICAL_PRICE_PERFORMANCE,21,TRUSTED_HISTORY_WITH_EBAY_SUPPLEMENT,,3.75,11.25,21.25,3.75,8.75,9.25,C,216.81,2026-07-27,309.90,4.49,750.00,5,14.35,LISTING_MODERATELY_ABOVE_VALUE,CURRENT_LISTING_ABOVE_ENTRY_LIMIT,WITHIN_CLASS_HISTORICAL_PERCENTILE_MODEL,false,40
MTG:PRE_COLLECTOR_BOOSTER_BOX:MTG-CANON-TCGPLAYER-157857,Masters 25 - Booster Box,PRE_COLLECTOR_BOOSTER_BOX,FULL_MODEL,FORECAST_READY,LONG_HISTORY,30,2024-02-08,2026-07-01,874,300.66,176.82,70.04,24.84,59.81,,,10.18,-3.40,29,FRESH,100.00,HISTORICALLY_STRONG,,HISTORY_30_PLUS_DATES,true,true,false,REALIZED_CONSOLIDATED_HISTORICAL_PRICE_PERFORMANCE,30,TRUSTED_HISTORY_WITH_EBAY_SUPPLEMENT,,77.88,81.73,85.58,95.19,50.96,80.96,A,270.59,2026-07-23,315.00,20.00,731.24,19,4.77,LISTING_NEAR_TRUSTED_VALUE,CURRENT_LISTING_ABOVE_ENTRY_LIMIT,WITHIN_CLASS_HISTORICAL_PERCENTILE_MODEL,false,1
MTG:PRE_COLLECTOR_BOOSTER_BOX:MTG-CANON-TCGPLAYER-69243,Magic 2014 (M14) - Booster Box,PRE_COLLECTOR_BOOSTER_BOX,PROVISIONAL_MODEL,PROVISIONAL_GUARDED,LONG_HISTORY,30,2024-02-08,2026-07-01,874,315.41,149.64,110.78,36.56,78.69,,,16.73,-3.89,29,FRESH,95.00,HISTORICALLY_STRONG,,HISTORY_30_PLUS_DATES,true,false,false,REALIZED_CONSOLIDATED_HISTORICAL_PRICE_PERFORMANCE,30,TRUSTED_HISTORY_WITH_EBAY_SUPPLEMENT,,99.04,91.35,25.96,91.35,50.96,76.54,B,268.10,2026-07-23,254.95,7.99,999.98,19,-19.17,LISTING_BELOW_TRUSTED_VALUE,CURRENT_LISTING_WITHIN_ENTRY_LIMIT,WITHIN_CLASS_HISTORICAL_PERCENTILE_MODEL,false,2
MTG:PRE_COLLECTOR_BOOSTER_BOX:MTG-CANON-TCGPLAYER-59120,Magic 2013 (M13) - Booster Box,PRE_COLLECTOR_BOOSTER_BOX,PROVISIONAL_MODEL,PROVISIONAL_GUARDED,LONG_HISTORY,30,2024-02-08,2026-07-01,874,299.36,159.20,88.04,30.20,74.51,,,12.64,-6.57,29,FRESH,93.80,HISTORICALLY_STRONG,,HISTORY_30_PLUS_DATES,true,false,false,REALIZED_CONSOLIDATED_HISTORICAL_PRICE_PERFORMANCE,30,TRUSTED_HISTORY_WITH_EBAY_SUPPLEMENT,,89.42,89.42,50.96,81.73,50.96,76.35,B,254.46,2026-07-23,300.00,24.32,749.99,17,0.21,LISTING_NEAR_TRUSTED_VALUE,CURRENT_LISTING_ABOVE_ENTRY_LIMIT,WITHIN_CLASS_HISTORICAL_PERCENTILE_MODEL,false,3
MTG:PRE_COLLECTOR_BOOSTER_BOX:MTG-CANON-TCGPLAYER-131456,Hour of Devastation - Booster Box,PRE_COLLECTOR_BOOSTER_BOX,FULL_MODEL,FORECAST_READY,LONG_HISTORY,30,2024-02-08,2026-07-01,874,289.12,153.95,87.80,30.13,54.85,,,13.41,-5.80,29,FRESH,100.00,HISTORICALLY_STRONG,,HISTORY_30_PLUS_DATES,true,true,false,REALIZED_CONSOLIDATED_HISTORICAL_PRICE_PERFORMANCE,30,TRUSTED_HISTORY_WITH_EBAY_SUPPLEMENT,,87.50,75.96,39.42,85.58,50.96,71.54,B,245.75,2026-07-22,269.00,8.00,417.99,19,-6.96,LISTING_NEAR_TRUSTED_VALUE,CURRENT_LISTING_ABOVE_ENTRY_LIMIT,WITHIN_CLASS_HISTORICAL_PERCENTILE_MODEL,false,4
MTG:PRE_COLLECTOR_BOOSTER_BOX:MTG-CANON-TCGPLAYER-166550,Core Set 2019 - Booster Box,PRE_COLLECTOR_BOOSTER_BOX,FULL_MODEL,FORECAST_READY,LONG_HISTORY,30,2024-02-08,2026-07-01,874,199.73,105.31,89.66,30.67,69.29,,,12.84,-9.86,29,FRESH,100.00,HISTORICALLY_STRONG,,HISTORY_30_PLUS_DATES,true,true,false,REALIZED_CONSOLIDATED_HISTORICAL_PRICE_PERFORMANCE,30,TRUSTED_HISTORY_WITH_EBAY_SUPPLEMENT,,91.35,87.50,49.04,56.73,50.96,71.15,B,169.77,2026-07-22,194.50,4.99,267.99,18,-2.62,LISTING_NEAR_TRUSTED_VALUE,CURRENT_LISTING_ABOVE_ENTRY_LIMIT,WITHIN_CLASS_HISTORICAL_PERCENTILE_MODEL,false,5
MTG:PRE_COLLECTOR_BOOSTER_BOX:MTG-CANON-TCGPLAYER-145235,Iconic Masters - Booster Box,PRE_COLLECTOR_BOOSTER_BOX,FULL_MODEL,FORECAST_READY,LONG_HISTORY,30,2024-02-08,2026-07-01,874,321.87,191.60,67.99,24.21,60.65,,,11.74,-8.42,29,FRESH,100.00,HISTORICALLY_STRONG,,HISTORY_30_PLUS_DATES,true,true,false,REALIZED_CONSOLIDATED_HISTORICAL_PRICE_PERFORMANCE,30,TRUSTED_HISTORY_WITH_EBAY_SUPPLEMENT,,75.96,85.58,66.35,64.42,50.96,71.15,B,273.59,2026-07-22,319.82,14.50,384.76,17,-0.64,LISTING_NEAR_TRUSTED_VALUE,CURRENT_LISTING_ABOVE_ENTRY_LIMIT,WITHIN_CLASS_HISTORICAL_PERCENTILE_MODEL,false,6
MTG:PRE_COLLECTOR_BOOSTER_BOX:MTG-CANON-TCGPLAYER-77321,Born of the Gods - Booster Box,PRE_COLLECTOR_BOOSTER_BOX,FULL_MODEL,FORECAST_READY,LONG_HISTORY,30,2024-02-08,2026-07-01,874,216.92,123.44,75.73,26.57,36.37,,,13.18,-6.74,29,FRESH,100.00,HISTORICALLY_STRONG,,HISTORY_30_PLUS_DATES,true,true,false,REALIZED_CONSOLIDATED_HISTORICAL_PRICE_PERFORMANCE,30,TRUSTED_HISTORY_WITH_EBAY_SUPPLEMENT,,81.73,58.65,47.12,79.81,50.96,66.73,B,184.38,2026-07-23,209.99,69.99,324.95,17,-3.19,LISTING_NEAR_TRUSTED_VALUE,CURRENT_LISTING_ABOVE_ENTRY_LIMIT,WITHIN_CLASS_HISTORICAL_PERCENTILE_MODEL,false,7
MTG:PRE_COLLECTOR_BOOSTER_BOX:MTG-CANON-TCGPLAYER-57584,Dark Ascension - Booster Box,PRE_COLLECTOR_BOOSTER_BOX,FULL_MODEL,FORECAST_READY,LONG_HISTORY,30,2024-02-08,2026-07-01,874,221.35,144.64,53.04,19.46,25.68,,,9.08,-3.20,29,FRESH,92.60,HISTORICALLY_STRONG,,HISTORY_30_PLUS_DATES,true,true,false,REALIZED_CONSOLIDATED_HISTORICAL_PRICE_PERFORMANCE,30,TRUSTED_HISTORY_WITH_EBAY_SUPPLEMENT,,52.88,39.42,89.42,97.12,50.96,66.15,B,188.15,2026-07-22,128.00,7.49,499.99,18,-42.17,LISTING_BELOW_TRUSTED_VALUE,CURRENT_LISTING_WITHIN_ENTRY_LIMIT,WITHIN_CLASS_HISTORICAL_PERCENTILE_MODEL,false,8
MTG:PRE_COLLECTOR_BOOSTER_BOX:MTG-CANON-TCGPLAYER-70960,Theros - Booster Box,PRE_COLLECTOR_BOOSTER_BOX,FULL_MODEL,FORECAST_READY,LONG_HISTORY,30,2024-02-08,2026-07-01,874,287.25,142.16,102.06,34.17,60.22,,,18.86,-9.78,29,FRESH,100.00,HISTORICALLY_STRONG,,HISTORY_30_PLUS_DATES,true,true,false,REALIZED_CONSOLIDATED_HISTORICAL_PRICE_PERFORMANCE,30,TRUSTED_HISTORY_WITH_EBAY_SUPPLEMENT,,97.12,83.65,16.35,58.65,50.96,65.96,B,244.16,2026-07-23,283.95,8.99,450.01,19,-1.15,LISTING_NEAR_TRUSTED_VALUE,CURRENT_LISTING_ABOVE_ENTRY_LIMIT,WITHIN_CLASS_HISTORICAL_PERCENTILE_MODEL,false,9
MTG:PRE_COLLECTOR_BOOSTER_BOX:MTG-CANON-TCGPLAYER-188210,Core Set 2020 - Booster Box,PRE_COLLECTOR_BOOSTER_BOX,FULL_MODEL,FORECAST_READY,LONG_HISTORY,30,2024-02-08,2026-07-01,874,150.72,98.99,52.26,19.21,35.39,,,10.37,-6.80,29,FRESH,94.43,HISTORICALLY_STRONG,,HISTORY_30_PLUS_DATES,true,true,false,REALIZED_CONSOLIDATED_HISTORICAL_PRICE_PERFORMANCE,30,TRUSTED_HISTORY_WITH_EBAY_SUPPLEMENT,,50.96,56.73,81.73,77.88,50.96,63.65,C,120.58,2026-07-22,163.88,10.00,1050.00,20,8.73,LISTING_NEAR_TRUSTED_VALUE,CURRENT_LISTING_ABOVE_ENTRY_LIMIT,WITHIN_CLASS_HISTORICAL_PERCENTILE_MODEL,false,10
MTG:PRE_COLLECTOR_BOOSTER_BOX:MTG-CANON-TCGPLAYER-27283,Ice Age - Booster Box,PRE_COLLECTOR_BOOSTER_BOX,FULL_MODEL,FORECAST_READY,LONG_HISTORY,30,2024-02-08,2026-07-01,874,1907.98,1049.99,81.71,28.35,98.30,,,29.16,-10.00,29,FRESH,98.17,HISTORICALLY_STRONG,,HISTORY_30_PLUS_DATES,true,true,false,REALIZED_CONSOLIDATED_HISTORICAL_PRICE_PERFORMANCE,30,TRUSTED_HISTORY_WITH_EBAY_SUPPLEMENT,,85.58,99.04,10.58,50.96,50.96,62.88,C,1526.38,2026-07-22,175.00,14.50,1900.00,17,-90.83,LISTING_BELOW_TRUSTED_VALUE,CURRENT_LISTING_WITHIN_ENTRY_LIMIT,WITHIN_CLASS_HISTORICAL_PERCENTILE_MODEL,false,11
MTG:PRE_COLLECTOR_BOOSTER_BOX:MTG-CANON-TCGPLAYER-127069,Modern Masters 2017 - Booster Box,PRE_COLLECTOR_BOOSTER_BOX,FULL_MODEL,FORECAST_READY,LONG_HISTORY,30,2024-02-08,2026-07-01,874,309.61,185.24,67.14,23.94,12.13,,,11.55,-5.18,29,FRESH,91.72,HISTORICALLY_STRONG,,HISTORY_30_PLUS_DATES,true,true,false,REALIZED_CONSOLIDATED_HISTORICAL_PRICE_PERFORMANCE,30,TRUSTED_HISTORY_WITH_EBAY_SUPPLEMENT,,74.04,16.35,68.27,89.42,50.96,62.12,C,247.69,2026-07-23,369.85,15.99,759.99,15,19.46,LISTING_MODERATELY_ABOVE_VALUE,CURRENT_LISTING_ABOVE_ENTRY_LIMIT,WITHIN_CLASS_HISTORICAL_PERCENTILE_MODEL,false,12
MTG:PRE_COLLECTOR_BOOSTER_BOX:MTG-CANON-TCGPLAYER-127174,Amonkhet - Booster Box,PRE_COLLECTOR_BOOSTER_BOX,FULL_MODEL,FORECAST_READY,LONG_HISTORY,30,2024-02-08,2026-07-01,874,342.42,210.68,62.53,22.50,28.79,,,12.39,-6.82,29,FRESH,98.15,HISTORICALLY_STRONG,,HISTORY_30_PLUS_DATES,true,true,false,REALIZED_CONSOLIDATED_HISTORICAL_PRICE_PERFORMANCE,30,TRUSTED_HISTORY_WITH_EBAY_SUPPLEMENT,,70.19,45.19,56.73,75.96,50.96,61.73,C,273.94,2026-07-23,286.00,9.75,750.00,17,-16.48,LISTING_BELOW_TRUSTED_VALUE,CURRENT_LISTING_ABOVE_ENTRY_LIMIT,WITHIN_CLASS_HISTORICAL_PERCENTILE_MODEL,false,13
MTG:PRE_COLLECTOR_BOOSTER_BOX:MTG-CANON-TCGPLAYER-95052,Modern Masters 2015 - Booster Box,PRE_COLLECTOR_BOOSTER_BOX,FULL_MODEL,FORECAST_READY,LONG_HISTORY,30,2024-02-08,2026-07-01,874,396.97,232.28,70.90,25.10,43.22,,,16.64,-8.78,29,FRESH,100.00,HISTORICALLY_STRONG,,HISTORY_30_PLUS_DATES,true,true,false,REALIZED_CONSOLIDATED_HISTORICAL_PRICE_PERFORMANCE,30,TRUSTED_HISTORY_WITH_EBAY_SUPPLEMENT,,79.81,74.04,27.88,60.58,50.96,61.54,C,317.58,2026-07-23,425.00,15.99,647.99,18,7.06,LISTING_NEAR_TRUSTED_VALUE,CURRENT_LISTING_ABOVE_ENTRY_LIMIT,WITHIN_CLASS_HISTORICAL_PERCENTILE_MODEL,false,14
MTG:PRE_COLLECTOR_BOOSTER_BOX:MTG-CANON-TCGPLAYER-35749,Scars of Mirrodin - Booster Box,PRE_COLLECTOR_BOOSTER_BOX,FULL_MODEL,FORECAST_READY,LONG_HISTORY,30,2024-02-08,2026-07-01,874,657.97,368.02,78.79,27.48,18.62,,,14.55,-3.79,29,FRESH,97.19,HISTORICALLY_STRONG,,HISTORY_30_PLUS_DATES,true,true,false,REALIZED_CONSOLIDATED_HISTORICAL_PRICE_PERFORMANCE,30,TRUSTED_HISTORY_WITH_EBAY_SUPPLEMENT,,83.65,25.96,35.58,93.27,50.96,61.15,C,526.38,2026-07-23,600.00,19.99,1999.94,19,-8.81,LISTING_NEAR_TRUSTED_VALUE,CURRENT_LISTING_ABOVE_ENTRY_LIMIT,WITHIN_CLASS_HISTORICAL_PERCENTILE_MODEL,false,15
MTG:PRE_COLLECTOR_BOOSTER_BOX:MTG-CANON-TCGPLAYER-185894,Modern Horizons - Booster Box,PRE_COLLECTOR_BOOSTER_BOX,FULL_MODEL,FORECAST_READY,LONG_HISTORY,30,2024-02-08,2026-07-01,874,285.15,195.23,46.06,17.15,40.72,,,11.88,-6.84,29,FRESH,91.76,HISTORICALLY_STRONG,,HISTORY_30_PLUS_DATES,true,true,false,REALIZED_CONSOLIDATED_HISTORICAL_PRICE_PERFORMANCE,30,TRUSTED_HISTORY_WITH_EBAY_SUPPLEMENT,,45.19,70.19,64.42,74.04,50.96,60.38,C,228.12,2026-07-23,308.57,124.99,899.95,18,8.21,LISTING_NEAR_TRUSTED_VALUE,CURRENT_LISTING_ABOVE_ENTRY_LIMIT,WITHIN_CLASS_HISTORICAL_PERCENTILE_MODEL,false,16
MTG:PRE_COLLECTOR_BOOSTER_BOX:MTG-CANON-TCGPLAYER-67751,Dragon's Maze - Booster Box,PRE_COLLECTOR_BOOSTER_BOX,FULL_MODEL,FORECAST_READY,LONG_HISTORY,30,2024-02-08,2026-07-01,874,134.56,93.67,43.65,16.34,16.47,,,5.97,-3.14,29,FRESH,83.95,HISTORICALLY_STRONG,,HISTORY_30_PLUS_DATES,true,true,false,REALIZED_CONSOLIDATED_HISTORICAL_PRICE_PERFORMANCE,30,TRUSTED_HISTORY_WITH_EBAY_SUPPLEMENT,,39.42,18.27,97.12,99.04,50.96,59.81,C,107.65,2026-07-22,147.47,4.00,949.99,16,9.59,LISTING_NEAR_TRUSTED_VALUE,CURRENT_LISTING_ABOVE_ENTRY_LIMIT,WITHIN_CLASS_HISTORICAL_PERCENTILE_MODEL,false,17
MTG:PRE_COLLECTOR_BOOSTER_BOX:MTG-CANON-TCGPLAYER-179444,Ultimate Masters - Booster Box,PRE_COLLECTOR_BOOSTER_BOX,FULL_MODEL,FORECAST_READY,LONG_HISTORY,30,2024-02-08,2026-07-01,874,510.36,323.77,57.63,20.95,24.11,,,10.30,-8.50,29,FRESH,93.77,HISTORICALLY_STRONG,,HISTORY_30_PLUS_DATES,true,true,false,REALIZED_CONSOLIDATED_HISTORICAL_PRICE_PERFORMANCE,30,TRUSTED_HISTORY_WITH_EBAY_SUPPLEMENT,,62.50,33.65,83.65,62.50,50.96,59.81,C,408.29,2026-07-23,513.53,25.00,1109.95,16,0.62,LISTING_NEAR_TRUSTED_VALUE,CURRENT_LISTING_ABOVE_ENTRY_LIMIT,WITHIN_CLASS_HISTORICAL_PERCENTILE_MODEL,false,18
MTG:PRE_COLLECTOR_BOOSTER_BOX:MTG-CANON-TCGPLAYER-110418,Oath of the Gatewatch - Booster Box,PRE_COLLECTOR_BOOSTER_BOX,FULL_MODEL,FORECAST_READY,LONG_HISTORY,30,2024-02-08,2026-07-01,874,172.90,119.82,44.30,16.56,24.59,,,9.42,-5.29,29,FRESH,88.29,HISTORICALLY_STRONG,,HISTORY_30_PLUS_DATES,true,true,false,REALIZED_CONSOLIDATED_HISTORICAL_PRICE_PERFORMANCE,30,TRUSTED_HISTORY_WITH_EBAY_SUPPLEMENT,,41.35,35.58,87.50,87.50,50.96,59.62,C,138.32,2026-07-23,175.00,4.99,999.99,18,1.21,LISTING_NEAR_TRUSTED_VALUE,CURRENT_LISTING_ABOVE_ENTRY_LIMIT,WITHIN_CLASS_HISTORICAL_PERCENTILE_MODEL,false,19
MTG:PRE_COLLECTOR_BOOSTER_BOX:MTG-CANON-TCGPLAYER-149402,Unstable - Booster Box,PRE_COLLECTOR_BOOSTER_BOX,FULL_MODEL,FORECAST_READY,LONG_HISTORY,30,2024-02-08,2026-07-01,874,188.57,97.30,93.80,31.85,37.96,,,14.58,-13.87,29,FRESH,100.00,HISTORICALLY_STRONG,,HISTORY_30_PLUS_DATES,true,true,false,REALIZED_CONSOLIDATED_HISTORICAL_PRICE_PERFORMANCE,30,TRUSTED_HISTORY_WITH_EBAY_SUPPLEMENT,,93.27,60.58,31.73,29.81,50.96,57.50,C,150.86,2026-07-23,200.00,5.95,333.04,17,6.06,LISTING_NEAR_TRUSTED_VALUE,CURRENT_LISTING_ABOVE_ENTRY_LIMIT,WITHIN_CLASS_HISTORICAL_PERCENTILE_MODEL,false,20
MTG:PRE_COLLECTOR_BOOSTER_BOX:MTG-CANON-TCGPLAYER-94746,Fate Reforged - Booster Box,PRE_COLLECTOR_BOOSTER_BOX,FULL_MODEL,FORECAST_READY,LONG_HISTORY,30,2024-02-08,2026-07-01,874,207.01,129.29,60.11,21.74,35.07,,,12.56,-13.47,29,FRESH,97.75,HISTORICALLY_STRONG,,HISTORY_30_PLUS_DATES,true,true,false,REALIZED_CONSOLIDATED_HISTORICAL_PRICE_PERFORMANCE,30,TRUSTED_HISTORY_WITH_EBAY_SUPPLEMENT,,66.35,54.81,54.81,35.58,50.96,54.04,C,165.61,2026-07-22,201.49,6.60,383.01,18,-2.67,LISTING_NEAR_TRUSTED_VALUE,CURRENT_LISTING_ABOVE_ENTRY_LIMIT,WITHIN_CLASS_HISTORICAL_PERCENTILE_MODEL,false,21
MTG:PRE_COLLECTOR_BOOSTER_BOX:MTG-CANON-TCGPLAYER-180734,Ravnica Allegiance - Booster Box,PRE_COLLECTOR_BOOSTER_BOX,FULL_MODEL,FORECAST_READY,LONG_HISTORY,30,2024-02-08,2026-07-01,874,143.57,101.34,41.67,15.67,34.23,,,8.46,-10.43,29,FRESH,89.84,HISTORICALLY_STRONG,,HISTORY_30_PLUS_DATES,true,true,false,REALIZED_CONSOLIDATED_HISTORICAL_PRICE_PERFORMANCE,30,TRUSTED_HISTORY_WITH_EBAY_SUPPLEMENT,,33.65,52.88,91.35,45.19,50.96,53.08,C,114.86,2026-07-23,158.07,9.99,1099.99,20,10.10,LISTING_MODERATELY_ABOVE_VALUE,CURRENT_LISTING_ABOVE_ENTRY_LIMIT,WITHIN_CLASS_HISTORICAL_PERCENTILE_MODEL,false,22
MTG:PRE_COLLECTOR_BOOSTER_BOX:MTG-CANON-TCGPLAYER-27259,8th Edition - Booster Box,PRE_COLLECTOR_BOOSTER_BOX,FULL_MODEL,FORECAST_READY,LONG_HISTORY,30,2024-02-08,2026-07-01,874,985.01,597.60,64.83,23.22,97.67,,,51.93,-16.95,29,FRESH,83.71,HISTORICALLY_STRONG,,HISTORY_30_PLUS_DATES,true,true,false,REALIZED_CONSOLIDATED_HISTORICAL_PRICE_PERFORMANCE,30,TRUSTED_HISTORY_WITH_EBAY_SUPPLEMENT,,72.12,97.12,0.96,25.96,50.96,51.54,C,788.01,2026-07-23,655.00,12.99,13000.00,19,-33.50,LISTING_BELOW_TRUSTED_VALUE,CURRENT_LISTING_WITHIN_ENTRY_LIMIT,WITHIN_CLASS_HISTORICAL_PERCENTILE_MODEL,false,23
MTG:PRE_COLLECTOR_BOOSTER_BOX:MTG-CANON-TCGPLAYER-141989,Ixalan - Booster Box,PRE_COLLECTOR_BOOSTER_BOX,FULL_MODEL,FORECAST_READY,LONG_HISTORY,30,2024-02-08,2026-07-01,874,216.08,148.12,45.88,17.09,57.99,,,12.35,-16.40,29,FRESH,85.68,HISTORICALLY_STRONG,,HISTORY_30_PLUS_DATES,true,true,false,REALIZED_CONSOLIDATED_HISTORICAL_PRICE_PERFORMANCE,30,TRUSTED_HISTORY_WITH_EBAY_SUPPLEMENT,,43.27,79.81,58.65,27.88,50.96,51.35,C,172.86,2026-07-23,192.50,72.00,354.99,20,-10.91,LISTING_BELOW_TRUSTED_VALUE,CURRENT_LISTING_ABOVE_ENTRY_LIMIT,WITHIN_CLASS_HISTORICAL_PERCENTILE_MODEL,false,24
MTG:PRE_COLLECTOR_BOOSTER_BOX:MTG-CANON-TCGPLAYER-27310,Time Spiral - Booster Box,PRE_COLLECTOR_BOOSTER_BOX,FULL_MODEL,FORECAST_READY,LONG_HISTORY,30,2024-02-08,2026-07-01,874,1150.00,864.98,32.95,12.64,31.43,,,11.50,-6.91,29,FRESH,85.93,HISTORICALLY_STRONG,,HISTORY_30_PLUS_DATES,true,true,false,REALIZED_CONSOLIDATED_HISTORICAL_PRICE_PERFORMANCE,30,TRUSTED_HISTORY_WITH_EBAY_SUPPLEMENT,,27.88,47.12,70.19,72.12,50.96,51.35,C,920.00,2026-07-23,319.41,25.00,2600.00,19,-72.23,LISTING_BELOW_TRUSTED_VALUE,CURRENT_LISTING_WITHIN_ENTRY_LIMIT,WITHIN_CLASS_HISTORICAL_PERCENTILE_MODEL,false,25
MTG:PRE_COLLECTOR_BOOSTER_BOX:MTG-CANON-TCGPLAYER-27314,Urza's Destiny - Booster Box,PRE_COLLECTOR_BOOSTER_BOX,FULL_MODEL,FORECAST_READY,LONG_HISTORY,26,2024-02-08,2026-07-01,874,8499.99,4370.00,94.51,32.05,88.89,,,50.71,-28.39,29,FRESH,88.45,HISTORICALLY_STRONG,,HISTORY_2_TO_29_DATES,true,true,false,REALIZED_CONSOLIDATED_HISTORICAL_PRICE_PERFORMANCE,26,TRUSTED_HISTORY_WITH_EBAY_SUPPLEMENT,,95.19,95.19,2.88,10.58,0.96,50.38,C,6799.99,2026-07-23,4644.49,26.99,9999.99,16,-45.36,LISTING_BELOW_TRUSTED_VALUE,CURRENT_LISTING_WITHIN_ENTRY_LIMIT,WITHIN_CLASS_HISTORICAL_PERCENTILE_MODEL,false,26
MTG:PRE_COLLECTOR_BOOSTER_BOX:MTG-CANON-TCGPLAYER-82200,Conspiracy - Booster Box,PRE_COLLECTOR_BOOSTER_BOX,FULL_MODEL,FORECAST_READY,LONG_HISTORY,30,2024-02-08,2026-07-01,874,236.89,153.80,54.02,19.78,40.75,,,13.19,-19.83,29,FRESH,89.19,HISTORICALLY_STRONG,,HISTORY_30_PLUS_DATES,true,true,false,REALIZED_CONSOLIDATED_HISTORICAL_PRICE_PERFORMANCE,30,TRUSTED_HISTORY_WITH_EBAY_SUPPLEMENT,,54.81,72.12,45.19,20.19,50.96,49.04,C,189.51,2026-07-23,220.00,162.75,250.00,17,-7.13,LISTING_NEAR_TRUSTED_VALUE,CURRENT_LISTING_ABOVE_ENTRY_LIMIT,WITHIN_CLASS_HISTORICAL_PERCENTILE_MODEL,false,27
MTG:PRE_COLLECTOR_BOOSTER_BOX:MTG-CANON-TCGPLAYER-67311,Gatecrash - Booster Box,PRE_COLLECTOR_BOOSTER_BOX,FULL_MODEL,FORECAST_READY,LONG_HISTORY,30,2024-02-08,2026-07-01,874,150.18,122.49,22.61,8.89,18.08,,,7.88,-7.69,29,FRESH,75.19,HISTORICALLY_STRONG,,HISTORY_30_PLUS_DATES,true,true,false,REALIZED_CONSOLIDATED_HISTORICAL_PRICE_PERFORMANCE,30,TRUSTED_HISTORY_WITH_EBAY_SUPPLEMENT,,22.12,22.12,93.27,70.19,50.96,48.85,C,120.14,2026-07-22,174.97,6.40,949.99,20,16.51,LISTING_MODERATELY_ABOVE_VALUE,CURRENT_LISTING_ABOVE_ENTRY_LIMIT,WITHIN_CLASS_HISTORICAL_PERCENTILE_MODEL,false,28
MTG:PRE_COLLECTOR_BOOSTER_BOX:MTG-CANON-TCGPLAYER-173362,Guilds of Ravnica - Booster Box,PRE_COLLECTOR_BOOSTER_BOX,FULL_MODEL,FORECAST_READY,LONG_HISTORY,30,2024-02-08,2026-07-01,874,140.20,97.92,43.18,16.18,25.00,,,11.38,-9.97,29,FRESH,88.00,HISTORICALLY_STRONG,,HISTORY_30_PLUS_DATES,true,true,false,REALIZED_CONSOLIDATED_HISTORICAL_PRICE_PERFORMANCE,30,TRUSTED_HISTORY_WITH_EBAY_SUPPLEMENT,,37.50,37.50,72.12,52.88,50.96,48.85,C,112.16,2026-07-22,186.85,13.99,1120.00,16,33.27,LISTING_MATERIALLY_ABOVE_VALUE,CURRENT_LISTING_ABOVE_ENTRY_LIMIT,WITHIN_CLASS_HISTORICAL_PERCENTILE_MODEL,false,29
MTG:PRE_COLLECTOR_BOOSTER_BOX:MTG-CANON-TCGPLAYER-120965,Conspiracy: Take the Crown - Booster Box,PRE_COLLECTOR_BOOSTER_BOX,FULL_MODEL,FORECAST_READY,LONG_HISTORY,30,2024-02-08,2026-07-01,874,213.89,176.86,20.94,8.27,18.21,,,6.88,-7.70,29,FRESH,74.47,HISTORICALLY_STRONG,,HISTORY_30_PLUS_DATES,true,true,false,REALIZED_CONSOLIDATED_HISTORICAL_PRICE_PERFORMANCE,30,TRUSTED_HISTORY_WITH_EBAY_SUPPLEMENT,,18.27,24.04,95.19,68.27,50.96,48.08,C,171.11,2026-07-23,222.50,6.99,305.00,14,4.03,LISTING_NEAR_TRUSTED_VALUE,CURRENT_LISTING_ABOVE_ENTRY_LIMIT,WITHIN_CLASS_HISTORICAL_PERCENTILE_MODEL,false,30
MTG:PRE_COLLECTOR_BOOSTER_BOX:MTG-CANON-TCGPLAYER-149404,Rivals of Ixalan - Booster Box,PRE_COLLECTOR_BOOSTER_BOX,FULL_MODEL,FORECAST_READY,LONG_HISTORY,30,2024-02-08,2026-07-01,874,186.01,146.35,27.10,10.54,34.17,,,10.65,-10.13,29,FRESH,83.25,HISTORICALLY_STRONG,,HISTORY_30_PLUS_DATES,true,true,false,REALIZED_CONSOLIDATED_HISTORICAL_PRICE_PERFORMANCE,30,TRUSTED_HISTORY_WITH_EBAY_SUPPLEMENT,,25.96,50.96,77.88,47.12,50.96,48.08,C,148.81,2026-07-23,188.88,5.99,700.00,19,1.54,LISTING_NEAR_TRUSTED_VALUE,CURRENT_LISTING_ABOVE_ENTRY_LIMIT,WITHIN_CLASS_HISTORICAL_PERCENTILE_MODEL,false,31
MTG:PRE_COLLECTOR_BOOSTER_BOX:MTG-CANON-TCGPLAYER-118393,Eldritch Moon - Booster Box,PRE_COLLECTOR_BOOSTER_BOX,FULL_MODEL,FORECAST_READY,LONG_HISTORY,30,2024-02-08,2026-07-01,874,299.42,185.74,61.20,22.09,4.36,,,11.32,-13.72,29,FRESH,85.39,HISTORICALLY_STRONG,,HISTORY_30_PLUS_DATES,true,true,false,REALIZED_CONSOLIDATED_HISTORICAL_PRICE_PERFORMANCE,30,TRUSTED_HISTORY_WITH_EBAY_SUPPLEMENT,,68.27,4.81,74.04,31.73,50.96,47.69,C,239.54,2026-07-22,299.98,10.00,1499.00,16,0.19,LISTING_NEAR_TRUSTED_VALUE,CURRENT_LISTING_ABOVE_ENTRY_LIMIT,WITHIN_CLASS_HISTORICAL_PERCENTILE_MODEL,false,32
MTG:PRE_COLLECTOR_BOOSTER_BOX:MTG-CANON-TCGPLAYER-46957,Magic 2012 (M12) - Booster Box,PRE_COLLECTOR_BOOSTER_BOX,PROVISIONAL_MODEL,PROVISIONAL_GUARDED,LONG_HISTORY,30,2024-02-08,2026-07-01,874,256.13,162.64,57.48,20.90,17.13,,,12.02,-11.54,29,FRESH,80.21,HISTORICALLY_STRONG,,HISTORY_30_PLUS_DATES,true,false,false,REALIZED_CONSOLIDATED_HISTORICAL_PRICE_PERFORMANCE,30,TRUSTED_HISTORY_WITH_EBAY_SUPPLEMENT,,58.65,20.19,62.50,41.35,50.96,47.50,C,204.90,2026-07-23,300.00,9.60,599.99,17,17.13,LISTING_MODERATELY_ABOVE_VALUE,CURRENT_LISTING_ABOVE_ENTRY_LIMIT,WITHIN_CLASS_HISTORICAL_PERCENTILE_MODEL,false,33
MTG:PRE_COLLECTOR_BOOSTER_BOX:MTG-CANON-TCGPLAYER-77322,Journey Into Nyx - Booster Box,PRE_COLLECTOR_BOOSTER_BOX,FULL_MODEL,FORECAST_READY,LONG_HISTORY,30,2024-02-08,2026-07-01,874,203.37,129.05,57.59,20.93,8.09,,,13.85,-7.75,29,FRESH,85.74,HISTORICALLY_STRONG,,HISTORY_30_PLUS_DATES,true,true,false,REALIZED_CONSOLIDATED_HISTORICAL_PRICE_PERFORMANCE,30,TRUSTED_HISTORY_WITH_EBAY_SUPPLEMENT,,60.58,10.58,37.50,66.35,50.96,46.15,C,162.70,2026-07-23,204.50,9.97,400.00,18,0.56,LISTING_NEAR_TRUSTED_VALUE,CURRENT_LISTING_ABOVE_ENTRY_LIMIT,WITHIN_CLASS_HISTORICAL_PERCENTILE_MODEL,false,34
MTG:PRE_COLLECTOR_BOOSTER_BOX:MTG-CANON-TCGPLAYER-158423,Dominaria - Booster Box,PRE_COLLECTOR_BOOSTER_BOX,FULL_MODEL,FORECAST_READY,LONG_HISTORY,30,2024-02-08,2026-07-01,874,200.29,128.94,55.34,20.21,56.45,,,17.07,-24.78,29,FRESH,89.74,HISTORICALLY_STRONG,,HISTORY_30_PLUS_DATES,true,true,false,REALIZED_CONSOLIDATED_HISTORICAL_PRICE_PERFORMANCE,30,TRUSTED_HISTORY_WITH_EBAY_SUPPLEMENT,,56.73,77.88,22.12,16.35,50.96,45.38,C,160.23,2026-07-22,249.00,49.95,1800.00,19,24.32,LISTING_MODERATELY_ABOVE_VALUE,CURRENT_LISTING_ABOVE_ENTRY_LIMIT,WITHIN_CLASS_HISTORICAL_PERCENTILE_MODEL,false,35
MTG:PRE_COLLECTOR_BOOSTER_BOX:MTG-CANON-TCGPLAYER-185676,War of the Spark - Booster Box,PRE_COLLECTOR_BOOSTER_BOX,FULL_MODEL,FORECAST_READY,LONG_HISTORY,30,2024-02-08,2026-07-01,874,169.17,118.91,42.27,15.87,40.32,,,18.29,-10.08,29,FRESH,90.10,HISTORICALLY_STRONG,,HISTORY_30_PLUS_DATES,true,true,false,REALIZED_CONSOLIDATED_HISTORICAL_PRICE_PERFORMANCE,30,TRUSTED_HISTORY_WITH_EBAY_SUPPLEMENT,,35.58,66.35,18.27,49.04,50.96,42.50,C,135.34,2026-07-23,194.49,145.52,266.16,20,14.97,LISTING_MODERATELY_ABOVE_VALUE,CURRENT_LISTING_ABOVE_ENTRY_LIMIT,WITHIN_CLASS_HISTORICAL_PERCENTILE_MODEL,false,36
MTG:PRE_COLLECTOR_BOOSTER_BOX:MTG-CANON-TCGPLAYER-96147,Magic Origins - Booster Box,PRE_COLLECTOR_BOOSTER_BOX,FULL_MODEL,FORECAST_READY,LONG_HISTORY,30,2024-02-08,2026-07-01,874,165.12,112.67,46.55,17.32,11.62,,,12.25,-12.32,29,FRESH,82.78,HISTORICALLY_STRONG,,HISTORY_30_PLUS_DATES,true,true,false,REALIZED_CONSOLIDATED_HISTORICAL_PRICE_PERFORMANCE,30,TRUSTED_HISTORY_WITH_EBAY_SUPPLEMENT,,47.12,14.42,60.58,39.42,50.96,42.12,C,132.10,2026-07-23,169.99,5.00,383.01,19,2.95,LISTING_NEAR_TRUSTED_VALUE,CURRENT_LISTING_ABOVE_ENTRY_LIMIT,WITHIN_CLASS_HISTORICAL_PERCENTILE_MODEL,false,37
MTG:PRE_COLLECTOR_BOOSTER_BOX:MTG-CANON-TCGPLAYER-28640,Shards of Alara - Booster Box,PRE_COLLECTOR_BOOSTER_BOX,FULL_MODEL,FORECAST_READY,LONG_HISTORY,30,2024-02-08,2026-07-01,874,708.00,701.73,0.89,0.37,-0.87,,,4.80,-6.14,29,FRESH,55.03,HISTORICALLY_STABLE,,HISTORY_30_PLUS_DATES,true,true,false,REALIZED_CONSOLIDATED_HISTORICAL_PRICE_PERFORMANCE,30,TRUSTED_HISTORY_WITH_EBAY_SUPPLEMENT,,0.96,0.96,99.04,83.65,50.96,42.12,C,566.40,2026-07-23,70.99,19.99,934.99,17,-89.97,LISTING_BELOW_TRUSTED_VALUE,CURRENT_LISTING_WITHIN_ENTRY_LIMIT,WITHIN_CLASS_HISTORICAL_PERCENTILE_MODEL,false,38
MTG:PRE_COLLECTOR_BOOSTER_BOX:MTG-CANON-TCGPLAYER-79290,Unhinged - Booster Box,PRE_COLLECTOR_BOOSTER_BOX,FULL_MODEL,FORECAST_READY,LONG_HISTORY,30,2024-02-08,2026-07-01,874,949.98,599.49,58.46,21.21,40.36,,,42.62,-25.35,29,FRESH,81.06,HISTORICALLY_STRONG,,HISTORY_30_PLUS_DATES,true,true,false,REALIZED_CONSOLIDATED_HISTORICAL_PRICE_PERFORMANCE,30,TRUSTED_HISTORY_WITH_EBAY_SUPPLEMENT,,64.42,68.27,6.73,12.50,50.96,41.92,C,759.98,2026-07-23,248.00,5.99,1465.00,16,-73.89,LISTING_BELOW_TRUSTED_VALUE,CURRENT_LISTING_WITHIN_ENTRY_LIMIT,WITHIN_CLASS_HISTORICAL_PERCENTILE_MODEL,false,39
MTG:PRE_COLLECTOR_BOOSTER_BOX:MTG-CANON-TCGPLAYER-166536,Battlebond - Booster Box,PRE_COLLECTOR_BOOSTER_BOX,FULL_MODEL,FORECAST_READY,LONG_HISTORY,30,2024-02-08,2026-07-01,874,292.73,247.38,18.33,7.29,39.89,,,10.40,-18.94,29,FRESH,73.12,HISTORICALLY_STABLE,,HISTORY_30_PLUS_DATES,true,true,false,REALIZED_CONSOLIDATED_HISTORICAL_PRICE_PERFORMANCE,30,TRUSTED_HISTORY_WITH_EBAY_SUPPLEMENT,,10.58,64.42,79.81,22.12,50.96,41.54,C,234.18,2026-07-23,300.83,33.99,1750.00,14,2.77,LISTING_NEAR_TRUSTED_VALUE,CURRENT_LISTING_ABOVE_ENTRY_LIMIT,WITHIN_CLASS_HISTORICAL_PERCENTILE_MODEL,false,40
MTG:PRE_COLLECTOR_BOOSTER_BOX:MTG-CANON-TCGPLAYER-60117,Return to Ravnica - Booster Box,PRE_COLLECTOR_BOOSTER_BOX,FULL_MODEL,FORECAST_READY,LONG_HISTORY,30,2024-02-08,2026-07-01,874,171.31,122.71,39.61,14.96,28.22,,,13.33,-13.15,29,FRESH,88.03,HISTORICALLY_STRONG,,HISTORY_30_PLUS_DATES,true,true,false,REALIZED_CONSOLIDATED_HISTORICAL_PRICE_PERFORMANCE,30,TRUSTED_HISTORY_WITH_EBAY_SUPPLEMENT,,31.73,43.27,41.35,37.50,50.96,39.04,C,137.05,2026-07-23,165.50,89.99,699.99,18,-3.39,LISTING_NEAR_TRUSTED_VALUE,CURRENT_LISTING_ABOVE_ENTRY_LIMIT,WITHIN_CLASS_HISTORICAL_PERCENTILE_MODEL,false,41
MTG:PRE_COLLECTOR_BOOSTER_BOX:MTG-CANON-TCGPLAYER-27304,Saviors of Kamigawa - Booster Box,PRE_COLLECTOR_BOOSTER_BOX,FULL_MODEL,FORECAST_READY,LONG_HISTORY,30,2024-02-08,2026-07-01,874,595.49,497.49,19.70,7.80,20.11,,,12.59,-9.92,29,FRESH,74.83,HISTORICALLY_STABLE,,HISTORY_30_PLUS_DATES,true,true,false,REALIZED_CONSOLIDATED_HISTORICAL_PRICE_PERFORMANCE,30,TRUSTED_HISTORY_WITH_EBAY_SUPPLEMENT,,14.42,27.88,52.88,54.81,50.96,36.54,C,476.39,2026-07-23,485.00,18.95,1500.00,18,-18.55,LISTING_BELOW_TRUSTED_VALUE,CURRENT_LISTING_ABOVE_ENTRY_LIMIT,WITHIN_CLASS_HISTORICAL_PERCENTILE_MODEL,false,42
MTG:PRE_COLLECTOR_BOOSTER_BOX:MTG-CANON-TCGPLAYER-39109,Mirrodin Besieged - Booster Box,PRE_COLLECTOR_BOOSTER_BOX,FULL_MODEL,FORECAST_READY,LONG_HISTORY,30,2024-02-08,2026-07-01,874,484.78,396.21,22.35,8.80,39.81,,,13.21,-20.13,29,FRESH,75.03,HISTORICALLY_STRONG,,HISTORY_30_PLUS_DATES,true,true,false,REALIZED_CONSOLIDATED_HISTORICAL_PRICE_PERFORMANCE,30,TRUSTED_HISTORY_WITH_EBAY_SUPPLEMENT,,20.19,62.50,43.27,18.27,50.96,35.96,C,387.82,2026-07-23,513.71,18.99,1499.95,16,5.97,LISTING_NEAR_TRUSTED_VALUE,CURRENT_LISTING_ABOVE_ENTRY_LIMIT,WITHIN_CLASS_HISTORICAL_PERCENTILE_MODEL,false,43
MTG:PRE_COLLECTOR_BOOSTER_BOX:MTG-CANON-TCGPLAYER-68104,Modern Masters - Booster Box,PRE_COLLECTOR_BOOSTER_BOX,FULL_MODEL,FORECAST_READY,LONG_HISTORY,30,2024-02-08,2026-07-01,874,493.07,459.94,7.20,2.95,21.79,,,10.66,-17.66,29,FRESH,63.56,HISTORICALLY_STABLE,,HISTORY_30_PLUS_DATES,true,true,false,REALIZED_CONSOLIDATED_HISTORICAL_PRICE_PERFORMANCE,30,TRUSTED_HISTORY_WITH_EBAY_SUPPLEMENT,,2.88,31.73,75.96,24.04,50.96,32.31,C,394.46,2026-07-23,424.99,15.99,759.99,19,-13.81,LISTING_BELOW_TRUSTED_VALUE,CURRENT_LISTING_ABOVE_ENTRY_LIMIT,WITHIN_CLASS_HISTORICAL_PERCENTILE_MODEL,false,44
MTG:PRE_COLLECTOR_BOOSTER_BOX:MTG-CANON-TCGPLAYER-27305,Scourge - Booster Box,PRE_COLLECTOR_BOOSTER_BOX,FULL_MODEL,FORECAST_READY,LONG_HISTORY,30,2024-02-08,2026-07-01,874,793.19,707.97,12.04,4.86,25.91,,,17.04,-11.02,29,FRESH,74.02,HISTORICALLY_STABLE,,HISTORY_30_PLUS_DATES,true,true,false,REALIZED_CONSOLIDATED_HISTORICAL_PRICE_PERFORMANCE,30,TRUSTED_HISTORY_WITH_EBAY_SUPPLEMENT,,8.65,41.35,24.04,43.27,50.96,29.42,C,634.55,2026-07-23,898.98,16.00,1500.00,20,13.34,LISTING_MODERATELY_ABOVE_VALUE,CURRENT_LISTING_ABOVE_ENTRY_LIMIT,WITHIN_CLASS_HISTORICAL_PERCENTILE_MODEL,false,45
MTG:PRE_COLLECTOR_BOOSTER_BOX:MTG-CANON-TCGPLAYER-27293,Nemesis - Booster Box,PRE_COLLECTOR_BOOSTER_BOX,FULL_MODEL,FORECAST_READY,LONG_HISTORY,30,2024-02-08,2026-07-01,874,878.85,799.98,9.86,4.01,83.10,,,26.45,-40.62,29,FRESH,59.99,HISTORICALLY_STABLE,,HISTORY_30_PLUS_DATES,true,true,false,REALIZED_CONSOLIDATED_HISTORICAL_PRICE_PERFORMANCE,30,TRUSTED_HISTORY_WITH_EBAY_SUPPLEMENT,,6.73,93.27,12.50,0.96,50.96,28.46,C,703.08,2026-07-23,49.99,5.00,1100.00,17,-94.31,LISTING_BELOW_TRUSTED_VALUE,CURRENT_LISTING_WITHIN_ENTRY_LIMIT,WITHIN_CLASS_HISTORICAL_PERCENTILE_MODEL,false,46
MTG:PRE_COLLECTOR_BOOSTER_BOX:MTG-CANON-TCGPLAYER-125794,Aether Revolt - Booster Box,PRE_COLLECTOR_BOOSTER_BOX,FULL_MODEL,FORECAST_READY,LONG_HISTORY,30,2024-02-08,2026-07-01,874,190.23,140.54,35.36,13.49,3.37,,,15.75,-13.51,29,FRESH,73.71,HISTORICALLY_STRONG,,HISTORY_30_PLUS_DATES,true,true,false,REALIZED_CONSOLIDATED_HISTORICAL_PRICE_PERFORMANCE,30,TRUSTED_HISTORY_WITH_EBAY_SUPPLEMENT,,29.81,2.88,29.81,33.65,50.96,27.31,C,152.18,2026-07-23,101.75,5.00,420.00,18,-46.51,LISTING_BELOW_TRUSTED_VALUE,CURRENT_LISTING_WITHIN_ENTRY_LIMIT,WITHIN_CLASS_HISTORICAL_PERCENTILE_MODEL,false,47
MTG:PRE_COLLECTOR_BOOSTER_BOX:MTG-CANON-TCGPLAYER-121527,Kaladesh - Booster Box,PRE_COLLECTOR_BOOSTER_BOX,FULL_MODEL,FORECAST_READY,LONG_HISTORY,30,2024-02-08,2026-07-01,874,478.23,317.67,50.54,18.64,20.18,,,50.32,-38.97,29,FRESH,68.79,HISTORICALLY_STABLE,,HISTORY_30_PLUS_DATES,true,true,false,REALIZED_CONSOLIDATED_HISTORICAL_PRICE_PERFORMANCE,30,TRUSTED_HISTORY_WITH_EBAY_SUPPLEMENT,,49.04,29.81,4.81,2.88,50.96,27.31,C,382.58,2026-07-23,509.89,349.95,799.99,17,6.62,LISTING_NEAR_TRUSTED_VALUE,CURRENT_LISTING_ABOVE_ENTRY_LIMIT,WITHIN_CLASS_HISTORICAL_PERCENTILE_MODEL,false,48
MTG:PRE_COLLECTOR_BOOSTER_BOX:MTG-CANON-TCGPLAYER-27291,Mirrodin - Booster Box,PRE_COLLECTOR_BOOSTER_BOX,FULL_MODEL,FORECAST_READY,LONG_HISTORY,30,2024-02-08,2026-07-01,874,1185.35,965.28,22.80,8.96,33.72,,,32.45,-35.95,29,FRESH,66.24,HISTORICALLY_STABLE,,HISTORY_30_PLUS_DATES,true,true,false,REALIZED_CONSOLIDATED_HISTORICAL_PRICE_PERFORMANCE,30,TRUSTED_HISTORY_WITH_EBAY_SUPPLEMENT,,24.04,49.04,8.65,4.81,50.96,24.81,C,948.28,2026-07-23,750.00,15.99,1999.94,18,-36.73,LISTING_BELOW_TRUSTED_VALUE,CURRENT_LISTING_WITHIN_ENTRY_LIMIT,WITHIN_CLASS_HISTORICAL_PERCENTILE_MODEL,false,49
MTG:PRE_COLLECTOR_BOOSTER_BOX:MTG-CANON-TCGPLAYER-58058,Avacyn Restored - Booster Box,PRE_COLLECTOR_BOOSTER_BOX,FULL_MODEL,FORECAST_READY,LONG_HISTORY,30,2024-02-08,2026-07-01,874,412.57,343.74,20.02,7.93,7.09,,,14.56,-24.93,29,FRESH,62.47,HISTORICALLY_STABLE,,HISTORY_30_PLUS_DATES,true,true,false,REALIZED_CONSOLIDATED_HISTORICAL_PRICE_PERFORMANCE,30,TRUSTED_HISTORY_WITH_EBAY_SUPPLEMENT,,16.35,6.73,33.65,14.42,50.96,20.96,C,330.06,2026-07-23,427.50,16.99,999.98,18,3.62,LISTING_NEAR_TRUSTED_VALUE,CURRENT_LISTING_ABOVE_ENTRY_LIMIT,WITHIN_CLASS_HISTORICAL_PERCENTILE_MODEL,false,50
MTG:PRE_COLLECTOR_BOOSTER_BOX:MTG-CANON-TCGPLAYER-102715,Battle for Zendikar - Booster Box,PRE_COLLECTOR_BOOSTER_BOX,FULL_MODEL,FORECAST_READY,LONG_HISTORY,30,2024-02-08,2026-07-01,874,202.93,188.61,7.59,3.11,11.10,,,18.14,-29.51,29,FRESH,58.41,HISTORICALLY_STABLE,,HISTORY_30_PLUS_DATES,true,true,false,REALIZED_CONSOLIDATED_HISTORICAL_PRICE_PERFORMANCE,30,TRUSTED_HISTORY_WITH_EBAY_SUPPLEMENT,,4.81,12.50,20.19,8.65,50.96,14.81,C,162.34,2026-07-23,237.50,4.95,1399.99,16,17.04,LISTING_MODERATELY_ABOVE_VALUE,CURRENT_LISTING_ABOVE_ENTRY_LIMIT,WITHIN_CLASS_HISTORICAL_PERCENTILE_MODEL,false,51
MTG:PRE_COLLECTOR_BOOSTER_BOX:MTG-CANON-TCGPLAYER-27271,Coldsnap - Booster Box,PRE_COLLECTOR_BOOSTER_BOX,FULL_MODEL,FORECAST_READY,LONG_HISTORY,30,2024-02-08,2026-07-01,874,846.66,715.20,18.38,7.31,7.85,,,25.63,-29.58,29,FRESH,57.07,HISTORICALLY_STABLE,,HISTORY_30_PLUS_DATES,true,true,false,REALIZED_CONSOLIDATED_HISTORICAL_PRICE_PERFORMANCE,30,TRUSTED_HISTORY_WITH_EBAY_SUPPLEMENT,,12.50,8.65,14.42,6.73,50.96,14.81,C,677.33,2026-07-23,87.47,23.00,2000.00,18,-89.67,LISTING_BELOW_TRUSTED_VALUE,CURRENT_LISTING_WITHIN_ENTRY_LIMIT,WITHIN_CLASS_HISTORICAL_PERCENTILE_MODEL,false,52
MTG:SECRET_LAIR:SL-E761E1777C5411,Drop: Through the Wormhole - Non-Foil Edition ? Nonfoil Edition,SECRET_LAIR,FULL_MODEL,PASS,LONG_HISTORY,30,2024-02-08,2026-07-01,874,209.45,50.91,311.41,80.60,69.77,,,13.04,-0.45,29,FRESH,100.00,HISTORICALLY_STRONG,,HISTORY_30_PLUS_DATES,false,false,false,REALIZED_CONSOLIDATED_HISTORICAL_PRICE_PERFORMANCE,30,TRUSTED_HISTORY_WITH_EBAY_SUPPLEMENT,,98.30,89.20,55.11,98.30,61.93,84.20,A,188.50,2026-07-24,287.95,208.99,396.50,32,37.48,LISTING_MATERIALLY_ABOVE_VALUE,CURRENT_LISTING_ABOVE_ENTRY_LIMIT,WITHIN_CLASS_HISTORICAL_PERCENTILE_MODEL,false,1
MTG:SECRET_LAIR:SL-B689085E2D41DE,x Warhammer Age of Sigmar - Non-Foil Edition ? Nonfoil Edition,SECRET_LAIR,FULL_MODEL,PASS,LONG_HISTORY,29,2024-02-08,2026-07-01,874,131.47,53.69,144.87,45.39,63.56,,,11.87,-0.88,29,FRESH,100.00,HISTORICALLY_STRONG,,HISTORY_2_TO_29_DATES,false,false,false,REALIZED_CONSOLIDATED_HISTORICAL_PRICE_PERFORMANCE,29,TRUSTED_HISTORY_WITH_EBAY_SUPPLEMENT,,88.07,85.80,66.48,97.16,22.73,78.58,B,111.75,2026-07-24,130.00,100.00,239.99,43,-1.12,LISTING_NEAR_TRUSTED_VALUE,CURRENT_LISTING_ABOVE_ENTRY_LIMIT,WITHIN_CLASS_HISTORICAL_PERCENTILE_MODEL,false,2
MTG:SECRET_LAIR:SL-B2289CE720A189,Drop: Dan Frazier Is Back Again: The Enemy Talismans - Foil Etched Edition ? Foil Edition,SECRET_LAIR,FULL_MODEL,PASS,LONG_HISTORY,30,2024-02-08,2026-07-01,874,138.63,40.15,245.28,67.84,79.88,,,16.69,-3.68,29,FRESH,100.00,HISTORICALLY_STRONG,,HISTORY_30_PLUS_DATES,false,false,false,REALIZED_CONSOLIDATED_HISTORICAL_PRICE_PERFORMANCE,30,TRUSTED_HISTORY_WITH_EBAY_SUPPLEMENT,,94.89,92.61,33.52,91.48,61.93,78.18,B,117.84,2026-07-23,139.99,115.00,250.00,9,0.98,LISTING_NEAR_TRUSTED_VALUE,CURRENT_LISTING_ABOVE_ENTRY_LIMIT,WITHIN_CLASS_HISTORICAL_PERCENTILE_MODEL,false,3
MTG:SECRET_LAIR:SL-0E630241169A8E,"Drop: Fblthp: Completely, Utterly, Totally Lost - Traditional Foil Edition ? Foil Edition",SECRET_LAIR,FULL_MODEL,PASS,LONG_HISTORY,30,2024-02-08,2026-07-01,874,57.41,25.89,121.75,39.49,50.76,,,12.65,-2.63,29,FRESH,100.00,HISTORICALLY_STRONG,,HISTORY_30_PLUS_DATES,false,false,false,REALIZED_CONSOLIDATED_HISTORICAL_PRICE_PERFORMANCE,30,TRUSTED_HISTORY_WITH_EBAY_SUPPLEMENT,,82.39,77.84,58.52,94.89,61.93,77.16,B,48.80,2026-07-23,60.00,48.00,92.99,12,4.51,LISTING_NEAR_TRUSTED_VALUE,CURRENT_LISTING_ABOVE_ENTRY_LIMIT,WITHIN_CLASS_HISTORICAL_PERCENTILE_MODEL,false,4
MTG:SECRET_LAIR:SL-26D338135420FD,Drop: Mirrodinsanity - Traditional Foil Edition ? Foil Edition,SECRET_LAIR,FULL_MODEL,PASS,LONG_HISTORY,30,2024-02-08,2026-07-01,874,134.17,59.71,124.70,40.26,44.27,,,10.77,-6.22,29,FRESH,100.00,HISTORICALLY_STRONG,,HISTORY_30_PLUS_DATES,false,false,false,REALIZED_CONSOLIDATED_HISTORICAL_PRICE_PERFORMANCE,30,TRUSTED_HISTORY_WITH_EBAY_SUPPLEMENT,,85.80,65.34,77.84,80.11,61.93,76.59,B,114.04,2026-07-23,148.88,110.00,220.00,13,10.96,LISTING_MODERATELY_ABOVE_VALUE,CURRENT_LISTING_ABOVE_ENTRY_LIMIT,WITHIN_CLASS_HISTORICAL_PERCENTILE_MODEL,false,5
MTG:SECRET_LAIR:SL-2098A235696D4F,Drop: Dan Frazier Is Back Again: The Allied Talismans - Foil Etched Edition ? Foil Edition,SECRET_LAIR,FULL_MODEL,PASS,LONG_HISTORY,30,2024-02-08,2026-07-01,874,170.00,48.05,253.80,69.56,82.25,,,18.79,-5.04,29,FRESH,100.00,HISTORICALLY_STRONG,,HISTORY_30_PLUS_DATES,false,false,false,REALIZED_CONSOLIDATED_HISTORICAL_PRICE_PERFORMANCE,30,TRUSTED_HISTORY_WITH_EBAY_SUPPLEMENT,,96.02,94.89,23.30,88.07,61.93,76.25,B,144.50,2026-07-23,194.99,149.99,399.99,7,14.70,LISTING_MODERATELY_ABOVE_VALUE,CURRENT_LISTING_ABOVE_ENTRY_LIMIT,WITHIN_CLASS_HISTORICAL_PERCENTILE_MODEL,false,6
MTG:SECRET_LAIR:SL-F378E79C981B5B,Drop: Special Guest: Kelogsloops - Traditional Foil Edition ? Foil Edition,SECRET_LAIR,FULL_MODEL,PASS,LONG_HISTORY,30,2024-02-08,2026-07-01,874,137.69,52.40,162.77,49.74,46.74,,,13.03,-5.78,29,FRESH,100.00,HISTORICALLY_STRONG,,HISTORY_30_PLUS_DATES,false,false,false,REALIZED_CONSOLIDATED_HISTORICAL_PRICE_PERFORMANCE,30,TRUSTED_HISTORY_WITH_EBAY_SUPPLEMENT,,91.48,71.02,56.25,84.66,61.93,76.02,B,117.04,2026-07-24,169.99,138.00,275.99,39,23.46,LISTING_MODERATELY_ABOVE_VALUE,CURRENT_LISTING_ABOVE_ENTRY_LIMIT,WITHIN_CLASS_HISTORICAL_PERCENTILE_MODEL,false,7
MTG:SECRET_LAIR:SL-C5A93064AA668C,Drop: Secret Lair x Jurassic World: Dr. Ian Malcolm - Non-Foil Edition ? Nonfoil Edition,SECRET_LAIR,FULL_MODEL,PASS,LONG_HISTORY,30,2024-02-08,2026-07-01,874,95.84,43.10,122.37,39.65,32.71,,,10.15,-5.19,29,FRESH,100.00,HISTORICALLY_STRONG,,HISTORY_30_PLUS_DATES,false,false,false,REALIZED_CONSOLIDATED_HISTORICAL_PRICE_PERFORMANCE,30,TRUSTED_HISTORY_WITH_EBAY_SUPPLEMENT,,83.52,51.70,83.52,85.80,61.93,75.45,B,81.46,2026-07-23,145.00,88.50,180.99,11,51.29,LISTING_MATERIALLY_ABOVE_VALUE,CURRENT_LISTING_ABOVE_ENTRY_LIMIT,WITHIN_CLASS_HISTORICAL_PERCENTILE_MODEL,false,8
MTG:SECRET_LAIR:SL-3F1F1DB9343414,Drop: Special Guest: Jen Bartel - Non-Foil Edition ? Nonfoil Edition,SECRET_LAIR,FULL_MODEL,PASS,LONG_HISTORY,30,2024-02-08,2026-07-01,874,62.36,32.44,92.23,31.41,44.75,,,8.38,-7.00,29,FRESH,100.00,HISTORICALLY_STRONG,,HISTORY_30_PLUS_DATES,false,false,false,REALIZED_CONSOLIDATED_HISTORICAL_PRICE_PERFORMANCE,30,TRUSTED_HISTORY_WITH_EBAY_SUPPLEMENT,,73.30,66.48,91.48,75.00,61.93,74.77,B,53.01,2026-07-24,62.00,55.99,99.99,31,-0.58,LISTING_NEAR_TRUSTED_VALUE,CURRENT_LISTING_ABOVE_ENTRY_LIMIT,WITHIN_CLASS_HISTORICAL_PERCENTILE_MODEL,false,9
MTG:SECRET_LAIR:SL-BFAF5430109A2E,Drop: Dan Frazier is Back: The Allied Signets - Foil Etched Edition ? Foil Edition,SECRET_LAIR,FULL_MODEL,PASS,LONG_HISTORY,30,2024-02-08,2026-07-01,874,161.25,74.89,115.32,37.78,65.90,,,14.59,-5.82,29,FRESH,100.00,HISTORICALLY_STRONG,,HISTORY_30_PLUS_DATES,false,false,false,REALIZED_CONSOLIDATED_HISTORICAL_PRICE_PERFORMANCE,30,TRUSTED_HISTORY_WITH_EBAY_SUPPLEMENT,,80.11,86.93,42.61,83.52,61.93,72.84,B,137.06,2026-07-23,199.44,89.99,299.99,12,23.68,LISTING_MODERATELY_ABOVE_VALUE,CURRENT_LISTING_ABOVE_ENTRY_LIMIT,WITHIN_CLASS_HISTORICAL_PERCENTILE_MODEL,false,10
MTG:SECRET_LAIR:SL-6913FBEDFDB80B,Drop: Dogs Are Better Than Cats - Non-Foil Edition ? Nonfoil Edition,SECRET_LAIR,FULL_MODEL,PASS,MEDIUM_HISTORY,16,2025-04-01,2026-07-01,456,80.85,41.41,95.24,70.90,46.89,,,14.79,0.00,29,FRESH,97.52,HISTORICALLY_STRONG,,HISTORY_2_TO_29_DATES,false,false,false,REALIZED_CONSOLIDATED_HISTORICAL_PRICE_PERFORMANCE,16,TRUSTED_HISTORY_WITH_EBAY_SUPPLEMENT,,97.16,72.16,41.48,99.43,5.11,72.27,B,68.72,2026-07-23,229.99,88.54,669.69,11,184.47,LISTING_MATERIALLY_ABOVE_VALUE,CURRENT_LISTING_ABOVE_ENTRY_LIMIT,WITHIN_CLASS_HISTORICAL_PERCENTILE_MODEL,false,11
MTG:SECRET_LAIR:SL-690BF3733992EE,Drop: Special Guest: Jen Bartel - Traditional Foil Edition ? Foil Edition,SECRET_LAIR,FULL_MODEL,PASS,LONG_HISTORY,30,2024-02-08,2026-07-01,874,66.58,38.78,71.69,25.34,22.82,,,7.90,-3.39,29,FRESH,98.58,HISTORICALLY_STRONG,,HISTORY_30_PLUS_DATES,false,false,false,REALIZED_CONSOLIDATED_HISTORICAL_PRICE_PERFORMANCE,30,TRUSTED_HISTORY_WITH_EBAY_SUPPLEMENT,,63.07,39.77,93.75,92.61,61.93,70.34,B,56.59,2026-07-24,64.99,56.50,99.99,39,-2.39,LISTING_NEAR_TRUSTED_VALUE,CURRENT_LISTING_ABOVE_ENTRY_LIMIT,WITHIN_CLASS_HISTORICAL_PERCENTILE_MODEL,false,12
MTG:SECRET_LAIR:SL-1716D8997667E1,Drop: The Space Beyond the Stars - Traditional Foil Edition ? Foil Edition,SECRET_LAIR,FULL_MODEL,PASS,LONG_HISTORY,30,2024-02-08,2026-07-01,874,58.54,32.20,81.80,28.38,50.68,,,12.38,-6.27,29,FRESH,100.00,HISTORICALLY_STRONG,,HISTORY_30_PLUS_DATES,false,false,false,REALIZED_CONSOLIDATED_HISTORICAL_PRICE_PERFORMANCE,30,TRUSTED_HISTORY_WITH_EBAY_SUPPLEMENT,,67.61,76.70,59.66,78.98,61.93,69.55,B,49.76,2026-07-24,65.00,53.95,99.97,35,11.04,LISTING_MODERATELY_ABOVE_VALUE,CURRENT_LISTING_ABOVE_ENTRY_LIMIT,WITHIN_CLASS_HISTORICAL_PERCENTILE_MODEL,false,13
MTG:SECRET_LAIR:SL-137214427FCCAA,Drop: Showcase: Streets of New Capenna - Gilded Foil Edition ? Foil Edition,SECRET_LAIR,FULL_MODEL,PASS,LONG_HISTORY,30,2024-02-08,2026-07-01,874,61.87,33.61,84.08,29.05,45.82,,,10.97,-8.74,29,FRESH,100.00,HISTORICALLY_STRONG,,HISTORY_30_PLUS_DATES,false,false,false,REALIZED_CONSOLIDATED_HISTORICAL_PRICE_PERFORMANCE,30,TRUSTED_HISTORY_WITH_EBAY_SUPPLEMENT,,69.89,68.75,75.57,64.20,61.93,68.86,B,52.59,2026-07-23,74.99,52.99,93.17,27,21.21,LISTING_MODERATELY_ABOVE_VALUE,CURRENT_LISTING_ABOVE_ENTRY_LIMIT,WITHIN_CLASS_HISTORICAL_PERCENTILE_MODEL,false,14
MTG:SECRET_LAIR:SL-E976A82043B976,Drop: Secret Lair X MSCHF - Foil Edition ? Foil Edition,SECRET_LAIR,FULL_MODEL,PASS,LONG_HISTORY,30,2024-02-08,2026-07-01,874,107.03,60.46,77.03,26.96,35.43,,,12.08,-4.87,29,FRESH,100.00,HISTORICALLY_STRONG,,HISTORY_30_PLUS_DATES,false,false,false,REALIZED_CONSOLIDATED_HISTORICAL_PRICE_PERFORMANCE,30,TRUSTED_HISTORY_WITH_EBAY_SUPPLEMENT,,65.34,56.25,65.34,89.20,61.93,67.95,B,90.98,2026-07-23,129.99,8.99,225.00,9,21.45,LISTING_MODERATELY_ABOVE_VALUE,CURRENT_LISTING_ABOVE_ENTRY_LIMIT,WITHIN_CLASS_HISTORICAL_PERCENTILE_MODEL,false,15
MTG:SECRET_LAIR:SL-204D6B03D36FE2,Drop: Kamigawa Ink - Traditional Foil Edition ? Foil Edition,SECRET_LAIR,FULL_MODEL,PASS,LONG_HISTORY,30,2024-02-08,2026-07-01,874,70.92,35.22,101.36,33.98,39.25,,,12.91,-7.04,29,FRESH,100.00,HISTORICALLY_STRONG,,HISTORY_30_PLUS_DATES,false,false,false,REALIZED_CONSOLIDATED_HISTORICAL_PRICE_PERFORMANCE,30,TRUSTED_HISTORY_WITH_EBAY_SUPPLEMENT,,76.70,60.80,57.39,73.30,61.93,67.50,B,60.28,2026-07-23,79.00,48.99,84.99,15,11.39,LISTING_MODERATELY_ABOVE_VALUE,CURRENT_LISTING_ABOVE_ENTRY_LIMIT,WITHIN_CLASS_HISTORICAL_PERCENTILE_MODEL,false,16
MTG:SECRET_LAIR:SL-B0E43DFE167A56,Drop: Artist Series: Livia Prima - Non-Foil Edition ? Nonfoil Edition,SECRET_LAIR,FULL_MODEL,PASS,LONG_HISTORY,30,2024-02-08,2026-07-01,874,43.87,23.27,88.53,30.34,81.66,,,20.14,-6.10,29,FRESH,98.85,HISTORICALLY_STRONG,,HISTORY_30_PLUS_DATES,false,false,false,REALIZED_CONSOLIDATED_HISTORICAL_PRICE_PERFORMANCE,30,TRUSTED_HISTORY_WITH_EBAY_SUPPLEMENT,,71.02,93.75,17.61,81.25,61.93,66.02,B,37.29,2026-07-23,49.99,39.99,89.80,9,13.95,LISTING_MODERATELY_ABOVE_VALUE,CURRENT_LISTING_ABOVE_ENTRY_LIMIT,WITHIN_CLASS_HISTORICAL_PERCENTILE_MODEL,false,17
MTG:SECRET_LAIR:SL-0A174DAC0F9024,"Drop: Transformers: One Shall Stand, One Shall Fall - Traditional Foil Edition ? Foil Edition",SECRET_LAIR,FULL_MODEL,PASS,LONG_HISTORY,30,2024-02-08,2026-07-01,874,83.08,48.48,71.37,25.25,39.02,,,11.18,-7.47,29,FRESH,100.00,HISTORICALLY_STRONG,,HISTORY_30_PLUS_DATES,false,false,false,REALIZED_CONSOLIDATED_HISTORICAL_PRICE_PERFORMANCE,30,TRUSTED_HISTORY_WITH_EBAY_SUPPLEMENT,,59.66,59.66,74.43,71.02,61.93,65.11,B,70.62,2026-07-24,99.99,80.99,150.00,26,20.35,LISTING_MODERATELY_ABOVE_VALUE,CURRENT_LISTING_ABOVE_ENTRY_LIMIT,WITHIN_CLASS_HISTORICAL_PERCENTILE_MODEL,false,18
MTG:SECRET_LAIR:SL-E23BF5EAA4F5AA,Drop: Artist Series: Livia Prima - Traditional Foil Edition ? Foil Edition,SECRET_LAIR,FULL_MODEL,PASS,LONG_HISTORY,30,2024-02-08,2026-07-01,874,45.36,26.92,68.50,24.36,73.39,,,12.12,-9.88,29,FRESH,100.00,HISTORICALLY_STRONG,,HISTORY_30_PLUS_DATES,false,false,false,REALIZED_CONSOLIDATED_HISTORICAL_PRICE_PERFORMANCE,30,TRUSTED_HISTORY_WITH_EBAY_SUPPLEMENT,,56.25,90.34,64.20,55.11,61.93,65.00,B,38.56,2026-07-23,49.99,39.99,89.80,10,10.21,LISTING_MODERATELY_ABOVE_VALUE,CURRENT_LISTING_ABOVE_ENTRY_LIMIT,WITHIN_CLASS_HISTORICAL_PERCENTILE_MODEL,false,19
MTG:SECRET_LAIR:SL-26D60205AA523A,Drop: Secret Lair x Fortnite - Traditional Foil Edition ? Foil Edition,SECRET_LAIR,FULL_MODEL,PASS,LONG_HISTORY,30,2024-02-08,2026-07-01,874,125.07,67.96,84.03,29.03,28.45,,,11.50,-7.64,29,FRESH,100.00,HISTORICALLY_STRONG,,HISTORY_30_PLUS_DATES,false,false,false,REALIZED_CONSOLIDATED_HISTORICAL_PRICE_PERFORMANCE,30,TRUSTED_HISTORY_WITH_EBAY_SUPPLEMENT,,68.75,47.16,72.16,69.89,61.93,64.66,C,100.06,2026-07-23,134.99,54.48,159.99,13,7.93,LISTING_NEAR_TRUSTED_VALUE,CURRENT_LISTING_ABOVE_ENTRY_LIMIT,WITHIN_CLASS_HISTORICAL_PERCENTILE_MODEL,false,20
MTG:SECRET_LAIR:SL-B9248149A4056B,Drop: Draw Your Hand - Traditional Foil Edition ? Foil Edition,SECRET_LAIR,FULL_MODEL,PASS,LONG_HISTORY,30,2024-02-08,2026-07-01,874,61.46,32.27,90.46,30.90,24.54,,,11.85,-8.37,29,FRESH,100.00,HISTORICALLY_STRONG,,HISTORY_30_PLUS_DATES,false,false,false,REALIZED_CONSOLIDATED_HISTORICAL_PRICE_PERFORMANCE,30,TRUSTED_HISTORY_WITH_EBAY_SUPPLEMENT,,72.16,42.61,68.75,65.34,61.93,63.18,C,49.17,2026-07-23,69.99,49.99,137.95,12,13.88,LISTING_MODERATELY_ABOVE_VALUE,CURRENT_LISTING_ABOVE_ENTRY_LIMIT,WITHIN_CLASS_HISTORICAL_PERCENTILE_MODEL,false,21
MTG:SECRET_LAIR:SL-B5F3C839262F36,Drop: The '90s Binder Experience - Traditional Foil Edition ? Foil Edition,SECRET_LAIR,FULL_MODEL,PASS,LONG_HISTORY,30,2024-02-08,2026-07-01,874,112.97,65.75,71.82,25.38,19.67,,,10.94,-7.00,29,FRESH,97.02,HISTORICALLY_STRONG,,HISTORY_30_PLUS_DATES,false,false,false,REALIZED_CONSOLIDATED_HISTORICAL_PRICE_PERFORMANCE,30,TRUSTED_HISTORY_WITH_EBAY_SUPPLEMENT,,64.20,35.80,76.70,75.00,61.93,62.95,C,90.38,2026-07-24,141.50,95.00,693.00,36,25.25,LISTING_MATERIALLY_ABOVE_VALUE,CURRENT_LISTING_ABOVE_ENTRY_LIMIT,WITHIN_CLASS_HISTORICAL_PERCENTILE_MODEL,false,22
MTG:SECRET_LAIR:SL-B9EC0C6C5561F1,Drop: Artist Series: Alayna Danner - Non-Foil Edition ? Nonfoil Edition,SECRET_LAIR,FULL_MODEL,PASS,LONG_HISTORY,30,2024-02-08,2026-07-01,874,64.29,38.07,68.87,24.48,34.58,,,13.39,-5.14,29,FRESH,100.00,HISTORICALLY_STRONG,,HISTORY_30_PLUS_DATES,false,false,false,REALIZED_CONSOLIDATED_HISTORICAL_PRICE_PERFORMANCE,30,TRUSTED_HISTORY_WITH_EBAY_SUPPLEMENT,,57.39,53.98,51.70,86.93,61.93,61.93,C,51.43,2026-07-23,135.00,79.00,176.69,7,109.99,LISTING_MATERIALLY_ABOVE_VALUE,CURRENT_LISTING_ABOVE_ENTRY_LIMIT,WITHIN_CLASS_HISTORICAL_PERCENTILE_MODEL,false,23
MTG:SECRET_LAIR:SL-A4528679EBCD24,Drop: Imaginary Friends - Non-Foil Edition ? Nonfoil Edition,SECRET_LAIR,FULL_MODEL,PASS,LONG_HISTORY,30,2024-02-08,2026-07-01,874,49.00,34.49,42.07,15.81,12.15,,,5.98,-3.22,29,FRESH,81.09,HISTORICALLY_STRONG,,HISTORY_30_PLUS_DATES,false,false,false,REALIZED_CONSOLIDATED_HISTORICAL_PRICE_PERFORMANCE,30,TRUSTED_HISTORY_WITH_EBAY_SUPPLEMENT,,39.20,24.43,98.30,93.75,61.93,61.25,C,39.20,2026-07-23,83.25,48.00,123.99,10,69.90,LISTING_MATERIALLY_ABOVE_VALUE,CURRENT_LISTING_ABOVE_ENTRY_LIMIT,WITHIN_CLASS_HISTORICAL_PERCENTILE_MODEL,false,24
MTG:SECRET_LAIR:SL-255A0A2F4FEB20,Drop: The Tokyo Lands - Non-Foil Edition ? Nonfoil Edition,SECRET_LAIR,FULL_MODEL,PASS,LONG_HISTORY,30,2024-02-08,2026-07-01,874,65.26,39.98,63.23,22.72,40.62,,,11.74,-8.16,29,FRESH,99.05,HISTORICALLY_STRONG,,HISTORY_30_PLUS_DATES,false,false,false,REALIZED_CONSOLIDATED_HISTORICAL_PRICE_PERFORMANCE,30,TRUSTED_HISTORY_WITH_EBAY_SUPPLEMENT,,49.43,61.93,71.02,66.48,61.93,60.91,C,52.21,2026-07-24,99.99,67.93,208.25,27,53.22,LISTING_MATERIALLY_ABOVE_VALUE,CURRENT_LISTING_ABOVE_ENTRY_LIMIT,WITHIN_CLASS_HISTORICAL_PERCENTILE_MODEL,false,25
MTG:SECRET_LAIR:SL-70307120926003,Drop: Artist Series: Wayne Reynolds - Traditional Foil Edition ? Foil Edition,SECRET_LAIR,FULL_MODEL,PASS,LONG_HISTORY,30,2024-02-08,2026-07-01,874,35.13,17.41,101.78,34.09,40.75,,,13.85,-12.44,29,FRESH,100.00,HISTORICALLY_STRONG,,HISTORY_30_PLUS_DATES,false,false,false,REALIZED_CONSOLIDATED_HISTORICAL_PRICE_PERFORMANCE,30,TRUSTED_HISTORY_WITH_EBAY_SUPPLEMENT,,77.84,63.07,46.59,44.89,61.93,60.45,C,28.10,2026-07-23,45.37,29.99,59.99,12,29.15,LISTING_MATERIALLY_ABOVE_VALUE,CURRENT_LISTING_ABOVE_ENTRY_LIMIT,WITHIN_CLASS_HISTORICAL_PERCENTILE_MODEL,false,26
MTG:SECRET_LAIR:SL-13A381A40449C9,Drop: Secret Lair x Fallout: Points of Interest - Rainbow Foil Edition ? Foil Edition,SECRET_LAIR,FULL_MODEL,PASS,LONG_HISTORY,27,2024-05-01,2026-07-01,791,143.50,62.61,129.20,46.67,67.44,,,18.23,-13.64,29,FRESH,100.00,HISTORICALLY_STRONG,,HISTORY_2_TO_29_DATES,false,false,false,REALIZED_CONSOLIDATED_HISTORICAL_PRICE_PERFORMANCE,27,TRUSTED_HISTORY_WITH_EBAY_SUPPLEMENT,,89.20,88.07,26.70,41.48,18.75,59.89,C,114.80,2026-07-23,187.49,135.99,250.00,12,30.66,LISTING_MATERIALLY_ABOVE_VALUE,CURRENT_LISTING_ABOVE_ENTRY_LIMIT,WITHIN_CLASS_HISTORICAL_PERCENTILE_MODEL,false,27
MTG:SECRET_LAIR:SL-C44AE37BDB68A9,Drop: City Styles 2: Dressed to Kill - Rainbow Foil Edition ? Foil Edition,SECRET_LAIR,FULL_MODEL,PASS,MEDIUM_HISTORY,17,2025-03-01,2026-07-01,487,112.13,67.24,66.76,46.75,79.47,,,21.88,-10.47,29,FRESH,89.68,HISTORICALLY_STRONG,,HISTORY_2_TO_29_DATES,false,false,false,REALIZED_CONSOLIDATED_HISTORICAL_PRICE_PERFORMANCE,17,TRUSTED_HISTORY_WITH_EBAY_SUPPLEMENT,,90.34,91.48,10.80,51.70,7.95,58.69,C,89.70,2026-07-23,134.99,94.99,175.00,13,20.39,LISTING_MODERATELY_ABOVE_VALUE,CURRENT_LISTING_ABOVE_ENTRY_LIMIT,WITHIN_CLASS_HISTORICAL_PERCENTILE_MODEL,false,28
MTG:SECRET_LAIR:SL-207EFFFEEB79A0,Drop: Monster Movie Marathon - Traditional Foil Edition ? Foil Edition,SECRET_LAIR,FULL_MODEL,PASS,LONG_HISTORY,30,2024-02-08,2026-07-01,874,67.25,42.51,58.20,21.13,4.90,,,8.66,-4.11,29,FRESH,84.40,HISTORICALLY_STRONG,,HISTORY_30_PLUS_DATES,false,false,false,REALIZED_CONSOLIDATED_HISTORICAL_PRICE_PERFORMANCE,30,TRUSTED_HISTORY_WITH_EBAY_SUPPLEMENT,,47.16,8.52,90.34,90.34,61.93,58.18,C,53.80,2026-07-23,70.00,59.99,84.99,10,4.09,LISTING_NEAR_TRUSTED_VALUE,CURRENT_LISTING_ABOVE_ENTRY_LIMIT,WITHIN_CLASS_HISTORICAL_PERCENTILE_MODEL,false,29
MTG:SECRET_LAIR:SL-95C045CE385254,Drop: Artist Series: Mark Poole - Non-Foil Edition ? Nonfoil Edition,SECRET_LAIR,FULL_MODEL,PASS,LONG_HISTORY,30,2024-02-08,2026-07-01,874,44.05,27.05,62.85,22.60,56.26,,,13.84,-9.65,29,FRESH,98.89,HISTORICALLY_STRONG,,HISTORY_30_PLUS_DATES,false,false,false,REALIZED_CONSOLIDATED_HISTORICAL_PRICE_PERFORMANCE,30,TRUSTED_HISTORY_WITH_EBAY_SUPPLEMENT,,48.30,81.25,48.30,57.39,61.93,58.07,C,35.24,2026-07-23,50.00,43.20,255.60,13,13.51,LISTING_MODERATELY_ABOVE_VALUE,CURRENT_LISTING_ABOVE_ENTRY_LIMIT,WITHIN_CLASS_HISTORICAL_PERCENTILE_MODEL,false,30
MTG:SECRET_LAIR:SL-0F86D31256941D,Drop: Secret Lair x Marvel's Wolverine - Rainbow Foil Edition ? Foil Edition,SECRET_LAIR,FULL_MODEL,PASS,MEDIUM_HISTORY,20,2024-12-01,2026-07-01,577,137.34,86.72,58.37,33.78,47.61,,,17.42,-7.78,29,FRESH,93.84,HISTORICALLY_STRONG,,HISTORY_2_TO_29_DATES,false,false,false,REALIZED_CONSOLIDATED_HISTORICAL_PRICE_PERFORMANCE,20,TRUSTED_HISTORY_WITH_EBAY_SUPPLEMENT,,75.57,73.30,30.11,67.61,11.93,58.07,C,109.87,2026-07-23,140.00,120.00,199.00,11,1.94,LISTING_NEAR_TRUSTED_VALUE,CURRENT_LISTING_ABOVE_ENTRY_LIMIT,WITHIN_CLASS_HISTORICAL_PERCENTILE_MODEL,false,31
MTG:SECRET_LAIR:SL-2E6BF27043E9BB,Drop: Animar & Friends - Rainbow Foil Edition ? Foil Edition,SECRET_LAIR,FULL_MODEL,PASS,MEDIUM_HISTORY,17,2025-03-01,2026-07-01,487,86.51,32.82,163.59,106.87,183.55,,,77.40,-14.90,29,FRESH,88.00,HISTORICALLY_STRONG,,HISTORY_2_TO_29_DATES,false,false,false,REALIZED_CONSOLIDATED_HISTORICAL_PRICE_PERFORMANCE,17,TRUSTED_HISTORY_WITH_EBAY_SUPPLEMENT,,99.43,99.43,0.57,35.80,7.95,57.78,C,69.21,2026-07-23,84.00,74.99,89.99,6,-2.90,LISTING_NEAR_TRUSTED_VALUE,CURRENT_LISTING_ABOVE_ENTRY_LIMIT,WITHIN_CLASS_HISTORICAL_PERCENTILE_MODEL,false,32
MTG:SECRET_LAIR:SL-74035B29B5EAA4,Drop: Artist Series: Thomas Baxa - Non-Foil Edition ? Nonfoil Edition,SECRET_LAIR,FULL_MODEL,PASS,LONG_HISTORY,30,2024-02-08,2026-07-01,874,32.13,17.89,79.60,27.72,48.00,,,15.64,-13.11,29,FRESH,100.00,HISTORICALLY_STRONG,,HISTORY_30_PLUS_DATES,false,false,false,REALIZED_CONSOLIDATED_HISTORICAL_PRICE_PERFORMANCE,30,TRUSTED_HISTORY_WITH_EBAY_SUPPLEMENT,,66.48,74.43,38.64,43.75,61.93,57.50,C,25.70,2026-07-23,39.99,29.50,99.99,7,24.46,LISTING_MODERATELY_ABOVE_VALUE,CURRENT_LISTING_ABOVE_ENTRY_LIMIT,WITHIN_CLASS_HISTORICAL_PERCENTILE_MODEL,false,33
MTG:SECRET_LAIR:SL-DB82DC16CD1A6A,Drop: Monster Movie Marathon - Non-Foil Edition ? Nonfoil Edition,SECRET_LAIR,FULL_MODEL,PASS,LONG_HISTORY,30,2024-02-08,2026-07-01,874,57.57,42.60,35.14,13.41,8.58,,,4.49,-1.13,29,FRESH,76.22,HISTORICALLY_STRONG,,HISTORY_30_PLUS_DATES,false,false,false,REALIZED_CONSOLIDATED_HISTORICAL_PRICE_PERFORMANCE,30,TRUSTED_HISTORY_WITH_EBAY_SUPPLEMENT,,31.25,14.20,99.43,96.02,61.93,57.50,C,46.06,2026-07-23,69.99,59.99,84.99,11,21.57,LISTING_MODERATELY_ABOVE_VALUE,CURRENT_LISTING_ABOVE_ENTRY_LIMIT,WITHIN_CLASS_HISTORICAL_PERCENTILE_MODEL,false,34
MTG:SECRET_LAIR:SL-37F8EC322DC4FF,Drop: Secret Lair x Tomb Raider - Traditional Foil Edition ? Foil Edition,SECRET_LAIR,FULL_MODEL,PASS,LONG_HISTORY,30,2024-02-08,2026-07-01,874,197.79,65.44,202.25,58.76,16.82,,,18.78,-9.42,29,FRESH,98.41,HISTORICALLY_STRONG,,HISTORY_30_PLUS_DATES,false,false,false,REALIZED_CONSOLIDATED_HISTORICAL_PRICE_PERFORMANCE,30,TRUSTED_HISTORY_WITH_EBAY_SUPPLEMENT,,92.61,30.11,24.43,58.52,61.93,56.59,C,158.23,2026-07-23,215.25,52.99,280.00,12,8.83,LISTING_NEAR_TRUSTED_VALUE,CURRENT_LISTING_ABOVE_ENTRY_LIMIT,WITHIN_CLASS_HISTORICAL_PERCENTILE_MODEL,false,35
MTG:SECRET_LAIR:SL-01DC7B8F9D05F8,Drop: Totally Spaced Out - Galaxy Foil Edition ? Foil Edition,SECRET_LAIR,FULL_MODEL,PASS,LONG_HISTORY,30,2024-02-08,2026-07-01,874,160.16,93.37,71.53,25.30,33.20,,,14.40,-8.79,29,FRESH,100.00,HISTORICALLY_STRONG,,HISTORY_30_PLUS_DATES,false,false,false,REALIZED_CONSOLIDATED_HISTORICAL_PRICE_PERFORMANCE,30,TRUSTED_HISTORY_WITH_EBAY_SUPPLEMENT,,60.80,52.84,44.89,63.07,61.93,56.59,C,128.13,2026-07-24,180.00,59.99,494.95,18,12.39,LISTING_MODERATELY_ABOVE_VALUE,CURRENT_LISTING_ABOVE_ENTRY_LIMIT,WITHIN_CLASS_HISTORICAL_PERCENTILE_MODEL,false,36
MTG:SECRET_LAIR:SL-EA3F127E1B6608,Drop: Secret Lair x Fallout: Vault Boy - Rainbow Foil Edition ? Foil Edition,SECRET_LAIR,FULL_MODEL,PASS,LONG_HISTORY,27,2024-05-01,2026-07-01,791,96.05,42.99,123.42,44.95,45.31,,,19.14,-10.92,29,FRESH,100.00,HISTORICALLY_STRONG,,HISTORY_2_TO_29_DATES,false,false,false,REALIZED_CONSOLIDATED_HISTORICAL_PRICE_PERFORMANCE,27,TRUSTED_HISTORY_WITH_EBAY_SUPPLEMENT,,86.93,67.61,21.02,50.57,18.75,55.80,C,76.84,2026-07-23,113.47,35.00,250.00,10,18.14,LISTING_MODERATELY_ABOVE_VALUE,CURRENT_LISTING_ABOVE_ENTRY_LIMIT,WITHIN_CLASS_HISTORICAL_PERCENTILE_MODEL,false,37
MTG:SECRET_LAIR:SL-96BE56C157011C,Drop: Showcase: Zendikar Revisited - Traditional Foil Edition ? Foil Edition,SECRET_LAIR,FULL_MODEL,PASS,LONG_HISTORY,30,2024-02-08,2026-07-01,874,98.53,69.68,41.40,15.58,13.19,,,9.29,-6.42,29,FRESH,81.31,HISTORICALLY_STRONG,,HISTORY_30_PLUS_DATES,false,false,false,REALIZED_CONSOLIDATED_HISTORICAL_PRICE_PERFORMANCE,30,TRUSTED_HISTORY_WITH_EBAY_SUPPLEMENT,,38.07,25.57,86.93,77.84,61.93,55.68,C,78.82,2026-07-23,99.99,25.00,193.54,30,1.48,LISTING_NEAR_TRUSTED_VALUE,CURRENT_LISTING_ABOVE_ENTRY_LIMIT,WITHIN_CLASS_HISTORICAL_PERCENTILE_MODEL,false,38
MTG:SECRET_LAIR:SL-F3F1C2A23E48D0,Drop: Secret Lair x Dungeons & Dragons: An Exhibition of Adventure - Rainbow Foil Edition ? Foil Edition,SECRET_LAIR,FULL_MODEL,PASS,MEDIUM_HISTORY,23,2024-09-01,2026-07-01,668,78.17,47.23,65.51,31.72,56.53,,,16.84,-14.21,29,FRESH,94.55,HISTORICALLY_STRONG,,HISTORY_2_TO_29_DATES,false,false,false,REALIZED_CONSOLIDATED_HISTORICAL_PRICE_PERFORMANCE,23,TRUSTED_HISTORY_WITH_EBAY_SUPPLEMENT,,74.43,82.39,32.39,39.20,15.91,54.72,C,62.54,2026-07-23,98.94,84.95,129.99,11,26.57,LISTING_MATERIALLY_ABOVE_VALUE,CURRENT_LISTING_ABOVE_ENTRY_LIMIT,WITHIN_CLASS_HISTORICAL_PERCENTILE_MODEL,false,39
MTG:SECRET_LAIR:SL-832BF55C6E27A1,Drop: Showcase: Read The Fine Print - Non-Foil Edition ? Nonfoil Edition,SECRET_LAIR,FULL_MODEL,PASS,LONG_HISTORY,30,2024-02-08,2026-07-01,874,38.03,25.78,47.52,17.64,38.04,,,12.17,-10.29,29,FRESH,92.39,HISTORICALLY_STRONG,,HISTORY_30_PLUS_DATES,false,false,false,REALIZED_CONSOLIDATED_HISTORICAL_PRICE_PERFORMANCE,30,TRUSTED_HISTORY_WITH_EBAY_SUPPLEMENT,,43.75,57.39,63.07,52.84,61.93,53.98,C,30.42,2026-07-23,63.58,25.00,93.97,29,67.18,LISTING_MATERIALLY_ABOVE_VALUE,CURRENT_LISTING_ABOVE_ENTRY_LIMIT,WITHIN_CLASS_HISTORICAL_PERCENTILE_MODEL,false,40
MTG:SECRET_LAIR:SL-213339E791C59A,"x Warhammer 40,000: Orks - Non-Foil Edition ? Nonfoil Edition",SECRET_LAIR,FULL_MODEL,PASS,LONG_HISTORY,28,2024-02-08,2026-07-01,874,163.10,72.71,124.32,40.16,61.33,,,17.27,-21.03,29,FRESH,99.00,HISTORICALLY_STRONG,,HISTORY_2_TO_29_DATES,false,false,false,REALIZED_CONSOLIDATED_HISTORICAL_PRICE_PERFORMANCE,28,TRUSTED_HISTORY_WITH_EBAY_SUPPLEMENT,,84.66,84.66,31.25,16.48,21.02,53.98,C,130.48,2026-07-24,185.00,19.99,398.88,47,13.43,LISTING_MODERATELY_ABOVE_VALUE,CURRENT_LISTING_ABOVE_ENTRY_LIMIT,WITHIN_CLASS_HISTORICAL_PERCENTILE_MODEL,false,41
MTG:SECRET_LAIR:SL-01E98F93055799,Drop: Artist Series: Sam Burley - Traditional Foil Edition ? Foil Edition,SECRET_LAIR,FULL_MODEL,PASS,LONG_HISTORY,30,2024-02-08,2026-07-01,874,58.54,34.60,69.19,24.58,46.42,,,14.58,-15.03,29,FRESH,95.50,HISTORICALLY_STRONG,,HISTORY_30_PLUS_DATES,false,false,false,REALIZED_CONSOLIDATED_HISTORICAL_PRICE_PERFORMANCE,30,TRUSTED_HISTORY_WITH_EBAY_SUPPLEMENT,,58.52,69.89,43.75,31.25,61.93,52.73,C,46.83,2026-07-23,64.99,50.00,79.99,11,11.02,LISTING_MODERATELY_ABOVE_VALUE,CURRENT_LISTING_ABOVE_ENTRY_LIMIT,WITHIN_CLASS_HISTORICAL_PERCENTILE_MODEL,false,42
MTG:SECRET_LAIR:SL-142966DB35DC8F,Drop: Artist Series: Sam Burley - Non-Foil Edition ? Nonfoil Edition,SECRET_LAIR,FULL_MODEL,PASS,LONG_HISTORY,30,2024-02-08,2026-07-01,874,51.66,24.95,107.05,35.55,53.16,,,21.74,-20.82,29,FRESH,94.00,HISTORICALLY_STRONG,,HISTORY_30_PLUS_DATES,false,false,false,REALIZED_CONSOLIDATED_HISTORICAL_PRICE_PERFORMANCE,30,TRUSTED_HISTORY_WITH_EBAY_SUPPLEMENT,,78.98,78.98,13.07,17.61,61.93,51.82,C,41.33,2026-07-23,65.34,50.00,79.99,6,26.48,LISTING_MATERIALLY_ABOVE_VALUE,CURRENT_LISTING_ABOVE_ENTRY_LIMIT,WITHIN_CLASS_HISTORICAL_PERCENTILE_MODEL,false,43
MTG:SECRET_LAIR:SL-C0418534DE36CF,"Drop: Far Out, Man - Traditional Foil Edition ? Foil Edition",SECRET_LAIR,FULL_MODEL,PASS,LONG_HISTORY,30,2024-02-08,2026-07-01,874,51.56,42.69,20.78,8.21,22.82,,,8.93,-6.44,29,FRESH,76.70,HISTORICALLY_STRONG,,HISTORY_30_PLUS_DATES,false,false,false,REALIZED_CONSOLIDATED_HISTORICAL_PRICE_PERFORMANCE,30,TRUSTED_HISTORY_WITH_EBAY_SUPPLEMENT,,14.20,39.77,89.20,76.70,61.93,51.59,C,41.25,2026-07-23,72.50,45.00,123.99,14,40.61,LISTING_MATERIALLY_ABOVE_VALUE,CURRENT_LISTING_ABOVE_ENTRY_LIMIT,WITHIN_CLASS_HISTORICAL_PERCENTILE_MODEL,false,44
MTG:SECRET_LAIR:SL-74104655C7BE3C,Drop: Dan Frazier is Back: The Enemy Signets - Non-Foil Edition ? Nonfoil Edition,SECRET_LAIR,FULL_MODEL,PASS,LONG_HISTORY,30,2024-02-08,2026-07-01,874,70.75,56.00,26.34,10.26,20.55,,,6.52,-8.91,29,FRESH,78.17,HISTORICALLY_STRONG,,HISTORY_30_PLUS_DATES,false,false,false,REALIZED_CONSOLIDATED_HISTORICAL_PRICE_PERFORMANCE,30,TRUSTED_HISTORY_WITH_EBAY_SUPPLEMENT,,18.75,36.93,97.16,60.80,61.93,50.80,C,56.60,2026-07-23,95.97,65.00,129.99,10,35.65,LISTING_MATERIALLY_ABOVE_VALUE,CURRENT_LISTING_ABOVE_ENTRY_LIMIT,WITHIN_CLASS_HISTORICAL_PERCENTILE_MODEL,false,45
MTG:SECRET_LAIR:SL-10F7835581923D,Drop: Phyrexian Praetors: Compleat Edition - Non-Foil Edition ? Nonfoil Edition,SECRET_LAIR,FULL_MODEL,PASS,LONG_HISTORY,30,2024-02-08,2026-07-01,874,62.02,37.52,65.30,23.37,42.54,,,13.38,-18.39,29,FRESH,93.90,HISTORICALLY_STRONG,,HISTORY_30_PLUS_DATES,false,false,false,REALIZED_CONSOLIDATED_HISTORICAL_PRICE_PERFORMANCE,30,TRUSTED_HISTORY_WITH_EBAY_SUPPLEMENT,,51.70,64.20,52.84,25.57,61.93,50.23,C,49.62,2026-07-23,50.74,45.00,341.97,14,-18.19,LISTING_BELOW_TRUSTED_VALUE,CURRENT_LISTING_ABOVE_ENTRY_LIMIT,WITHIN_CLASS_HISTORICAL_PERCENTILE_MODEL,false,46
MTG:SECRET_LAIR:SL-A6FBE97D53BCE6,Drop: Tales of the Time Stoppers - Rainbow Foil Edition ? Foil Edition,SECRET_LAIR,FULL_MODEL,PASS,LONG_HISTORY,30,2024-02-08,2026-07-01,874,44.17,34.20,29.15,11.28,18.42,,,10.19,-7.38,29,FRESH,78.41,HISTORICALLY_STRONG,,HISTORY_30_PLUS_DATES,false,false,false,REALIZED_CONSOLIDATED_HISTORICAL_PRICE_PERFORMANCE,30,TRUSTED_HISTORY_WITH_EBAY_SUPPLEMENT,,22.16,32.39,82.39,72.16,61.93,50.23,C,35.34,2026-07-24,79.95,35.00,100.00,33,81.01,LISTING_MATERIALLY_ABOVE_VALUE,CURRENT_LISTING_ABOVE_ENTRY_LIMIT,WITHIN_CLASS_HISTORICAL_PERCENTILE_MODEL,false,47
MTG:SECRET_LAIR:SL-6B03C6C7C5B91D,Drop: Secret Lair x Dungeons & Dragons: Astarion's Thirst - Rainbow Foil Edition ? Foil Edition,SECRET_LAIR,FULL_MODEL,PASS,MEDIUM_HISTORY,23,2024-09-01,2026-07-01,668,165.77,91.26,81.65,38.59,87.23,,,34.67,-36.84,29,FRESH,81.16,HISTORICALLY_STRONG,,HISTORY_2_TO_29_DATES,false,false,false,REALIZED_CONSOLIDATED_HISTORICAL_PRICE_PERFORMANCE,23,TRUSTED_HISTORY_WITH_EBAY_SUPPLEMENT,,81.25,96.02,3.98,2.84,15.91,46.53,C,132.62,2026-07-23,200.00,135.00,298.99,11,20.65,LISTING_MODERATELY_ABOVE_VALUE,CURRENT_LISTING_ABOVE_ENTRY_LIMIT,WITHIN_CLASS_HISTORICAL_PERCENTILE_MODEL,false,48
MTG:SECRET_LAIR:SL-A709252A4DA96B,Drop: Welcome to Castle Dracula - Non-Foil Edition ? Nonfoil Edition,SECRET_LAIR,FULL_MODEL,PASS,LONG_HISTORY,30,2024-02-08,2026-07-01,874,74.60,58.79,26.89,10.47,5.53,,,8.03,-8.93,29,FRESH,70.92,HISTORICALLY_STRONG,,HISTORY_30_PLUS_DATES,false,false,false,REALIZED_CONSOLIDATED_HISTORICAL_PRICE_PERFORMANCE,30,TRUSTED_HISTORY_WITH_EBAY_SUPPLEMENT,,19.89,9.66,92.61,59.66,61.93,44.55,C,59.68,2026-07-24,99.50,84.99,199.96,36,33.38,LISTING_MATERIALLY_ABOVE_VALUE,CURRENT_LISTING_ABOVE_ENTRY_LIMIT,WITHIN_CLASS_HISTORICAL_PERCENTILE_MODEL,false,49
MTG:SECRET_LAIR:SL-B28206C8B43B74,Drop: Artist Series: Chris Rahn - Traditional Foil Edition ? Foil Edition,SECRET_LAIR,FULL_MODEL,PASS,LONG_HISTORY,30,2024-02-08,2026-07-01,874,33.39,24.10,38.55,14.60,-6.05,,,11.26,-8.84,29,FRESH,70.43,HISTORICALLY_STRONG,,HISTORY_30_PLUS_DATES,false,false,false,REALIZED_CONSOLIDATED_HISTORICAL_PRICE_PERFORMANCE,30,TRUSTED_HISTORY_WITH_EBAY_SUPPLEMENT,,35.80,1.70,73.30,61.93,61.93,44.32,C,26.71,2026-07-23,50.72,25.93,60.00,10,51.90,LISTING_MATERIALLY_ABOVE_VALUE,CURRENT_LISTING_ABOVE_ENTRY_LIMIT,WITHIN_CLASS_HISTORICAL_PERCENTILE_MODEL,false,50
MTG:SECRET_LAIR:SL-9A70751B3B58BD,Drop: Special Guest: Fiona Staples - Traditional Foil Edition ? Foil Edition,SECRET_LAIR,FULL_MODEL,PASS,LONG_HISTORY,30,2024-02-08,2026-07-01,874,50.66,43.59,16.22,6.48,-0.16,,,8.95,-5.85,29,FRESH,63.03,HISTORICALLY_STABLE,,HISTORY_30_PLUS_DATES,false,false,false,REALIZED_CONSOLIDATED_HISTORICAL_PRICE_PERFORMANCE,30,TRUSTED_HISTORY_WITH_EBAY_SUPPLEMENT,,8.52,6.25,88.07,82.39,61.93,44.09,C,40.53,2026-07-24,55.99,49.95,69.00,43,10.52,LISTING_MODERATELY_ABOVE_VALUE,CURRENT_LISTING_ABOVE_ENTRY_LIMIT,WITHIN_CLASS_HISTORICAL_PERCENTILE_MODEL,false,51
MTG:SECRET_LAIR:SL-22454153307BC0,Drop: Paradise Frost - Rainbow Foil Edition ? Foil Edition,SECRET_LAIR,FULL_MODEL,PASS,LONG_HISTORY,30,2024-02-08,2026-07-01,874,121.20,39.64,205.75,59.53,-10.42,,,21.47,-15.93,29,FRESH,73.79,HISTORICALLY_STABLE,,HISTORY_30_PLUS_DATES,false,false,false,REALIZED_CONSOLIDATED_HISTORICAL_PRICE_PERFORMANCE,30,TRUSTED_HISTORY_WITH_EBAY_SUPPLEMENT,,93.75,0.57,14.20,28.98,61.93,43.07,C,96.96,2026-07-23,138.90,89.99,200.00,12,14.60,LISTING_MODERATELY_ABOVE_VALUE,CURRENT_LISTING_ABOVE_ENTRY_LIMIT,WITHIN_CLASS_HISTORICAL_PERCENTILE_MODEL,false,52
MTG:SECRET_LAIR:SL-A59C9ADCD75BE0,Drop: Secret Lair x Stranger Things - Traditional Foil Edition ? Foil Edition,SECRET_LAIR,FULL_MODEL,PASS,LONG_HISTORY,30,2024-02-08,2026-07-01,874,144.08,85.70,68.12,24.25,93.47,,,47.17,-39.03,29,FRESH,81.06,HISTORICALLY_STRONG,,HISTORY_30_PLUS_DATES,false,false,false,REALIZED_CONSOLIDATED_HISTORICAL_PRICE_PERFORMANCE,30,TRUSTED_HISTORY_WITH_EBAY_SUPPLEMENT,,55.11,98.30,1.70,1.70,61.93,43.07,C,115.26,2026-07-23,159.55,110.00,300.00,12,10.74,LISTING_MODERATELY_ABOVE_VALUE,CURRENT_LISTING_ABOVE_ENTRY_LIMIT,WITHIN_CLASS_HISTORICAL_PERCENTILE_MODEL,false,53
MTG:SECRET_LAIR:SL-879DE87D93AF4D,x FINAL FANTASY: Game Over - Non-Foil Edition ? Nonfoil Edition,SECRET_LAIR,FULL_MODEL,PASS,MEDIUM_HISTORY,13,2025-07-01,2026-07-01,365,87.11,78.03,11.64,11.64,11.64,,,9.49,-7.74,29,FRESH,66.63,HISTORICALLY_STABLE,,HISTORY_2_TO_29_DATES,false,false,false,REALIZED_CONSOLIDATED_HISTORICAL_PRICE_PERFORMANCE,13,TRUSTED_HISTORY_WITH_EBAY_SUPPLEMENT,,23.30,22.73,85.80,68.75,1.70,42.61,C,69.69,2026-07-24,130.00,69.99,200.00,36,49.24,LISTING_MATERIALLY_ABOVE_VALUE,CURRENT_LISTING_ABOVE_ENTRY_LIMIT,WITHIN_CLASS_HISTORICAL_PERCENTILE_MODEL,false,54
MTG:SECRET_LAIR:SL-75EB6270819FE3,Drop: Finally! Left-Handed Magic Cards - Non-Foil Edition ? Nonfoil Edition,SECRET_LAIR,FULL_MODEL,PASS,LONG_HISTORY,30,2024-02-08,2026-07-01,874,39.55,23.71,66.81,23.84,10.17,,,14.97,-13.14,29,FRESH,90.61,HISTORICALLY_STRONG,,HISTORY_30_PLUS_DATES,false,false,false,REALIZED_CONSOLIDATED_HISTORICAL_PRICE_PERFORMANCE,30,TRUSTED_HISTORY_WITH_EBAY_SUPPLEMENT,,52.84,17.61,40.34,42.61,61.93,42.16,C,31.64,2026-07-23,54.99,39.04,69.99,11,39.04,LISTING_MATERIALLY_ABOVE_VALUE,CURRENT_LISTING_ABOVE_ENTRY_LIMIT,WITHIN_CLASS_HISTORICAL_PERCENTILE_MODEL,false,55
MTG:SECRET_LAIR:SL-90725EB2DB66FA,Drop: Welcome to Castle Dracula - Traditional Foil Edition ? Foil Edition,SECRET_LAIR,FULL_MODEL,PASS,LONG_HISTORY,30,2024-02-08,2026-07-01,874,93.03,67.61,37.60,14.27,9.91,,,10.66,-14.92,29,FRESH,77.98,HISTORICALLY_STRONG,,HISTORY_30_PLUS_DATES,false,false,false,REALIZED_CONSOLIDATED_HISTORICAL_PRICE_PERFORMANCE,30,TRUSTED_HISTORY_WITH_EBAY_SUPPLEMENT,,33.52,15.34,78.98,34.66,61.93,42.05,C,74.42,2026-07-24,107.50,79.99,138.99,42,15.55,LISTING_MODERATELY_ABOVE_VALUE,CURRENT_LISTING_ABOVE_ENTRY_LIMIT,WITHIN_CLASS_HISTORICAL_PERCENTILE_MODEL,false,56
MTG:SECRET_LAIR:SL-C59DE249DE7287,Drop: Crocodile Jackson's Monstrous Menagerie - Foil Etched Edition ? Foil Edition,SECRET_LAIR,FULL_MODEL,PASS,LONG_HISTORY,30,2024-02-08,2026-07-01,874,44.50,37.52,18.60,7.39,8.06,,,7.13,-10.02,29,FRESH,68.28,HISTORICALLY_STABLE,,HISTORY_30_PLUS_DATES,false,false,false,REALIZED_CONSOLIDATED_HISTORICAL_PRICE_PERFORMANCE,30,TRUSTED_HISTORY_WITH_EBAY_SUPPLEMENT,,10.80,13.07,94.89,53.98,61.93,41.82,C,35.60,2026-07-23,47.50,39.98,69.99,8,6.74,LISTING_NEAR_TRUSTED_VALUE,CURRENT_LISTING_ABOVE_ENTRY_LIMIT,WITHIN_CLASS_HISTORICAL_PERCENTILE_MODEL,false,57
MTG:SECRET_LAIR:SL-3D43E1264ED817,Drop: Rule the Room - Traditional Foil Edition ? Foil Edition,SECRET_LAIR,FULL_MODEL,PASS,LONG_HISTORY,30,2024-02-08,2026-07-01,874,37.02,31.64,17.00,6.78,27.13,,,10.34,-14.95,29,FRESH,77.05,HISTORICALLY_STABLE,,HISTORY_30_PLUS_DATES,false,false,false,REALIZED_CONSOLIDATED_HISTORICAL_PRICE_PERFORMANCE,30,TRUSTED_HISTORY_WITH_EBAY_SUPPLEMENT,,9.66,46.02,81.25,33.52,61.93,41.25,C,29.62,2026-07-23,59.95,44.99,113.99,15,61.94,LISTING_MATERIALLY_ABOVE_VALUE,CURRENT_LISTING_ABOVE_ENTRY_LIMIT,WITHIN_CLASS_HISTORICAL_PERCENTILE_MODEL,false,58
MTG:SECRET_LAIR:SL-6D6C79C2652BFD,Drop: Artist Series: Johannes Voss - Non-Foil Edition ? Nonfoil Edition,SECRET_LAIR,FULL_MODEL,PASS,LONG_HISTORY,30,2024-02-08,2026-07-01,874,43.00,37.51,14.64,5.87,6.28,,,7.10,-9.74,29,FRESH,65.48,HISTORICALLY_STABLE,,HISTORY_30_PLUS_DATES,false,false,false,REALIZED_CONSOLIDATED_HISTORICAL_PRICE_PERFORMANCE,30,TRUSTED_HISTORY_WITH_EBAY_SUPPLEMENT,,7.39,10.80,96.02,56.25,61.93,41.02,C,34.40,2026-07-23,58.99,40.00,159.99,9,37.19,LISTING_MATERIALLY_ABOVE_VALUE,CURRENT_LISTING_ABOVE_ENTRY_LIMIT,WITHIN_CLASS_HISTORICAL_PERCENTILE_MODEL,false,59
MTG:SECRET_LAIR:SL-2D3CABC651E40A,Drop: City Styles 2: Dressed to Kill - Non-Foil Edition ? Nonfoil Edition,SECRET_LAIR,FULL_MODEL,PASS,MEDIUM_HISTORY,17,2025-03-01,2026-07-01,487,76.67,57.46,33.43,24.15,53.77,,,20.26,-19.40,29,FRESH,79.49,HISTORICALLY_STRONG,,HISTORY_2_TO_29_DATES,false,false,false,REALIZED_CONSOLIDATED_HISTORICAL_PRICE_PERFORMANCE,17,TRUSTED_HISTORY_WITH_EBAY_SUPPLEMENT,,53.98,80.11,16.48,21.02,7.95,40.51,C,61.34,2026-07-23,112.50,94.99,175.00,8,46.73,LISTING_MATERIALLY_ABOVE_VALUE,CURRENT_LISTING_ABOVE_ENTRY_LIMIT,WITHIN_CLASS_HISTORICAL_PERCENTILE_MODEL,false,60
MTG:SECRET_LAIR:SL-FB1FECB0690176,Drop: Pixel Perfect: Extra Life 2024 - Rainbow Foil Edition ? Foil Edition,SECRET_LAIR,FULL_MODEL,PASS,MEDIUM_HISTORY,21,2024-11-01,2026-07-01,607,79.85,62.48,27.80,15.91,30.84,,,19.05,-12.07,29,FRESH,81.69,HISTORICALLY_STRONG,,HISTORY_2_TO_29_DATES,false,false,false,REALIZED_CONSOLIDATED_HISTORICAL_PRICE_PERFORMANCE,21,TRUSTED_HISTORY_WITH_EBAY_SUPPLEMENT,,40.34,49.43,22.16,47.16,14.20,37.27,C,63.88,2026-07-23,78.50,69.00,98.89,10,-1.69,LISTING_NEAR_TRUSTED_VALUE,CURRENT_LISTING_ABOVE_ENTRY_LIMIT,WITHIN_CLASS_HISTORICAL_PERCENTILE_MODEL,false,61
MTG:SECRET_LAIR:SL-B0DEB8AFB8B821,Drop: Artist Series: Wayne Reynolds - Non-Foil Edition ? Nonfoil Edition,SECRET_LAIR,FULL_MODEL,PASS,LONG_HISTORY,30,2024-02-08,2026-07-01,874,27.04,22.27,21.42,8.45,32.16,,,12.25,-21.73,29,FRESH,74.59,HISTORICALLY_STRONG,,HISTORY_30_PLUS_DATES,false,false,false,REALIZED_CONSOLIDATED_HISTORICAL_PRICE_PERFORMANCE,30,TRUSTED_HISTORY_WITH_EBAY_SUPPLEMENT,,15.34,50.57,60.80,15.34,61.93,36.14,C,21.63,2026-07-23,44.99,29.99,109.95,11,66.38,LISTING_MATERIALLY_ABOVE_VALUE,CURRENT_LISTING_ABOVE_ENTRY_LIMIT,WITHIN_CLASS_HISTORICAL_PERCENTILE_MODEL,false,62
MTG:SECRET_LAIR:SL-2ADC84D7922A98,x Post Malone: Backstage Pass - Traditional Foil Edition ? Foil Edition,SECRET_LAIR,FULL_MODEL,PASS,LONG_HISTORY,30,2024-02-08,2026-07-01,874,114.33,88.62,29.01,11.23,15.39,,,13.83,-13.67,29,FRESH,76.83,HISTORICALLY_STRONG,,HISTORY_30_PLUS_DATES,false,false,false,REALIZED_CONSOLIDATED_HISTORICAL_PRICE_PERFORMANCE,30,TRUSTED_HISTORY_WITH_EBAY_SUPPLEMENT,,21.02,27.84,49.43,40.34,61.93,36.02,C,91.46,2026-07-24,150.00,84.99,360.00,45,31.20,LISTING_MATERIALLY_ABOVE_VALUE,CURRENT_LISTING_ABOVE_ENTRY_LIMIT,WITHIN_CLASS_HISTORICAL_PERCENTILE_MODEL,false,63
MTG:SECRET_LAIR:SL-6DFA783F3B9A37,Drop: Diabolical Dioramas - Rainbow Foil Edition ? Foil Edition,SECRET_LAIR,FULL_MODEL,PASS,LONG_HISTORY,27,2024-05-01,2026-07-01,791,46.97,35.01,34.16,14.53,28.90,,,13.85,-19.11,29,FRESH,81.40,HISTORICALLY_STRONG,,HISTORY_2_TO_29_DATES,false,false,false,REALIZED_CONSOLIDATED_HISTORICAL_PRICE_PERFORMANCE,27,TRUSTED_HISTORY_WITH_EBAY_SUPPLEMENT,,34.66,48.30,46.59,22.16,18.75,35.68,C,37.58,2026-07-23,75.00,58.99,168.99,11,59.68,LISTING_MATERIALLY_ABOVE_VALUE,CURRENT_LISTING_ABOVE_ENTRY_LIMIT,WITHIN_CLASS_HISTORICAL_PERCENTILE_MODEL,false,64
MTG:SECRET_LAIR:SL-15ADFCF5094915,Drop: Secret Lair x Marvel's Captain America - Rainbow Foil Edition ? Foil Edition,SECRET_LAIR,FULL_MODEL,PASS,MEDIUM_HISTORY,20,2024-12-01,2026-07-01,577,97.38,76.64,27.06,16.37,11.46,,,15.92,-11.22,29,FRESH,72.81,HISTORICALLY_STRONG,,HISTORY_2_TO_29_DATES,false,false,false,REALIZED_CONSOLIDATED_HISTORICAL_PRICE_PERFORMANCE,20,TRUSTED_HISTORY_WITH_EBAY_SUPPLEMENT,,42.61,21.02,36.93,49.43,11.93,35.45,C,77.90,2026-07-23,97.50,39.15,491.99,10,0.12,LISTING_NEAR_TRUSTED_VALUE,CURRENT_LISTING_ABOVE_ENTRY_LIMIT,WITHIN_CLASS_HISTORICAL_PERCENTILE_MODEL,false,65
MTG:SECRET_LAIR:SL-BB4FA54DEBF880,Drop: Saturday Morning D&D - Non-Foil Edition ? Nonfoil Edition,SECRET_LAIR,FULL_MODEL,PASS,LONG_HISTORY,30,2024-02-08,2026-07-01,874,46.12,44.24,4.25,1.75,17.92,,,9.90,-17.77,29,FRESH,60.14,HISTORICALLY_STABLE,,HISTORY_30_PLUS_DATES,false,false,false,REALIZED_CONSOLIDATED_HISTORICAL_PRICE_PERFORMANCE,30,TRUSTED_HISTORY_WITH_EBAY_SUPPLEMENT,,1.70,31.25,84.66,26.70,61.93,35.23,C,36.90,2026-07-23,54.95,39.93,131.99,11,19.15,LISTING_MODERATELY_ABOVE_VALUE,CURRENT_LISTING_ABOVE_ENTRY_LIMIT,WITHIN_CLASS_HISTORICAL_PERCENTILE_MODEL,false,66
MTG:SECRET_LAIR:SL-FDA8FA789BE3A1,Drop: Secret Lair x Fortnite: Landmarks and Locations - Non-Foil Edition ? Nonfoil Edition,SECRET_LAIR,FULL_MODEL,PASS,LONG_HISTORY,30,2024-02-08,2026-07-01,874,49.22,46.82,5.13,2.11,7.26,,,10.58,-11.36,29,FRESH,61.25,HISTORICALLY_STABLE,,HISTORY_30_PLUS_DATES,false,false,false,REALIZED_CONSOLIDATED_HISTORICAL_PRICE_PERFORMANCE,30,TRUSTED_HISTORY_WITH_EBAY_SUPPLEMENT,,2.84,11.93,80.11,48.30,61.93,35.11,C,39.38,2026-07-23,55.00,49.99,159.99,13,11.74,LISTING_MODERATELY_ABOVE_VALUE,CURRENT_LISTING_ABOVE_ENTRY_LIMIT,WITHIN_CLASS_HISTORICAL_PERCENTILE_MODEL,false,67
MTG:SECRET_LAIR:SL-B08949D7A3AFE1,x FINAL FANTASY: Grimoire - Rainbow Foil Edition ? Foil Edition,SECRET_LAIR,FULL_MODEL,PASS,MEDIUM_HISTORY,13,2025-07-01,2026-07-01,365,97.97,78.18,25.31,25.33,25.31,,,27.37,-16.26,29,FRESH,77.19,HISTORICALLY_STRONG,,HISTORY_2_TO_29_DATES,false,false,false,REALIZED_CONSOLIDATED_HISTORICAL_PRICE_PERFORMANCE,13,TRUSTED_HISTORY_WITH_EBAY_SUPPLEMENT,,61.93,43.75,7.39,27.84,1.70,34.55,C,78.38,2026-07-24,94.99,63.96,145.00,44,-3.04,LISTING_NEAR_TRUSTED_VALUE,CURRENT_LISTING_ABOVE_ENTRY_LIMIT,WITHIN_CLASS_HISTORICAL_PERCENTILE_MODEL,false,68
MTG:SECRET_LAIR:SL-5B6759715093DA,Drop: Valentine's Day 2021 - Traditional Foil Edition ? Foil Edition,SECRET_LAIR,FULL_MODEL,PASS,LONG_HISTORY,30,2024-02-08,2026-07-01,874,72.04,52.75,36.57,13.91,57.09,,,37.70,-30.60,29,FRESH,72.57,HISTORICALLY_STRONG,,HISTORY_30_PLUS_DATES,false,false,false,REALIZED_CONSOLIDATED_HISTORICAL_PRICE_PERFORMANCE,30,TRUSTED_HISTORY_WITH_EBAY_SUPPLEMENT,,32.39,83.52,2.84,6.25,61.93,34.43,C,57.63,2026-07-24,81.00,60.00,266.23,40,12.44,LISTING_MODERATELY_ABOVE_VALUE,CURRENT_LISTING_ABOVE_ENTRY_LIMIT,WITHIN_CLASS_HISTORICAL_PERCENTILE_MODEL,false,69
MTG:SECRET_LAIR:SL-89D18240A7624C,Drop: Secret Lair x Arcane: Lands - Non-Foil Edition ? Nonfoil Edition,SECRET_LAIR,FULL_MODEL,PASS,LONG_HISTORY,30,2024-02-08,2026-07-01,874,21.83,14.62,49.32,18.24,-1.71,,,15.64,-15.19,29,FRESH,71.31,HISTORICALLY_STRONG,,HISTORY_30_PLUS_DATES,false,false,false,REALIZED_CONSOLIDATED_HISTORICAL_PRICE_PERFORMANCE,30,TRUSTED_HISTORY_WITH_EBAY_SUPPLEMENT,,44.89,3.98,38.64,30.11,61.93,34.20,C,17.46,2026-07-23,45.90,27.69,200.00,11,110.26,LISTING_MATERIALLY_ABOVE_VALUE,CURRENT_LISTING_ABOVE_ENTRY_LIMIT,WITHIN_CLASS_HISTORICAL_PERCENTILE_MODEL,false,70
MTG:SECRET_LAIR:SL-9A6EF28EECF2DC,Drop: Artist Series: Jesper Ejsing - Non-Foil Edition ? Nonfoil Edition,SECRET_LAIR,FULL_MODEL,PASS,MEDIUM_HISTORY,17,2025-03-01,2026-07-01,487,72.78,55.37,31.44,22.76,50.62,,,30.90,-28.75,29,FRESH,77.90,HISTORICALLY_STRONG,,HISTORY_2_TO_29_DATES,false,false,false,REALIZED_CONSOLIDATED_HISTORICAL_PRICE_PERFORMANCE,17,TRUSTED_HISTORY_WITH_EBAY_SUPPLEMENT,,50.57,75.57,5.11,9.66,7.95,34.03,C,58.22,2026-07-23,95.00,73.99,107.49,10,30.53,LISTING_MATERIALLY_ABOVE_VALUE,CURRENT_LISTING_ABOVE_ENTRY_LIMIT,WITHIN_CLASS_HISTORICAL_PERCENTILE_MODEL,false,71
MTG:SECRET_LAIR:SL-4E4666C9C585DF,Drop: Showcase: Thrilling Tales of the Undead - Non-Foil Edition ? Nonfoil Edition,SECRET_LAIR,FULL_MODEL,PASS,LONG_HISTORY,30,2024-02-08,2026-07-01,874,54.77,40.95,33.75,12.92,-4.08,,,11.79,-19.54,29,FRESH,63.26,HISTORICALLY_STABLE,,HISTORY_30_PLUS_DATES,false,false,false,REALIZED_CONSOLIDATED_HISTORICAL_PRICE_PERFORMANCE,30,TRUSTED_HISTORY_WITH_EBAY_SUPPLEMENT,,28.98,2.84,69.89,19.89,61.93,33.41,C,43.82,2026-07-23,71.99,49.93,122.99,30,31.44,LISTING_MATERIALLY_ABOVE_VALUE,CURRENT_LISTING_ABOVE_ENTRY_LIMIT,WITHIN_CLASS_HISTORICAL_PERCENTILE_MODEL,false,72
MTG:SECRET_LAIR:SL-F4A97CEA3A7C1C,x FINAL FANTASY: Weapons - Rainbow Foil Edition ? Foil Edition,SECRET_LAIR,FULL_MODEL,PASS,MEDIUM_HISTORY,13,2025-07-01,2026-07-01,365,96.17,82.85,16.08,16.09,16.08,,,19.16,-12.39,29,FRESH,73.74,HISTORICALLY_STRONG,,HISTORY_2_TO_29_DATES,false,false,false,REALIZED_CONSOLIDATED_HISTORICAL_PRICE_PERFORMANCE,13,TRUSTED_HISTORY_WITH_EBAY_SUPPLEMENT,,41.48,28.98,19.89,46.02,1.70,31.59,C,76.94,2026-07-24,125.00,49.99,341.97,45,29.98,LISTING_MATERIALLY_ABOVE_VALUE,CURRENT_LISTING_ABOVE_ENTRY_LIMIT,WITHIN_CLASS_HISTORICAL_PERCENTILE_MODEL,false,73
MTG:SECRET_LAIR:SL-23598BE2582FF4,Drop: Saturday Morning D&D - Traditional Foil Edition ? Foil Edition,SECRET_LAIR,FULL_MODEL,PASS,LONG_HISTORY,30,2024-02-08,2026-07-01,874,50.91,50.03,1.76,0.73,34.97,,,12.24,-28.86,29,FRESH,64.91,HISTORICALLY_STABLE,,HISTORY_30_PLUS_DATES,false,false,false,REALIZED_CONSOLIDATED_HISTORICAL_PRICE_PERFORMANCE,30,TRUSTED_HISTORY_WITH_EBAY_SUPPLEMENT,,0.57,55.11,61.93,8.52,61.93,31.48,C,40.73,2026-07-23,54.97,39.93,94.00,12,7.97,LISTING_NEAR_TRUSTED_VALUE,CURRENT_LISTING_ABOVE_ENTRY_LIMIT,WITHIN_CLASS_HISTORICAL_PERCENTILE_MODEL,false,74
MTG:SECRET_LAIR:SL-014CB03DE34288,Drop: Artist Series: Victor Adame Minguez - Traditional Foil Edition ? Foil Edition,SECRET_LAIR,FULL_MODEL,PASS,LONG_HISTORY,30,2024-02-08,2026-07-01,874,31.03,29.19,6.30,2.59,20.83,,,11.86,-22.89,29,FRESH,62.63,HISTORICALLY_STABLE,,HISTORY_30_PLUS_DATES,false,false,false,REALIZED_CONSOLIDATED_HISTORICAL_PRICE_PERFORMANCE,30,TRUSTED_HISTORY_WITH_EBAY_SUPPLEMENT,,3.98,38.07,67.61,13.07,61.93,31.14,C,24.82,2026-07-23,49.99,39.99,95.95,11,61.10,LISTING_MATERIALLY_ABOVE_VALUE,CURRENT_LISTING_ABOVE_ENTRY_LIMIT,WITHIN_CLASS_HISTORICAL_PERCENTILE_MODEL,false,75
MTG:SECRET_LAIR:SL-97A19C3BC3A646,Drop: Crocodile Jackson's Monstrous Menagerie - Non-Foil Edition ? Nonfoil Edition,SECRET_LAIR,FULL_MODEL,PASS,LONG_HISTORY,30,2024-02-08,2026-07-01,874,39.63,29.45,34.57,13.21,-0.23,,,13.52,-18.78,29,FRESH,65.55,HISTORICALLY_STABLE,,HISTORY_30_PLUS_DATES,false,false,false,REALIZED_CONSOLIDATED_HISTORICAL_PRICE_PERFORMANCE,30,TRUSTED_HISTORY_WITH_EBAY_SUPPLEMENT,,30.11,5.11,50.57,23.30,61.93,31.02,C,31.70,2026-07-23,45.00,39.98,103.95,9,13.55,LISTING_MODERATELY_ABOVE_VALUE,CURRENT_LISTING_ABOVE_ENTRY_LIMIT,WITHIN_CLASS_HISTORICAL_PERCENTILE_MODEL,false,76
MTG:SECRET_LAIR:SL-EC805E73DB692C,Drop: The Weirdest Pets in the Multiverse - Traditional Foil Edition ? Foil Edition,SECRET_LAIR,FULL_MODEL,PASS,LONG_HISTORY,30,2024-02-08,2026-07-01,874,45.54,34.76,31.01,11.95,10.00,,,17.57,-14.41,29,FRESH,75.05,HISTORICALLY_STRONG,,HISTORY_30_PLUS_DATES,false,false,false,REALIZED_CONSOLIDATED_HISTORICAL_PRICE_PERFORMANCE,30,TRUSTED_HISTORY_WITH_EBAY_SUPPLEMENT,,25.57,16.48,28.98,36.93,61.93,30.34,C,36.43,2026-07-24,68.95,50.00,120.99,36,51.41,LISTING_MATERIALLY_ABOVE_VALUE,CURRENT_LISTING_ABOVE_ENTRY_LIMIT,WITHIN_CLASS_HISTORICAL_PERCENTILE_MODEL,false,77
MTG:SECRET_LAIR:SL-9962EA8B669B4F,Drop: Absolute Annihilation - Traditional Foil Edition ? Foil Edition,SECRET_LAIR,FULL_MODEL,PASS,LONG_HISTORY,30,2024-02-08,2026-07-01,874,69.94,45.86,52.51,19.29,11.21,,,22.45,-20.39,29,FRESH,74.14,HISTORICALLY_STRONG,,HISTORY_30_PLUS_DATES,false,false,false,REALIZED_CONSOLIDATED_HISTORICAL_PRICE_PERFORMANCE,30,TRUSTED_HISTORY_WITH_EBAY_SUPPLEMENT,,46.02,19.89,9.66,18.75,61.93,29.66,C,55.95,2026-07-23,69.99,59.90,109.80,9,0.07,LISTING_NEAR_TRUSTED_VALUE,CURRENT_LISTING_ABOVE_ENTRY_LIMIT,WITHIN_CLASS_HISTORICAL_PERCENTILE_MODEL,false,78
MTG:SECRET_LAIR:SL-3C8F74D9F8C33A,Drop: Artist Series: Rebecca Guay - Non-Foil Edition ? Nonfoil Edition,SECRET_LAIR,FULL_MODEL,PASS,LONG_HISTORY,30,2024-02-08,2026-07-01,874,45.41,41.90,8.38,3.42,38.19,,,16.13,-24.87,29,FRESH,68.26,HISTORICALLY_STABLE,,HISTORY_30_PLUS_DATES,false,false,false,REALIZED_CONSOLIDATED_HISTORICAL_PRICE_PERFORMANCE,30,TRUSTED_HISTORY_WITH_EBAY_SUPPLEMENT,,6.25,58.52,35.80,11.93,61.93,29.32,C,36.33,2026-07-23,60.00,49.99,143.95,10,32.13,LISTING_MATERIALLY_ABOVE_VALUE,CURRENT_LISTING_ABOVE_ENTRY_LIMIT,WITHIN_CLASS_HISTORICAL_PERCENTILE_MODEL,false,79
MTG:SECRET_LAIR:SL-BA53143C1DDB56,Drop: Nature is Adorable - Traditional Foil Edition ? Foil Edition,SECRET_LAIR,FULL_MODEL,PASS,LONG_HISTORY,30,2024-02-08,2026-07-01,874,41.37,29.54,40.05,15.11,13.53,,,19.21,-22.21,29,FRESH,74.88,HISTORICALLY_STRONG,,HISTORY_30_PLUS_DATES,false,false,false,REALIZED_CONSOLIDATED_HISTORICAL_PRICE_PERFORMANCE,30,TRUSTED_HISTORY_WITH_EBAY_SUPPLEMENT,,36.93,26.70,18.75,14.20,61.93,29.20,C,33.10,2026-07-23,49.00,40.00,60.00,9,18.44,LISTING_MODERATELY_ABOVE_VALUE,CURRENT_LISTING_ABOVE_ENTRY_LIMIT,WITHIN_CLASS_HISTORICAL_PERCENTILE_MODEL,false,80
MTG:SECRET_LAIR:SL-FC44F373482E68,Drop: Secret Lair x Marvel's Iron Man - Rainbow Foil Edition ? Foil Edition,SECRET_LAIR,FULL_MODEL,PASS,MEDIUM_HISTORY,20,2024-12-01,2026-07-01,577,93.22,79.92,16.64,10.23,24.44,,,16.52,-14.98,29,FRESH,72.12,HISTORICALLY_STRONG,,HISTORY_2_TO_29_DATES,false,false,false,REALIZED_CONSOLIDATED_HISTORICAL_PRICE_PERFORMANCE,20,TRUSTED_HISTORY_WITH_EBAY_SUPPLEMENT,,17.61,41.48,34.66,32.39,11.93,28.18,C,74.58,2026-07-23,94.99,78.99,150.00,9,1.90,LISTING_NEAR_TRUSTED_VALUE,CURRENT_LISTING_ABOVE_ENTRY_LIMIT,WITHIN_CLASS_HISTORICAL_PERCENTILE_MODEL,false,81
MTG:SECRET_LAIR:SL-2569BCFE16FD2C,Drop: Every Dog Has Its Day - Traditional Foil Edition ? Foil Edition,SECRET_LAIR,FULL_MODEL,PASS,LONG_HISTORY,30,2024-02-08,2026-07-01,874,65.88,61.83,6.55,2.69,19.48,,,13.35,-28.06,29,FRESH,62.08,HISTORICALLY_STABLE,,HISTORY_30_PLUS_DATES,false,false,false,REALIZED_CONSOLIDATED_HISTORICAL_PRICE_PERFORMANCE,30,TRUSTED_HISTORY_WITH_EBAY_SUPPLEMENT,,5.11,34.66,53.98,10.80,61.93,27.61,C,52.70,2026-07-23,70.00,55.00,104.70,10,6.25,LISTING_NEAR_TRUSTED_VALUE,CURRENT_LISTING_ABOVE_ENTRY_LIMIT,WITHIN_CLASS_HISTORICAL_PERCENTILE_MODEL,false,82
MTG:SECRET_LAIR:SL-D68D8EB45F05E9,Ponies: The Galloping 2: Extra Life 2023 - Non-Foil Edition ? Nonfoil Edition,SECRET_LAIR,FULL_MODEL,PASS,LONG_HISTORY,29,2024-02-08,2026-07-01,874,148.80,123.98,20.02,7.92,89.46,,,28.22,-45.40,29,FRESH,64.93,HISTORICALLY_STABLE,,HISTORY_2_TO_29_DATES,false,false,false,REALIZED_CONSOLIDATED_HISTORICAL_PRICE_PERFORMANCE,29,TRUSTED_HISTORY_WITH_EBAY_SUPPLEMENT,,11.93,97.16,6.25,0.57,22.73,26.65,C,119.04,2026-07-24,180.00,164.99,300.00,44,20.97,LISTING_MODERATELY_ABOVE_VALUE,CURRENT_LISTING_ABOVE_ENTRY_LIMIT,WITHIN_CLASS_HISTORICAL_PERCENTILE_MODEL,false,83
MTG:SECRET_LAIR:SL-B762CD279E0001,Drop: Artist Series: Rebecca Guay - Traditional Foil Edition ? Foil Edition,SECRET_LAIR,FULL_MODEL,PASS,LONG_HISTORY,30,2024-02-08,2026-07-01,874,53.01,44.07,20.29,8.02,26.94,,,18.43,-32.49,29,FRESH,68.52,HISTORICALLY_STABLE,,HISTORY_30_PLUS_DATES,false,false,false,REALIZED_CONSOLIDATED_HISTORICAL_PRICE_PERFORMANCE,30,TRUSTED_HISTORY_WITH_EBAY_SUPPLEMENT,,13.07,44.89,25.57,5.11,61.93,25.23,C,42.41,2026-07-23,65.00,49.99,143.95,11,22.62,LISTING_MODERATELY_ABOVE_VALUE,CURRENT_LISTING_ABOVE_ENTRY_LIMIT,WITHIN_CLASS_HISTORICAL_PERCENTILE_MODEL,false,84
MTG:SECRET_LAIR:SL-95F8B6ADF74AF6,Drop: The Unfathomable Crushing Brutality of Basic Lands - Traditional Foil Edition ? Foil Edition,SECRET_LAIR,FULL_MODEL,PASS,LONG_HISTORY,30,2024-02-08,2026-07-01,874,63.80,48.96,30.31,11.70,19.32,,,21.42,-32.51,29,FRESH,64.39,HISTORICALLY_STABLE,,HISTORY_30_PLUS_DATES,false,false,false,REALIZED_CONSOLIDATED_HISTORICAL_PRICE_PERFORMANCE,30,TRUSTED_HISTORY_WITH_EBAY_SUPPLEMENT,,24.43,33.52,15.34,3.98,61.93,24.09,C,51.04,2026-07-24,59.99,39.00,200.99,41,-5.97,LISTING_NEAR_TRUSTED_VALUE,CURRENT_LISTING_ABOVE_ENTRY_LIMIT,WITHIN_CLASS_HISTORICAL_PERCENTILE_MODEL,false,85
MTG:SECRET_LAIR:SL-17405C5D45E661,Drop: Gift Wrapped - Rainbow Foil Edition ? Foil Edition,SECRET_LAIR,FULL_MODEL,PASS,LONG_HISTORY,30,2024-02-08,2026-07-01,874,42.79,34.95,22.43,8.83,3.76,,,17.96,-18.45,29,FRESH,61.95,HISTORICALLY_STABLE,,HISTORY_30_PLUS_DATES,false,false,false,REALIZED_CONSOLIDATED_HISTORICAL_PRICE_PERFORMANCE,30,TRUSTED_HISTORY_WITH_EBAY_SUPPLEMENT,,16.48,7.39,27.84,24.43,61.93,23.07,C,34.23,2026-07-23,79.99,45.00,125.00,9,86.94,LISTING_MATERIALLY_ABOVE_VALUE,CURRENT_LISTING_ABOVE_ENTRY_LIMIT,WITHIN_CLASS_HISTORICAL_PERCENTILE_MODEL,false,86
MTG:SECRET_LAIR:SL-539814AFE340EF,Drop: Secret Lair Promo: Deadeye Navigator - Rainbow Foil Edition ? Foil Edition,SECRET_LAIR,FULL_MODEL,PASS,MEDIUM_HISTORY,15,2025-05-01,2026-07-01,426,6.14,5.38,14.13,12.00,11.64,,,21.80,-14.23,29,FRESH,62.23,HISTORICALLY_STABLE,,HISTORY_2_TO_29_DATES,false,false,false,REALIZED_CONSOLIDATED_HISTORICAL_PRICE_PERFORMANCE,15,TRUSTED_HISTORY_WITH_EBAY_SUPPLEMENT,,26.70,22.73,11.93,38.07,3.98,22.95,C,4.91,2026-07-23,9.73,5.00,14.99,12,58.47,LISTING_MATERIALLY_ABOVE_VALUE,CURRENT_LISTING_ABOVE_ENTRY_LIMIT,WITHIN_CLASS_HISTORICAL_PERCENTILE_MODEL,false,87
MTG:SECRET_LAIR:SL-5A4A678A238B50,Drop: Artist Series: Kev Walker - Traditional Foil Edition ? Foil Edition,SECRET_LAIR,FULL_MODEL,PASS,LONG_HISTORY,30,2024-02-08,2026-07-01,874,59.64,44.87,32.92,12.63,10.46,,,25.71,-30.39,29,FRESH,61.15,HISTORICALLY_STABLE,,HISTORY_30_PLUS_DATES,false,false,false,REALIZED_CONSOLIDATED_HISTORICAL_PRICE_PERFORMANCE,30,TRUSTED_HISTORY_WITH_EBAY_SUPPLEMENT,,27.84,18.75,8.52,7.39,61.93,21.48,C,47.71,2026-07-23,68.00,45.00,143.95,11,14.02,LISTING_MODERATELY_ABOVE_VALUE,CURRENT_LISTING_ABOVE_ENTRY_LIMIT,WITHIN_CLASS_HISTORICAL_PERCENTILE_MODEL,false,88
