"universal_mtg_product_id","source_product_id","product_name","product_class","certified_admission_tier","current_admission_tier","certified_quality_disposition","current_quality_disposition","certified_forecast_method","current_forecast_method","certified_forecast_status","current_forecast_status","certified_forecast_eligible","current_forecast_eligible","certified_recommendation_eligible","current_recommendation_eligible","certified_suppression_reason","current_suppression_reason","certified_one_year_base","current_one_year_base","certified_three_year_base","current_three_year_base","certified_five_year_base","current_five_year_base","forecast_eligibility_changed","recommendation_eligibility_changed","lost_forecast_eligibility","gained_forecast_eligibility"
"MTG:COLLECTOR_BOOSTER_BOX:TCGCSV-17670-449559","TCGCSV-17670-449559",,"COLLECTOR_BOOSTER_BOX","","FULL_MODEL","","EVALUATED","","NATIVE_MONTE_CARLO_RANGE","","NATIVE_RANGE_READY","","NO","","NO","","","","","","","","","True","True","False","False"
"MTG:COLLECTOR_BOOSTER_BOX:TCGCSV-17684-451880","TCGCSV-17684-451880",,"COLLECTOR_BOOSTER_BOX","","STRUCTURAL_ONLY","","STRUCTURAL_SUPPRESSED","","NATIVE_MONTE_CARLO_RANGE","","NATIVE_RANGE_READY","","NO","","NO","","","","","","","","","True","True","False","False"
"MTG:COLLECTOR_BOOSTER_BOX:TCGCSV-22875-475584","TCGCSV-22875-475584",,"COLLECTOR_BOOSTER_BOX","","FULL_MODEL","","EVALUATED","","NATIVE_MONTE_CARLO_RANGE","","NATIVE_RANGE_READY","","NO","","NO","","","","","","","","","True","True","False","False"
"MTG:COLLECTOR_BOOSTER_BOX:TCGCSV-22876-489207","TCGCSV-22876-489207",,"COLLECTOR_BOOSTER_BOX","","FULL_MODEL","","EVALUATED","","NATIVE_MONTE_CARLO_RANGE","","NATIVE_RANGE_READY","","NO","","NO","","","","","","","","","True","True","False","False"
"MTG:COLLECTOR_BOOSTER_BOX:TCGCSV-23019-484912","TCGCSV-23019-484912",,"COLLECTOR_BOOSTER_BOX","","PROVISIONAL_MODEL","","EVALUATED","","NATIVE_MONTE_CARLO_RANGE","","NATIVE_RANGE_READY","","NO","","NO","","","","","","","","","True","True","False","False"
"MTG:COLLECTOR_BOOSTER_BOX:TCGCSV-23019-515906","TCGCSV-23019-515906",,"COLLECTOR_BOOSTER_BOX","","PROVISIONAL_MODEL","","EVALUATED","","NO_NUMERIC_FORECAST","","SUPPRESSED","","NO","","NO","","","","","","","","","True","True","False","False"
"MTG:COLLECTOR_BOOSTER_BOX:TCGCSV-23020-484929","TCGCSV-23020-484929",,"COLLECTOR_BOOSTER_BOX","","FULL_MODEL","","EVALUATED","","NATIVE_MONTE_CARLO_RANGE","","NATIVE_RANGE_READY","","NO","","NO","","","","","","","","","True","True","False","False"
"MTG:COLLECTOR_BOOSTER_BOX:TCGCSV-23163-496041","TCGCSV-23163-496041",,"COLLECTOR_BOOSTER_BOX","","FULL_MODEL","","EVALUATED","","NATIVE_MONTE_CARLO_RANGE","","NATIVE_RANGE_READY","","NO","","NO","","","","","","","","","True","True","False","False"
"MTG:COLLECTOR_BOOSTER_BOX:TCGCSV-23165-496076","TCGCSV-23165-496076",,"COLLECTOR_BOOSTER_BOX","","PROVISIONAL_MODEL","","EVALUATED","","NATIVE_MONTE_CARLO_RANGE","","NATIVE_RANGE_READY","","NO","","NO","","","","","","","","","True","True","False","False"
"MTG:COLLECTOR_BOOSTER_BOX:TCGCSV-23312-516614","TCGCSV-23312-516614",,"COLLECTOR_BOOSTER_BOX","","PROVISIONAL_MODEL","","EVALUATED","","NATIVE_MONTE_CARLO_RANGE","","NATIVE_RANGE_READY","","NO","","NO","","","","","","","","","True","True","False","False"
"MTG:COLLECTOR_BOOSTER_BOX:TCGCSV-23319-517708","TCGCSV-23319-517708",,"COLLECTOR_BOOSTER_BOX","","PROVISIONAL_MODEL","","EVALUATED","","NATIVE_MONTE_CARLO_RANGE","","NATIVE_RANGE_READY","","NO","","NO","","","","","","","","","True","True","False","False"
"MTG:COLLECTOR_BOOSTER_BOX:TCGCSV-23337-523185","TCGCSV-23337-523185",,"COLLECTOR_BOOSTER_BOX","","PROVISIONAL_MODEL","","EVALUATED","","NATIVE_MONTE_CARLO_RANGE","","NATIVE_RANGE_READY","","NO","","NO","","","","","","","","","True","True","False","False"
"MTG:COLLECTOR_BOOSTER_BOX:TCGCSV-23361-529968","TCGCSV-23361-529968",,"COLLECTOR_BOOSTER_BOX","","FULL_MODEL","","EVALUATED","","NATIVE_MONTE_CARLO_RANGE","","NATIVE_RANGE_READY","","NO","","NO","","","","","","","","","True","True","False","False"
"MTG:COLLECTOR_BOOSTER_BOX:TCGCSV-23439-541090","TCGCSV-23439-541090",,"COLLECTOR_BOOSTER_BOX","","FULL_MODEL","","EVALUATED","","NATIVE_MONTE_CARLO_RANGE","","NATIVE_RANGE_READY","","NO","","NO","","","","","","","","","True","True","False","False"
"MTG:COLLECTOR_BOOSTER_BOX:TCGCSV-23444-541179","TCGCSV-23444-541179",,"COLLECTOR_BOOSTER_BOX","","FULL_MODEL","","EVALUATED","","NATIVE_MONTE_CARLO_RANGE","","NATIVE_RANGE_READY","","NO","","NO","","","","","","","","","True","True","False","False"
"MTG:COLLECTOR_BOOSTER_BOX:TCGCSV-23446-541225","TCGCSV-23446-541225",,"COLLECTOR_BOOSTER_BOX","","PROVISIONAL_MODEL","","EVALUATED","","NATIVE_MONTE_CARLO_RANGE","","NATIVE_RANGE_READY","","NO","","NO","","","","","","","","","True","True","False","False"
"MTG:COLLECTOR_BOOSTER_BOX:TCGCSV-23447-541238","TCGCSV-23447-541238",,"COLLECTOR_BOOSTER_BOX","","FULL_MODEL","","EVALUATED","","NATIVE_MONTE_CARLO_RANGE","","NATIVE_RANGE_READY","","NO","","NO","","","","","","","","","True","True","False","False"
"MTG:COLLECTOR_BOOSTER_BOX:TCGCSV-23550-557244","TCGCSV-23550-557244",,"COLLECTOR_BOOSTER_BOX","","PROVISIONAL_MODEL","","EVALUATED","","NATIVE_MONTE_CARLO_RANGE","","NATIVE_RANGE_READY","","NO","","NO","","","","","","","","","True","True","False","False"
"MTG:COLLECTOR_BOOSTER_BOX:TCGCSV-23556-562122","TCGCSV-23556-562122",,"COLLECTOR_BOOSTER_BOX","","FULL_MODEL","","EVALUATED","","NATIVE_MONTE_CARLO_RANGE","","NATIVE_RANGE_READY","","NO","","NO","","","","","","","","","True","True","False","False"
"MTG:COLLECTOR_BOOSTER_BOX:TCGCSV-23848-594681","TCGCSV-23848-594681",,"COLLECTOR_BOOSTER_BOX","","FULL_MODEL","","EVALUATED","","NATIVE_MONTE_CARLO_RANGE","","NATIVE_RANGE_READY","","NO","","NO","","","","","","","","","True","True","False","False"
"MTG:COLLECTOR_BOOSTER_BOX:TCGCSV-23874-604253","TCGCSV-23874-604253",,"COLLECTOR_BOOSTER_BOX","","FULL_MODEL","","EVALUATED","","NATIVE_MONTE_CARLO_RANGE","","NATIVE_RANGE_READY","","NO","","NO","","","","","","","","","True","True","False","False"
"MTG:COLLECTOR_BOOSTER_BOX:TCGCSV-24219-618893","TCGCSV-24219-618893",,"COLLECTOR_BOOSTER_BOX","","FULL_MODEL","","EVALUATED","","NATIVE_MONTE_CARLO_RANGE","","NATIVE_RANGE_READY","","NO","","NO","","","","","","","","","True","True","False","False"
"MTG:COLLECTOR_BOOSTER_BOX:TCGCSV-24232-619649","TCGCSV-24232-619649",,"COLLECTOR_BOOSTER_BOX","","FULL_MODEL","","EVALUATED","","NATIVE_MONTE_CARLO_RANGE","","NATIVE_RANGE_READY","","NO","","NO","","","","","","","","","True","True","False","False"
"MTG:COLLECTOR_BOOSTER_BOX:TCGCSV-24233-619672","TCGCSV-24233-619672",,"COLLECTOR_BOOSTER_BOX","","FULL_MODEL","","EVALUATED","","NATIVE_MONTE_CARLO_RANGE","","NATIVE_RANGE_READY","","NO","","NO","","","","","","","","","True","True","False","False"
"MTG:COLLECTOR_BOOSTER_BOX:TCGCSV-24245-621110","TCGCSV-24245-621110",,"COLLECTOR_BOOSTER_BOX","","FULL_MODEL","","EVALUATED","","NATIVE_MONTE_CARLO_RANGE","","NATIVE_RANGE_READY","","NO","","NO","","","","","","","","","True","True","False","False"
"MTG:COLLECTOR_BOOSTER_BOX:TCGCSV-24421-648650","TCGCSV-24421-648650",,"COLLECTOR_BOOSTER_BOX","","FULL_MODEL","","EVALUATED","","NATIVE_MONTE_CARLO_RANGE","","NATIVE_RANGE_READY","","NO","","NO","","","","","","","","","True","True","False","False"
"MTG:COLLECTOR_BOOSTER_BOX:TCGCSV-24463-656322","TCGCSV-24463-656322",,"COLLECTOR_BOOSTER_BOX","","FULL_MODEL","","EVALUATED","","NATIVE_MONTE_CARLO_RANGE","","NATIVE_RANGE_READY","","NO","","NO","","","","","","","","","True","True","False","False"
"MTG:COLLECTOR_BOOSTER_BOX:TCGCSV-24495-657852","TCGCSV-24495-657852",,"COLLECTOR_BOOSTER_BOX","","FULL_MODEL","","EVALUATED","","NATIVE_MONTE_CARLO_RANGE","","NATIVE_RANGE_READY","","NO","","NO","","","","","","","","","True","True","False","False"
"MTG:COLLECTOR_BOOSTER_BOX:TCGCSV-24553-675606","TCGCSV-24553-675606",,"COLLECTOR_BOOSTER_BOX","","FULL_MODEL","","EVALUATED","","NATIVE_MONTE_CARLO_RANGE","","NATIVE_RANGE_READY","","NO","","NO","","","","","","","","","True","True","False","False"
"MTG:COLLECTOR_BOOSTER_BOX:TCGCSV-24601-675558","TCGCSV-24601-675558",,"COLLECTOR_BOOSTER_BOX","","FULL_MODEL","","EVALUATED","","NATIVE_MONTE_CARLO_RANGE","","NATIVE_RANGE_READY","","NO","","NO","","","","","","","","","True","True","False","False"
"MTG:COLLECTOR_BOOSTER_BOX:TCGCSV-24683-692963","TCGCSV-24683-692963",,"COLLECTOR_BOOSTER_BOX","","STRUCTURAL_ONLY","","STRUCTURAL_SUPPRESSED","","NATIVE_MONTE_CARLO_RANGE","","NATIVE_RANGE_READY","","NO","","NO","","","","","","","","","True","True","False","False"
"MTG:COLLECTOR_BOOSTER_BOX:TCGCSV-24684-692983","TCGCSV-24684-692983",,"COLLECTOR_BOOSTER_BOX","","PROVISIONAL_MODEL","","EVALUATED","","NATIVE_MONTE_CARLO_RANGE","","NATIVE_RANGE_READY","","NO","","NO","","","","","","","","","True","True","False","False"
"MTG:COLLECTOR_BOOSTER_BOX:TCGCSV-2603-208279","TCGCSV-2603-208279",,"COLLECTOR_BOOSTER_BOX","","PROVISIONAL_MODEL","","EVALUATED","","NATIVE_MONTE_CARLO_RANGE","","NATIVE_RANGE_READY","","NO","","NO","","","","","","","","","True","True","False","False"
"MTG:COLLECTOR_BOOSTER_BOX:TCGCSV-2648-220423","TCGCSV-2648-220423",,"COLLECTOR_BOOSTER_BOX","","FULL_MODEL","","EVALUATED","","NATIVE_MONTE_CARLO_RANGE","","NATIVE_RANGE_READY","","NO","","NO","","","","","","","","","True","True","False","False"
"MTG:COLLECTOR_BOOSTER_BOX:TCGCSV-2653-214818","TCGCSV-2653-214818",,"COLLECTOR_BOOSTER_BOX","","FULL_MODEL","","EVALUATED","","NATIVE_MONTE_CARLO_RANGE","","NATIVE_RANGE_READY","","NO","","NO","","","","","","","","","True","True","False","False"
"MTG:COLLECTOR_BOOSTER_BOX:TCGCSV-2708-221323","TCGCSV-2708-221323",,"COLLECTOR_BOOSTER_BOX","","FULL_MODEL","","EVALUATED","","NATIVE_MONTE_CARLO_RANGE","","NATIVE_RANGE_READY","","NO","","NO","","","","","","","","","True","True","False","False"
"MTG:COLLECTOR_BOOSTER_BOX:TCGCSV-2750-228249","TCGCSV-2750-228249",,"COLLECTOR_BOOSTER_BOX","","FULL_MODEL","","EVALUATED","","NATIVE_MONTE_CARLO_RANGE","","NATIVE_RANGE_READY","","NO","","NO","","","","","","","","","True","True","False","False"
"MTG:COLLECTOR_BOOSTER_BOX:TCGCSV-2773-233232","TCGCSV-2773-233232",,"COLLECTOR_BOOSTER_BOX","","FULL_MODEL","","EVALUATED","","NATIVE_MONTE_CARLO_RANGE","","NATIVE_RANGE_READY","","NO","","NO","","","","","","","","","True","True","False","False"
"MTG:COLLECTOR_BOOSTER_BOX:TCGCSV-2809-236348","TCGCSV-2809-236348",,"COLLECTOR_BOOSTER_BOX","","FULL_MODEL","","EVALUATED","","NATIVE_MONTE_CARLO_RANGE","","NATIVE_RANGE_READY","","NO","","NO","","","","","","","","","True","True","False","False"
"MTG:COLLECTOR_BOOSTER_BOX:TCGCSV-2823-238745","TCGCSV-2823-238745",,"COLLECTOR_BOOSTER_BOX","","FULL_MODEL","","EVALUATED","","NATIVE_MONTE_CARLO_RANGE","","NATIVE_RANGE_READY","","NO","","NO","","","","","","","","","True","True","False","False"
"MTG:COLLECTOR_BOOSTER_BOX:TCGCSV-2862-246457","TCGCSV-2862-246457",,"COLLECTOR_BOOSTER_BOX","","FULL_MODEL","","EVALUATED","","NATIVE_MONTE_CARLO_RANGE","","NATIVE_RANGE_READY","","NO","","NO","","","","","","","","","True","True","False","False"
"MTG:COLLECTOR_BOOSTER_BOX:TCGCSV-2864-244384","TCGCSV-2864-244384",,"COLLECTOR_BOOSTER_BOX","","FULL_MODEL","","EVALUATED","","NATIVE_MONTE_CARLO_RANGE","","NATIVE_RANGE_READY","","NO","","NO","","","","","","","","","True","True","False","False"
"MTG:COLLECTOR_BOOSTER_BOX:TCGCSV-2958-275406","TCGCSV-2958-275406",,"COLLECTOR_BOOSTER_BOX","","FULL_MODEL","","EVALUATED","","NATIVE_MONTE_CARLO_RANGE","","NATIVE_RANGE_READY","","NO","","NO","","","","","","","","","True","True","False","False"
"MTG:COLLECTOR_BOOSTER_BOX:TCGCSV-2965-257563","TCGCSV-2965-257563",,"COLLECTOR_BOOSTER_BOX","","FULL_MODEL","","EVALUATED","","NATIVE_MONTE_CARLO_RANGE","","NATIVE_RANGE_READY","","NO","","NO","","","","","","","","","True","True","False","False"
"MTG:COLLECTOR_BOOSTER_BOX:TCGCSV-3026-264767","TCGCSV-3026-264767",,"COLLECTOR_BOOSTER_BOX","","FULL_MODEL","","EVALUATED","","NATIVE_MONTE_CARLO_RANGE","","NATIVE_RANGE_READY","","NO","","NO","","","","","","","","","True","True","False","False"
"MTG:COLLECTOR_BOOSTER_BOX:TCGCSV-3047-267023","TCGCSV-3047-267023",,"COLLECTOR_BOOSTER_BOX","","PROVISIONAL_MODEL","","EVALUATED","","NATIVE_MONTE_CARLO_RANGE","","NATIVE_RANGE_READY","","NO","","NO","","","","","","","","","True","True","False","False"
"MTG:COLLECTOR_BOOSTER_BOX:TCGCSV-3070-271509","TCGCSV-3070-271509",,"COLLECTOR_BOOSTER_BOX","","FULL_MODEL","","EVALUATED","","NATIVE_MONTE_CARLO_RANGE","","NATIVE_RANGE_READY","","NO","","NO","","","","","","","","","True","True","False","False"
"MTG:COLLECTOR_BOOSTER_BOX:TCGCSV-3102-275412","TCGCSV-3102-275412",,"COLLECTOR_BOOSTER_BOX","","FULL_MODEL","","EVALUATED","","NATIVE_MONTE_CARLO_RANGE","","NATIVE_RANGE_READY","","NO","","NO","","","","","","","","","True","True","False","False"
"MTG:COLLECTOR_BOOSTER_BOX:TCGCSV-3157-282224","TCGCSV-3157-282224",,"COLLECTOR_BOOSTER_BOX","","FULL_MODEL","","EVALUATED","","NATIVE_MONTE_CARLO_RANGE","","NATIVE_RANGE_READY","","NO","","NO","","","","","","","","","True","True","False","False"
"MTG:PRE_COLLECTOR_BOOSTER_BOX:MTG-CANON-TCGPLAYER-102715","MTG-CANON-TCGPLAYER-102715",,"PRE_COLLECTOR_BOOSTER_BOX","","FULL_MODEL","","FORECAST_READY","","TIER_GUARDED_SCENARIO_BANDS","","SCENARIO_READY","","YES","","YES","","","","285.12","","330.00","","382.80","True","True","False","True"
"MTG:PRE_COLLECTOR_BOOSTER_BOX:MTG-CANON-TCGPLAYER-110418","MTG-CANON-TCGPLAYER-110418",,"PRE_COLLECTOR_BOOSTER_BOX","","FULL_MODEL","","FORECAST_READY","","TIER_GUARDED_SCENARIO_BANDS","","SCENARIO_READY","","YES","","YES","","","","214.67","","248.46","","288.22","True","True","False","True"
"MTG:PRE_COLLECTOR_BOOSTER_BOX:MTG-CANON-TCGPLAYER-112706","MTG-CANON-TCGPLAYER-112706",,"PRE_COLLECTOR_BOOSTER_BOX","","FULL_MODEL","","REVIEW_REQUIRED","","NO_NUMERIC_FORECAST","","SUPPRESSED","","NO","","NO","","MEDIAN_LOWEST_RATIO_AT_LEAST_2;MEDIAN_LOWEST_RATIO_AT_LEAST_4","","","","","","","True","True","False","False"
"MTG:PRE_COLLECTOR_BOOSTER_BOX:MTG-CANON-TCGPLAYER-114832","MTG-CANON-TCGPLAYER-114832",,"PRE_COLLECTOR_BOOSTER_BOX","","PROVISIONAL_MODEL","","REVIEW_REQUIRED","","NO_NUMERIC_FORECAST","","SUPPRESSED","","NO","","NO","","VERY_SPARSE_OBSERVATIONS","","","","","","","True","True","False","False"
"MTG:PRE_COLLECTOR_BOOSTER_BOX:MTG-CANON-TCGPLAYER-118393","MTG-CANON-TCGPLAYER-118393",,"PRE_COLLECTOR_BOOSTER_BOX","","FULL_MODEL","","FORECAST_READY","","TIER_GUARDED_SCENARIO_BANDS","","SCENARIO_READY","","YES","","YES","","","","355.32","","411.25","","477.05","True","True","False","True"
"MTG:PRE_COLLECTOR_BOOSTER_BOX:MTG-CANON-TCGPLAYER-120965","MTG-CANON-TCGPLAYER-120965",,"PRE_COLLECTOR_BOOSTER_BOX","","FULL_MODEL","","FORECAST_READY","","TIER_GUARDED_SCENARIO_BANDS","","SCENARIO_READY","","YES","","YES","","","","243.00","","281.25","","326.25","True","True","False","True"
"MTG:PRE_COLLECTOR_BOOSTER_BOX:MTG-CANON-TCGPLAYER-121527","MTG-CANON-TCGPLAYER-121527",,"PRE_COLLECTOR_BOOSTER_BOX","","FULL_MODEL","","FORECAST_READY","","TIER_GUARDED_SCENARIO_BANDS","","SCENARIO_READY","","YES","","YES","","","","578.75","","669.85","","777.03","True","True","False","True"
"MTG:PRE_COLLECTOR_BOOSTER_BOX:MTG-CANON-TCGPLAYER-125794","MTG-CANON-TCGPLAYER-125794",,"PRE_COLLECTOR_BOOSTER_BOX","","FULL_MODEL","","FORECAST_READY","","TIER_GUARDED_SCENARIO_BANDS","","SCENARIO_READY","","YES","","YES","","","","226.79","","262.49","","304.49","True","True","False","True"
"MTG:PRE_COLLECTOR_BOOSTER_BOX:MTG-CANON-TCGPLAYER-127069","MTG-CANON-TCGPLAYER-127069",,"PRE_COLLECTOR_BOOSTER_BOX","","FULL_MODEL","","FORECAST_READY","","TIER_GUARDED_SCENARIO_BANDS","","SCENARIO_READY","","YES","","YES","","","","382.32","","442.50","","513.30","True","True","False","True"
"MTG:PRE_COLLECTOR_BOOSTER_BOX:MTG-CANON-TCGPLAYER-127174","MTG-CANON-TCGPLAYER-127174",,"PRE_COLLECTOR_BOOSTER_BOX","","FULL_MODEL","","FORECAST_READY","","TIER_GUARDED_SCENARIO_BANDS","","SCENARIO_READY","","YES","","YES","","","","431.99","","499.99","","579.99","True","True","False","True"
"MTG:PRE_COLLECTOR_BOOSTER_BOX:MTG-CANON-TCGPLAYER-131456","MTG-CANON-TCGPLAYER-131456",,"PRE_COLLECTOR_BOOSTER_BOX","","FULL_MODEL","","FORECAST_READY","","TIER_GUARDED_SCENARIO_BANDS","","SCENARIO_READY","","YES","","YES","","","","353.69","","409.36","","474.86","True","True","False","True"
"MTG:PRE_COLLECTOR_BOOSTER_BOX:MTG-CANON-TCGPLAYER-141989","MTG-CANON-TCGPLAYER-141989",,"PRE_COLLECTOR_BOOSTER_BOX","","FULL_MODEL","","FORECAST_READY","","TIER_GUARDED_SCENARIO_BANDS","","SCENARIO_READY","","YES","","YES","","","","226.09","","261.68","","303.54","True","True","False","True"
"MTG:PRE_COLLECTOR_BOOSTER_BOX:MTG-CANON-TCGPLAYER-145235","MTG-CANON-TCGPLAYER-145235",,"PRE_COLLECTOR_BOOSTER_BOX","","FULL_MODEL","","FORECAST_READY","","TIER_GUARDED_SCENARIO_BANDS","","SCENARIO_READY","","YES","","YES","","","","361.67","","418.60","","485.58","True","True","False","True"
"MTG:PRE_COLLECTOR_BOOSTER_BOX:MTG-CANON-TCGPLAYER-149402","MTG-CANON-TCGPLAYER-149402",,"PRE_COLLECTOR_BOOSTER_BOX","","FULL_MODEL","","FORECAST_READY","","TIER_GUARDED_SCENARIO_BANDS","","SCENARIO_READY","","YES","","YES","","","","248.39","","287.49","","333.49","True","True","False","True"
"MTG:PRE_COLLECTOR_BOOSTER_BOX:MTG-CANON-TCGPLAYER-149404","MTG-CANON-TCGPLAYER-149404",,"PRE_COLLECTOR_BOOSTER_BOX","","FULL_MODEL","","FORECAST_READY","","TIER_GUARDED_SCENARIO_BANDS","","SCENARIO_READY","","YES","","YES","","","","226.78","","262.48","","304.47","True","True","False","True"
"MTG:PRE_COLLECTOR_BOOSTER_BOX:MTG-CANON-TCGPLAYER-157857","MTG-CANON-TCGPLAYER-157857",,"PRE_COLLECTOR_BOOSTER_BOX","","FULL_MODEL","","FORECAST_READY","","TIER_GUARDED_SCENARIO_BANDS","","SCENARIO_READY","","YES","","YES","","","","349.90","","404.98","","469.77","True","True","False","True"
"MTG:PRE_COLLECTOR_BOOSTER_BOX:MTG-CANON-TCGPLAYER-158423","MTG-CANON-TCGPLAYER-158423",,"PRE_COLLECTOR_BOOSTER_BOX","","FULL_MODEL","","FORECAST_READY","","TIER_GUARDED_SCENARIO_BANDS","","SCENARIO_READY","","YES","","YES","","","","245.16","","283.75","","329.15","True","True","False","True"
"MTG:PRE_COLLECTOR_BOOSTER_BOX:MTG-CANON-TCGPLAYER-166536","MTG-CANON-TCGPLAYER-166536",,"PRE_COLLECTOR_BOOSTER_BOX","","FULL_MODEL","","FORECAST_READY","","TIER_GUARDED_SCENARIO_BANDS","","SCENARIO_READY","","YES","","YES","","","","348.75","","403.65","","468.23","True","True","False","True"
"MTG:PRE_COLLECTOR_BOOSTER_BOX:MTG-CANON-TCGPLAYER-166550","MTG-CANON-TCGPLAYER-166550",,"PRE_COLLECTOR_BOOSTER_BOX","","FULL_MODEL","","FORECAST_READY","","TIER_GUARDED_SCENARIO_BANDS","","SCENARIO_READY","","YES","","YES","","","","237.60","","275.00","","319.00","True","True","False","True"
"MTG:PRE_COLLECTOR_BOOSTER_BOX:MTG-CANON-TCGPLAYER-173362","MTG-CANON-TCGPLAYER-173362",,"PRE_COLLECTOR_BOOSTER_BOX","","FULL_MODEL","","FORECAST_READY","","TIER_GUARDED_SCENARIO_BANDS","","SCENARIO_READY","","YES","","YES","","","","194.39","","224.99","","260.99","True","True","False","True"
"MTG:PRE_COLLECTOR_BOOSTER_BOX:MTG-CANON-TCGPLAYER-179444","MTG-CANON-TCGPLAYER-179444",,"PRE_COLLECTOR_BOOSTER_BOX","","FULL_MODEL","","FORECAST_READY","","TIER_GUARDED_SCENARIO_BANDS","","SCENARIO_READY","","YES","","YES","","","","549.18","","635.62","","737.32","True","True","False","True"
"MTG:PRE_COLLECTOR_BOOSTER_BOX:MTG-CANON-TCGPLAYER-180734","MTG-CANON-TCGPLAYER-180734",,"PRE_COLLECTOR_BOOSTER_BOX","","FULL_MODEL","","FORECAST_READY","","TIER_GUARDED_SCENARIO_BANDS","","SCENARIO_READY","","YES","","YES","","","","172.74","","199.92","","231.91","True","True","False","True"
"MTG:PRE_COLLECTOR_BOOSTER_BOX:MTG-CANON-TCGPLAYER-185676","MTG-CANON-TCGPLAYER-185676",,"PRE_COLLECTOR_BOOSTER_BOX","","FULL_MODEL","","FORECAST_READY","","TIER_GUARDED_SCENARIO_BANDS","","SCENARIO_READY","","YES","","YES","","","","204.11","","236.24","","274.04","True","True","False","True"
"MTG:PRE_COLLECTOR_BOOSTER_BOX:MTG-CANON-TCGPLAYER-185894","MTG-CANON-TCGPLAYER-185894",,"PRE_COLLECTOR_BOOSTER_BOX","","FULL_MODEL","","FORECAST_READY","","TIER_GUARDED_SCENARIO_BANDS","","SCENARIO_READY","","YES","","YES","","","","334.78","","387.48","","449.47","True","True","False","True"
"MTG:PRE_COLLECTOR_BOOSTER_BOX:MTG-CANON-TCGPLAYER-188210","MTG-CANON-TCGPLAYER-188210",,"PRE_COLLECTOR_BOOSTER_BOX","","FULL_MODEL","","FORECAST_READY","","TIER_GUARDED_SCENARIO_BANDS","","SCENARIO_READY","","YES","","YES","","","","192.78","","223.12","","258.82","True","True","False","True"
"MTG:PRE_COLLECTOR_BOOSTER_BOX:MTG-CANON-TCGPLAYER-27257","MTG-CANON-TCGPLAYER-27257",,"PRE_COLLECTOR_BOOSTER_BOX","","PROVISIONAL_MODEL","","REVIEW_REQUIRED","","NO_NUMERIC_FORECAST","","SUPPRESSED","","NO","","NO","","SINGLE_ACCEPTED_OBSERVATION;VERY_SPARSE_OBSERVATIONS;SINGLE_SELLER_DEPENDENCE","","","","","","","True","True","False","False"
"MTG:PRE_COLLECTOR_BOOSTER_BOX:MTG-CANON-TCGPLAYER-27258","MTG-CANON-TCGPLAYER-27258",,"PRE_COLLECTOR_BOOSTER_BOX","","PROVISIONAL_MODEL","","REVIEW_REQUIRED","","NO_NUMERIC_FORECAST","","SUPPRESSED","","NO","","NO","","VERY_SPARSE_OBSERVATIONS","","","","","","","True","True","False","False"
"MTG:PRE_COLLECTOR_BOOSTER_BOX:MTG-CANON-TCGPLAYER-27259","MTG-CANON-TCGPLAYER-27259",,"PRE_COLLECTOR_BOOSTER_BOX","","FULL_MODEL","","FORECAST_READY","","TIER_GUARDED_SCENARIO_BANDS","","SCENARIO_READY","","YES","","YES","","","","761.40","","881.25","","1022.25","True","True","False","True"
"MTG:PRE_COLLECTOR_BOOSTER_BOX:MTG-CANON-TCGPLAYER-27260","MTG-CANON-TCGPLAYER-27260",,"PRE_COLLECTOR_BOOSTER_BOX","","PROVISIONAL_MODEL","","REVIEW_REQUIRED","","NO_NUMERIC_FORECAST","","SUPPRESSED","","NO","","NO","","VERY_SPARSE_OBSERVATIONS","","","","","","","True","True","False","False"
"MTG:PRE_COLLECTOR_BOOSTER_BOX:MTG-CANON-TCGPLAYER-27261","MTG-CANON-TCGPLAYER-27261",,"PRE_COLLECTOR_BOOSTER_BOX","","FULL_MODEL","","FORECAST_READY","","TIER_GUARDED_SCENARIO_BANDS","","SCENARIO_READY","","YES","","YES","","","","2294.97","","2656.21","","3081.21","True","True","False","True"
"MTG:PRE_COLLECTOR_BOOSTER_BOX:MTG-CANON-TCGPLAYER-27262","MTG-CANON-TCGPLAYER-27262",,"PRE_COLLECTOR_BOOSTER_BOX","","STRUCTURAL_ONLY","","STRUCTURAL_ONLY","","NO_NUMERIC_FORECAST","","SUPPRESSED","","NO","","NO","","VERY_SPARSE_OBSERVATIONS","","","","","","","True","True","False","False"
"MTG:PRE_COLLECTOR_BOOSTER_BOX:MTG-CANON-TCGPLAYER-27263","MTG-CANON-TCGPLAYER-27263",,"PRE_COLLECTOR_BOOSTER_BOX","","PROVISIONAL_MODEL","","REVIEW_REQUIRED","","NO_NUMERIC_FORECAST","","SUPPRESSED","","NO","","NO","","MARKET_VALUE_ABOVE_20000;SINGLE_ACCEPTED_OBSERVATION;VERY_SPARSE_OBSERVATIONS;SINGLE_SELLER_DEPENDENCE","","","","","","","True","True","False","False"
"MTG:PRE_COLLECTOR_BOOSTER_BOX:MTG-CANON-TCGPLAYER-27264","MTG-CANON-TCGPLAYER-27264",,"PRE_COLLECTOR_BOOSTER_BOX","","STRUCTURAL_ONLY","","STRUCTURAL_ONLY","","NO_NUMERIC_FORECAST","","SUPPRESSED","","NO","","NO","","VERY_SPARSE_OBSERVATIONS","","","","","","","True","True","False","False"
"MTG:PRE_COLLECTOR_BOOSTER_BOX:MTG-CANON-TCGPLAYER-27265","MTG-CANON-TCGPLAYER-27265",,"PRE_COLLECTOR_BOOSTER_BOX","","STRUCTURAL_ONLY","","STRUCTURAL_ONLY","","NO_NUMERIC_FORECAST","","SUPPRESSED","","NO","","NO","","VERY_SPARSE_OBSERVATIONS","","","","","","","True","True","False","False"
"MTG:PRE_COLLECTOR_BOOSTER_BOX:MTG-CANON-TCGPLAYER-27266","MTG-CANON-TCGPLAYER-27266",,"PRE_COLLECTOR_BOOSTER_BOX","","STRUCTURAL_ONLY","","STRUCTURAL_ONLY","","NO_NUMERIC_FORECAST","","SUPPRESSED","","NO","","NO","","VERY_SPARSE_OBSERVATIONS","","","","","","","True","True","False","False"
"MTG:PRE_COLLECTOR_BOOSTER_BOX:MTG-CANON-TCGPLAYER-27267","MTG-CANON-TCGPLAYER-27267",,"PRE_COLLECTOR_BOOSTER_BOX","","FULL_MODEL","","FORECAST_READY","","TIER_GUARDED_SCENARIO_BANDS","","SCENARIO_READY","","YES","","YES","","","","977.40","","1131.25","","1312.25","True","True","False","True"
"MTG:PRE_COLLECTOR_BOOSTER_BOX:MTG-CANON-TCGPLAYER-27268","MTG-CANON-TCGPLAYER-27268",,"PRE_COLLECTOR_BOOSTER_BOX","","PROVISIONAL_MODEL","","REVIEW_REQUIRED","","NO_NUMERIC_FORECAST","","SUPPRESSED","","NO","","NO","","VERY_SPARSE_OBSERVATIONS","","","","","","","True","True","False","False"
"MTG:PRE_COLLECTOR_BOOSTER_BOX:MTG-CANON-TCGPLAYER-27269","MTG-CANON-TCGPLAYER-27269",,"PRE_COLLECTOR_BOOSTER_BOX","","PROVISIONAL_MODEL","","REVIEW_REQUIRED","","NO_NUMERIC_FORECAST","","SUPPRESSED","","NO","","NO","","VERY_SPARSE_OBSERVATIONS","","","","","","","True","True","False","False"
"MTG:PRE_COLLECTOR_BOOSTER_BOX:MTG-CANON-TCGPLAYER-27270","MTG-CANON-TCGPLAYER-27270",,"PRE_COLLECTOR_BOOSTER_BOX","","PROVISIONAL_MODEL","","REVIEW_REQUIRED","","NO_NUMERIC_FORECAST","","SUPPRESSED","","NO","","NO","","SINGLE_ACCEPTED_OBSERVATION;VERY_SPARSE_OBSERVATIONS;SINGLE_SELLER_DEPENDENCE","","","","","","","True","True","False","False"
"MTG:PRE_COLLECTOR_BOOSTER_BOX:MTG-CANON-TCGPLAYER-27271","MTG-CANON-TCGPLAYER-27271",,"PRE_COLLECTOR_BOOSTER_BOX","","FULL_MODEL","","FORECAST_READY","","TIER_GUARDED_SCENARIO_BANDS","","SCENARIO_READY","","YES","","YES","","","","1619.99","","1874.99","","2174.99","True","True","False","True"
"MTG:PRE_COLLECTOR_BOOSTER_BOX:MTG-CANON-TCGPLAYER-27272","MTG-CANON-TCGPLAYER-27272",,"PRE_COLLECTOR_BOOSTER_BOX","","PROVISIONAL_MODEL","","PROVISIONAL_GUARDED","","TIER_GUARDED_SCENARIO_BANDS","","SCENARIO_READY","","YES","","NO","","","","1110.36","","1216.11","","1321.86","True","True","False","True"
"MTG:PRE_COLLECTOR_BOOSTER_BOX:MTG-CANON-TCGPLAYER-27273","MTG-CANON-TCGPLAYER-27273",,"PRE_COLLECTOR_BOOSTER_BOX","","FULL_MODEL","","REVIEW_REQUIRED","","NO_NUMERIC_FORECAST","","SUPPRESSED","","NO","","NO","","MEDIAN_LOWEST_RATIO_AT_LEAST_2;MEDIAN_LOWEST_RATIO_AT_LEAST_4","","","","","","","True","True","False","False"
"MTG:PRE_COLLECTOR_BOOSTER_BOX:MTG-CANON-TCGPLAYER-27274","MTG-CANON-TCGPLAYER-27274",,"PRE_COLLECTOR_BOOSTER_BOX","","PROVISIONAL_MODEL","","PROVISIONAL_GUARDED","","TIER_GUARDED_SCENARIO_BANDS","","SCENARIO_READY","","YES","","NO","","","","923.60","","1011.56","","1099.52","True","True","False","True"
"MTG:PRE_COLLECTOR_BOOSTER_BOX:MTG-CANON-TCGPLAYER-27275","MTG-CANON-TCGPLAYER-27275",,"PRE_COLLECTOR_BOOSTER_BOX","","STRUCTURAL_ONLY","","STRUCTURAL_ONLY","","NO_NUMERIC_FORECAST","","SUPPRESSED","","NO","","NO","","VERY_SPARSE_OBSERVATIONS","","","","","","","True","True","False","False"
"MTG:PRE_COLLECTOR_BOOSTER_BOX:MTG-CANON-TCGPLAYER-27276","MTG-CANON-TCGPLAYER-27276",,"PRE_COLLECTOR_BOOSTER_BOX","","FULL_MODEL","","FORECAST_READY","","TIER_GUARDED_SCENARIO_BANDS","","SCENARIO_READY","","YES","","YES","","","","561.03","","649.34","","753.23","True","True","False","True"
"MTG:PRE_COLLECTOR_BOOSTER_BOX:MTG-CANON-TCGPLAYER-27277","MTG-CANON-TCGPLAYER-27277",,"PRE_COLLECTOR_BOOSTER_BOX","","FULL_MODEL","","FORECAST_READY","","TIER_GUARDED_SCENARIO_BANDS","","SCENARIO_READY","","YES","","YES","","","","1188.00","","1375.00","","1595.00","True","True","False","True"
"MTG:PRE_COLLECTOR_BOOSTER_BOX:MTG-CANON-TCGPLAYER-27278","MTG-CANON-TCGPLAYER-27278",,"PRE_COLLECTOR_BOOSTER_BOX","","PROVISIONAL_MODEL","","PROVISIONAL_GUARDED","","TIER_GUARDED_SCENARIO_BANDS","","SCENARIO_READY","","YES","","NO","","","","1344.00","","1472.00","","1600.00","True","True","False","True"
"MTG:PRE_COLLECTOR_BOOSTER_BOX:MTG-CANON-TCGPLAYER-27279","MTG-CANON-TCGPLAYER-27279",,"PRE_COLLECTOR_BOOSTER_BOX","","PROVISIONAL_MODEL","","PROVISIONAL_GUARDED","","TIER_GUARDED_SCENARIO_BANDS","","SCENARIO_READY","","YES","","NO","","","","1798.12","","1969.38","","2140.62","True","True","False","True"
"MTG:PRE_COLLECTOR_BOOSTER_BOX:MTG-CANON-TCGPLAYER-27280","MTG-CANON-TCGPLAYER-27280",,"PRE_COLLECTOR_BOOSTER_BOX","","FULL_MODEL","","FORECAST_READY","","TIER_GUARDED_SCENARIO_BANDS","","SCENARIO_READY","","YES","","YES","","","","1781.99","","2062.49","","2392.49","True","True","False","True"
"MTG:PRE_COLLECTOR_BOOSTER_BOX:MTG-CANON-TCGPLAYER-27281","MTG-CANON-TCGPLAYER-27281",,"PRE_COLLECTOR_BOOSTER_BOX","","FULL_MODEL","","REVIEW_REQUIRED","","NO_NUMERIC_FORECAST","","SUPPRESSED","","NO","","NO","","MEDIAN_LOWEST_RATIO_AT_LEAST_2;MEDIAN_LOWEST_RATIO_AT_LEAST_4","","","","","","","True","True","False","False"
"MTG:PRE_COLLECTOR_BOOSTER_BOX:MTG-CANON-TCGPLAYER-27282","MTG-CANON-TCGPLAYER-27282",,"PRE_COLLECTOR_BOOSTER_BOX","","FULL_MODEL","","FORECAST_READY","","TIER_GUARDED_SCENARIO_BANDS","","SCENARIO_READY","","YES","","YES","","","","550.26","","636.88","","738.78","True","True","False","True"
"MTG:PRE_COLLECTOR_BOOSTER_BOX:MTG-CANON-TCGPLAYER-27283","MTG-CANON-TCGPLAYER-27283",,"PRE_COLLECTOR_BOOSTER_BOX","","FULL_MODEL","","FORECAST_READY","","TIER_GUARDED_SCENARIO_BANDS","","SCENARIO_READY","","YES","","YES","","","","1716.66","","1986.88","","2304.78","True","True","False","True"
"MTG:PRE_COLLECTOR_BOOSTER_BOX:MTG-CANON-TCGPLAYER-27284","MTG-CANON-TCGPLAYER-27284",,"PRE_COLLECTOR_BOOSTER_BOX","","FULL_MODEL","","FORECAST_READY","","TIER_GUARDED_SCENARIO_BANDS","","SCENARIO_READY","","YES","","YES","","","","1412.07","","1634.34","","1895.83","True","True","False","True"
"MTG:PRE_COLLECTOR_BOOSTER_BOX:MTG-CANON-TCGPLAYER-27285","MTG-CANON-TCGPLAYER-27285",,"PRE_COLLECTOR_BOOSTER_BOX","","PROVISIONAL_MODEL","","REVIEW_REQUIRED","","NO_NUMERIC_FORECAST","","SUPPRESSED","","NO","","NO","","VERY_SPARSE_OBSERVATIONS","","","","","","","True","True","False","False"
"MTG:PRE_COLLECTOR_BOOSTER_BOX:MTG-CANON-TCGPLAYER-27286","MTG-CANON-TCGPLAYER-27286",,"PRE_COLLECTOR_BOOSTER_BOX","","FULL_MODEL","","REVIEW_REQUIRED","","NO_NUMERIC_FORECAST","","SUPPRESSED","","NO","","NO","","PRE_1997_VALUE_BELOW_500","","","","","","","True","True","False","False"
"MTG:PRE_COLLECTOR_BOOSTER_BOX:MTG-CANON-TCGPLAYER-27287","MTG-CANON-TCGPLAYER-27287",,"PRE_COLLECTOR_BOOSTER_BOX","","PROVISIONAL_MODEL","","PROVISIONAL_GUARDED","","TIER_GUARDED_SCENARIO_BANDS","","SCENARIO_READY","","YES","","NO","","","","892.50","","977.50","","1062.50","True","True","False","True"
"MTG:PRE_COLLECTOR_BOOSTER_BOX:MTG-CANON-TCGPLAYER-27288","MTG-CANON-TCGPLAYER-27288",,"PRE_COLLECTOR_BOOSTER_BOX","","STRUCTURAL_ONLY","","STRUCTURAL_ONLY","","NO_NUMERIC_FORECAST","","SUPPRESSED","","NO","","NO","","VERY_SPARSE_OBSERVATIONS","","","","","","","True","True","False","False"
"MTG:PRE_COLLECTOR_BOOSTER_BOX:MTG-CANON-TCGPLAYER-27289","MTG-CANON-TCGPLAYER-27289",,"PRE_COLLECTOR_BOOSTER_BOX","","PROVISIONAL_MODEL","","REVIEW_REQUIRED","","NO_NUMERIC_FORECAST","","SUPPRESSED","","NO","","NO","","MEDIAN_LOWEST_RATIO_AT_LEAST_2","","","","","","","True","True","False","False"
"MTG:PRE_COLLECTOR_BOOSTER_BOX:MTG-CANON-TCGPLAYER-27290","MTG-CANON-TCGPLAYER-27290",,"PRE_COLLECTOR_BOOSTER_BOX","","PROVISIONAL_MODEL","","REVIEW_REQUIRED","","NO_NUMERIC_FORECAST","","SUPPRESSED","","NO","","NO","","MARKET_VALUE_BELOW_100;PRE_2001_VALUE_BELOW_250;PRE_1997_VALUE_BELOW_500;SINGLE_ACCEPTED_OBSERVATION;VERY_SPARSE_OBSERVATIONS;SINGLE_SELLER_DEPENDENCE","","","","","","","True","True","False","False"
"MTG:PRE_COLLECTOR_BOOSTER_BOX:MTG-CANON-TCGPLAYER-27291","MTG-CANON-TCGPLAYER-27291",,"PRE_COLLECTOR_BOOSTER_BOX","","FULL_MODEL","","FORECAST_READY","","TIER_GUARDED_SCENARIO_BANDS","","SCENARIO_READY","","YES","","YES","","","","957.90","","1108.68","","1286.06","True","True","False","True"
"MTG:PRE_COLLECTOR_BOOSTER_BOX:MTG-CANON-TCGPLAYER-27292","MTG-CANON-TCGPLAYER-27292",,"PRE_COLLECTOR_BOOSTER_BOX","","FULL_MODEL","","FORECAST_READY","","TIER_GUARDED_SCENARIO_BANDS","","SCENARIO_READY","","YES","","YES","","","","1023.30","","1184.38","","1373.88","True","True","False","True"
"MTG:PRE_COLLECTOR_BOOSTER_BOX:MTG-CANON-TCGPLAYER-27293","MTG-CANON-TCGPLAYER-27293",,"PRE_COLLECTOR_BOOSTER_BOX","","FULL_MODEL","","FORECAST_READY","","TIER_GUARDED_SCENARIO_BANDS","","SCENARIO_READY","","YES","","YES","","","","1101.58","","1274.98","","1478.97","True","True","False","True"
"MTG:PRE_COLLECTOR_BOOSTER_BOX:MTG-CANON-TCGPLAYER-27294","MTG-CANON-TCGPLAYER-27294",,"PRE_COLLECTOR_BOOSTER_BOX","","PROVISIONAL_MODEL","","PROVISIONAL_GUARDED","","TIER_GUARDED_SCENARIO_BANDS","","SCENARIO_READY","","YES","","NO","","","","1890.00","","2070.00","","2250.00","True","True","False","True"
"MTG:PRE_COLLECTOR_BOOSTER_BOX:MTG-CANON-TCGPLAYER-27295","MTG-CANON-TCGPLAYER-27295",,"PRE_COLLECTOR_BOOSTER_BOX","","PROVISIONAL_MODEL","","PROVISIONAL_GUARDED","","TIER_GUARDED_SCENARIO_BANDS","","SCENARIO_READY","","YES","","NO","","","","2623.95","","2873.85","","3123.75","True","True","False","True"
"MTG:PRE_COLLECTOR_BOOSTER_BOX:MTG-CANON-TCGPLAYER-27296","MTG-CANON-TCGPLAYER-27296",,"PRE_COLLECTOR_BOOSTER_BOX","","PROVISIONAL_MODEL","","REVIEW_REQUIRED","","NO_NUMERIC_FORECAST","","SUPPRESSED","","NO","","NO","","MEDIAN_LOWEST_RATIO_AT_LEAST_2","","","","","","","True","True","False","False"
"MTG:PRE_COLLECTOR_BOOSTER_BOX:MTG-CANON-TCGPLAYER-27297","MTG-CANON-TCGPLAYER-27297",,"PRE_COLLECTOR_BOOSTER_BOX","","PROVISIONAL_MODEL","","REVIEW_REQUIRED","","NO_NUMERIC_FORECAST","","SUPPRESSED","","NO","","NO","","VERY_SPARSE_OBSERVATIONS","","","","","","","True","True","False","False"
"MTG:PRE_COLLECTOR_BOOSTER_BOX:MTG-CANON-TCGPLAYER-27298","MTG-CANON-TCGPLAYER-27298",,"PRE_COLLECTOR_BOOSTER_BOX","","PROVISIONAL_MODEL","","PROVISIONAL_GUARDED","","TIER_GUARDED_SCENARIO_BANDS","","SCENARIO_READY","","YES","","NO","","","","2007.59","","2198.79","","2389.99","True","True","False","True"
"MTG:PRE_COLLECTOR_BOOSTER_BOX:MTG-CANON-TCGPLAYER-27299","MTG-CANON-TCGPLAYER-27299",,"PRE_COLLECTOR_BOOSTER_BOX","","PROVISIONAL_MODEL","","REVIEW_REQUIRED","","NO_NUMERIC_FORECAST","","SUPPRESSED","","NO","","NO","","SINGLE_ACCEPTED_OBSERVATION;VERY_SPARSE_OBSERVATIONS;SINGLE_SELLER_DEPENDENCE","","","","","","","True","True","False","False"
"MTG:PRE_COLLECTOR_BOOSTER_BOX:MTG-CANON-TCGPLAYER-27300","MTG-CANON-TCGPLAYER-27300",,"PRE_COLLECTOR_BOOSTER_BOX","","PROVISIONAL_MODEL","","REVIEW_REQUIRED","","NO_NUMERIC_FORECAST","","SUPPRESSED","","NO","","NO","","MARKET_VALUE_ABOVE_20000;SINGLE_ACCEPTED_OBSERVATION;VERY_SPARSE_OBSERVATIONS;SINGLE_SELLER_DEPENDENCE","","","","","","","True","True","False","False"
"MTG:PRE_COLLECTOR_BOOSTER_BOX:MTG-CANON-TCGPLAYER-27301","MTG-CANON-TCGPLAYER-27301",,"PRE_COLLECTOR_BOOSTER_BOX","","PROVISIONAL_MODEL","","REVIEW_REQUIRED","","NO_NUMERIC_FORECAST","","SUPPRESSED","","NO","","NO","","VERY_SPARSE_OBSERVATIONS","","","","","","","True","True","False","False"
"MTG:PRE_COLLECTOR_BOOSTER_BOX:MTG-CANON-TCGPLAYER-27302","MTG-CANON-TCGPLAYER-27302",,"PRE_COLLECTOR_BOOSTER_BOX","","FULL_MODEL","","FORECAST_READY","","TIER_GUARDED_SCENARIO_BANDS","","SCENARIO_READY","","YES","","YES","","","","180.90","","209.38","","242.88","True","True","False","True"
"MTG:PRE_COLLECTOR_BOOSTER_BOX:MTG-CANON-TCGPLAYER-27303","MTG-CANON-TCGPLAYER-27303",,"PRE_COLLECTOR_BOOSTER_BOX","","PROVISIONAL_MODEL","","PROVISIONAL_GUARDED","","TIER_GUARDED_SCENARIO_BANDS","","SCENARIO_READY","","YES","","NO","","","","16540.94","","18116.27","","19691.60","True","True","False","True"
"MTG:PRE_COLLECTOR_BOOSTER_BOX:MTG-CANON-TCGPLAYER-27304","MTG-CANON-TCGPLAYER-27304",,"PRE_COLLECTOR_BOOSTER_BOX","","FULL_MODEL","","FORECAST_READY","","TIER_GUARDED_SCENARIO_BANDS","","SCENARIO_READY","","YES","","YES","","","","718.20","","831.25","","964.25","True","True","False","True"
"MTG:PRE_COLLECTOR_BOOSTER_BOX:MTG-CANON-TCGPLAYER-27305","MTG-CANON-TCGPLAYER-27305",,"PRE_COLLECTOR_BOOSTER_BOX","","FULL_MODEL","","FORECAST_READY","","TIER_GUARDED_SCENARIO_BANDS","","SCENARIO_READY","","YES","","YES","","","","1042.20","","1206.25","","1399.25","True","True","False","True"
"MTG:PRE_COLLECTOR_BOOSTER_BOX:MTG-CANON-TCGPLAYER-27306","MTG-CANON-TCGPLAYER-27306",,"PRE_COLLECTOR_BOOSTER_BOX","","PROVISIONAL_MODEL","","PROVISIONAL_GUARDED","","TIER_GUARDED_SCENARIO_BANDS","","SCENARIO_READY","","YES","","NO","","","","1979.25","","2167.75","","2356.25","True","True","False","True"
"MTG:PRE_COLLECTOR_BOOSTER_BOX:MTG-CANON-TCGPLAYER-27307","MTG-CANON-TCGPLAYER-27307",,"PRE_COLLECTOR_BOOSTER_BOX","","PROVISIONAL_MODEL","","PROVISIONAL_GUARDED","","TIER_GUARDED_SCENARIO_BANDS","","SCENARIO_READY","","YES","","NO","","","","5851.05","","6408.29","","6965.54","True","True","False","True"
"MTG:PRE_COLLECTOR_BOOSTER_BOX:MTG-CANON-TCGPLAYER-27308","MTG-CANON-TCGPLAYER-27308",,"PRE_COLLECTOR_BOOSTER_BOX","","PROVISIONAL_MODEL","","REVIEW_REQUIRED","","NO_NUMERIC_FORECAST","","SUPPRESSED","","NO","","NO","","VERY_SPARSE_OBSERVATIONS","","","","","","","True","True","False","False"
"MTG:PRE_COLLECTOR_BOOSTER_BOX:MTG-CANON-TCGPLAYER-27309","MTG-CANON-TCGPLAYER-27309",,"PRE_COLLECTOR_BOOSTER_BOX","","FULL_MODEL","","REVIEW_REQUIRED","","NO_NUMERIC_FORECAST","","SUPPRESSED","","NO","","NO","","MEDIAN_LOWEST_RATIO_AT_LEAST_2;MEDIAN_LOWEST_RATIO_AT_LEAST_4","","","","","","","True","True","False","False"
"MTG:PRE_COLLECTOR_BOOSTER_BOX:MTG-CANON-TCGPLAYER-27310","MTG-CANON-TCGPLAYER-27310",,"PRE_COLLECTOR_BOOSTER_BOX","","FULL_MODEL","","FORECAST_READY","","TIER_GUARDED_SCENARIO_BANDS","","SCENARIO_READY","","YES","","YES","","","","473.47","","548.00","","635.68","True","True","False","True"
"MTG:PRE_COLLECTOR_BOOSTER_BOX:MTG-CANON-TCGPLAYER-27311","MTG-CANON-TCGPLAYER-27311",,"PRE_COLLECTOR_BOOSTER_BOX","","FULL_MODEL","","FORECAST_READY","","TIER_GUARDED_SCENARIO_BANDS","","SCENARIO_READY","","YES","","YES","","","","1089.55","","1261.05","","1462.82","True","True","False","True"
"MTG:PRE_COLLECTOR_BOOSTER_BOX:MTG-CANON-TCGPLAYER-27312","MTG-CANON-TCGPLAYER-27312",,"PRE_COLLECTOR_BOOSTER_BOX","","PROVISIONAL_MODEL","","PROVISIONAL_GUARDED","","TIER_GUARDED_SCENARIO_BANDS","","SCENARIO_READY","","YES","","NO","","","","1825.69","","1999.56","","2173.44","True","True","False","True"
"MTG:PRE_COLLECTOR_BOOSTER_BOX:MTG-CANON-TCGPLAYER-27313","MTG-CANON-TCGPLAYER-27313",,"PRE_COLLECTOR_BOOSTER_BOX","","STRUCTURAL_ONLY","","STRUCTURAL_ONLY","","NO_NUMERIC_FORECAST","","SUPPRESSED","","NO","","NO","","VERY_SPARSE_OBSERVATIONS","","","","","","","True","True","False","False"
"MTG:PRE_COLLECTOR_BOOSTER_BOX:MTG-CANON-TCGPLAYER-27314","MTG-CANON-TCGPLAYER-27314",,"PRE_COLLECTOR_BOOSTER_BOX","","FULL_MODEL","","FORECAST_READY","","TIER_GUARDED_SCENARIO_BANDS","","SCENARIO_READY","","YES","","YES","","","","6371.99","","7374.99","","8554.99","True","True","False","True"
"MTG:PRE_COLLECTOR_BOOSTER_BOX:MTG-CANON-TCGPLAYER-27315","MTG-CANON-TCGPLAYER-27315",,"PRE_COLLECTOR_BOOSTER_BOX","","PROVISIONAL_MODEL","","PROVISIONAL_GUARDED","","TIER_GUARDED_SCENARIO_BANDS","","SCENARIO_READY","","YES","","NO","","","","6499.38","","7118.37","","7737.36","True","True","False","True"
"MTG:PRE_COLLECTOR_BOOSTER_BOX:MTG-CANON-TCGPLAYER-27316","MTG-CANON-TCGPLAYER-27316",,"PRE_COLLECTOR_BOOSTER_BOX","","PROVISIONAL_MODEL","","PROVISIONAL_GUARDED","","TIER_GUARDED_SCENARIO_BANDS","","SCENARIO_READY","","YES","","NO","","","","10250.61","","11226.86","","12203.11","True","True","False","True"
"MTG:PRE_COLLECTOR_BOOSTER_BOX:MTG-CANON-TCGPLAYER-27317","MTG-CANON-TCGPLAYER-27317",,"PRE_COLLECTOR_BOOSTER_BOX","","FULL_MODEL","","FORECAST_READY","","TIER_GUARDED_SCENARIO_BANDS","","SCENARIO_READY","","YES","","YES","","","","1773.90","","2053.12","","2381.62","True","True","False","True"
"MTG:PRE_COLLECTOR_BOOSTER_BOX:MTG-CANON-TCGPLAYER-27318","MTG-CANON-TCGPLAYER-27318",,"PRE_COLLECTOR_BOOSTER_BOX","","FULL_MODEL","","FORECAST_READY","","TIER_GUARDED_SCENARIO_BANDS","","SCENARIO_READY","","YES","","YES","","","","1679.31","","1943.65","","2254.63","True","True","False","True"
"MTG:PRE_COLLECTOR_BOOSTER_BOX:MTG-CANON-TCGPLAYER-28640","MTG-CANON-TCGPLAYER-28640",,"PRE_COLLECTOR_BOOSTER_BOX","","FULL_MODEL","","FORECAST_READY","","TIER_GUARDED_SCENARIO_BANDS","","SCENARIO_READY","","YES","","YES","","","","869.39","","1006.24","","1167.24","True","True","False","True"
"MTG:PRE_COLLECTOR_BOOSTER_BOX:MTG-CANON-TCGPLAYER-31841","MTG-CANON-TCGPLAYER-31841",,"PRE_COLLECTOR_BOOSTER_BOX","","PROVISIONAL_MODEL","","PROVISIONAL_GUARDED","","TIER_GUARDED_SCENARIO_BANDS","","SCENARIO_READY","","YES","","NO","","","","692.99","","758.99","","824.99","True","True","False","True"
"MTG:PRE_COLLECTOR_BOOSTER_BOX:MTG-CANON-TCGPLAYER-32529","MTG-CANON-TCGPLAYER-32529",,"PRE_COLLECTOR_BOOSTER_BOX","","PROVISIONAL_MODEL","","REVIEW_REQUIRED","","NO_NUMERIC_FORECAST","","SUPPRESSED","","NO","","NO","","VERY_SPARSE_OBSERVATIONS","","","","","","","True","True","False","False"
"MTG:PRE_COLLECTOR_BOOSTER_BOX:MTG-CANON-TCGPLAYER-32789","MTG-CANON-TCGPLAYER-32789",,"PRE_COLLECTOR_BOOSTER_BOX","","FULL_MODEL","","FORECAST_READY","","TIER_GUARDED_SCENARIO_BANDS","","SCENARIO_READY","","YES","","YES","","","","303.79","","351.61","","407.87","True","True","False","True"
"MTG:PRE_COLLECTOR_BOOSTER_BOX:MTG-CANON-TCGPLAYER-34468","MTG-CANON-TCGPLAYER-34468",,"PRE_COLLECTOR_BOOSTER_BOX","","FULL_MODEL","","FORECAST_READY","","TIER_GUARDED_SCENARIO_BANDS","","SCENARIO_READY","","YES","","YES","","","","1544.81","","1787.98","","2074.05","True","True","False","True"
"MTG:PRE_COLLECTOR_BOOSTER_BOX:MTG-CANON-TCGPLAYER-34678","MTG-CANON-TCGPLAYER-34678",,"PRE_COLLECTOR_BOOSTER_BOX","","FULL_MODEL","","FORECAST_READY","","TIER_GUARDED_SCENARIO_BANDS","","SCENARIO_READY","","YES","","YES","","","","1514.69","","1753.11","","2033.61","True","True","False","True"
"MTG:PRE_COLLECTOR_BOOSTER_BOX:MTG-CANON-TCGPLAYER-35372","MTG-CANON-TCGPLAYER-35372",,"PRE_COLLECTOR_BOOSTER_BOX","","PROVISIONAL_MODEL","","REVIEW_REQUIRED","","NO_NUMERIC_FORECAST","","SUPPRESSED","","NO","","NO","","VERY_SPARSE_OBSERVATIONS","","","","","","","True","True","False","False"
"MTG:PRE_COLLECTOR_BOOSTER_BOX:MTG-CANON-TCGPLAYER-35749","MTG-CANON-TCGPLAYER-35749",,"PRE_COLLECTOR_BOOSTER_BOX","","FULL_MODEL","","FORECAST_READY","","TIER_GUARDED_SCENARIO_BANDS","","SCENARIO_READY","","YES","","YES","","","","891.00","","1031.25","","1196.25","True","True","False","True"
"MTG:PRE_COLLECTOR_BOOSTER_BOX:MTG-CANON-TCGPLAYER-39109","MTG-CANON-TCGPLAYER-39109",,"PRE_COLLECTOR_BOOSTER_BOX","","FULL_MODEL","","FORECAST_READY","","TIER_GUARDED_SCENARIO_BANDS","","SCENARIO_READY","","YES","","YES","","","","675.00","","781.25","","906.25","True","True","False","True"
"MTG:PRE_COLLECTOR_BOOSTER_BOX:MTG-CANON-TCGPLAYER-39410","MTG-CANON-TCGPLAYER-39410",,"PRE_COLLECTOR_BOOSTER_BOX","","PROVISIONAL_MODEL","","REVIEW_REQUIRED","","NO_NUMERIC_FORECAST","","SUPPRESSED","","NO","","NO","","MEDIAN_LOWEST_RATIO_AT_LEAST_2","","","","","","","True","True","False","False"
"MTG:PRE_COLLECTOR_BOOSTER_BOX:MTG-CANON-TCGPLAYER-46957","MTG-CANON-TCGPLAYER-46957",,"PRE_COLLECTOR_BOOSTER_BOX","","PROVISIONAL_MODEL","","PROVISIONAL_GUARDED","","TIER_GUARDED_SCENARIO_BANDS","","SCENARIO_READY","","YES","","NO","","","","315.00","","345.00","","375.00","True","True","False","True"
"MTG:PRE_COLLECTOR_BOOSTER_BOX:MTG-CANON-TCGPLAYER-47791","MTG-CANON-TCGPLAYER-47791",,"PRE_COLLECTOR_BOOSTER_BOX","","FULL_MODEL","","REVIEW_REQUIRED","","NO_NUMERIC_FORECAST","","SUPPRESSED","","NO","","NO","","MEDIAN_LOWEST_RATIO_AT_LEAST_2","","","","","","","True","True","False","False"
"MTG:PRE_COLLECTOR_BOOSTER_BOX:MTG-CANON-TCGPLAYER-57584","MTG-CANON-TCGPLAYER-57584",,"PRE_COLLECTOR_BOOSTER_BOX","","FULL_MODEL","","FORECAST_READY","","TIER_GUARDED_SCENARIO_BANDS","","SCENARIO_READY","","YES","","YES","","","","286.19","","331.24","","384.24","True","True","False","True"
"MTG:PRE_COLLECTOR_BOOSTER_BOX:MTG-CANON-TCGPLAYER-58058","MTG-CANON-TCGPLAYER-58058",,"PRE_COLLECTOR_BOOSTER_BOX","","FULL_MODEL","","FORECAST_READY","","TIER_GUARDED_SCENARIO_BANDS","","SCENARIO_READY","","YES","","YES","","","","534.04","","618.10","","717.00","True","True","False","True"
"MTG:PRE_COLLECTOR_BOOSTER_BOX:MTG-CANON-TCGPLAYER-59120","MTG-CANON-TCGPLAYER-59120",,"PRE_COLLECTOR_BOOSTER_BOX","","PROVISIONAL_MODEL","","PROVISIONAL_GUARDED","","TIER_GUARDED_SCENARIO_BANDS","","SCENARIO_READY","","YES","","NO","","","","393.58","","431.07","","468.55","True","True","False","True"
"MTG:PRE_COLLECTOR_BOOSTER_BOX:MTG-CANON-TCGPLAYER-60117","MTG-CANON-TCGPLAYER-60117",,"PRE_COLLECTOR_BOOSTER_BOX","","FULL_MODEL","","FORECAST_READY","","TIER_GUARDED_SCENARIO_BANDS","","SCENARIO_READY","","YES","","YES","","","","181.44","","210.00","","243.60","True","True","False","True"
"MTG:PRE_COLLECTOR_BOOSTER_BOX:MTG-CANON-TCGPLAYER-67311","MTG-CANON-TCGPLAYER-67311",,"PRE_COLLECTOR_BOOSTER_BOX","","FULL_MODEL","","FORECAST_READY","","TIER_GUARDED_SCENARIO_BANDS","","SCENARIO_READY","","YES","","YES","","","","188.97","","218.71","","253.71","True","True","False","True"
"MTG:PRE_COLLECTOR_BOOSTER_BOX:MTG-CANON-TCGPLAYER-67751","MTG-CANON-TCGPLAYER-67751",,"PRE_COLLECTOR_BOOSTER_BOX","","FULL_MODEL","","FORECAST_READY","","TIER_GUARDED_SCENARIO_BANDS","","SCENARIO_READY","","YES","","YES","","","","156.57","","181.21","","210.21","True","True","False","True"
"MTG:PRE_COLLECTOR_BOOSTER_BOX:MTG-CANON-TCGPLAYER-68104","MTG-CANON-TCGPLAYER-68104",,"PRE_COLLECTOR_BOOSTER_BOX","","FULL_MODEL","","FORECAST_READY","","TIER_GUARDED_SCENARIO_BANDS","","SCENARIO_READY","","YES","","YES","","","","459.00","","531.25","","616.25","True","True","False","True"
"MTG:PRE_COLLECTOR_BOOSTER_BOX:MTG-CANON-TCGPLAYER-69243","MTG-CANON-TCGPLAYER-69243",,"PRE_COLLECTOR_BOOSTER_BOX","","PROVISIONAL_MODEL","","PROVISIONAL_GUARDED","","TIER_GUARDED_SCENARIO_BANDS","","SCENARIO_READY","","YES","","NO","","","","314.99","","344.99","","374.99","True","True","False","True"
"MTG:PRE_COLLECTOR_BOOSTER_BOX:MTG-CANON-TCGPLAYER-70960","MTG-CANON-TCGPLAYER-70960",,"PRE_COLLECTOR_BOOSTER_BOX","","FULL_MODEL","","FORECAST_READY","","TIER_GUARDED_SCENARIO_BANDS","","SCENARIO_READY","","YES","","YES","","","","340.07","","393.60","","456.58","True","True","False","True"
"MTG:PRE_COLLECTOR_BOOSTER_BOX:MTG-CANON-TCGPLAYER-77321","MTG-CANON-TCGPLAYER-77321",,"PRE_COLLECTOR_BOOSTER_BOX","","FULL_MODEL","","FORECAST_READY","","TIER_GUARDED_SCENARIO_BANDS","","SCENARIO_READY","","YES","","YES","","","","245.16","","283.75","","329.15","True","True","False","True"
"MTG:PRE_COLLECTOR_BOOSTER_BOX:MTG-CANON-TCGPLAYER-77322","MTG-CANON-TCGPLAYER-77322",,"PRE_COLLECTOR_BOOSTER_BOX","","FULL_MODEL","","FORECAST_READY","","TIER_GUARDED_SCENARIO_BANDS","","SCENARIO_READY","","YES","","YES","","","","291.55","","337.44","","391.43","True","True","False","True"
"MTG:PRE_COLLECTOR_BOOSTER_BOX:MTG-CANON-TCGPLAYER-79290","MTG-CANON-TCGPLAYER-79290",,"PRE_COLLECTOR_BOOSTER_BOX","","FULL_MODEL","","FORECAST_READY","","TIER_GUARDED_SCENARIO_BANDS","","SCENARIO_READY","","YES","","YES","","","","1240.92","","1436.25","","1666.05","True","True","False","True"
"MTG:PRE_COLLECTOR_BOOSTER_BOX:MTG-CANON-TCGPLAYER-82200","MTG-CANON-TCGPLAYER-82200",,"PRE_COLLECTOR_BOOSTER_BOX","","FULL_MODEL","","FORECAST_READY","","TIER_GUARDED_SCENARIO_BANDS","","SCENARIO_READY","","YES","","YES","","","","254.08","","294.08","","341.13","True","True","False","True"
"MTG:PRE_COLLECTOR_BOOSTER_BOX:MTG-CANON-TCGPLAYER-90786","MTG-CANON-TCGPLAYER-90786",,"PRE_COLLECTOR_BOOSTER_BOX","","FULL_MODEL","","REVIEW_REQUIRED","","NO_NUMERIC_FORECAST","","SUPPRESSED","","NO","","NO","","MEDIAN_LOWEST_RATIO_AT_LEAST_2;MEDIAN_LOWEST_RATIO_AT_LEAST_4","","","","","","","True","True","False","False"
"MTG:PRE_COLLECTOR_BOOSTER_BOX:MTG-CANON-TCGPLAYER-91650","MTG-CANON-TCGPLAYER-91650",,"PRE_COLLECTOR_BOOSTER_BOX","","FULL_MODEL","","REVIEW_REQUIRED","","NO_NUMERIC_FORECAST","","SUPPRESSED","","NO","","NO","","MEDIAN_LOWEST_RATIO_AT_LEAST_2;MEDIAN_LOWEST_RATIO_AT_LEAST_4","","","","","","","True","True","False","False"
"MTG:PRE_COLLECTOR_BOOSTER_BOX:MTG-CANON-TCGPLAYER-93516","MTG-CANON-TCGPLAYER-93516",,"PRE_COLLECTOR_BOOSTER_BOX","","FULL_MODEL","","FORECAST_READY","","TIER_GUARDED_SCENARIO_BANDS","","SCENARIO_READY","","YES","","YES","","","","820.80","","950.00","","1102.00","True","True","False","True"
"MTG:PRE_COLLECTOR_BOOSTER_BOX:MTG-CANON-TCGPLAYER-94746","MTG-CANON-TCGPLAYER-94746",,"PRE_COLLECTOR_BOOSTER_BOX","","FULL_MODEL","","FORECAST_READY","","TIER_GUARDED_SCENARIO_BANDS","","SCENARIO_READY","","YES","","YES","","","","232.07","","268.60","","311.58","True","True","False","True"
"MTG:PRE_COLLECTOR_BOOSTER_BOX:MTG-CANON-TCGPLAYER-95052","MTG-CANON-TCGPLAYER-95052",,"PRE_COLLECTOR_BOOSTER_BOX","","FULL_MODEL","","FORECAST_READY","","TIER_GUARDED_SCENARIO_BANDS","","SCENARIO_READY","","YES","","YES","","","","458.99","","531.24","","616.24","True","True","False","True"
"MTG:PRE_COLLECTOR_BOOSTER_BOX:MTG-CANON-TCGPLAYER-96137","MTG-CANON-TCGPLAYER-96137",,"PRE_COLLECTOR_BOOSTER_BOX","","FULL_MODEL","","REVIEW_REQUIRED","","NO_NUMERIC_FORECAST","","SUPPRESSED","","NO","","NO","","MEDIAN_LOWEST_RATIO_AT_LEAST_2;MEDIAN_LOWEST_RATIO_AT_LEAST_4","","","","","","","True","True","False","False"
"MTG:PRE_COLLECTOR_BOOSTER_BOX:MTG-CANON-TCGPLAYER-96147","MTG-CANON-TCGPLAYER-96147",,"PRE_COLLECTOR_BOOSTER_BOX","","FULL_MODEL","","FORECAST_READY","","TIER_GUARDED_SCENARIO_BANDS","","SCENARIO_READY","","YES","","YES","","","","215.99","","249.99","","289.99","True","True","False","True"
"MTG:SECRET_LAIR:SL-00DFD5FAF7A6FF","SL-00DFD5FAF7A6FF",,"SECRET_LAIR","","PROVISIONAL_MODEL","","REVIEW_REQUIRED","","NATIVE_VALUATION_RANGE","","WIDE_VALUATION_RANGE","","NO","","NO","","QUALITY_REVIEW_REQUIRED:LOW_CONFIDENCE|SINGLE_OBSERVATION|WEAK_SELLER_DIVERSITY","","","","","","","True","True","False","False"
"MTG:SECRET_LAIR:SL-014CB03DE34288","SL-014CB03DE34288",,"SECRET_LAIR","","FULL_MODEL","","PASS","","NATIVE_VALUATION_RANGE","","VALUATION_RANGE_READY","","NO","","NO","","","","","","","","","True","True","False","False"
"MTG:SECRET_LAIR:SL-0170AA960296CD","SL-0170AA960296CD",,"SECRET_LAIR","","STRUCTURAL_ONLY","","EXCLUDE_FROM_MODEL","","NATIVE_VALUATION_RANGE","","STRUCTURAL_VALUATION_RANGE","","NO","","NO","","QUALITY_EXCLUDED:NO_ACCEPTED_EVIDENCE","","","","","","","True","True","False","False"
"MTG:SECRET_LAIR:SL-01A33A04CE8DA9","SL-01A33A04CE8DA9",,"SECRET_LAIR","","PROVISIONAL_MODEL","","REVIEW_REQUIRED","","NATIVE_VALUATION_RANGE","","WIDE_VALUATION_RANGE","","NO","","NO","","QUALITY_REVIEW_REQUIRED:LOW_CONFIDENCE","","","","","","","True","True","False","False"
"MTG:SECRET_LAIR:SL-01DC7B8F9D05F8","SL-01DC7B8F9D05F8",,"SECRET_LAIR","","FULL_MODEL","","PASS","","NATIVE_VALUATION_RANGE","","VALUATION_RANGE_READY","","NO","","NO","","","","","","","","","True","True","False","False"
"MTG:SECRET_LAIR:SL-01E98F93055799","SL-01E98F93055799",,"SECRET_LAIR","","FULL_MODEL","","PASS","","NATIVE_VALUATION_RANGE","","VALUATION_RANGE_READY","","NO","","NO","","","","","","","","","True","True","False","False"
"MTG:SECRET_LAIR:SL-01F4014DB0F8CA","SL-01F4014DB0F8CA",,"SECRET_LAIR","","STRUCTURAL_ONLY","","EXCLUDE_FROM_MODEL","","NATIVE_VALUATION_RANGE","","STRUCTURAL_VALUATION_RANGE","","NO","","NO","","QUALITY_EXCLUDED:NO_ACCEPTED_EVIDENCE","","","","","","","True","True","False","False"
"MTG:SECRET_LAIR:SL-02041401623B89","SL-02041401623B89",,"SECRET_LAIR","","STRUCTURAL_ONLY","","EXCLUDE_FROM_MODEL","","NATIVE_VALUATION_RANGE","","STRUCTURAL_VALUATION_RANGE","","NO","","NO","","QUALITY_EXCLUDED:NO_ACCEPTED_EVIDENCE","","","","","","","True","True","False","False"
"MTG:SECRET_LAIR:SL-021B2153DBD979","SL-021B2153DBD979",,"SECRET_LAIR","","PROVISIONAL_MODEL","","REVIEW_REQUIRED","","NATIVE_VALUATION_RANGE","","WIDE_VALUATION_RANGE","","NO","","NO","","QUALITY_REVIEW_REQUIRED:LOW_CONFIDENCE|SINGLE_OBSERVATION|WEAK_SELLER_DIVERSITY","","","","","","","True","True","False","False"
"MTG:SECRET_LAIR:SL-02BF1E90F565BA","SL-02BF1E90F565BA",,"SECRET_LAIR","","PROVISIONAL_MODEL","","REVIEW_REQUIRED","","NATIVE_VALUATION_RANGE","","WIDE_VALUATION_RANGE","","NO","","NO","","QUALITY_REVIEW_REQUIRED:LOW_CONFIDENCE|WEAK_SELLER_DIVERSITY","","","","","","","True","True","False","False"
"MTG:SECRET_LAIR:SL-030C40B079BE71","SL-030C40B079BE71",,"SECRET_LAIR","","PROVISIONAL_MODEL","","REVIEW_REQUIRED","","NATIVE_VALUATION_RANGE","","WIDE_VALUATION_RANGE","","NO","","NO","","QUALITY_REVIEW_REQUIRED:LOW_CONFIDENCE|SINGLE_OBSERVATION|WEAK_SELLER_DIVERSITY","","","","","","","True","True","False","False"
"MTG:SECRET_LAIR:SL-031591793B58D2","SL-031591793B58D2",,"SECRET_LAIR","","PROVISIONAL_MODEL","","REVIEW_REQUIRED","","NATIVE_VALUATION_RANGE","","WIDE_VALUATION_RANGE","","NO","","NO","","QUALITY_REVIEW_REQUIRED:LOW_CONFIDENCE|SINGLE_OBSERVATION|WEAK_SELLER_DIVERSITY","","","","","","","True","True","False","False"
"MTG:SECRET_LAIR:SL-035B905324063A","SL-035B905324063A",,"SECRET_LAIR","","STRUCTURAL_ONLY","","EXCLUDE_FROM_MODEL","","NATIVE_VALUATION_RANGE","","STRUCTURAL_VALUATION_RANGE","","NO","","NO","","QUALITY_EXCLUDED:NO_ACCEPTED_EVIDENCE","","","","","","","True","True","False","False"
"MTG:SECRET_LAIR:SL-038D960C141CC9","SL-038D960C141CC9",,"SECRET_LAIR","","STRUCTURAL_ONLY","","EXCLUDE_FROM_MODEL","","NATIVE_VALUATION_RANGE","","STRUCTURAL_VALUATION_RANGE","","NO","","NO","","QUALITY_EXCLUDED:NO_ACCEPTED_EVIDENCE","","","","","","","True","True","False","False"
"MTG:SECRET_LAIR:SL-0430987FB34846","SL-0430987FB34846",,"SECRET_LAIR","","STRUCTURAL_ONLY","","EXCLUDE_FROM_MODEL","","NATIVE_VALUATION_RANGE","","STRUCTURAL_VALUATION_RANGE","","NO","","NO","","QUALITY_EXCLUDED:NO_ACCEPTED_EVIDENCE","","","","","","","True","True","False","False"
"MTG:SECRET_LAIR:SL-0464E462AF6315","SL-0464E462AF6315",,"SECRET_LAIR","","PROVISIONAL_MODEL","","REVIEW_REQUIRED","","NATIVE_VALUATION_RANGE","","WIDE_VALUATION_RANGE","","NO","","NO","","QUALITY_REVIEW_REQUIRED:WIDE_PRICE_RANGE","","","","","","","True","True","False","False"
"MTG:SECRET_LAIR:SL-04F997D8C52528","SL-04F997D8C52528",,"SECRET_LAIR","","PROVISIONAL_MODEL","","REVIEW_REQUIRED","","NATIVE_VALUATION_RANGE","","WIDE_VALUATION_RANGE","","NO","","NO","","QUALITY_REVIEW_REQUIRED:LOW_CONFIDENCE","","","","","","","True","True","False","False"
"MTG:SECRET_LAIR:SL-0559BC4D37DF0B","SL-0559BC4D37DF0B",,"SECRET_LAIR","","PROVISIONAL_MODEL","","REVIEW_REQUIRED","","NATIVE_VALUATION_RANGE","","WIDE_VALUATION_RANGE","","NO","","NO","","QUALITY_REVIEW_REQUIRED:LOW_CONFIDENCE|SINGLE_OBSERVATION|WEAK_SELLER_DIVERSITY","","","","","","","True","True","False","False"
"MTG:SECRET_LAIR:SL-061D727564DFFE","SL-061D727564DFFE",,"SECRET_LAIR","","STRUCTURAL_ONLY","","EXCLUDE_FROM_MODEL","","NATIVE_VALUATION_RANGE","","STRUCTURAL_VALUATION_RANGE","","NO","","NO","","QUALITY_EXCLUDED:NO_ACCEPTED_EVIDENCE","","","","","","","True","True","False","False"
"MTG:SECRET_LAIR:SL-064D2E49795666","SL-064D2E49795666",,"SECRET_LAIR","","PROVISIONAL_MODEL","","REVIEW_REQUIRED","","NATIVE_VALUATION_RANGE","","WIDE_VALUATION_RANGE","","NO","","NO","","QUALITY_REVIEW_REQUIRED:LOW_CONFIDENCE|SINGLE_OBSERVATION|WEAK_SELLER_DIVERSITY","","","","","","","True","True","False","False"
"MTG:SECRET_LAIR:SL-0695851252F6DF","SL-0695851252F6DF",,"SECRET_LAIR","","STRUCTURAL_ONLY","","EXCLUDE_FROM_MODEL","","NATIVE_VALUATION_RANGE","","STRUCTURAL_VALUATION_RANGE","","NO","","NO","","QUALITY_EXCLUDED:NO_ACCEPTED_EVIDENCE","","","","","","","True","True","False","False"
"MTG:SECRET_LAIR:SL-06CAAF43297C92","SL-06CAAF43297C92",,"SECRET_LAIR","","STRUCTURAL_ONLY","","EXCLUDE_FROM_MODEL","","NATIVE_VALUATION_RANGE","","STRUCTURAL_VALUATION_RANGE","","NO","","NO","","QUALITY_EXCLUDED:NO_ACCEPTED_EVIDENCE","","","","","","","True","True","False","False"
"MTG:SECRET_LAIR:SL-074AA34DCCD62C","SL-074AA34DCCD62C",,"SECRET_LAIR","","STRUCTURAL_ONLY","","EXCLUDE_FROM_MODEL","","NATIVE_VALUATION_RANGE","","STRUCTURAL_VALUATION_RANGE","","NO","","NO","","QUALITY_EXCLUDED:NO_ACCEPTED_EVIDENCE","","","","","","","True","True","False","False"
"MTG:SECRET_LAIR:SL-07E8B624A8C7D4","SL-07E8B624A8C7D4",,"SECRET_LAIR","","FULL_MODEL","","PASS","","NATIVE_VALUATION_RANGE","","VALUATION_RANGE_READY","","NO","","NO","","","","","","","","","True","True","False","False"
"MTG:SECRET_LAIR:SL-083956F35FB3E4","SL-083956F35FB3E4",,"SECRET_LAIR","","PROVISIONAL_MODEL","","REVIEW_REQUIRED","","NATIVE_VALUATION_RANGE","","WIDE_VALUATION_RANGE","","NO","","NO","","QUALITY_REVIEW_REQUIRED:LOW_CONFIDENCE","","","","","","","True","True","False","False"
"MTG:SECRET_LAIR:SL-091253B94BB947","SL-091253B94BB947",,"SECRET_LAIR","","STRUCTURAL_ONLY","","EXCLUDE_FROM_MODEL","","NATIVE_VALUATION_RANGE","","STRUCTURAL_VALUATION_RANGE","","NO","","NO","","QUALITY_EXCLUDED:NO_ACCEPTED_EVIDENCE","","","","","","","True","True","False","False"
"MTG:SECRET_LAIR:SL-09332718CFEA52","SL-09332718CFEA52",,"SECRET_LAIR","","STRUCTURAL_ONLY","","EXCLUDE_FROM_MODEL","","NATIVE_VALUATION_RANGE","","STRUCTURAL_VALUATION_RANGE","","NO","","NO","","QUALITY_EXCLUDED:NO_ACCEPTED_EVIDENCE","","","","","","","True","True","False","False"
"MTG:SECRET_LAIR:SL-0957EA8624A898","SL-0957EA8624A898",,"SECRET_LAIR","","STRUCTURAL_ONLY","","EXCLUDE_FROM_MODEL","","NATIVE_VALUATION_RANGE","","STRUCTURAL_VALUATION_RANGE","","NO","","NO","","QUALITY_EXCLUDED:NO_ACCEPTED_EVIDENCE","","","","","","","True","True","False","False"
"MTG:SECRET_LAIR:SL-095A861D9875C3","SL-095A861D9875C3",,"SECRET_LAIR","","PROVISIONAL_MODEL","","REVIEW_REQUIRED","","NATIVE_VALUATION_RANGE","","WIDE_VALUATION_RANGE","","NO","","NO","","QUALITY_REVIEW_REQUIRED:LOW_CONFIDENCE","","","","","","","True","True","False","False"
"MTG:SECRET_LAIR:SL-09F80672292CE8","SL-09F80672292CE8",,"SECRET_LAIR","","FULL_MODEL","","PASS","","NATIVE_VALUATION_RANGE","","VALUATION_RANGE_READY","","NO","","NO","","","","","","","","","True","True","False","False"
"MTG:SECRET_LAIR:SL-0A174DAC0F9024","SL-0A174DAC0F9024",,"SECRET_LAIR","","FULL_MODEL","","PASS","","NATIVE_VALUATION_RANGE","","VALUATION_RANGE_READY","","NO","","NO","","","","","","","","","True","True","False","False"
"MTG:SECRET_LAIR:SL-0A1AF554F409DF","SL-0A1AF554F409DF",,"SECRET_LAIR","","STRUCTURAL_ONLY","","EXCLUDE_FROM_MODEL","","NATIVE_VALUATION_RANGE","","STRUCTURAL_VALUATION_RANGE","","NO","","NO","","QUALITY_EXCLUDED:EXTREME_MEDIAN_VALUE|HIGH_MEDIAN_VALUE|LOW_CONFIDENCE|SINGLE_OBSERVATION|WEAK_SELLER_DIVERSITY","","","","","","","True","True","False","False"
"MTG:SECRET_LAIR:SL-0AA8438AAB4240","SL-0AA8438AAB4240",,"SECRET_LAIR","","STRUCTURAL_ONLY","","EXCLUDE_FROM_MODEL","","NATIVE_VALUATION_RANGE","","STRUCTURAL_VALUATION_RANGE","","NO","","NO","","QUALITY_EXCLUDED:NO_ACCEPTED_EVIDENCE","","","","","","","True","True","False","False"
"MTG:SECRET_LAIR:SL-0B3132C3EEAD64","SL-0B3132C3EEAD64",,"SECRET_LAIR","","PROVISIONAL_MODEL","","REVIEW_REQUIRED","","NATIVE_VALUATION_RANGE","","WIDE_VALUATION_RANGE","","NO","","NO","","QUALITY_REVIEW_REQUIRED:LOW_CONFIDENCE","","","","","","","True","True","False","False"
"MTG:SECRET_LAIR:SL-0B75BFD8A38901","SL-0B75BFD8A38901",,"SECRET_LAIR","","STRUCTURAL_ONLY","","EXCLUDE_FROM_MODEL","","NATIVE_VALUATION_RANGE","","STRUCTURAL_VALUATION_RANGE","","NO","","NO","","QUALITY_EXCLUDED:NO_ACCEPTED_EVIDENCE","","","","","","","True","True","False","False"
"MTG:SECRET_LAIR:SL-0C1E7816FD9FE9","SL-0C1E7816FD9FE9",,"SECRET_LAIR","","PROVISIONAL_MODEL","","REVIEW_REQUIRED","","NATIVE_VALUATION_RANGE","","WIDE_VALUATION_RANGE","","NO","","NO","","QUALITY_REVIEW_REQUIRED:LOW_CONFIDENCE","","","","","","","True","True","False","False"
"MTG:SECRET_LAIR:SL-0C4B6E83C3E214","SL-0C4B6E83C3E214",,"SECRET_LAIR","","FULL_MODEL","","PASS","","NATIVE_VALUATION_RANGE","","VALUATION_RANGE_READY","","NO","","NO","","","","","","","","","True","True","False","False"
"MTG:SECRET_LAIR:SL-0CEABF59829053","SL-0CEABF59829053",,"SECRET_LAIR","","STRUCTURAL_ONLY","","EXCLUDE_FROM_MODEL","","NATIVE_VALUATION_RANGE","","STRUCTURAL_VALUATION_RANGE","","NO","","NO","","QUALITY_EXCLUDED:NO_ACCEPTED_EVIDENCE","","","","","","","True","True","False","False"
"MTG:SECRET_LAIR:SL-0CED568CA776CD","SL-0CED568CA776CD",,"SECRET_LAIR","","PROVISIONAL_MODEL","","REVIEW_REQUIRED","","NATIVE_VALUATION_RANGE","","WIDE_VALUATION_RANGE","","NO","","NO","","QUALITY_REVIEW_REQUIRED:LOW_CONFIDENCE","","","","","","","True","True","False","False"
"MTG:SECRET_LAIR:SL-0CF3E7A9C296C3","SL-0CF3E7A9C296C3",,"SECRET_LAIR","","STRUCTURAL_ONLY","","EXCLUDE_FROM_MODEL","","NATIVE_VALUATION_RANGE","","STRUCTURAL_VALUATION_RANGE","","NO","","NO","","QUALITY_EXCLUDED:NO_ACCEPTED_EVIDENCE","","","","","","","True","True","False","False"
"MTG:SECRET_LAIR:SL-0CFD9C26617BF8","SL-0CFD9C26617BF8",,"SECRET_LAIR","","FULL_MODEL","","PASS","","NATIVE_VALUATION_RANGE","","VALUATION_RANGE_READY","","NO","","NO","","","","","","","","","True","True","False","False"
"MTG:SECRET_LAIR:SL-0D7734D027859B","SL-0D7734D027859B",,"SECRET_LAIR","","PROVISIONAL_MODEL","","REVIEW_REQUIRED","","NATIVE_VALUATION_RANGE","","WIDE_VALUATION_RANGE","","NO","","NO","","QUALITY_REVIEW_REQUIRED:LOW_CONFIDENCE","","","","","","","True","True","False","False"
"MTG:SECRET_LAIR:SL-0D989A557A9D90","SL-0D989A557A9D90",,"SECRET_LAIR","","FULL_MODEL","","PASS","","NATIVE_VALUATION_RANGE","","VALUATION_RANGE_READY","","NO","","NO","","","","","","","","","True","True","False","False"
"MTG:SECRET_LAIR:SL-0E13518CC2D50B","SL-0E13518CC2D50B",,"SECRET_LAIR","","PROVISIONAL_MODEL","","REVIEW_REQUIRED","","NATIVE_VALUATION_RANGE","","WIDE_VALUATION_RANGE","","NO","","NO","","QUALITY_REVIEW_REQUIRED:LOW_CONFIDENCE","","","","","","","True","True","False","False"
"MTG:SECRET_LAIR:SL-0E630241169A8E","SL-0E630241169A8E",,"SECRET_LAIR","","FULL_MODEL","","PASS","","NATIVE_VALUATION_RANGE","","VALUATION_RANGE_READY","","NO","","NO","","","","","","","","","True","True","False","False"
"MTG:SECRET_LAIR:SL-0E772D4E9A9FA4","SL-0E772D4E9A9FA4",,"SECRET_LAIR","","FULL_MODEL","","PASS","","NATIVE_VALUATION_RANGE","","VALUATION_RANGE_READY","","NO","","NO","","","","","","","","","True","True","False","False"
"MTG:SECRET_LAIR:SL-0EA9F010F7F403","SL-0EA9F010F7F403",,"SECRET_LAIR","","PROVISIONAL_MODEL","","REVIEW_REQUIRED","","NATIVE_VALUATION_RANGE","","WIDE_VALUATION_RANGE","","NO","","NO","","QUALITY_REVIEW_REQUIRED:HIGH_MEDIAN_VALUE|LOW_CONFIDENCE","","","","","","","True","True","False","False"
"MTG:SECRET_LAIR:SL-0ED724E9E0E76F","SL-0ED724E9E0E76F",,"SECRET_LAIR","","FULL_MODEL","","PASS","","NATIVE_VALUATION_RANGE","","VALUATION_RANGE_READY","","NO","","NO","","","","","","","","","True","True","False","False"
"MTG:SECRET_LAIR:SL-0EF6F56C669DFA","SL-0EF6F56C669DFA",,"SECRET_LAIR","","PROVISIONAL_MODEL","","REVIEW_REQUIRED","","NATIVE_VALUATION_RANGE","","WIDE_VALUATION_RANGE","","NO","","NO","","QUALITY_REVIEW_REQUIRED:LOW_CONFIDENCE","","","","","","","True","True","False","False"
"MTG:SECRET_LAIR:SL-0F1DBD84485B3E","SL-0F1DBD84485B3E",,"SECRET_LAIR","","STRUCTURAL_ONLY","","EXCLUDE_FROM_MODEL","","NATIVE_VALUATION_RANGE","","STRUCTURAL_VALUATION_RANGE","","NO","","NO","","QUALITY_EXCLUDED:NO_ACCEPTED_EVIDENCE","","","","","","","True","True","False","False"
"MTG:SECRET_LAIR:SL-0F86D31256941D","SL-0F86D31256941D",,"SECRET_LAIR","","FULL_MODEL","","PASS","","NATIVE_VALUATION_RANGE","","VALUATION_RANGE_READY","","NO","","NO","","","","","","","","","True","True","False","False"
"MTG:SECRET_LAIR:SL-0F8CABC723BB6B","SL-0F8CABC723BB6B",,"SECRET_LAIR","","PROVISIONAL_MODEL","","REVIEW_REQUIRED","","NATIVE_VALUATION_RANGE","","WIDE_VALUATION_RANGE","","NO","","NO","","QUALITY_REVIEW_REQUIRED:HIGH_MEDIAN_VALUE|LOW_CONFIDENCE","","","","","","","True","True","False","False"
"MTG:SECRET_LAIR:SL-0FD5F6D742E1F1","SL-0FD5F6D742E1F1",,"SECRET_LAIR","","PROVISIONAL_MODEL","","REVIEW_REQUIRED","","NATIVE_VALUATION_RANGE","","WIDE_VALUATION_RANGE","","NO","","NO","","QUALITY_REVIEW_REQUIRED:HIGH_MEDIAN_VALUE|LOW_CONFIDENCE|SINGLE_OBSERVATION|WEAK_SELLER_DIVERSITY","","","","","","","True","True","False","False"
"MTG:SECRET_LAIR:SL-1051ECFDCBF5AF","SL-1051ECFDCBF5AF",,"SECRET_LAIR","","FULL_MODEL","","PASS","","NATIVE_VALUATION_RANGE","","VALUATION_RANGE_READY","","NO","","NO","","","","","","","","","True","True","False","False"
"MTG:SECRET_LAIR:SL-10654C31034738","SL-10654C31034738",,"SECRET_LAIR","","PROVISIONAL_MODEL","","REVIEW_REQUIRED","","NATIVE_VALUATION_RANGE","","WIDE_VALUATION_RANGE","","NO","","NO","","QUALITY_REVIEW_REQUIRED:LOW_CONFIDENCE","","","","","","","True","True","False","False"
"MTG:SECRET_LAIR:SL-10F7835581923D","SL-10F7835581923D",,"SECRET_LAIR","","FULL_MODEL","","PASS","","NATIVE_VALUATION_RANGE","","VALUATION_RANGE_READY","","NO","","NO","","","","","","","","","True","True","False","False"
"MTG:SECRET_LAIR:SL-115EC34A20CEBD","SL-115EC34A20CEBD",,"SECRET_LAIR","","STRUCTURAL_ONLY","","EXCLUDE_FROM_MODEL","","NATIVE_VALUATION_RANGE","","STRUCTURAL_VALUATION_RANGE","","NO","","NO","","QUALITY_EXCLUDED:NO_ACCEPTED_EVIDENCE","","","","","","","True","True","False","False"
"MTG:SECRET_LAIR:SL-118CC96FD450B8","SL-118CC96FD450B8",,"SECRET_LAIR","","PROVISIONAL_MODEL","","REVIEW_REQUIRED","","NATIVE_VALUATION_RANGE","","WIDE_VALUATION_RANGE","","NO","","NO","","QUALITY_REVIEW_REQUIRED:LOW_CONFIDENCE","","","","","","","True","True","False","False"
"MTG:SECRET_LAIR:SL-120AAF80ADF7D7","SL-120AAF80ADF7D7",,"SECRET_LAIR","","STRUCTURAL_ONLY","","EXCLUDE_FROM_MODEL","","NATIVE_VALUATION_RANGE","","STRUCTURAL_VALUATION_RANGE","","NO","","NO","","QUALITY_EXCLUDED:NO_ACCEPTED_EVIDENCE","","","","","","","True","True","False","False"
"MTG:SECRET_LAIR:SL-122DA15C9E14A2","SL-122DA15C9E14A2",,"SECRET_LAIR","","PROVISIONAL_MODEL","","REVIEW_REQUIRED","","NATIVE_VALUATION_RANGE","","WIDE_VALUATION_RANGE","","NO","","NO","","QUALITY_REVIEW_REQUIRED:LOW_CONFIDENCE|SINGLE_OBSERVATION|WEAK_SELLER_DIVERSITY","","","","","","","True","True","False","False"
"MTG:SECRET_LAIR:SL-126AA07A5786BF","SL-126AA07A5786BF",,"SECRET_LAIR","","STRUCTURAL_ONLY","","EXCLUDE_FROM_MODEL","","NATIVE_VALUATION_RANGE","","STRUCTURAL_VALUATION_RANGE","","NO","","NO","","QUALITY_EXCLUDED:NO_ACCEPTED_EVIDENCE","","","","","","","True","True","False","False"
"MTG:SECRET_LAIR:SL-12A0108619FC9B","SL-12A0108619FC9B",,"SECRET_LAIR","","PROVISIONAL_MODEL","","REVIEW_REQUIRED","","NATIVE_VALUATION_RANGE","","WIDE_VALUATION_RANGE","","NO","","NO","","QUALITY_REVIEW_REQUIRED:LOW_CONFIDENCE|SINGLE_OBSERVATION|WEAK_SELLER_DIVERSITY","","","","","","","True","True","False","False"
"MTG:SECRET_LAIR:SL-12C2591B92C35D","SL-12C2591B92C35D",,"SECRET_LAIR","","FULL_MODEL","","PASS","","NATIVE_VALUATION_RANGE","","VALUATION_RANGE_READY","","NO","","NO","","","","","","","","","True","True","False","False"
"MTG:SECRET_LAIR:SL-1300E73CDDA9B5","SL-1300E73CDDA9B5",,"SECRET_LAIR","","PROVISIONAL_MODEL","","REVIEW_REQUIRED","","NATIVE_VALUATION_RANGE","","WIDE_VALUATION_RANGE","","NO","","NO","","QUALITY_REVIEW_REQUIRED:LOW_CONFIDENCE","","","","","","","True","True","False","False"
"MTG:SECRET_LAIR:SL-1304148BB94881","SL-1304148BB94881",,"SECRET_LAIR","","PROVISIONAL_MODEL","","REVIEW_REQUIRED","","NATIVE_VALUATION_RANGE","","WIDE_VALUATION_RANGE","","NO","","NO","","QUALITY_REVIEW_REQUIRED:LOW_CONFIDENCE","","","","","","","True","True","False","False"
"MTG:SECRET_LAIR:SL-137214427FCCAA","SL-137214427FCCAA",,"SECRET_LAIR","","FULL_MODEL","","PASS","","NATIVE_VALUATION_RANGE","","VALUATION_RANGE_READY","","NO","","NO","","","","","","","","","True","True","False","False"
"MTG:SECRET_LAIR:SL-13874C5D848C73","SL-13874C5D848C73",,"SECRET_LAIR","","FULL_MODEL","","PASS","","NATIVE_VALUATION_RANGE","","VALUATION_RANGE_READY","","NO","","NO","","","","","","","","","True","True","False","False"
"MTG:SECRET_LAIR:SL-13A381A40449C9","SL-13A381A40449C9",,"SECRET_LAIR","","FULL_MODEL","","PASS","","NATIVE_VALUATION_RANGE","","VALUATION_RANGE_READY","","NO","","NO","","","","","","","","","True","True","False","False"
"MTG:SECRET_LAIR:SL-13FAC3EF59E6AC","SL-13FAC3EF59E6AC",,"SECRET_LAIR","","FULL_MODEL","","PASS","","NATIVE_VALUATION_RANGE","","VALUATION_RANGE_READY","","NO","","NO","","","","","","","","","True","True","False","False"
"MTG:SECRET_LAIR:SL-14069B556F0234","SL-14069B556F0234",,"SECRET_LAIR","","PROVISIONAL_MODEL","","REVIEW_REQUIRED","","NATIVE_VALUATION_RANGE","","WIDE_VALUATION_RANGE","","NO","","NO","","QUALITY_REVIEW_REQUIRED:LOW_CONFIDENCE","","","","","","","True","True","False","False"
"MTG:SECRET_LAIR:SL-140EB9D3B38175","SL-140EB9D3B38175",,"SECRET_LAIR","","PROVISIONAL_MODEL","","REVIEW_REQUIRED","","NATIVE_VALUATION_RANGE","","WIDE_VALUATION_RANGE","","NO","","NO","","QUALITY_REVIEW_REQUIRED:WIDE_PRICE_RANGE","","","","","","","True","True","False","False"
"MTG:SECRET_LAIR:SL-142966DB35DC8F","SL-142966DB35DC8F",,"SECRET_LAIR","","FULL_MODEL","","PASS","","NATIVE_VALUATION_RANGE","","VALUATION_RANGE_READY","","NO","","NO","","","","","","","","","True","True","False","False"
"MTG:SECRET_LAIR:SL-145E2D7DAB1056","SL-145E2D7DAB1056",,"SECRET_LAIR","","PROVISIONAL_MODEL","","REVIEW_REQUIRED","","NATIVE_VALUATION_RANGE","","WIDE_VALUATION_RANGE","","NO","","NO","","QUALITY_REVIEW_REQUIRED:LOW_CONFIDENCE|SINGLE_OBSERVATION|WEAK_SELLER_DIVERSITY","","","","","","","True","True","False","False"
"MTG:SECRET_LAIR:SL-14CB93A38C37A0","SL-14CB93A38C37A0",,"SECRET_LAIR","","STRUCTURAL_ONLY","","EXCLUDE_FROM_MODEL","","NATIVE_VALUATION_RANGE","","STRUCTURAL_VALUATION_RANGE","","NO","","NO","","QUALITY_EXCLUDED:NO_ACCEPTED_EVIDENCE","","","","","","","True","True","False","False"
"MTG:SECRET_LAIR:SL-15ADFCF5094915","SL-15ADFCF5094915",,"SECRET_LAIR","","FULL_MODEL","","PASS","","NATIVE_VALUATION_RANGE","","VALUATION_RANGE_READY","","NO","","NO","","","","","","","","","True","True","False","False"
"MTG:SECRET_LAIR:SL-15F0BDC0F7B590","SL-15F0BDC0F7B590",,"SECRET_LAIR","","FULL_MODEL","","PASS","","NATIVE_VALUATION_RANGE","","VALUATION_RANGE_READY","","NO","","NO","","","","","","","","","True","True","False","False"
"MTG:SECRET_LAIR:SL-167399D6CD6288","SL-167399D6CD6288",,"SECRET_LAIR","","STRUCTURAL_ONLY","","EXCLUDE_FROM_MODEL","","NATIVE_VALUATION_RANGE","","STRUCTURAL_VALUATION_RANGE","","NO","","NO","","QUALITY_EXCLUDED:NO_ACCEPTED_EVIDENCE","","","","","","","True","True","False","False"
"MTG:SECRET_LAIR:SL-1673F72E783176","SL-1673F72E783176",,"SECRET_LAIR","","STRUCTURAL_ONLY","","EXCLUDE_FROM_MODEL","","NATIVE_VALUATION_RANGE","","STRUCTURAL_VALUATION_RANGE","","NO","","NO","","QUALITY_EXCLUDED:NO_ACCEPTED_EVIDENCE","","","","","","","True","True","False","False"
"MTG:SECRET_LAIR:SL-1716D8997667E1","SL-1716D8997667E1",,"SECRET_LAIR","","FULL_MODEL","","PASS","","NATIVE_VALUATION_RANGE","","VALUATION_RANGE_READY","","NO","","NO","","","","","","","","","True","True","False","False"
"MTG:SECRET_LAIR:SL-17405C5D45E661","SL-17405C5D45E661",,"SECRET_LAIR","","FULL_MODEL","","PASS","","NATIVE_VALUATION_RANGE","","VALUATION_RANGE_READY","","NO","","NO","","","","","","","","","True","True","False","False"
"MTG:SECRET_LAIR:SL-18623F544924A7","SL-18623F544924A7",,"SECRET_LAIR","","PROVISIONAL_MODEL","","REVIEW_REQUIRED","","NATIVE_VALUATION_RANGE","","WIDE_VALUATION_RANGE","","NO","","NO","","QUALITY_REVIEW_REQUIRED:LOW_CONFIDENCE|SINGLE_OBSERVATION|WEAK_SELLER_DIVERSITY","","","","","","","True","True","False","False"
"MTG:SECRET_LAIR:SL-189ED14E304342","SL-189ED14E304342",,"SECRET_LAIR","","PROVISIONAL_MODEL","","REVIEW_REQUIRED","","NATIVE_VALUATION_RANGE","","WIDE_VALUATION_RANGE","","NO","","NO","","QUALITY_REVIEW_REQUIRED:LOW_CONFIDENCE","","","","","","","True","True","False","False"
"MTG:SECRET_LAIR:SL-18DF50D0713A3D","SL-18DF50D0713A3D",,"SECRET_LAIR","","PROVISIONAL_MODEL","","REVIEW_REQUIRED","","NATIVE_VALUATION_RANGE","","WIDE_VALUATION_RANGE","","NO","","NO","","QUALITY_REVIEW_REQUIRED:LOW_CONFIDENCE","","","","","","","True","True","False","False"
"MTG:SECRET_LAIR:SL-19307234228696","SL-19307234228696",,"SECRET_LAIR","","STRUCTURAL_ONLY","","EXCLUDE_FROM_MODEL","","NATIVE_VALUATION_RANGE","","STRUCTURAL_VALUATION_RANGE","","NO","","NO","","QUALITY_EXCLUDED:NO_ACCEPTED_EVIDENCE","","","","","","","True","True","False","False"
"MTG:SECRET_LAIR:SL-197CCEBB8BF2AC","SL-197CCEBB8BF2AC",,"SECRET_LAIR","","STRUCTURAL_ONLY","","EXCLUDE_FROM_MODEL","","NATIVE_VALUATION_RANGE","","STRUCTURAL_VALUATION_RANGE","","NO","","NO","","QUALITY_EXCLUDED:NO_ACCEPTED_EVIDENCE","","","","","","","True","True","False","False"
"MTG:SECRET_LAIR:SL-197EC2ADF7628E","SL-197EC2ADF7628E",,"SECRET_LAIR","","PROVISIONAL_MODEL","","REVIEW_REQUIRED","","NATIVE_VALUATION_RANGE","","WIDE_VALUATION_RANGE","","NO","","NO","","QUALITY_REVIEW_REQUIRED:LOW_CONFIDENCE|SINGLE_OBSERVATION|WEAK_SELLER_DIVERSITY","","","","","","","True","True","False","False"
"MTG:SECRET_LAIR:SL-197F90EACBF23A","SL-197F90EACBF23A",,"SECRET_LAIR","","STRUCTURAL_ONLY","","EXCLUDE_FROM_MODEL","","NATIVE_VALUATION_RANGE","","STRUCTURAL_VALUATION_RANGE","","NO","","NO","","QUALITY_EXCLUDED:NO_ACCEPTED_EVIDENCE","","","","","","","True","True","False","False"
"MTG:SECRET_LAIR:SL-19B445CB21B8AA","SL-19B445CB21B8AA",,"SECRET_LAIR","","STRUCTURAL_ONLY","","EXCLUDE_FROM_MODEL","","NATIVE_VALUATION_RANGE","","STRUCTURAL_VALUATION_RANGE","","NO","","NO","","QUALITY_EXCLUDED:NO_ACCEPTED_EVIDENCE","","","","","","","True","True","False","False"
"MTG:SECRET_LAIR:SL-1AC45BAFCC79A8","SL-1AC45BAFCC79A8",,"SECRET_LAIR","","PROVISIONAL_MODEL","","REVIEW_REQUIRED","","NATIVE_VALUATION_RANGE","","WIDE_VALUATION_RANGE","","NO","","NO","","QUALITY_REVIEW_REQUIRED:LOW_CONFIDENCE","","","","","","","True","True","False","False"
"MTG:SECRET_LAIR:SL-1B0779915A22B6","SL-1B0779915A22B6",,"SECRET_LAIR","","STRUCTURAL_ONLY","","EXCLUDE_FROM_MODEL","","NATIVE_VALUATION_RANGE","","STRUCTURAL_VALUATION_RANGE","","NO","","NO","","QUALITY_EXCLUDED:NO_ACCEPTED_EVIDENCE","","","","","","","True","True","False","False"
"MTG:SECRET_LAIR:SL-1B4F52C53867DC","SL-1B4F52C53867DC",,"SECRET_LAIR","","PROVISIONAL_MODEL","","REVIEW_REQUIRED","","NATIVE_VALUATION_RANGE","","WIDE_VALUATION_RANGE","","NO","","NO","","QUALITY_REVIEW_REQUIRED:LOW_CONFIDENCE","","","","","","","True","True","False","False"
"MTG:SECRET_LAIR:SL-1B5B0C7B7DFD8A","SL-1B5B0C7B7DFD8A",,"SECRET_LAIR","","STRUCTURAL_ONLY","","EXCLUDE_FROM_MODEL","","NATIVE_VALUATION_RANGE","","STRUCTURAL_VALUATION_RANGE","","NO","","NO","","QUALITY_EXCLUDED:NO_ACCEPTED_EVIDENCE","","","","","","","True","True","False","False"
"MTG:SECRET_LAIR:SL-1C45E7F91C62E4","SL-1C45E7F91C62E4",,"SECRET_LAIR","","STRUCTURAL_ONLY","","EXCLUDE_FROM_MODEL","","NATIVE_VALUATION_RANGE","","STRUCTURAL_VALUATION_RANGE","","NO","","NO","","QUALITY_EXCLUDED:NO_ACCEPTED_EVIDENCE","","","","","","","True","True","False","False"
"MTG:SECRET_LAIR:SL-1CBB2CDA24A606","SL-1CBB2CDA24A606",,"SECRET_LAIR","","PROVISIONAL_MODEL","","REVIEW_REQUIRED","","NATIVE_VALUATION_RANGE","","WIDE_VALUATION_RANGE","","NO","","NO","","QUALITY_REVIEW_REQUIRED:LOW_CONFIDENCE","","","","","","","True","True","False","False"
"MTG:SECRET_LAIR:SL-1D01680A770718","SL-1D01680A770718",,"SECRET_LAIR","","FULL_MODEL","","PASS","","NATIVE_VALUATION_RANGE","","VALUATION_RANGE_READY","","NO","","NO","","","","","","","","","True","True","False","False"
"MTG:SECRET_LAIR:SL-1D242838322B00","SL-1D242838322B00",,"SECRET_LAIR","","PROVISIONAL_MODEL","","REVIEW_REQUIRED","","NATIVE_VALUATION_RANGE","","WIDE_VALUATION_RANGE","","NO","","NO","","QUALITY_REVIEW_REQUIRED:LOW_CONFIDENCE","","","","","","","True","True","False","False"
"MTG:SECRET_LAIR:SL-1D9FB450470C75","SL-1D9FB450470C75",,"SECRET_LAIR","","PROVISIONAL_MODEL","","REVIEW_REQUIRED","","NATIVE_VALUATION_RANGE","","WIDE_VALUATION_RANGE","","NO","","NO","","QUALITY_REVIEW_REQUIRED:LOW_CONFIDENCE","","","","","","","True","True","False","False"
"MTG:SECRET_LAIR:SL-1DA21B27711D91","SL-1DA21B27711D91",,"SECRET_LAIR","","PROVISIONAL_MODEL","","REVIEW_REQUIRED","","NATIVE_VALUATION_RANGE","","WIDE_VALUATION_RANGE","","NO","","NO","","QUALITY_REVIEW_REQUIRED:LOW_CONFIDENCE","","","","","","","True","True","False","False"
"MTG:SECRET_LAIR:SL-1DE33F0229DA09","SL-1DE33F0229DA09",,"SECRET_LAIR","","PROVISIONAL_MODEL","","REVIEW_REQUIRED","","NATIVE_VALUATION_RANGE","","WIDE_VALUATION_RANGE","","NO","","NO","","QUALITY_REVIEW_REQUIRED:LOW_CONFIDENCE|SINGLE_OBSERVATION|WEAK_SELLER_DIVERSITY","","","","","","","True","True","False","False"
"MTG:SECRET_LAIR:SL-1E11913E760B30","SL-1E11913E760B30",,"SECRET_LAIR","","PROVISIONAL_MODEL","","REVIEW_REQUIRED","","NATIVE_VALUATION_RANGE","","WIDE_VALUATION_RANGE","","NO","","NO","","QUALITY_REVIEW_REQUIRED:LOW_CONFIDENCE","","","","","","","True","True","False","False"
"MTG:SECRET_LAIR:SL-1F7D163D1ACEFB","SL-1F7D163D1ACEFB",,"SECRET_LAIR","","STRUCTURAL_ONLY","","EXCLUDE_FROM_MODEL","","NATIVE_VALUATION_RANGE","","STRUCTURAL_VALUATION_RANGE","","NO","","NO","","QUALITY_EXCLUDED:NO_ACCEPTED_EVIDENCE","","","","","","","True","True","False","False"
"MTG:SECRET_LAIR:SL-1F9921A151E628","SL-1F9921A151E628",,"SECRET_LAIR","","PROVISIONAL_MODEL","","REVIEW_REQUIRED","","NATIVE_VALUATION_RANGE","","WIDE_VALUATION_RANGE","","NO","","NO","","QUALITY_REVIEW_REQUIRED:LOW_CONFIDENCE","","","","","","","True","True","False","False"
"MTG:SECRET_LAIR:SL-2007070E059EDF","SL-2007070E059EDF",,"SECRET_LAIR","","PROVISIONAL_MODEL","","REVIEW_REQUIRED","","NATIVE_VALUATION_RANGE","","WIDE_VALUATION_RANGE","","NO","","NO","","QUALITY_REVIEW_REQUIRED:LOW_CONFIDENCE","","","","","","","True","True","False","False"
"MTG:SECRET_LAIR:SL-204D6B03D36FE2","SL-204D6B03D36FE2",,"SECRET_LAIR","","FULL_MODEL","","PASS","","NATIVE_VALUATION_RANGE","","VALUATION_RANGE_READY","","NO","","NO","","","","","","","","","True","True","False","False"
"MTG:SECRET_LAIR:SL-207EFFFEEB79A0","SL-207EFFFEEB79A0",,"SECRET_LAIR","","FULL_MODEL","","PASS","","NATIVE_VALUATION_RANGE","","VALUATION_RANGE_READY","","NO","","NO","","","","","","","","","True","True","False","False"
"MTG:SECRET_LAIR:SL-2098A235696D4F","SL-2098A235696D4F",,"SECRET_LAIR","","FULL_MODEL","","PASS","","NATIVE_VALUATION_RANGE","","VALUATION_RANGE_READY","","NO","","NO","","","","","","","","","True","True","False","False"
"MTG:SECRET_LAIR:SL-20A675073DCB5D","SL-20A675073DCB5D",,"SECRET_LAIR","","STRUCTURAL_ONLY","","EXCLUDE_FROM_MODEL","","NATIVE_VALUATION_RANGE","","STRUCTURAL_VALUATION_RANGE","","NO","","NO","","QUALITY_EXCLUDED:NO_ACCEPTED_EVIDENCE","","","","","","","True","True","False","False"
"MTG:SECRET_LAIR:SL-20D499A470B8A5","SL-20D499A470B8A5",,"SECRET_LAIR","","FULL_MODEL","","PASS","","NATIVE_VALUATION_RANGE","","VALUATION_RANGE_READY","","NO","","NO","","","","","","","","","True","True","False","False"
"MTG:SECRET_LAIR:SL-20E2C89BAB6915","SL-20E2C89BAB6915",,"SECRET_LAIR","","PROVISIONAL_MODEL","","REVIEW_REQUIRED","","NATIVE_VALUATION_RANGE","","WIDE_VALUATION_RANGE","","NO","","NO","","QUALITY_REVIEW_REQUIRED:HIGH_MEDIAN_VALUE","","","","","","","True","True","False","False"
"MTG:SECRET_LAIR:SL-20EA4A771B3569","SL-20EA4A771B3569",,"SECRET_LAIR","","STRUCTURAL_ONLY","","EXCLUDE_FROM_MODEL","","NATIVE_VALUATION_RANGE","","STRUCTURAL_VALUATION_RANGE","","NO","","NO","","QUALITY_EXCLUDED:NO_ACCEPTED_EVIDENCE","","","","","","","True","True","False","False"
"MTG:SECRET_LAIR:SL-213339E791C59A","SL-213339E791C59A",,"SECRET_LAIR","","FULL_MODEL","","PASS","","NATIVE_VALUATION_RANGE","","VALUATION_RANGE_READY","","NO","","NO","","","","","","","","","True","True","False","False"
"MTG:SECRET_LAIR:SL-214ED723D3A771","SL-214ED723D3A771",,"SECRET_LAIR","","FULL_MODEL","","PASS","","NATIVE_VALUATION_RANGE","","VALUATION_RANGE_READY","","NO","","NO","","","","","","","","","True","True","False","False"
"MTG:SECRET_LAIR:SL-21979E71D302E5","SL-21979E71D302E5",,"SECRET_LAIR","","STRUCTURAL_ONLY","","EXCLUDE_FROM_MODEL","","NATIVE_VALUATION_RANGE","","STRUCTURAL_VALUATION_RANGE","","NO","","NO","","QUALITY_EXCLUDED:NO_ACCEPTED_EVIDENCE","","","","","","","True","True","False","False"
"MTG:SECRET_LAIR:SL-219DB149BBB690","SL-219DB149BBB690",,"SECRET_LAIR","","PROVISIONAL_MODEL","","REVIEW_REQUIRED","","NATIVE_VALUATION_RANGE","","WIDE_VALUATION_RANGE","","NO","","NO","","QUALITY_REVIEW_REQUIRED:LOW_CONFIDENCE|SINGLE_OBSERVATION|WEAK_SELLER_DIVERSITY","","","","","","","True","True","False","False"
"MTG:SECRET_LAIR:SL-22454153307BC0","SL-22454153307BC0",,"SECRET_LAIR","","FULL_MODEL","","PASS","","NATIVE_VALUATION_RANGE","","VALUATION_RANGE_READY","","NO","","NO","","","","","","","","","True","True","False","False"
"MTG:SECRET_LAIR:SL-226F557D91DE6E","SL-226F557D91DE6E",,"SECRET_LAIR","","PROVISIONAL_MODEL","","REVIEW_REQUIRED","","NATIVE_VALUATION_RANGE","","WIDE_VALUATION_RANGE","","NO","","NO","","QUALITY_REVIEW_REQUIRED:LOW_CONFIDENCE","","","","","","","True","True","False","False"
"MTG:SECRET_LAIR:SL-22B841990DAC1F","SL-22B841990DAC1F",,"SECRET_LAIR","","FULL_MODEL","","PASS","","NATIVE_VALUATION_RANGE","","VALUATION_RANGE_READY","","NO","","NO","","","","","","","","","True","True","False","False"
"MTG:SECRET_LAIR:SL-22CD7E1A6B7A30","SL-22CD7E1A6B7A30",,"SECRET_LAIR","","PROVISIONAL_MODEL","","REVIEW_REQUIRED","","NATIVE_VALUATION_RANGE","","WIDE_VALUATION_RANGE","","NO","","NO","","QUALITY_REVIEW_REQUIRED:LOW_CONFIDENCE","","","","","","","True","True","False","False"
"MTG:SECRET_LAIR:SL-22E3600468CA16","SL-22E3600468CA16",,"SECRET_LAIR","","FULL_MODEL","","PASS","","NATIVE_VALUATION_RANGE","","VALUATION_RANGE_READY","","NO","","NO","","","","","","","","","True","True","False","False"
"MTG:SECRET_LAIR:SL-2347A35CDE0CCA","SL-2347A35CDE0CCA",,"SECRET_LAIR","","FULL_MODEL","","PASS","","NATIVE_VALUATION_RANGE","","VALUATION_RANGE_READY","","NO","","NO","","","","","","","","","True","True","False","False"
"MTG:SECRET_LAIR:SL-23598BE2582FF4","SL-23598BE2582FF4",,"SECRET_LAIR","","FULL_MODEL","","PASS","","NATIVE_VALUATION_RANGE","","VALUATION_RANGE_READY","","NO","","NO","","","","","","","","","True","True","False","False"
"MTG:SECRET_LAIR:SL-239D6859BD1D9C","SL-239D6859BD1D9C",,"SECRET_LAIR","","PROVISIONAL_MODEL","","REVIEW_REQUIRED","","NATIVE_VALUATION_RANGE","","WIDE_VALUATION_RANGE","","NO","","NO","","QUALITY_REVIEW_REQUIRED:LOW_CONFIDENCE|SINGLE_OBSERVATION|WEAK_SELLER_DIVERSITY","","","","","","","True","True","False","False"
"MTG:SECRET_LAIR:SL-23E541A279A532","SL-23E541A279A532",,"SECRET_LAIR","","PROVISIONAL_MODEL","","REVIEW_REQUIRED","","NATIVE_VALUATION_RANGE","","WIDE_VALUATION_RANGE","","NO","","NO","","QUALITY_REVIEW_REQUIRED:LOW_CONFIDENCE","","","","","","","True","True","False","False"
"MTG:SECRET_LAIR:SL-23F2295DED1E9C","SL-23F2295DED1E9C",,"SECRET_LAIR","","FULL_MODEL","","PASS","","NATIVE_VALUATION_RANGE","","VALUATION_RANGE_READY","","NO","","NO","","","","","","","","","True","True","False","False"
"MTG:SECRET_LAIR:SL-23FA662D95286E","SL-23FA662D95286E",,"SECRET_LAIR","","PROVISIONAL_MODEL","","REVIEW_REQUIRED","","NATIVE_VALUATION_RANGE","","WIDE_VALUATION_RANGE","","NO","","NO","","QUALITY_REVIEW_REQUIRED:LOW_CONFIDENCE","","","","","","","True","True","False","False"
"MTG:SECRET_LAIR:SL-24526707F6CB2D","SL-24526707F6CB2D",,"SECRET_LAIR","","PROVISIONAL_MODEL","","REVIEW_REQUIRED","","NATIVE_VALUATION_RANGE","","WIDE_VALUATION_RANGE","","NO","","NO","","QUALITY_REVIEW_REQUIRED:LOW_CONFIDENCE|SINGLE_OBSERVATION|WEAK_SELLER_DIVERSITY","","","","","","","True","True","False","False"
"MTG:SECRET_LAIR:SL-24D60CEE50EB04","SL-24D60CEE50EB04",,"SECRET_LAIR","","PROVISIONAL_MODEL","","REVIEW_REQUIRED","","NATIVE_VALUATION_RANGE","","WIDE_VALUATION_RANGE","","NO","","NO","","QUALITY_REVIEW_REQUIRED:LOW_CONFIDENCE|SINGLE_OBSERVATION|WEAK_SELLER_DIVERSITY","","","","","","","True","True","False","False"
"MTG:SECRET_LAIR:SL-255A0A2F4FEB20","SL-255A0A2F4FEB20",,"SECRET_LAIR","","FULL_MODEL","","PASS","","NATIVE_VALUATION_RANGE","","VALUATION_RANGE_READY","","NO","","NO","","","","","","","","","True","True","False","False"
"MTG:SECRET_LAIR:SL-2569BCFE16FD2C","SL-2569BCFE16FD2C",,"SECRET_LAIR","","FULL_MODEL","","PASS","","NATIVE_VALUATION_RANGE","","VALUATION_RANGE_READY","","NO","","NO","","","","","","","","","True","True","False","False"
"MTG:SECRET_LAIR:SL-256B2682940475","SL-256B2682940475",,"SECRET_LAIR","","PROVISIONAL_MODEL","","REVIEW_REQUIRED","","NATIVE_VALUATION_RANGE","","WIDE_VALUATION_RANGE","","NO","","NO","","QUALITY_REVIEW_REQUIRED:HIGH_MEDIAN_VALUE|LOW_CONFIDENCE|SINGLE_OBSERVATION|WEAK_SELLER_DIVERSITY","","","","","","","True","True","False","False"
"MTG:SECRET_LAIR:SL-25FFECED0CE8DE","SL-25FFECED0CE8DE",,"SECRET_LAIR","","PROVISIONAL_MODEL","","REVIEW_REQUIRED","","NATIVE_VALUATION_RANGE","","WIDE_VALUATION_RANGE","","NO","","NO","","QUALITY_REVIEW_REQUIRED:LOW_CONFIDENCE","","","","","","","True","True","False","False"
"MTG:SECRET_LAIR:SL-26B06B683BCA6B","SL-26B06B683BCA6B",,"SECRET_LAIR","","FULL_MODEL","","PASS","","NATIVE_VALUATION_RANGE","","VALUATION_RANGE_READY","","NO","","NO","","","","","","","","","True","True","False","False"
"MTG:SECRET_LAIR:SL-26CE439D88A06A","SL-26CE439D88A06A",,"SECRET_LAIR","","STRUCTURAL_ONLY","","EXCLUDE_FROM_MODEL","","NATIVE_VALUATION_RANGE","","STRUCTURAL_VALUATION_RANGE","","NO","","NO","","QUALITY_EXCLUDED:NO_ACCEPTED_EVIDENCE","","","","","","","True","True","False","False"
"MTG:SECRET_LAIR:SL-26D338135420FD","SL-26D338135420FD",,"SECRET_LAIR","","FULL_MODEL","","PASS","","NATIVE_VALUATION_RANGE","","VALUATION_RANGE_READY","","NO","","NO","","","","","","","","","True","True","False","False"
"MTG:SECRET_LAIR:SL-26D60205AA523A","SL-26D60205AA523A",,"SECRET_LAIR","","FULL_MODEL","","PASS","","NATIVE_VALUATION_RANGE","","VALUATION_RANGE_READY","","NO","","NO","","","","","","","","","True","True","False","False"
"MTG:SECRET_LAIR:SL-272CED28AF6023","SL-272CED28AF6023",,"SECRET_LAIR","","PROVISIONAL_MODEL","","REVIEW_REQUIRED","","NATIVE_VALUATION_RANGE","","WIDE_VALUATION_RANGE","","NO","","NO","","QUALITY_REVIEW_REQUIRED:LOW_CONFIDENCE","","","","","","","True","True","False","False"
"MTG:SECRET_LAIR:SL-2786878C1D8F2A","SL-2786878C1D8F2A",,"SECRET_LAIR","","STRUCTURAL_ONLY","","EXCLUDE_FROM_MODEL","","NATIVE_VALUATION_RANGE","","STRUCTURAL_VALUATION_RANGE","","NO","","NO","","QUALITY_EXCLUDED:NO_ACCEPTED_EVIDENCE","","","","","","","True","True","False","False"
"MTG:SECRET_LAIR:SL-278D493DAEF98B","SL-278D493DAEF98B",,"SECRET_LAIR","","STRUCTURAL_ONLY","","EXCLUDE_FROM_MODEL","","NATIVE_VALUATION_RANGE","","STRUCTURAL_VALUATION_RANGE","","NO","","NO","","QUALITY_EXCLUDED:NO_ACCEPTED_EVIDENCE","","","","","","","True","True","False","False"
"MTG:SECRET_LAIR:SL-27BCF6F90AE7CD","SL-27BCF6F90AE7CD",,"SECRET_LAIR","","STRUCTURAL_ONLY","","EXCLUDE_FROM_MODEL","","NATIVE_VALUATION_RANGE","","STRUCTURAL_VALUATION_RANGE","","NO","","NO","","QUALITY_EXCLUDED:NO_ACCEPTED_EVIDENCE","","","","","","","True","True","False","False"
"MTG:SECRET_LAIR:SL-27F25ED44B60AC","SL-27F25ED44B60AC",,"SECRET_LAIR","","PROVISIONAL_MODEL","","REVIEW_REQUIRED","","NATIVE_VALUATION_RANGE","","WIDE_VALUATION_RANGE","","NO","","NO","","QUALITY_REVIEW_REQUIRED:HIGH_MEDIAN_VALUE|LOW_CONFIDENCE","","","","","","","True","True","False","False"
"MTG:SECRET_LAIR:SL-27F53952DEB63B","SL-27F53952DEB63B",,"SECRET_LAIR","","FULL_MODEL","","PASS","","NATIVE_VALUATION_RANGE","","VALUATION_RANGE_READY","","NO","","NO","","","","","","","","","True","True","False","False"
"MTG:SECRET_LAIR:SL-2825A1B58F0B24","SL-2825A1B58F0B24",,"SECRET_LAIR","","STRUCTURAL_ONLY","","EXCLUDE_FROM_MODEL","","NATIVE_VALUATION_RANGE","","STRUCTURAL_VALUATION_RANGE","","NO","","NO","","QUALITY_EXCLUDED:NO_ACCEPTED_EVIDENCE","","","","","","","True","True","False","False"
"MTG:SECRET_LAIR:SL-284D5484C99F48","SL-284D5484C99F48",,"SECRET_LAIR","","STRUCTURAL_ONLY","","EXCLUDE_FROM_MODEL","","NATIVE_VALUATION_RANGE","","STRUCTURAL_VALUATION_RANGE","","NO","","NO","","QUALITY_EXCLUDED:NO_ACCEPTED_EVIDENCE","","","","","","","True","True","False","False"
"MTG:SECRET_LAIR:SL-28E7EF25549A0F","SL-28E7EF25549A0F",,"SECRET_LAIR","","STRUCTURAL_ONLY","","EXCLUDE_FROM_MODEL","","NATIVE_VALUATION_RANGE","","STRUCTURAL_VALUATION_RANGE","","NO","","NO","","QUALITY_EXCLUDED:NO_ACCEPTED_EVIDENCE","","","","","","","True","True","False","False"
"MTG:SECRET_LAIR:SL-290BC5AB169700","SL-290BC5AB169700",,"SECRET_LAIR","","STRUCTURAL_ONLY","","EXCLUDE_FROM_MODEL","","NATIVE_VALUATION_RANGE","","STRUCTURAL_VALUATION_RANGE","","NO","","NO","","QUALITY_EXCLUDED:NO_ACCEPTED_EVIDENCE","","","","","","","True","True","False","False"
"MTG:SECRET_LAIR:SL-299EFC297156F1","SL-299EFC297156F1",,"SECRET_LAIR","","PROVISIONAL_MODEL","","REVIEW_REQUIRED","","NATIVE_VALUATION_RANGE","","WIDE_VALUATION_RANGE","","NO","","NO","","QUALITY_REVIEW_REQUIRED:LOW_CONFIDENCE","","","","","","","True","True","False","False"
"MTG:SECRET_LAIR:SL-2A0B13F359B600","SL-2A0B13F359B600",,"SECRET_LAIR","","PROVISIONAL_MODEL","","REVIEW_REQUIRED","","NATIVE_VALUATION_RANGE","","WIDE_VALUATION_RANGE","","NO","","NO","","QUALITY_REVIEW_REQUIRED:HIGH_MEDIAN_VALUE","","","","","","","True","True","False","False"
"MTG:SECRET_LAIR:SL-2A2F4D4D905F89","SL-2A2F4D4D905F89",,"SECRET_LAIR","","STRUCTURAL_ONLY","","EXCLUDE_FROM_MODEL","","NATIVE_VALUATION_RANGE","","STRUCTURAL_VALUATION_RANGE","","NO","","NO","","QUALITY_EXCLUDED:NO_ACCEPTED_EVIDENCE","","","","","","","True","True","False","False"
"MTG:SECRET_LAIR:SL-2AA846FD9ACD02","SL-2AA846FD9ACD02",,"SECRET_LAIR","","STRUCTURAL_ONLY","","EXCLUDE_FROM_MODEL","","NATIVE_VALUATION_RANGE","","STRUCTURAL_VALUATION_RANGE","","NO","","NO","","QUALITY_EXCLUDED:NO_ACCEPTED_EVIDENCE","","","","","","","True","True","False","False"
"MTG:SECRET_LAIR:SL-2AC9C47B84FA46","SL-2AC9C47B84FA46",,"SECRET_LAIR","","PROVISIONAL_MODEL","","REVIEW_REQUIRED","","NATIVE_VALUATION_RANGE","","WIDE_VALUATION_RANGE","","NO","","NO","","QUALITY_REVIEW_REQUIRED:LOW_CONFIDENCE","","","","","","","True","True","False","False"
"MTG:SECRET_LAIR:SL-2ADC84D7922A98","SL-2ADC84D7922A98",,"SECRET_LAIR","","FULL_MODEL","","PASS","","NATIVE_VALUATION_RANGE","","VALUATION_RANGE_READY","","NO","","NO","","","","","","","","","True","True","False","False"
"MTG:SECRET_LAIR:SL-2AF8009F200134","SL-2AF8009F200134",,"SECRET_LAIR","","PROVISIONAL_MODEL","","REVIEW_REQUIRED","","NATIVE_VALUATION_RANGE","","WIDE_VALUATION_RANGE","","NO","","NO","","QUALITY_REVIEW_REQUIRED:LOW_CONFIDENCE","","","","","","","True","True","False","False"
"MTG:SECRET_LAIR:SL-2B046AC7FBA460","SL-2B046AC7FBA460",,"SECRET_LAIR","","PROVISIONAL_MODEL","","REVIEW_REQUIRED","","NATIVE_VALUATION_RANGE","","WIDE_VALUATION_RANGE","","NO","","NO","","QUALITY_REVIEW_REQUIRED:LOW_CONFIDENCE|SINGLE_OBSERVATION|WEAK_SELLER_DIVERSITY","","","","","","","True","True","False","False"
"MTG:SECRET_LAIR:SL-2B40642CD07C6B","SL-2B40642CD07C6B",,"SECRET_LAIR","","PROVISIONAL_MODEL","","REVIEW_REQUIRED","","NATIVE_VALUATION_RANGE","","WIDE_VALUATION_RANGE","","NO","","NO","","QUALITY_REVIEW_REQUIRED:HIGH_MEDIAN_VALUE|LOW_CONFIDENCE|SINGLE_OBSERVATION|WEAK_SELLER_DIVERSITY","","","","","","","True","True","False","False"
"MTG:SECRET_LAIR:SL-2B55545460A82C","SL-2B55545460A82C",,"SECRET_LAIR","","PROVISIONAL_MODEL","","REVIEW_REQUIRED","","NATIVE_VALUATION_RANGE","","WIDE_VALUATION_RANGE","","NO","","NO","","QUALITY_REVIEW_REQUIRED:LOW_CONFIDENCE","","","","","","","True","True","False","False"
"MTG:SECRET_LAIR:SL-2B817FBC9624E5","SL-2B817FBC9624E5",,"SECRET_LAIR","","STRUCTURAL_ONLY","","EXCLUDE_FROM_MODEL","","NATIVE_VALUATION_RANGE","","STRUCTURAL_VALUATION_RANGE","","NO","","NO","","QUALITY_EXCLUDED:NO_ACCEPTED_EVIDENCE","","","","","","","True","True","False","False"
"MTG:SECRET_LAIR:SL-2B9EE853724B6D","SL-2B9EE853724B6D",,"SECRET_LAIR","","STRUCTURAL_ONLY","","EXCLUDE_FROM_MODEL","","NATIVE_VALUATION_RANGE","","STRUCTURAL_VALUATION_RANGE","","NO","","NO","","QUALITY_EXCLUDED:NO_ACCEPTED_EVIDENCE","","","","","","","True","True","False","False"
"MTG:SECRET_LAIR:SL-2BC80C4864DCB3","SL-2BC80C4864DCB3",,"SECRET_LAIR","","STRUCTURAL_ONLY","","EXCLUDE_FROM_MODEL","","NATIVE_VALUATION_RANGE","","STRUCTURAL_VALUATION_RANGE","","NO","","NO","","QUALITY_EXCLUDED:NO_ACCEPTED_EVIDENCE","","","","","","","True","True","False","False"
"MTG:SECRET_LAIR:SL-2C8BD576A51D61","SL-2C8BD576A51D61",,"SECRET_LAIR","","STRUCTURAL_ONLY","","EXCLUDE_FROM_MODEL","","NATIVE_VALUATION_RANGE","","STRUCTURAL_VALUATION_RANGE","","NO","","NO","","QUALITY_EXCLUDED:NO_ACCEPTED_EVIDENCE","","","","","","","True","True","False","False"
"MTG:SECRET_LAIR:SL-2CC41EDDF7EBA1","SL-2CC41EDDF7EBA1",,"SECRET_LAIR","","FULL_MODEL","","PASS","","NATIVE_VALUATION_RANGE","","VALUATION_RANGE_READY","","NO","","NO","","","","","","","","","True","True","False","False"
"MTG:SECRET_LAIR:SL-2CFDA3F4C0066D","SL-2CFDA3F4C0066D",,"SECRET_LAIR","","STRUCTURAL_ONLY","","EXCLUDE_FROM_MODEL","","NATIVE_VALUATION_RANGE","","STRUCTURAL_VALUATION_RANGE","","NO","","NO","","QUALITY_EXCLUDED:NO_ACCEPTED_EVIDENCE","","","","","","","True","True","False","False"
"MTG:SECRET_LAIR:SL-2D3CABC651E40A","SL-2D3CABC651E40A",,"SECRET_LAIR","","FULL_MODEL","","PASS","","NATIVE_VALUATION_RANGE","","VALUATION_RANGE_READY","","NO","","NO","","","","","","","","","True","True","False","False"
"MTG:SECRET_LAIR:SL-2D3F3FFB5E9435","SL-2D3F3FFB5E9435",,"SECRET_LAIR","","PROVISIONAL_MODEL","","REVIEW_REQUIRED","","NATIVE_VALUATION_RANGE","","WIDE_VALUATION_RANGE","","NO","","NO","","QUALITY_REVIEW_REQUIRED:LOW_CONFIDENCE","","","","","","","True","True","False","False"
"MTG:SECRET_LAIR:SL-2D5B5D6DB161EE","SL-2D5B5D6DB161EE",,"SECRET_LAIR","","PROVISIONAL_MODEL","","REVIEW_REQUIRED","","NATIVE_VALUATION_RANGE","","WIDE_VALUATION_RANGE","","NO","","NO","","QUALITY_REVIEW_REQUIRED:LOW_CONFIDENCE|SINGLE_OBSERVATION|WEAK_SELLER_DIVERSITY","","","","","","","True","True","False","False"
"MTG:SECRET_LAIR:SL-2E5D3F1C55B40E","SL-2E5D3F1C55B40E",,"SECRET_LAIR","","FULL_MODEL","","PASS","","NATIVE_VALUATION_RANGE","","VALUATION_RANGE_READY","","NO","","NO","","","","","","","","","True","True","False","False"
"MTG:SECRET_LAIR:SL-2E6BF27043E9BB","SL-2E6BF27043E9BB",,"SECRET_LAIR","","FULL_MODEL","","PASS","","NATIVE_VALUATION_RANGE","","VALUATION_RANGE_READY","","NO","","NO","","","","","","","","","True","True","False","False"
"MTG:SECRET_LAIR:SL-2F0C6070A19154","SL-2F0C6070A19154",,"SECRET_LAIR","","STRUCTURAL_ONLY","","EXCLUDE_FROM_MODEL","","NATIVE_VALUATION_RANGE","","STRUCTURAL_VALUATION_RANGE","","NO","","NO","","QUALITY_EXCLUDED:NO_ACCEPTED_EVIDENCE","","","","","","","True","True","False","False"
"MTG:SECRET_LAIR:SL-2F498E0B93A360","SL-2F498E0B93A360",,"SECRET_LAIR","","PROVISIONAL_MODEL","","REVIEW_REQUIRED","","NATIVE_VALUATION_RANGE","","WIDE_VALUATION_RANGE","","NO","","NO","","QUALITY_REVIEW_REQUIRED:LOW_CONFIDENCE","","","","","","","True","True","False","False"
"MTG:SECRET_LAIR:SL-2F5BFD58A416E7","SL-2F5BFD58A416E7",,"SECRET_LAIR","","STRUCTURAL_ONLY","","EXCLUDE_FROM_MODEL","","NATIVE_VALUATION_RANGE","","STRUCTURAL_VALUATION_RANGE","","NO","","NO","","QUALITY_EXCLUDED:NO_ACCEPTED_EVIDENCE","","","","","","","True","True","False","False"
"MTG:SECRET_LAIR:SL-2FCD076205C4F4","SL-2FCD076205C4F4",,"SECRET_LAIR","","STRUCTURAL_ONLY","","EXCLUDE_FROM_MODEL","","NATIVE_VALUATION_RANGE","","STRUCTURAL_VALUATION_RANGE","","NO","","NO","","QUALITY_EXCLUDED:NO_ACCEPTED_EVIDENCE","","","","","","","True","True","False","False"
"MTG:SECRET_LAIR:SL-2FE515EC6D482C","SL-2FE515EC6D482C",,"SECRET_LAIR","","PROVISIONAL_MODEL","","REVIEW_REQUIRED","","NATIVE_VALUATION_RANGE","","WIDE_VALUATION_RANGE","","NO","","NO","","QUALITY_REVIEW_REQUIRED:LOW_CONFIDENCE","","","","","","","True","True","False","False"
"MTG:SECRET_LAIR:SL-301D3C32669404","SL-301D3C32669404",,"SECRET_LAIR","","FULL_MODEL","","PASS","","NATIVE_VALUATION_RANGE","","VALUATION_RANGE_READY","","NO","","NO","","","","","","","","","True","True","False","False"
"MTG:SECRET_LAIR:SL-30B353B1E2F40A","SL-30B353B1E2F40A",,"SECRET_LAIR","","STRUCTURAL_ONLY","","EXCLUDE_FROM_MODEL","","NATIVE_VALUATION_RANGE","","STRUCTURAL_VALUATION_RANGE","","NO","","NO","","QUALITY_EXCLUDED:NO_ACCEPTED_EVIDENCE","","","","","","","True","True","False","False"
"MTG:SECRET_LAIR:SL-30C88E4C2B3278","SL-30C88E4C2B3278",,"SECRET_LAIR","","STRUCTURAL_ONLY","","EXCLUDE_FROM_MODEL","","NATIVE_VALUATION_RANGE","","STRUCTURAL_VALUATION_RANGE","","NO","","NO","","QUALITY_EXCLUDED:NO_ACCEPTED_EVIDENCE","","","","","","","True","True","False","False"
"MTG:SECRET_LAIR:SL-30DF537FBDFC90","SL-30DF537FBDFC90",,"SECRET_LAIR","","STRUCTURAL_ONLY","","EXCLUDE_FROM_MODEL","","NATIVE_VALUATION_RANGE","","STRUCTURAL_VALUATION_RANGE","","NO","","NO","","QUALITY_EXCLUDED:NO_ACCEPTED_EVIDENCE","","","","","","","True","True","False","False"
"MTG:SECRET_LAIR:SL-3104ED52ED0029","SL-3104ED52ED0029",,"SECRET_LAIR","","FULL_MODEL","","PASS","","NATIVE_VALUATION_RANGE","","VALUATION_RANGE_READY","","NO","","NO","","","","","","","","","True","True","False","False"
"MTG:SECRET_LAIR:SL-31ABCEB49A1123","SL-31ABCEB49A1123",,"SECRET_LAIR","","STRUCTURAL_ONLY","","EXCLUDE_FROM_MODEL","","NATIVE_VALUATION_RANGE","","STRUCTURAL_VALUATION_RANGE","","NO","","NO","","QUALITY_EXCLUDED:NO_ACCEPTED_EVIDENCE","","","","","","","True","True","False","False"
"MTG:SECRET_LAIR:SL-31EB584CE2759D","SL-31EB584CE2759D",,"SECRET_LAIR","","PROVISIONAL_MODEL","","REVIEW_REQUIRED","","NATIVE_VALUATION_RANGE","","WIDE_VALUATION_RANGE","","NO","","NO","","QUALITY_REVIEW_REQUIRED:HIGH_MEDIAN_VALUE|LOW_CONFIDENCE","","","","","","","True","True","False","False"
"MTG:SECRET_LAIR:SL-31EB85A6AF4F60","SL-31EB85A6AF4F60",,"SECRET_LAIR","","PROVISIONAL_MODEL","","REVIEW_REQUIRED","","NATIVE_VALUATION_RANGE","","WIDE_VALUATION_RANGE","","NO","","NO","","QUALITY_REVIEW_REQUIRED:LOW_CONFIDENCE|SINGLE_OBSERVATION|WEAK_SELLER_DIVERSITY","","","","","","","True","True","False","False"
"MTG:SECRET_LAIR:SL-32E9767E0B3D5C","SL-32E9767E0B3D5C",,"SECRET_LAIR","","STRUCTURAL_ONLY","","EXCLUDE_FROM_MODEL","","NATIVE_VALUATION_RANGE","","STRUCTURAL_VALUATION_RANGE","","NO","","NO","","QUALITY_EXCLUDED:NO_ACCEPTED_EVIDENCE","","","","","","","True","True","False","False"
"MTG:SECRET_LAIR:SL-33DE5E031EFD3B","SL-33DE5E031EFD3B",,"SECRET_LAIR","","FULL_MODEL","","PASS","","NATIVE_VALUATION_RANGE","","VALUATION_RANGE_READY","","NO","","NO","","","","","","","","","True","True","False","False"
"MTG:SECRET_LAIR:SL-33FFFBC2DAC5E2","SL-33FFFBC2DAC5E2",,"SECRET_LAIR","","PROVISIONAL_MODEL","","REVIEW_REQUIRED","","NATIVE_VALUATION_RANGE","","WIDE_VALUATION_RANGE","","NO","","NO","","QUALITY_REVIEW_REQUIRED:HIGH_MEDIAN_VALUE","","","","","","","True","True","False","False"
"MTG:SECRET_LAIR:SL-34194E4F054A23","SL-34194E4F054A23",,"SECRET_LAIR","","PROVISIONAL_MODEL","","REVIEW_REQUIRED","","NATIVE_VALUATION_RANGE","","WIDE_VALUATION_RANGE","","NO","","NO","","QUALITY_REVIEW_REQUIRED:LOW_CONFIDENCE","","","","","","","True","True","False","False"
"MTG:SECRET_LAIR:SL-34352A7A87C72D","SL-34352A7A87C72D",,"SECRET_LAIR","","PROVISIONAL_MODEL","","REVIEW_REQUIRED","","NATIVE_VALUATION_RANGE","","WIDE_VALUATION_RANGE","","NO","","NO","","QUALITY_REVIEW_REQUIRED:LOW_CONFIDENCE","","","","","","","True","True","False","False"
"MTG:SECRET_LAIR:SL-347373B1ADC604","SL-347373B1ADC604",,"SECRET_LAIR","","PROVISIONAL_MODEL","","REVIEW_REQUIRED","","NATIVE_VALUATION_RANGE","","WIDE_VALUATION_RANGE","","NO","","NO","","QUALITY_REVIEW_REQUIRED:LOW_CONFIDENCE|SINGLE_OBSERVATION|WEAK_SELLER_DIVERSITY","","","","","","","True","True","False","False"
"MTG:SECRET_LAIR:SL-35D49FF298AC45","SL-35D49FF298AC45",,"SECRET_LAIR","","STRUCTURAL_ONLY","","EXCLUDE_FROM_MODEL","","NATIVE_VALUATION_RANGE","","STRUCTURAL_VALUATION_RANGE","","NO","","NO","","QUALITY_EXCLUDED:NO_ACCEPTED_EVIDENCE","","","","","","","True","True","False","False"
"MTG:SECRET_LAIR:SL-36280CB83AC2AF","SL-36280CB83AC2AF",,"SECRET_LAIR","","FULL_MODEL","","PASS","","NATIVE_VALUATION_RANGE","","VALUATION_RANGE_READY","","NO","","NO","","","","","","","","","True","True","False","False"
"MTG:SECRET_LAIR:SL-364F90FA6A1775","SL-364F90FA6A1775",,"SECRET_LAIR","","FULL_MODEL","","PASS","","NATIVE_VALUATION_RANGE","","VALUATION_RANGE_READY","","NO","","NO","","","","","","","","","True","True","False","False"
"MTG:SECRET_LAIR:SL-366202692BF768","SL-366202692BF768",,"SECRET_LAIR","","PROVISIONAL_MODEL","","REVIEW_REQUIRED","","NATIVE_VALUATION_RANGE","","WIDE_VALUATION_RANGE","","NO","","NO","","QUALITY_REVIEW_REQUIRED:LOW_CONFIDENCE","","","","","","","True","True","False","False"
"MTG:SECRET_LAIR:SL-3695BA5801481E","SL-3695BA5801481E",,"SECRET_LAIR","","STRUCTURAL_ONLY","","EXCLUDE_FROM_MODEL","","NATIVE_VALUATION_RANGE","","STRUCTURAL_VALUATION_RANGE","","NO","","NO","","QUALITY_EXCLUDED:NO_ACCEPTED_EVIDENCE","","","","","","","True","True","False","False"
"MTG:SECRET_LAIR:SL-369FF863EC799B","SL-369FF863EC799B",,"SECRET_LAIR","","STRUCTURAL_ONLY","","EXCLUDE_FROM_MODEL","","NATIVE_VALUATION_RANGE","","STRUCTURAL_VALUATION_RANGE","","NO","","NO","","QUALITY_EXCLUDED:NO_ACCEPTED_EVIDENCE","","","","","","","True","True","False","False"
"MTG:SECRET_LAIR:SL-3734ADEE0BD3D9","SL-3734ADEE0BD3D9",,"SECRET_LAIR","","PROVISIONAL_MODEL","","REVIEW_REQUIRED","","NATIVE_VALUATION_RANGE","","WIDE_VALUATION_RANGE","","NO","","NO","","QUALITY_REVIEW_REQUIRED:LOW_CONFIDENCE","","","","","","","True","True","False","False"
"MTG:SECRET_LAIR:SL-373CCE73104F13","SL-373CCE73104F13",,"SECRET_LAIR","","STRUCTURAL_ONLY","","EXCLUDE_FROM_MODEL","","NATIVE_VALUATION_RANGE","","STRUCTURAL_VALUATION_RANGE","","NO","","NO","","QUALITY_EXCLUDED:NO_ACCEPTED_EVIDENCE","","","","","","","True","True","False","False"
"MTG:SECRET_LAIR:SL-37C6B768973D2F","SL-37C6B768973D2F",,"SECRET_LAIR","","FULL_MODEL","","PASS","","NATIVE_VALUATION_RANGE","","VALUATION_RANGE_READY","","NO","","NO","","","","","","","","","True","True","False","False"
"MTG:SECRET_LAIR:SL-37F143176116F8","SL-37F143176116F8",,"SECRET_LAIR","","PROVISIONAL_MODEL","","REVIEW_REQUIRED","","NATIVE_VALUATION_RANGE","","WIDE_VALUATION_RANGE","","NO","","NO","","QUALITY_REVIEW_REQUIRED:LOW_CONFIDENCE|SINGLE_OBSERVATION|WEAK_SELLER_DIVERSITY","","","","","","","True","True","False","False"
"MTG:SECRET_LAIR:SL-37F8EC322DC4FF","SL-37F8EC322DC4FF",,"SECRET_LAIR","","FULL_MODEL","","PASS","","NATIVE_VALUATION_RANGE","","VALUATION_RANGE_READY","","NO","","NO","","","","","","","","","True","True","False","False"
"MTG:SECRET_LAIR:SL-383A5390F8CB76","SL-383A5390F8CB76",,"SECRET_LAIR","","STRUCTURAL_ONLY","","EXCLUDE_FROM_MODEL","","NATIVE_VALUATION_RANGE","","STRUCTURAL_VALUATION_RANGE","","NO","","NO","","QUALITY_EXCLUDED:NO_ACCEPTED_EVIDENCE","","","","","","","True","True","False","False"
"MTG:SECRET_LAIR:SL-384FB17537F64E","SL-384FB17537F64E",,"SECRET_LAIR","","STRUCTURAL_ONLY","","EXCLUDE_FROM_MODEL","","NATIVE_VALUATION_RANGE","","STRUCTURAL_VALUATION_RANGE","","NO","","NO","","QUALITY_EXCLUDED:NO_ACCEPTED_EVIDENCE","","","","","","","True","True","False","False"
"MTG:SECRET_LAIR:SL-3852DBF0BE0E0F","SL-3852DBF0BE0E0F",,"SECRET_LAIR","","PROVISIONAL_MODEL","","REVIEW_REQUIRED","","NATIVE_VALUATION_RANGE","","WIDE_VALUATION_RANGE","","NO","","NO","","QUALITY_REVIEW_REQUIRED:LOW_CONFIDENCE","","","","","","","True","True","False","False"
"MTG:SECRET_LAIR:SL-38870530CF4440","SL-38870530CF4440",,"SECRET_LAIR","","STRUCTURAL_ONLY","","EXCLUDE_FROM_MODEL","","NATIVE_VALUATION_RANGE","","STRUCTURAL_VALUATION_RANGE","","NO","","NO","","QUALITY_EXCLUDED:NO_ACCEPTED_EVIDENCE","","","","","","","True","True","False","False"
"MTG:SECRET_LAIR:SL-38D62E44CA4044","SL-38D62E44CA4044",,"SECRET_LAIR","","PROVISIONAL_MODEL","","REVIEW_REQUIRED","","NATIVE_VALUATION_RANGE","","WIDE_VALUATION_RANGE","","NO","","NO","","QUALITY_REVIEW_REQUIRED:LOW_CONFIDENCE","","","","","","","True","True","False","False"
"MTG:SECRET_LAIR:SL-391ADFABB49A8E","SL-391ADFABB49A8E",,"SECRET_LAIR","","STRUCTURAL_ONLY","","EXCLUDE_FROM_MODEL","","NATIVE_VALUATION_RANGE","","STRUCTURAL_VALUATION_RANGE","","NO","","NO","","QUALITY_EXCLUDED:NO_ACCEPTED_EVIDENCE","","","","","","","True","True","False","False"
"MTG:SECRET_LAIR:SL-397AD1D0B568A3","SL-397AD1D0B568A3",,"SECRET_LAIR","","STRUCTURAL_ONLY","","EXCLUDE_FROM_MODEL","","NATIVE_VALUATION_RANGE","","STRUCTURAL_VALUATION_RANGE","","NO","","NO","","QUALITY_EXCLUDED:NO_ACCEPTED_EVIDENCE","","","","","","","True","True","False","False"
"MTG:SECRET_LAIR:SL-39B978CCE71007","SL-39B978CCE71007",,"SECRET_LAIR","","FULL_MODEL","","PASS","","NATIVE_VALUATION_RANGE","","VALUATION_RANGE_READY","","NO","","NO","","","","","","","","","True","True","False","False"
"MTG:SECRET_LAIR:SL-39CDF02CD749A1","SL-39CDF02CD749A1",,"SECRET_LAIR","","PROVISIONAL_MODEL","","REVIEW_REQUIRED","","NATIVE_VALUATION_RANGE","","WIDE_VALUATION_RANGE","","NO","","NO","","QUALITY_REVIEW_REQUIRED:LOW_CONFIDENCE","","","","","","","True","True","False","False"
"MTG:SECRET_LAIR:SL-39F25CFE2C5A26","SL-39F25CFE2C5A26",,"SECRET_LAIR","","STRUCTURAL_ONLY","","EXCLUDE_FROM_MODEL","","NATIVE_VALUATION_RANGE","","STRUCTURAL_VALUATION_RANGE","","NO","","NO","","QUALITY_EXCLUDED:NO_ACCEPTED_EVIDENCE","","","","","","","True","True","False","False"
"MTG:SECRET_LAIR:SL-3A02BD35AC0C02","SL-3A02BD35AC0C02",,"SECRET_LAIR","","STRUCTURAL_ONLY","","EXCLUDE_FROM_MODEL","","NATIVE_VALUATION_RANGE","","STRUCTURAL_VALUATION_RANGE","","NO","","NO","","QUALITY_EXCLUDED:NO_ACCEPTED_EVIDENCE","","","","","","","True","True","False","False"
"MTG:SECRET_LAIR:SL-3A798704DD8BBD","SL-3A798704DD8BBD",,"SECRET_LAIR","","STRUCTURAL_ONLY","","EXCLUDE_FROM_MODEL","","NATIVE_VALUATION_RANGE","","STRUCTURAL_VALUATION_RANGE","","NO","","NO","","QUALITY_EXCLUDED:NO_ACCEPTED_EVIDENCE","","","","","","","True","True","False","False"
"MTG:SECRET_LAIR:SL-3A8C34AA302232","SL-3A8C34AA302232",,"SECRET_LAIR","","PROVISIONAL_MODEL","","REVIEW_REQUIRED","","NATIVE_VALUATION_RANGE","","WIDE_VALUATION_RANGE","","NO","","NO","","QUALITY_REVIEW_REQUIRED:HIGH_MEDIAN_VALUE","","","","","","","True","True","False","False"
"MTG:SECRET_LAIR:SL-3ABE230D547642","SL-3ABE230D547642",,"SECRET_LAIR","","STRUCTURAL_ONLY","","EXCLUDE_FROM_MODEL","","NATIVE_VALUATION_RANGE","","STRUCTURAL_VALUATION_RANGE","","NO","","NO","","QUALITY_EXCLUDED:NO_ACCEPTED_EVIDENCE","","","","","","","True","True","False","False"
"MTG:SECRET_LAIR:SL-3AD38730FCEF33","SL-3AD38730FCEF33",,"SECRET_LAIR","","STRUCTURAL_ONLY","","EXCLUDE_FROM_MODEL","","NATIVE_VALUATION_RANGE","","STRUCTURAL_VALUATION_RANGE","","NO","","NO","","QUALITY_EXCLUDED:NO_ACCEPTED_EVIDENCE","","","","","","","True","True","False","False"
"MTG:SECRET_LAIR:SL-3AE8E2E6E8B3B6","SL-3AE8E2E6E8B3B6",,"SECRET_LAIR","","STRUCTURAL_ONLY","","EXCLUDE_FROM_MODEL","","NATIVE_VALUATION_RANGE","","STRUCTURAL_VALUATION_RANGE","","NO","","NO","","QUALITY_EXCLUDED:NO_ACCEPTED_EVIDENCE","","","","","","","True","True","False","False"
"MTG:SECRET_LAIR:SL-3AED22057A4FFB","SL-3AED22057A4FFB",,"SECRET_LAIR","","STRUCTURAL_ONLY","","EXCLUDE_FROM_MODEL","","NATIVE_VALUATION_RANGE","","STRUCTURAL_VALUATION_RANGE","","NO","","NO","","QUALITY_EXCLUDED:NO_ACCEPTED_EVIDENCE","","","","","","","True","True","False","False"
"MTG:SECRET_LAIR:SL-3B1C73233CF74E","SL-3B1C73233CF74E",,"SECRET_LAIR","","PROVISIONAL_MODEL","","REVIEW_REQUIRED","","NATIVE_VALUATION_RANGE","","WIDE_VALUATION_RANGE","","NO","","NO","","QUALITY_REVIEW_REQUIRED:LOW_CONFIDENCE|SINGLE_OBSERVATION|WEAK_SELLER_DIVERSITY","","","","","","","True","True","False","False"
"MTG:SECRET_LAIR:SL-3BCA01B6A36AD0","SL-3BCA01B6A36AD0",,"SECRET_LAIR","","PROVISIONAL_MODEL","","REVIEW_REQUIRED","","NATIVE_VALUATION_RANGE","","WIDE_VALUATION_RANGE","","NO","","NO","","QUALITY_REVIEW_REQUIRED:LOW_CONFIDENCE|SINGLE_OBSERVATION|WEAK_SELLER_DIVERSITY","","","","","","","True","True","False","False"
"MTG:SECRET_LAIR:SL-3BF23A821ADB00","SL-3BF23A821ADB00",,"SECRET_LAIR","","STRUCTURAL_ONLY","","EXCLUDE_FROM_MODEL","","NATIVE_VALUATION_RANGE","","STRUCTURAL_VALUATION_RANGE","","NO","","NO","","QUALITY_EXCLUDED:NO_ACCEPTED_EVIDENCE","","","","","","","True","True","False","False"
"MTG:SECRET_LAIR:SL-3BF37BD3ACB158","SL-3BF37BD3ACB158",,"SECRET_LAIR","","FULL_MODEL","","PASS","","NATIVE_VALUATION_RANGE","","VALUATION_RANGE_READY","","NO","","NO","","","","","","","","","True","True","False","False"
"MTG:SECRET_LAIR:SL-3BF8B1EFC3D63E","SL-3BF8B1EFC3D63E",,"SECRET_LAIR","","PROVISIONAL_MODEL","","REVIEW_REQUIRED","","NATIVE_VALUATION_RANGE","","WIDE_VALUATION_RANGE","","NO","","NO","","QUALITY_REVIEW_REQUIRED:LOW_CONFIDENCE","","","","","","","True","True","False","False"
"MTG:SECRET_LAIR:SL-3C65FD2BF954A2","SL-3C65FD2BF954A2",,"SECRET_LAIR","","FULL_MODEL","","PASS","","NATIVE_VALUATION_RANGE","","VALUATION_RANGE_READY","","NO","","NO","","","","","","","","","True","True","False","False"
"MTG:SECRET_LAIR:SL-3C8F74D9F8C33A","SL-3C8F74D9F8C33A",,"SECRET_LAIR","","FULL_MODEL","","PASS","","NATIVE_VALUATION_RANGE","","VALUATION_RANGE_READY","","NO","","NO","","","","","","","","","True","True","False","False"
"MTG:SECRET_LAIR:SL-3C90B58C213EC3","SL-3C90B58C213EC3",,"SECRET_LAIR","","PROVISIONAL_MODEL","","REVIEW_REQUIRED","","NATIVE_VALUATION_RANGE","","WIDE_VALUATION_RANGE","","NO","","NO","","QUALITY_REVIEW_REQUIRED:LOW_CONFIDENCE","","","","","","","True","True","False","False"
"MTG:SECRET_LAIR:SL-3CA7E30CC977F0","SL-3CA7E30CC977F0",,"SECRET_LAIR","","STRUCTURAL_ONLY","","EXCLUDE_FROM_MODEL","","NATIVE_VALUATION_RANGE","","STRUCTURAL_VALUATION_RANGE","","NO","","NO","","QUALITY_EXCLUDED:NO_ACCEPTED_EVIDENCE","","","","","","","True","True","False","False"
"MTG:SECRET_LAIR:SL-3CE747424ABD9D","SL-3CE747424ABD9D",,"SECRET_LAIR","","STRUCTURAL_ONLY","","EXCLUDE_FROM_MODEL","","NATIVE_VALUATION_RANGE","","STRUCTURAL_VALUATION_RANGE","","NO","","NO","","QUALITY_EXCLUDED:NO_ACCEPTED_EVIDENCE","","","","","","","True","True","False","False"
"MTG:SECRET_LAIR:SL-3D0052CFE56421","SL-3D0052CFE56421",,"SECRET_LAIR","","STRUCTURAL_ONLY","","EXCLUDE_FROM_MODEL","","NATIVE_VALUATION_RANGE","","STRUCTURAL_VALUATION_RANGE","","NO","","NO","","QUALITY_EXCLUDED:NO_ACCEPTED_EVIDENCE","","","","","","","True","True","False","False"
"MTG:SECRET_LAIR:SL-3D01D7D0EAE8CA","SL-3D01D7D0EAE8CA",,"SECRET_LAIR","","FULL_MODEL","","PASS","","NATIVE_VALUATION_RANGE","","VALUATION_RANGE_READY","","NO","","NO","","","","","","","","","True","True","False","False"
"MTG:SECRET_LAIR:SL-3D16987F5EDCDC","SL-3D16987F5EDCDC",,"SECRET_LAIR","","STRUCTURAL_ONLY","","EXCLUDE_FROM_MODEL","","NATIVE_VALUATION_RANGE","","STRUCTURAL_VALUATION_RANGE","","NO","","NO","","QUALITY_EXCLUDED:NO_ACCEPTED_EVIDENCE","","","","","","","True","True","False","False"
"MTG:SECRET_LAIR:SL-3D43E1264ED817","SL-3D43E1264ED817",,"SECRET_LAIR","","FULL_MODEL","","PASS","","NATIVE_VALUATION_RANGE","","VALUATION_RANGE_READY","","NO","","NO","","","","","","","","","True","True","False","False"
"MTG:SECRET_LAIR:SL-3D4434A1970156","SL-3D4434A1970156",,"SECRET_LAIR","","STRUCTURAL_ONLY","","EXCLUDE_FROM_MODEL","","NATIVE_VALUATION_RANGE","","STRUCTURAL_VALUATION_RANGE","","NO","","NO","","QUALITY_EXCLUDED:NO_ACCEPTED_EVIDENCE","","","","","","","True","True","False","False"
"MTG:SECRET_LAIR:SL-3D4D8B9063C0F4","SL-3D4D8B9063C0F4",,"SECRET_LAIR","","STRUCTURAL_ONLY","","EXCLUDE_FROM_MODEL","","NATIVE_VALUATION_RANGE","","STRUCTURAL_VALUATION_RANGE","","NO","","NO","","QUALITY_EXCLUDED:NO_ACCEPTED_EVIDENCE","","","","","","","True","True","False","False"
"MTG:SECRET_LAIR:SL-3D98DA707A8A83","SL-3D98DA707A8A83",,"SECRET_LAIR","","PROVISIONAL_MODEL","","REVIEW_REQUIRED","","NATIVE_VALUATION_RANGE","","WIDE_VALUATION_RANGE","","NO","","NO","","QUALITY_REVIEW_REQUIRED:LOW_CONFIDENCE","","","","","","","True","True","False","False"
"MTG:SECRET_LAIR:SL-3EEFF77D627261","SL-3EEFF77D627261",,"SECRET_LAIR","","PROVISIONAL_MODEL","","REVIEW_REQUIRED","","NATIVE_VALUATION_RANGE","","WIDE_VALUATION_RANGE","","NO","","NO","","QUALITY_REVIEW_REQUIRED:LOW_CONFIDENCE|SINGLE_OBSERVATION|WEAK_SELLER_DIVERSITY","","","","","","","True","True","False","False"
"MTG:SECRET_LAIR:SL-3EF9855B3720AF","SL-3EF9855B3720AF",,"SECRET_LAIR","","PROVISIONAL_MODEL","","REVIEW_REQUIRED","","NATIVE_VALUATION_RANGE","","WIDE_VALUATION_RANGE","","NO","","NO","","QUALITY_REVIEW_REQUIRED:LOW_CONFIDENCE|SINGLE_OBSERVATION|WEAK_SELLER_DIVERSITY","","","","","","","True","True","False","False"
"MTG:SECRET_LAIR:SL-3F0275C619056A","SL-3F0275C619056A",,"SECRET_LAIR","","STRUCTURAL_ONLY","","EXCLUDE_FROM_MODEL","","NATIVE_VALUATION_RANGE","","STRUCTURAL_VALUATION_RANGE","","NO","","NO","","QUALITY_EXCLUDED:NO_ACCEPTED_EVIDENCE","","","","","","","True","True","False","False"
"MTG:SECRET_LAIR:SL-3F1F1DB9343414","SL-3F1F1DB9343414",,"SECRET_LAIR","","FULL_MODEL","","PASS","","NATIVE_VALUATION_RANGE","","VALUATION_RANGE_READY","","NO","","NO","","","","","","","","","True","True","False","False"
"MTG:SECRET_LAIR:SL-3F2B421DD9669F","SL-3F2B421DD9669F",,"SECRET_LAIR","","STRUCTURAL_ONLY","","EXCLUDE_FROM_MODEL","","NATIVE_VALUATION_RANGE","","STRUCTURAL_VALUATION_RANGE","","NO","","NO","","QUALITY_EXCLUDED:NO_ACCEPTED_EVIDENCE","","","","","","","True","True","False","False"
"MTG:SECRET_LAIR:SL-3F3C86FF9BD9C8","SL-3F3C86FF9BD9C8",,"SECRET_LAIR","","STRUCTURAL_ONLY","","EXCLUDE_FROM_MODEL","","NATIVE_VALUATION_RANGE","","STRUCTURAL_VALUATION_RANGE","","NO","","NO","","QUALITY_EXCLUDED:NO_ACCEPTED_EVIDENCE","","","","","","","True","True","False","False"
"MTG:SECRET_LAIR:SL-3F745D24C8D183","SL-3F745D24C8D183",,"SECRET_LAIR","","STRUCTURAL_ONLY","","EXCLUDE_FROM_MODEL","","NATIVE_VALUATION_RANGE","","STRUCTURAL_VALUATION_RANGE","","NO","","NO","","QUALITY_EXCLUDED:NO_ACCEPTED_EVIDENCE","","","","","","","True","True","False","False"
"MTG:SECRET_LAIR:SL-4018B4444438E9","SL-4018B4444438E9",,"SECRET_LAIR","","FULL_MODEL","","PASS","","NATIVE_VALUATION_RANGE","","VALUATION_RANGE_READY","","NO","","NO","","","","","","","","","True","True","False","False"
"MTG:SECRET_LAIR:SL-401C61727EE263","SL-401C61727EE263",,"SECRET_LAIR","","FULL_MODEL","","PASS","","NATIVE_VALUATION_RANGE","","VALUATION_RANGE_READY","","NO","","NO","","","","","","","","","True","True","False","False"
"MTG:SECRET_LAIR:SL-40670F87176D8C","SL-40670F87176D8C",,"SECRET_LAIR","","STRUCTURAL_ONLY","","EXCLUDE_FROM_MODEL","","NATIVE_VALUATION_RANGE","","STRUCTURAL_VALUATION_RANGE","","NO","","NO","","QUALITY_EXCLUDED:NO_ACCEPTED_EVIDENCE","","","","","","","True","True","False","False"
"MTG:SECRET_LAIR:SL-40B6F9DD3A4665","SL-40B6F9DD3A4665",,"SECRET_LAIR","","PROVISIONAL_MODEL","","REVIEW_REQUIRED","","NATIVE_VALUATION_RANGE","","WIDE_VALUATION_RANGE","","NO","","NO","","QUALITY_REVIEW_REQUIRED:LOW_CONFIDENCE|SINGLE_OBSERVATION|WEAK_SELLER_DIVERSITY","","","","","","","True","True","False","False"
"MTG:SECRET_LAIR:SL-412C261AA45A1B","SL-412C261AA45A1B",,"SECRET_LAIR","","STRUCTURAL_ONLY","","EXCLUDE_FROM_MODEL","","NATIVE_VALUATION_RANGE","","STRUCTURAL_VALUATION_RANGE","","NO","","NO","","QUALITY_EXCLUDED:NO_ACCEPTED_EVIDENCE","","","","","","","True","True","False","False"
"MTG:SECRET_LAIR:SL-415E40E57B3DAB","SL-415E40E57B3DAB",,"SECRET_LAIR","","STRUCTURAL_ONLY","","EXCLUDE_FROM_MODEL","","NATIVE_VALUATION_RANGE","","STRUCTURAL_VALUATION_RANGE","","NO","","NO","","QUALITY_EXCLUDED:NO_ACCEPTED_EVIDENCE","","","","","","","True","True","False","False"
"MTG:SECRET_LAIR:SL-41A8311FB84FA5","SL-41A8311FB84FA5",,"SECRET_LAIR","","PROVISIONAL_MODEL","","REVIEW_REQUIRED","","NATIVE_VALUATION_RANGE","","WIDE_VALUATION_RANGE","","NO","","NO","","QUALITY_REVIEW_REQUIRED:LOW_CONFIDENCE|SINGLE_OBSERVATION|WEAK_SELLER_DIVERSITY","","","","","","","True","True","False","False"
"MTG:SECRET_LAIR:SL-41DAD3A3B372D8","SL-41DAD3A3B372D8",,"SECRET_LAIR","","STRUCTURAL_ONLY","","EXCLUDE_FROM_MODEL","","NATIVE_VALUATION_RANGE","","STRUCTURAL_VALUATION_RANGE","","NO","","NO","","QUALITY_EXCLUDED:NO_ACCEPTED_EVIDENCE","","","","","","","True","True","False","False"
"MTG:SECRET_LAIR:SL-42559D1C728178","SL-42559D1C728178",,"SECRET_LAIR","","STRUCTURAL_ONLY","","EXCLUDE_FROM_MODEL","","NATIVE_VALUATION_RANGE","","STRUCTURAL_VALUATION_RANGE","","NO","","NO","","QUALITY_EXCLUDED:NO_ACCEPTED_EVIDENCE","","","","","","","True","True","False","False"
"MTG:SECRET_LAIR:SL-4262135C124315","SL-4262135C124315",,"SECRET_LAIR","","FULL_MODEL","","PASS","","NATIVE_VALUATION_RANGE","","VALUATION_RANGE_READY","","NO","","NO","","","","","","","","","True","True","False","False"
"MTG:SECRET_LAIR:SL-42D8B704EA16D9","SL-42D8B704EA16D9",,"SECRET_LAIR","","STRUCTURAL_ONLY","","EXCLUDE_FROM_MODEL","","NATIVE_VALUATION_RANGE","","STRUCTURAL_VALUATION_RANGE","","NO","","NO","","QUALITY_EXCLUDED:HIGH_DISPERSION|VERY_LOW_CONFIDENCE|WEAK_SELLER_DIVERSITY|WIDE_PRICE_RANGE","","","","","","","True","True","False","False"
"MTG:SECRET_LAIR:SL-43286263D6D2C4","SL-43286263D6D2C4",,"SECRET_LAIR","","STRUCTURAL_ONLY","","EXCLUDE_FROM_MODEL","","NATIVE_VALUATION_RANGE","","STRUCTURAL_VALUATION_RANGE","","NO","","NO","","QUALITY_EXCLUDED:NO_ACCEPTED_EVIDENCE","","","","","","","True","True","False","False"
"MTG:SECRET_LAIR:SL-43659890F8CF5B","SL-43659890F8CF5B",,"SECRET_LAIR","","STRUCTURAL_ONLY","","EXCLUDE_FROM_MODEL","","NATIVE_VALUATION_RANGE","","STRUCTURAL_VALUATION_RANGE","","NO","","NO","","QUALITY_EXCLUDED:NO_ACCEPTED_EVIDENCE","","","","","","","True","True","False","False"
"MTG:SECRET_LAIR:SL-43DBFB9B561C4B","SL-43DBFB9B561C4B",,"SECRET_LAIR","","STRUCTURAL_ONLY","","EXCLUDE_FROM_MODEL","","NATIVE_VALUATION_RANGE","","STRUCTURAL_VALUATION_RANGE","","NO","","NO","","QUALITY_EXCLUDED:NO_ACCEPTED_EVIDENCE","","","","","","","True","True","False","False"
"MTG:SECRET_LAIR:SL-4445D560A16695","SL-4445D560A16695",,"SECRET_LAIR","","PROVISIONAL_MODEL","","REVIEW_REQUIRED","","NATIVE_VALUATION_RANGE","","WIDE_VALUATION_RANGE","","NO","","NO","","QUALITY_REVIEW_REQUIRED:LOW_CONFIDENCE|SINGLE_OBSERVATION|WEAK_SELLER_DIVERSITY","","","","","","","True","True","False","False"
"MTG:SECRET_LAIR:SL-44C1A8804ED001","SL-44C1A8804ED001",,"SECRET_LAIR","","STRUCTURAL_ONLY","","EXCLUDE_FROM_MODEL","","NATIVE_VALUATION_RANGE","","STRUCTURAL_VALUATION_RANGE","","NO","","NO","","QUALITY_EXCLUDED:NO_ACCEPTED_EVIDENCE","","","","","","","True","True","False","False"
"MTG:SECRET_LAIR:SL-452614AF0A815A","SL-452614AF0A815A",,"SECRET_LAIR","","STRUCTURAL_ONLY","","EXCLUDE_FROM_MODEL","","NATIVE_VALUATION_RANGE","","STRUCTURAL_VALUATION_RANGE","","NO","","NO","","QUALITY_EXCLUDED:NO_ACCEPTED_EVIDENCE","","","","","","","True","True","False","False"
"MTG:SECRET_LAIR:SL-4538C3C87DD66E","SL-4538C3C87DD66E",,"SECRET_LAIR","","PROVISIONAL_MODEL","","REVIEW_REQUIRED","","NATIVE_VALUATION_RANGE","","WIDE_VALUATION_RANGE","","NO","","NO","","QUALITY_REVIEW_REQUIRED:LOW_CONFIDENCE","","","","","","","True","True","False","False"
"MTG:SECRET_LAIR:SL-45AC0450672011","SL-45AC0450672011",,"SECRET_LAIR","","PROVISIONAL_MODEL","","REVIEW_REQUIRED","","NATIVE_VALUATION_RANGE","","WIDE_VALUATION_RANGE","","NO","","NO","","QUALITY_REVIEW_REQUIRED:LOW_CONFIDENCE|SINGLE_OBSERVATION|WEAK_SELLER_DIVERSITY","","","","","","","True","True","False","False"
"MTG:SECRET_LAIR:SL-45AD439AB34854","SL-45AD439AB34854",,"SECRET_LAIR","","STRUCTURAL_ONLY","","EXCLUDE_FROM_MODEL","","NATIVE_VALUATION_RANGE","","STRUCTURAL_VALUATION_RANGE","","NO","","NO","","QUALITY_EXCLUDED:NO_ACCEPTED_EVIDENCE","","","","","","","True","True","False","False"
"MTG:SECRET_LAIR:SL-4608D41552CD68","SL-4608D41552CD68",,"SECRET_LAIR","","STRUCTURAL_ONLY","","EXCLUDE_FROM_MODEL","","NATIVE_VALUATION_RANGE","","STRUCTURAL_VALUATION_RANGE","","NO","","NO","","QUALITY_EXCLUDED:NO_ACCEPTED_EVIDENCE","","","","","","","True","True","False","False"
"MTG:SECRET_LAIR:SL-4735ED23F7A4FD","SL-4735ED23F7A4FD",,"SECRET_LAIR","","STRUCTURAL_ONLY","","EXCLUDE_FROM_MODEL","","NATIVE_VALUATION_RANGE","","STRUCTURAL_VALUATION_RANGE","","NO","","NO","","QUALITY_EXCLUDED:NO_ACCEPTED_EVIDENCE","","","","","","","True","True","False","False"
"MTG:SECRET_LAIR:SL-47609F826AE46F","SL-47609F826AE46F",,"SECRET_LAIR","","PROVISIONAL_MODEL","","REVIEW_REQUIRED","","NATIVE_VALUATION_RANGE","","WIDE_VALUATION_RANGE","","NO","","NO","","QUALITY_REVIEW_REQUIRED:LOW_CONFIDENCE","","","","","","","True","True","False","False"
"MTG:SECRET_LAIR:SL-47D0706F022868","SL-47D0706F022868",,"SECRET_LAIR","","STRUCTURAL_ONLY","","EXCLUDE_FROM_MODEL","","NATIVE_VALUATION_RANGE","","STRUCTURAL_VALUATION_RANGE","","NO","","NO","","QUALITY_EXCLUDED:NO_ACCEPTED_EVIDENCE","","","","","","","True","True","False","False"
"MTG:SECRET_LAIR:SL-47FD7A58931702","SL-47FD7A58931702",,"SECRET_LAIR","","PROVISIONAL_MODEL","","REVIEW_REQUIRED","","NATIVE_VALUATION_RANGE","","WIDE_VALUATION_RANGE","","NO","","NO","","QUALITY_REVIEW_REQUIRED:LOW_CONFIDENCE|SINGLE_OBSERVATION|WEAK_SELLER_DIVERSITY","","","","","","","True","True","False","False"
"MTG:SECRET_LAIR:SL-481026198BBC92","SL-481026198BBC92",,"SECRET_LAIR","","STRUCTURAL_ONLY","","EXCLUDE_FROM_MODEL","","NATIVE_VALUATION_RANGE","","STRUCTURAL_VALUATION_RANGE","","NO","","NO","","QUALITY_EXCLUDED:NO_ACCEPTED_EVIDENCE","","","","","","","True","True","False","False"
"MTG:SECRET_LAIR:SL-481C91DE34F288","SL-481C91DE34F288",,"SECRET_LAIR","","PROVISIONAL_MODEL","","REVIEW_REQUIRED","","NATIVE_VALUATION_RANGE","","WIDE_VALUATION_RANGE","","NO","","NO","","QUALITY_REVIEW_REQUIRED:LOW_CONFIDENCE","","","","","","","True","True","False","False"
"MTG:SECRET_LAIR:SL-485FDCB7A00AFE","SL-485FDCB7A00AFE",,"SECRET_LAIR","","PROVISIONAL_MODEL","","REVIEW_REQUIRED","","NATIVE_VALUATION_RANGE","","WIDE_VALUATION_RANGE","","NO","","NO","","QUALITY_REVIEW_REQUIRED:LOW_CONFIDENCE","","","","","","","True","True","False","False"
"MTG:SECRET_LAIR:SL-48E2D44B0DB112","SL-48E2D44B0DB112",,"SECRET_LAIR","","STRUCTURAL_ONLY","","EXCLUDE_FROM_MODEL","","NATIVE_VALUATION_RANGE","","STRUCTURAL_VALUATION_RANGE","","NO","","NO","","QUALITY_EXCLUDED:NO_ACCEPTED_EVIDENCE","","","","","","","True","True","False","False"
"MTG:SECRET_LAIR:SL-4A13D668591161","SL-4A13D668591161",,"SECRET_LAIR","","PROVISIONAL_MODEL","","REVIEW_REQUIRED","","NATIVE_VALUATION_RANGE","","WIDE_VALUATION_RANGE","","NO","","NO","","QUALITY_REVIEW_REQUIRED:LOW_CONFIDENCE|SINGLE_OBSERVATION|WEAK_SELLER_DIVERSITY","","","","","","","True","True","False","False"
"MTG:SECRET_LAIR:SL-4AF8E5539A3A37","SL-4AF8E5539A3A37",,"SECRET_LAIR","","STRUCTURAL_ONLY","","EXCLUDE_FROM_MODEL","","NATIVE_VALUATION_RANGE","","STRUCTURAL_VALUATION_RANGE","","NO","","NO","","QUALITY_EXCLUDED:NO_ACCEPTED_EVIDENCE","","","","","","","True","True","False","False"
"MTG:SECRET_LAIR:SL-4AFB9096DD6221","SL-4AFB9096DD6221",,"SECRET_LAIR","","PROVISIONAL_MODEL","","REVIEW_REQUIRED","","NATIVE_VALUATION_RANGE","","WIDE_VALUATION_RANGE","","NO","","NO","","QUALITY_REVIEW_REQUIRED:LOW_CONFIDENCE","","","","","","","True","True","False","False"
"MTG:SECRET_LAIR:SL-4B22D43419542B","SL-4B22D43419542B",,"SECRET_LAIR","","PROVISIONAL_MODEL","","REVIEW_REQUIRED","","NATIVE_VALUATION_RANGE","","WIDE_VALUATION_RANGE","","NO","","NO","","QUALITY_REVIEW_REQUIRED:LOW_CONFIDENCE","","","","","","","True","True","False","False"
"MTG:SECRET_LAIR:SL-4B314F21B95F79","SL-4B314F21B95F79",,"SECRET_LAIR","","FULL_MODEL","","PASS","","NATIVE_VALUATION_RANGE","","VALUATION_RANGE_READY","","NO","","NO","","","","","","","","","True","True","False","False"
"MTG:SECRET_LAIR:SL-4BE57560047EB4","SL-4BE57560047EB4",,"SECRET_LAIR","","STRUCTURAL_ONLY","","EXCLUDE_FROM_MODEL","","NATIVE_VALUATION_RANGE","","STRUCTURAL_VALUATION_RANGE","","NO","","NO","","QUALITY_EXCLUDED:NO_ACCEPTED_EVIDENCE","","","","","","","True","True","False","False"
"MTG:SECRET_LAIR:SL-4BF63B64592660","SL-4BF63B64592660",,"SECRET_LAIR","","PROVISIONAL_MODEL","","REVIEW_REQUIRED","","NATIVE_VALUATION_RANGE","","WIDE_VALUATION_RANGE","","NO","","NO","","QUALITY_REVIEW_REQUIRED:LOW_CONFIDENCE","","","","","","","True","True","False","False"
"MTG:SECRET_LAIR:SL-4BF7FE45B6D5FA","SL-4BF7FE45B6D5FA",,"SECRET_LAIR","","FULL_MODEL","","PASS","","NATIVE_VALUATION_RANGE","","VALUATION_RANGE_READY","","NO","","NO","","","","","","","","","True","True","False","False"
"MTG:SECRET_LAIR:SL-4C044399719CB3","SL-4C044399719CB3",,"SECRET_LAIR","","STRUCTURAL_ONLY","","EXCLUDE_FROM_MODEL","","NATIVE_VALUATION_RANGE","","STRUCTURAL_VALUATION_RANGE","","NO","","NO","","QUALITY_EXCLUDED:NO_ACCEPTED_EVIDENCE","","","","","","","True","True","False","False"
"MTG:SECRET_LAIR:SL-4C3509AD7E230B","SL-4C3509AD7E230B",,"SECRET_LAIR","","PROVISIONAL_MODEL","","REVIEW_REQUIRED","","NATIVE_VALUATION_RANGE","","WIDE_VALUATION_RANGE","","NO","","NO","","QUALITY_REVIEW_REQUIRED:LOW_CONFIDENCE","","","","","","","True","True","False","False"
"MTG:SECRET_LAIR:SL-4C4FCD42C6E4CB","SL-4C4FCD42C6E4CB",,"SECRET_LAIR","","FULL_MODEL","","PASS","","NATIVE_VALUATION_RANGE","","VALUATION_RANGE_READY","","NO","","NO","","","","","","","","","True","True","False","False"
"MTG:SECRET_LAIR:SL-4C6A3C65A74465","SL-4C6A3C65A74465",,"SECRET_LAIR","","PROVISIONAL_MODEL","","REVIEW_REQUIRED","","NATIVE_VALUATION_RANGE","","WIDE_VALUATION_RANGE","","NO","","NO","","QUALITY_REVIEW_REQUIRED:LOW_CONFIDENCE|SINGLE_OBSERVATION|WEAK_SELLER_DIVERSITY","","","","","","","True","True","False","False"
"MTG:SECRET_LAIR:SL-4D59CDC526B4A4","SL-4D59CDC526B4A4",,"SECRET_LAIR","","STRUCTURAL_ONLY","","EXCLUDE_FROM_MODEL","","NATIVE_VALUATION_RANGE","","STRUCTURAL_VALUATION_RANGE","","NO","","NO","","QUALITY_EXCLUDED:NO_ACCEPTED_EVIDENCE","","","","","","","True","True","False","False"
"MTG:SECRET_LAIR:SL-4D89F0ED51988D","SL-4D89F0ED51988D",,"SECRET_LAIR","","PROVISIONAL_MODEL","","REVIEW_REQUIRED","","NATIVE_VALUATION_RANGE","","WIDE_VALUATION_RANGE","","NO","","NO","","QUALITY_REVIEW_REQUIRED:LOW_CONFIDENCE","","","","","","","True","True","False","False"
"MTG:SECRET_LAIR:SL-4E0F9462AECE34","SL-4E0F9462AECE34",,"SECRET_LAIR","","STRUCTURAL_ONLY","","EXCLUDE_FROM_MODEL","","NATIVE_VALUATION_RANGE","","STRUCTURAL_VALUATION_RANGE","","NO","","NO","","QUALITY_EXCLUDED:NO_ACCEPTED_EVIDENCE","","","","","","","True","True","False","False"
"MTG:SECRET_LAIR:SL-4E3DD31A8F10CD","SL-4E3DD31A8F10CD",,"SECRET_LAIR","","STRUCTURAL_ONLY","","EXCLUDE_FROM_MODEL","","NATIVE_VALUATION_RANGE","","STRUCTURAL_VALUATION_RANGE","","NO","","NO","","QUALITY_EXCLUDED:NO_ACCEPTED_EVIDENCE","","","","","","","True","True","False","False"
"MTG:SECRET_LAIR:SL-4E446C326A35E0","SL-4E446C326A35E0",,"SECRET_LAIR","","STRUCTURAL_ONLY","","EXCLUDE_FROM_MODEL","","NATIVE_VALUATION_RANGE","","STRUCTURAL_VALUATION_RANGE","","NO","","NO","","QUALITY_EXCLUDED:NO_ACCEPTED_EVIDENCE","","","","","","","True","True","False","False"
"MTG:SECRET_LAIR:SL-4E4666C9C585DF","SL-4E4666C9C585DF",,"SECRET_LAIR","","FULL_MODEL","","PASS","","NATIVE_VALUATION_RANGE","","VALUATION_RANGE_READY","","NO","","NO","","","","","","","","","True","True","False","False"
"MTG:SECRET_LAIR:SL-4F949907592453","SL-4F949907592453",,"SECRET_LAIR","","STRUCTURAL_ONLY","","EXCLUDE_FROM_MODEL","","NATIVE_VALUATION_RANGE","","STRUCTURAL_VALUATION_RANGE","","NO","","NO","","QUALITY_EXCLUDED:NO_ACCEPTED_EVIDENCE","","","","","","","True","True","False","False"
"MTG:SECRET_LAIR:SL-500F5F97CE9D3D","SL-500F5F97CE9D3D",,"SECRET_LAIR","","STRUCTURAL_ONLY","","EXCLUDE_FROM_MODEL","","NATIVE_VALUATION_RANGE","","STRUCTURAL_VALUATION_RANGE","","NO","","NO","","QUALITY_EXCLUDED:NO_ACCEPTED_EVIDENCE","","","","","","","True","True","False","False"
"MTG:SECRET_LAIR:SL-5023185002A2AA","SL-5023185002A2AA",,"SECRET_LAIR","","FULL_MODEL","","PASS","","NATIVE_VALUATION_RANGE","","VALUATION_RANGE_READY","","NO","","NO","","","","","","","","","True","True","False","False"
"MTG:SECRET_LAIR:SL-5068960BC36908","SL-5068960BC36908",,"SECRET_LAIR","","STRUCTURAL_ONLY","","EXCLUDE_FROM_MODEL","","NATIVE_VALUATION_RANGE","","STRUCTURAL_VALUATION_RANGE","","NO","","NO","","QUALITY_EXCLUDED:NO_ACCEPTED_EVIDENCE","","","","","","","True","True","False","False"
"MTG:SECRET_LAIR:SL-50C145DADB01EC","SL-50C145DADB01EC",,"SECRET_LAIR","","PROVISIONAL_MODEL","","REVIEW_REQUIRED","","NATIVE_VALUATION_RANGE","","WIDE_VALUATION_RANGE","","NO","","NO","","QUALITY_REVIEW_REQUIRED:LOW_CONFIDENCE","","","","","","","True","True","False","False"
"MTG:SECRET_LAIR:SL-50E644B80B9CC1","SL-50E644B80B9CC1",,"SECRET_LAIR","","STRUCTURAL_ONLY","","EXCLUDE_FROM_MODEL","","NATIVE_VALUATION_RANGE","","STRUCTURAL_VALUATION_RANGE","","NO","","NO","","QUALITY_EXCLUDED:NO_ACCEPTED_EVIDENCE","","","","","","","True","True","False","False"
"MTG:SECRET_LAIR:SL-50FC4B0DB8BFBC","SL-50FC4B0DB8BFBC",,"SECRET_LAIR","","PROVISIONAL_MODEL","","REVIEW_REQUIRED","","NATIVE_VALUATION_RANGE","","WIDE_VALUATION_RANGE","","NO","","NO","","QUALITY_REVIEW_REQUIRED:LOW_CONFIDENCE","","","","","","","True","True","False","False"
"MTG:SECRET_LAIR:SL-514B5766ECCE6E","SL-514B5766ECCE6E",,"SECRET_LAIR","","PROVISIONAL_MODEL","","REVIEW_REQUIRED","","NATIVE_VALUATION_RANGE","","WIDE_VALUATION_RANGE","","NO","","NO","","QUALITY_REVIEW_REQUIRED:LOW_CONFIDENCE|SINGLE_OBSERVATION|WEAK_SELLER_DIVERSITY","","","","","","","True","True","False","False"
"MTG:SECRET_LAIR:SL-514C1D6728B156","SL-514C1D6728B156",,"SECRET_LAIR","","PROVISIONAL_MODEL","","REVIEW_REQUIRED","","NATIVE_VALUATION_RANGE","","WIDE_VALUATION_RANGE","","NO","","NO","","QUALITY_REVIEW_REQUIRED:LOW_CONFIDENCE|SINGLE_OBSERVATION|WEAK_SELLER_DIVERSITY","","","","","","","True","True","False","False"
"MTG:SECRET_LAIR:SL-51976658E5C23C","SL-51976658E5C23C",,"SECRET_LAIR","","PROVISIONAL_MODEL","","REVIEW_REQUIRED","","NATIVE_VALUATION_RANGE","","WIDE_VALUATION_RANGE","","NO","","NO","","QUALITY_REVIEW_REQUIRED:HIGH_MEDIAN_VALUE|LOW_CONFIDENCE|SINGLE_OBSERVATION|WEAK_SELLER_DIVERSITY","","","","","","","True","True","False","False"
"MTG:SECRET_LAIR:SL-51F0E5266661E3","SL-51F0E5266661E3",,"SECRET_LAIR","","STRUCTURAL_ONLY","","EXCLUDE_FROM_MODEL","","NATIVE_VALUATION_RANGE","","STRUCTURAL_VALUATION_RANGE","","NO","","NO","","QUALITY_EXCLUDED:NO_ACCEPTED_EVIDENCE","","","","","","","True","True","False","False"
"MTG:SECRET_LAIR:SL-51F6FE2831BC59","SL-51F6FE2831BC59",,"SECRET_LAIR","","PROVISIONAL_MODEL","","REVIEW_REQUIRED","","NATIVE_VALUATION_RANGE","","WIDE_VALUATION_RANGE","","NO","","NO","","QUALITY_REVIEW_REQUIRED:LOW_CONFIDENCE","","","","","","","True","True","False","False"
"MTG:SECRET_LAIR:SL-52287049EB9C78","SL-52287049EB9C78",,"SECRET_LAIR","","PROVISIONAL_MODEL","","REVIEW_REQUIRED","","NATIVE_VALUATION_RANGE","","WIDE_VALUATION_RANGE","","NO","","NO","","QUALITY_REVIEW_REQUIRED:LOW_CONFIDENCE|SINGLE_OBSERVATION|WEAK_SELLER_DIVERSITY","","","","","","","True","True","False","False"
"MTG:SECRET_LAIR:SL-5255E36FDEE99C","SL-5255E36FDEE99C",,"SECRET_LAIR","","STRUCTURAL_ONLY","","EXCLUDE_FROM_MODEL","","NATIVE_VALUATION_RANGE","","STRUCTURAL_VALUATION_RANGE","","NO","","NO","","QUALITY_EXCLUDED:NO_ACCEPTED_EVIDENCE","","","","","","","True","True","False","False"
"MTG:SECRET_LAIR:SL-52AD75C0AF1006","SL-52AD75C0AF1006",,"SECRET_LAIR","","PROVISIONAL_MODEL","","REVIEW_REQUIRED","","NATIVE_VALUATION_RANGE","","WIDE_VALUATION_RANGE","","NO","","NO","","QUALITY_REVIEW_REQUIRED:LOW_CONFIDENCE","","","","","","","True","True","False","False"
"MTG:SECRET_LAIR:SL-52D6DADA65F954","SL-52D6DADA65F954",,"SECRET_LAIR","","FULL_MODEL","","PASS","","NATIVE_VALUATION_RANGE","","VALUATION_RANGE_READY","","NO","","NO","","","","","","","","","True","True","False","False"
"MTG:SECRET_LAIR:SL-52F611E7CD122A","SL-52F611E7CD122A",,"SECRET_LAIR","","PROVISIONAL_MODEL","","REVIEW_REQUIRED","","NATIVE_VALUATION_RANGE","","WIDE_VALUATION_RANGE","","NO","","NO","","QUALITY_REVIEW_REQUIRED:HIGH_DISPERSION|LOW_CONFIDENCE|WIDE_PRICE_RANGE","","","","","","","True","True","False","False"
"MTG:SECRET_LAIR:SL-5372DCEAF5B496","SL-5372DCEAF5B496",,"SECRET_LAIR","","STRUCTURAL_ONLY","","EXCLUDE_FROM_MODEL","","NATIVE_VALUATION_RANGE","","STRUCTURAL_VALUATION_RANGE","","NO","","NO","","QUALITY_EXCLUDED:NO_ACCEPTED_EVIDENCE","","","","","","","True","True","False","False"
"MTG:SECRET_LAIR:SL-5375C51D0AF757","SL-5375C51D0AF757",,"SECRET_LAIR","","STRUCTURAL_ONLY","","EXCLUDE_FROM_MODEL","","NATIVE_VALUATION_RANGE","","STRUCTURAL_VALUATION_RANGE","","NO","","NO","","QUALITY_EXCLUDED:NO_ACCEPTED_EVIDENCE","","","","","","","True","True","False","False"
"MTG:SECRET_LAIR:SL-537F7A73B4E5D7","SL-537F7A73B4E5D7",,"SECRET_LAIR","","PROVISIONAL_MODEL","","REVIEW_REQUIRED","","NATIVE_VALUATION_RANGE","","WIDE_VALUATION_RANGE","","NO","","NO","","QUALITY_REVIEW_REQUIRED:LOW_CONFIDENCE","","","","","","","True","True","False","False"
"MTG:SECRET_LAIR:SL-539814AFE340EF","SL-539814AFE340EF",,"SECRET_LAIR","","FULL_MODEL","","PASS","","NATIVE_VALUATION_RANGE","","VALUATION_RANGE_READY","","NO","","NO","","","","","","","","","True","True","False","False"
"MTG:SECRET_LAIR:SL-53DBCED4126506","SL-53DBCED4126506",,"SECRET_LAIR","","STRUCTURAL_ONLY","","EXCLUDE_FROM_MODEL","","NATIVE_VALUATION_RANGE","","STRUCTURAL_VALUATION_RANGE","","NO","","NO","","QUALITY_EXCLUDED:NO_ACCEPTED_EVIDENCE","","","","","","","True","True","False","False"
"MTG:SECRET_LAIR:SL-53E99BA82486AE","SL-53E99BA82486AE",,"SECRET_LAIR","","STRUCTURAL_ONLY","","EXCLUDE_FROM_MODEL","","NATIVE_VALUATION_RANGE","","STRUCTURAL_VALUATION_RANGE","","NO","","NO","","QUALITY_EXCLUDED:NO_ACCEPTED_EVIDENCE","","","","","","","True","True","False","False"
"MTG:SECRET_LAIR:SL-53EFFF4AB66655","SL-53EFFF4AB66655",,"SECRET_LAIR","","STRUCTURAL_ONLY","","EXCLUDE_FROM_MODEL","","NATIVE_VALUATION_RANGE","","STRUCTURAL_VALUATION_RANGE","","NO","","NO","","QUALITY_EXCLUDED:NO_ACCEPTED_EVIDENCE","","","","","","","True","True","False","False"
"MTG:SECRET_LAIR:SL-5460CC74A875D8","SL-5460CC74A875D8",,"SECRET_LAIR","","PROVISIONAL_MODEL","","REVIEW_REQUIRED","","NATIVE_VALUATION_RANGE","","WIDE_VALUATION_RANGE","","NO","","NO","","QUALITY_REVIEW_REQUIRED:HIGH_MEDIAN_VALUE","","","","","","","True","True","False","False"
"MTG:SECRET_LAIR:SL-5468F7B9EAB454","SL-5468F7B9EAB454",,"SECRET_LAIR","","STRUCTURAL_ONLY","","EXCLUDE_FROM_MODEL","","NATIVE_VALUATION_RANGE","","STRUCTURAL_VALUATION_RANGE","","NO","","NO","","QUALITY_EXCLUDED:NO_ACCEPTED_EVIDENCE","","","","","","","True","True","False","False"
"MTG:SECRET_LAIR:SL-54C9080526A1C2","SL-54C9080526A1C2",,"SECRET_LAIR","","PROVISIONAL_MODEL","","REVIEW_REQUIRED","","NATIVE_VALUATION_RANGE","","WIDE_VALUATION_RANGE","","NO","","NO","","QUALITY_REVIEW_REQUIRED:LOW_CONFIDENCE","","","","","","","True","True","False","False"
"MTG:SECRET_LAIR:SL-54E30F9610306E","SL-54E30F9610306E",,"SECRET_LAIR","","STRUCTURAL_ONLY","","EXCLUDE_FROM_MODEL","","NATIVE_VALUATION_RANGE","","STRUCTURAL_VALUATION_RANGE","","NO","","NO","","QUALITY_EXCLUDED:NO_ACCEPTED_EVIDENCE","","","","","","","True","True","False","False"
"MTG:SECRET_LAIR:SL-55E97B4006F89E","SL-55E97B4006F89E",,"SECRET_LAIR","","FULL_MODEL","","PASS","","NATIVE_VALUATION_RANGE","","VALUATION_RANGE_READY","","NO","","NO","","","","","","","","","True","True","False","False"
"MTG:SECRET_LAIR:SL-560F109DA33288","SL-560F109DA33288",,"SECRET_LAIR","","STRUCTURAL_ONLY","","EXCLUDE_FROM_MODEL","","NATIVE_VALUATION_RANGE","","STRUCTURAL_VALUATION_RANGE","","NO","","NO","","QUALITY_EXCLUDED:NO_ACCEPTED_EVIDENCE","","","","","","","True","True","False","False"
"MTG:SECRET_LAIR:SL-5623C86036522B","SL-5623C86036522B",,"SECRET_LAIR","","STRUCTURAL_ONLY","","EXCLUDE_FROM_MODEL","","NATIVE_VALUATION_RANGE","","STRUCTURAL_VALUATION_RANGE","","NO","","NO","","QUALITY_EXCLUDED:NO_ACCEPTED_EVIDENCE","","","","","","","True","True","False","False"
"MTG:SECRET_LAIR:SL-568C9C053EB3C5","SL-568C9C053EB3C5",,"SECRET_LAIR","","PROVISIONAL_MODEL","","REVIEW_REQUIRED","","NATIVE_VALUATION_RANGE","","WIDE_VALUATION_RANGE","","NO","","NO","","QUALITY_REVIEW_REQUIRED:LOW_CONFIDENCE","","","","","","","True","True","False","False"
"MTG:SECRET_LAIR:SL-56A06CCE61A990","SL-56A06CCE61A990",,"SECRET_LAIR","","FULL_MODEL","","PASS","","NATIVE_VALUATION_RANGE","","VALUATION_RANGE_READY","","NO","","NO","","","","","","","","","True","True","False","False"
"MTG:SECRET_LAIR:SL-57224CF33D1B18","SL-57224CF33D1B18",,"SECRET_LAIR","","FULL_MODEL","","PASS","","NATIVE_VALUATION_RANGE","","VALUATION_RANGE_READY","","NO","","NO","","","","","","","","","True","True","False","False"
"MTG:SECRET_LAIR:SL-57B769C050A1F6","SL-57B769C050A1F6",,"SECRET_LAIR","","STRUCTURAL_ONLY","","EXCLUDE_FROM_MODEL","","NATIVE_VALUATION_RANGE","","STRUCTURAL_VALUATION_RANGE","","NO","","NO","","QUALITY_EXCLUDED:NO_ACCEPTED_EVIDENCE","","","","","","","True","True","False","False"
"MTG:SECRET_LAIR:SL-585CACD9E76000","SL-585CACD9E76000",,"SECRET_LAIR","","STRUCTURAL_ONLY","","EXCLUDE_FROM_MODEL","","NATIVE_VALUATION_RANGE","","STRUCTURAL_VALUATION_RANGE","","NO","","NO","","QUALITY_EXCLUDED:NO_ACCEPTED_EVIDENCE","","","","","","","True","True","False","False"
"MTG:SECRET_LAIR:SL-5866DDA4AFF1E6","SL-5866DDA4AFF1E6",,"SECRET_LAIR","","STRUCTURAL_ONLY","","EXCLUDE_FROM_MODEL","","NATIVE_VALUATION_RANGE","","STRUCTURAL_VALUATION_RANGE","","NO","","NO","","QUALITY_EXCLUDED:NO_ACCEPTED_EVIDENCE","","","","","","","True","True","False","False"
"MTG:SECRET_LAIR:SL-5870A36D552768","SL-5870A36D552768",,"SECRET_LAIR","","STRUCTURAL_ONLY","","EXCLUDE_FROM_MODEL","","NATIVE_VALUATION_RANGE","","STRUCTURAL_VALUATION_RANGE","","NO","","NO","","QUALITY_EXCLUDED:NO_ACCEPTED_EVIDENCE","","","","","","","True","True","False","False"
"MTG:SECRET_LAIR:SL-58CA1F11EE3BE3","SL-58CA1F11EE3BE3",,"SECRET_LAIR","","FULL_MODEL","","PASS","","NATIVE_VALUATION_RANGE","","VALUATION_RANGE_READY","","NO","","NO","","","","","","","","","True","True","False","False"
"MTG:SECRET_LAIR:SL-5933AE80C184BC","SL-5933AE80C184BC",,"SECRET_LAIR","","PROVISIONAL_MODEL","","REVIEW_REQUIRED","","NATIVE_VALUATION_RANGE","","WIDE_VALUATION_RANGE","","NO","","NO","","QUALITY_REVIEW_REQUIRED:LOW_CONFIDENCE","","","","","","","True","True","False","False"
"MTG:SECRET_LAIR:SL-59E7F564794C20","SL-59E7F564794C20",,"SECRET_LAIR","","PROVISIONAL_MODEL","","REVIEW_REQUIRED","","NATIVE_VALUATION_RANGE","","WIDE_VALUATION_RANGE","","NO","","NO","","QUALITY_REVIEW_REQUIRED:LOW_CONFIDENCE|SINGLE_OBSERVATION|WEAK_SELLER_DIVERSITY","","","","","","","True","True","False","False"
"MTG:SECRET_LAIR:SL-5A1F788DAA7722","SL-5A1F788DAA7722",,"SECRET_LAIR","","STRUCTURAL_ONLY","","EXCLUDE_FROM_MODEL","","NATIVE_VALUATION_RANGE","","STRUCTURAL_VALUATION_RANGE","","NO","","NO","","QUALITY_EXCLUDED:NO_ACCEPTED_EVIDENCE","","","","","","","True","True","False","False"
"MTG:SECRET_LAIR:SL-5A4A678A238B50","SL-5A4A678A238B50",,"SECRET_LAIR","","FULL_MODEL","","PASS","","NATIVE_VALUATION_RANGE","","VALUATION_RANGE_READY","","NO","","NO","","","","","","","","","True","True","False","False"
"MTG:SECRET_LAIR:SL-5A6AE8606BA087","SL-5A6AE8606BA087",,"SECRET_LAIR","","STRUCTURAL_ONLY","","EXCLUDE_FROM_MODEL","","NATIVE_VALUATION_RANGE","","STRUCTURAL_VALUATION_RANGE","","NO","","NO","","QUALITY_EXCLUDED:NO_ACCEPTED_EVIDENCE","","","","","","","True","True","False","False"
"MTG:SECRET_LAIR:SL-5B3A6F59394F77","SL-5B3A6F59394F77",,"SECRET_LAIR","","PROVISIONAL_MODEL","","REVIEW_REQUIRED","","NATIVE_VALUATION_RANGE","","WIDE_VALUATION_RANGE","","NO","","NO","","QUALITY_REVIEW_REQUIRED:HIGH_MEDIAN_VALUE","","","","","","","True","True","False","False"
"MTG:SECRET_LAIR:SL-5B5B32122CDD63","SL-5B5B32122CDD63",,"SECRET_LAIR","","PROVISIONAL_MODEL","","REVIEW_REQUIRED","","NATIVE_VALUATION_RANGE","","WIDE_VALUATION_RANGE","","NO","","NO","","QUALITY_REVIEW_REQUIRED:LOW_CONFIDENCE|SINGLE_OBSERVATION|WEAK_SELLER_DIVERSITY","","","","","","","True","True","False","False"
"MTG:SECRET_LAIR:SL-5B6759715093DA","SL-5B6759715093DA",,"SECRET_LAIR","","FULL_MODEL","","PASS","","NATIVE_VALUATION_RANGE","","VALUATION_RANGE_READY","","NO","","NO","","","","","","","","","True","True","False","False"
"MTG:SECRET_LAIR:SL-5C3F30C12BEBAB","SL-5C3F30C12BEBAB",,"SECRET_LAIR","","STRUCTURAL_ONLY","","EXCLUDE_FROM_MODEL","","NATIVE_VALUATION_RANGE","","STRUCTURAL_VALUATION_RANGE","","NO","","NO","","QUALITY_EXCLUDED:NO_ACCEPTED_EVIDENCE","","","","","","","True","True","False","False"
"MTG:SECRET_LAIR:SL-5C5578252D2926","SL-5C5578252D2926",,"SECRET_LAIR","","PROVISIONAL_MODEL","","REVIEW_REQUIRED","","NATIVE_VALUATION_RANGE","","WIDE_VALUATION_RANGE","","NO","","NO","","QUALITY_REVIEW_REQUIRED:LOW_CONFIDENCE","","","","","","","True","True","False","False"
"MTG:SECRET_LAIR:SL-5C83F0908286AA","SL-5C83F0908286AA",,"SECRET_LAIR","","STRUCTURAL_ONLY","","EXCLUDE_FROM_MODEL","","NATIVE_VALUATION_RANGE","","STRUCTURAL_VALUATION_RANGE","","NO","","NO","","QUALITY_EXCLUDED:NO_ACCEPTED_EVIDENCE","","","","","","","True","True","False","False"
"MTG:SECRET_LAIR:SL-5CD1718708F7CF","SL-5CD1718708F7CF",,"SECRET_LAIR","","PROVISIONAL_MODEL","","REVIEW_REQUIRED","","NATIVE_VALUATION_RANGE","","WIDE_VALUATION_RANGE","","NO","","NO","","QUALITY_REVIEW_REQUIRED:LOW_CONFIDENCE","","","","","","","True","True","False","False"
"MTG:SECRET_LAIR:SL-5D627AA081FA6B","SL-5D627AA081FA6B",,"SECRET_LAIR","","STRUCTURAL_ONLY","","EXCLUDE_FROM_MODEL","","NATIVE_VALUATION_RANGE","","STRUCTURAL_VALUATION_RANGE","","NO","","NO","","QUALITY_EXCLUDED:NO_ACCEPTED_EVIDENCE","","","","","","","True","True","False","False"
"MTG:SECRET_LAIR:SL-5DCBAF53678E9A","SL-5DCBAF53678E9A",,"SECRET_LAIR","","STRUCTURAL_ONLY","","EXCLUDE_FROM_MODEL","","NATIVE_VALUATION_RANGE","","STRUCTURAL_VALUATION_RANGE","","NO","","NO","","QUALITY_EXCLUDED:NO_ACCEPTED_EVIDENCE","","","","","","","True","True","False","False"
"MTG:SECRET_LAIR:SL-5DE687263E31C2","SL-5DE687263E31C2",,"SECRET_LAIR","","STRUCTURAL_ONLY","","EXCLUDE_FROM_MODEL","","NATIVE_VALUATION_RANGE","","STRUCTURAL_VALUATION_RANGE","","NO","","NO","","QUALITY_EXCLUDED:NO_ACCEPTED_EVIDENCE","","","","","","","True","True","False","False"
"MTG:SECRET_LAIR:SL-5DFBCE0AB83C38","SL-5DFBCE0AB83C38",,"SECRET_LAIR","","PROVISIONAL_MODEL","","REVIEW_REQUIRED","","NATIVE_VALUATION_RANGE","","WIDE_VALUATION_RANGE","","NO","","NO","","QUALITY_REVIEW_REQUIRED:LOW_CONFIDENCE","","","","","","","True","True","False","False"
"MTG:SECRET_LAIR:SL-5E385BCEB8C1D3","SL-5E385BCEB8C1D3",,"SECRET_LAIR","","PROVISIONAL_MODEL","","REVIEW_REQUIRED","","NATIVE_VALUATION_RANGE","","WIDE_VALUATION_RANGE","","NO","","NO","","QUALITY_REVIEW_REQUIRED:LOW_CONFIDENCE","","","","","","","True","True","False","False"
"MTG:SECRET_LAIR:SL-5E88158210994E","SL-5E88158210994E",,"SECRET_LAIR","","FULL_MODEL","","PASS","","NATIVE_VALUATION_RANGE","","VALUATION_RANGE_READY","","NO","","NO","","","","","","","","","True","True","False","False"
"MTG:SECRET_LAIR:SL-5EF93AB87CC7BC","SL-5EF93AB87CC7BC",,"SECRET_LAIR","","STRUCTURAL_ONLY","","EXCLUDE_FROM_MODEL","","NATIVE_VALUATION_RANGE","","STRUCTURAL_VALUATION_RANGE","","NO","","NO","","QUALITY_EXCLUDED:NO_ACCEPTED_EVIDENCE","","","","","","","True","True","False","False"
"MTG:SECRET_LAIR:SL-5FB294356B3D9E","SL-5FB294356B3D9E",,"SECRET_LAIR","","FULL_MODEL","","PASS","","NATIVE_VALUATION_RANGE","","VALUATION_RANGE_READY","","NO","","NO","","","","","","","","","True","True","False","False"
"MTG:SECRET_LAIR:SL-5FE7868CA1C657","SL-5FE7868CA1C657",,"SECRET_LAIR","","PROVISIONAL_MODEL","","REVIEW_REQUIRED","","NATIVE_VALUATION_RANGE","","WIDE_VALUATION_RANGE","","NO","","NO","","QUALITY_REVIEW_REQUIRED:LOW_CONFIDENCE","","","","","","","True","True","False","False"
"MTG:SECRET_LAIR:SL-5FF41CC2D13BA0","SL-5FF41CC2D13BA0",,"SECRET_LAIR","","FULL_MODEL","","PASS","","NATIVE_VALUATION_RANGE","","VALUATION_RANGE_READY","","NO","","NO","","","","","","","","","True","True","False","False"
"MTG:SECRET_LAIR:SL-600CD704BB077D","SL-600CD704BB077D",,"SECRET_LAIR","","PROVISIONAL_MODEL","","REVIEW_REQUIRED","","NATIVE_VALUATION_RANGE","","WIDE_VALUATION_RANGE","","NO","","NO","","QUALITY_REVIEW_REQUIRED:LOW_CONFIDENCE|SINGLE_OBSERVATION|WEAK_SELLER_DIVERSITY","","","","","","","True","True","False","False"
"MTG:SECRET_LAIR:SL-60461872853DE5","SL-60461872853DE5",,"SECRET_LAIR","","PROVISIONAL_MODEL","","REVIEW_REQUIRED","","NATIVE_VALUATION_RANGE","","WIDE_VALUATION_RANGE","","NO","","NO","","QUALITY_REVIEW_REQUIRED:LOW_CONFIDENCE|SINGLE_OBSERVATION|WEAK_SELLER_DIVERSITY","","","","","","","True","True","False","False"
"MTG:SECRET_LAIR:SL-60A40519C4C2EC","SL-60A40519C4C2EC",,"SECRET_LAIR","","STRUCTURAL_ONLY","","EXCLUDE_FROM_MODEL","","NATIVE_VALUATION_RANGE","","STRUCTURAL_VALUATION_RANGE","","NO","","NO","","QUALITY_EXCLUDED:NO_ACCEPTED_EVIDENCE","","","","","","","True","True","False","False"
"MTG:SECRET_LAIR:SL-60B5B69D0C5853","SL-60B5B69D0C5853",,"SECRET_LAIR","","STRUCTURAL_ONLY","","EXCLUDE_FROM_MODEL","","NATIVE_VALUATION_RANGE","","STRUCTURAL_VALUATION_RANGE","","NO","","NO","","QUALITY_EXCLUDED:NO_ACCEPTED_EVIDENCE","","","","","","","True","True","False","False"
"MTG:SECRET_LAIR:SL-60BFB1DCD1B82F","SL-60BFB1DCD1B82F",,"SECRET_LAIR","","STRUCTURAL_ONLY","","EXCLUDE_FROM_MODEL","","NATIVE_VALUATION_RANGE","","STRUCTURAL_VALUATION_RANGE","","NO","","NO","","QUALITY_EXCLUDED:NO_ACCEPTED_EVIDENCE","","","","","","","True","True","False","False"
"MTG:SECRET_LAIR:SL-60FC2555A55C64","SL-60FC2555A55C64",,"SECRET_LAIR","","STRUCTURAL_ONLY","","EXCLUDE_FROM_MODEL","","NATIVE_VALUATION_RANGE","","STRUCTURAL_VALUATION_RANGE","","NO","","NO","","QUALITY_EXCLUDED:NO_ACCEPTED_EVIDENCE","","","","","","","True","True","False","False"
"MTG:SECRET_LAIR:SL-61289242472F60","SL-61289242472F60",,"SECRET_LAIR","","STRUCTURAL_ONLY","","EXCLUDE_FROM_MODEL","","NATIVE_VALUATION_RANGE","","STRUCTURAL_VALUATION_RANGE","","NO","","NO","","QUALITY_EXCLUDED:NO_ACCEPTED_EVIDENCE","","","","","","","True","True","False","False"
"MTG:SECRET_LAIR:SL-61E8E5DF8B1BBE","SL-61E8E5DF8B1BBE",,"SECRET_LAIR","","PROVISIONAL_MODEL","","REVIEW_REQUIRED","","NATIVE_VALUATION_RANGE","","WIDE_VALUATION_RANGE","","NO","","NO","","QUALITY_REVIEW_REQUIRED:LOW_CONFIDENCE","","","","","","","True","True","False","False"
"MTG:SECRET_LAIR:SL-61FF8037187542","SL-61FF8037187542",,"SECRET_LAIR","","STRUCTURAL_ONLY","","EXCLUDE_FROM_MODEL","","NATIVE_VALUATION_RANGE","","STRUCTURAL_VALUATION_RANGE","","NO","","NO","","QUALITY_EXCLUDED:NO_ACCEPTED_EVIDENCE","","","","","","","True","True","False","False"
"MTG:SECRET_LAIR:SL-622D7365B067D1","SL-622D7365B067D1",,"SECRET_LAIR","","PROVISIONAL_MODEL","","REVIEW_REQUIRED","","NATIVE_VALUATION_RANGE","","WIDE_VALUATION_RANGE","","NO","","NO","","QUALITY_REVIEW_REQUIRED:LOW_CONFIDENCE|SINGLE_OBSERVATION|WEAK_SELLER_DIVERSITY","","","","","","","True","True","False","False"
"MTG:SECRET_LAIR:SL-623013DF1CDC7A","SL-623013DF1CDC7A",,"SECRET_LAIR","","FULL_MODEL","","PASS","","NATIVE_VALUATION_RANGE","","VALUATION_RANGE_READY","","NO","","NO","","","","","","","","","True","True","False","False"
"MTG:SECRET_LAIR:SL-62530032A99C72","SL-62530032A99C72",,"SECRET_LAIR","","STRUCTURAL_ONLY","","EXCLUDE_FROM_MODEL","","NATIVE_VALUATION_RANGE","","STRUCTURAL_VALUATION_RANGE","","NO","","NO","","QUALITY_EXCLUDED:NO_ACCEPTED_EVIDENCE","","","","","","","True","True","False","False"
"MTG:SECRET_LAIR:SL-6272B7E7FCCDE5","SL-6272B7E7FCCDE5",,"SECRET_LAIR","","PROVISIONAL_MODEL","","REVIEW_REQUIRED","","NATIVE_VALUATION_RANGE","","WIDE_VALUATION_RANGE","","NO","","NO","","QUALITY_REVIEW_REQUIRED:LOW_CONFIDENCE|SINGLE_OBSERVATION|WEAK_SELLER_DIVERSITY","","","","","","","True","True","False","False"
"MTG:SECRET_LAIR:SL-627854ED741646","SL-627854ED741646",,"SECRET_LAIR","","PROVISIONAL_MODEL","","REVIEW_REQUIRED","","NATIVE_VALUATION_RANGE","","WIDE_VALUATION_RANGE","","NO","","NO","","QUALITY_REVIEW_REQUIRED:LOW_CONFIDENCE|SINGLE_OBSERVATION|WEAK_SELLER_DIVERSITY","","","","","","","True","True","False","False"
"MTG:SECRET_LAIR:SL-62924E622370DA","SL-62924E622370DA",,"SECRET_LAIR","","PROVISIONAL_MODEL","","REVIEW_REQUIRED","","NATIVE_VALUATION_RANGE","","WIDE_VALUATION_RANGE","","NO","","NO","","QUALITY_REVIEW_REQUIRED:LOW_CONFIDENCE","","","","","","","True","True","False","False"
"MTG:SECRET_LAIR:SL-62BFC9811DD915","SL-62BFC9811DD915",,"SECRET_LAIR","","STRUCTURAL_ONLY","","EXCLUDE_FROM_MODEL","","NATIVE_VALUATION_RANGE","","STRUCTURAL_VALUATION_RANGE","","NO","","NO","","QUALITY_EXCLUDED:NO_ACCEPTED_EVIDENCE","","","","","","","True","True","False","False"
"MTG:SECRET_LAIR:SL-62C80AB34D9CC5","SL-62C80AB34D9CC5",,"SECRET_LAIR","","STRUCTURAL_ONLY","","EXCLUDE_FROM_MODEL","","NATIVE_VALUATION_RANGE","","STRUCTURAL_VALUATION_RANGE","","NO","","NO","","QUALITY_EXCLUDED:NO_ACCEPTED_EVIDENCE","","","","","","","True","True","False","False"
"MTG:SECRET_LAIR:SL-63246582180433","SL-63246582180433",,"SECRET_LAIR","","PROVISIONAL_MODEL","","REVIEW_REQUIRED","","NATIVE_VALUATION_RANGE","","WIDE_VALUATION_RANGE","","NO","","NO","","QUALITY_REVIEW_REQUIRED:LOW_CONFIDENCE|SINGLE_OBSERVATION|WEAK_SELLER_DIVERSITY","","","","","","","True","True","False","False"
"MTG:SECRET_LAIR:SL-63F3882ECD7C27","SL-63F3882ECD7C27",,"SECRET_LAIR","","STRUCTURAL_ONLY","","EXCLUDE_FROM_MODEL","","NATIVE_VALUATION_RANGE","","STRUCTURAL_VALUATION_RANGE","","NO","","NO","","QUALITY_EXCLUDED:NO_ACCEPTED_EVIDENCE","","","","","","","True","True","False","False"
"MTG:SECRET_LAIR:SL-641F10B993511F","SL-641F10B993511F",,"SECRET_LAIR","","PROVISIONAL_MODEL","","REVIEW_REQUIRED","","NATIVE_VALUATION_RANGE","","WIDE_VALUATION_RANGE","","NO","","NO","","QUALITY_REVIEW_REQUIRED:HIGH_MEDIAN_VALUE","","","","","","","True","True","False","False"
"MTG:SECRET_LAIR:SL-64570B00C96787","SL-64570B00C96787",,"SECRET_LAIR","","PROVISIONAL_MODEL","","REVIEW_REQUIRED","","NATIVE_VALUATION_RANGE","","WIDE_VALUATION_RANGE","","NO","","NO","","QUALITY_REVIEW_REQUIRED:LOW_CONFIDENCE","","","","","","","True","True","False","False"
"MTG:SECRET_LAIR:SL-649995DEB9E53B","SL-649995DEB9E53B",,"SECRET_LAIR","","PROVISIONAL_MODEL","","REVIEW_REQUIRED","","NATIVE_VALUATION_RANGE","","WIDE_VALUATION_RANGE","","NO","","NO","","QUALITY_REVIEW_REQUIRED:LOW_CONFIDENCE|SINGLE_OBSERVATION|WEAK_SELLER_DIVERSITY","","","","","","","True","True","False","False"
"MTG:SECRET_LAIR:SL-64DF5C443D393A","SL-64DF5C443D393A",,"SECRET_LAIR","","PROVISIONAL_MODEL","","REVIEW_REQUIRED","","NATIVE_VALUATION_RANGE","","WIDE_VALUATION_RANGE","","NO","","NO","","QUALITY_REVIEW_REQUIRED:LOW_CONFIDENCE|SINGLE_OBSERVATION|WEAK_SELLER_DIVERSITY","","","","","","","True","True","False","False"
"MTG:SECRET_LAIR:SL-653ECA949C539E","SL-653ECA949C539E",,"SECRET_LAIR","","PROVISIONAL_MODEL","","REVIEW_REQUIRED","","NATIVE_VALUATION_RANGE","","WIDE_VALUATION_RANGE","","NO","","NO","","QUALITY_REVIEW_REQUIRED:LOW_CONFIDENCE","","","","","","","True","True","False","False"
"MTG:SECRET_LAIR:SL-65D2FBF09647F2","SL-65D2FBF09647F2",,"SECRET_LAIR","","PROVISIONAL_MODEL","","REVIEW_REQUIRED","","NATIVE_VALUATION_RANGE","","WIDE_VALUATION_RANGE","","NO","","NO","","QUALITY_REVIEW_REQUIRED:LOW_CONFIDENCE|SINGLE_OBSERVATION|WEAK_SELLER_DIVERSITY","","","","","","","True","True","False","False"
"MTG:SECRET_LAIR:SL-6640A3B637C825","SL-6640A3B637C825",,"SECRET_LAIR","","PROVISIONAL_MODEL","","REVIEW_REQUIRED","","NATIVE_VALUATION_RANGE","","WIDE_VALUATION_RANGE","","NO","","NO","","QUALITY_REVIEW_REQUIRED:LOW_CONFIDENCE|SINGLE_OBSERVATION|WEAK_SELLER_DIVERSITY","","","","","","","True","True","False","False"
"MTG:SECRET_LAIR:SL-66650DD69BF4D5","SL-66650DD69BF4D5",,"SECRET_LAIR","","PROVISIONAL_MODEL","","REVIEW_REQUIRED","","NATIVE_VALUATION_RANGE","","WIDE_VALUATION_RANGE","","NO","","NO","","QUALITY_REVIEW_REQUIRED:HIGH_MEDIAN_VALUE|LOW_CONFIDENCE","","","","","","","True","True","False","False"
"MTG:SECRET_LAIR:SL-67CAEA24680CC1","SL-67CAEA24680CC1",,"SECRET_LAIR","","PROVISIONAL_MODEL","","REVIEW_REQUIRED","","NATIVE_VALUATION_RANGE","","WIDE_VALUATION_RANGE","","NO","","NO","","QUALITY_REVIEW_REQUIRED:HIGH_MEDIAN_VALUE|LOW_CONFIDENCE","","","","","","","True","True","False","False"
"MTG:SECRET_LAIR:SL-6826C5CCC691B8","SL-6826C5CCC691B8",,"SECRET_LAIR","","STRUCTURAL_ONLY","","EXCLUDE_FROM_MODEL","","NATIVE_VALUATION_RANGE","","STRUCTURAL_VALUATION_RANGE","","NO","","NO","","QUALITY_EXCLUDED:NO_ACCEPTED_EVIDENCE","","","","","","","True","True","False","False"
"MTG:SECRET_LAIR:SL-686E1BBEBCBFAA","SL-686E1BBEBCBFAA",,"SECRET_LAIR","","PROVISIONAL_MODEL","","REVIEW_REQUIRED","","NATIVE_VALUATION_RANGE","","WIDE_VALUATION_RANGE","","NO","","NO","","QUALITY_REVIEW_REQUIRED:HIGH_DISPERSION|LOW_CONFIDENCE|WIDE_PRICE_RANGE","","","","","","","True","True","False","False"
"MTG:SECRET_LAIR:SL-690BF3733992EE","SL-690BF3733992EE",,"SECRET_LAIR","","FULL_MODEL","","PASS","","NATIVE_VALUATION_RANGE","","VALUATION_RANGE_READY","","NO","","NO","","","","","","","","","True","True","False","False"
"MTG:SECRET_LAIR:SL-6913FBEDFDB80B","SL-6913FBEDFDB80B",,"SECRET_LAIR","","FULL_MODEL","","PASS","","NATIVE_VALUATION_RANGE","","VALUATION_RANGE_READY","","NO","","NO","","","","","","","","","True","True","False","False"
"MTG:SECRET_LAIR:SL-69852EB562DC18","SL-69852EB562DC18",,"SECRET_LAIR","","STRUCTURAL_ONLY","","EXCLUDE_FROM_MODEL","","NATIVE_VALUATION_RANGE","","STRUCTURAL_VALUATION_RANGE","","NO","","NO","","QUALITY_EXCLUDED:NO_ACCEPTED_EVIDENCE","","","","","","","True","True","False","False"
"MTG:SECRET_LAIR:SL-698A08AB4D7C37","SL-698A08AB4D7C37",,"SECRET_LAIR","","PROVISIONAL_MODEL","","REVIEW_REQUIRED","","NATIVE_VALUATION_RANGE","","WIDE_VALUATION_RANGE","","NO","","NO","","QUALITY_REVIEW_REQUIRED:LOW_CONFIDENCE","","","","","","","True","True","False","False"
"MTG:SECRET_LAIR:SL-69FAC4782CEAD8","SL-69FAC4782CEAD8",,"SECRET_LAIR","","FULL_MODEL","","PASS","","NATIVE_VALUATION_RANGE","","VALUATION_RANGE_READY","","NO","","NO","","","","","","","","","True","True","False","False"
"MTG:SECRET_LAIR:SL-6A188AFCDB31E1","SL-6A188AFCDB31E1",,"SECRET_LAIR","","PROVISIONAL_MODEL","","REVIEW_REQUIRED","","NATIVE_VALUATION_RANGE","","WIDE_VALUATION_RANGE","","NO","","NO","","QUALITY_REVIEW_REQUIRED:LOW_CONFIDENCE","","","","","","","True","True","False","False"
"MTG:SECRET_LAIR:SL-6A2D2E139F2254","SL-6A2D2E139F2254",,"SECRET_LAIR","","STRUCTURAL_ONLY","","EXCLUDE_FROM_MODEL","","NATIVE_VALUATION_RANGE","","STRUCTURAL_VALUATION_RANGE","","NO","","NO","","QUALITY_EXCLUDED:NO_ACCEPTED_EVIDENCE","","","","","","","True","True","False","False"
"MTG:SECRET_LAIR:SL-6A7B01B7E9573D","SL-6A7B01B7E9573D",,"SECRET_LAIR","","STRUCTURAL_ONLY","","EXCLUDE_FROM_MODEL","","NATIVE_VALUATION_RANGE","","STRUCTURAL_VALUATION_RANGE","","NO","","NO","","QUALITY_EXCLUDED:NO_ACCEPTED_EVIDENCE","","","","","","","True","True","False","False"
"MTG:SECRET_LAIR:SL-6AF6F8F8E4C984","SL-6AF6F8F8E4C984",,"SECRET_LAIR","","PROVISIONAL_MODEL","","REVIEW_REQUIRED","","NATIVE_VALUATION_RANGE","","WIDE_VALUATION_RANGE","","NO","","NO","","QUALITY_REVIEW_REQUIRED:LOW_CONFIDENCE|SINGLE_OBSERVATION|WEAK_SELLER_DIVERSITY","","","","","","","True","True","False","False"
"MTG:SECRET_LAIR:SL-6B03C6C7C5B91D","SL-6B03C6C7C5B91D",,"SECRET_LAIR","","FULL_MODEL","","PASS","","NATIVE_VALUATION_RANGE","","VALUATION_RANGE_READY","","NO","","NO","","","","","","","","","True","True","False","False"
"MTG:SECRET_LAIR:SL-6B5DCD60BA5730","SL-6B5DCD60BA5730",,"SECRET_LAIR","","PROVISIONAL_MODEL","","REVIEW_REQUIRED","","NATIVE_VALUATION_RANGE","","WIDE_VALUATION_RANGE","","NO","","NO","","QUALITY_REVIEW_REQUIRED:HIGH_MEDIAN_VALUE|LOW_CONFIDENCE|SINGLE_OBSERVATION|WEAK_SELLER_DIVERSITY","","","","","","","True","True","False","False"
"MTG:SECRET_LAIR:SL-6B6C979A6E1B4E","SL-6B6C979A6E1B4E",,"SECRET_LAIR","","STRUCTURAL_ONLY","","EXCLUDE_FROM_MODEL","","NATIVE_VALUATION_RANGE","","STRUCTURAL_VALUATION_RANGE","","NO","","NO","","QUALITY_EXCLUDED:NO_ACCEPTED_EVIDENCE","","","","","","","True","True","False","False"
"MTG:SECRET_LAIR:SL-6B7BB6F2DC6CCE","SL-6B7BB6F2DC6CCE",,"SECRET_LAIR","","PROVISIONAL_MODEL","","REVIEW_REQUIRED","","NATIVE_VALUATION_RANGE","","WIDE_VALUATION_RANGE","","NO","","NO","","QUALITY_REVIEW_REQUIRED:LOW_CONFIDENCE","","","","","","","True","True","False","False"
"MTG:SECRET_LAIR:SL-6C10833A178EED","SL-6C10833A178EED",,"SECRET_LAIR","","PROVISIONAL_MODEL","","REVIEW_REQUIRED","","NATIVE_VALUATION_RANGE","","WIDE_VALUATION_RANGE","","NO","","NO","","QUALITY_REVIEW_REQUIRED:LOW_CONFIDENCE","","","","","","","True","True","False","False"
"MTG:SECRET_LAIR:SL-6C1B3964A65485","SL-6C1B3964A65485",,"SECRET_LAIR","","FULL_MODEL","","PASS","","NATIVE_VALUATION_RANGE","","VALUATION_RANGE_READY","","NO","","NO","","","","","","","","","True","True","False","False"
"MTG:SECRET_LAIR:SL-6C256345194D9E","SL-6C256345194D9E",,"SECRET_LAIR","","STRUCTURAL_ONLY","","EXCLUDE_FROM_MODEL","","NATIVE_VALUATION_RANGE","","STRUCTURAL_VALUATION_RANGE","","NO","","NO","","QUALITY_EXCLUDED:NO_ACCEPTED_EVIDENCE","","","","","","","True","True","False","False"
"MTG:SECRET_LAIR:SL-6CD9F3DF876B1F","SL-6CD9F3DF876B1F",,"SECRET_LAIR","","PROVISIONAL_MODEL","","REVIEW_REQUIRED","","NATIVE_VALUATION_RANGE","","WIDE_VALUATION_RANGE","","NO","","NO","","QUALITY_REVIEW_REQUIRED:LOW_CONFIDENCE","","","","","","","True","True","False","False"
"MTG:SECRET_LAIR:SL-6CE59E51DCC615","SL-6CE59E51DCC615",,"SECRET_LAIR","","FULL_MODEL","","PASS","","NATIVE_VALUATION_RANGE","","VALUATION_RANGE_READY","","NO","","NO","","","","","","","","","True","True","False","False"
"MTG:SECRET_LAIR:SL-6D386CB092B8F1","SL-6D386CB092B8F1",,"SECRET_LAIR","","PROVISIONAL_MODEL","","REVIEW_REQUIRED","","NATIVE_VALUATION_RANGE","","WIDE_VALUATION_RANGE","","NO","","NO","","QUALITY_REVIEW_REQUIRED:LOW_CONFIDENCE|SINGLE_OBSERVATION|WEAK_SELLER_DIVERSITY","","","","","","","True","True","False","False"
"MTG:SECRET_LAIR:SL-6D6C79C2652BFD","SL-6D6C79C2652BFD",,"SECRET_LAIR","","FULL_MODEL","","PASS","","NATIVE_VALUATION_RANGE","","VALUATION_RANGE_READY","","NO","","NO","","","","","","","","","True","True","False","False"
"MTG:SECRET_LAIR:SL-6DA9DA55C5623B","SL-6DA9DA55C5623B",,"SECRET_LAIR","","STRUCTURAL_ONLY","","EXCLUDE_FROM_MODEL","","NATIVE_VALUATION_RANGE","","STRUCTURAL_VALUATION_RANGE","","NO","","NO","","QUALITY_EXCLUDED:NO_ACCEPTED_EVIDENCE","","","","","","","True","True","False","False"
"MTG:SECRET_LAIR:SL-6DF016FCB60547","SL-6DF016FCB60547",,"SECRET_LAIR","","STRUCTURAL_ONLY","","EXCLUDE_FROM_MODEL","","NATIVE_VALUATION_RANGE","","STRUCTURAL_VALUATION_RANGE","","NO","","NO","","QUALITY_EXCLUDED:NO_ACCEPTED_EVIDENCE","","","","","","","True","True","False","False"
"MTG:SECRET_LAIR:SL-6DFA783F3B9A37","SL-6DFA783F3B9A37",,"SECRET_LAIR","","FULL_MODEL","","PASS","","NATIVE_VALUATION_RANGE","","VALUATION_RANGE_READY","","NO","","NO","","","","","","","","","True","True","False","False"
"MTG:SECRET_LAIR:SL-6E10E7A8BD8C2C","SL-6E10E7A8BD8C2C",,"SECRET_LAIR","","FULL_MODEL","","PASS","","NATIVE_VALUATION_RANGE","","VALUATION_RANGE_READY","","NO","","NO","","","","","","","","","True","True","False","False"
"MTG:SECRET_LAIR:SL-6E398CB1F66169","SL-6E398CB1F66169",,"SECRET_LAIR","","STRUCTURAL_ONLY","","EXCLUDE_FROM_MODEL","","NATIVE_VALUATION_RANGE","","STRUCTURAL_VALUATION_RANGE","","NO","","NO","","QUALITY_EXCLUDED:NO_ACCEPTED_EVIDENCE","","","","","","","True","True","False","False"
"MTG:SECRET_LAIR:SL-6E41C5BF4AA13D","SL-6E41C5BF4AA13D",,"SECRET_LAIR","","PROVISIONAL_MODEL","","REVIEW_REQUIRED","","NATIVE_VALUATION_RANGE","","WIDE_VALUATION_RANGE","","NO","","NO","","QUALITY_REVIEW_REQUIRED:LOW_CONFIDENCE","","","","","","","True","True","False","False"
"MTG:SECRET_LAIR:SL-6E54B9A2BF9CBF","SL-6E54B9A2BF9CBF",,"SECRET_LAIR","","PROVISIONAL_MODEL","","REVIEW_REQUIRED","","NATIVE_VALUATION_RANGE","","WIDE_VALUATION_RANGE","","NO","","NO","","QUALITY_REVIEW_REQUIRED:LOW_CONFIDENCE|SINGLE_OBSERVATION|WEAK_SELLER_DIVERSITY","","","","","","","True","True","False","False"
"MTG:SECRET_LAIR:SL-6EB03A8FE440C8","SL-6EB03A8FE440C8",,"SECRET_LAIR","","STRUCTURAL_ONLY","","EXCLUDE_FROM_MODEL","","NATIVE_VALUATION_RANGE","","STRUCTURAL_VALUATION_RANGE","","NO","","NO","","QUALITY_EXCLUDED:NO_ACCEPTED_EVIDENCE","","","","","","","True","True","False","False"
"MTG:SECRET_LAIR:SL-6EC27A54060DFF","SL-6EC27A54060DFF",,"SECRET_LAIR","","FULL_MODEL","","PASS","","NATIVE_VALUATION_RANGE","","VALUATION_RANGE_READY","","NO","","NO","","","","","","","","","True","True","False","False"
"MTG:SECRET_LAIR:SL-6F5DC80C66F4E7","SL-6F5DC80C66F4E7",,"SECRET_LAIR","","STRUCTURAL_ONLY","","EXCLUDE_FROM_MODEL","","NATIVE_VALUATION_RANGE","","STRUCTURAL_VALUATION_RANGE","","NO","","NO","","QUALITY_EXCLUDED:NO_ACCEPTED_EVIDENCE","","","","","","","True","True","False","False"
"MTG:SECRET_LAIR:SL-6F9B1732BC4226","SL-6F9B1732BC4226",,"SECRET_LAIR","","FULL_MODEL","","PASS","","NATIVE_VALUATION_RANGE","","VALUATION_RANGE_READY","","NO","","NO","","","","","","","","","True","True","False","False"
"MTG:SECRET_LAIR:SL-701AF6693C838C","SL-701AF6693C838C",,"SECRET_LAIR","","STRUCTURAL_ONLY","","EXCLUDE_FROM_MODEL","","NATIVE_VALUATION_RANGE","","STRUCTURAL_VALUATION_RANGE","","NO","","NO","","QUALITY_EXCLUDED:NO_ACCEPTED_EVIDENCE","","","","","","","True","True","False","False"
"MTG:SECRET_LAIR:SL-70307120926003","SL-70307120926003",,"SECRET_LAIR","","FULL_MODEL","","PASS","","NATIVE_VALUATION_RANGE","","VALUATION_RANGE_READY","","NO","","NO","","","","","","","","","True","True","False","False"
"MTG:SECRET_LAIR:SL-711EEDF03C34FB","SL-711EEDF03C34FB",,"SECRET_LAIR","","PROVISIONAL_MODEL","","REVIEW_REQUIRED","","NATIVE_VALUATION_RANGE","","WIDE_VALUATION_RANGE","","NO","","NO","","QUALITY_REVIEW_REQUIRED:LOW_CONFIDENCE|SINGLE_OBSERVATION|WEAK_SELLER_DIVERSITY","","","","","","","True","True","False","False"
"MTG:SECRET_LAIR:SL-7184A0B63B1E9E","SL-7184A0B63B1E9E",,"SECRET_LAIR","","PROVISIONAL_MODEL","","REVIEW_REQUIRED","","NATIVE_VALUATION_RANGE","","WIDE_VALUATION_RANGE","","NO","","NO","","QUALITY_REVIEW_REQUIRED:HIGH_MEDIAN_VALUE|LOW_CONFIDENCE|SINGLE_OBSERVATION|WEAK_SELLER_DIVERSITY","","","","","","","True","True","False","False"
"MTG:SECRET_LAIR:SL-72472EFE8746C4","SL-72472EFE8746C4",,"SECRET_LAIR","","PROVISIONAL_MODEL","","REVIEW_REQUIRED","","NATIVE_VALUATION_RANGE","","WIDE_VALUATION_RANGE","","NO","","NO","","QUALITY_REVIEW_REQUIRED:LOW_CONFIDENCE|SINGLE_OBSERVATION|WEAK_SELLER_DIVERSITY","","","","","","","True","True","False","False"
"MTG:SECRET_LAIR:SL-729124208E824A","SL-729124208E824A",,"SECRET_LAIR","","STRUCTURAL_ONLY","","EXCLUDE_FROM_MODEL","","NATIVE_VALUATION_RANGE","","STRUCTURAL_VALUATION_RANGE","","NO","","NO","","QUALITY_EXCLUDED:NO_ACCEPTED_EVIDENCE","","","","","","","True","True","False","False"
"MTG:SECRET_LAIR:SL-72B79910F6BD16","SL-72B79910F6BD16",,"SECRET_LAIR","","STRUCTURAL_ONLY","","EXCLUDE_FROM_MODEL","","NATIVE_VALUATION_RANGE","","STRUCTURAL_VALUATION_RANGE","","NO","","NO","","QUALITY_EXCLUDED:NO_ACCEPTED_EVIDENCE","","","","","","","True","True","False","False"
"MTG:SECRET_LAIR:SL-72C3D4333AE81B","SL-72C3D4333AE81B",,"SECRET_LAIR","","STRUCTURAL_ONLY","","EXCLUDE_FROM_MODEL","","NATIVE_VALUATION_RANGE","","STRUCTURAL_VALUATION_RANGE","","NO","","NO","","QUALITY_EXCLUDED:NO_ACCEPTED_EVIDENCE","","","","","","","True","True","False","False"
"MTG:SECRET_LAIR:SL-72C515905E7352","SL-72C515905E7352",,"SECRET_LAIR","","PROVISIONAL_MODEL","","REVIEW_REQUIRED","","NATIVE_VALUATION_RANGE","","WIDE_VALUATION_RANGE","","NO","","NO","","QUALITY_REVIEW_REQUIRED:LOW_CONFIDENCE","","","","","","","True","True","False","False"
"MTG:SECRET_LAIR:SL-7321B93310E560","SL-7321B93310E560",,"SECRET_LAIR","","PROVISIONAL_MODEL","","REVIEW_REQUIRED","","NATIVE_VALUATION_RANGE","","WIDE_VALUATION_RANGE","","NO","","NO","","QUALITY_REVIEW_REQUIRED:LOW_CONFIDENCE|SINGLE_OBSERVATION|WEAK_SELLER_DIVERSITY","","","","","","","True","True","False","False"
"MTG:SECRET_LAIR:SL-732A9E59B24774","SL-732A9E59B24774",,"SECRET_LAIR","","STRUCTURAL_ONLY","","EXCLUDE_FROM_MODEL","","NATIVE_VALUATION_RANGE","","STRUCTURAL_VALUATION_RANGE","","NO","","NO","","QUALITY_EXCLUDED:NO_ACCEPTED_EVIDENCE","","","","","","","True","True","False","False"
"MTG:SECRET_LAIR:SL-73CD6FD155407F","SL-73CD6FD155407F",,"SECRET_LAIR","","STRUCTURAL_ONLY","","EXCLUDE_FROM_MODEL","","NATIVE_VALUATION_RANGE","","STRUCTURAL_VALUATION_RANGE","","NO","","NO","","QUALITY_EXCLUDED:NO_ACCEPTED_EVIDENCE","","","","","","","True","True","False","False"
"MTG:SECRET_LAIR:SL-73D3B01E989878","SL-73D3B01E989878",,"SECRET_LAIR","","STRUCTURAL_ONLY","","EXCLUDE_FROM_MODEL","","NATIVE_VALUATION_RANGE","","STRUCTURAL_VALUATION_RANGE","","NO","","NO","","QUALITY_EXCLUDED:NO_ACCEPTED_EVIDENCE","","","","","","","True","True","False","False"
"MTG:SECRET_LAIR:SL-73D93121EB1CDB","SL-73D93121EB1CDB",,"SECRET_LAIR","","PROVISIONAL_MODEL","","REVIEW_REQUIRED","","NATIVE_VALUATION_RANGE","","WIDE_VALUATION_RANGE","","NO","","NO","","QUALITY_REVIEW_REQUIRED:LOW_CONFIDENCE","","","","","","","True","True","False","False"
"MTG:SECRET_LAIR:SL-74035B29B5EAA4","SL-74035B29B5EAA4",,"SECRET_LAIR","","FULL_MODEL","","PASS","","NATIVE_VALUATION_RANGE","","VALUATION_RANGE_READY","","NO","","NO","","","","","","","","","True","True","False","False"
"MTG:SECRET_LAIR:SL-74104655C7BE3C","SL-74104655C7BE3C",,"SECRET_LAIR","","FULL_MODEL","","PASS","","NATIVE_VALUATION_RANGE","","VALUATION_RANGE_READY","","NO","","NO","","","","","","","","","True","True","False","False"
"MTG:SECRET_LAIR:SL-7417373ADFE528","SL-7417373ADFE528",,"SECRET_LAIR","","STRUCTURAL_ONLY","","EXCLUDE_FROM_MODEL","","NATIVE_VALUATION_RANGE","","STRUCTURAL_VALUATION_RANGE","","NO","","NO","","QUALITY_EXCLUDED:NO_ACCEPTED_EVIDENCE","","","","","","","True","True","False","False"
"MTG:SECRET_LAIR:SL-747C45FB80DFBE","SL-747C45FB80DFBE",,"SECRET_LAIR","","FULL_MODEL","","PASS","","NATIVE_VALUATION_RANGE","","VALUATION_RANGE_READY","","NO","","NO","","","","","","","","","True","True","False","False"
"MTG:SECRET_LAIR:SL-750655931E6F97","SL-750655931E6F97",,"SECRET_LAIR","","FULL_MODEL","","PASS","","NATIVE_VALUATION_RANGE","","VALUATION_RANGE_READY","","NO","","NO","","","","","","","","","True","True","False","False"
"MTG:SECRET_LAIR:SL-75579AD5DE6CB9","SL-75579AD5DE6CB9",,"SECRET_LAIR","","PROVISIONAL_MODEL","","REVIEW_REQUIRED","","NATIVE_VALUATION_RANGE","","WIDE_VALUATION_RANGE","","NO","","NO","","QUALITY_REVIEW_REQUIRED:LOW_CONFIDENCE","","","","","","","True","True","False","False"
"MTG:SECRET_LAIR:SL-75A147DF7061C1","SL-75A147DF7061C1",,"SECRET_LAIR","","PROVISIONAL_MODEL","","REVIEW_REQUIRED","","NATIVE_VALUATION_RANGE","","WIDE_VALUATION_RANGE","","NO","","NO","","QUALITY_REVIEW_REQUIRED:LOW_CONFIDENCE|SINGLE_OBSERVATION|WEAK_SELLER_DIVERSITY","","","","","","","True","True","False","False"
"MTG:SECRET_LAIR:SL-75C9DE65D2674C","SL-75C9DE65D2674C",,"SECRET_LAIR","","STRUCTURAL_ONLY","","EXCLUDE_FROM_MODEL","","NATIVE_VALUATION_RANGE","","STRUCTURAL_VALUATION_RANGE","","NO","","NO","","QUALITY_EXCLUDED:NO_ACCEPTED_EVIDENCE","","","","","","","True","True","False","False"
"MTG:SECRET_LAIR:SL-75D2EFF8DB9AA4","SL-75D2EFF8DB9AA4",,"SECRET_LAIR","","STRUCTURAL_ONLY","","EXCLUDE_FROM_MODEL","","NATIVE_VALUATION_RANGE","","STRUCTURAL_VALUATION_RANGE","","NO","","NO","","QUALITY_EXCLUDED:NO_ACCEPTED_EVIDENCE","","","","","","","True","True","False","False"
"MTG:SECRET_LAIR:SL-75EB6270819FE3","SL-75EB6270819FE3",,"SECRET_LAIR","","FULL_MODEL","","PASS","","NATIVE_VALUATION_RANGE","","VALUATION_RANGE_READY","","NO","","NO","","","","","","","","","True","True","False","False"
"MTG:SECRET_LAIR:SL-761D477012E693","SL-761D477012E693",,"SECRET_LAIR","","FULL_MODEL","","PASS","","NATIVE_VALUATION_RANGE","","VALUATION_RANGE_READY","","NO","","NO","","","","","","","","","True","True","False","False"
"MTG:SECRET_LAIR:SL-769EDCF494E5DB","SL-769EDCF494E5DB",,"SECRET_LAIR","","PROVISIONAL_MODEL","","REVIEW_REQUIRED","","NATIVE_VALUATION_RANGE","","WIDE_VALUATION_RANGE","","NO","","NO","","QUALITY_REVIEW_REQUIRED:LOW_CONFIDENCE","","","","","","","True","True","False","False"
"MTG:SECRET_LAIR:SL-76D63CDFA651CA","SL-76D63CDFA651CA",,"SECRET_LAIR","","STRUCTURAL_ONLY","","EXCLUDE_FROM_MODEL","","NATIVE_VALUATION_RANGE","","STRUCTURAL_VALUATION_RANGE","","NO","","NO","","QUALITY_EXCLUDED:NO_ACCEPTED_EVIDENCE","","","","","","","True","True","False","False"
"MTG:SECRET_LAIR:SL-76D8B5BE432384","SL-76D8B5BE432384",,"SECRET_LAIR","","STRUCTURAL_ONLY","","EXCLUDE_FROM_MODEL","","NATIVE_VALUATION_RANGE","","STRUCTURAL_VALUATION_RANGE","","NO","","NO","","QUALITY_EXCLUDED:NO_ACCEPTED_EVIDENCE","","","","","","","True","True","False","False"
"MTG:SECRET_LAIR:SL-76EE3574620B68","SL-76EE3574620B68",,"SECRET_LAIR","","STRUCTURAL_ONLY","","EXCLUDE_FROM_MODEL","","NATIVE_VALUATION_RANGE","","STRUCTURAL_VALUATION_RANGE","","NO","","NO","","QUALITY_EXCLUDED:NO_ACCEPTED_EVIDENCE","","","","","","","True","True","False","False"
"MTG:SECRET_LAIR:SL-7704D13F4E7F46","SL-7704D13F4E7F46",,"SECRET_LAIR","","PROVISIONAL_MODEL","","REVIEW_REQUIRED","","NATIVE_VALUATION_RANGE","","WIDE_VALUATION_RANGE","","NO","","NO","","QUALITY_REVIEW_REQUIRED:HIGH_MEDIAN_VALUE","","","","","","","True","True","False","False"
"MTG:SECRET_LAIR:SL-7716CAD08A2C84","SL-7716CAD08A2C84",,"SECRET_LAIR","","STRUCTURAL_ONLY","","EXCLUDE_FROM_MODEL","","NATIVE_VALUATION_RANGE","","STRUCTURAL_VALUATION_RANGE","","NO","","NO","","QUALITY_EXCLUDED:NO_ACCEPTED_EVIDENCE","","","","","","","True","True","False","False"
"MTG:SECRET_LAIR:SL-771BBE0ADFF762","SL-771BBE0ADFF762",,"SECRET_LAIR","","STRUCTURAL_ONLY","","EXCLUDE_FROM_MODEL","","NATIVE_VALUATION_RANGE","","STRUCTURAL_VALUATION_RANGE","","NO","","NO","","QUALITY_EXCLUDED:NO_ACCEPTED_EVIDENCE","","","","","","","True","True","False","False"
"MTG:SECRET_LAIR:SL-774E94D5987351","SL-774E94D5987351",,"SECRET_LAIR","","PROVISIONAL_MODEL","","REVIEW_REQUIRED","","NATIVE_VALUATION_RANGE","","WIDE_VALUATION_RANGE","","NO","","NO","","QUALITY_REVIEW_REQUIRED:LOW_CONFIDENCE|SINGLE_OBSERVATION|WEAK_SELLER_DIVERSITY","","","","","","","True","True","False","False"
"MTG:SECRET_LAIR:SL-77B45F83FF98D9","SL-77B45F83FF98D9",,"SECRET_LAIR","","PROVISIONAL_MODEL","","REVIEW_REQUIRED","","NATIVE_VALUATION_RANGE","","WIDE_VALUATION_RANGE","","NO","","NO","","QUALITY_REVIEW_REQUIRED:LOW_CONFIDENCE","","","","","","","True","True","False","False"
"MTG:SECRET_LAIR:SL-789447B652E3B8","SL-789447B652E3B8",,"SECRET_LAIR","","PROVISIONAL_MODEL","","REVIEW_REQUIRED","","NATIVE_VALUATION_RANGE","","WIDE_VALUATION_RANGE","","NO","","NO","","QUALITY_REVIEW_REQUIRED:LOW_CONFIDENCE","","","","","","","True","True","False","False"
"MTG:SECRET_LAIR:SL-78C40B1B9F39C2","SL-78C40B1B9F39C2",,"SECRET_LAIR","","STRUCTURAL_ONLY","","EXCLUDE_FROM_MODEL","","NATIVE_VALUATION_RANGE","","STRUCTURAL_VALUATION_RANGE","","NO","","NO","","QUALITY_EXCLUDED:NO_ACCEPTED_EVIDENCE","","","","","","","True","True","False","False"
"MTG:SECRET_LAIR:SL-7993B0A0677511","SL-7993B0A0677511",,"SECRET_LAIR","","STRUCTURAL_ONLY","","EXCLUDE_FROM_MODEL","","NATIVE_VALUATION_RANGE","","STRUCTURAL_VALUATION_RANGE","","NO","","NO","","QUALITY_EXCLUDED:NO_ACCEPTED_EVIDENCE","","","","","","","True","True","False","False"
"MTG:SECRET_LAIR:SL-7A106AED6BFADC","SL-7A106AED6BFADC",,"SECRET_LAIR","","PROVISIONAL_MODEL","","REVIEW_REQUIRED","","NATIVE_VALUATION_RANGE","","WIDE_VALUATION_RANGE","","NO","","NO","","QUALITY_REVIEW_REQUIRED:LOW_CONFIDENCE","","","","","","","True","True","False","False"
"MTG:SECRET_LAIR:SL-7A15A1811F841D","SL-7A15A1811F841D",,"SECRET_LAIR","","STRUCTURAL_ONLY","","EXCLUDE_FROM_MODEL","","NATIVE_VALUATION_RANGE","","STRUCTURAL_VALUATION_RANGE","","NO","","NO","","QUALITY_EXCLUDED:NO_ACCEPTED_EVIDENCE","","","","","","","True","True","False","False"
"MTG:SECRET_LAIR:SL-7A1A1484F233C2","SL-7A1A1484F233C2",,"SECRET_LAIR","","PROVISIONAL_MODEL","","REVIEW_REQUIRED","","NATIVE_VALUATION_RANGE","","WIDE_VALUATION_RANGE","","NO","","NO","","QUALITY_REVIEW_REQUIRED:LOW_CONFIDENCE","","","","","","","True","True","False","False"
"MTG:SECRET_LAIR:SL-7AB8CB8D6BF8A6","SL-7AB8CB8D6BF8A6",,"SECRET_LAIR","","STRUCTURAL_ONLY","","EXCLUDE_FROM_MODEL","","NATIVE_VALUATION_RANGE","","STRUCTURAL_VALUATION_RANGE","","NO","","NO","","QUALITY_EXCLUDED:NO_ACCEPTED_EVIDENCE","","","","","","","True","True","False","False"
"MTG:SECRET_LAIR:SL-7AFCC7EB7F6678","SL-7AFCC7EB7F6678",,"SECRET_LAIR","","STRUCTURAL_ONLY","","EXCLUDE_FROM_MODEL","","NATIVE_VALUATION_RANGE","","STRUCTURAL_VALUATION_RANGE","","NO","","NO","","QUALITY_EXCLUDED:NO_ACCEPTED_EVIDENCE","","","","","","","True","True","False","False"
"MTG:SECRET_LAIR:SL-7B02CD15018C5D","SL-7B02CD15018C5D",,"SECRET_LAIR","","FULL_MODEL","","PASS","","NATIVE_VALUATION_RANGE","","VALUATION_RANGE_READY","","NO","","NO","","","","","","","","","True","True","False","False"
"MTG:SECRET_LAIR:SL-7B17A9D6C16703","SL-7B17A9D6C16703",,"SECRET_LAIR","","PROVISIONAL_MODEL","","REVIEW_REQUIRED","","NATIVE_VALUATION_RANGE","","WIDE_VALUATION_RANGE","","NO","","NO","","QUALITY_REVIEW_REQUIRED:LOW_CONFIDENCE","","","","","","","True","True","False","False"
"MTG:SECRET_LAIR:SL-7B48FB549C4A3E","SL-7B48FB549C4A3E",,"SECRET_LAIR","","FULL_MODEL","","PASS","","NATIVE_VALUATION_RANGE","","VALUATION_RANGE_READY","","NO","","NO","","","","","","","","","True","True","False","False"
"MTG:SECRET_LAIR:SL-7B6BF7476036E4","SL-7B6BF7476036E4",,"SECRET_LAIR","","PROVISIONAL_MODEL","","REVIEW_REQUIRED","","NATIVE_VALUATION_RANGE","","WIDE_VALUATION_RANGE","","NO","","NO","","QUALITY_REVIEW_REQUIRED:LOW_CONFIDENCE","","","","","","","True","True","False","False"
"MTG:SECRET_LAIR:SL-7C2B424B1C7969","SL-7C2B424B1C7969",,"SECRET_LAIR","","PROVISIONAL_MODEL","","REVIEW_REQUIRED","","NATIVE_VALUATION_RANGE","","WIDE_VALUATION_RANGE","","NO","","NO","","QUALITY_REVIEW_REQUIRED:LOW_CONFIDENCE","","","","","","","True","True","False","False"
"MTG:SECRET_LAIR:SL-7C656D70CEC8AA","SL-7C656D70CEC8AA",,"SECRET_LAIR","","STRUCTURAL_ONLY","","EXCLUDE_FROM_MODEL","","NATIVE_VALUATION_RANGE","","STRUCTURAL_VALUATION_RANGE","","NO","","NO","","QUALITY_EXCLUDED:NO_ACCEPTED_EVIDENCE","","","","","","","True","True","False","False"
"MTG:SECRET_LAIR:SL-7CCCC779832E62","SL-7CCCC779832E62",,"SECRET_LAIR","","FULL_MODEL","","PASS","","NATIVE_VALUATION_RANGE","","VALUATION_RANGE_READY","","NO","","NO","","","","","","","","","True","True","False","False"
"MTG:SECRET_LAIR:SL-7CCD4E3550ADDB","SL-7CCD4E3550ADDB",,"SECRET_LAIR","","STRUCTURAL_ONLY","","EXCLUDE_FROM_MODEL","","NATIVE_VALUATION_RANGE","","STRUCTURAL_VALUATION_RANGE","","NO","","NO","","QUALITY_EXCLUDED:NO_ACCEPTED_EVIDENCE","","","","","","","True","True","False","False"
"MTG:SECRET_LAIR:SL-7CD7CFCF523E56","SL-7CD7CFCF523E56",,"SECRET_LAIR","","PROVISIONAL_MODEL","","REVIEW_REQUIRED","","NATIVE_VALUATION_RANGE","","WIDE_VALUATION_RANGE","","NO","","NO","","QUALITY_REVIEW_REQUIRED:LOW_CONFIDENCE|SINGLE_OBSERVATION|WEAK_SELLER_DIVERSITY","","","","","","","True","True","False","False"
"MTG:SECRET_LAIR:SL-7D6A0F10ADD5A6","SL-7D6A0F10ADD5A6",,"SECRET_LAIR","","STRUCTURAL_ONLY","","EXCLUDE_FROM_MODEL","","NATIVE_VALUATION_RANGE","","STRUCTURAL_VALUATION_RANGE","","NO","","NO","","QUALITY_EXCLUDED:NO_ACCEPTED_EVIDENCE","","","","","","","True","True","False","False"
"MTG:SECRET_LAIR:SL-7DE930AD4A4B8C","SL-7DE930AD4A4B8C",,"SECRET_LAIR","","STRUCTURAL_ONLY","","EXCLUDE_FROM_MODEL","","NATIVE_VALUATION_RANGE","","STRUCTURAL_VALUATION_RANGE","","NO","","NO","","QUALITY_EXCLUDED:NO_ACCEPTED_EVIDENCE","","","","","","","True","True","False","False"
"MTG:SECRET_LAIR:SL-7E347F44185EA2","SL-7E347F44185EA2",,"SECRET_LAIR","","STRUCTURAL_ONLY","","EXCLUDE_FROM_MODEL","","NATIVE_VALUATION_RANGE","","STRUCTURAL_VALUATION_RANGE","","NO","","NO","","QUALITY_EXCLUDED:NO_ACCEPTED_EVIDENCE","","","","","","","True","True","False","False"
"MTG:SECRET_LAIR:SL-7E61275FD5CC85","SL-7E61275FD5CC85",,"SECRET_LAIR","","STRUCTURAL_ONLY","","EXCLUDE_FROM_MODEL","","NATIVE_VALUATION_RANGE","","STRUCTURAL_VALUATION_RANGE","","NO","","NO","","QUALITY_EXCLUDED:NO_ACCEPTED_EVIDENCE","","","","","","","True","True","False","False"
"MTG:SECRET_LAIR:SL-7E75AB2D5E48E1","SL-7E75AB2D5E48E1",,"SECRET_LAIR","","STRUCTURAL_ONLY","","EXCLUDE_FROM_MODEL","","NATIVE_VALUATION_RANGE","","STRUCTURAL_VALUATION_RANGE","","NO","","NO","","QUALITY_EXCLUDED:NO_ACCEPTED_EVIDENCE","","","","","","","True","True","False","False"
"MTG:SECRET_LAIR:SL-7E80920E7FFF0A","SL-7E80920E7FFF0A",,"SECRET_LAIR","","PROVISIONAL_MODEL","","REVIEW_REQUIRED","","NATIVE_VALUATION_RANGE","","WIDE_VALUATION_RANGE","","NO","","NO","","QUALITY_REVIEW_REQUIRED:LOW_CONFIDENCE","","","","","","","True","True","False","False"
"MTG:SECRET_LAIR:SL-7EA408BA13BB00","SL-7EA408BA13BB00",,"SECRET_LAIR","","PROVISIONAL_MODEL","","REVIEW_REQUIRED","","NATIVE_VALUATION_RANGE","","WIDE_VALUATION_RANGE","","NO","","NO","","QUALITY_REVIEW_REQUIRED:HIGH_MEDIAN_VALUE|LOW_CONFIDENCE","","","","","","","True","True","False","False"
"MTG:SECRET_LAIR:SL-7EAFE139BC0BCD","SL-7EAFE139BC0BCD",,"SECRET_LAIR","","PROVISIONAL_MODEL","","REVIEW_REQUIRED","","NATIVE_VALUATION_RANGE","","WIDE_VALUATION_RANGE","","NO","","NO","","QUALITY_REVIEW_REQUIRED:LOW_CONFIDENCE|SINGLE_OBSERVATION|WEAK_SELLER_DIVERSITY","","","","","","","True","True","False","False"
"MTG:SECRET_LAIR:SL-7ECED24F562902","SL-7ECED24F562902",,"SECRET_LAIR","","PROVISIONAL_MODEL","","REVIEW_REQUIRED","","NATIVE_VALUATION_RANGE","","WIDE_VALUATION_RANGE","","NO","","NO","","QUALITY_REVIEW_REQUIRED:LOW_CONFIDENCE","","","","","","","True","True","False","False"
"MTG:SECRET_LAIR:SL-7F55A4E4C3D3D0","SL-7F55A4E4C3D3D0",,"SECRET_LAIR","","PROVISIONAL_MODEL","","REVIEW_REQUIRED","","NATIVE_VALUATION_RANGE","","WIDE_VALUATION_RANGE","","NO","","NO","","QUALITY_REVIEW_REQUIRED:LOW_CONFIDENCE|SINGLE_OBSERVATION|WEAK_SELLER_DIVERSITY","","","","","","","True","True","False","False"
"MTG:SECRET_LAIR:SL-7F86F1BD66EEEB","SL-7F86F1BD66EEEB",,"SECRET_LAIR","","PROVISIONAL_MODEL","","REVIEW_REQUIRED","","NATIVE_VALUATION_RANGE","","WIDE_VALUATION_RANGE","","NO","","NO","","QUALITY_REVIEW_REQUIRED:HIGH_MEDIAN_VALUE|LOW_CONFIDENCE|SINGLE_OBSERVATION|WEAK_SELLER_DIVERSITY","","","","","","","True","True","False","False"
"MTG:SECRET_LAIR:SL-7FD38092671142","SL-7FD38092671142",,"SECRET_LAIR","","PROVISIONAL_MODEL","","REVIEW_REQUIRED","","NATIVE_VALUATION_RANGE","","WIDE_VALUATION_RANGE","","NO","","NO","","QUALITY_REVIEW_REQUIRED:HIGH_MEDIAN_VALUE|LOW_CONFIDENCE|SINGLE_OBSERVATION|WEAK_SELLER_DIVERSITY","","","","","","","True","True","False","False"
"MTG:SECRET_LAIR:SL-7FF5D4693BDBF9","SL-7FF5D4693BDBF9",,"SECRET_LAIR","","PROVISIONAL_MODEL","","REVIEW_REQUIRED","","NATIVE_VALUATION_RANGE","","WIDE_VALUATION_RANGE","","NO","","NO","","QUALITY_REVIEW_REQUIRED:LOW_CONFIDENCE|SINGLE_OBSERVATION|WEAK_SELLER_DIVERSITY","","","","","","","True","True","False","False"
"MTG:SECRET_LAIR:SL-800F3A66865530","SL-800F3A66865530",,"SECRET_LAIR","","PROVISIONAL_MODEL","","REVIEW_REQUIRED","","NATIVE_VALUATION_RANGE","","WIDE_VALUATION_RANGE","","NO","","NO","","QUALITY_REVIEW_REQUIRED:LOW_CONFIDENCE|SINGLE_OBSERVATION|WEAK_SELLER_DIVERSITY","","","","","","","True","True","False","False"
"MTG:SECRET_LAIR:SL-81870DDCED77D3","SL-81870DDCED77D3",,"SECRET_LAIR","","STRUCTURAL_ONLY","","EXCLUDE_FROM_MODEL","","NATIVE_VALUATION_RANGE","","STRUCTURAL_VALUATION_RANGE","","NO","","NO","","QUALITY_EXCLUDED:NO_ACCEPTED_EVIDENCE","","","","","","","True","True","False","False"
"MTG:SECRET_LAIR:SL-81FFD366420F3A","SL-81FFD366420F3A",,"SECRET_LAIR","","FULL_MODEL","","PASS","","NATIVE_VALUATION_RANGE","","VALUATION_RANGE_READY","","NO","","NO","","","","","","","","","True","True","False","False"
"MTG:SECRET_LAIR:SL-823B9F2127A229","SL-823B9F2127A229",,"SECRET_LAIR","","PROVISIONAL_MODEL","","REVIEW_REQUIRED","","NATIVE_VALUATION_RANGE","","WIDE_VALUATION_RANGE","","NO","","NO","","QUALITY_REVIEW_REQUIRED:LOW_CONFIDENCE|SINGLE_OBSERVATION|WEAK_SELLER_DIVERSITY","","","","","","","True","True","False","False"
"MTG:SECRET_LAIR:SL-831C7242985EC8","SL-831C7242985EC8",,"SECRET_LAIR","","STRUCTURAL_ONLY","","EXCLUDE_FROM_MODEL","","NATIVE_VALUATION_RANGE","","STRUCTURAL_VALUATION_RANGE","","NO","","NO","","QUALITY_EXCLUDED:NO_ACCEPTED_EVIDENCE","","","","","","","True","True","False","False"
"MTG:SECRET_LAIR:SL-832BF55C6E27A1","SL-832BF55C6E27A1",,"SECRET_LAIR","","FULL_MODEL","","PASS","","NATIVE_VALUATION_RANGE","","VALUATION_RANGE_READY","","NO","","NO","","","","","","","","","True","True","False","False"
"MTG:SECRET_LAIR:SL-835C4CD141949B","SL-835C4CD141949B",,"SECRET_LAIR","","STRUCTURAL_ONLY","","EXCLUDE_FROM_MODEL","","NATIVE_VALUATION_RANGE","","STRUCTURAL_VALUATION_RANGE","","NO","","NO","","QUALITY_EXCLUDED:NO_ACCEPTED_EVIDENCE","","","","","","","True","True","False","False"
"MTG:SECRET_LAIR:SL-8396530F9CA30C","SL-8396530F9CA30C",,"SECRET_LAIR","","STRUCTURAL_ONLY","","EXCLUDE_FROM_MODEL","","NATIVE_VALUATION_RANGE","","STRUCTURAL_VALUATION_RANGE","","NO","","NO","","QUALITY_EXCLUDED:EXTREME_MEDIAN_VALUE|HIGH_MEDIAN_VALUE|LOW_CONFIDENCE|SINGLE_OBSERVATION|WEAK_SELLER_DIVERSITY","","","","","","","True","True","False","False"
"MTG:SECRET_LAIR:SL-839B89840B6DBF","SL-839B89840B6DBF",,"SECRET_LAIR","","PROVISIONAL_MODEL","","REVIEW_REQUIRED","","NATIVE_VALUATION_RANGE","","WIDE_VALUATION_RANGE","","NO","","NO","","QUALITY_REVIEW_REQUIRED:LOW_CONFIDENCE|SINGLE_OBSERVATION|WEAK_SELLER_DIVERSITY","","","","","","","True","True","False","False"
"MTG:SECRET_LAIR:SL-83DFC7BCCB8A6D","SL-83DFC7BCCB8A6D",,"SECRET_LAIR","","PROVISIONAL_MODEL","","REVIEW_REQUIRED","","NATIVE_VALUATION_RANGE","","WIDE_VALUATION_RANGE","","NO","","NO","","QUALITY_REVIEW_REQUIRED:LOW_CONFIDENCE","","","","","","","True","True","False","False"
"MTG:SECRET_LAIR:SL-83E8E9E9BDAB7C","SL-83E8E9E9BDAB7C",,"SECRET_LAIR","","STRUCTURAL_ONLY","","EXCLUDE_FROM_MODEL","","NATIVE_VALUATION_RANGE","","STRUCTURAL_VALUATION_RANGE","","NO","","NO","","QUALITY_EXCLUDED:NO_ACCEPTED_EVIDENCE","","","","","","","True","True","False","False"
"MTG:SECRET_LAIR:SL-85D9B6A0A7C714","SL-85D9B6A0A7C714",,"SECRET_LAIR","","PROVISIONAL_MODEL","","REVIEW_REQUIRED","","NATIVE_VALUATION_RANGE","","WIDE_VALUATION_RANGE","","NO","","NO","","QUALITY_REVIEW_REQUIRED:LOW_CONFIDENCE","","","","","","","True","True","False","False"
"MTG:SECRET_LAIR:SL-86693ED2B58D32","SL-86693ED2B58D32",,"SECRET_LAIR","","PROVISIONAL_MODEL","","REVIEW_REQUIRED","","NATIVE_VALUATION_RANGE","","WIDE_VALUATION_RANGE","","NO","","NO","","QUALITY_REVIEW_REQUIRED:LOW_CONFIDENCE","","","","","","","True","True","False","False"
"MTG:SECRET_LAIR:SL-866F1B1463479D","SL-866F1B1463479D",,"SECRET_LAIR","","STRUCTURAL_ONLY","","EXCLUDE_FROM_MODEL","","NATIVE_VALUATION_RANGE","","STRUCTURAL_VALUATION_RANGE","","NO","","NO","","QUALITY_EXCLUDED:NO_ACCEPTED_EVIDENCE","","","","","","","True","True","False","False"
"MTG:SECRET_LAIR:SL-8679F958F70268","SL-8679F958F70268",,"SECRET_LAIR","","PROVISIONAL_MODEL","","REVIEW_REQUIRED","","NATIVE_VALUATION_RANGE","","WIDE_VALUATION_RANGE","","NO","","NO","","QUALITY_REVIEW_REQUIRED:LOW_CONFIDENCE","","","","","","","True","True","False","False"
"MTG:SECRET_LAIR:SL-867D74417C00E1","SL-867D74417C00E1",,"SECRET_LAIR","","STRUCTURAL_ONLY","","EXCLUDE_FROM_MODEL","","NATIVE_VALUATION_RANGE","","STRUCTURAL_VALUATION_RANGE","","NO","","NO","","QUALITY_EXCLUDED:NO_ACCEPTED_EVIDENCE","","","","","","","True","True","False","False"
"MTG:SECRET_LAIR:SL-86A2BCC3D47BF2","SL-86A2BCC3D47BF2",,"SECRET_LAIR","","PROVISIONAL_MODEL","","REVIEW_REQUIRED","","NATIVE_VALUATION_RANGE","","WIDE_VALUATION_RANGE","","NO","","NO","","QUALITY_REVIEW_REQUIRED:HIGH_MEDIAN_VALUE|LOW_CONFIDENCE","","","","","","","True","True","False","False"
"MTG:SECRET_LAIR:SL-86AA5CC0673EF5","SL-86AA5CC0673EF5",,"SECRET_LAIR","","PROVISIONAL_MODEL","","REVIEW_REQUIRED","","NATIVE_VALUATION_RANGE","","WIDE_VALUATION_RANGE","","NO","","NO","","QUALITY_REVIEW_REQUIRED:LOW_CONFIDENCE","","","","","","","True","True","False","False"
"MTG:SECRET_LAIR:SL-86C6A385452411","SL-86C6A385452411",,"SECRET_LAIR","","STRUCTURAL_ONLY","","EXCLUDE_FROM_MODEL","","NATIVE_VALUATION_RANGE","","STRUCTURAL_VALUATION_RANGE","","NO","","NO","","QUALITY_EXCLUDED:NO_ACCEPTED_EVIDENCE","","","","","","","True","True","False","False"
"MTG:SECRET_LAIR:SL-86F0753AA66E4B","SL-86F0753AA66E4B",,"SECRET_LAIR","","STRUCTURAL_ONLY","","EXCLUDE_FROM_MODEL","","NATIVE_VALUATION_RANGE","","STRUCTURAL_VALUATION_RANGE","","NO","","NO","","QUALITY_EXCLUDED:NO_ACCEPTED_EVIDENCE","","","","","","","True","True","False","False"
"MTG:SECRET_LAIR:SL-87225328ADBE06","SL-87225328ADBE06",,"SECRET_LAIR","","STRUCTURAL_ONLY","","EXCLUDE_FROM_MODEL","","NATIVE_VALUATION_RANGE","","STRUCTURAL_VALUATION_RANGE","","NO","","NO","","QUALITY_EXCLUDED:NO_ACCEPTED_EVIDENCE","","","","","","","True","True","False","False"
"MTG:SECRET_LAIR:SL-873865C256386B","SL-873865C256386B",,"SECRET_LAIR","","PROVISIONAL_MODEL","","REVIEW_REQUIRED","","NATIVE_VALUATION_RANGE","","WIDE_VALUATION_RANGE","","NO","","NO","","QUALITY_REVIEW_REQUIRED:LOW_CONFIDENCE","","","","","","","True","True","False","False"
"MTG:SECRET_LAIR:SL-8741607914304D","SL-8741607914304D",,"SECRET_LAIR","","PROVISIONAL_MODEL","","REVIEW_REQUIRED","","NATIVE_VALUATION_RANGE","","WIDE_VALUATION_RANGE","","NO","","NO","","QUALITY_REVIEW_REQUIRED:LOW_CONFIDENCE","","","","","","","True","True","False","False"
"MTG:SECRET_LAIR:SL-876ECC963B1678","SL-876ECC963B1678",,"SECRET_LAIR","","STRUCTURAL_ONLY","","EXCLUDE_FROM_MODEL","","NATIVE_VALUATION_RANGE","","STRUCTURAL_VALUATION_RANGE","","NO","","NO","","QUALITY_EXCLUDED:NO_ACCEPTED_EVIDENCE","","","","","","","True","True","False","False"
"MTG:SECRET_LAIR:SL-8789D987BBC540","SL-8789D987BBC540",,"SECRET_LAIR","","STRUCTURAL_ONLY","","EXCLUDE_FROM_MODEL","","NATIVE_VALUATION_RANGE","","STRUCTURAL_VALUATION_RANGE","","NO","","NO","","QUALITY_EXCLUDED:NO_ACCEPTED_EVIDENCE","","","","","","","True","True","False","False"
"MTG:SECRET_LAIR:SL-87961062B3471E","SL-87961062B3471E",,"SECRET_LAIR","","STRUCTURAL_ONLY","","EXCLUDE_FROM_MODEL","","NATIVE_VALUATION_RANGE","","STRUCTURAL_VALUATION_RANGE","","NO","","NO","","QUALITY_EXCLUDED:NO_ACCEPTED_EVIDENCE","","","","","","","True","True","False","False"
"MTG:SECRET_LAIR:SL-879DE87D93AF4D","SL-879DE87D93AF4D",,"SECRET_LAIR","","FULL_MODEL","","PASS","","NATIVE_VALUATION_RANGE","","VALUATION_RANGE_READY","","NO","","NO","","","","","","","","","True","True","False","False"
"MTG:SECRET_LAIR:SL-87A9F998D7BC8B","SL-87A9F998D7BC8B",,"SECRET_LAIR","","PROVISIONAL_MODEL","","REVIEW_REQUIRED","","NATIVE_VALUATION_RANGE","","WIDE_VALUATION_RANGE","","NO","","NO","","QUALITY_REVIEW_REQUIRED:LOW_CONFIDENCE","","","","","","","True","True","False","False"
"MTG:SECRET_LAIR:SL-88061F345B7215","SL-88061F345B7215",,"SECRET_LAIR","","PROVISIONAL_MODEL","","REVIEW_REQUIRED","","NATIVE_VALUATION_RANGE","","WIDE_VALUATION_RANGE","","NO","","NO","","QUALITY_REVIEW_REQUIRED:LOW_CONFIDENCE","","","","","","","True","True","False","False"
"MTG:SECRET_LAIR:SL-8809E95120F445","SL-8809E95120F445",,"SECRET_LAIR","","STRUCTURAL_ONLY","","EXCLUDE_FROM_MODEL","","NATIVE_VALUATION_RANGE","","STRUCTURAL_VALUATION_RANGE","","NO","","NO","","QUALITY_EXCLUDED:NO_ACCEPTED_EVIDENCE","","","","","","","True","True","False","False"
"MTG:SECRET_LAIR:SL-88141E031F2873","SL-88141E031F2873",,"SECRET_LAIR","","PROVISIONAL_MODEL","","REVIEW_REQUIRED","","NATIVE_VALUATION_RANGE","","WIDE_VALUATION_RANGE","","NO","","NO","","QUALITY_REVIEW_REQUIRED:HIGH_MEDIAN_VALUE|LOW_CONFIDENCE|SINGLE_OBSERVATION|WEAK_SELLER_DIVERSITY","","","","","","","True","True","False","False"
"MTG:SECRET_LAIR:SL-88858FD4A6CAF7","SL-88858FD4A6CAF7",,"SECRET_LAIR","","STRUCTURAL_ONLY","","EXCLUDE_FROM_MODEL","","NATIVE_VALUATION_RANGE","","STRUCTURAL_VALUATION_RANGE","","NO","","NO","","QUALITY_EXCLUDED:NO_ACCEPTED_EVIDENCE","","","","","","","True","True","False","False"
"MTG:SECRET_LAIR:SL-888F2E0C4FB9B0","SL-888F2E0C4FB9B0",,"SECRET_LAIR","","STRUCTURAL_ONLY","","EXCLUDE_FROM_MODEL","","NATIVE_VALUATION_RANGE","","STRUCTURAL_VALUATION_RANGE","","NO","","NO","","QUALITY_EXCLUDED:NO_ACCEPTED_EVIDENCE","","","","","","","True","True","False","False"
"MTG:SECRET_LAIR:SL-88ECC52C2FD66F","SL-88ECC52C2FD66F",,"SECRET_LAIR","","PROVISIONAL_MODEL","","REVIEW_REQUIRED","","NATIVE_VALUATION_RANGE","","WIDE_VALUATION_RANGE","","NO","","NO","","QUALITY_REVIEW_REQUIRED:LOW_CONFIDENCE","","","","","","","True","True","False","False"
"MTG:SECRET_LAIR:SL-89002E8BB22ACE","SL-89002E8BB22ACE",,"SECRET_LAIR","","PROVISIONAL_MODEL","","REVIEW_REQUIRED","","NATIVE_VALUATION_RANGE","","WIDE_VALUATION_RANGE","","NO","","NO","","QUALITY_REVIEW_REQUIRED:LOW_CONFIDENCE","","","","","","","True","True","False","False"
"MTG:SECRET_LAIR:SL-892D977231D36E","SL-892D977231D36E",,"SECRET_LAIR","","STRUCTURAL_ONLY","","EXCLUDE_FROM_MODEL","","NATIVE_VALUATION_RANGE","","STRUCTURAL_VALUATION_RANGE","","NO","","NO","","QUALITY_EXCLUDED:NO_ACCEPTED_EVIDENCE","","","","","","","True","True","False","False"
"MTG:SECRET_LAIR:SL-896468C2158E5D","SL-896468C2158E5D",,"SECRET_LAIR","","FULL_MODEL","","PASS","","NATIVE_VALUATION_RANGE","","VALUATION_RANGE_READY","","NO","","NO","","","","","","","","","True","True","False","False"
"MTG:SECRET_LAIR:SL-89D18240A7624C","SL-89D18240A7624C",,"SECRET_LAIR","","FULL_MODEL","","PASS","","NATIVE_VALUATION_RANGE","","VALUATION_RANGE_READY","","NO","","NO","","","","","","","","","True","True","False","False"
"MTG:SECRET_LAIR:SL-89EE2906EE10D0","SL-89EE2906EE10D0",,"SECRET_LAIR","","STRUCTURAL_ONLY","","EXCLUDE_FROM_MODEL","","NATIVE_VALUATION_RANGE","","STRUCTURAL_VALUATION_RANGE","","NO","","NO","","QUALITY_EXCLUDED:NO_ACCEPTED_EVIDENCE","","","","","","","True","True","False","False"
"MTG:SECRET_LAIR:SL-8A15902ECB78B5","SL-8A15902ECB78B5",,"SECRET_LAIR","","PROVISIONAL_MODEL","","REVIEW_REQUIRED","","NATIVE_VALUATION_RANGE","","WIDE_VALUATION_RANGE","","NO","","NO","","QUALITY_REVIEW_REQUIRED:LOW_CONFIDENCE","","","","","","","True","True","False","False"
"MTG:SECRET_LAIR:SL-8A1A953119552E","SL-8A1A953119552E",,"SECRET_LAIR","","STRUCTURAL_ONLY","","EXCLUDE_FROM_MODEL","","NATIVE_VALUATION_RANGE","","STRUCTURAL_VALUATION_RANGE","","NO","","NO","","QUALITY_EXCLUDED:NO_ACCEPTED_EVIDENCE","","","","","","","True","True","False","False"
"MTG:SECRET_LAIR:SL-8AAEC38BEC5FBD","SL-8AAEC38BEC5FBD",,"SECRET_LAIR","","PROVISIONAL_MODEL","","REVIEW_REQUIRED","","NATIVE_VALUATION_RANGE","","WIDE_VALUATION_RANGE","","NO","","NO","","QUALITY_REVIEW_REQUIRED:LOW_CONFIDENCE","","","","","","","True","True","False","False"
"MTG:SECRET_LAIR:SL-8AF1D3A4344B55","SL-8AF1D3A4344B55",,"SECRET_LAIR","","PROVISIONAL_MODEL","","REVIEW_REQUIRED","","NATIVE_VALUATION_RANGE","","WIDE_VALUATION_RANGE","","NO","","NO","","QUALITY_REVIEW_REQUIRED:LOW_CONFIDENCE|SINGLE_OBSERVATION|WEAK_SELLER_DIVERSITY","","","","","","","True","True","False","False"
"MTG:SECRET_LAIR:SL-8B33672F7EA3BC","SL-8B33672F7EA3BC",,"SECRET_LAIR","","STRUCTURAL_ONLY","","EXCLUDE_FROM_MODEL","","NATIVE_VALUATION_RANGE","","STRUCTURAL_VALUATION_RANGE","","NO","","NO","","QUALITY_EXCLUDED:NO_ACCEPTED_EVIDENCE","","","","","","","True","True","False","False"
"MTG:SECRET_LAIR:SL-8B470F1D9379AF","SL-8B470F1D9379AF",,"SECRET_LAIR","","FULL_MODEL","","PASS","","NATIVE_VALUATION_RANGE","","VALUATION_RANGE_READY","","NO","","NO","","","","","","","","","True","True","False","False"
"MTG:SECRET_LAIR:SL-8BC0DEE34E59D2","SL-8BC0DEE34E59D2",,"SECRET_LAIR","","PROVISIONAL_MODEL","","REVIEW_REQUIRED","","NATIVE_VALUATION_RANGE","","WIDE_VALUATION_RANGE","","NO","","NO","","QUALITY_REVIEW_REQUIRED:HIGH_DISPERSION|LOW_CONFIDENCE|WIDE_PRICE_RANGE","","","","","","","True","True","False","False"
"MTG:SECRET_LAIR:SL-8D1031212D3210","SL-8D1031212D3210",,"SECRET_LAIR","","PROVISIONAL_MODEL","","REVIEW_REQUIRED","","NATIVE_VALUATION_RANGE","","WIDE_VALUATION_RANGE","","NO","","NO","","QUALITY_REVIEW_REQUIRED:LOW_CONFIDENCE","","","","","","","True","True","False","False"
"MTG:SECRET_LAIR:SL-8D82D482708660","SL-8D82D482708660",,"SECRET_LAIR","","STRUCTURAL_ONLY","","EXCLUDE_FROM_MODEL","","NATIVE_VALUATION_RANGE","","STRUCTURAL_VALUATION_RANGE","","NO","","NO","","QUALITY_EXCLUDED:NO_ACCEPTED_EVIDENCE","","","","","","","True","True","False","False"
"MTG:SECRET_LAIR:SL-8DF7AA99C9F2C9","SL-8DF7AA99C9F2C9",,"SECRET_LAIR","","STRUCTURAL_ONLY","","EXCLUDE_FROM_MODEL","","NATIVE_VALUATION_RANGE","","STRUCTURAL_VALUATION_RANGE","","NO","","NO","","QUALITY_EXCLUDED:NO_ACCEPTED_EVIDENCE","","","","","","","True","True","False","False"
"MTG:SECRET_LAIR:SL-8DFBEA2BADBCC4","SL-8DFBEA2BADBCC4",,"SECRET_LAIR","","STRUCTURAL_ONLY","","EXCLUDE_FROM_MODEL","","NATIVE_VALUATION_RANGE","","STRUCTURAL_VALUATION_RANGE","","NO","","NO","","QUALITY_EXCLUDED:NO_ACCEPTED_EVIDENCE","","","","","","","True","True","False","False"
"MTG:SECRET_LAIR:SL-8E1886C829359A","SL-8E1886C829359A",,"SECRET_LAIR","","FULL_MODEL","","PASS","","NATIVE_VALUATION_RANGE","","VALUATION_RANGE_READY","","NO","","NO","","","","","","","","","True","True","False","False"
"MTG:SECRET_LAIR:SL-8E83F173AEC350","SL-8E83F173AEC350",,"SECRET_LAIR","","PROVISIONAL_MODEL","","REVIEW_REQUIRED","","NATIVE_VALUATION_RANGE","","WIDE_VALUATION_RANGE","","NO","","NO","","QUALITY_REVIEW_REQUIRED:LOW_CONFIDENCE","","","","","","","True","True","False","False"
"MTG:SECRET_LAIR:SL-8EBDE365E2A458","SL-8EBDE365E2A458",,"SECRET_LAIR","","STRUCTURAL_ONLY","","EXCLUDE_FROM_MODEL","","NATIVE_VALUATION_RANGE","","STRUCTURAL_VALUATION_RANGE","","NO","","NO","","QUALITY_EXCLUDED:NO_ACCEPTED_EVIDENCE","","","","","","","True","True","False","False"
"MTG:SECRET_LAIR:SL-8F42E22C21A812","SL-8F42E22C21A812",,"SECRET_LAIR","","STRUCTURAL_ONLY","","EXCLUDE_FROM_MODEL","","NATIVE_VALUATION_RANGE","","STRUCTURAL_VALUATION_RANGE","","NO","","NO","","QUALITY_EXCLUDED:NO_ACCEPTED_EVIDENCE","","","","","","","True","True","False","False"
"MTG:SECRET_LAIR:SL-8F5540C2D38BA1","SL-8F5540C2D38BA1",,"SECRET_LAIR","","PROVISIONAL_MODEL","","REVIEW_REQUIRED","","NATIVE_VALUATION_RANGE","","WIDE_VALUATION_RANGE","","NO","","NO","","QUALITY_REVIEW_REQUIRED:LOW_CONFIDENCE","","","","","","","True","True","False","False"
"MTG:SECRET_LAIR:SL-8FC5EC5CE5CF31","SL-8FC5EC5CE5CF31",,"SECRET_LAIR","","STRUCTURAL_ONLY","","EXCLUDE_FROM_MODEL","","NATIVE_VALUATION_RANGE","","STRUCTURAL_VALUATION_RANGE","","NO","","NO","","QUALITY_EXCLUDED:NO_ACCEPTED_EVIDENCE","","","","","","","True","True","False","False"
"MTG:SECRET_LAIR:SL-8FED6673D932CA","SL-8FED6673D932CA",,"SECRET_LAIR","","PROVISIONAL_MODEL","","REVIEW_REQUIRED","","NATIVE_VALUATION_RANGE","","WIDE_VALUATION_RANGE","","NO","","NO","","QUALITY_REVIEW_REQUIRED:LOW_CONFIDENCE|SINGLE_OBSERVATION|WEAK_SELLER_DIVERSITY","","","","","","","True","True","False","False"
"MTG:SECRET_LAIR:SL-901432F718875C","SL-901432F718875C",,"SECRET_LAIR","","FULL_MODEL","","PASS","","NATIVE_VALUATION_RANGE","","VALUATION_RANGE_READY","","NO","","NO","","","","","","","","","True","True","False","False"
"MTG:SECRET_LAIR:SL-9026C39DC2D584","SL-9026C39DC2D584",,"SECRET_LAIR","","STRUCTURAL_ONLY","","EXCLUDE_FROM_MODEL","","NATIVE_VALUATION_RANGE","","STRUCTURAL_VALUATION_RANGE","","NO","","NO","","QUALITY_EXCLUDED:NO_ACCEPTED_EVIDENCE","","","","","","","True","True","False","False"
"MTG:SECRET_LAIR:SL-906DC103EE0D2F","SL-906DC103EE0D2F",,"SECRET_LAIR","","STRUCTURAL_ONLY","","EXCLUDE_FROM_MODEL","","NATIVE_VALUATION_RANGE","","STRUCTURAL_VALUATION_RANGE","","NO","","NO","","QUALITY_EXCLUDED:NO_ACCEPTED_EVIDENCE","","","","","","","True","True","False","False"
"MTG:SECRET_LAIR:SL-90725EB2DB66FA","SL-90725EB2DB66FA",,"SECRET_LAIR","","FULL_MODEL","","PASS","","NATIVE_VALUATION_RANGE","","VALUATION_RANGE_READY","","NO","","NO","","","","","","","","","True","True","False","False"
"MTG:SECRET_LAIR:SL-908B8F97F7A4CA","SL-908B8F97F7A4CA",,"SECRET_LAIR","","FULL_MODEL","","PASS","","NATIVE_VALUATION_RANGE","","VALUATION_RANGE_READY","","NO","","NO","","","","","","","","","True","True","False","False"
"MTG:SECRET_LAIR:SL-90A9B91CE326E6","SL-90A9B91CE326E6",,"SECRET_LAIR","","FULL_MODEL","","PASS","","NATIVE_VALUATION_RANGE","","VALUATION_RANGE_READY","","NO","","NO","","","","","","","","","True","True","False","False"
"MTG:SECRET_LAIR:SL-9179B083C2914F","SL-9179B083C2914F",,"SECRET_LAIR","","PROVISIONAL_MODEL","","REVIEW_REQUIRED","","NATIVE_VALUATION_RANGE","","WIDE_VALUATION_RANGE","","NO","","NO","","QUALITY_REVIEW_REQUIRED:LOW_CONFIDENCE","","","","","","","True","True","False","False"
"MTG:SECRET_LAIR:SL-91B8D55112E9C9","SL-91B8D55112E9C9",,"SECRET_LAIR","","PROVISIONAL_MODEL","","REVIEW_REQUIRED","","NATIVE_VALUATION_RANGE","","WIDE_VALUATION_RANGE","","NO","","NO","","QUALITY_REVIEW_REQUIRED:LOW_CONFIDENCE","","","","","","","True","True","False","False"
"MTG:SECRET_LAIR:SL-920AF504850AFD","SL-920AF504850AFD",,"SECRET_LAIR","","FULL_MODEL","","PASS","","NATIVE_VALUATION_RANGE","","VALUATION_RANGE_READY","","NO","","NO","","","","","","","","","True","True","False","False"
"MTG:SECRET_LAIR:SL-92D9B3EFB117F4","SL-92D9B3EFB117F4",,"SECRET_LAIR","","PROVISIONAL_MODEL","","REVIEW_REQUIRED","","NATIVE_VALUATION_RANGE","","WIDE_VALUATION_RANGE","","NO","","NO","","QUALITY_REVIEW_REQUIRED:LOW_CONFIDENCE|SINGLE_OBSERVATION|WEAK_SELLER_DIVERSITY","","","","","","","True","True","False","False"
"MTG:SECRET_LAIR:SL-934530AEA76C05","SL-934530AEA76C05",,"SECRET_LAIR","","PROVISIONAL_MODEL","","REVIEW_REQUIRED","","NATIVE_VALUATION_RANGE","","WIDE_VALUATION_RANGE","","NO","","NO","","QUALITY_REVIEW_REQUIRED:LOW_CONFIDENCE","","","","","","","True","True","False","False"
"MTG:SECRET_LAIR:SL-9354CD516531FE","SL-9354CD516531FE",,"SECRET_LAIR","","PROVISIONAL_MODEL","","REVIEW_REQUIRED","","NATIVE_VALUATION_RANGE","","WIDE_VALUATION_RANGE","","NO","","NO","","QUALITY_REVIEW_REQUIRED:LOW_CONFIDENCE|SINGLE_OBSERVATION|WEAK_SELLER_DIVERSITY","","","","","","","True","True","False","False"
"MTG:SECRET_LAIR:SL-9392A78457BB01","SL-9392A78457BB01",,"SECRET_LAIR","","PROVISIONAL_MODEL","","REVIEW_REQUIRED","","NATIVE_VALUATION_RANGE","","WIDE_VALUATION_RANGE","","NO","","NO","","QUALITY_REVIEW_REQUIRED:HIGH_MEDIAN_VALUE","","","","","","","True","True","False","False"
"MTG:SECRET_LAIR:SL-93933272405D31","SL-93933272405D31",,"SECRET_LAIR","","FULL_MODEL","","PASS","","NATIVE_VALUATION_RANGE","","VALUATION_RANGE_READY","","NO","","NO","","","","","","","","","True","True","False","False"
"MTG:SECRET_LAIR:SL-93F3442047281C","SL-93F3442047281C",,"SECRET_LAIR","","PROVISIONAL_MODEL","","REVIEW_REQUIRED","","NATIVE_VALUATION_RANGE","","WIDE_VALUATION_RANGE","","NO","","NO","","QUALITY_REVIEW_REQUIRED:LOW_CONFIDENCE","","","","","","","True","True","False","False"
"MTG:SECRET_LAIR:SL-945C1DB70B69C9","SL-945C1DB70B69C9",,"SECRET_LAIR","","STRUCTURAL_ONLY","","EXCLUDE_FROM_MODEL","","NATIVE_VALUATION_RANGE","","STRUCTURAL_VALUATION_RANGE","","NO","","NO","","QUALITY_EXCLUDED:NO_ACCEPTED_EVIDENCE","","","","","","","True","True","False","False"
"MTG:SECRET_LAIR:SL-946D20169FB178","SL-946D20169FB178",,"SECRET_LAIR","","PROVISIONAL_MODEL","","REVIEW_REQUIRED","","NATIVE_VALUATION_RANGE","","WIDE_VALUATION_RANGE","","NO","","NO","","QUALITY_REVIEW_REQUIRED:LOW_CONFIDENCE","","","","","","","True","True","False","False"
"MTG:SECRET_LAIR:SL-94AFDF17C76C12","SL-94AFDF17C76C12",,"SECRET_LAIR","","PROVISIONAL_MODEL","","REVIEW_REQUIRED","","NATIVE_VALUATION_RANGE","","WIDE_VALUATION_RANGE","","NO","","NO","","QUALITY_REVIEW_REQUIRED:LOW_CONFIDENCE","","","","","","","True","True","False","False"
"MTG:SECRET_LAIR:SL-94D47F07F61A0F","SL-94D47F07F61A0F",,"SECRET_LAIR","","STRUCTURAL_ONLY","","EXCLUDE_FROM_MODEL","","NATIVE_VALUATION_RANGE","","STRUCTURAL_VALUATION_RANGE","","NO","","NO","","QUALITY_EXCLUDED:NO_ACCEPTED_EVIDENCE","","","","","","","True","True","False","False"
"MTG:SECRET_LAIR:SL-9501FA347D3861","SL-9501FA347D3861",,"SECRET_LAIR","","PROVISIONAL_MODEL","","REVIEW_REQUIRED","","NATIVE_VALUATION_RANGE","","WIDE_VALUATION_RANGE","","NO","","NO","","QUALITY_REVIEW_REQUIRED:LOW_CONFIDENCE|SINGLE_OBSERVATION|WEAK_SELLER_DIVERSITY","","","","","","","True","True","False","False"
"MTG:SECRET_LAIR:SL-950215B0A2668B","SL-950215B0A2668B",,"SECRET_LAIR","","PROVISIONAL_MODEL","","REVIEW_REQUIRED","","NATIVE_VALUATION_RANGE","","WIDE_VALUATION_RANGE","","NO","","NO","","QUALITY_REVIEW_REQUIRED:LOW_CONFIDENCE|SINGLE_OBSERVATION|WEAK_SELLER_DIVERSITY","","","","","","","True","True","False","False"
"MTG:SECRET_LAIR:SL-950A1262892ED0","SL-950A1262892ED0",,"SECRET_LAIR","","STRUCTURAL_ONLY","","EXCLUDE_FROM_MODEL","","NATIVE_VALUATION_RANGE","","STRUCTURAL_VALUATION_RANGE","","NO","","NO","","QUALITY_EXCLUDED:NO_ACCEPTED_EVIDENCE","","","","","","","True","True","False","False"
"MTG:SECRET_LAIR:SL-95580EA636B3FF","SL-95580EA636B3FF",,"SECRET_LAIR","","STRUCTURAL_ONLY","","EXCLUDE_FROM_MODEL","","NATIVE_VALUATION_RANGE","","STRUCTURAL_VALUATION_RANGE","","NO","","NO","","QUALITY_EXCLUDED:NO_ACCEPTED_EVIDENCE","","","","","","","True","True","False","False"
"MTG:SECRET_LAIR:SL-95C045CE385254","SL-95C045CE385254",,"SECRET_LAIR","","FULL_MODEL","","PASS","","NATIVE_VALUATION_RANGE","","VALUATION_RANGE_READY","","NO","","NO","","","","","","","","","True","True","False","False"
"MTG:SECRET_LAIR:SL-95CA1F687198C8","SL-95CA1F687198C8",,"SECRET_LAIR","","STRUCTURAL_ONLY","","EXCLUDE_FROM_MODEL","","NATIVE_VALUATION_RANGE","","STRUCTURAL_VALUATION_RANGE","","NO","","NO","","QUALITY_EXCLUDED:NO_ACCEPTED_EVIDENCE","","","","","","","True","True","False","False"
"MTG:SECRET_LAIR:SL-95F8B6ADF74AF6","SL-95F8B6ADF74AF6",,"SECRET_LAIR","","FULL_MODEL","","PASS","","NATIVE_VALUATION_RANGE","","VALUATION_RANGE_READY","","NO","","NO","","","","","","","","","True","True","False","False"
"MTG:SECRET_LAIR:SL-960978B749E8BC","SL-960978B749E8BC",,"SECRET_LAIR","","STRUCTURAL_ONLY","","EXCLUDE_FROM_MODEL","","NATIVE_VALUATION_RANGE","","STRUCTURAL_VALUATION_RANGE","","NO","","NO","","QUALITY_EXCLUDED:NO_ACCEPTED_EVIDENCE","","","","","","","True","True","False","False"
"MTG:SECRET_LAIR:SL-960F8E0D48A128","SL-960F8E0D48A128",,"SECRET_LAIR","","STRUCTURAL_ONLY","","EXCLUDE_FROM_MODEL","","NATIVE_VALUATION_RANGE","","STRUCTURAL_VALUATION_RANGE","","NO","","NO","","QUALITY_EXCLUDED:NO_ACCEPTED_EVIDENCE","","","","","","","True","True","False","False"
"MTG:SECRET_LAIR:SL-9636BECFACB4FB","SL-9636BECFACB4FB",,"SECRET_LAIR","","PROVISIONAL_MODEL","","REVIEW_REQUIRED","","NATIVE_VALUATION_RANGE","","WIDE_VALUATION_RANGE","","NO","","NO","","QUALITY_REVIEW_REQUIRED:LOW_CONFIDENCE|SINGLE_OBSERVATION|WEAK_SELLER_DIVERSITY","","","","","","","True","True","False","False"
"MTG:SECRET_LAIR:SL-96BE56C157011C","SL-96BE56C157011C",,"SECRET_LAIR","","FULL_MODEL","","PASS","","NATIVE_VALUATION_RANGE","","VALUATION_RANGE_READY","","NO","","NO","","","","","","","","","True","True","False","False"
"MTG:SECRET_LAIR:SL-96C67AB7F9BDE5","SL-96C67AB7F9BDE5",,"SECRET_LAIR","","STRUCTURAL_ONLY","","EXCLUDE_FROM_MODEL","","NATIVE_VALUATION_RANGE","","STRUCTURAL_VALUATION_RANGE","","NO","","NO","","QUALITY_EXCLUDED:NO_ACCEPTED_EVIDENCE","","","","","","","True","True","False","False"
"MTG:SECRET_LAIR:SL-96CADB0742DD94","SL-96CADB0742DD94",,"SECRET_LAIR","","PROVISIONAL_MODEL","","REVIEW_REQUIRED","","NATIVE_VALUATION_RANGE","","WIDE_VALUATION_RANGE","","NO","","NO","","QUALITY_REVIEW_REQUIRED:LOW_CONFIDENCE","","","","","","","True","True","False","False"
"MTG:SECRET_LAIR:SL-9704D4ABAC066A","SL-9704D4ABAC066A",,"SECRET_LAIR","","PROVISIONAL_MODEL","","REVIEW_REQUIRED","","NATIVE_VALUATION_RANGE","","WIDE_VALUATION_RANGE","","NO","","NO","","QUALITY_REVIEW_REQUIRED:LOW_CONFIDENCE|SINGLE_OBSERVATION|WEAK_SELLER_DIVERSITY","","","","","","","True","True","False","False"
"MTG:SECRET_LAIR:SL-97078E5D14EBE4","SL-97078E5D14EBE4",,"SECRET_LAIR","","PROVISIONAL_MODEL","","REVIEW_REQUIRED","","NATIVE_VALUATION_RANGE","","WIDE_VALUATION_RANGE","","NO","","NO","","QUALITY_REVIEW_REQUIRED:LOW_CONFIDENCE","","","","","","","True","True","False","False"
"MTG:SECRET_LAIR:SL-9717333D02A391","SL-9717333D02A391",,"SECRET_LAIR","","FULL_MODEL","","PASS","","NATIVE_VALUATION_RANGE","","VALUATION_RANGE_READY","","NO","","NO","","","","","","","","","True","True","False","False"
"MTG:SECRET_LAIR:SL-9762ED8DD0FDB9","SL-9762ED8DD0FDB9",,"SECRET_LAIR","","PROVISIONAL_MODEL","","REVIEW_REQUIRED","","NATIVE_VALUATION_RANGE","","WIDE_VALUATION_RANGE","","NO","","NO","","QUALITY_REVIEW_REQUIRED:LOW_CONFIDENCE","","","","","","","True","True","False","False"
"MTG:SECRET_LAIR:SL-97A19C3BC3A646","SL-97A19C3BC3A646",,"SECRET_LAIR","","FULL_MODEL","","PASS","","NATIVE_VALUATION_RANGE","","VALUATION_RANGE_READY","","NO","","NO","","","","","","","","","True","True","False","False"
"MTG:SECRET_LAIR:SL-97B83ADAA797E8","SL-97B83ADAA797E8",,"SECRET_LAIR","","PROVISIONAL_MODEL","","REVIEW_REQUIRED","","NATIVE_VALUATION_RANGE","","WIDE_VALUATION_RANGE","","NO","","NO","","QUALITY_REVIEW_REQUIRED:LOW_CONFIDENCE|SINGLE_OBSERVATION|WEAK_SELLER_DIVERSITY","","","","","","","True","True","False","False"
"MTG:SECRET_LAIR:SL-97D4DC2FDE2271","SL-97D4DC2FDE2271",,"SECRET_LAIR","","STRUCTURAL_ONLY","","EXCLUDE_FROM_MODEL","","NATIVE_VALUATION_RANGE","","STRUCTURAL_VALUATION_RANGE","","NO","","NO","","QUALITY_EXCLUDED:NO_ACCEPTED_EVIDENCE","","","","","","","True","True","False","False"
"MTG:SECRET_LAIR:SL-97E67435FE209E","SL-97E67435FE209E",,"SECRET_LAIR","","PROVISIONAL_MODEL","","REVIEW_REQUIRED","","NATIVE_VALUATION_RANGE","","WIDE_VALUATION_RANGE","","NO","","NO","","QUALITY_REVIEW_REQUIRED:LOW_CONFIDENCE","","","","","","","True","True","False","False"
"MTG:SECRET_LAIR:SL-98B49C340237E2","SL-98B49C340237E2",,"SECRET_LAIR","","PROVISIONAL_MODEL","","REVIEW_REQUIRED","","NATIVE_VALUATION_RANGE","","WIDE_VALUATION_RANGE","","NO","","NO","","QUALITY_REVIEW_REQUIRED:LOW_CONFIDENCE","","","","","","","True","True","False","False"
"MTG:SECRET_LAIR:SL-9956C343D188B0","SL-9956C343D188B0",,"SECRET_LAIR","","FULL_MODEL","","PASS","","NATIVE_VALUATION_RANGE","","VALUATION_RANGE_READY","","NO","","NO","","","","","","","","","True","True","False","False"
"MTG:SECRET_LAIR:SL-9962EA8B669B4F","SL-9962EA8B669B4F",,"SECRET_LAIR","","FULL_MODEL","","PASS","","NATIVE_VALUATION_RANGE","","VALUATION_RANGE_READY","","NO","","NO","","","","","","","","","True","True","False","False"
"MTG:SECRET_LAIR:SL-9A20B1803ACEFF","SL-9A20B1803ACEFF",,"SECRET_LAIR","","STRUCTURAL_ONLY","","EXCLUDE_FROM_MODEL","","NATIVE_VALUATION_RANGE","","STRUCTURAL_VALUATION_RANGE","","NO","","NO","","QUALITY_EXCLUDED:NO_ACCEPTED_EVIDENCE","","","","","","","True","True","False","False"
"MTG:SECRET_LAIR:SL-9A6EF28EECF2DC","SL-9A6EF28EECF2DC",,"SECRET_LAIR","","FULL_MODEL","","PASS","","NATIVE_VALUATION_RANGE","","VALUATION_RANGE_READY","","NO","","NO","","","","","","","","","True","True","False","False"
"MTG:SECRET_LAIR:SL-9A70751B3B58BD","SL-9A70751B3B58BD",,"SECRET_LAIR","","FULL_MODEL","","PASS","","NATIVE_VALUATION_RANGE","","VALUATION_RANGE_READY","","NO","","NO","","","","","","","","","True","True","False","False"
"MTG:SECRET_LAIR:SL-9B1071444456CB","SL-9B1071444456CB",,"SECRET_LAIR","","PROVISIONAL_MODEL","","REVIEW_REQUIRED","","NATIVE_VALUATION_RANGE","","WIDE_VALUATION_RANGE","","NO","","NO","","QUALITY_REVIEW_REQUIRED:LOW_CONFIDENCE|SINGLE_OBSERVATION|WEAK_SELLER_DIVERSITY","","","","","","","True","True","False","False"
"MTG:SECRET_LAIR:SL-9B4F84E69F4CCE","SL-9B4F84E69F4CCE",,"SECRET_LAIR","","STRUCTURAL_ONLY","","EXCLUDE_FROM_MODEL","","NATIVE_VALUATION_RANGE","","STRUCTURAL_VALUATION_RANGE","","NO","","NO","","QUALITY_EXCLUDED:NO_ACCEPTED_EVIDENCE","","","","","","","True","True","False","False"
"MTG:SECRET_LAIR:SL-9BC9B71A47DED5","SL-9BC9B71A47DED5",,"SECRET_LAIR","","FULL_MODEL","","PASS","","NATIVE_VALUATION_RANGE","","VALUATION_RANGE_READY","","NO","","NO","","","","","","","","","True","True","False","False"
"MTG:SECRET_LAIR:SL-9BE91DCFB8B637","SL-9BE91DCFB8B637",,"SECRET_LAIR","","STRUCTURAL_ONLY","","EXCLUDE_FROM_MODEL","","NATIVE_VALUATION_RANGE","","STRUCTURAL_VALUATION_RANGE","","NO","","NO","","QUALITY_EXCLUDED:NO_ACCEPTED_EVIDENCE","","","","","","","True","True","False","False"
"MTG:SECRET_LAIR:SL-9BF166AA8657DF","SL-9BF166AA8657DF",,"SECRET_LAIR","","STRUCTURAL_ONLY","","EXCLUDE_FROM_MODEL","","NATIVE_VALUATION_RANGE","","STRUCTURAL_VALUATION_RANGE","","NO","","NO","","QUALITY_EXCLUDED:NO_ACCEPTED_EVIDENCE","","","","","","","True","True","False","False"
"MTG:SECRET_LAIR:SL-9CD3BAD93DA107","SL-9CD3BAD93DA107",,"SECRET_LAIR","","PROVISIONAL_MODEL","","REVIEW_REQUIRED","","NATIVE_VALUATION_RANGE","","WIDE_VALUATION_RANGE","","NO","","NO","","QUALITY_REVIEW_REQUIRED:LOW_CONFIDENCE","","","","","","","True","True","False","False"
"MTG:SECRET_LAIR:SL-9CD93C9989F563","SL-9CD93C9989F563",,"SECRET_LAIR","","FULL_MODEL","","PASS","","NATIVE_VALUATION_RANGE","","VALUATION_RANGE_READY","","NO","","NO","","","","","","","","","True","True","False","False"
"MTG:SECRET_LAIR:SL-9E1C46A1207B0B","SL-9E1C46A1207B0B",,"SECRET_LAIR","","STRUCTURAL_ONLY","","EXCLUDE_FROM_MODEL","","NATIVE_VALUATION_RANGE","","STRUCTURAL_VALUATION_RANGE","","NO","","NO","","QUALITY_EXCLUDED:NO_ACCEPTED_EVIDENCE","","","","","","","True","True","False","False"
"MTG:SECRET_LAIR:SL-9E3BBD4ED8D2C6","SL-9E3BBD4ED8D2C6",,"SECRET_LAIR","","STRUCTURAL_ONLY","","EXCLUDE_FROM_MODEL","","NATIVE_VALUATION_RANGE","","STRUCTURAL_VALUATION_RANGE","","NO","","NO","","QUALITY_EXCLUDED:NO_ACCEPTED_EVIDENCE","","","","","","","True","True","False","False"
"MTG:SECRET_LAIR:SL-9EA2580F2EEDC6","SL-9EA2580F2EEDC6",,"SECRET_LAIR","","STRUCTURAL_ONLY","","EXCLUDE_FROM_MODEL","","NATIVE_VALUATION_RANGE","","STRUCTURAL_VALUATION_RANGE","","NO","","NO","","QUALITY_EXCLUDED:NO_ACCEPTED_EVIDENCE","","","","","","","True","True","False","False"
"MTG:SECRET_LAIR:SL-9EAF8671F2BE80","SL-9EAF8671F2BE80",,"SECRET_LAIR","","STRUCTURAL_ONLY","","EXCLUDE_FROM_MODEL","","NATIVE_VALUATION_RANGE","","STRUCTURAL_VALUATION_RANGE","","NO","","NO","","QUALITY_EXCLUDED:NO_ACCEPTED_EVIDENCE","","","","","","","True","True","False","False"
"MTG:SECRET_LAIR:SL-9EDDAD28E6FDFB","SL-9EDDAD28E6FDFB",,"SECRET_LAIR","","FULL_MODEL","","PASS","","NATIVE_VALUATION_RANGE","","VALUATION_RANGE_READY","","NO","","NO","","","","","","","","","True","True","False","False"
"MTG:SECRET_LAIR:SL-9EEE08FA6CD557","SL-9EEE08FA6CD557",,"SECRET_LAIR","","STRUCTURAL_ONLY","","EXCLUDE_FROM_MODEL","","NATIVE_VALUATION_RANGE","","STRUCTURAL_VALUATION_RANGE","","NO","","NO","","QUALITY_EXCLUDED:NO_ACCEPTED_EVIDENCE","","","","","","","True","True","False","False"
"MTG:SECRET_LAIR:SL-9EFB956D77D864","SL-9EFB956D77D864",,"SECRET_LAIR","","STRUCTURAL_ONLY","","EXCLUDE_FROM_MODEL","","NATIVE_VALUATION_RANGE","","STRUCTURAL_VALUATION_RANGE","","NO","","NO","","QUALITY_EXCLUDED:NO_ACCEPTED_EVIDENCE","","","","","","","True","True","False","False"
"MTG:SECRET_LAIR:SL-9F25EFE6D18364","SL-9F25EFE6D18364",,"SECRET_LAIR","","STRUCTURAL_ONLY","","EXCLUDE_FROM_MODEL","","NATIVE_VALUATION_RANGE","","STRUCTURAL_VALUATION_RANGE","","NO","","NO","","QUALITY_EXCLUDED:NO_ACCEPTED_EVIDENCE","","","","","","","True","True","False","False"
"MTG:SECRET_LAIR:SL-9F2EA943C39F55","SL-9F2EA943C39F55",,"SECRET_LAIR","","PROVISIONAL_MODEL","","REVIEW_REQUIRED","","NATIVE_VALUATION_RANGE","","WIDE_VALUATION_RANGE","","NO","","NO","","QUALITY_REVIEW_REQUIRED:HIGH_DISPERSION|LOW_CONFIDENCE|WIDE_PRICE_RANGE","","","","","","","True","True","False","False"
"MTG:SECRET_LAIR:SL-9F9E2E3B15A276","SL-9F9E2E3B15A276",,"SECRET_LAIR","","STRUCTURAL_ONLY","","EXCLUDE_FROM_MODEL","","NATIVE_VALUATION_RANGE","","STRUCTURAL_VALUATION_RANGE","","NO","","NO","","QUALITY_EXCLUDED:NO_ACCEPTED_EVIDENCE","","","","","","","True","True","False","False"
"MTG:SECRET_LAIR:SL-9FDDEAE495C5DE","SL-9FDDEAE495C5DE",,"SECRET_LAIR","","FULL_MODEL","","PASS","","NATIVE_VALUATION_RANGE","","VALUATION_RANGE_READY","","NO","","NO","","","","","","","","","True","True","False","False"
"MTG:SECRET_LAIR:SL-A000A22E459D28","SL-A000A22E459D28",,"SECRET_LAIR","","PROVISIONAL_MODEL","","REVIEW_REQUIRED","","NATIVE_VALUATION_RANGE","","WIDE_VALUATION_RANGE","","NO","","NO","","QUALITY_REVIEW_REQUIRED:LOW_CONFIDENCE|SINGLE_OBSERVATION|WEAK_SELLER_DIVERSITY","","","","","","","True","True","False","False"
"MTG:SECRET_LAIR:SL-A0A3FDF7E0BD6D","SL-A0A3FDF7E0BD6D",,"SECRET_LAIR","","PROVISIONAL_MODEL","","REVIEW_REQUIRED","","NATIVE_VALUATION_RANGE","","WIDE_VALUATION_RANGE","","NO","","NO","","QUALITY_REVIEW_REQUIRED:LOW_CONFIDENCE","","","","","","","True","True","False","False"
"MTG:SECRET_LAIR:SL-A0CEFE66D8D941","SL-A0CEFE66D8D941",,"SECRET_LAIR","","STRUCTURAL_ONLY","","EXCLUDE_FROM_MODEL","","NATIVE_VALUATION_RANGE","","STRUCTURAL_VALUATION_RANGE","","NO","","NO","","QUALITY_EXCLUDED:NO_ACCEPTED_EVIDENCE","","","","","","","True","True","False","False"
"MTG:SECRET_LAIR:SL-A0E13DA74146D6","SL-A0E13DA74146D6",,"SECRET_LAIR","","PROVISIONAL_MODEL","","REVIEW_REQUIRED","","NATIVE_VALUATION_RANGE","","WIDE_VALUATION_RANGE","","NO","","NO","","QUALITY_REVIEW_REQUIRED:HIGH_MEDIAN_VALUE|LOW_CONFIDENCE","","","","","","","True","True","False","False"
"MTG:SECRET_LAIR:SL-A0F468E911DF55","SL-A0F468E911DF55",,"SECRET_LAIR","","STRUCTURAL_ONLY","","EXCLUDE_FROM_MODEL","","NATIVE_VALUATION_RANGE","","STRUCTURAL_VALUATION_RANGE","","NO","","NO","","QUALITY_EXCLUDED:NO_ACCEPTED_EVIDENCE","","","","","","","True","True","False","False"
"MTG:SECRET_LAIR:SL-A13BDE5A40E7C6","SL-A13BDE5A40E7C6",,"SECRET_LAIR","","PROVISIONAL_MODEL","","REVIEW_REQUIRED","","NATIVE_VALUATION_RANGE","","WIDE_VALUATION_RANGE","","NO","","NO","","QUALITY_REVIEW_REQUIRED:HIGH_MEDIAN_VALUE","","","","","","","True","True","False","False"
"MTG:SECRET_LAIR:SL-A15A9EF8FFC0C3","SL-A15A9EF8FFC0C3",,"SECRET_LAIR","","PROVISIONAL_MODEL","","REVIEW_REQUIRED","","NATIVE_VALUATION_RANGE","","WIDE_VALUATION_RANGE","","NO","","NO","","QUALITY_REVIEW_REQUIRED:LOW_CONFIDENCE","","","","","","","True","True","False","False"
"MTG:SECRET_LAIR:SL-A1DD82B9F45A59","SL-A1DD82B9F45A59",,"SECRET_LAIR","","PROVISIONAL_MODEL","","REVIEW_REQUIRED","","NATIVE_VALUATION_RANGE","","WIDE_VALUATION_RANGE","","NO","","NO","","QUALITY_REVIEW_REQUIRED:HIGH_MEDIAN_VALUE","","","","","","","True","True","False","False"
"MTG:SECRET_LAIR:SL-A1F9DC4DE016E1","SL-A1F9DC4DE016E1",,"SECRET_LAIR","","STRUCTURAL_ONLY","","EXCLUDE_FROM_MODEL","","NATIVE_VALUATION_RANGE","","STRUCTURAL_VALUATION_RANGE","","NO","","NO","","QUALITY_EXCLUDED:NO_ACCEPTED_EVIDENCE","","","","","","","True","True","False","False"
"MTG:SECRET_LAIR:SL-A26DEC91D98CFF","SL-A26DEC91D98CFF",,"SECRET_LAIR","","STRUCTURAL_ONLY","","EXCLUDE_FROM_MODEL","","NATIVE_VALUATION_RANGE","","STRUCTURAL_VALUATION_RANGE","","NO","","NO","","QUALITY_EXCLUDED:NO_ACCEPTED_EVIDENCE","","","","","","","True","True","False","False"
"MTG:SECRET_LAIR:SL-A2CAA7DD3627FD","SL-A2CAA7DD3627FD",,"SECRET_LAIR","","PROVISIONAL_MODEL","","REVIEW_REQUIRED","","NATIVE_VALUATION_RANGE","","WIDE_VALUATION_RANGE","","NO","","NO","","QUALITY_REVIEW_REQUIRED:LOW_CONFIDENCE","","","","","","","True","True","False","False"
"MTG:SECRET_LAIR:SL-A2E8FE14360AF9","SL-A2E8FE14360AF9",,"SECRET_LAIR","","STRUCTURAL_ONLY","","EXCLUDE_FROM_MODEL","","NATIVE_VALUATION_RANGE","","STRUCTURAL_VALUATION_RANGE","","NO","","NO","","QUALITY_EXCLUDED:NO_ACCEPTED_EVIDENCE","","","","","","","True","True","False","False"
"MTG:SECRET_LAIR:SL-A3ADDCA9165A2F","SL-A3ADDCA9165A2F",,"SECRET_LAIR","","STRUCTURAL_ONLY","","EXCLUDE_FROM_MODEL","","NATIVE_VALUATION_RANGE","","STRUCTURAL_VALUATION_RANGE","","NO","","NO","","QUALITY_EXCLUDED:NO_ACCEPTED_EVIDENCE","","","","","","","True","True","False","False"
"MTG:SECRET_LAIR:SL-A4528679EBCD24","SL-A4528679EBCD24",,"SECRET_LAIR","","FULL_MODEL","","PASS","","NATIVE_VALUATION_RANGE","","VALUATION_RANGE_READY","","NO","","NO","","","","","","","","","True","True","False","False"
"MTG:SECRET_LAIR:SL-A461D1EB9128DC","SL-A461D1EB9128DC",,"SECRET_LAIR","","STRUCTURAL_ONLY","","EXCLUDE_FROM_MODEL","","NATIVE_VALUATION_RANGE","","STRUCTURAL_VALUATION_RANGE","","NO","","NO","","QUALITY_EXCLUDED:NO_ACCEPTED_EVIDENCE","","","","","","","True","True","False","False"
"MTG:SECRET_LAIR:SL-A47DB53641C91B","SL-A47DB53641C91B",,"SECRET_LAIR","","STRUCTURAL_ONLY","","EXCLUDE_FROM_MODEL","","NATIVE_VALUATION_RANGE","","STRUCTURAL_VALUATION_RANGE","","NO","","NO","","QUALITY_EXCLUDED:NO_ACCEPTED_EVIDENCE","","","","","","","True","True","False","False"
"MTG:SECRET_LAIR:SL-A4B37777A977B9","SL-A4B37777A977B9",,"SECRET_LAIR","","STRUCTURAL_ONLY","","EXCLUDE_FROM_MODEL","","NATIVE_VALUATION_RANGE","","STRUCTURAL_VALUATION_RANGE","","NO","","NO","","QUALITY_EXCLUDED:NO_ACCEPTED_EVIDENCE","","","","","","","True","True","False","False"
"MTG:SECRET_LAIR:SL-A5708359BCF021","SL-A5708359BCF021",,"SECRET_LAIR","","STRUCTURAL_ONLY","","EXCLUDE_FROM_MODEL","","NATIVE_VALUATION_RANGE","","STRUCTURAL_VALUATION_RANGE","","NO","","NO","","QUALITY_EXCLUDED:NO_ACCEPTED_EVIDENCE","","","","","","","True","True","False","False"
"MTG:SECRET_LAIR:SL-A57E7603094331","SL-A57E7603094331",,"SECRET_LAIR","","STRUCTURAL_ONLY","","EXCLUDE_FROM_MODEL","","NATIVE_VALUATION_RANGE","","STRUCTURAL_VALUATION_RANGE","","NO","","NO","","QUALITY_EXCLUDED:NO_ACCEPTED_EVIDENCE","","","","","","","True","True","False","False"
"MTG:SECRET_LAIR:SL-A59C9ADCD75BE0","SL-A59C9ADCD75BE0",,"SECRET_LAIR","","FULL_MODEL","","PASS","","NATIVE_VALUATION_RANGE","","VALUATION_RANGE_READY","","NO","","NO","","","","","","","","","True","True","False","False"
"MTG:SECRET_LAIR:SL-A5E1293D263AF0","SL-A5E1293D263AF0",,"SECRET_LAIR","","FULL_MODEL","","PASS","","NATIVE_VALUATION_RANGE","","VALUATION_RANGE_READY","","NO","","NO","","","","","","","","","True","True","False","False"
"MTG:SECRET_LAIR:SL-A63C3F080DE9D2","SL-A63C3F080DE9D2",,"SECRET_LAIR","","PROVISIONAL_MODEL","","REVIEW_REQUIRED","","NATIVE_VALUATION_RANGE","","WIDE_VALUATION_RANGE","","NO","","NO","","QUALITY_REVIEW_REQUIRED:LOW_CONFIDENCE|SINGLE_OBSERVATION|WEAK_SELLER_DIVERSITY","","","","","","","True","True","False","False"
"MTG:SECRET_LAIR:SL-A6ECC7D38BF81A","SL-A6ECC7D38BF81A",,"SECRET_LAIR","","STRUCTURAL_ONLY","","EXCLUDE_FROM_MODEL","","NATIVE_VALUATION_RANGE","","STRUCTURAL_VALUATION_RANGE","","NO","","NO","","QUALITY_EXCLUDED:NO_ACCEPTED_EVIDENCE","","","","","","","True","True","False","False"
"MTG:SECRET_LAIR:SL-A6FBE97D53BCE6","SL-A6FBE97D53BCE6",,"SECRET_LAIR","","FULL_MODEL","","PASS","","NATIVE_VALUATION_RANGE","","VALUATION_RANGE_READY","","NO","","NO","","","","","","","","","True","True","False","False"
"MTG:SECRET_LAIR:SL-A709252A4DA96B","SL-A709252A4DA96B",,"SECRET_LAIR","","FULL_MODEL","","PASS","","NATIVE_VALUATION_RANGE","","VALUATION_RANGE_READY","","NO","","NO","","","","","","","","","True","True","False","False"
"MTG:SECRET_LAIR:SL-A7A995D0FE468E","SL-A7A995D0FE468E",,"SECRET_LAIR","","PROVISIONAL_MODEL","","REVIEW_REQUIRED","","NATIVE_VALUATION_RANGE","","WIDE_VALUATION_RANGE","","NO","","NO","","QUALITY_REVIEW_REQUIRED:LOW_CONFIDENCE","","","","","","","True","True","False","False"
"MTG:SECRET_LAIR:SL-A7E5B7F6EC8B4A","SL-A7E5B7F6EC8B4A",,"SECRET_LAIR","","FULL_MODEL","","PASS","","NATIVE_VALUATION_RANGE","","VALUATION_RANGE_READY","","NO","","NO","","","","","","","","","True","True","False","False"
"MTG:SECRET_LAIR:SL-A7EA98C7CECF4C","SL-A7EA98C7CECF4C",,"SECRET_LAIR","","PROVISIONAL_MODEL","","REVIEW_REQUIRED","","NATIVE_VALUATION_RANGE","","WIDE_VALUATION_RANGE","","NO","","NO","","QUALITY_REVIEW_REQUIRED:LOW_CONFIDENCE|SINGLE_OBSERVATION|WEAK_SELLER_DIVERSITY","","","","","","","True","True","False","False"
"MTG:SECRET_LAIR:SL-A82A8D6CE7A54C","SL-A82A8D6CE7A54C",,"SECRET_LAIR","","STRUCTURAL_ONLY","","EXCLUDE_FROM_MODEL","","NATIVE_VALUATION_RANGE","","STRUCTURAL_VALUATION_RANGE","","NO","","NO","","QUALITY_EXCLUDED:NO_ACCEPTED_EVIDENCE","","","","","","","True","True","False","False"
"MTG:SECRET_LAIR:SL-A82BC05ADED8C7","SL-A82BC05ADED8C7",,"SECRET_LAIR","","PROVISIONAL_MODEL","","REVIEW_REQUIRED","","NATIVE_VALUATION_RANGE","","WIDE_VALUATION_RANGE","","NO","","NO","","QUALITY_REVIEW_REQUIRED:LOW_CONFIDENCE","","","","","","","True","True","False","False"
"MTG:SECRET_LAIR:SL-A82BF7D7962B00","SL-A82BF7D7962B00",,"SECRET_LAIR","","STRUCTURAL_ONLY","","EXCLUDE_FROM_MODEL","","NATIVE_VALUATION_RANGE","","STRUCTURAL_VALUATION_RANGE","","NO","","NO","","QUALITY_EXCLUDED:NO_ACCEPTED_EVIDENCE","","","","","","","True","True","False","False"
"MTG:SECRET_LAIR:SL-A8A83DC7B06C38","SL-A8A83DC7B06C38",,"SECRET_LAIR","","PROVISIONAL_MODEL","","REVIEW_REQUIRED","","NATIVE_VALUATION_RANGE","","WIDE_VALUATION_RANGE","","NO","","NO","","QUALITY_REVIEW_REQUIRED:LOW_CONFIDENCE|SINGLE_OBSERVATION|WEAK_SELLER_DIVERSITY","","","","","","","True","True","False","False"
"MTG:SECRET_LAIR:SL-A8B0B83EFB86DE","SL-A8B0B83EFB86DE",,"SECRET_LAIR","","FULL_MODEL","","PASS","","NATIVE_VALUATION_RANGE","","VALUATION_RANGE_READY","","NO","","NO","","","","","","","","","True","True","False","False"
"MTG:SECRET_LAIR:SL-A8B11C02BE3C6B","SL-A8B11C02BE3C6B",,"SECRET_LAIR","","STRUCTURAL_ONLY","","EXCLUDE_FROM_MODEL","","NATIVE_VALUATION_RANGE","","STRUCTURAL_VALUATION_RANGE","","NO","","NO","","QUALITY_EXCLUDED:NO_ACCEPTED_EVIDENCE","","","","","","","True","True","False","False"
"MTG:SECRET_LAIR:SL-A8BD8FB79427E4","SL-A8BD8FB79427E4",,"SECRET_LAIR","","PROVISIONAL_MODEL","","REVIEW_REQUIRED","","NATIVE_VALUATION_RANGE","","WIDE_VALUATION_RANGE","","NO","","NO","","QUALITY_REVIEW_REQUIRED:LOW_CONFIDENCE","","","","","","","True","True","False","False"
"MTG:SECRET_LAIR:SL-A9B0DE6D450794","SL-A9B0DE6D450794",,"SECRET_LAIR","","PROVISIONAL_MODEL","","REVIEW_REQUIRED","","NATIVE_VALUATION_RANGE","","WIDE_VALUATION_RANGE","","NO","","NO","","QUALITY_REVIEW_REQUIRED:LOW_CONFIDENCE","","","","","","","True","True","False","False"
"MTG:SECRET_LAIR:SL-AA1F67E9D21D5F","SL-AA1F67E9D21D5F",,"SECRET_LAIR","","STRUCTURAL_ONLY","","EXCLUDE_FROM_MODEL","","NATIVE_VALUATION_RANGE","","STRUCTURAL_VALUATION_RANGE","","NO","","NO","","QUALITY_EXCLUDED:NO_ACCEPTED_EVIDENCE","","","","","","","True","True","False","False"
"MTG:SECRET_LAIR:SL-AA2410B0C1D7D4","SL-AA2410B0C1D7D4",,"SECRET_LAIR","","FULL_MODEL","","PASS","","NATIVE_VALUATION_RANGE","","VALUATION_RANGE_READY","","NO","","NO","","","","","","","","","True","True","False","False"
"MTG:SECRET_LAIR:SL-AB047EA1882C29","SL-AB047EA1882C29",,"SECRET_LAIR","","STRUCTURAL_ONLY","","EXCLUDE_FROM_MODEL","","NATIVE_VALUATION_RANGE","","STRUCTURAL_VALUATION_RANGE","","NO","","NO","","QUALITY_EXCLUDED:NO_ACCEPTED_EVIDENCE","","","","","","","True","True","False","False"
"MTG:SECRET_LAIR:SL-AB56800C1F600A","SL-AB56800C1F600A",,"SECRET_LAIR","","PROVISIONAL_MODEL","","REVIEW_REQUIRED","","NATIVE_VALUATION_RANGE","","WIDE_VALUATION_RANGE","","NO","","NO","","QUALITY_REVIEW_REQUIRED:LOW_CONFIDENCE","","","","","","","True","True","False","False"
"MTG:SECRET_LAIR:SL-AB95FD365E982F","SL-AB95FD365E982F",,"SECRET_LAIR","","STRUCTURAL_ONLY","","EXCLUDE_FROM_MODEL","","NATIVE_VALUATION_RANGE","","STRUCTURAL_VALUATION_RANGE","","NO","","NO","","QUALITY_EXCLUDED:NO_ACCEPTED_EVIDENCE","","","","","","","True","True","False","False"
"MTG:SECRET_LAIR:SL-ABB49E64363CCC","SL-ABB49E64363CCC",,"SECRET_LAIR","","FULL_MODEL","","PASS","","NATIVE_VALUATION_RANGE","","VALUATION_RANGE_READY","","NO","","NO","","","","","","","","","True","True","False","False"
"MTG:SECRET_LAIR:SL-ABCCB33232898E","SL-ABCCB33232898E",,"SECRET_LAIR","","FULL_MODEL","","PASS","","NATIVE_VALUATION_RANGE","","VALUATION_RANGE_READY","","NO","","NO","","","","","","","","","True","True","False","False"
"MTG:SECRET_LAIR:SL-ABDD178723A109","SL-ABDD178723A109",,"SECRET_LAIR","","STRUCTURAL_ONLY","","EXCLUDE_FROM_MODEL","","NATIVE_VALUATION_RANGE","","STRUCTURAL_VALUATION_RANGE","","NO","","NO","","QUALITY_EXCLUDED:NO_ACCEPTED_EVIDENCE","","","","","","","True","True","False","False"
"MTG:SECRET_LAIR:SL-AC1856E0C8845C","SL-AC1856E0C8845C",,"SECRET_LAIR","","PROVISIONAL_MODEL","","REVIEW_REQUIRED","","NATIVE_VALUATION_RANGE","","WIDE_VALUATION_RANGE","","NO","","NO","","QUALITY_REVIEW_REQUIRED:LOW_CONFIDENCE","","","","","","","True","True","False","False"
"MTG:SECRET_LAIR:SL-AC65540B60B707","SL-AC65540B60B707",,"SECRET_LAIR","","PROVISIONAL_MODEL","","REVIEW_REQUIRED","","NATIVE_VALUATION_RANGE","","WIDE_VALUATION_RANGE","","NO","","NO","","QUALITY_REVIEW_REQUIRED:LOW_CONFIDENCE|SINGLE_OBSERVATION|WEAK_SELLER_DIVERSITY","","","","","","","True","True","False","False"
"MTG:SECRET_LAIR:SL-ACABE87A5A45D3","SL-ACABE87A5A45D3",,"SECRET_LAIR","","FULL_MODEL","","PASS","","NATIVE_VALUATION_RANGE","","VALUATION_RANGE_READY","","NO","","NO","","","","","","","","","True","True","False","False"
"MTG:SECRET_LAIR:SL-AD341F83F23370","SL-AD341F83F23370",,"SECRET_LAIR","","STRUCTURAL_ONLY","","EXCLUDE_FROM_MODEL","","NATIVE_VALUATION_RANGE","","STRUCTURAL_VALUATION_RANGE","","NO","","NO","","QUALITY_EXCLUDED:NO_ACCEPTED_EVIDENCE","","","","","","","True","True","False","False"
"MTG:SECRET_LAIR:SL-AD7D0C2C8E16D2","SL-AD7D0C2C8E16D2",,"SECRET_LAIR","","STRUCTURAL_ONLY","","EXCLUDE_FROM_MODEL","","NATIVE_VALUATION_RANGE","","STRUCTURAL_VALUATION_RANGE","","NO","","NO","","QUALITY_EXCLUDED:NO_ACCEPTED_EVIDENCE","","","","","","","True","True","False","False"
"MTG:SECRET_LAIR:SL-AD8DAA8BB11594","SL-AD8DAA8BB11594",,"SECRET_LAIR","","PROVISIONAL_MODEL","","REVIEW_REQUIRED","","NATIVE_VALUATION_RANGE","","WIDE_VALUATION_RANGE","","NO","","NO","","QUALITY_REVIEW_REQUIRED:HIGH_MEDIAN_VALUE|LOW_CONFIDENCE","","","","","","","True","True","False","False"
"MTG:SECRET_LAIR:SL-AE029B9E8B8A9F","SL-AE029B9E8B8A9F",,"SECRET_LAIR","","PROVISIONAL_MODEL","","REVIEW_REQUIRED","","NATIVE_VALUATION_RANGE","","WIDE_VALUATION_RANGE","","NO","","NO","","QUALITY_REVIEW_REQUIRED:LOW_CONFIDENCE","","","","","","","True","True","False","False"
"MTG:SECRET_LAIR:SL-AEAC3B5B48F1C7","SL-AEAC3B5B48F1C7",,"SECRET_LAIR","","PROVISIONAL_MODEL","","REVIEW_REQUIRED","","NATIVE_VALUATION_RANGE","","WIDE_VALUATION_RANGE","","NO","","NO","","QUALITY_REVIEW_REQUIRED:LOW_CONFIDENCE|SINGLE_OBSERVATION|WEAK_SELLER_DIVERSITY","","","","","","","True","True","False","False"
"MTG:SECRET_LAIR:SL-AED577907E5FAA","SL-AED577907E5FAA",,"SECRET_LAIR","","STRUCTURAL_ONLY","","EXCLUDE_FROM_MODEL","","NATIVE_VALUATION_RANGE","","STRUCTURAL_VALUATION_RANGE","","NO","","NO","","QUALITY_EXCLUDED:NO_ACCEPTED_EVIDENCE","","","","","","","True","True","False","False"
"MTG:SECRET_LAIR:SL-AEE188BFE88ED3","SL-AEE188BFE88ED3",,"SECRET_LAIR","","STRUCTURAL_ONLY","","EXCLUDE_FROM_MODEL","","NATIVE_VALUATION_RANGE","","STRUCTURAL_VALUATION_RANGE","","NO","","NO","","QUALITY_EXCLUDED:NO_ACCEPTED_EVIDENCE","","","","","","","True","True","False","False"
"MTG:SECRET_LAIR:SL-AF4CAB7AA2FC3B","SL-AF4CAB7AA2FC3B",,"SECRET_LAIR","","PROVISIONAL_MODEL","","REVIEW_REQUIRED","","NATIVE_VALUATION_RANGE","","WIDE_VALUATION_RANGE","","NO","","NO","","QUALITY_REVIEW_REQUIRED:HIGH_MEDIAN_VALUE|LOW_CONFIDENCE|SINGLE_OBSERVATION|WEAK_SELLER_DIVERSITY","","","","","","","True","True","False","False"
"MTG:SECRET_LAIR:SL-AF7841CC1354F9","SL-AF7841CC1354F9",,"SECRET_LAIR","","PROVISIONAL_MODEL","","REVIEW_REQUIRED","","NATIVE_VALUATION_RANGE","","WIDE_VALUATION_RANGE","","NO","","NO","","QUALITY_REVIEW_REQUIRED:LOW_CONFIDENCE","","","","","","","True","True","False","False"
"MTG:SECRET_LAIR:SL-AFC52E51751441","SL-AFC52E51751441",,"SECRET_LAIR","","STRUCTURAL_ONLY","","EXCLUDE_FROM_MODEL","","NATIVE_VALUATION_RANGE","","STRUCTURAL_VALUATION_RANGE","","NO","","NO","","QUALITY_EXCLUDED:NO_ACCEPTED_EVIDENCE","","","","","","","True","True","False","False"
"MTG:SECRET_LAIR:SL-B00E61FF6854EE","SL-B00E61FF6854EE",,"SECRET_LAIR","","FULL_MODEL","","PASS","","NATIVE_VALUATION_RANGE","","VALUATION_RANGE_READY","","NO","","NO","","","","","","","","","True","True","False","False"
"MTG:SECRET_LAIR:SL-B01296C6F1D9D6","SL-B01296C6F1D9D6",,"SECRET_LAIR","","PROVISIONAL_MODEL","","REVIEW_REQUIRED","","NATIVE_VALUATION_RANGE","","WIDE_VALUATION_RANGE","","NO","","NO","","QUALITY_REVIEW_REQUIRED:LOW_CONFIDENCE|SINGLE_OBSERVATION|WEAK_SELLER_DIVERSITY","","","","","","","True","True","False","False"
"MTG:SECRET_LAIR:SL-B0373781315725","SL-B0373781315725",,"SECRET_LAIR","","PROVISIONAL_MODEL","","REVIEW_REQUIRED","","NATIVE_VALUATION_RANGE","","WIDE_VALUATION_RANGE","","NO","","NO","","QUALITY_REVIEW_REQUIRED:LOW_CONFIDENCE","","","","","","","True","True","False","False"
"MTG:SECRET_LAIR:SL-B08949D7A3AFE1","SL-B08949D7A3AFE1",,"SECRET_LAIR","","FULL_MODEL","","PASS","","NATIVE_VALUATION_RANGE","","VALUATION_RANGE_READY","","NO","","NO","","","","","","","","","True","True","False","False"
"MTG:SECRET_LAIR:SL-B0DEB8AFB8B821","SL-B0DEB8AFB8B821",,"SECRET_LAIR","","FULL_MODEL","","PASS","","NATIVE_VALUATION_RANGE","","VALUATION_RANGE_READY","","NO","","NO","","","","","","","","","True","True","False","False"
"MTG:SECRET_LAIR:SL-B0E43DFE167A56","SL-B0E43DFE167A56",,"SECRET_LAIR","","FULL_MODEL","","PASS","","NATIVE_VALUATION_RANGE","","VALUATION_RANGE_READY","","NO","","NO","","","","","","","","","True","True","False","False"
"MTG:SECRET_LAIR:SL-B11309A971433D","SL-B11309A971433D",,"SECRET_LAIR","","STRUCTURAL_ONLY","","EXCLUDE_FROM_MODEL","","NATIVE_VALUATION_RANGE","","STRUCTURAL_VALUATION_RANGE","","NO","","NO","","QUALITY_EXCLUDED:NO_ACCEPTED_EVIDENCE","","","","","","","True","True","False","False"
"MTG:SECRET_LAIR:SL-B226AC313B5F39","SL-B226AC313B5F39",,"SECRET_LAIR","","PROVISIONAL_MODEL","","REVIEW_REQUIRED","","NATIVE_VALUATION_RANGE","","WIDE_VALUATION_RANGE","","NO","","NO","","QUALITY_REVIEW_REQUIRED:LOW_CONFIDENCE","","","","","","","True","True","False","False"
"MTG:SECRET_LAIR:SL-B2289CE720A189","SL-B2289CE720A189",,"SECRET_LAIR","","FULL_MODEL","","PASS","","NATIVE_VALUATION_RANGE","","VALUATION_RANGE_READY","","NO","","NO","","","","","","","","","True","True","False","False"
"MTG:SECRET_LAIR:SL-B251BF4C4DE61E","SL-B251BF4C4DE61E",,"SECRET_LAIR","","PROVISIONAL_MODEL","","REVIEW_REQUIRED","","NATIVE_VALUATION_RANGE","","WIDE_VALUATION_RANGE","","NO","","NO","","QUALITY_REVIEW_REQUIRED:HIGH_MEDIAN_VALUE|LOW_CONFIDENCE","","","","","","","True","True","False","False"
"MTG:SECRET_LAIR:SL-B269AC7AB5080A","SL-B269AC7AB5080A",,"SECRET_LAIR","","STRUCTURAL_ONLY","","EXCLUDE_FROM_MODEL","","NATIVE_VALUATION_RANGE","","STRUCTURAL_VALUATION_RANGE","","NO","","NO","","QUALITY_EXCLUDED:NO_ACCEPTED_EVIDENCE","","","","","","","True","True","False","False"
"MTG:SECRET_LAIR:SL-B2753C6B1814F0","SL-B2753C6B1814F0",,"SECRET_LAIR","","STRUCTURAL_ONLY","","EXCLUDE_FROM_MODEL","","NATIVE_VALUATION_RANGE","","STRUCTURAL_VALUATION_RANGE","","NO","","NO","","QUALITY_EXCLUDED:NO_ACCEPTED_EVIDENCE","","","","","","","True","True","False","False"
"MTG:SECRET_LAIR:SL-B28206C8B43B74","SL-B28206C8B43B74",,"SECRET_LAIR","","FULL_MODEL","","PASS","","NATIVE_VALUATION_RANGE","","VALUATION_RANGE_READY","","NO","","NO","","","","","","","","","True","True","False","False"
"MTG:SECRET_LAIR:SL-B2C9080295DEB3","SL-B2C9080295DEB3",,"SECRET_LAIR","","STRUCTURAL_ONLY","","EXCLUDE_FROM_MODEL","","NATIVE_VALUATION_RANGE","","STRUCTURAL_VALUATION_RANGE","","NO","","NO","","QUALITY_EXCLUDED:NO_ACCEPTED_EVIDENCE","","","","","","","True","True","False","False"
"MTG:SECRET_LAIR:SL-B31C27C4C58973","SL-B31C27C4C58973",,"SECRET_LAIR","","STRUCTURAL_ONLY","","EXCLUDE_FROM_MODEL","","NATIVE_VALUATION_RANGE","","STRUCTURAL_VALUATION_RANGE","","NO","","NO","","QUALITY_EXCLUDED:NO_ACCEPTED_EVIDENCE","","","","","","","True","True","False","False"
"MTG:SECRET_LAIR:SL-B36930BACADDCD","SL-B36930BACADDCD",,"SECRET_LAIR","","STRUCTURAL_ONLY","","EXCLUDE_FROM_MODEL","","NATIVE_VALUATION_RANGE","","STRUCTURAL_VALUATION_RANGE","","NO","","NO","","QUALITY_EXCLUDED:NO_ACCEPTED_EVIDENCE","","","","","","","True","True","False","False"
"MTG:SECRET_LAIR:SL-B39A2F769F1E07","SL-B39A2F769F1E07",,"SECRET_LAIR","","PROVISIONAL_MODEL","","REVIEW_REQUIRED","","NATIVE_VALUATION_RANGE","","WIDE_VALUATION_RANGE","","NO","","NO","","QUALITY_REVIEW_REQUIRED:LOW_CONFIDENCE","","","","","","","True","True","False","False"
"MTG:SECRET_LAIR:SL-B3B225E03D06DC","SL-B3B225E03D06DC",,"SECRET_LAIR","","PROVISIONAL_MODEL","","REVIEW_REQUIRED","","NATIVE_VALUATION_RANGE","","WIDE_VALUATION_RANGE","","NO","","NO","","QUALITY_REVIEW_REQUIRED:LOW_CONFIDENCE|SINGLE_OBSERVATION|WEAK_SELLER_DIVERSITY","","","","","","","True","True","False","False"
"MTG:SECRET_LAIR:SL-B3DBBD3351A867","SL-B3DBBD3351A867",,"SECRET_LAIR","","PROVISIONAL_MODEL","","REVIEW_REQUIRED","","NATIVE_VALUATION_RANGE","","WIDE_VALUATION_RANGE","","NO","","NO","","QUALITY_REVIEW_REQUIRED:HIGH_MEDIAN_VALUE","","","","","","","True","True","False","False"
"MTG:SECRET_LAIR:SL-B3EF01C8308565","SL-B3EF01C8308565",,"SECRET_LAIR","","STRUCTURAL_ONLY","","EXCLUDE_FROM_MODEL","","NATIVE_VALUATION_RANGE","","STRUCTURAL_VALUATION_RANGE","","NO","","NO","","QUALITY_EXCLUDED:NO_ACCEPTED_EVIDENCE","","","","","","","True","True","False","False"
"MTG:SECRET_LAIR:SL-B44FBD97799E08","SL-B44FBD97799E08",,"SECRET_LAIR","","STRUCTURAL_ONLY","","EXCLUDE_FROM_MODEL","","NATIVE_VALUATION_RANGE","","STRUCTURAL_VALUATION_RANGE","","NO","","NO","","QUALITY_EXCLUDED:NO_ACCEPTED_EVIDENCE","","","","","","","True","True","False","False"
"MTG:SECRET_LAIR:SL-B483A5C23B7FF5","SL-B483A5C23B7FF5",,"SECRET_LAIR","","PROVISIONAL_MODEL","","REVIEW_REQUIRED","","NATIVE_VALUATION_RANGE","","WIDE_VALUATION_RANGE","","NO","","NO","","QUALITY_REVIEW_REQUIRED:LOW_CONFIDENCE","","","","","","","True","True","False","False"
"MTG:SECRET_LAIR:SL-B5264E7BA2DC13","SL-B5264E7BA2DC13",,"SECRET_LAIR","","PROVISIONAL_MODEL","","REVIEW_REQUIRED","","NATIVE_VALUATION_RANGE","","WIDE_VALUATION_RANGE","","NO","","NO","","QUALITY_REVIEW_REQUIRED:LOW_CONFIDENCE|SINGLE_OBSERVATION|WEAK_SELLER_DIVERSITY","","","","","","","True","True","False","False"
"MTG:SECRET_LAIR:SL-B5552250031A5D","SL-B5552250031A5D",,"SECRET_LAIR","","PROVISIONAL_MODEL","","REVIEW_REQUIRED","","NATIVE_VALUATION_RANGE","","WIDE_VALUATION_RANGE","","NO","","NO","","QUALITY_REVIEW_REQUIRED:LOW_CONFIDENCE|SINGLE_OBSERVATION|WEAK_SELLER_DIVERSITY","","","","","","","True","True","False","False"
"MTG:SECRET_LAIR:SL-B565A4B1F936CC","SL-B565A4B1F936CC",,"SECRET_LAIR","","STRUCTURAL_ONLY","","EXCLUDE_FROM_MODEL","","NATIVE_VALUATION_RANGE","","STRUCTURAL_VALUATION_RANGE","","NO","","NO","","QUALITY_EXCLUDED:NO_ACCEPTED_EVIDENCE","","","","","","","True","True","False","False"
"MTG:SECRET_LAIR:SL-B57576270D7B62","SL-B57576270D7B62",,"SECRET_LAIR","","STRUCTURAL_ONLY","","EXCLUDE_FROM_MODEL","","NATIVE_VALUATION_RANGE","","STRUCTURAL_VALUATION_RANGE","","NO","","NO","","QUALITY_EXCLUDED:NO_ACCEPTED_EVIDENCE","","","","","","","True","True","False","False"
"MTG:SECRET_LAIR:SL-B58718E7FE11D2","SL-B58718E7FE11D2",,"SECRET_LAIR","","STRUCTURAL_ONLY","","EXCLUDE_FROM_MODEL","","NATIVE_VALUATION_RANGE","","STRUCTURAL_VALUATION_RANGE","","NO","","NO","","QUALITY_EXCLUDED:NO_ACCEPTED_EVIDENCE","","","","","","","True","True","False","False"
"MTG:SECRET_LAIR:SL-B5D96EAAB94F7F","SL-B5D96EAAB94F7F",,"SECRET_LAIR","","PROVISIONAL_MODEL","","REVIEW_REQUIRED","","NATIVE_VALUATION_RANGE","","WIDE_VALUATION_RANGE","","NO","","NO","","QUALITY_REVIEW_REQUIRED:LOW_CONFIDENCE","","","","","","","True","True","False","False"
"MTG:SECRET_LAIR:SL-B5DE5D10D8B22E","SL-B5DE5D10D8B22E",,"SECRET_LAIR","","STRUCTURAL_ONLY","","EXCLUDE_FROM_MODEL","","NATIVE_VALUATION_RANGE","","STRUCTURAL_VALUATION_RANGE","","NO","","NO","","QUALITY_EXCLUDED:NO_ACCEPTED_EVIDENCE","","","","","","","True","True","False","False"
"MTG:SECRET_LAIR:SL-B5E5B47263114D","SL-B5E5B47263114D",,"SECRET_LAIR","","PROVISIONAL_MODEL","","REVIEW_REQUIRED","","NATIVE_VALUATION_RANGE","","WIDE_VALUATION_RANGE","","NO","","NO","","QUALITY_REVIEW_REQUIRED:HIGH_MEDIAN_VALUE|LOW_CONFIDENCE","","","","","","","True","True","False","False"
"MTG:SECRET_LAIR:SL-B5F3C839262F36","SL-B5F3C839262F36",,"SECRET_LAIR","","FULL_MODEL","","PASS","","NATIVE_VALUATION_RANGE","","VALUATION_RANGE_READY","","NO","","NO","","","","","","","","","True","True","False","False"
"MTG:SECRET_LAIR:SL-B60C7F6F56C30B","SL-B60C7F6F56C30B",,"SECRET_LAIR","","PROVISIONAL_MODEL","","REVIEW_REQUIRED","","NATIVE_VALUATION_RANGE","","WIDE_VALUATION_RANGE","","NO","","NO","","QUALITY_REVIEW_REQUIRED:LOW_CONFIDENCE|SINGLE_OBSERVATION|WEAK_SELLER_DIVERSITY","","","","","","","True","True","False","False"
"MTG:SECRET_LAIR:SL-B631EAF6D5C7C4","SL-B631EAF6D5C7C4",,"SECRET_LAIR","","STRUCTURAL_ONLY","","EXCLUDE_FROM_MODEL","","NATIVE_VALUATION_RANGE","","STRUCTURAL_VALUATION_RANGE","","NO","","NO","","QUALITY_EXCLUDED:NO_ACCEPTED_EVIDENCE","","","","","","","True","True","False","False"
"MTG:SECRET_LAIR:SL-B679A1089E8A6B","SL-B679A1089E8A6B",,"SECRET_LAIR","","STRUCTURAL_ONLY","","EXCLUDE_FROM_MODEL","","NATIVE_VALUATION_RANGE","","STRUCTURAL_VALUATION_RANGE","","NO","","NO","","QUALITY_EXCLUDED:NO_ACCEPTED_EVIDENCE","","","","","","","True","True","False","False"
"MTG:SECRET_LAIR:SL-B689085E2D41DE","SL-B689085E2D41DE",,"SECRET_LAIR","","FULL_MODEL","","PASS","","NATIVE_VALUATION_RANGE","","VALUATION_RANGE_READY","","NO","","NO","","","","","","","","","True","True","False","False"
"MTG:SECRET_LAIR:SL-B762CD279E0001","SL-B762CD279E0001",,"SECRET_LAIR","","FULL_MODEL","","PASS","","NATIVE_VALUATION_RANGE","","VALUATION_RANGE_READY","","NO","","NO","","","","","","","","","True","True","False","False"
"MTG:SECRET_LAIR:SL-B7E3C5DC70940E","SL-B7E3C5DC70940E",,"SECRET_LAIR","","PROVISIONAL_MODEL","","REVIEW_REQUIRED","","NATIVE_VALUATION_RANGE","","WIDE_VALUATION_RANGE","","NO","","NO","","QUALITY_REVIEW_REQUIRED:LOW_CONFIDENCE|SINGLE_OBSERVATION|WEAK_SELLER_DIVERSITY","","","","","","","True","True","False","False"
"MTG:SECRET_LAIR:SL-B81DED4DD2F7F0","SL-B81DED4DD2F7F0",,"SECRET_LAIR","","STRUCTURAL_ONLY","","EXCLUDE_FROM_MODEL","","NATIVE_VALUATION_RANGE","","STRUCTURAL_VALUATION_RANGE","","NO","","NO","","QUALITY_EXCLUDED:NO_ACCEPTED_EVIDENCE","","","","","","","True","True","False","False"
"MTG:SECRET_LAIR:SL-B8709846C8E5AF","SL-B8709846C8E5AF",,"SECRET_LAIR","","STRUCTURAL_ONLY","","EXCLUDE_FROM_MODEL","","NATIVE_VALUATION_RANGE","","STRUCTURAL_VALUATION_RANGE","","NO","","NO","","QUALITY_EXCLUDED:NO_ACCEPTED_EVIDENCE","","","","","","","True","True","False","False"
"MTG:SECRET_LAIR:SL-B8DCA91EB62983","SL-B8DCA91EB62983",,"SECRET_LAIR","","PROVISIONAL_MODEL","","REVIEW_REQUIRED","","NATIVE_VALUATION_RANGE","","WIDE_VALUATION_RANGE","","NO","","NO","","QUALITY_REVIEW_REQUIRED:LOW_CONFIDENCE","","","","","","","True","True","False","False"
"MTG:SECRET_LAIR:SL-B9248149A4056B","SL-B9248149A4056B",,"SECRET_LAIR","","FULL_MODEL","","PASS","","NATIVE_VALUATION_RANGE","","VALUATION_RANGE_READY","","NO","","NO","","","","","","","","","True","True","False","False"
"MTG:SECRET_LAIR:SL-B92B03D94C10E9","SL-B92B03D94C10E9",,"SECRET_LAIR","","FULL_MODEL","","PASS","","NATIVE_VALUATION_RANGE","","VALUATION_RANGE_READY","","NO","","NO","","","","","","","","","True","True","False","False"
"MTG:SECRET_LAIR:SL-B9580FD00B16BE","SL-B9580FD00B16BE",,"SECRET_LAIR","","STRUCTURAL_ONLY","","EXCLUDE_FROM_MODEL","","NATIVE_VALUATION_RANGE","","STRUCTURAL_VALUATION_RANGE","","NO","","NO","","QUALITY_EXCLUDED:NO_ACCEPTED_EVIDENCE","","","","","","","True","True","False","False"
"MTG:SECRET_LAIR:SL-B959CE689FE1E3","SL-B959CE689FE1E3",,"SECRET_LAIR","","PROVISIONAL_MODEL","","REVIEW_REQUIRED","","NATIVE_VALUATION_RANGE","","WIDE_VALUATION_RANGE","","NO","","NO","","QUALITY_REVIEW_REQUIRED:LOW_CONFIDENCE","","","","","","","True","True","False","False"
"MTG:SECRET_LAIR:SL-B96EF3DC64D9A0","SL-B96EF3DC64D9A0",,"SECRET_LAIR","","STRUCTURAL_ONLY","","EXCLUDE_FROM_MODEL","","NATIVE_VALUATION_RANGE","","STRUCTURAL_VALUATION_RANGE","","NO","","NO","","QUALITY_EXCLUDED:NO_ACCEPTED_EVIDENCE","","","","","","","True","True","False","False"
"MTG:SECRET_LAIR:SL-B971F1BAF798C2","SL-B971F1BAF798C2",,"SECRET_LAIR","","STRUCTURAL_ONLY","","EXCLUDE_FROM_MODEL","","NATIVE_VALUATION_RANGE","","STRUCTURAL_VALUATION_RANGE","","NO","","NO","","QUALITY_EXCLUDED:NO_ACCEPTED_EVIDENCE","","","","","","","True","True","False","False"
"MTG:SECRET_LAIR:SL-B9970477DCCBC7","SL-B9970477DCCBC7",,"SECRET_LAIR","","STRUCTURAL_ONLY","","EXCLUDE_FROM_MODEL","","NATIVE_VALUATION_RANGE","","STRUCTURAL_VALUATION_RANGE","","NO","","NO","","QUALITY_EXCLUDED:EXTREME_MEDIAN_VALUE|HIGH_MEDIAN_VALUE|LOW_CONFIDENCE|SINGLE_OBSERVATION|WEAK_SELLER_DIVERSITY","","","","","","","True","True","False","False"
"MTG:SECRET_LAIR:SL-B9EC0C6C5561F1","SL-B9EC0C6C5561F1",,"SECRET_LAIR","","FULL_MODEL","","PASS","","NATIVE_VALUATION_RANGE","","VALUATION_RANGE_READY","","NO","","NO","","","","","","","","","True","True","False","False"
"MTG:SECRET_LAIR:SL-BA4475B87E38DE","SL-BA4475B87E38DE",,"SECRET_LAIR","","PROVISIONAL_MODEL","","REVIEW_REQUIRED","","NATIVE_VALUATION_RANGE","","WIDE_VALUATION_RANGE","","NO","","NO","","QUALITY_REVIEW_REQUIRED:HIGH_MEDIAN_VALUE|LOW_CONFIDENCE","","","","","","","True","True","False","False"
"MTG:SECRET_LAIR:SL-BA53143C1DDB56","SL-BA53143C1DDB56",,"SECRET_LAIR","","FULL_MODEL","","PASS","","NATIVE_VALUATION_RANGE","","VALUATION_RANGE_READY","","NO","","NO","","","","","","","","","True","True","False","False"
"MTG:SECRET_LAIR:SL-BAD5D1CC179E4B","SL-BAD5D1CC179E4B",,"SECRET_LAIR","","STRUCTURAL_ONLY","","EXCLUDE_FROM_MODEL","","NATIVE_VALUATION_RANGE","","STRUCTURAL_VALUATION_RANGE","","NO","","NO","","QUALITY_EXCLUDED:NO_ACCEPTED_EVIDENCE","","","","","","","True","True","False","False"
"MTG:SECRET_LAIR:SL-BB18909619320D","SL-BB18909619320D",,"SECRET_LAIR","","STRUCTURAL_ONLY","","EXCLUDE_FROM_MODEL","","NATIVE_VALUATION_RANGE","","STRUCTURAL_VALUATION_RANGE","","NO","","NO","","QUALITY_EXCLUDED:NO_ACCEPTED_EVIDENCE","","","","","","","True","True","False","False"
"MTG:SECRET_LAIR:SL-BB4A4AE1ECFE2A","SL-BB4A4AE1ECFE2A",,"SECRET_LAIR","","PROVISIONAL_MODEL","","REVIEW_REQUIRED","","NATIVE_VALUATION_RANGE","","WIDE_VALUATION_RANGE","","NO","","NO","","QUALITY_REVIEW_REQUIRED:LOW_CONFIDENCE","","","","","","","True","True","False","False"
"MTG:SECRET_LAIR:SL-BB4FA54DEBF880","SL-BB4FA54DEBF880",,"SECRET_LAIR","","FULL_MODEL","","PASS","","NATIVE_VALUATION_RANGE","","VALUATION_RANGE_READY","","NO","","NO","","","","","","","","","True","True","False","False"
"MTG:SECRET_LAIR:SL-BB54D8943F73E3","SL-BB54D8943F73E3",,"SECRET_LAIR","","PROVISIONAL_MODEL","","REVIEW_REQUIRED","","NATIVE_VALUATION_RANGE","","WIDE_VALUATION_RANGE","","NO","","NO","","QUALITY_REVIEW_REQUIRED:LOW_CONFIDENCE","","","","","","","True","True","False","False"
"MTG:SECRET_LAIR:SL-BB7E07A2986BB4","SL-BB7E07A2986BB4",,"SECRET_LAIR","","PROVISIONAL_MODEL","","REVIEW_REQUIRED","","NATIVE_VALUATION_RANGE","","WIDE_VALUATION_RANGE","","NO","","NO","","QUALITY_REVIEW_REQUIRED:LOW_CONFIDENCE","","","","","","","True","True","False","False"
"MTG:SECRET_LAIR:SL-BBC8F93DE82CE5","SL-BBC8F93DE82CE5",,"SECRET_LAIR","","STRUCTURAL_ONLY","","EXCLUDE_FROM_MODEL","","NATIVE_VALUATION_RANGE","","STRUCTURAL_VALUATION_RANGE","","NO","","NO","","QUALITY_EXCLUDED:NO_ACCEPTED_EVIDENCE","","","","","","","True","True","False","False"
"MTG:SECRET_LAIR:SL-BC079E499A94AF","SL-BC079E499A94AF",,"SECRET_LAIR","","STRUCTURAL_ONLY","","EXCLUDE_FROM_MODEL","","NATIVE_VALUATION_RANGE","","STRUCTURAL_VALUATION_RANGE","","NO","","NO","","QUALITY_EXCLUDED:NO_ACCEPTED_EVIDENCE","","","","","","","True","True","False","False"
"MTG:SECRET_LAIR:SL-BC4683677FBC3C","SL-BC4683677FBC3C",,"SECRET_LAIR","","FULL_MODEL","","PASS","","NATIVE_VALUATION_RANGE","","VALUATION_RANGE_READY","","NO","","NO","","","","","","","","","True","True","False","False"
"MTG:SECRET_LAIR:SL-BC99042387317D","SL-BC99042387317D",,"SECRET_LAIR","","STRUCTURAL_ONLY","","EXCLUDE_FROM_MODEL","","NATIVE_VALUATION_RANGE","","STRUCTURAL_VALUATION_RANGE","","NO","","NO","","QUALITY_EXCLUDED:NO_ACCEPTED_EVIDENCE","","","","","","","True","True","False","False"
"MTG:SECRET_LAIR:SL-BCC1519C11A8AC","SL-BCC1519C11A8AC",,"SECRET_LAIR","","STRUCTURAL_ONLY","","EXCLUDE_FROM_MODEL","","NATIVE_VALUATION_RANGE","","STRUCTURAL_VALUATION_RANGE","","NO","","NO","","QUALITY_EXCLUDED:NO_ACCEPTED_EVIDENCE","","","","","","","True","True","False","False"
"MTG:SECRET_LAIR:SL-BD0B168FBB02B6","SL-BD0B168FBB02B6",,"SECRET_LAIR","","PROVISIONAL_MODEL","","REVIEW_REQUIRED","","NATIVE_VALUATION_RANGE","","WIDE_VALUATION_RANGE","","NO","","NO","","QUALITY_REVIEW_REQUIRED:LOW_CONFIDENCE|SINGLE_OBSERVATION|WEAK_SELLER_DIVERSITY","","","","","","","True","True","False","False"
"MTG:SECRET_LAIR:SL-BD4B37C3973D10","SL-BD4B37C3973D10",,"SECRET_LAIR","","PROVISIONAL_MODEL","","REVIEW_REQUIRED","","NATIVE_VALUATION_RANGE","","WIDE_VALUATION_RANGE","","NO","","NO","","QUALITY_REVIEW_REQUIRED:HIGH_MEDIAN_VALUE|LOW_CONFIDENCE|SINGLE_OBSERVATION|WEAK_SELLER_DIVERSITY","","","","","","","True","True","False","False"
"MTG:SECRET_LAIR:SL-BE3F32B80FEA2E","SL-BE3F32B80FEA2E",,"SECRET_LAIR","","STRUCTURAL_ONLY","","EXCLUDE_FROM_MODEL","","NATIVE_VALUATION_RANGE","","STRUCTURAL_VALUATION_RANGE","","NO","","NO","","QUALITY_EXCLUDED:NO_ACCEPTED_EVIDENCE","","","","","","","True","True","False","False"
"MTG:SECRET_LAIR:SL-BE705BBFC18014","SL-BE705BBFC18014",,"SECRET_LAIR","","STRUCTURAL_ONLY","","EXCLUDE_FROM_MODEL","","NATIVE_VALUATION_RANGE","","STRUCTURAL_VALUATION_RANGE","","NO","","NO","","QUALITY_EXCLUDED:NO_ACCEPTED_EVIDENCE","","","","","","","True","True","False","False"
"MTG:SECRET_LAIR:SL-BF008024F9A243","SL-BF008024F9A243",,"SECRET_LAIR","","STRUCTURAL_ONLY","","EXCLUDE_FROM_MODEL","","NATIVE_VALUATION_RANGE","","STRUCTURAL_VALUATION_RANGE","","NO","","NO","","QUALITY_EXCLUDED:NO_ACCEPTED_EVIDENCE","","","","","","","True","True","False","False"
"MTG:SECRET_LAIR:SL-BF1ED354A371C1","SL-BF1ED354A371C1",,"SECRET_LAIR","","PROVISIONAL_MODEL","","REVIEW_REQUIRED","","NATIVE_VALUATION_RANGE","","WIDE_VALUATION_RANGE","","NO","","NO","","QUALITY_REVIEW_REQUIRED:LOW_CONFIDENCE","","","","","","","True","True","False","False"
"MTG:SECRET_LAIR:SL-BF202C705FA210","SL-BF202C705FA210",,"SECRET_LAIR","","PROVISIONAL_MODEL","","REVIEW_REQUIRED","","NATIVE_VALUATION_RANGE","","WIDE_VALUATION_RANGE","","NO","","NO","","QUALITY_REVIEW_REQUIRED:LOW_CONFIDENCE","","","","","","","True","True","False","False"
"MTG:SECRET_LAIR:SL-BF26DFD5509ADC","SL-BF26DFD5509ADC",,"SECRET_LAIR","","PROVISIONAL_MODEL","","REVIEW_REQUIRED","","NATIVE_VALUATION_RANGE","","WIDE_VALUATION_RANGE","","NO","","NO","","QUALITY_REVIEW_REQUIRED:HIGH_MEDIAN_VALUE|LOW_CONFIDENCE","","","","","","","True","True","False","False"
"MTG:SECRET_LAIR:SL-BF2B66F024D88D","SL-BF2B66F024D88D",,"SECRET_LAIR","","PROVISIONAL_MODEL","","REVIEW_REQUIRED","","NATIVE_VALUATION_RANGE","","WIDE_VALUATION_RANGE","","NO","","NO","","QUALITY_REVIEW_REQUIRED:LOW_CONFIDENCE","","","","","","","True","True","False","False"
"MTG:SECRET_LAIR:SL-BF3E293642759E","SL-BF3E293642759E",,"SECRET_LAIR","","PROVISIONAL_MODEL","","REVIEW_REQUIRED","","NATIVE_VALUATION_RANGE","","WIDE_VALUATION_RANGE","","NO","","NO","","QUALITY_REVIEW_REQUIRED:HIGH_MEDIAN_VALUE|LOW_CONFIDENCE","","","","","","","True","True","False","False"
"MTG:SECRET_LAIR:SL-BF588F593E480E","SL-BF588F593E480E",,"SECRET_LAIR","","FULL_MODEL","","PASS","","NATIVE_VALUATION_RANGE","","VALUATION_RANGE_READY","","NO","","NO","","","","","","","","","True","True","False","False"
"MTG:SECRET_LAIR:SL-BF5BC53AD18E85","SL-BF5BC53AD18E85",,"SECRET_LAIR","","PROVISIONAL_MODEL","","REVIEW_REQUIRED","","NATIVE_VALUATION_RANGE","","WIDE_VALUATION_RANGE","","NO","","NO","","QUALITY_REVIEW_REQUIRED:LOW_CONFIDENCE|SINGLE_OBSERVATION|WEAK_SELLER_DIVERSITY","","","","","","","True","True","False","False"
"MTG:SECRET_LAIR:SL-BF755AD9D8CE5F","SL-BF755AD9D8CE5F",,"SECRET_LAIR","","PROVISIONAL_MODEL","","REVIEW_REQUIRED","","NATIVE_VALUATION_RANGE","","WIDE_VALUATION_RANGE","","NO","","NO","","QUALITY_REVIEW_REQUIRED:LOW_CONFIDENCE","","","","","","","True","True","False","False"
"MTG:SECRET_LAIR:SL-BFACC46E5A3310","SL-BFACC46E5A3310",,"SECRET_LAIR","","PROVISIONAL_MODEL","","REVIEW_REQUIRED","","NATIVE_VALUATION_RANGE","","WIDE_VALUATION_RANGE","","NO","","NO","","QUALITY_REVIEW_REQUIRED:HIGH_DISPERSION|LOW_CONFIDENCE|WIDE_PRICE_RANGE","","","","","","","True","True","False","False"
"MTG:SECRET_LAIR:SL-BFAF5430109A2E","SL-BFAF5430109A2E",,"SECRET_LAIR","","FULL_MODEL","","PASS","","NATIVE_VALUATION_RANGE","","VALUATION_RANGE_READY","","NO","","NO","","","","","","","","","True","True","False","False"
"MTG:SECRET_LAIR:SL-BFF6DA64140996","SL-BFF6DA64140996",,"SECRET_LAIR","","STRUCTURAL_ONLY","","EXCLUDE_FROM_MODEL","","NATIVE_VALUATION_RANGE","","STRUCTURAL_VALUATION_RANGE","","NO","","NO","","QUALITY_EXCLUDED:NO_ACCEPTED_EVIDENCE","","","","","","","True","True","False","False"
"MTG:SECRET_LAIR:SL-C03E05940DAAFA","SL-C03E05940DAAFA",,"SECRET_LAIR","","PROVISIONAL_MODEL","","REVIEW_REQUIRED","","NATIVE_VALUATION_RANGE","","WIDE_VALUATION_RANGE","","NO","","NO","","QUALITY_REVIEW_REQUIRED:LOW_CONFIDENCE|SINGLE_OBSERVATION|WEAK_SELLER_DIVERSITY","","","","","","","True","True","False","False"
"MTG:SECRET_LAIR:SL-C0418534DE36CF","SL-C0418534DE36CF",,"SECRET_LAIR","","FULL_MODEL","","PASS","","NATIVE_VALUATION_RANGE","","VALUATION_RANGE_READY","","NO","","NO","","","","","","","","","True","True","False","False"
"MTG:SECRET_LAIR:SL-C04853F17A0313","SL-C04853F17A0313",,"SECRET_LAIR","","FULL_MODEL","","PASS","","NATIVE_VALUATION_RANGE","","VALUATION_RANGE_READY","","NO","","NO","","","","","","","","","True","True","False","False"
"MTG:SECRET_LAIR:SL-C050DAEA74CC9C","SL-C050DAEA74CC9C",,"SECRET_LAIR","","STRUCTURAL_ONLY","","EXCLUDE_FROM_MODEL","","NATIVE_VALUATION_RANGE","","STRUCTURAL_VALUATION_RANGE","","NO","","NO","","QUALITY_EXCLUDED:NO_ACCEPTED_EVIDENCE","","","","","","","True","True","False","False"
"MTG:SECRET_LAIR:SL-C05D25C1CB85E9","SL-C05D25C1CB85E9",,"SECRET_LAIR","","STRUCTURAL_ONLY","","EXCLUDE_FROM_MODEL","","NATIVE_VALUATION_RANGE","","STRUCTURAL_VALUATION_RANGE","","NO","","NO","","QUALITY_EXCLUDED:NO_ACCEPTED_EVIDENCE","","","","","","","True","True","False","False"
"MTG:SECRET_LAIR:SL-C07200E6FB8843","SL-C07200E6FB8843",,"SECRET_LAIR","","FULL_MODEL","","PASS","","NATIVE_VALUATION_RANGE","","VALUATION_RANGE_READY","","NO","","NO","","","","","","","","","True","True","False","False"
"MTG:SECRET_LAIR:SL-C09C8446FDE850","SL-C09C8446FDE850",,"SECRET_LAIR","","PROVISIONAL_MODEL","","REVIEW_REQUIRED","","NATIVE_VALUATION_RANGE","","WIDE_VALUATION_RANGE","","NO","","NO","","QUALITY_REVIEW_REQUIRED:LOW_CONFIDENCE|SINGLE_OBSERVATION|WEAK_SELLER_DIVERSITY","","","","","","","True","True","False","False"
"MTG:SECRET_LAIR:SL-C09D8E25A3F347","SL-C09D8E25A3F347",,"SECRET_LAIR","","STRUCTURAL_ONLY","","EXCLUDE_FROM_MODEL","","NATIVE_VALUATION_RANGE","","STRUCTURAL_VALUATION_RANGE","","NO","","NO","","QUALITY_EXCLUDED:NO_ACCEPTED_EVIDENCE","","","","","","","True","True","False","False"
"MTG:SECRET_LAIR:SL-C0AA65531F16E2","SL-C0AA65531F16E2",,"SECRET_LAIR","","PROVISIONAL_MODEL","","REVIEW_REQUIRED","","NATIVE_VALUATION_RANGE","","WIDE_VALUATION_RANGE","","NO","","NO","","QUALITY_REVIEW_REQUIRED:LOW_CONFIDENCE","","","","","","","True","True","False","False"
"MTG:SECRET_LAIR:SL-C1564B1CC85C5F","SL-C1564B1CC85C5F",,"SECRET_LAIR","","PROVISIONAL_MODEL","","REVIEW_REQUIRED","","NATIVE_VALUATION_RANGE","","WIDE_VALUATION_RANGE","","NO","","NO","","QUALITY_REVIEW_REQUIRED:LOW_CONFIDENCE","","","","","","","True","True","False","False"
"MTG:SECRET_LAIR:SL-C1A0A189180507","SL-C1A0A189180507",,"SECRET_LAIR","","STRUCTURAL_ONLY","","EXCLUDE_FROM_MODEL","","NATIVE_VALUATION_RANGE","","STRUCTURAL_VALUATION_RANGE","","NO","","NO","","QUALITY_EXCLUDED:NO_ACCEPTED_EVIDENCE","","","","","","","True","True","False","False"
"MTG:SECRET_LAIR:SL-C2217F8AD4F84B","SL-C2217F8AD4F84B",,"SECRET_LAIR","","PROVISIONAL_MODEL","","REVIEW_REQUIRED","","NATIVE_VALUATION_RANGE","","WIDE_VALUATION_RANGE","","NO","","NO","","QUALITY_REVIEW_REQUIRED:LOW_CONFIDENCE","","","","","","","True","True","False","False"
"MTG:SECRET_LAIR:SL-C24946B295061F","SL-C24946B295061F",,"SECRET_LAIR","","FULL_MODEL","","PASS","","NATIVE_VALUATION_RANGE","","VALUATION_RANGE_READY","","NO","","NO","","","","","","","","","True","True","False","False"
"MTG:SECRET_LAIR:SL-C2CAC5DFF1B8FE","SL-C2CAC5DFF1B8FE",,"SECRET_LAIR","","STRUCTURAL_ONLY","","EXCLUDE_FROM_MODEL","","NATIVE_VALUATION_RANGE","","STRUCTURAL_VALUATION_RANGE","","NO","","NO","","QUALITY_EXCLUDED:NO_ACCEPTED_EVIDENCE","","","","","","","True","True","False","False"
"MTG:SECRET_LAIR:SL-C2DA212EE2424D","SL-C2DA212EE2424D",,"SECRET_LAIR","","PROVISIONAL_MODEL","","REVIEW_REQUIRED","","NATIVE_VALUATION_RANGE","","WIDE_VALUATION_RANGE","","NO","","NO","","QUALITY_REVIEW_REQUIRED:LOW_CONFIDENCE|SINGLE_OBSERVATION|WEAK_SELLER_DIVERSITY","","","","","","","True","True","False","False"
"MTG:SECRET_LAIR:SL-C365E12BA9F953","SL-C365E12BA9F953",,"SECRET_LAIR","","FULL_MODEL","","PASS","","NATIVE_VALUATION_RANGE","","VALUATION_RANGE_READY","","NO","","NO","","","","","","","","","True","True","False","False"
"MTG:SECRET_LAIR:SL-C3A8669A77CF0F","SL-C3A8669A77CF0F",,"SECRET_LAIR","","PROVISIONAL_MODEL","","REVIEW_REQUIRED","","NATIVE_VALUATION_RANGE","","WIDE_VALUATION_RANGE","","NO","","NO","","QUALITY_REVIEW_REQUIRED:LOW_CONFIDENCE|SINGLE_OBSERVATION|WEAK_SELLER_DIVERSITY","","","","","","","True","True","False","False"
"MTG:SECRET_LAIR:SL-C3D0A31003B38B","SL-C3D0A31003B38B",,"SECRET_LAIR","","FULL_MODEL","","PASS","","NATIVE_VALUATION_RANGE","","VALUATION_RANGE_READY","","NO","","NO","","","","","","","","","True","True","False","False"
"MTG:SECRET_LAIR:SL-C43B4DA056180D","SL-C43B4DA056180D",,"SECRET_LAIR","","PROVISIONAL_MODEL","","REVIEW_REQUIRED","","NATIVE_VALUATION_RANGE","","WIDE_VALUATION_RANGE","","NO","","NO","","QUALITY_REVIEW_REQUIRED:LOW_CONFIDENCE|SINGLE_OBSERVATION|WEAK_SELLER_DIVERSITY","","","","","","","True","True","False","False"
"MTG:SECRET_LAIR:SL-C44AE37BDB68A9","SL-C44AE37BDB68A9",,"SECRET_LAIR","","FULL_MODEL","","PASS","","NATIVE_VALUATION_RANGE","","VALUATION_RANGE_READY","","NO","","NO","","","","","","","","","True","True","False","False"
"MTG:SECRET_LAIR:SL-C4573F398978D7","SL-C4573F398978D7",,"SECRET_LAIR","","STRUCTURAL_ONLY","","EXCLUDE_FROM_MODEL","","NATIVE_VALUATION_RANGE","","STRUCTURAL_VALUATION_RANGE","","NO","","NO","","QUALITY_EXCLUDED:NO_ACCEPTED_EVIDENCE","","","","","","","True","True","False","False"
"MTG:SECRET_LAIR:SL-C4E698097E6EB6","SL-C4E698097E6EB6",,"SECRET_LAIR","","STRUCTURAL_ONLY","","EXCLUDE_FROM_MODEL","","NATIVE_VALUATION_RANGE","","STRUCTURAL_VALUATION_RANGE","","NO","","NO","","QUALITY_EXCLUDED:NO_ACCEPTED_EVIDENCE","","","","","","","True","True","False","False"
"MTG:SECRET_LAIR:SL-C53B25CD55720F","SL-C53B25CD55720F",,"SECRET_LAIR","","PROVISIONAL_MODEL","","REVIEW_REQUIRED","","NATIVE_VALUATION_RANGE","","WIDE_VALUATION_RANGE","","NO","","NO","","QUALITY_REVIEW_REQUIRED:LOW_CONFIDENCE","","","","","","","True","True","False","False"
"MTG:SECRET_LAIR:SL-C53BF262ADA17B","SL-C53BF262ADA17B",,"SECRET_LAIR","","STRUCTURAL_ONLY","","EXCLUDE_FROM_MODEL","","NATIVE_VALUATION_RANGE","","STRUCTURAL_VALUATION_RANGE","","NO","","NO","","QUALITY_EXCLUDED:NO_ACCEPTED_EVIDENCE","","","","","","","True","True","False","False"
"MTG:SECRET_LAIR:SL-C59DE249DE7287","SL-C59DE249DE7287",,"SECRET_LAIR","","FULL_MODEL","","PASS","","NATIVE_VALUATION_RANGE","","VALUATION_RANGE_READY","","NO","","NO","","","","","","","","","True","True","False","False"
"MTG:SECRET_LAIR:SL-C5A93064AA668C","SL-C5A93064AA668C",,"SECRET_LAIR","","FULL_MODEL","","PASS","","NATIVE_VALUATION_RANGE","","VALUATION_RANGE_READY","","NO","","NO","","","","","","","","","True","True","False","False"
"MTG:SECRET_LAIR:SL-C649AFADB4E38B","SL-C649AFADB4E38B",,"SECRET_LAIR","","PROVISIONAL_MODEL","","REVIEW_REQUIRED","","NATIVE_VALUATION_RANGE","","WIDE_VALUATION_RANGE","","NO","","NO","","QUALITY_REVIEW_REQUIRED:HIGH_MEDIAN_VALUE","","","","","","","True","True","False","False"
"MTG:SECRET_LAIR:SL-C67CDDB0AE44ED","SL-C67CDDB0AE44ED",,"SECRET_LAIR","","STRUCTURAL_ONLY","","EXCLUDE_FROM_MODEL","","NATIVE_VALUATION_RANGE","","STRUCTURAL_VALUATION_RANGE","","NO","","NO","","QUALITY_EXCLUDED:NO_ACCEPTED_EVIDENCE","","","","","","","True","True","False","False"
"MTG:SECRET_LAIR:SL-C70FCBB505BD77","SL-C70FCBB505BD77",,"SECRET_LAIR","","PROVISIONAL_MODEL","","REVIEW_REQUIRED","","NATIVE_VALUATION_RANGE","","WIDE_VALUATION_RANGE","","NO","","NO","","QUALITY_REVIEW_REQUIRED:HIGH_MEDIAN_VALUE","","","","","","","True","True","False","False"
"MTG:SECRET_LAIR:SL-C72D4B2E5B3130","SL-C72D4B2E5B3130",,"SECRET_LAIR","","PROVISIONAL_MODEL","","REVIEW_REQUIRED","","NATIVE_VALUATION_RANGE","","WIDE_VALUATION_RANGE","","NO","","NO","","QUALITY_REVIEW_REQUIRED:LOW_CONFIDENCE","","","","","","","True","True","False","False"
"MTG:SECRET_LAIR:SL-C7694953E368F4","SL-C7694953E368F4",,"SECRET_LAIR","","PROVISIONAL_MODEL","","REVIEW_REQUIRED","","NATIVE_VALUATION_RANGE","","WIDE_VALUATION_RANGE","","NO","","NO","","QUALITY_REVIEW_REQUIRED:LOW_CONFIDENCE|SINGLE_OBSERVATION|WEAK_SELLER_DIVERSITY","","","","","","","True","True","False","False"
"MTG:SECRET_LAIR:SL-C805DBBC1C6677","SL-C805DBBC1C6677",,"SECRET_LAIR","","FULL_MODEL","","PASS","","NATIVE_VALUATION_RANGE","","VALUATION_RANGE_READY","","NO","","NO","","","","","","","","","True","True","False","False"
"MTG:SECRET_LAIR:SL-C80FAE8D249054","SL-C80FAE8D249054",,"SECRET_LAIR","","PROVISIONAL_MODEL","","REVIEW_REQUIRED","","NATIVE_VALUATION_RANGE","","WIDE_VALUATION_RANGE","","NO","","NO","","QUALITY_REVIEW_REQUIRED:LOW_CONFIDENCE","","","","","","","True","True","False","False"
"MTG:SECRET_LAIR:SL-C822436F428050","SL-C822436F428050",,"SECRET_LAIR","","STRUCTURAL_ONLY","","EXCLUDE_FROM_MODEL","","NATIVE_VALUATION_RANGE","","STRUCTURAL_VALUATION_RANGE","","NO","","NO","","QUALITY_EXCLUDED:NO_ACCEPTED_EVIDENCE","","","","","","","True","True","False","False"
"MTG:SECRET_LAIR:SL-C82833E3A7C3DF","SL-C82833E3A7C3DF",,"SECRET_LAIR","","STRUCTURAL_ONLY","","EXCLUDE_FROM_MODEL","","NATIVE_VALUATION_RANGE","","STRUCTURAL_VALUATION_RANGE","","NO","","NO","","QUALITY_EXCLUDED:NO_ACCEPTED_EVIDENCE","","","","","","","True","True","False","False"
"MTG:SECRET_LAIR:SL-C82FB71F29626A","SL-C82FB71F29626A",,"SECRET_LAIR","","STRUCTURAL_ONLY","","EXCLUDE_FROM_MODEL","","NATIVE_VALUATION_RANGE","","STRUCTURAL_VALUATION_RANGE","","NO","","NO","","QUALITY_EXCLUDED:NO_ACCEPTED_EVIDENCE","","","","","","","True","True","False","False"
"MTG:SECRET_LAIR:SL-C83649108644FE","SL-C83649108644FE",,"SECRET_LAIR","","STRUCTURAL_ONLY","","EXCLUDE_FROM_MODEL","","NATIVE_VALUATION_RANGE","","STRUCTURAL_VALUATION_RANGE","","NO","","NO","","QUALITY_EXCLUDED:NO_ACCEPTED_EVIDENCE","","","","","","","True","True","False","False"
"MTG:SECRET_LAIR:SL-C863D417DDE83A","SL-C863D417DDE83A",,"SECRET_LAIR","","STRUCTURAL_ONLY","","EXCLUDE_FROM_MODEL","","NATIVE_VALUATION_RANGE","","STRUCTURAL_VALUATION_RANGE","","NO","","NO","","QUALITY_EXCLUDED:NO_ACCEPTED_EVIDENCE","","","","","","","True","True","False","False"
"MTG:SECRET_LAIR:SL-C8B08A7139FC31","SL-C8B08A7139FC31",,"SECRET_LAIR","","PROVISIONAL_MODEL","","REVIEW_REQUIRED","","NATIVE_VALUATION_RANGE","","WIDE_VALUATION_RANGE","","NO","","NO","","QUALITY_REVIEW_REQUIRED:LOW_CONFIDENCE","","","","","","","True","True","False","False"
"MTG:SECRET_LAIR:SL-C94DD14ECC45A6","SL-C94DD14ECC45A6",,"SECRET_LAIR","","PROVISIONAL_MODEL","","REVIEW_REQUIRED","","NATIVE_VALUATION_RANGE","","WIDE_VALUATION_RANGE","","NO","","NO","","QUALITY_REVIEW_REQUIRED:LOW_CONFIDENCE","","","","","","","True","True","False","False"
"MTG:SECRET_LAIR:SL-C9877AF6FE4DA4","SL-C9877AF6FE4DA4",,"SECRET_LAIR","","STRUCTURAL_ONLY","","EXCLUDE_FROM_MODEL","","NATIVE_VALUATION_RANGE","","STRUCTURAL_VALUATION_RANGE","","NO","","NO","","QUALITY_EXCLUDED:NO_ACCEPTED_EVIDENCE","","","","","","","True","True","False","False"
"MTG:SECRET_LAIR:SL-C999737763FC53","SL-C999737763FC53",,"SECRET_LAIR","","PROVISIONAL_MODEL","","REVIEW_REQUIRED","","NATIVE_VALUATION_RANGE","","WIDE_VALUATION_RANGE","","NO","","NO","","QUALITY_REVIEW_REQUIRED:LOW_CONFIDENCE","","","","","","","True","True","False","False"
"MTG:SECRET_LAIR:SL-C9B2F11CEB5F77","SL-C9B2F11CEB5F77",,"SECRET_LAIR","","STRUCTURAL_ONLY","","EXCLUDE_FROM_MODEL","","NATIVE_VALUATION_RANGE","","STRUCTURAL_VALUATION_RANGE","","NO","","NO","","QUALITY_EXCLUDED:NO_ACCEPTED_EVIDENCE","","","","","","","True","True","False","False"
"MTG:SECRET_LAIR:SL-CA134058712347","SL-CA134058712347",,"SECRET_LAIR","","STRUCTURAL_ONLY","","EXCLUDE_FROM_MODEL","","NATIVE_VALUATION_RANGE","","STRUCTURAL_VALUATION_RANGE","","NO","","NO","","QUALITY_EXCLUDED:NO_ACCEPTED_EVIDENCE","","","","","","","True","True","False","False"
"MTG:SECRET_LAIR:SL-CA17EB83C29B15","SL-CA17EB83C29B15",,"SECRET_LAIR","","STRUCTURAL_ONLY","","EXCLUDE_FROM_MODEL","","NATIVE_VALUATION_RANGE","","STRUCTURAL_VALUATION_RANGE","","NO","","NO","","QUALITY_EXCLUDED:NO_ACCEPTED_EVIDENCE","","","","","","","True","True","False","False"
"MTG:SECRET_LAIR:SL-CA2C167AAFAD55","SL-CA2C167AAFAD55",,"SECRET_LAIR","","PROVISIONAL_MODEL","","REVIEW_REQUIRED","","NATIVE_VALUATION_RANGE","","WIDE_VALUATION_RANGE","","NO","","NO","","QUALITY_REVIEW_REQUIRED:LOW_CONFIDENCE","","","","","","","True","True","False","False"
"MTG:SECRET_LAIR:SL-CA3A146FC06964","SL-CA3A146FC06964",,"SECRET_LAIR","","STRUCTURAL_ONLY","","EXCLUDE_FROM_MODEL","","NATIVE_VALUATION_RANGE","","STRUCTURAL_VALUATION_RANGE","","NO","","NO","","QUALITY_EXCLUDED:NO_ACCEPTED_EVIDENCE","","","","","","","True","True","False","False"
"MTG:SECRET_LAIR:SL-CA46F5F5791EBB","SL-CA46F5F5791EBB",,"SECRET_LAIR","","FULL_MODEL","","PASS","","NATIVE_VALUATION_RANGE","","VALUATION_RANGE_READY","","NO","","NO","","","","","","","","","True","True","False","False"
"MTG:SECRET_LAIR:SL-CA6CCECFEBEC2C","SL-CA6CCECFEBEC2C",,"SECRET_LAIR","","PROVISIONAL_MODEL","","REVIEW_REQUIRED","","NATIVE_VALUATION_RANGE","","WIDE_VALUATION_RANGE","","NO","","NO","","QUALITY_REVIEW_REQUIRED:LOW_CONFIDENCE","","","","","","","True","True","False","False"
"MTG:SECRET_LAIR:SL-CA6FA7819E27BD","SL-CA6FA7819E27BD",,"SECRET_LAIR","","PROVISIONAL_MODEL","","REVIEW_REQUIRED","","NATIVE_VALUATION_RANGE","","WIDE_VALUATION_RANGE","","NO","","NO","","QUALITY_REVIEW_REQUIRED:LOW_CONFIDENCE","","","","","","","True","True","False","False"
"MTG:SECRET_LAIR:SL-CAB929EA2DD4AE","SL-CAB929EA2DD4AE",,"SECRET_LAIR","","PROVISIONAL_MODEL","","REVIEW_REQUIRED","","NATIVE_VALUATION_RANGE","","WIDE_VALUATION_RANGE","","NO","","NO","","QUALITY_REVIEW_REQUIRED:LOW_CONFIDENCE|SINGLE_OBSERVATION|WEAK_SELLER_DIVERSITY","","","","","","","True","True","False","False"
"MTG:SECRET_LAIR:SL-CAEFD21D151456","SL-CAEFD21D151456",,"SECRET_LAIR","","PROVISIONAL_MODEL","","REVIEW_REQUIRED","","NATIVE_VALUATION_RANGE","","WIDE_VALUATION_RANGE","","NO","","NO","","QUALITY_REVIEW_REQUIRED:LOW_CONFIDENCE|SINGLE_OBSERVATION|WEAK_SELLER_DIVERSITY","","","","","","","True","True","False","False"
"MTG:SECRET_LAIR:SL-CB766B61EEFB6E","SL-CB766B61EEFB6E",,"SECRET_LAIR","","STRUCTURAL_ONLY","","EXCLUDE_FROM_MODEL","","NATIVE_VALUATION_RANGE","","STRUCTURAL_VALUATION_RANGE","","NO","","NO","","QUALITY_EXCLUDED:NO_ACCEPTED_EVIDENCE","","","","","","","True","True","False","False"
"MTG:SECRET_LAIR:SL-CBFED1F92A630D","SL-CBFED1F92A630D",,"SECRET_LAIR","","STRUCTURAL_ONLY","","EXCLUDE_FROM_MODEL","","NATIVE_VALUATION_RANGE","","STRUCTURAL_VALUATION_RANGE","","NO","","NO","","QUALITY_EXCLUDED:NO_ACCEPTED_EVIDENCE","","","","","","","True","True","False","False"
"MTG:SECRET_LAIR:SL-CC030DBD6E29FE","SL-CC030DBD6E29FE",,"SECRET_LAIR","","FULL_MODEL","","PASS","","NATIVE_VALUATION_RANGE","","VALUATION_RANGE_READY","","NO","","NO","","","","","","","","","True","True","False","False"
"MTG:SECRET_LAIR:SL-CC5293951E84F8","SL-CC5293951E84F8",,"SECRET_LAIR","","STRUCTURAL_ONLY","","EXCLUDE_FROM_MODEL","","NATIVE_VALUATION_RANGE","","STRUCTURAL_VALUATION_RANGE","","NO","","NO","","QUALITY_EXCLUDED:NO_ACCEPTED_EVIDENCE","","","","","","","True","True","False","False"
"MTG:SECRET_LAIR:SL-CCE426CFBA5D07","SL-CCE426CFBA5D07",,"SECRET_LAIR","","PROVISIONAL_MODEL","","REVIEW_REQUIRED","","NATIVE_VALUATION_RANGE","","WIDE_VALUATION_RANGE","","NO","","NO","","QUALITY_REVIEW_REQUIRED:LOW_CONFIDENCE|SINGLE_OBSERVATION|WEAK_SELLER_DIVERSITY","","","","","","","True","True","False","False"
"MTG:SECRET_LAIR:SL-CD2FC308C3644A","SL-CD2FC308C3644A",,"SECRET_LAIR","","PROVISIONAL_MODEL","","REVIEW_REQUIRED","","NATIVE_VALUATION_RANGE","","WIDE_VALUATION_RANGE","","NO","","NO","","QUALITY_REVIEW_REQUIRED:LOW_CONFIDENCE","","","","","","","True","True","False","False"
"MTG:SECRET_LAIR:SL-CD43B6F3D7A59F","SL-CD43B6F3D7A59F",,"SECRET_LAIR","","FULL_MODEL","","PASS","","NATIVE_VALUATION_RANGE","","VALUATION_RANGE_READY","","NO","","NO","","","","","","","","","True","True","False","False"
"MTG:SECRET_LAIR:SL-CD637B6154FA4F","SL-CD637B6154FA4F",,"SECRET_LAIR","","PROVISIONAL_MODEL","","REVIEW_REQUIRED","","NATIVE_VALUATION_RANGE","","WIDE_VALUATION_RANGE","","NO","","NO","","QUALITY_REVIEW_REQUIRED:LOW_CONFIDENCE|SINGLE_OBSERVATION|WEAK_SELLER_DIVERSITY","","","","","","","True","True","False","False"
"MTG:SECRET_LAIR:SL-CD67446B439F75","SL-CD67446B439F75",,"SECRET_LAIR","","PROVISIONAL_MODEL","","REVIEW_REQUIRED","","NATIVE_VALUATION_RANGE","","WIDE_VALUATION_RANGE","","NO","","NO","","QUALITY_REVIEW_REQUIRED:LOW_CONFIDENCE","","","","","","","True","True","False","False"
"MTG:SECRET_LAIR:SL-CE0D22C4A5732F","SL-CE0D22C4A5732F",,"SECRET_LAIR","","STRUCTURAL_ONLY","","EXCLUDE_FROM_MODEL","","NATIVE_VALUATION_RANGE","","STRUCTURAL_VALUATION_RANGE","","NO","","NO","","QUALITY_EXCLUDED:NO_ACCEPTED_EVIDENCE","","","","","","","True","True","False","False"
"MTG:SECRET_LAIR:SL-CE39B48D52F07A","SL-CE39B48D52F07A",,"SECRET_LAIR","","FULL_MODEL","","PASS","","NATIVE_VALUATION_RANGE","","VALUATION_RANGE_READY","","NO","","NO","","","","","","","","","True","True","False","False"
"MTG:SECRET_LAIR:SL-CE3BB4F7AF5651","SL-CE3BB4F7AF5651",,"SECRET_LAIR","","STRUCTURAL_ONLY","","EXCLUDE_FROM_MODEL","","NATIVE_VALUATION_RANGE","","STRUCTURAL_VALUATION_RANGE","","NO","","NO","","QUALITY_EXCLUDED:NO_ACCEPTED_EVIDENCE","","","","","","","True","True","False","False"
"MTG:SECRET_LAIR:SL-CE6909ECF00CA8","SL-CE6909ECF00CA8",,"SECRET_LAIR","","PROVISIONAL_MODEL","","REVIEW_REQUIRED","","NATIVE_VALUATION_RANGE","","WIDE_VALUATION_RANGE","","NO","","NO","","QUALITY_REVIEW_REQUIRED:LOW_CONFIDENCE|SINGLE_OBSERVATION|WEAK_SELLER_DIVERSITY","","","","","","","True","True","False","False"
"MTG:SECRET_LAIR:SL-CEB06DD843F657","SL-CEB06DD843F657",,"SECRET_LAIR","","STRUCTURAL_ONLY","","EXCLUDE_FROM_MODEL","","NATIVE_VALUATION_RANGE","","STRUCTURAL_VALUATION_RANGE","","NO","","NO","","QUALITY_EXCLUDED:NO_ACCEPTED_EVIDENCE","","","","","","","True","True","False","False"
"MTG:SECRET_LAIR:SL-CED357C3AB21E8","SL-CED357C3AB21E8",,"SECRET_LAIR","","PROVISIONAL_MODEL","","REVIEW_REQUIRED","","NATIVE_VALUATION_RANGE","","WIDE_VALUATION_RANGE","","NO","","NO","","QUALITY_REVIEW_REQUIRED:HIGH_MEDIAN_VALUE|LOW_CONFIDENCE|SINGLE_OBSERVATION|WEAK_SELLER_DIVERSITY","","","","","","","True","True","False","False"
"MTG:SECRET_LAIR:SL-CEFFC6DB7F7ABD","SL-CEFFC6DB7F7ABD",,"SECRET_LAIR","","STRUCTURAL_ONLY","","EXCLUDE_FROM_MODEL","","NATIVE_VALUATION_RANGE","","STRUCTURAL_VALUATION_RANGE","","NO","","NO","","QUALITY_EXCLUDED:NO_ACCEPTED_EVIDENCE","","","","","","","True","True","False","False"
"MTG:SECRET_LAIR:SL-CFD92A398D8349","SL-CFD92A398D8349",,"SECRET_LAIR","","FULL_MODEL","","PASS","","NATIVE_VALUATION_RANGE","","VALUATION_RANGE_READY","","NO","","NO","","","","","","","","","True","True","False","False"
"MTG:SECRET_LAIR:SL-D061A6FE209B52","SL-D061A6FE209B52",,"SECRET_LAIR","","PROVISIONAL_MODEL","","REVIEW_REQUIRED","","NATIVE_VALUATION_RANGE","","WIDE_VALUATION_RANGE","","NO","","NO","","QUALITY_REVIEW_REQUIRED:LOW_CONFIDENCE|SINGLE_OBSERVATION|WEAK_SELLER_DIVERSITY","","","","","","","True","True","False","False"
"MTG:SECRET_LAIR:SL-D126DBCCB251DC","SL-D126DBCCB251DC",,"SECRET_LAIR","","STRUCTURAL_ONLY","","EXCLUDE_FROM_MODEL","","NATIVE_VALUATION_RANGE","","STRUCTURAL_VALUATION_RANGE","","NO","","NO","","QUALITY_EXCLUDED:NO_ACCEPTED_EVIDENCE","","","","","","","True","True","False","False"
"MTG:SECRET_LAIR:SL-D133893D13E78E","SL-D133893D13E78E",,"SECRET_LAIR","","STRUCTURAL_ONLY","","EXCLUDE_FROM_MODEL","","NATIVE_VALUATION_RANGE","","STRUCTURAL_VALUATION_RANGE","","NO","","NO","","QUALITY_EXCLUDED:NO_ACCEPTED_EVIDENCE","","","","","","","True","True","False","False"
"MTG:SECRET_LAIR:SL-D13D0C095C023B","SL-D13D0C095C023B",,"SECRET_LAIR","","PROVISIONAL_MODEL","","REVIEW_REQUIRED","","NATIVE_VALUATION_RANGE","","WIDE_VALUATION_RANGE","","NO","","NO","","QUALITY_REVIEW_REQUIRED:LOW_CONFIDENCE","","","","","","","True","True","False","False"
"MTG:SECRET_LAIR:SL-D14CD1568AC703","SL-D14CD1568AC703",,"SECRET_LAIR","","FULL_MODEL","","PASS","","NATIVE_VALUATION_RANGE","","VALUATION_RANGE_READY","","NO","","NO","","","","","","","","","True","True","False","False"
"MTG:SECRET_LAIR:SL-D1513B904FE27E","SL-D1513B904FE27E",,"SECRET_LAIR","","PROVISIONAL_MODEL","","REVIEW_REQUIRED","","NATIVE_VALUATION_RANGE","","WIDE_VALUATION_RANGE","","NO","","NO","","QUALITY_REVIEW_REQUIRED:LOW_CONFIDENCE","","","","","","","True","True","False","False"
"MTG:SECRET_LAIR:SL-D18A4E24571B1B","SL-D18A4E24571B1B",,"SECRET_LAIR","","PROVISIONAL_MODEL","","REVIEW_REQUIRED","","NATIVE_VALUATION_RANGE","","WIDE_VALUATION_RANGE","","NO","","NO","","QUALITY_REVIEW_REQUIRED:LOW_CONFIDENCE","","","","","","","True","True","False","False"
"MTG:SECRET_LAIR:SL-D1A162914F5B85","SL-D1A162914F5B85",,"SECRET_LAIR","","PROVISIONAL_MODEL","","REVIEW_REQUIRED","","NATIVE_VALUATION_RANGE","","WIDE_VALUATION_RANGE","","NO","","NO","","QUALITY_REVIEW_REQUIRED:LOW_CONFIDENCE","","","","","","","True","True","False","False"
"MTG:SECRET_LAIR:SL-D23F4A9FC75D03","SL-D23F4A9FC75D03",,"SECRET_LAIR","","PROVISIONAL_MODEL","","REVIEW_REQUIRED","","NATIVE_VALUATION_RANGE","","WIDE_VALUATION_RANGE","","NO","","NO","","QUALITY_REVIEW_REQUIRED:LOW_CONFIDENCE","","","","","","","True","True","False","False"
"MTG:SECRET_LAIR:SL-D263E9818F8B46","SL-D263E9818F8B46",,"SECRET_LAIR","","PROVISIONAL_MODEL","","REVIEW_REQUIRED","","NATIVE_VALUATION_RANGE","","WIDE_VALUATION_RANGE","","NO","","NO","","QUALITY_REVIEW_REQUIRED:LOW_CONFIDENCE","","","","","","","True","True","False","False"
"MTG:SECRET_LAIR:SL-D2FCABD86AD689","SL-D2FCABD86AD689",,"SECRET_LAIR","","FULL_MODEL","","PASS","","NATIVE_VALUATION_RANGE","","VALUATION_RANGE_READY","","NO","","NO","","","","","","","","","True","True","False","False"
"MTG:SECRET_LAIR:SL-D367F0D637FE13","SL-D367F0D637FE13",,"SECRET_LAIR","","PROVISIONAL_MODEL","","REVIEW_REQUIRED","","NATIVE_VALUATION_RANGE","","WIDE_VALUATION_RANGE","","NO","","NO","","QUALITY_REVIEW_REQUIRED:HIGH_MEDIAN_VALUE","","","","","","","True","True","False","False"
"MTG:SECRET_LAIR:SL-D3778B65B20E24","SL-D3778B65B20E24",,"SECRET_LAIR","","STRUCTURAL_ONLY","","EXCLUDE_FROM_MODEL","","NATIVE_VALUATION_RANGE","","STRUCTURAL_VALUATION_RANGE","","NO","","NO","","QUALITY_EXCLUDED:NO_ACCEPTED_EVIDENCE","","","","","","","True","True","False","False"
"MTG:SECRET_LAIR:SL-D3C161D032DC86","SL-D3C161D032DC86",,"SECRET_LAIR","","STRUCTURAL_ONLY","","EXCLUDE_FROM_MODEL","","NATIVE_VALUATION_RANGE","","STRUCTURAL_VALUATION_RANGE","","NO","","NO","","QUALITY_EXCLUDED:NO_ACCEPTED_EVIDENCE","","","","","","","True","True","False","False"
"MTG:SECRET_LAIR:SL-D3C9566D0E6FB5","SL-D3C9566D0E6FB5",,"SECRET_LAIR","","STRUCTURAL_ONLY","","EXCLUDE_FROM_MODEL","","NATIVE_VALUATION_RANGE","","STRUCTURAL_VALUATION_RANGE","","NO","","NO","","QUALITY_EXCLUDED:NO_ACCEPTED_EVIDENCE","","","","","","","True","True","False","False"
"MTG:SECRET_LAIR:SL-D3D61A3D20908A","SL-D3D61A3D20908A",,"SECRET_LAIR","","STRUCTURAL_ONLY","","EXCLUDE_FROM_MODEL","","NATIVE_VALUATION_RANGE","","STRUCTURAL_VALUATION_RANGE","","NO","","NO","","QUALITY_EXCLUDED:NO_ACCEPTED_EVIDENCE","","","","","","","True","True","False","False"
"MTG:SECRET_LAIR:SL-D53A1849E7B1C9","SL-D53A1849E7B1C9",,"SECRET_LAIR","","STRUCTURAL_ONLY","","EXCLUDE_FROM_MODEL","","NATIVE_VALUATION_RANGE","","STRUCTURAL_VALUATION_RANGE","","NO","","NO","","QUALITY_EXCLUDED:NO_ACCEPTED_EVIDENCE","","","","","","","True","True","False","False"
"MTG:SECRET_LAIR:SL-D5C35A28D4B658","SL-D5C35A28D4B658",,"SECRET_LAIR","","STRUCTURAL_ONLY","","EXCLUDE_FROM_MODEL","","NATIVE_VALUATION_RANGE","","STRUCTURAL_VALUATION_RANGE","","NO","","NO","","QUALITY_EXCLUDED:NO_ACCEPTED_EVIDENCE","","","","","","","True","True","False","False"
"MTG:SECRET_LAIR:SL-D5D2DCA70EA4CD","SL-D5D2DCA70EA4CD",,"SECRET_LAIR","","STRUCTURAL_ONLY","","EXCLUDE_FROM_MODEL","","NATIVE_VALUATION_RANGE","","STRUCTURAL_VALUATION_RANGE","","NO","","NO","","QUALITY_EXCLUDED:NO_ACCEPTED_EVIDENCE","","","","","","","True","True","False","False"
"MTG:SECRET_LAIR:SL-D608F5D4F5385E","SL-D608F5D4F5385E",,"SECRET_LAIR","","PROVISIONAL_MODEL","","REVIEW_REQUIRED","","NATIVE_VALUATION_RANGE","","WIDE_VALUATION_RANGE","","NO","","NO","","QUALITY_REVIEW_REQUIRED:LOW_CONFIDENCE","","","","","","","True","True","False","False"
"MTG:SECRET_LAIR:SL-D62B35CD192D99","SL-D62B35CD192D99",,"SECRET_LAIR","","PROVISIONAL_MODEL","","REVIEW_REQUIRED","","NATIVE_VALUATION_RANGE","","WIDE_VALUATION_RANGE","","NO","","NO","","QUALITY_REVIEW_REQUIRED:LOW_CONFIDENCE","","","","","","","True","True","False","False"
"MTG:SECRET_LAIR:SL-D62C510B60B977","SL-D62C510B60B977",,"SECRET_LAIR","","PROVISIONAL_MODEL","","REVIEW_REQUIRED","","NATIVE_VALUATION_RANGE","","WIDE_VALUATION_RANGE","","NO","","NO","","QUALITY_REVIEW_REQUIRED:LOW_CONFIDENCE","","","","","","","True","True","False","False"
"MTG:SECRET_LAIR:SL-D68D8EB45F05E9","SL-D68D8EB45F05E9",,"SECRET_LAIR","","FULL_MODEL","","PASS","","NATIVE_VALUATION_RANGE","","VALUATION_RANGE_READY","","NO","","NO","","","","","","","","","True","True","False","False"
"MTG:SECRET_LAIR:SL-D68D9EB4249382","SL-D68D9EB4249382",,"SECRET_LAIR","","STRUCTURAL_ONLY","","EXCLUDE_FROM_MODEL","","NATIVE_VALUATION_RANGE","","STRUCTURAL_VALUATION_RANGE","","NO","","NO","","QUALITY_EXCLUDED:NO_ACCEPTED_EVIDENCE","","","","","","","True","True","False","False"
"MTG:SECRET_LAIR:SL-D6C7802610A57F","SL-D6C7802610A57F",,"SECRET_LAIR","","PROVISIONAL_MODEL","","REVIEW_REQUIRED","","NATIVE_VALUATION_RANGE","","WIDE_VALUATION_RANGE","","NO","","NO","","QUALITY_REVIEW_REQUIRED:LOW_CONFIDENCE","","","","","","","True","True","False","False"
"MTG:SECRET_LAIR:SL-D76CD5BC7E1068","SL-D76CD5BC7E1068",,"SECRET_LAIR","","STRUCTURAL_ONLY","","EXCLUDE_FROM_MODEL","","NATIVE_VALUATION_RANGE","","STRUCTURAL_VALUATION_RANGE","","NO","","NO","","QUALITY_EXCLUDED:NO_ACCEPTED_EVIDENCE","","","","","","","True","True","False","False"
"MTG:SECRET_LAIR:SL-D792C24E8A09CF","SL-D792C24E8A09CF",,"SECRET_LAIR","","PROVISIONAL_MODEL","","REVIEW_REQUIRED","","NATIVE_VALUATION_RANGE","","WIDE_VALUATION_RANGE","","NO","","NO","","QUALITY_REVIEW_REQUIRED:LOW_CONFIDENCE","","","","","","","True","True","False","False"
"MTG:SECRET_LAIR:SL-D7984A9CB76C99","SL-D7984A9CB76C99",,"SECRET_LAIR","","PROVISIONAL_MODEL","","REVIEW_REQUIRED","","NATIVE_VALUATION_RANGE","","WIDE_VALUATION_RANGE","","NO","","NO","","QUALITY_REVIEW_REQUIRED:LOW_CONFIDENCE|SINGLE_OBSERVATION|WEAK_SELLER_DIVERSITY","","","","","","","True","True","False","False"
"MTG:SECRET_LAIR:SL-D80EFE168FB6A1","SL-D80EFE168FB6A1",,"SECRET_LAIR","","PROVISIONAL_MODEL","","REVIEW_REQUIRED","","NATIVE_VALUATION_RANGE","","WIDE_VALUATION_RANGE","","NO","","NO","","QUALITY_REVIEW_REQUIRED:LOW_CONFIDENCE","","","","","","","True","True","False","False"
"MTG:SECRET_LAIR:SL-D83DCC4548D04F","SL-D83DCC4548D04F",,"SECRET_LAIR","","STRUCTURAL_ONLY","","EXCLUDE_FROM_MODEL","","NATIVE_VALUATION_RANGE","","STRUCTURAL_VALUATION_RANGE","","NO","","NO","","QUALITY_EXCLUDED:NO_ACCEPTED_EVIDENCE","","","","","","","True","True","False","False"
"MTG:SECRET_LAIR:SL-D85757C8DB2B40","SL-D85757C8DB2B40",,"SECRET_LAIR","","PROVISIONAL_MODEL","","REVIEW_REQUIRED","","NATIVE_VALUATION_RANGE","","WIDE_VALUATION_RANGE","","NO","","NO","","QUALITY_REVIEW_REQUIRED:LOW_CONFIDENCE","","","","","","","True","True","False","False"
"MTG:SECRET_LAIR:SL-D8B6168FF7A7AD","SL-D8B6168FF7A7AD",,"SECRET_LAIR","","FULL_MODEL","","PASS","","NATIVE_VALUATION_RANGE","","VALUATION_RANGE_READY","","NO","","NO","","","","","","","","","True","True","False","False"
"MTG:SECRET_LAIR:SL-D91B54107A78A7","SL-D91B54107A78A7",,"SECRET_LAIR","","PROVISIONAL_MODEL","","REVIEW_REQUIRED","","NATIVE_VALUATION_RANGE","","WIDE_VALUATION_RANGE","","NO","","NO","","QUALITY_REVIEW_REQUIRED:LOW_CONFIDENCE|SINGLE_OBSERVATION|WEAK_SELLER_DIVERSITY","","","","","","","True","True","False","False"
"MTG:SECRET_LAIR:SL-D929FF1E16FDD7","SL-D929FF1E16FDD7",,"SECRET_LAIR","","PROVISIONAL_MODEL","","REVIEW_REQUIRED","","NATIVE_VALUATION_RANGE","","WIDE_VALUATION_RANGE","","NO","","NO","","QUALITY_REVIEW_REQUIRED:HIGH_MEDIAN_VALUE|LOW_CONFIDENCE","","","","","","","True","True","False","False"
"MTG:SECRET_LAIR:SL-D9CB56BE93955C","SL-D9CB56BE93955C",,"SECRET_LAIR","","FULL_MODEL","","PASS","","NATIVE_VALUATION_RANGE","","VALUATION_RANGE_READY","","NO","","NO","","","","","","","","","True","True","False","False"
"MTG:SECRET_LAIR:SL-D9F56A65FD35C5","SL-D9F56A65FD35C5",,"SECRET_LAIR","","STRUCTURAL_ONLY","","EXCLUDE_FROM_MODEL","","NATIVE_VALUATION_RANGE","","STRUCTURAL_VALUATION_RANGE","","NO","","NO","","QUALITY_EXCLUDED:NO_ACCEPTED_EVIDENCE","","","","","","","True","True","False","False"
"MTG:SECRET_LAIR:SL-D9F7FC2E4D48A5","SL-D9F7FC2E4D48A5",,"SECRET_LAIR","","STRUCTURAL_ONLY","","EXCLUDE_FROM_MODEL","","NATIVE_VALUATION_RANGE","","STRUCTURAL_VALUATION_RANGE","","NO","","NO","","QUALITY_EXCLUDED:NO_ACCEPTED_EVIDENCE","","","","","","","True","True","False","False"
"MTG:SECRET_LAIR:SL-DA0255DFD87A79","SL-DA0255DFD87A79",,"SECRET_LAIR","","PROVISIONAL_MODEL","","REVIEW_REQUIRED","","NATIVE_VALUATION_RANGE","","WIDE_VALUATION_RANGE","","NO","","NO","","QUALITY_REVIEW_REQUIRED:LOW_CONFIDENCE|SINGLE_OBSERVATION|WEAK_SELLER_DIVERSITY","","","","","","","True","True","False","False"
"MTG:SECRET_LAIR:SL-DA137A8920D7BE","SL-DA137A8920D7BE",,"SECRET_LAIR","","PROVISIONAL_MODEL","","REVIEW_REQUIRED","","NATIVE_VALUATION_RANGE","","WIDE_VALUATION_RANGE","","NO","","NO","","QUALITY_REVIEW_REQUIRED:LOW_CONFIDENCE","","","","","","","True","True","False","False"
"MTG:SECRET_LAIR:SL-DA14F1AD8875AF","SL-DA14F1AD8875AF",,"SECRET_LAIR","","STRUCTURAL_ONLY","","EXCLUDE_FROM_MODEL","","NATIVE_VALUATION_RANGE","","STRUCTURAL_VALUATION_RANGE","","NO","","NO","","QUALITY_EXCLUDED:NO_ACCEPTED_EVIDENCE","","","","","","","True","True","False","False"
"MTG:SECRET_LAIR:SL-DA7F8AD7B0BC80","SL-DA7F8AD7B0BC80",,"SECRET_LAIR","","PROVISIONAL_MODEL","","REVIEW_REQUIRED","","NATIVE_VALUATION_RANGE","","WIDE_VALUATION_RANGE","","NO","","NO","","QUALITY_REVIEW_REQUIRED:LOW_CONFIDENCE","","","","","","","True","True","False","False"
"MTG:SECRET_LAIR:SL-DA95D95DF8A49D","SL-DA95D95DF8A49D",,"SECRET_LAIR","","PROVISIONAL_MODEL","","REVIEW_REQUIRED","","NATIVE_VALUATION_RANGE","","WIDE_VALUATION_RANGE","","NO","","NO","","QUALITY_REVIEW_REQUIRED:LOW_CONFIDENCE","","","","","","","True","True","False","False"
"MTG:SECRET_LAIR:SL-DAA2346E431D52","SL-DAA2346E431D52",,"SECRET_LAIR","","STRUCTURAL_ONLY","","EXCLUDE_FROM_MODEL","","NATIVE_VALUATION_RANGE","","STRUCTURAL_VALUATION_RANGE","","NO","","NO","","QUALITY_EXCLUDED:NO_ACCEPTED_EVIDENCE","","","","","","","True","True","False","False"
"MTG:SECRET_LAIR:SL-DB82DC16CD1A6A","SL-DB82DC16CD1A6A",,"SECRET_LAIR","","FULL_MODEL","","PASS","","NATIVE_VALUATION_RANGE","","VALUATION_RANGE_READY","","NO","","NO","","","","","","","","","True","True","False","False"
"MTG:SECRET_LAIR:SL-DBB9EAD006DF92","SL-DBB9EAD006DF92",,"SECRET_LAIR","","PROVISIONAL_MODEL","","REVIEW_REQUIRED","","NATIVE_VALUATION_RANGE","","WIDE_VALUATION_RANGE","","NO","","NO","","QUALITY_REVIEW_REQUIRED:LOW_CONFIDENCE","","","","","","","True","True","False","False"
"MTG:SECRET_LAIR:SL-DBDF87736B4AD6","SL-DBDF87736B4AD6",,"SECRET_LAIR","","PROVISIONAL_MODEL","","REVIEW_REQUIRED","","NATIVE_VALUATION_RANGE","","WIDE_VALUATION_RANGE","","NO","","NO","","QUALITY_REVIEW_REQUIRED:LOW_CONFIDENCE","","","","","","","True","True","False","False"
"MTG:SECRET_LAIR:SL-DC36FC64429D5D","SL-DC36FC64429D5D",,"SECRET_LAIR","","STRUCTURAL_ONLY","","EXCLUDE_FROM_MODEL","","NATIVE_VALUATION_RANGE","","STRUCTURAL_VALUATION_RANGE","","NO","","NO","","QUALITY_EXCLUDED:NO_ACCEPTED_EVIDENCE","","","","","","","True","True","False","False"
"MTG:SECRET_LAIR:SL-DCD05FAA1B15E7","SL-DCD05FAA1B15E7",,"SECRET_LAIR","","STRUCTURAL_ONLY","","EXCLUDE_FROM_MODEL","","NATIVE_VALUATION_RANGE","","STRUCTURAL_VALUATION_RANGE","","NO","","NO","","QUALITY_EXCLUDED:NO_ACCEPTED_EVIDENCE","","","","","","","True","True","False","False"
"MTG:SECRET_LAIR:SL-DCDC09399C5D54","SL-DCDC09399C5D54",,"SECRET_LAIR","","FULL_MODEL","","PASS","","NATIVE_VALUATION_RANGE","","VALUATION_RANGE_READY","","NO","","NO","","","","","","","","","True","True","False","False"
"MTG:SECRET_LAIR:SL-DD0C5279EE2007","SL-DD0C5279EE2007",,"SECRET_LAIR","","PROVISIONAL_MODEL","","REVIEW_REQUIRED","","NATIVE_VALUATION_RANGE","","WIDE_VALUATION_RANGE","","NO","","NO","","QUALITY_REVIEW_REQUIRED:LOW_CONFIDENCE","","","","","","","True","True","False","False"
"MTG:SECRET_LAIR:SL-DD25AF4AC936E2","SL-DD25AF4AC936E2",,"SECRET_LAIR","","FULL_MODEL","","PASS","","NATIVE_VALUATION_RANGE","","VALUATION_RANGE_READY","","NO","","NO","","","","","","","","","True","True","False","False"
"MTG:SECRET_LAIR:SL-DD3248D210AC90","SL-DD3248D210AC90",,"SECRET_LAIR","","STRUCTURAL_ONLY","","EXCLUDE_FROM_MODEL","","NATIVE_VALUATION_RANGE","","STRUCTURAL_VALUATION_RANGE","","NO","","NO","","QUALITY_EXCLUDED:NO_ACCEPTED_EVIDENCE","","","","","","","True","True","False","False"
"MTG:SECRET_LAIR:SL-DD3A0B4F1E7DA1","SL-DD3A0B4F1E7DA1",,"SECRET_LAIR","","STRUCTURAL_ONLY","","EXCLUDE_FROM_MODEL","","NATIVE_VALUATION_RANGE","","STRUCTURAL_VALUATION_RANGE","","NO","","NO","","QUALITY_EXCLUDED:NO_ACCEPTED_EVIDENCE","","","","","","","True","True","False","False"
"MTG:SECRET_LAIR:SL-DD598BF68D0AC7","SL-DD598BF68D0AC7",,"SECRET_LAIR","","STRUCTURAL_ONLY","","EXCLUDE_FROM_MODEL","","NATIVE_VALUATION_RANGE","","STRUCTURAL_VALUATION_RANGE","","NO","","NO","","QUALITY_EXCLUDED:NO_ACCEPTED_EVIDENCE","","","","","","","True","True","False","False"
"MTG:SECRET_LAIR:SL-DD778C566554A0","SL-DD778C566554A0",,"SECRET_LAIR","","STRUCTURAL_ONLY","","EXCLUDE_FROM_MODEL","","NATIVE_VALUATION_RANGE","","STRUCTURAL_VALUATION_RANGE","","NO","","NO","","QUALITY_EXCLUDED:NO_ACCEPTED_EVIDENCE","","","","","","","True","True","False","False"
"MTG:SECRET_LAIR:SL-DDF2764A92D297","SL-DDF2764A92D297",,"SECRET_LAIR","","STRUCTURAL_ONLY","","EXCLUDE_FROM_MODEL","","NATIVE_VALUATION_RANGE","","STRUCTURAL_VALUATION_RANGE","","NO","","NO","","QUALITY_EXCLUDED:NO_ACCEPTED_EVIDENCE","","","","","","","True","True","False","False"
"MTG:SECRET_LAIR:SL-DE73D77FB013F4","SL-DE73D77FB013F4",,"SECRET_LAIR","","PROVISIONAL_MODEL","","REVIEW_REQUIRED","","NATIVE_VALUATION_RANGE","","WIDE_VALUATION_RANGE","","NO","","NO","","QUALITY_REVIEW_REQUIRED:LOW_CONFIDENCE|SINGLE_OBSERVATION|WEAK_SELLER_DIVERSITY","","","","","","","True","True","False","False"
"MTG:SECRET_LAIR:SL-DEB0786B62B51D","SL-DEB0786B62B51D",,"SECRET_LAIR","","PROVISIONAL_MODEL","","REVIEW_REQUIRED","","NATIVE_VALUATION_RANGE","","WIDE_VALUATION_RANGE","","NO","","NO","","QUALITY_REVIEW_REQUIRED:LOW_CONFIDENCE","","","","","","","True","True","False","False"
"MTG:SECRET_LAIR:SL-DEE8CCCA9CFCCE","SL-DEE8CCCA9CFCCE",,"SECRET_LAIR","","PROVISIONAL_MODEL","","REVIEW_REQUIRED","","NATIVE_VALUATION_RANGE","","WIDE_VALUATION_RANGE","","NO","","NO","","QUALITY_REVIEW_REQUIRED:LOW_CONFIDENCE","","","","","","","True","True","False","False"
"MTG:SECRET_LAIR:SL-DEF4A1D4ADC965","SL-DEF4A1D4ADC965",,"SECRET_LAIR","","PROVISIONAL_MODEL","","REVIEW_REQUIRED","","NATIVE_VALUATION_RANGE","","WIDE_VALUATION_RANGE","","NO","","NO","","QUALITY_REVIEW_REQUIRED:LOW_CONFIDENCE","","","","","","","True","True","False","False"
"MTG:SECRET_LAIR:SL-DF5563A6AB6A1B","SL-DF5563A6AB6A1B",,"SECRET_LAIR","","PROVISIONAL_MODEL","","REVIEW_REQUIRED","","NATIVE_VALUATION_RANGE","","WIDE_VALUATION_RANGE","","NO","","NO","","QUALITY_REVIEW_REQUIRED:LOW_CONFIDENCE|SINGLE_OBSERVATION|WEAK_SELLER_DIVERSITY","","","","","","","True","True","False","False"
"MTG:SECRET_LAIR:SL-DFE9AC9C5D05C9","SL-DFE9AC9C5D05C9",,"SECRET_LAIR","","PROVISIONAL_MODEL","","REVIEW_REQUIRED","","NATIVE_VALUATION_RANGE","","WIDE_VALUATION_RANGE","","NO","","NO","","QUALITY_REVIEW_REQUIRED:HIGH_MEDIAN_VALUE|LOW_CONFIDENCE","","","","","","","True","True","False","False"
"MTG:SECRET_LAIR:SL-E000815724EA2A","SL-E000815724EA2A",,"SECRET_LAIR","","FULL_MODEL","","PASS","","NATIVE_VALUATION_RANGE","","VALUATION_RANGE_READY","","NO","","NO","","","","","","","","","True","True","False","False"
"MTG:SECRET_LAIR:SL-E0190484BE31DE","SL-E0190484BE31DE",,"SECRET_LAIR","","PROVISIONAL_MODEL","","REVIEW_REQUIRED","","NATIVE_VALUATION_RANGE","","WIDE_VALUATION_RANGE","","NO","","NO","","QUALITY_REVIEW_REQUIRED:LOW_CONFIDENCE|SINGLE_OBSERVATION|WEAK_SELLER_DIVERSITY","","","","","","","True","True","False","False"
"MTG:SECRET_LAIR:SL-E03F5C270405EA","SL-E03F5C270405EA",,"SECRET_LAIR","","PROVISIONAL_MODEL","","REVIEW_REQUIRED","","NATIVE_VALUATION_RANGE","","WIDE_VALUATION_RANGE","","NO","","NO","","QUALITY_REVIEW_REQUIRED:LOW_CONFIDENCE","","","","","","","True","True","False","False"
"MTG:SECRET_LAIR:SL-E0414D04317EA2","SL-E0414D04317EA2",,"SECRET_LAIR","","FULL_MODEL","","PASS","","NATIVE_VALUATION_RANGE","","VALUATION_RANGE_READY","","NO","","NO","","","","","","","","","True","True","False","False"
"MTG:SECRET_LAIR:SL-E05E06D6578028","SL-E05E06D6578028",,"SECRET_LAIR","","FULL_MODEL","","PASS","","NATIVE_VALUATION_RANGE","","VALUATION_RANGE_READY","","NO","","NO","","","","","","","","","True","True","False","False"
"MTG:SECRET_LAIR:SL-E06DD3E1E3F4CD","SL-E06DD3E1E3F4CD",,"SECRET_LAIR","","PROVISIONAL_MODEL","","REVIEW_REQUIRED","","NATIVE_VALUATION_RANGE","","WIDE_VALUATION_RANGE","","NO","","NO","","QUALITY_REVIEW_REQUIRED:HIGH_MEDIAN_VALUE","","","","","","","True","True","False","False"
"MTG:SECRET_LAIR:SL-E126175F5EEBFF","SL-E126175F5EEBFF",,"SECRET_LAIR","","PROVISIONAL_MODEL","","REVIEW_REQUIRED","","NATIVE_VALUATION_RANGE","","WIDE_VALUATION_RANGE","","NO","","NO","","QUALITY_REVIEW_REQUIRED:LOW_CONFIDENCE","","","","","","","True","True","False","False"
"MTG:SECRET_LAIR:SL-E14AB3D48E2308","SL-E14AB3D48E2308",,"SECRET_LAIR","","PROVISIONAL_MODEL","","REVIEW_REQUIRED","","NATIVE_VALUATION_RANGE","","WIDE_VALUATION_RANGE","","NO","","NO","","QUALITY_REVIEW_REQUIRED:HIGH_MEDIAN_VALUE|LOW_CONFIDENCE","","","","","","","True","True","False","False"
"MTG:SECRET_LAIR:SL-E19F0A74D8000D","SL-E19F0A74D8000D",,"SECRET_LAIR","","PROVISIONAL_MODEL","","REVIEW_REQUIRED","","NATIVE_VALUATION_RANGE","","WIDE_VALUATION_RANGE","","NO","","NO","","QUALITY_REVIEW_REQUIRED:HIGH_MEDIAN_VALUE|LOW_CONFIDENCE|SINGLE_OBSERVATION|WEAK_SELLER_DIVERSITY","","","","","","","True","True","False","False"
"MTG:SECRET_LAIR:SL-E1E2903CCE3709","SL-E1E2903CCE3709",,"SECRET_LAIR","","FULL_MODEL","","PASS","","NATIVE_VALUATION_RANGE","","VALUATION_RANGE_READY","","NO","","NO","","","","","","","","","True","True","False","False"
"MTG:SECRET_LAIR:SL-E23BF5EAA4F5AA","SL-E23BF5EAA4F5AA",,"SECRET_LAIR","","FULL_MODEL","","PASS","","NATIVE_VALUATION_RANGE","","VALUATION_RANGE_READY","","NO","","NO","","","","","","","","","True","True","False","False"
"MTG:SECRET_LAIR:SL-E24F74D610175D","SL-E24F74D610175D",,"SECRET_LAIR","","STRUCTURAL_ONLY","","EXCLUDE_FROM_MODEL","","NATIVE_VALUATION_RANGE","","STRUCTURAL_VALUATION_RANGE","","NO","","NO","","QUALITY_EXCLUDED:NO_ACCEPTED_EVIDENCE","","","","","","","True","True","False","False"
"MTG:SECRET_LAIR:SL-E2540C64CF5262","SL-E2540C64CF5262",,"SECRET_LAIR","","PROVISIONAL_MODEL","","REVIEW_REQUIRED","","NATIVE_VALUATION_RANGE","","WIDE_VALUATION_RANGE","","NO","","NO","","QUALITY_REVIEW_REQUIRED:LOW_CONFIDENCE","","","","","","","True","True","False","False"
"MTG:SECRET_LAIR:SL-E282CE5635F5FC","SL-E282CE5635F5FC",,"SECRET_LAIR","","PROVISIONAL_MODEL","","REVIEW_REQUIRED","","NATIVE_VALUATION_RANGE","","WIDE_VALUATION_RANGE","","NO","","NO","","QUALITY_REVIEW_REQUIRED:LOW_CONFIDENCE|SINGLE_OBSERVATION|WEAK_SELLER_DIVERSITY","","","","","","","True","True","False","False"
"MTG:SECRET_LAIR:SL-E2DB1B58657D1A","SL-E2DB1B58657D1A",,"SECRET_LAIR","","PROVISIONAL_MODEL","","REVIEW_REQUIRED","","NATIVE_VALUATION_RANGE","","WIDE_VALUATION_RANGE","","NO","","NO","","QUALITY_REVIEW_REQUIRED:LOW_CONFIDENCE","","","","","","","True","True","False","False"
"MTG:SECRET_LAIR:SL-E339A090348C36","SL-E339A090348C36",,"SECRET_LAIR","","PROVISIONAL_MODEL","","REVIEW_REQUIRED","","NATIVE_VALUATION_RANGE","","WIDE_VALUATION_RANGE","","NO","","NO","","QUALITY_REVIEW_REQUIRED:HIGH_MEDIAN_VALUE|LOW_CONFIDENCE","","","","","","","True","True","False","False"
"MTG:SECRET_LAIR:SL-E3519A1A83A8E6","SL-E3519A1A83A8E6",,"SECRET_LAIR","","STRUCTURAL_ONLY","","EXCLUDE_FROM_MODEL","","NATIVE_VALUATION_RANGE","","STRUCTURAL_VALUATION_RANGE","","NO","","NO","","QUALITY_EXCLUDED:NO_ACCEPTED_EVIDENCE","","","","","","","True","True","False","False"
"MTG:SECRET_LAIR:SL-E397494832E845","SL-E397494832E845",,"SECRET_LAIR","","PROVISIONAL_MODEL","","REVIEW_REQUIRED","","NATIVE_VALUATION_RANGE","","WIDE_VALUATION_RANGE","","NO","","NO","","QUALITY_REVIEW_REQUIRED:LOW_CONFIDENCE","","","","","","","True","True","False","False"
"MTG:SECRET_LAIR:SL-E3D6BE401B6F95","SL-E3D6BE401B6F95",,"SECRET_LAIR","","STRUCTURAL_ONLY","","EXCLUDE_FROM_MODEL","","NATIVE_VALUATION_RANGE","","STRUCTURAL_VALUATION_RANGE","","NO","","NO","","QUALITY_EXCLUDED:NO_ACCEPTED_EVIDENCE","","","","","","","True","True","False","False"
"MTG:SECRET_LAIR:SL-E3E88EC01DA49B","SL-E3E88EC01DA49B",,"SECRET_LAIR","","STRUCTURAL_ONLY","","EXCLUDE_FROM_MODEL","","NATIVE_VALUATION_RANGE","","STRUCTURAL_VALUATION_RANGE","","NO","","NO","","QUALITY_EXCLUDED:NO_ACCEPTED_EVIDENCE","","","","","","","True","True","False","False"
"MTG:SECRET_LAIR:SL-E44D69BCAF5561","SL-E44D69BCAF5561",,"SECRET_LAIR","","FULL_MODEL","","PASS","","NATIVE_VALUATION_RANGE","","VALUATION_RANGE_READY","","NO","","NO","","","","","","","","","True","True","False","False"
"MTG:SECRET_LAIR:SL-E4888AAC444029","SL-E4888AAC444029",,"SECRET_LAIR","","STRUCTURAL_ONLY","","EXCLUDE_FROM_MODEL","","NATIVE_VALUATION_RANGE","","STRUCTURAL_VALUATION_RANGE","","NO","","NO","","QUALITY_EXCLUDED:NO_ACCEPTED_EVIDENCE","","","","","","","True","True","False","False"
"MTG:SECRET_LAIR:SL-E4AC3EAED9F285","SL-E4AC3EAED9F285",,"SECRET_LAIR","","STRUCTURAL_ONLY","","EXCLUDE_FROM_MODEL","","NATIVE_VALUATION_RANGE","","STRUCTURAL_VALUATION_RANGE","","NO","","NO","","QUALITY_EXCLUDED:NO_ACCEPTED_EVIDENCE","","","","","","","True","True","False","False"
"MTG:SECRET_LAIR:SL-E558347311E1F4","SL-E558347311E1F4",,"SECRET_LAIR","","FULL_MODEL","","PASS","","NATIVE_VALUATION_RANGE","","VALUATION_RANGE_READY","","NO","","NO","","","","","","","","","True","True","False","False"
"MTG:SECRET_LAIR:SL-E577A60B3B1BA6","SL-E577A60B3B1BA6",,"SECRET_LAIR","","PROVISIONAL_MODEL","","REVIEW_REQUIRED","","NATIVE_VALUATION_RANGE","","WIDE_VALUATION_RANGE","","NO","","NO","","QUALITY_REVIEW_REQUIRED:LOW_CONFIDENCE|SINGLE_OBSERVATION|WEAK_SELLER_DIVERSITY","","","","","","","True","True","False","False"
"MTG:SECRET_LAIR:SL-E5F4CFCD2D1E21","SL-E5F4CFCD2D1E21",,"SECRET_LAIR","","FULL_MODEL","","PASS","","NATIVE_VALUATION_RANGE","","VALUATION_RANGE_READY","","NO","","NO","","","","","","","","","True","True","False","False"
"MTG:SECRET_LAIR:SL-E5F7C4556D2AE8","SL-E5F7C4556D2AE8",,"SECRET_LAIR","","FULL_MODEL","","PASS","","NATIVE_VALUATION_RANGE","","VALUATION_RANGE_READY","","NO","","NO","","","","","","","","","True","True","False","False"
"MTG:SECRET_LAIR:SL-E618F74B27D105","SL-E618F74B27D105",,"SECRET_LAIR","","STRUCTURAL_ONLY","","EXCLUDE_FROM_MODEL","","NATIVE_VALUATION_RANGE","","STRUCTURAL_VALUATION_RANGE","","NO","","NO","","QUALITY_EXCLUDED:NO_ACCEPTED_EVIDENCE","","","","","","","True","True","False","False"
"MTG:SECRET_LAIR:SL-E63BB6ABED78A1","SL-E63BB6ABED78A1",,"SECRET_LAIR","","PROVISIONAL_MODEL","","REVIEW_REQUIRED","","NATIVE_VALUATION_RANGE","","WIDE_VALUATION_RANGE","","NO","","NO","","QUALITY_REVIEW_REQUIRED:LOW_CONFIDENCE|SINGLE_OBSERVATION|WEAK_SELLER_DIVERSITY","","","","","","","True","True","False","False"
"MTG:SECRET_LAIR:SL-E6815E809637CD","SL-E6815E809637CD",,"SECRET_LAIR","","STRUCTURAL_ONLY","","EXCLUDE_FROM_MODEL","","NATIVE_VALUATION_RANGE","","STRUCTURAL_VALUATION_RANGE","","NO","","NO","","QUALITY_EXCLUDED:NO_ACCEPTED_EVIDENCE","","","","","","","True","True","False","False"
"MTG:SECRET_LAIR:SL-E6ACEF67518AF1","SL-E6ACEF67518AF1",,"SECRET_LAIR","","STRUCTURAL_ONLY","","EXCLUDE_FROM_MODEL","","NATIVE_VALUATION_RANGE","","STRUCTURAL_VALUATION_RANGE","","NO","","NO","","QUALITY_EXCLUDED:NO_ACCEPTED_EVIDENCE","","","","","","","True","True","False","False"
"MTG:SECRET_LAIR:SL-E73519A6D7C437","SL-E73519A6D7C437",,"SECRET_LAIR","","STRUCTURAL_ONLY","","EXCLUDE_FROM_MODEL","","NATIVE_VALUATION_RANGE","","STRUCTURAL_VALUATION_RANGE","","NO","","NO","","QUALITY_EXCLUDED:NO_ACCEPTED_EVIDENCE","","","","","","","True","True","False","False"
"MTG:SECRET_LAIR:SL-E761E1777C5411","SL-E761E1777C5411",,"SECRET_LAIR","","FULL_MODEL","","PASS","","NATIVE_VALUATION_RANGE","","VALUATION_RANGE_READY","","NO","","NO","","","","","","","","","True","True","False","False"
"MTG:SECRET_LAIR:SL-E7BDE12BA780C5","SL-E7BDE12BA780C5",,"SECRET_LAIR","","STRUCTURAL_ONLY","","EXCLUDE_FROM_MODEL","","NATIVE_VALUATION_RANGE","","STRUCTURAL_VALUATION_RANGE","","NO","","NO","","QUALITY_EXCLUDED:NO_ACCEPTED_EVIDENCE","","","","","","","True","True","False","False"
"MTG:SECRET_LAIR:SL-E82C687C9DB063","SL-E82C687C9DB063",,"SECRET_LAIR","","PROVISIONAL_MODEL","","REVIEW_REQUIRED","","NATIVE_VALUATION_RANGE","","WIDE_VALUATION_RANGE","","NO","","NO","","QUALITY_REVIEW_REQUIRED:LOW_CONFIDENCE","","","","","","","True","True","False","False"
"MTG:SECRET_LAIR:SL-E84A5B15E6F9C3","SL-E84A5B15E6F9C3",,"SECRET_LAIR","","STRUCTURAL_ONLY","","EXCLUDE_FROM_MODEL","","NATIVE_VALUATION_RANGE","","STRUCTURAL_VALUATION_RANGE","","NO","","NO","","QUALITY_EXCLUDED:NO_ACCEPTED_EVIDENCE","","","","","","","True","True","False","False"
"MTG:SECRET_LAIR:SL-E8AF55C924629C","SL-E8AF55C924629C",,"SECRET_LAIR","","FULL_MODEL","","PASS","","NATIVE_VALUATION_RANGE","","VALUATION_RANGE_READY","","NO","","NO","","","","","","","","","True","True","False","False"
"MTG:SECRET_LAIR:SL-E94BE968A3A112","SL-E94BE968A3A112",,"SECRET_LAIR","","PROVISIONAL_MODEL","","REVIEW_REQUIRED","","NATIVE_VALUATION_RANGE","","WIDE_VALUATION_RANGE","","NO","","NO","","QUALITY_REVIEW_REQUIRED:LOW_CONFIDENCE|SINGLE_OBSERVATION|WEAK_SELLER_DIVERSITY","","","","","","","True","True","False","False"
"MTG:SECRET_LAIR:SL-E976A82043B976","SL-E976A82043B976",,"SECRET_LAIR","","FULL_MODEL","","PASS","","NATIVE_VALUATION_RANGE","","VALUATION_RANGE_READY","","NO","","NO","","","","","","","","","True","True","False","False"
"MTG:SECRET_LAIR:SL-E9DEA56D4176E0","SL-E9DEA56D4176E0",,"SECRET_LAIR","","PROVISIONAL_MODEL","","REVIEW_REQUIRED","","NATIVE_VALUATION_RANGE","","WIDE_VALUATION_RANGE","","NO","","NO","","QUALITY_REVIEW_REQUIRED:LOW_CONFIDENCE|SINGLE_OBSERVATION|WEAK_SELLER_DIVERSITY","","","","","","","True","True","False","False"
"MTG:SECRET_LAIR:SL-EA00AF141F2FAC","SL-EA00AF141F2FAC",,"SECRET_LAIR","","PROVISIONAL_MODEL","","REVIEW_REQUIRED","","NATIVE_VALUATION_RANGE","","WIDE_VALUATION_RANGE","","NO","","NO","","QUALITY_REVIEW_REQUIRED:LOW_CONFIDENCE","","","","","","","True","True","False","False"
"MTG:SECRET_LAIR:SL-EA3F127E1B6608","SL-EA3F127E1B6608",,"SECRET_LAIR","","FULL_MODEL","","PASS","","NATIVE_VALUATION_RANGE","","VALUATION_RANGE_READY","","NO","","NO","","","","","","","","","True","True","False","False"
"MTG:SECRET_LAIR:SL-EA8B400EB7587C","SL-EA8B400EB7587C",,"SECRET_LAIR","","FULL_MODEL","","PASS","","NATIVE_VALUATION_RANGE","","VALUATION_RANGE_READY","","NO","","NO","","","","","","","","","True","True","False","False"
"MTG:SECRET_LAIR:SL-EB7674C656581E","SL-EB7674C656581E",,"SECRET_LAIR","","STRUCTURAL_ONLY","","EXCLUDE_FROM_MODEL","","NATIVE_VALUATION_RANGE","","STRUCTURAL_VALUATION_RANGE","","NO","","NO","","QUALITY_EXCLUDED:NO_ACCEPTED_EVIDENCE","","","","","","","True","True","False","False"
"MTG:SECRET_LAIR:SL-EB7E2032D0A931","SL-EB7E2032D0A931",,"SECRET_LAIR","","STRUCTURAL_ONLY","","EXCLUDE_FROM_MODEL","","NATIVE_VALUATION_RANGE","","STRUCTURAL_VALUATION_RANGE","","NO","","NO","","QUALITY_EXCLUDED:NO_ACCEPTED_EVIDENCE","","","","","","","True","True","False","False"
"MTG:SECRET_LAIR:SL-EB862139323FA8","SL-EB862139323FA8",,"SECRET_LAIR","","FULL_MODEL","","PASS","","NATIVE_VALUATION_RANGE","","VALUATION_RANGE_READY","","NO","","NO","","","","","","","","","True","True","False","False"
"MTG:SECRET_LAIR:SL-EBBF87B2EDF78C","SL-EBBF87B2EDF78C",,"SECRET_LAIR","","STRUCTURAL_ONLY","","EXCLUDE_FROM_MODEL","","NATIVE_VALUATION_RANGE","","STRUCTURAL_VALUATION_RANGE","","NO","","NO","","QUALITY_EXCLUDED:NO_ACCEPTED_EVIDENCE","","","","","","","True","True","False","False"
"MTG:SECRET_LAIR:SL-EBF12D8FC470D3","SL-EBF12D8FC470D3",,"SECRET_LAIR","","STRUCTURAL_ONLY","","EXCLUDE_FROM_MODEL","","NATIVE_VALUATION_RANGE","","STRUCTURAL_VALUATION_RANGE","","NO","","NO","","QUALITY_EXCLUDED:NO_ACCEPTED_EVIDENCE","","","","","","","True","True","False","False"
"MTG:SECRET_LAIR:SL-EC805E73DB692C","SL-EC805E73DB692C",,"SECRET_LAIR","","FULL_MODEL","","PASS","","NATIVE_VALUATION_RANGE","","VALUATION_RANGE_READY","","NO","","NO","","","","","","","","","True","True","False","False"
"MTG:SECRET_LAIR:SL-EDA5F0018F2448","SL-EDA5F0018F2448",,"SECRET_LAIR","","FULL_MODEL","","PASS","","NATIVE_VALUATION_RANGE","","VALUATION_RANGE_READY","","NO","","NO","","","","","","","","","True","True","False","False"
"MTG:SECRET_LAIR:SL-EE12104C3A49E7","SL-EE12104C3A49E7",,"SECRET_LAIR","","STRUCTURAL_ONLY","","EXCLUDE_FROM_MODEL","","NATIVE_VALUATION_RANGE","","STRUCTURAL_VALUATION_RANGE","","NO","","NO","","QUALITY_EXCLUDED:NO_ACCEPTED_EVIDENCE","","","","","","","True","True","False","False"
"MTG:SECRET_LAIR:SL-EE73A455D6DAFC","SL-EE73A455D6DAFC",,"SECRET_LAIR","","STRUCTURAL_ONLY","","EXCLUDE_FROM_MODEL","","NATIVE_VALUATION_RANGE","","STRUCTURAL_VALUATION_RANGE","","NO","","NO","","QUALITY_EXCLUDED:NO_ACCEPTED_EVIDENCE","","","","","","","True","True","False","False"
"MTG:SECRET_LAIR:SL-EE882204CA80F5","SL-EE882204CA80F5",,"SECRET_LAIR","","PROVISIONAL_MODEL","","REVIEW_REQUIRED","","NATIVE_VALUATION_RANGE","","WIDE_VALUATION_RANGE","","NO","","NO","","QUALITY_REVIEW_REQUIRED:LOW_CONFIDENCE","","","","","","","True","True","False","False"
"MTG:SECRET_LAIR:SL-EF03D947F97187","SL-EF03D947F97187",,"SECRET_LAIR","","FULL_MODEL","","PASS","","NATIVE_VALUATION_RANGE","","VALUATION_RANGE_READY","","NO","","NO","","","","","","","","","True","True","False","False"
"MTG:SECRET_LAIR:SL-EF10004B2C3091","SL-EF10004B2C3091",,"SECRET_LAIR","","PROVISIONAL_MODEL","","REVIEW_REQUIRED","","NATIVE_VALUATION_RANGE","","WIDE_VALUATION_RANGE","","NO","","NO","","QUALITY_REVIEW_REQUIRED:LOW_CONFIDENCE|SINGLE_OBSERVATION|WEAK_SELLER_DIVERSITY","","","","","","","True","True","False","False"
"MTG:SECRET_LAIR:SL-EF5BBE513EE03C","SL-EF5BBE513EE03C",,"SECRET_LAIR","","STRUCTURAL_ONLY","","EXCLUDE_FROM_MODEL","","NATIVE_VALUATION_RANGE","","STRUCTURAL_VALUATION_RANGE","","NO","","NO","","QUALITY_EXCLUDED:NO_ACCEPTED_EVIDENCE","","","","","","","True","True","False","False"
"MTG:SECRET_LAIR:SL-EFFCE6D4208A63","SL-EFFCE6D4208A63",,"SECRET_LAIR","","FULL_MODEL","","PASS","","NATIVE_VALUATION_RANGE","","VALUATION_RANGE_READY","","NO","","NO","","","","","","","","","True","True","False","False"
"MTG:SECRET_LAIR:SL-F0ADDB74A0D856","SL-F0ADDB74A0D856",,"SECRET_LAIR","","PROVISIONAL_MODEL","","REVIEW_REQUIRED","","NATIVE_VALUATION_RANGE","","WIDE_VALUATION_RANGE","","NO","","NO","","QUALITY_REVIEW_REQUIRED:LOW_CONFIDENCE|SINGLE_OBSERVATION|WEAK_SELLER_DIVERSITY","","","","","","","True","True","False","False"
"MTG:SECRET_LAIR:SL-F0D638918879B3","SL-F0D638918879B3",,"SECRET_LAIR","","PROVISIONAL_MODEL","","REVIEW_REQUIRED","","NATIVE_VALUATION_RANGE","","WIDE_VALUATION_RANGE","","NO","","NO","","QUALITY_REVIEW_REQUIRED:LOW_CONFIDENCE|SINGLE_OBSERVATION|WEAK_SELLER_DIVERSITY","","","","","","","True","True","False","False"
"MTG:SECRET_LAIR:SL-F0F3F16536C281","SL-F0F3F16536C281",,"SECRET_LAIR","","FULL_MODEL","","PASS","","NATIVE_VALUATION_RANGE","","VALUATION_RANGE_READY","","NO","","NO","","","","","","","","","True","True","False","False"
"MTG:SECRET_LAIR:SL-F14FB92D2DCBC6","SL-F14FB92D2DCBC6",,"SECRET_LAIR","","FULL_MODEL","","PASS","","NATIVE_VALUATION_RANGE","","VALUATION_RANGE_READY","","NO","","NO","","","","","","","","","True","True","False","False"
"MTG:SECRET_LAIR:SL-F1CC2FF6F7667E","SL-F1CC2FF6F7667E",,"SECRET_LAIR","","PROVISIONAL_MODEL","","REVIEW_REQUIRED","","NATIVE_VALUATION_RANGE","","WIDE_VALUATION_RANGE","","NO","","NO","","QUALITY_REVIEW_REQUIRED:LOW_CONFIDENCE|SINGLE_OBSERVATION|WEAK_SELLER_DIVERSITY","","","","","","","True","True","False","False"
"MTG:SECRET_LAIR:SL-F25C6E61EC9D3B","SL-F25C6E61EC9D3B",,"SECRET_LAIR","","STRUCTURAL_ONLY","","EXCLUDE_FROM_MODEL","","NATIVE_VALUATION_RANGE","","STRUCTURAL_VALUATION_RANGE","","NO","","NO","","QUALITY_EXCLUDED:NO_ACCEPTED_EVIDENCE","","","","","","","True","True","False","False"
"MTG:SECRET_LAIR:SL-F26AFF6BB24E88","SL-F26AFF6BB24E88",,"SECRET_LAIR","","FULL_MODEL","","PASS","","NATIVE_VALUATION_RANGE","","VALUATION_RANGE_READY","","NO","","NO","","","","","","","","","True","True","False","False"
"MTG:SECRET_LAIR:SL-F2F5EBEEEBD0C5","SL-F2F5EBEEEBD0C5",,"SECRET_LAIR","","PROVISIONAL_MODEL","","REVIEW_REQUIRED","","NATIVE_VALUATION_RANGE","","WIDE_VALUATION_RANGE","","NO","","NO","","QUALITY_REVIEW_REQUIRED:LOW_CONFIDENCE|SINGLE_OBSERVATION|WEAK_SELLER_DIVERSITY","","","","","","","True","True","False","False"
"MTG:SECRET_LAIR:SL-F2F92FE2CD5458","SL-F2F92FE2CD5458",,"SECRET_LAIR","","STRUCTURAL_ONLY","","EXCLUDE_FROM_MODEL","","NATIVE_VALUATION_RANGE","","STRUCTURAL_VALUATION_RANGE","","NO","","NO","","QUALITY_EXCLUDED:NO_ACCEPTED_EVIDENCE","","","","","","","True","True","False","False"
"MTG:SECRET_LAIR:SL-F378E79C981B5B","SL-F378E79C981B5B",,"SECRET_LAIR","","FULL_MODEL","","PASS","","NATIVE_VALUATION_RANGE","","VALUATION_RANGE_READY","","NO","","NO","","","","","","","","","True","True","False","False"
"MTG:SECRET_LAIR:SL-F3C784F688A104","SL-F3C784F688A104",,"SECRET_LAIR","","STRUCTURAL_ONLY","","EXCLUDE_FROM_MODEL","","NATIVE_VALUATION_RANGE","","STRUCTURAL_VALUATION_RANGE","","NO","","NO","","QUALITY_EXCLUDED:NO_ACCEPTED_EVIDENCE","","","","","","","True","True","False","False"
"MTG:SECRET_LAIR:SL-F3D3088DA018D0","SL-F3D3088DA018D0",,"SECRET_LAIR","","FULL_MODEL","","PASS","","NATIVE_VALUATION_RANGE","","VALUATION_RANGE_READY","","NO","","NO","","","","","","","","","True","True","False","False"
"MTG:SECRET_LAIR:SL-F3F1C2A23E48D0","SL-F3F1C2A23E48D0",,"SECRET_LAIR","","FULL_MODEL","","PASS","","NATIVE_VALUATION_RANGE","","VALUATION_RANGE_READY","","NO","","NO","","","","","","","","","True","True","False","False"
"MTG:SECRET_LAIR:SL-F419DE27DCB991","SL-F419DE27DCB991",,"SECRET_LAIR","","STRUCTURAL_ONLY","","EXCLUDE_FROM_MODEL","","NATIVE_VALUATION_RANGE","","STRUCTURAL_VALUATION_RANGE","","NO","","NO","","QUALITY_EXCLUDED:NO_ACCEPTED_EVIDENCE","","","","","","","True","True","False","False"
"MTG:SECRET_LAIR:SL-F46976B12ECA22","SL-F46976B12ECA22",,"SECRET_LAIR","","PROVISIONAL_MODEL","","REVIEW_REQUIRED","","NATIVE_VALUATION_RANGE","","WIDE_VALUATION_RANGE","","NO","","NO","","QUALITY_REVIEW_REQUIRED:HIGH_MEDIAN_VALUE","","","","","","","True","True","False","False"
"MTG:SECRET_LAIR:SL-F4935DE607204D","SL-F4935DE607204D",,"SECRET_LAIR","","PROVISIONAL_MODEL","","REVIEW_REQUIRED","","NATIVE_VALUATION_RANGE","","WIDE_VALUATION_RANGE","","NO","","NO","","QUALITY_REVIEW_REQUIRED:HIGH_MEDIAN_VALUE|LOW_CONFIDENCE|SINGLE_OBSERVATION|WEAK_SELLER_DIVERSITY","","","","","","","True","True","False","False"
"MTG:SECRET_LAIR:SL-F4A97CEA3A7C1C","SL-F4A97CEA3A7C1C",,"SECRET_LAIR","","FULL_MODEL","","PASS","","NATIVE_VALUATION_RANGE","","VALUATION_RANGE_READY","","NO","","NO","","","","","","","","","True","True","False","False"
"MTG:SECRET_LAIR:SL-F4DBBBEC3CFEB4","SL-F4DBBBEC3CFEB4",,"SECRET_LAIR","","STRUCTURAL_ONLY","","EXCLUDE_FROM_MODEL","","NATIVE_VALUATION_RANGE","","STRUCTURAL_VALUATION_RANGE","","NO","","NO","","QUALITY_EXCLUDED:NO_ACCEPTED_EVIDENCE","","","","","","","True","True","False","False"
"MTG:SECRET_LAIR:SL-F546FBC2EE4D47","SL-F546FBC2EE4D47",,"SECRET_LAIR","","STRUCTURAL_ONLY","","EXCLUDE_FROM_MODEL","","NATIVE_VALUATION_RANGE","","STRUCTURAL_VALUATION_RANGE","","NO","","NO","","QUALITY_EXCLUDED:NO_ACCEPTED_EVIDENCE","","","","","","","True","True","False","False"
"MTG:SECRET_LAIR:SL-F5C7D5AC423EC1","SL-F5C7D5AC423EC1",,"SECRET_LAIR","","STRUCTURAL_ONLY","","EXCLUDE_FROM_MODEL","","NATIVE_VALUATION_RANGE","","STRUCTURAL_VALUATION_RANGE","","NO","","NO","","QUALITY_EXCLUDED:NO_ACCEPTED_EVIDENCE","","","","","","","True","True","False","False"
"MTG:SECRET_LAIR:SL-F5FC37E9763B7C","SL-F5FC37E9763B7C",,"SECRET_LAIR","","STRUCTURAL_ONLY","","EXCLUDE_FROM_MODEL","","NATIVE_VALUATION_RANGE","","STRUCTURAL_VALUATION_RANGE","","NO","","NO","","QUALITY_EXCLUDED:NO_ACCEPTED_EVIDENCE","","","","","","","True","True","False","False"
"MTG:SECRET_LAIR:SL-F638B39456864F","SL-F638B39456864F",,"SECRET_LAIR","","FULL_MODEL","","PASS","","NATIVE_VALUATION_RANGE","","VALUATION_RANGE_READY","","NO","","NO","","","","","","","","","True","True","False","False"
"MTG:SECRET_LAIR:SL-F66DFA42E52417","SL-F66DFA42E52417",,"SECRET_LAIR","","PROVISIONAL_MODEL","","REVIEW_REQUIRED","","NATIVE_VALUATION_RANGE","","WIDE_VALUATION_RANGE","","NO","","NO","","QUALITY_REVIEW_REQUIRED:HIGH_MEDIAN_VALUE|LOW_CONFIDENCE|SINGLE_OBSERVATION|WEAK_SELLER_DIVERSITY","","","","","","","True","True","False","False"
"MTG:SECRET_LAIR:SL-F6CE9EEE501707","SL-F6CE9EEE501707",,"SECRET_LAIR","","PROVISIONAL_MODEL","","REVIEW_REQUIRED","","NATIVE_VALUATION_RANGE","","WIDE_VALUATION_RANGE","","NO","","NO","","QUALITY_REVIEW_REQUIRED:LOW_CONFIDENCE|SINGLE_OBSERVATION|WEAK_SELLER_DIVERSITY","","","","","","","True","True","False","False"
"MTG:SECRET_LAIR:SL-F70A9FB130F172","SL-F70A9FB130F172",,"SECRET_LAIR","","PROVISIONAL_MODEL","","REVIEW_REQUIRED","","NATIVE_VALUATION_RANGE","","WIDE_VALUATION_RANGE","","NO","","NO","","QUALITY_REVIEW_REQUIRED:LOW_CONFIDENCE","","","","","","","True","True","False","False"
"MTG:SECRET_LAIR:SL-F7BF46E86FD15C","SL-F7BF46E86FD15C",,"SECRET_LAIR","","STRUCTURAL_ONLY","","EXCLUDE_FROM_MODEL","","NATIVE_VALUATION_RANGE","","STRUCTURAL_VALUATION_RANGE","","NO","","NO","","QUALITY_EXCLUDED:NO_ACCEPTED_EVIDENCE","","","","","","","True","True","False","False"
"MTG:SECRET_LAIR:SL-F7E159B4E7D922","SL-F7E159B4E7D922",,"SECRET_LAIR","","STRUCTURAL_ONLY","","EXCLUDE_FROM_MODEL","","NATIVE_VALUATION_RANGE","","STRUCTURAL_VALUATION_RANGE","","NO","","NO","","QUALITY_EXCLUDED:NO_ACCEPTED_EVIDENCE","","","","","","","True","True","False","False"
"MTG:SECRET_LAIR:SL-F7E2916CEC3366","SL-F7E2916CEC3366",,"SECRET_LAIR","","STRUCTURAL_ONLY","","EXCLUDE_FROM_MODEL","","NATIVE_VALUATION_RANGE","","STRUCTURAL_VALUATION_RANGE","","NO","","NO","","QUALITY_EXCLUDED:NO_ACCEPTED_EVIDENCE","","","","","","","True","True","False","False"
"MTG:SECRET_LAIR:SL-F8091FD6F7CD83","SL-F8091FD6F7CD83",,"SECRET_LAIR","","STRUCTURAL_ONLY","","EXCLUDE_FROM_MODEL","","NATIVE_VALUATION_RANGE","","STRUCTURAL_VALUATION_RANGE","","NO","","NO","","QUALITY_EXCLUDED:NO_ACCEPTED_EVIDENCE","","","","","","","True","True","False","False"
"MTG:SECRET_LAIR:SL-F8130EF2307D5F","SL-F8130EF2307D5F",,"SECRET_LAIR","","STRUCTURAL_ONLY","","EXCLUDE_FROM_MODEL","","NATIVE_VALUATION_RANGE","","STRUCTURAL_VALUATION_RANGE","","NO","","NO","","QUALITY_EXCLUDED:NO_ACCEPTED_EVIDENCE","","","","","","","True","True","False","False"
"MTG:SECRET_LAIR:SL-F87B4FFB3CCD49","SL-F87B4FFB3CCD49",,"SECRET_LAIR","","STRUCTURAL_ONLY","","EXCLUDE_FROM_MODEL","","NATIVE_VALUATION_RANGE","","STRUCTURAL_VALUATION_RANGE","","NO","","NO","","QUALITY_EXCLUDED:NO_ACCEPTED_EVIDENCE","","","","","","","True","True","False","False"
"MTG:SECRET_LAIR:SL-F886C775F2D753","SL-F886C775F2D753",,"SECRET_LAIR","","FULL_MODEL","","PASS","","NATIVE_VALUATION_RANGE","","VALUATION_RANGE_READY","","NO","","NO","","","","","","","","","True","True","False","False"
"MTG:SECRET_LAIR:SL-F8A34E5202D218","SL-F8A34E5202D218",,"SECRET_LAIR","","PROVISIONAL_MODEL","","REVIEW_REQUIRED","","NATIVE_VALUATION_RANGE","","WIDE_VALUATION_RANGE","","NO","","NO","","QUALITY_REVIEW_REQUIRED:LOW_CONFIDENCE","","","","","","","True","True","False","False"
"MTG:SECRET_LAIR:SL-F960B8C972DDE8","SL-F960B8C972DDE8",,"SECRET_LAIR","","FULL_MODEL","","PASS","","NATIVE_VALUATION_RANGE","","VALUATION_RANGE_READY","","NO","","NO","","","","","","","","","True","True","False","False"
"MTG:SECRET_LAIR:SL-F97114C3F34013","SL-F97114C3F34013",,"SECRET_LAIR","","STRUCTURAL_ONLY","","EXCLUDE_FROM_MODEL","","NATIVE_VALUATION_RANGE","","STRUCTURAL_VALUATION_RANGE","","NO","","NO","","QUALITY_EXCLUDED:NO_ACCEPTED_EVIDENCE","","","","","","","True","True","False","False"
"MTG:SECRET_LAIR:SL-F9C826AE302BF4","SL-F9C826AE302BF4",,"SECRET_LAIR","","STRUCTURAL_ONLY","","EXCLUDE_FROM_MODEL","","NATIVE_VALUATION_RANGE","","STRUCTURAL_VALUATION_RANGE","","NO","","NO","","QUALITY_EXCLUDED:NO_ACCEPTED_EVIDENCE","","","","","","","True","True","False","False"
"MTG:SECRET_LAIR:SL-F9E21EA0D52C4A","SL-F9E21EA0D52C4A",,"SECRET_LAIR","","STRUCTURAL_ONLY","","EXCLUDE_FROM_MODEL","","NATIVE_VALUATION_RANGE","","STRUCTURAL_VALUATION_RANGE","","NO","","NO","","QUALITY_EXCLUDED:NO_ACCEPTED_EVIDENCE","","","","","","","True","True","False","False"
"MTG:SECRET_LAIR:SL-FA32CF1A49D1D5","SL-FA32CF1A49D1D5",,"SECRET_LAIR","","FULL_MODEL","","PASS","","NATIVE_VALUATION_RANGE","","VALUATION_RANGE_READY","","NO","","NO","","","","","","","","","True","True","False","False"
"MTG:SECRET_LAIR:SL-FA3D9482741C16","SL-FA3D9482741C16",,"SECRET_LAIR","","PROVISIONAL_MODEL","","REVIEW_REQUIRED","","NATIVE_VALUATION_RANGE","","WIDE_VALUATION_RANGE","","NO","","NO","","QUALITY_REVIEW_REQUIRED:LOW_CONFIDENCE|SINGLE_OBSERVATION|WEAK_SELLER_DIVERSITY","","","","","","","True","True","False","False"
"MTG:SECRET_LAIR:SL-FA6223566C7B76","SL-FA6223566C7B76",,"SECRET_LAIR","","STRUCTURAL_ONLY","","EXCLUDE_FROM_MODEL","","NATIVE_VALUATION_RANGE","","STRUCTURAL_VALUATION_RANGE","","NO","","NO","","QUALITY_EXCLUDED:NO_ACCEPTED_EVIDENCE","","","","","","","True","True","False","False"
"MTG:SECRET_LAIR:SL-FA7A7EE1991025","SL-FA7A7EE1991025",,"SECRET_LAIR","","STRUCTURAL_ONLY","","EXCLUDE_FROM_MODEL","","NATIVE_VALUATION_RANGE","","STRUCTURAL_VALUATION_RANGE","","NO","","NO","","QUALITY_EXCLUDED:NO_ACCEPTED_EVIDENCE","","","","","","","True","True","False","False"
"MTG:SECRET_LAIR:SL-FA7D6580C34737","SL-FA7D6580C34737",,"SECRET_LAIR","","STRUCTURAL_ONLY","","EXCLUDE_FROM_MODEL","","NATIVE_VALUATION_RANGE","","STRUCTURAL_VALUATION_RANGE","","NO","","NO","","QUALITY_EXCLUDED:NO_ACCEPTED_EVIDENCE","","","","","","","True","True","False","False"
"MTG:SECRET_LAIR:SL-FB01410D9F3250","SL-FB01410D9F3250",,"SECRET_LAIR","","PROVISIONAL_MODEL","","REVIEW_REQUIRED","","NATIVE_VALUATION_RANGE","","WIDE_VALUATION_RANGE","","NO","","NO","","QUALITY_REVIEW_REQUIRED:LOW_CONFIDENCE","","","","","","","True","True","False","False"
"MTG:SECRET_LAIR:SL-FB1E1566446236","SL-FB1E1566446236",,"SECRET_LAIR","","PROVISIONAL_MODEL","","REVIEW_REQUIRED","","NATIVE_VALUATION_RANGE","","WIDE_VALUATION_RANGE","","NO","","NO","","QUALITY_REVIEW_REQUIRED:LOW_CONFIDENCE|SINGLE_OBSERVATION|WEAK_SELLER_DIVERSITY","","","","","","","True","True","False","False"
"MTG:SECRET_LAIR:SL-FB1FECB0690176","SL-FB1FECB0690176",,"SECRET_LAIR","","FULL_MODEL","","PASS","","NATIVE_VALUATION_RANGE","","VALUATION_RANGE_READY","","NO","","NO","","","","","","","","","True","True","False","False"
"MTG:SECRET_LAIR:SL-FB8F41B5698E85","SL-FB8F41B5698E85",,"SECRET_LAIR","","STRUCTURAL_ONLY","","EXCLUDE_FROM_MODEL","","NATIVE_VALUATION_RANGE","","STRUCTURAL_VALUATION_RANGE","","NO","","NO","","QUALITY_EXCLUDED:NO_ACCEPTED_EVIDENCE","","","","","","","True","True","False","False"
"MTG:SECRET_LAIR:SL-FBADB7587BFD9A","SL-FBADB7587BFD9A",,"SECRET_LAIR","","STRUCTURAL_ONLY","","EXCLUDE_FROM_MODEL","","NATIVE_VALUATION_RANGE","","STRUCTURAL_VALUATION_RANGE","","NO","","NO","","QUALITY_EXCLUDED:NO_ACCEPTED_EVIDENCE","","","","","","","True","True","False","False"
"MTG:SECRET_LAIR:SL-FC44F373482E68","SL-FC44F373482E68",,"SECRET_LAIR","","FULL_MODEL","","PASS","","NATIVE_VALUATION_RANGE","","VALUATION_RANGE_READY","","NO","","NO","","","","","","","","","True","True","False","False"
"MTG:SECRET_LAIR:SL-FC508070AC9ECD","SL-FC508070AC9ECD",,"SECRET_LAIR","","PROVISIONAL_MODEL","","REVIEW_REQUIRED","","NATIVE_VALUATION_RANGE","","WIDE_VALUATION_RANGE","","NO","","NO","","QUALITY_REVIEW_REQUIRED:LOW_CONFIDENCE|SINGLE_OBSERVATION|WEAK_SELLER_DIVERSITY","","","","","","","True","True","False","False"
"MTG:SECRET_LAIR:SL-FCAEA5C157AA2D","SL-FCAEA5C157AA2D",,"SECRET_LAIR","","PROVISIONAL_MODEL","","REVIEW_REQUIRED","","NATIVE_VALUATION_RANGE","","WIDE_VALUATION_RANGE","","NO","","NO","","QUALITY_REVIEW_REQUIRED:HIGH_DISPERSION|LOW_CONFIDENCE|WIDE_PRICE_RANGE","","","","","","","True","True","False","False"
"MTG:SECRET_LAIR:SL-FD327F76CA9BCB","SL-FD327F76CA9BCB",,"SECRET_LAIR","","PROVISIONAL_MODEL","","REVIEW_REQUIRED","","NATIVE_VALUATION_RANGE","","WIDE_VALUATION_RANGE","","NO","","NO","","QUALITY_REVIEW_REQUIRED:LOW_CONFIDENCE|SINGLE_OBSERVATION|WEAK_SELLER_DIVERSITY","","","","","","","True","True","False","False"
"MTG:SECRET_LAIR:SL-FD569236BFC307","SL-FD569236BFC307",,"SECRET_LAIR","","PROVISIONAL_MODEL","","REVIEW_REQUIRED","","NATIVE_VALUATION_RANGE","","WIDE_VALUATION_RANGE","","NO","","NO","","QUALITY_REVIEW_REQUIRED:LOW_CONFIDENCE","","","","","","","True","True","False","False"
"MTG:SECRET_LAIR:SL-FD7EED45ECCFC6","SL-FD7EED45ECCFC6",,"SECRET_LAIR","","PROVISIONAL_MODEL","","REVIEW_REQUIRED","","NATIVE_VALUATION_RANGE","","WIDE_VALUATION_RANGE","","NO","","NO","","QUALITY_REVIEW_REQUIRED:HIGH_MEDIAN_VALUE","","","","","","","True","True","False","False"
"MTG:SECRET_LAIR:SL-FDA8FA789BE3A1","SL-FDA8FA789BE3A1",,"SECRET_LAIR","","FULL_MODEL","","PASS","","NATIVE_VALUATION_RANGE","","VALUATION_RANGE_READY","","NO","","NO","","","","","","","","","True","True","False","False"
"MTG:SECRET_LAIR:SL-FDAA65C601D268","SL-FDAA65C601D268",,"SECRET_LAIR","","STRUCTURAL_ONLY","","EXCLUDE_FROM_MODEL","","NATIVE_VALUATION_RANGE","","STRUCTURAL_VALUATION_RANGE","","NO","","NO","","QUALITY_EXCLUDED:NO_ACCEPTED_EVIDENCE","","","","","","","True","True","False","False"
"MTG:SECRET_LAIR:SL-FE0F8BC07F7E66","SL-FE0F8BC07F7E66",,"SECRET_LAIR","","PROVISIONAL_MODEL","","REVIEW_REQUIRED","","NATIVE_VALUATION_RANGE","","WIDE_VALUATION_RANGE","","NO","","NO","","QUALITY_REVIEW_REQUIRED:LOW_CONFIDENCE|SINGLE_OBSERVATION|WEAK_SELLER_DIVERSITY","","","","","","","True","True","False","False"
"MTG:SECRET_LAIR:SL-FEA5D283ED723B","SL-FEA5D283ED723B",,"SECRET_LAIR","","PROVISIONAL_MODEL","","REVIEW_REQUIRED","","NATIVE_VALUATION_RANGE","","WIDE_VALUATION_RANGE","","NO","","NO","","QUALITY_REVIEW_REQUIRED:HIGH_MEDIAN_VALUE|LOW_CONFIDENCE|SINGLE_OBSERVATION|WEAK_SELLER_DIVERSITY","","","","","","","True","True","False","False"
"MTG:SECRET_LAIR:SL-FF8B50F46CBD31","SL-FF8B50F46CBD31",,"SECRET_LAIR","","PROVISIONAL_MODEL","","REVIEW_REQUIRED","","NATIVE_VALUATION_RANGE","","WIDE_VALUATION_RANGE","","NO","","NO","","QUALITY_REVIEW_REQUIRED:LOW_CONFIDENCE","","","","","","","True","True","False","False"
"MTG:SECRET_LAIR:SL-FFA400FF14BF49","SL-FFA400FF14BF49",,"SECRET_LAIR","","PROVISIONAL_MODEL","","REVIEW_REQUIRED","","NATIVE_VALUATION_RANGE","","WIDE_VALUATION_RANGE","","NO","","NO","","QUALITY_REVIEW_REQUIRED:LOW_CONFIDENCE|SINGLE_OBSERVATION|WEAK_SELLER_DIVERSITY","","","","","","","True","True","False","False"
"MTG:SECRET_LAIR:SL-FFE26A78CDDB2A","SL-FFE26A78CDDB2A",,"SECRET_LAIR","","PROVISIONAL_MODEL","","REVIEW_REQUIRED","","NATIVE_VALUATION_RANGE","","WIDE_VALUATION_RANGE","","NO","","NO","","QUALITY_REVIEW_REQUIRED:HIGH_MEDIAN_VALUE","","","","","","","True","True","False","False"
