baseline_universe,baseline_id,baseline_product_number,baseline_name,baseline_name_normalized,baseline_class,baseline_reference_price,baseline_price_as_of,baseline_forecast_cagr,baseline_realized_annualized_return,baseline_return_1y,baseline_forecast_1y_point,baseline_forecast_1y_low,baseline_forecast_1y_high,baseline_forecast_3y_point,baseline_forecast_3y_low,baseline_forecast_3y_high,baseline_forecast_5y_point,baseline_forecast_5y_low,baseline_forecast_5y_high,baseline_confidence,baseline_recommendation,baseline_investment_score,baseline_risk_score,baseline_maximum_drawdown,baseline_source_fields_json
booster,TCGCSV-23019-484912,484912,Universes Beyond: The Lord of the Rings: Tales of Middle-earth Collector Booster Display,universes beyond the lord of the rings tales of middle earth collector booster display,Collector Booster Display,1975.23,,0.1723,,1.1875,2315.562129,,,3182.24760309004,,,4373.32,2405.33,8090.64,95.0,Watch,76.9,76.38,0.0,"[""ath"", ""atl"", ""cagr"", ""cls"", ""cmd"", ""compRank"", ""compScore"", ""conf"", ""convTier"", ""covStatus"", ""dd"", ""ddPct"", ""ff"", ""firstObs"", ""hist"", ""id"", ""masters"", ""med5"", ""mom"", ""momPct"", ""momState"", ""mos"", ""name"", ""obs"", ""p05"", ""p95"", ""pDbl"", ""pLoss"", ""persist"", ""posRatio"", ""price"", ""r3"", ""r365"", ""r6"", ""ras"", ""rasPct"", ""rating"", ""recScore"", ""regime"", ""retPct"", ""riskRating"", ""riskScore"", ""rl"", ""score"", ""set"", ""signal"", ""stage"", ""target"", ""trend"", ""type"", ""ub"", ""vol"", ""vsT""]"
booster,TCGCSV-23019-515906,515906,The Lord of the Rings: Tales of Middle-earth - Special Edition Collector Booster Display,the lord of the rings tales of middle earth special edition collector booster display,Collector Booster Display,5579.4,,0.1694,,2.1369,6524.550359999999,,,8922.298867936688,,,12201.21,6710.67,22572.24,95.0,Watch,74.5,78.53,0.0,"[""ath"", ""atl"", ""cagr"", ""cls"", ""cmd"", ""compRank"", ""compScore"", ""conf"", ""convTier"", ""covStatus"", ""dd"", ""ddPct"", ""ff"", ""firstObs"", ""hist"", ""id"", ""masters"", ""med5"", ""mom"", ""momPct"", ""momState"", ""mos"", ""name"", ""obs"", ""p05"", ""p95"", ""pDbl"", ""pLoss"", ""persist"", ""posRatio"", ""price"", ""r3"", ""r365"", ""r6"", ""ras"", ""rasPct"", ""rating"", ""recScore"", ""regime"", ""retPct"", ""riskRating"", ""riskScore"", ""rl"", ""score"", ""set"", ""signal"", ""stage"", ""target"", ""trend"", ""type"", ""ub"", ""vol"", ""vsT""]"
booster,TCGCSV-23019-484915,484915,Universes Beyond: The Lord of the Rings: Tales of Middle-earth - Jumpstart Booster Box,universes beyond the lord of the rings tales of middle earth jumpstart booster display,Draft/Traditional Booster Display,252.74,,0.1418,,0.501,288.578532,,,376.22192147697166,,,490.48,269.76,907.39,95.0,Watch,69.25,,-0.0644,"[""ath"", ""atl"", ""cagr"", ""cls"", ""cmd"", ""compRank"", ""compScore"", ""conf"", ""convTier"", ""covStatus"", ""dd"", ""ddPct"", ""ff"", ""firstObs"", ""hist"", ""id"", ""masters"", ""med5"", ""mom"", ""momPct"", ""momState"", ""mos"", ""name"", ""obs"", ""p05"", ""p95"", ""pDbl"", ""pLoss"", ""persist"", ""posRatio"", ""price"", ""r3"", ""r365"", ""r6"", ""ras"", ""rasPct"", ""rating"", ""recScore"", ""regime"", ""retPct"", ""riskRating"", ""riskScore"", ""rl"", ""score"", ""set"", ""signal"", ""stage"", ""target"", ""trend"", ""type"", ""ub"", ""vol"", ""vsT""]"
booster,TCGCSV-23019-484906,484906,Universes Beyond: The Lord of the Rings: Tales of Middle-earth - Draft Booster Box,universes beyond the lord of the rings tales of middle earth draft booster display,Draft/Traditional Booster Display,391.82,,0.1501,,1.1166,450.63218200000006,,,596.064710603182,,,788.43,433.64,1458.6,95.0,Watch,69.96,,0.0,"[""ath"", ""atl"", ""cagr"", ""cls"", ""cmd"", ""compRank"", ""compScore"", ""conf"", ""convTier"", ""covStatus"", ""dd"", ""ddPct"", ""ff"", ""firstObs"", ""hist"", ""id"", ""masters"", ""med5"", ""mom"", ""momPct"", ""momState"", ""mos"", ""name"", ""obs"", ""p05"", ""p95"", ""pDbl"", ""pLoss"", ""persist"", ""posRatio"", ""price"", ""r3"", ""r365"", ""r6"", ""ras"", ""rasPct"", ""rating"", ""recScore"", ""regime"", ""retPct"", ""riskRating"", ""riskScore"", ""rl"", ""score"", ""set"", ""signal"", ""stage"", ""target"", ""trend"", ""type"", ""ub"", ""vol"", ""vsT""]"
booster,TCGCSV-24219-618893,618893,FINAL FANTASY Collector Booster Display,final fantasy collector booster display,Collector Booster Display,1508.77,,0.1572,,0.2852,1745.948644,,,2338.0205012123447,,,3130.87,1721.98,5792.11,95.0,Watch,69.36,,0.0,"[""ath"", ""atl"", ""cagr"", ""cls"", ""cmd"", ""compRank"", ""compScore"", ""conf"", ""convTier"", ""covStatus"", ""dd"", ""ddPct"", ""ff"", ""firstObs"", ""hist"", ""id"", ""masters"", ""med5"", ""mom"", ""momPct"", ""momState"", ""mos"", ""name"", ""obs"", ""p05"", ""p95"", ""pDbl"", ""pLoss"", ""persist"", ""posRatio"", ""price"", ""r3"", ""r365"", ""r6"", ""ras"", ""rasPct"", ""rating"", ""recScore"", ""regime"", ""retPct"", ""riskRating"", ""riskScore"", ""rl"", ""score"", ""set"", ""signal"", ""stage"", ""target"", ""trend"", ""type"", ""ub"", ""vol"", ""vsT""]"
booster,TCGCSV-2809-236348,236348,Modern Horizons 2 Collector Booster Display,modern horizons 2 collector booster display,Collector Booster Display,551.86,,0.1479,,0.6364,633.480094,,,834.7205091081944,,,1099.89,604.94,2034.8,95.0,Speculative,66.75,50.84,0.0,"[""ath"", ""atl"", ""cagr"", ""cls"", ""cmd"", ""compRank"", ""compScore"", ""conf"", ""convTier"", ""covStatus"", ""dd"", ""ddPct"", ""ff"", ""firstObs"", ""hist"", ""id"", ""masters"", ""med5"", ""mom"", ""momPct"", ""momState"", ""mos"", ""name"", ""obs"", ""p05"", ""p95"", ""pDbl"", ""pLoss"", ""persist"", ""posRatio"", ""price"", ""r3"", ""r365"", ""r6"", ""ras"", ""rasPct"", ""rating"", ""recScore"", ""regime"", ""retPct"", ""riskRating"", ""riskScore"", ""rl"", ""score"", ""set"", ""signal"", ""stage"", ""target"", ""trend"", ""type"", ""ub"", ""vol"", ""vsT""]"
booster,TCGCSV-68-32529,32529,Magic 2010 (M10) - Booster Box,magic 2010 m10 booster display,Draft/Traditional Booster Display,948.74,,0.1604,,1.7334,1100.9178960000002,,,1482.4169488119517,,,1996.12,1097.87,3692.82,95.0,Watch,67.02,71.37,-0.0013,"[""ath"", ""atl"", ""cagr"", ""cls"", ""cmd"", ""compRank"", ""compScore"", ""conf"", ""convTier"", ""covStatus"", ""dd"", ""ddPct"", ""ff"", ""firstObs"", ""hist"", ""id"", ""masters"", ""med5"", ""mom"", ""momPct"", ""momState"", ""mos"", ""name"", ""obs"", ""p05"", ""p95"", ""pDbl"", ""pLoss"", ""persist"", ""posRatio"", ""price"", ""r3"", ""r365"", ""r6"", ""ras"", ""rasPct"", ""rating"", ""recScore"", ""regime"", ""retPct"", ""riskRating"", ""riskScore"", ""rl"", ""score"", ""set"", ""signal"", ""stage"", ""target"", ""trend"", ""type"", ""ub"", ""vol"", ""vsT""]"
booster,TCGCSV-3-27259,27259,8th Edition - Booster Box,8th edition booster display,Draft/Traditional Booster Display,985.01,,0.1604,,0.9767,1143.0056040000002,,,1539.089232823809,,,2072.43,1139.84,3834.0,95.0,Watch,67.0,76.39,0.0,"[""ath"", ""atl"", ""cagr"", ""cls"", ""cmd"", ""compRank"", ""compScore"", ""conf"", ""convTier"", ""covStatus"", ""dd"", ""ddPct"", ""ff"", ""firstObs"", ""hist"", ""id"", ""masters"", ""med5"", ""mom"", ""momPct"", ""momState"", ""mos"", ""name"", ""obs"", ""p05"", ""p95"", ""pDbl"", ""pLoss"", ""persist"", ""posRatio"", ""price"", ""r3"", ""r365"", ""r6"", ""ras"", ""rasPct"", ""rating"", ""recScore"", ""regime"", ""retPct"", ""riskRating"", ""riskScore"", ""rl"", ""score"", ""set"", ""signal"", ""stage"", ""target"", ""trend"", ""type"", ""ub"", ""vol"", ""vsT""]"
booster,TCGCSV-40-27275,27275,Exodus - Booster Box,exodus booster display,Draft/Traditional Booster Display,5996.99,,0.1604,,1.1422,6958.907196,,,9370.364502240642,,,12617.46,6939.6,23342.3,95.0,Watch,67.0,78.55,0.0,"[""ath"", ""atl"", ""cagr"", ""cls"", ""cmd"", ""compRank"", ""compScore"", ""conf"", ""convTier"", ""covStatus"", ""dd"", ""ddPct"", ""ff"", ""firstObs"", ""hist"", ""id"", ""masters"", ""med5"", ""mom"", ""momPct"", ""momState"", ""mos"", ""name"", ""obs"", ""p05"", ""p95"", ""pDbl"", ""pLoss"", ""persist"", ""posRatio"", ""price"", ""r3"", ""r365"", ""r6"", ""ras"", ""rasPct"", ""rating"", ""recScore"", ""regime"", ""retPct"", ""riskRating"", ""riskScore"", ""rl"", ""score"", ""set"", ""signal"", ""stage"", ""target"", ""trend"", ""type"", ""ub"", ""vol"", ""vsT""]"
booster,TCGCSV-1293-90786,90786,Magic 2015 (M15) - Booster Box,magic 2015 m15 booster display,Draft/Traditional Booster Display,361.14,,0.1604,,1.0159,419.06685600000003,,,564.285322526665,,,759.83,417.91,1405.69,95.0,Watch,67.0,73.39,0.0,"[""ath"", ""atl"", ""cagr"", ""cls"", ""cmd"", ""compRank"", ""compScore"", ""conf"", ""convTier"", ""covStatus"", ""dd"", ""ddPct"", ""ff"", ""firstObs"", ""hist"", ""id"", ""masters"", ""med5"", ""mom"", ""momPct"", ""momState"", ""mos"", ""name"", ""obs"", ""p05"", ""p95"", ""pDbl"", ""pLoss"", ""persist"", ""posRatio"", ""price"", ""r3"", ""r365"", ""r6"", ""ras"", ""rasPct"", ""rating"", ""recScore"", ""regime"", ""retPct"", ""riskRating"", ""riskScore"", ""rl"", ""score"", ""set"", ""signal"", ""stage"", ""target"", ""trend"", ""type"", ""ub"", ""vol"", ""vsT""]"
booster,TCGCSV-121-27318,27318,Weatherlight - Booster Box,weatherlight booster display,Draft/Traditional Booster Display,2499.35,,0.1604,,1.0832,2900.2457400000003,,,3905.262559830039,,,5258.55,2892.2,9728.32,95.0,Watch,67.0,77.46,0.0,"[""ath"", ""atl"", ""cagr"", ""cls"", ""cmd"", ""compRank"", ""compScore"", ""conf"", ""convTier"", ""covStatus"", ""dd"", ""ddPct"", ""ff"", ""firstObs"", ""hist"", ""id"", ""masters"", ""med5"", ""mom"", ""momPct"", ""momState"", ""mos"", ""name"", ""obs"", ""p05"", ""p95"", ""pDbl"", ""pLoss"", ""persist"", ""posRatio"", ""price"", ""r3"", ""r365"", ""r6"", ""ras"", ""rasPct"", ""rating"", ""recScore"", ""regime"", ""retPct"", ""riskRating"", ""riskScore"", ""rl"", ""score"", ""set"", ""signal"", ""stage"", ""target"", ""trend"", ""type"", ""ub"", ""vol"", ""vsT""]"
booster,TCGCSV-23020-484929,484929,Commander Masters Collector Booster Display,commander masters collector booster display,Collector Booster Display,490.38,,0.1539,,0.6656,565.849482,,,753.420216369161,,,1003.17,551.74,1855.86,95.0,Watch,66.85,71.68,0.0,"[""ath"", ""atl"", ""cagr"", ""cls"", ""cmd"", ""compRank"", ""compScore"", ""conf"", ""convTier"", ""covStatus"", ""dd"", ""ddPct"", ""ff"", ""firstObs"", ""hist"", ""id"", ""masters"", ""med5"", ""mom"", ""momPct"", ""momState"", ""mos"", ""name"", ""obs"", ""p05"", ""p95"", ""pDbl"", ""pLoss"", ""persist"", ""posRatio"", ""price"", ""r3"", ""r365"", ""r6"", ""ras"", ""rasPct"", ""rating"", ""recScore"", ""regime"", ""retPct"", ""riskRating"", ""riskScore"", ""rl"", ""score"", ""set"", ""signal"", ""stage"", ""target"", ""trend"", ""type"", ""ub"", ""vol"", ""vsT""]"
booster,TCGCSV-18-27267,27267,Betrayers of Kamigawa - Booster Box,betrayers of kamigawa booster display,Draft/Traditional Booster Display,769.97,,0.1431,,0.4437,880.1527070000001,,,1150.0758356177903,,,1502.78,826.53,2780.14,95.0,Speculative,66.85,,-0.3573,"[""ath"", ""atl"", ""cagr"", ""cls"", ""cmd"", ""compRank"", ""compScore"", ""conf"", ""convTier"", ""covStatus"", ""dd"", ""ddPct"", ""ff"", ""firstObs"", ""hist"", ""id"", ""masters"", ""med5"", ""mom"", ""momPct"", ""momState"", ""mos"", ""name"", ""obs"", ""p05"", ""p95"", ""pDbl"", ""pLoss"", ""persist"", ""posRatio"", ""price"", ""r3"", ""r365"", ""r6"", ""ras"", ""rasPct"", ""rating"", ""recScore"", ""regime"", ""retPct"", ""riskRating"", ""riskScore"", ""rl"", ""score"", ""set"", ""signal"", ""stage"", ""target"", ""trend"", ""type"", ""ub"", ""vol"", ""vsT""]"
booster,TCGCSV-23019-515921,515921,The Lord of the Rings: Tales of Middle-earth - Jumpstart Vol. 2 Booster Display,the lord of the rings tales of middle earth jumpstart vol 2 booster display,Draft/Traditional Booster Display,275.61,,0.1434,,0.6604,315.132474,,,411.9927130802475,,,538.62,296.24,996.45,95.0,Speculative,66.44,,-0.0091,"[""ath"", ""atl"", ""cagr"", ""cls"", ""cmd"", ""compRank"", ""compScore"", ""conf"", ""convTier"", ""covStatus"", ""dd"", ""ddPct"", ""ff"", ""firstObs"", ""hist"", ""id"", ""masters"", ""med5"", ""mom"", ""momPct"", ""momState"", ""mos"", ""name"", ""obs"", ""p05"", ""p95"", ""pDbl"", ""pLoss"", ""persist"", ""posRatio"", ""price"", ""r3"", ""r365"", ""r6"", ""ras"", ""rasPct"", ""rating"", ""recScore"", ""regime"", ""retPct"", ""riskRating"", ""riskScore"", ""rl"", ""score"", ""set"", ""signal"", ""stage"", ""target"", ""trend"", ""type"", ""ub"", ""vol"", ""vsT""]"
booster,TCGCSV-26-93516,93516,Conflux - Booster Box,conflux booster display,Draft/Traditional Booster Display,641.9,,0.1369,,-0.0079,729.77611,,,943.2659881589371,,,1219.21,670.57,2255.54,95.0,Speculative,63.96,20.47,-0.0105,"[""ath"", ""atl"", ""cagr"", ""cls"", ""cmd"", ""compRank"", ""compScore"", ""conf"", ""convTier"", ""covStatus"", ""dd"", ""ddPct"", ""ff"", ""firstObs"", ""hist"", ""id"", ""masters"", ""med5"", ""mom"", ""momPct"", ""momState"", ""mos"", ""name"", ""obs"", ""p05"", ""p95"", ""pDbl"", ""pLoss"", ""persist"", ""posRatio"", ""price"", ""r3"", ""r365"", ""r6"", ""ras"", ""rasPct"", ""rating"", ""recScore"", ""regime"", ""retPct"", ""riskRating"", ""riskScore"", ""rl"", ""score"", ""set"", ""signal"", ""stage"", ""target"", ""trend"", ""type"", ""ub"", ""vol"", ""vsT""]"
booster,TCGCSV-79-39410,39410,New Phyrexia - Booster Box,new phyrexia booster display,Draft/Traditional Booster Display,935.84,,0.1368,,-0.0069,1063.862912,,,1374.8451905854672,,,1776.73,977.2,3286.95,95.0,Speculative,63.93,25.33,-0.0121,"[""ath"", ""atl"", ""cagr"", ""cls"", ""cmd"", ""compRank"", ""compScore"", ""conf"", ""convTier"", ""covStatus"", ""dd"", ""ddPct"", ""ff"", ""firstObs"", ""hist"", ""id"", ""masters"", ""med5"", ""mom"", ""momPct"", ""momState"", ""mos"", ""name"", ""obs"", ""p05"", ""p95"", ""pDbl"", ""pLoss"", ""persist"", ""posRatio"", ""price"", ""r3"", ""r365"", ""r6"", ""ras"", ""rasPct"", ""rating"", ""recScore"", ""regime"", ""retPct"", ""riskRating"", ""riskScore"", ""rl"", ""score"", ""set"", ""signal"", ""stage"", ""target"", ""trend"", ""type"", ""ub"", ""vol"", ""vsT""]"
booster,TCGCSV-23319-517705,517705,Ravnica Remastered - Draft Booster Display,ravnica remastered draft booster display,Draft/Traditional Booster Display,279.07,,0.1573,,0.5924,322.967711,,,432.5646366145092,,,579.35,318.64,1071.8,95.0,Watch,66.03,72.59,0.0,"[""ath"", ""atl"", ""cagr"", ""cls"", ""cmd"", ""compRank"", ""compScore"", ""conf"", ""convTier"", ""covStatus"", ""dd"", ""ddPct"", ""ff"", ""firstObs"", ""hist"", ""id"", ""masters"", ""med5"", ""mom"", ""momPct"", ""momState"", ""mos"", ""name"", ""obs"", ""p05"", ""p95"", ""pDbl"", ""pLoss"", ""persist"", ""posRatio"", ""price"", ""r3"", ""r365"", ""r6"", ""ras"", ""rasPct"", ""rating"", ""recScore"", ""regime"", ""retPct"", ""riskRating"", ""riskScore"", ""rl"", ""score"", ""set"", ""signal"", ""stage"", ""target"", ""trend"", ""type"", ""ub"", ""vol"", ""vsT""]"
booster,TCGCSV-108-27308,27308,Tempest - Booster Box,tempest booster display,Draft/Traditional Booster Display,2999.95,,0.1365,,0.0316,3409.443175,,,4403.746759372394,,,5688.02,3128.41,10522.84,95.0,Speculative,63.75,27.62,0.0,"[""ath"", ""atl"", ""cagr"", ""cls"", ""cmd"", ""compRank"", ""compScore"", ""conf"", ""convTier"", ""covStatus"", ""dd"", ""ddPct"", ""ff"", ""firstObs"", ""hist"", ""id"", ""masters"", ""med5"", ""mom"", ""momPct"", ""momState"", ""mos"", ""name"", ""obs"", ""p05"", ""p95"", ""pDbl"", ""pLoss"", ""persist"", ""posRatio"", ""price"", ""r3"", ""r365"", ""r6"", ""ras"", ""rasPct"", ""rating"", ""recScore"", ""regime"", ""retPct"", ""riskRating"", ""riskScore"", ""rl"", ""score"", ""set"", ""signal"", ""stage"", ""target"", ""trend"", ""type"", ""ub"", ""vol"", ""vsT""]"
booster,TCGCSV-6-27261,27261,Alliances - Booster Box,alliances booster display,Draft/Traditional Booster Display,2400.0,,0.1548,,0.0,2771.52,,,3695.9966366208005,,,4928.84,2710.86,9118.35,95.0,Watch,65.96,77.48,-0.096,"[""ath"", ""atl"", ""cagr"", ""cls"", ""cmd"", ""compRank"", ""compScore"", ""conf"", ""convTier"", ""covStatus"", ""dd"", ""ddPct"", ""ff"", ""firstObs"", ""hist"", ""id"", ""masters"", ""med5"", ""mom"", ""momPct"", ""momState"", ""mos"", ""name"", ""obs"", ""p05"", ""p95"", ""pDbl"", ""pLoss"", ""persist"", ""posRatio"", ""price"", ""r3"", ""r365"", ""r6"", ""ras"", ""rasPct"", ""rating"", ""recScore"", ""regime"", ""retPct"", ""riskRating"", ""riskScore"", ""rl"", ""score"", ""set"", ""signal"", ""stage"", ""target"", ""trend"", ""type"", ""ub"", ""vol"", ""vsT""]"
booster,TCGCSV-85-27297,27297,Planeshift - Booster Box,planeshift booster display,Draft/Traditional Booster Display,1521.25,,0.1486,,0.217,1747.3077500000002,,,2305.1915931431904,,,3041.2,1672.66,5626.22,95.0,Speculative,65.95,,-0.3635,"[""ath"", ""atl"", ""cagr"", ""cls"", ""cmd"", ""compRank"", ""compScore"", ""conf"", ""convTier"", ""covStatus"", ""dd"", ""ddPct"", ""ff"", ""firstObs"", ""hist"", ""id"", ""masters"", ""med5"", ""mom"", ""momPct"", ""momState"", ""mos"", ""name"", ""obs"", ""p05"", ""p95"", ""pDbl"", ""pLoss"", ""persist"", ""posRatio"", ""price"", ""r3"", ""r365"", ""r6"", ""ras"", ""rasPct"", ""rating"", ""recScore"", ""regime"", ""retPct"", ""riskRating"", ""riskScore"", ""rl"", ""score"", ""set"", ""signal"", ""stage"", ""target"", ""trend"", ""type"", ""ub"", ""vol"", ""vsT""]"
booster,TCGCSV-2965-257576,257576,Kamigawa: Neon Dynasty - Theme Booster Display Box,kamigawa neon dynasty theme booster display box,Draft/Traditional Booster Display,134.99,,0.1486,,1.0742,155.04951400000002,,,204.5540267269675,,,269.86,148.42,499.24,95.0,Watch,65.94,59.46,0.0,"[""ath"", ""atl"", ""cagr"", ""cls"", ""cmd"", ""compRank"", ""compScore"", ""conf"", ""convTier"", ""covStatus"", ""dd"", ""ddPct"", ""ff"", ""firstObs"", ""hist"", ""id"", ""masters"", ""med5"", ""mom"", ""momPct"", ""momState"", ""mos"", ""name"", ""obs"", ""p05"", ""p95"", ""pDbl"", ""pLoss"", ""persist"", ""posRatio"", ""price"", ""r3"", ""r365"", ""r6"", ""ras"", ""rasPct"", ""rating"", ""recScore"", ""regime"", ""retPct"", ""riskRating"", ""riskScore"", ""rl"", ""score"", ""set"", ""signal"", ""stage"", ""target"", ""trend"", ""type"", ""ub"", ""vol"", ""vsT""]"
booster,TCGCSV-23-27270,27270,Classic Sixth Edition - Booster Box,classic sixth edition booster display,Draft/Traditional Booster Display,1977.0,,0.1535,,-0.0026,2280.4695,,,3034.3066289763747,,,4037.33,2220.53,7469.06,95.0,Speculative,65.91,,-0.1404,"[""ath"", ""atl"", ""cagr"", ""cls"", ""cmd"", ""compRank"", ""compScore"", ""conf"", ""convTier"", ""covStatus"", ""dd"", ""ddPct"", ""ff"", ""firstObs"", ""hist"", ""id"", ""masters"", ""med5"", ""mom"", ""momPct"", ""momState"", ""mos"", ""name"", ""obs"", ""p05"", ""p95"", ""pDbl"", ""pLoss"", ""persist"", ""posRatio"", ""price"", ""r3"", ""r365"", ""r6"", ""ras"", ""rasPct"", ""rating"", ""recScore"", ""regime"", ""retPct"", ""riskRating"", ""riskScore"", ""rl"", ""score"", ""set"", ""signal"", ""stage"", ""target"", ""trend"", ""type"", ""ub"", ""vol"", ""vsT""]"
booster,TCGCSV-364-59120,59120,Magic 2013 (M13) - Booster Box,magic 2013 m13 booster display,Draft/Traditional Booster Display,312.84,,0.1497,,0.8237,359.67214799999994,,,475.41827431837316,,,628.41,345.63,1162.56,95.0,Watch,65.07,51.75,0.0,"[""ath"", ""atl"", ""cagr"", ""cls"", ""cmd"", ""compRank"", ""compScore"", ""conf"", ""convTier"", ""covStatus"", ""dd"", ""ddPct"", ""ff"", ""firstObs"", ""hist"", ""id"", ""masters"", ""med5"", ""mom"", ""momPct"", ""momState"", ""mos"", ""name"", ""obs"", ""p05"", ""p95"", ""pDbl"", ""pLoss"", ""persist"", ""posRatio"", ""price"", ""r3"", ""r365"", ""r6"", ""ras"", ""rasPct"", ""rating"", ""recScore"", ""regime"", ""retPct"", ""riskRating"", ""riskScore"", ""rl"", ""score"", ""set"", ""signal"", ""stage"", ""target"", ""trend"", ""type"", ""ub"", ""vol"", ""vsT""]"
booster,TCGCSV-99-27304,27304,Saviors of Kamigawa - Booster Box,saviors of kamigawa booster display,Draft/Traditional Booster Display,595.49,,0.1412,,0.2011,679.573188,,,885.0336059525588,,,1152.61,633.94,2132.33,95.0,Speculative,65.03,,0.0,"[""ath"", ""atl"", ""cagr"", ""cls"", ""cmd"", ""compRank"", ""compScore"", ""conf"", ""convTier"", ""covStatus"", ""dd"", ""ddPct"", ""ff"", ""firstObs"", ""hist"", ""id"", ""masters"", ""med5"", ""mom"", ""momPct"", ""momState"", ""mos"", ""name"", ""obs"", ""p05"", ""p95"", ""pDbl"", ""pLoss"", ""persist"", ""posRatio"", ""price"", ""r3"", ""r365"", ""r6"", ""ras"", ""rasPct"", ""rating"", ""recScore"", ""regime"", ""retPct"", ""riskRating"", ""riskScore"", ""rl"", ""score"", ""set"", ""signal"", ""stage"", ""target"", ""trend"", ""type"", ""ub"", ""vol"", ""vsT""]"
booster,TCGCSV-22875-475582,475582,March of the Machine - Jumpstart Booster Display,march of the machine jumpstart booster display,Draft/Traditional Booster Display,125.19,,0.149,,0.7185,143.84331,,,189.90208170531002,,,250.71,137.89,463.81,95.0,Watch,64.86,47.44,0.0,"[""ath"", ""atl"", ""cagr"", ""cls"", ""cmd"", ""compRank"", ""compScore"", ""conf"", ""convTier"", ""covStatus"", ""dd"", ""ddPct"", ""ff"", ""firstObs"", ""hist"", ""id"", ""masters"", ""med5"", ""mom"", ""momPct"", ""momState"", ""mos"", ""name"", ""obs"", ""p05"", ""p95"", ""pDbl"", ""pLoss"", ""persist"", ""posRatio"", ""price"", ""r3"", ""r365"", ""r6"", ""ras"", ""rasPct"", ""rating"", ""recScore"", ""regime"", ""retPct"", ""riskRating"", ""riskScore"", ""rl"", ""score"", ""set"", ""signal"", ""stage"", ""target"", ""trend"", ""type"", ""ub"", ""vol"", ""vsT""]"
booster,TCGCSV-3070-271509,271509,Double Masters 2022 Collector Booster Display,double masters 2022 collector booster display,Collector Booster Display,410.8,,0.1468,,0.5538,471.10544000000004,,,619.5744324813056,,,814.83,448.16,1507.44,95.0,Speculative,65.57,,0.0,"[""ath"", ""atl"", ""cagr"", ""cls"", ""cmd"", ""compRank"", ""compScore"", ""conf"", ""convTier"", ""covStatus"", ""dd"", ""ddPct"", ""ff"", ""firstObs"", ""hist"", ""id"", ""masters"", ""med5"", ""mom"", ""momPct"", ""momState"", ""mos"", ""name"", ""obs"", ""p05"", ""p95"", ""pDbl"", ""pLoss"", ""persist"", ""posRatio"", ""price"", ""r3"", ""r365"", ""r6"", ""ras"", ""rasPct"", ""rating"", ""recScore"", ""regime"", ""retPct"", ""riskRating"", ""riskScore"", ""rl"", ""score"", ""set"", ""signal"", ""stage"", ""target"", ""trend"", ""type"", ""ub"", ""vol"", ""vsT""]"
booster,TCGCSV-23446-541220,541220,Universes Beyond: Assassin's Creed - Beyond Booster Display,universes beyond assassin s creed beyond booster display,Draft/Traditional Booster Display,117.21,,0.1431,,0.1237,133.982751,,,175.0722608579051,,,228.76,125.82,423.21,95.0,Speculative,65.57,,-0.3297,"[""ath"", ""atl"", ""cagr"", ""cls"", ""cmd"", ""compRank"", ""compScore"", ""conf"", ""convTier"", ""covStatus"", ""dd"", ""ddPct"", ""ff"", ""firstObs"", ""hist"", ""id"", ""masters"", ""med5"", ""mom"", ""momPct"", ""momState"", ""mos"", ""name"", ""obs"", ""p05"", ""p95"", ""pDbl"", ""pLoss"", ""persist"", ""posRatio"", ""price"", ""r3"", ""r365"", ""r6"", ""ras"", ""rasPct"", ""rating"", ""recScore"", ""regime"", ""retPct"", ""riskRating"", ""riskScore"", ""rl"", ""score"", ""set"", ""signal"", ""stage"", ""target"", ""trend"", ""type"", ""ub"", ""vol"", ""vsT""]"
booster,TCGCSV-2655-214823,214823,Double Masters - Booster Box,double masters booster display,Masters Booster Display,886.71,,0.1397,,0.2557,1010.583387,,,1312.6630216609965,,,1705.04,937.77,3154.32,95.0,Speculative,64.76,42.88,0.0,"[""ath"", ""atl"", ""cagr"", ""cls"", ""cmd"", ""compRank"", ""compScore"", ""conf"", ""convTier"", ""covStatus"", ""dd"", ""ddPct"", ""ff"", ""firstObs"", ""hist"", ""id"", ""masters"", ""med5"", ""mom"", ""momPct"", ""momState"", ""mos"", ""name"", ""obs"", ""p05"", ""p95"", ""pDbl"", ""pLoss"", ""persist"", ""posRatio"", ""price"", ""r3"", ""r365"", ""r6"", ""ras"", ""rasPct"", ""rating"", ""recScore"", ""regime"", ""retPct"", ""riskRating"", ""riskScore"", ""rl"", ""score"", ""set"", ""signal"", ""stage"", ""target"", ""trend"", ""type"", ""ub"", ""vol"", ""vsT""]"
booster,TCGCSV-2422-185894,185894,Modern Horizons - Booster Box,modern horizons booster display,Draft/Traditional Booster Display,287.85,,0.1412,,0.4206,328.49442000000005,,,427.81058199708485,,,557.15,306.43,1030.73,95.0,Speculative,64.65,,0.0,"[""ath"", ""atl"", ""cagr"", ""cls"", ""cmd"", ""compRank"", ""compScore"", ""conf"", ""convTier"", ""covStatus"", ""dd"", ""ddPct"", ""ff"", ""firstObs"", ""hist"", ""id"", ""masters"", ""med5"", ""mom"", ""momPct"", ""momState"", ""mos"", ""name"", ""obs"", ""p05"", ""p95"", ""pDbl"", ""pLoss"", ""persist"", ""posRatio"", ""price"", ""r3"", ""r365"", ""r6"", ""ras"", ""rasPct"", ""rating"", ""recScore"", ""regime"", ""retPct"", ""riskRating"", ""riskScore"", ""rl"", ""score"", ""set"", ""signal"", ""stage"", ""target"", ""trend"", ""type"", ""ub"", ""vol"", ""vsT""]"
booster,TCGCSV-3157-282224,282224,The Brothers' War Collector Booster Display,the brothers war collector booster display,Collector Booster Display,695.22,,0.1549,,1.4792,802.909578,,,1070.915985708028,,,1428.38,785.61,2642.5,95.0,Watch,65.29,74.73,0.0,"[""ath"", ""atl"", ""cagr"", ""cls"", ""cmd"", ""compRank"", ""compScore"", ""conf"", ""convTier"", ""covStatus"", ""dd"", ""ddPct"", ""ff"", ""firstObs"", ""hist"", ""id"", ""masters"", ""med5"", ""mom"", ""momPct"", ""momState"", ""mos"", ""name"", ""obs"", ""p05"", ""p95"", ""pDbl"", ""pLoss"", ""persist"", ""posRatio"", ""price"", ""r3"", ""r365"", ""r6"", ""ras"", ""rasPct"", ""rating"", ""recScore"", ""regime"", ""retPct"", ""riskRating"", ""riskScore"", ""rl"", ""score"", ""set"", ""signal"", ""stage"", ""target"", ""trend"", ""type"", ""ub"", ""vol"", ""vsT""]"
booster,TCGCSV-22875-475584,475584,March of the Machine Collector Booster Display,march of the machine collector booster display,Collector Booster Display,769.25,,0.1549,,1.5421,888.406825,,,1184.9517016281184,,,1580.48,869.26,2923.89,95.0,Watch,65.27,75.01,0.0,"[""ath"", ""atl"", ""cagr"", ""cls"", ""cmd"", ""compRank"", ""compScore"", ""conf"", ""convTier"", ""covStatus"", ""dd"", ""ddPct"", ""ff"", ""firstObs"", ""hist"", ""id"", ""masters"", ""med5"", ""mom"", ""momPct"", ""momState"", ""mos"", ""name"", ""obs"", ""p05"", ""p95"", ""pDbl"", ""pLoss"", ""persist"", ""posRatio"", ""price"", ""r3"", ""r365"", ""r6"", ""ras"", ""rasPct"", ""rating"", ""recScore"", ""regime"", ""retPct"", ""riskRating"", ""riskScore"", ""rl"", ""score"", ""set"", ""signal"", ""stage"", ""target"", ""trend"", ""type"", ""ub"", ""vol"", ""vsT""]"
booster,TCGCSV-2809-236354,236354,Modern Horizons 2 - Draft Booster Box,modern horizons 2 draft booster display,Draft/Traditional Booster Display,293.76,,0.1406,,0.5365,335.062656,,,435.9059140735642,,,567.1,311.91,1049.14,95.0,Speculative,64.47,,0.0,"[""ath"", ""atl"", ""cagr"", ""cls"", ""cmd"", ""compRank"", ""compScore"", ""conf"", ""convTier"", ""covStatus"", ""dd"", ""ddPct"", ""ff"", ""firstObs"", ""hist"", ""id"", ""masters"", ""med5"", ""mom"", ""momPct"", ""momState"", ""mos"", ""name"", ""obs"", ""p05"", ""p95"", ""pDbl"", ""pLoss"", ""persist"", ""posRatio"", ""price"", ""r3"", ""r365"", ""r6"", ""ras"", ""rasPct"", ""rating"", ""recScore"", ""regime"", ""retPct"", ""riskRating"", ""riskScore"", ""rl"", ""score"", ""set"", ""signal"", ""stage"", ""target"", ""trend"", ""type"", ""ub"", ""vol"", ""vsT""]"
booster,TCGCSV-2965-257563,257563,Kamigawa: Neon Dynasty Collector Booster Display,kamigawa neon dynasty collector booster display,Collector Booster Display,497.04,,0.1461,,0.752,569.657544,,,748.2709382615645,,,982.89,540.59,1818.35,95.0,Speculative,65.16,,0.0,"[""ath"", ""atl"", ""cagr"", ""cls"", ""cmd"", ""compRank"", ""compScore"", ""conf"", ""convTier"", ""covStatus"", ""dd"", ""ddPct"", ""ff"", ""firstObs"", ""hist"", ""id"", ""masters"", ""med5"", ""mom"", ""momPct"", ""momState"", ""mos"", ""name"", ""obs"", ""p05"", ""p95"", ""pDbl"", ""pLoss"", ""persist"", ""posRatio"", ""price"", ""r3"", ""r365"", ""r6"", ""ras"", ""rasPct"", ""rating"", ""recScore"", ""regime"", ""retPct"", ""riskRating"", ""riskScore"", ""rl"", ""score"", ""set"", ""signal"", ""stage"", ""target"", ""trend"", ""type"", ""ub"", ""vol"", ""vsT""]"
booster,TCGCSV-2773-233252,233252,Strixhaven: School of Mages - Theme Booster Display,strixhaven school of mages theme booster display,Draft/Traditional Booster Display,97.4,,0.1543,,0.8367,112.42882000000002,,,149.80111428868184,,,199.6,109.78,369.26,95.0,Watch,65.1,67.76,0.0,"[""ath"", ""atl"", ""cagr"", ""cls"", ""cmd"", ""compRank"", ""compScore"", ""conf"", ""convTier"", ""covStatus"", ""dd"", ""ddPct"", ""ff"", ""firstObs"", ""hist"", ""id"", ""masters"", ""med5"", ""mom"", ""momPct"", ""momState"", ""mos"", ""name"", ""obs"", ""p05"", ""p95"", ""pDbl"", ""pLoss"", ""persist"", ""posRatio"", ""price"", ""r3"", ""r365"", ""r6"", ""ras"", ""rasPct"", ""rating"", ""recScore"", ""regime"", ""retPct"", ""riskRating"", ""riskScore"", ""rl"", ""score"", ""set"", ""signal"", ""stage"", ""target"", ""trend"", ""type"", ""ub"", ""vol"", ""vsT""]"
booster,TCGCSV-23165-496076,496076,Universes Beyond: Doctor Who Collector Booster Display,universes beyond doctor who collector booster display,Collector Booster Display,626.48,,0.1493,,0.8864,720.013464,,,951.0589372695574,,,1256.24,690.93,2324.04,95.0,Watch,65.04,67.0,0.0,"[""ath"", ""atl"", ""cagr"", ""cls"", ""cmd"", ""compRank"", ""compScore"", ""conf"", ""convTier"", ""covStatus"", ""dd"", ""ddPct"", ""ff"", ""firstObs"", ""hist"", ""id"", ""masters"", ""med5"", ""mom"", ""momPct"", ""momState"", ""mos"", ""name"", ""obs"", ""p05"", ""p95"", ""pDbl"", ""pLoss"", ""persist"", ""posRatio"", ""price"", ""r3"", ""r365"", ""r6"", ""ras"", ""rasPct"", ""rating"", ""recScore"", ""regime"", ""retPct"", ""riskRating"", ""riskScore"", ""rl"", ""score"", ""set"", ""signal"", ""stage"", ""target"", ""trend"", ""type"", ""ub"", ""vol"", ""vsT""]"
booster,TCGCSV-2965-257557,257557,Kamigawa: Neon Dynasty - Draft Booster Box,kamigawa neon dynasty draft booster display,Draft/Traditional Booster Display,218.45,,0.145,,0.8136,250.12525,,,327.92045588124995,,,429.91,236.45,795.33,95.0,Speculative,64.81,53.53,0.0,"[""ath"", ""atl"", ""cagr"", ""cls"", ""cmd"", ""compRank"", ""compScore"", ""conf"", ""convTier"", ""covStatus"", ""dd"", ""ddPct"", ""ff"", ""firstObs"", ""hist"", ""id"", ""masters"", ""med5"", ""mom"", ""momPct"", ""momState"", ""mos"", ""name"", ""obs"", ""p05"", ""p95"", ""pDbl"", ""pLoss"", ""persist"", ""posRatio"", ""price"", ""r3"", ""r365"", ""r6"", ""ras"", ""rasPct"", ""rating"", ""recScore"", ""regime"", ""retPct"", ""riskRating"", ""riskScore"", ""rl"", ""score"", ""set"", ""signal"", ""stage"", ""target"", ""trend"", ""type"", ""ub"", ""vol"", ""vsT""]"
booster,TCGCSV-1794-120965,120965,Conspiracy: Take the Crown - Booster Box,conspiracy take the crown booster display,Draft/Traditional Booster Display,215.37,,0.1391,,0.1903,245.327967,,,318.3250116405693,,,413.04,227.17,764.12,95.0,Speculative,63.14,37.58,0.0,"[""ath"", ""atl"", ""cagr"", ""cls"", ""cmd"", ""compRank"", ""compScore"", ""conf"", ""convTier"", ""covStatus"", ""dd"", ""ddPct"", ""ff"", ""firstObs"", ""hist"", ""id"", ""masters"", ""med5"", ""mom"", ""momPct"", ""momState"", ""mos"", ""name"", ""obs"", ""p05"", ""p95"", ""pDbl"", ""pLoss"", ""persist"", ""posRatio"", ""price"", ""r3"", ""r365"", ""r6"", ""ras"", ""rasPct"", ""rating"", ""recScore"", ""regime"", ""retPct"", ""riskRating"", ""riskScore"", ""rl"", ""score"", ""set"", ""signal"", ""stage"", ""target"", ""trend"", ""type"", ""ub"", ""vol"", ""vsT""]"
booster,TCGCSV-24219-628315,628315,FINAL FANTASY - Collector Booster Display (Japanese),final fantasy collector booster display japanese,Collector Booster Display,658.12,,0.14,,-0.0849,750.2568000000001,,,975.0337372800003,,,1267.15,696.93,2344.23,95.0,Speculative,64.62,,-0.0849,"[""ath"", ""atl"", ""cagr"", ""cls"", ""cmd"", ""compRank"", ""compScore"", ""conf"", ""convTier"", ""covStatus"", ""dd"", ""ddPct"", ""ff"", ""firstObs"", ""hist"", ""id"", ""masters"", ""med5"", ""mom"", ""momPct"", ""momState"", ""mos"", ""name"", ""obs"", ""p05"", ""p95"", ""pDbl"", ""pLoss"", ""persist"", ""posRatio"", ""price"", ""r3"", ""r365"", ""r6"", ""ras"", ""rasPct"", ""rating"", ""recScore"", ""regime"", ""retPct"", ""riskRating"", ""riskScore"", ""rl"", ""score"", ""set"", ""signal"", ""stage"", ""target"", ""trend"", ""type"", ""ub"", ""vol"", ""vsT""]"
booster,TCGCSV-20-27268,27268,Champions of Kamigawa - Booster Box,champions of kamigawa booster display,Draft/Traditional Booster Display,1067.41,,0.1408,,0.0837,1217.701328,,,1584.7465124199223,,,2062.43,1134.34,3815.5,95.0,Speculative,64.59,,-0.1461,"[""ath"", ""atl"", ""cagr"", ""cls"", ""cmd"", ""compRank"", ""compScore"", ""conf"", ""convTier"", ""covStatus"", ""dd"", ""ddPct"", ""ff"", ""firstObs"", ""hist"", ""id"", ""masters"", ""med5"", ""mom"", ""momPct"", ""momState"", ""mos"", ""name"", ""obs"", ""p05"", ""p95"", ""pDbl"", ""pLoss"", ""persist"", ""posRatio"", ""price"", ""r3"", ""r365"", ""r6"", ""ras"", ""rasPct"", ""rating"", ""recScore"", ""regime"", ""retPct"", ""riskRating"", ""riskScore"", ""rl"", ""score"", ""set"", ""signal"", ""stage"", ""target"", ""trend"", ""type"", ""ub"", ""vol"", ""vsT""]"
booster,TCGCSV-1113-69243,69243,Magic 2014 (M14) - Booster Box,magic 2014 m14 booster display,Draft/Traditional Booster Display,313.92,,0.1525,,0.7785,361.79280000000006,,,480.5535478050001,,,638.3,351.06,1180.86,95.0,Watch,64.57,61.98,-0.0047,"[""ath"", ""atl"", ""cagr"", ""cls"", ""cmd"", ""compRank"", ""compScore"", ""conf"", ""convTier"", ""covStatus"", ""dd"", ""ddPct"", ""ff"", ""firstObs"", ""hist"", ""id"", ""masters"", ""med5"", ""mom"", ""momPct"", ""momState"", ""mos"", ""name"", ""obs"", ""p05"", ""p95"", ""pDbl"", ""pLoss"", ""persist"", ""posRatio"", ""price"", ""r3"", ""r365"", ""r6"", ""ras"", ""rasPct"", ""rating"", ""recScore"", ""regime"", ""retPct"", ""riskRating"", ""riskScore"", ""rl"", ""score"", ""set"", ""signal"", ""stage"", ""target"", ""trend"", ""type"", ""ub"", ""vol"", ""vsT""]"
booster,TCGCSV-23444-541179,541179,Modern Horizons 3 Collector Booster Display,modern horizons 3 collector booster display,Collector Booster Display,722.99,,0.1448,,0.5612,827.6789520000001,,,1084.7287541929422,,,1421.61,781.89,2629.98,95.0,Speculative,64.36,,0.0,"[""ath"", ""atl"", ""cagr"", ""cls"", ""cmd"", ""compRank"", ""compScore"", ""conf"", ""convTier"", ""covStatus"", ""dd"", ""ddPct"", ""ff"", ""firstObs"", ""hist"", ""id"", ""masters"", ""med5"", ""mom"", ""momPct"", ""momState"", ""mos"", ""name"", ""obs"", ""p05"", ""p95"", ""pDbl"", ""pLoss"", ""persist"", ""posRatio"", ""price"", ""r3"", ""r365"", ""r6"", ""ras"", ""rasPct"", ""rating"", ""recScore"", ""regime"", ""retPct"", ""riskRating"", ""riskScore"", ""rl"", ""score"", ""set"", ""signal"", ""stage"", ""target"", ""trend"", ""type"", ""ub"", ""vol"", ""vsT""]"
booster,TCGCSV-98-34678,34678,Rise of the Eldrazi - Booster Box,rise of the eldrazi booster display,Draft/Traditional Booster Display,1257.6,,0.1367,,0.0477,1429.5139199999999,,,1847.0561951045088,,,2386.56,1312.61,4415.14,95.0,Speculative,62.69,33.67,-0.0356,"[""ath"", ""atl"", ""cagr"", ""cls"", ""cmd"", ""compRank"", ""compScore"", ""conf"", ""convTier"", ""covStatus"", ""dd"", ""ddPct"", ""ff"", ""firstObs"", ""hist"", ""id"", ""masters"", ""med5"", ""mom"", ""momPct"", ""momState"", ""mos"", ""name"", ""obs"", ""p05"", ""p95"", ""pDbl"", ""pLoss"", ""persist"", ""posRatio"", ""price"", ""r3"", ""r365"", ""r6"", ""ras"", ""rasPct"", ""rating"", ""recScore"", ""regime"", ""retPct"", ""riskRating"", ""riskScore"", ""rl"", ""score"", ""set"", ""signal"", ""stage"", ""target"", ""trend"", ""type"", ""ub"", ""vol"", ""vsT""]"
booster,TCGCSV-112-27311,27311,Torment - Booster Box,torment booster display,Draft/Traditional Booster Display,1039.02,,0.135,,-0.0359,1179.2877,,,1519.1878973325001,,,1957.06,1076.38,3620.56,95.0,Speculative,62.67,,-0.104,"[""ath"", ""atl"", ""cagr"", ""cls"", ""cmd"", ""compRank"", ""compScore"", ""conf"", ""convTier"", ""covStatus"", ""dd"", ""ddPct"", ""ff"", ""firstObs"", ""hist"", ""id"", ""masters"", ""med5"", ""mom"", ""momPct"", ""momState"", ""mos"", ""name"", ""obs"", ""p05"", ""p95"", ""pDbl"", ""pLoss"", ""persist"", ""posRatio"", ""price"", ""r3"", ""r365"", ""r6"", ""ras"", ""rasPct"", ""rating"", ""recScore"", ""regime"", ""retPct"", ""riskRating"", ""riskScore"", ""rl"", ""score"", ""set"", ""signal"", ""stage"", ""target"", ""trend"", ""type"", ""ub"", ""vol"", ""vsT""]"
booster,TCGCSV-23446-541225,541225,Universes Beyond: Assassin's Creed Collector Booster Display,universes beyond assassin s creed collector booster display,Collector Booster Display,430.16,,0.1464,,0.5266,493.13542400000006,,,648.0948279643752,,,851.75,468.46,1575.74,95.0,Speculative,64.11,,0.0,"[""ath"", ""atl"", ""cagr"", ""cls"", ""cmd"", ""compRank"", ""compScore"", ""conf"", ""convTier"", ""covStatus"", ""dd"", ""ddPct"", ""ff"", ""firstObs"", ""hist"", ""id"", ""masters"", ""med5"", ""mom"", ""momPct"", ""momState"", ""mos"", ""name"", ""obs"", ""p05"", ""p95"", ""pDbl"", ""pLoss"", ""persist"", ""posRatio"", ""price"", ""r3"", ""r365"", ""r6"", ""ras"", ""rasPct"", ""rating"", ""recScore"", ""regime"", ""retPct"", ""riskRating"", ""riskScore"", ""rl"", ""score"", ""set"", ""signal"", ""stage"", ""target"", ""trend"", ""type"", ""ub"", ""vol"", ""vsT""]"
booster,TCGCSV-2043-141989,141989,Ixalan - Booster Box,ixalan booster display,Draft/Traditional Booster Display,219.23,,0.1441,,0.6029,250.82104299999997,,,328.3159188944967,,,429.75,236.36,795.04,95.0,Speculative,63.31,51.1,0.0,"[""ath"", ""atl"", ""cagr"", ""cls"", ""cmd"", ""compRank"", ""compScore"", ""conf"", ""convTier"", ""covStatus"", ""dd"", ""ddPct"", ""ff"", ""firstObs"", ""hist"", ""id"", ""masters"", ""med5"", ""mom"", ""momPct"", ""momState"", ""mos"", ""name"", ""obs"", ""p05"", ""p95"", ""pDbl"", ""pLoss"", ""persist"", ""posRatio"", ""price"", ""r3"", ""r365"", ""r6"", ""ras"", ""rasPct"", ""rating"", ""recScore"", ""regime"", ""retPct"", ""riskRating"", ""riskScore"", ""rl"", ""score"", ""set"", ""signal"", ""stage"", ""target"", ""trend"", ""type"", ""ub"", ""vol"", ""vsT""]"
booster,TCGCSV-23337-523185,523185,Universes Beyond: Fallout Collector Booster Display,universes beyond fallout collector booster display,Collector Booster Display,1702.12,,0.1459,,0.7476,1950.4593079999997,,,2561.1223907765266,,,3362.98,1849.64,6221.51,95.0,Speculative,63.98,,0.0,"[""ath"", ""atl"", ""cagr"", ""cls"", ""cmd"", ""compRank"", ""compScore"", ""conf"", ""convTier"", ""covStatus"", ""dd"", ""ddPct"", ""ff"", ""firstObs"", ""hist"", ""id"", ""masters"", ""med5"", ""mom"", ""momPct"", ""momState"", ""mos"", ""name"", ""obs"", ""p05"", ""p95"", ""pDbl"", ""pLoss"", ""persist"", ""posRatio"", ""price"", ""r3"", ""r365"", ""r6"", ""ras"", ""rasPct"", ""rating"", ""recScore"", ""regime"", ""retPct"", ""riskRating"", ""riskScore"", ""rl"", ""score"", ""set"", ""signal"", ""stage"", ""target"", ""trend"", ""type"", ""ub"", ""vol"", ""vsT""]"
booster,TCGCSV-94-27301,27301,Prophecy - Booster Box,prophecy booster display,Draft/Traditional Booster Display,1823.5,,0.1507,,1.2794,2098.30145,,,2778.3829611272113,,,3678.89,2023.39,6805.95,95.0,Watch,63.97,70.65,0.0,"[""ath"", ""atl"", ""cagr"", ""cls"", ""cmd"", ""compRank"", ""compScore"", ""conf"", ""convTier"", ""covStatus"", ""dd"", ""ddPct"", ""ff"", ""firstObs"", ""hist"", ""id"", ""masters"", ""med5"", ""mom"", ""momPct"", ""momState"", ""mos"", ""name"", ""obs"", ""p05"", ""p95"", ""pDbl"", ""pLoss"", ""persist"", ""posRatio"", ""price"", ""r3"", ""r365"", ""r6"", ""ras"", ""rasPct"", ""rating"", ""recScore"", ""regime"", ""retPct"", ""riskRating"", ""riskScore"", ""rl"", ""score"", ""set"", ""signal"", ""stage"", ""target"", ""trend"", ""type"", ""ub"", ""vol"", ""vsT""]"
booster,TCGCSV-2290-182892,182892,Guilds of Ravnica - Theme Booster Display Box,guilds of ravnica theme booster display box,Draft/Traditional Booster Display,59.0,,0.1421,,0.1802,67.38390000000001,,,87.89504771619903,,,114.65,63.06,212.1,95.0,Speculative,63.92,,-0.3978,"[""ath"", ""atl"", ""cagr"", ""cls"", ""cmd"", ""compRank"", ""compScore"", ""conf"", ""convTier"", ""covStatus"", ""dd"", ""ddPct"", ""ff"", ""firstObs"", ""hist"", ""id"", ""masters"", ""med5"", ""mom"", ""momPct"", ""momState"", ""mos"", ""name"", ""obs"", ""p05"", ""p95"", ""pDbl"", ""pLoss"", ""persist"", ""posRatio"", ""price"", ""r3"", ""r365"", ""r6"", ""ras"", ""rasPct"", ""rating"", ""recScore"", ""regime"", ""retPct"", ""riskRating"", ""riskScore"", ""rl"", ""score"", ""set"", ""signal"", ""stage"", ""target"", ""trend"", ""type"", ""ub"", ""vol"", ""vsT""]"
booster,TCGCSV-24421-648650,648650,Avatar: The Last Airbender Collector Booster Display,avatar the last airbender collector booster display,Collector Booster Display,424.65,,0.1421,,,484.992765,,,632.6208815709139,,,825.19,453.85,1526.6,95.0,Speculative,63.89,,-0.5304,"[""ath"", ""atl"", ""cagr"", ""cls"", ""cmd"", ""compRank"", ""compScore"", ""conf"", ""convTier"", ""covStatus"", ""dd"", ""ddPct"", ""ff"", ""firstObs"", ""hist"", ""id"", ""masters"", ""med5"", ""mom"", ""momPct"", ""momState"", ""mos"", ""name"", ""obs"", ""p05"", ""p95"", ""pDbl"", ""pLoss"", ""persist"", ""posRatio"", ""price"", ""r3"", ""r365"", ""r6"", ""ras"", ""rasPct"", ""rating"", ""recScore"", ""regime"", ""retPct"", ""riskRating"", ""riskScore"", ""rl"", ""score"", ""set"", ""signal"", ""stage"", ""target"", ""trend"", ""type"", ""ub"", ""vol"", ""vsT""]"
booster,TCGCSV-3047-267023,267023,Commander Legends: Battle for Baldur's Gate Collector Booster Display,commander legends battle for baldur s gate collector booster display,Collector Booster Display,581.65,,0.1504,,1.0492,669.13016,,,885.5403434080257,,,1171.94,644.57,2168.09,95.0,Speculative,63.89,67.01,0.0,"[""ath"", ""atl"", ""cagr"", ""cls"", ""cmd"", ""compRank"", ""compScore"", ""conf"", ""convTier"", ""covStatus"", ""dd"", ""ddPct"", ""ff"", ""firstObs"", ""hist"", ""id"", ""masters"", ""med5"", ""mom"", ""momPct"", ""momState"", ""mos"", ""name"", ""obs"", ""p05"", ""p95"", ""pDbl"", ""pLoss"", ""persist"", ""posRatio"", ""price"", ""r3"", ""r365"", ""r6"", ""ras"", ""rasPct"", ""rating"", ""recScore"", ""regime"", ""retPct"", ""riskRating"", ""riskScore"", ""rl"", ""score"", ""set"", ""signal"", ""stage"", ""target"", ""trend"", ""type"", ""ub"", ""vol"", ""vsT""]"
booster,TCGCSV-2603-208279,208279,Ikoria: Lair of Behemoths Collector Booster Display,ikoria lair of behemoths collector booster display,Collector Booster Display,561.43,,0.1433,,0.5787,641.8829189999999,,,839.0275587199437,,,1096.72,603.2,2028.93,95.0,Speculative,63.05,47.58,0.0,"[""ath"", ""atl"", ""cagr"", ""cls"", ""cmd"", ""compRank"", ""compScore"", ""conf"", ""convTier"", ""covStatus"", ""dd"", ""ddPct"", ""ff"", ""firstObs"", ""hist"", ""id"", ""masters"", ""med5"", ""mom"", ""momPct"", ""momState"", ""mos"", ""name"", ""obs"", ""p05"", ""p95"", ""pDbl"", ""pLoss"", ""persist"", ""posRatio"", ""price"", ""r3"", ""r365"", ""r6"", ""ras"", ""rasPct"", ""rating"", ""recScore"", ""regime"", ""retPct"", ""riskRating"", ""riskScore"", ""rl"", ""score"", ""set"", ""signal"", ""stage"", ""target"", ""trend"", ""type"", ""ub"", ""vol"", ""vsT""]"
booster,TCGCSV-103-28640,28640,Shards of Alara - Booster Box,shards of alara booster display,Draft/Traditional Booster Display,708.5,,0.1349,,-0.008,804.07665,,,1035.6491250874667,,,1333.91,733.65,2467.73,95.0,Speculative,62.25,,-0.0536,"[""ath"", ""atl"", ""cagr"", ""cls"", ""cmd"", ""compRank"", ""compScore"", ""conf"", ""convTier"", ""covStatus"", ""dd"", ""ddPct"", ""ff"", ""firstObs"", ""hist"", ""id"", ""masters"", ""med5"", ""mom"", ""momPct"", ""momState"", ""mos"", ""name"", ""obs"", ""p05"", ""p95"", ""pDbl"", ""pLoss"", ""persist"", ""posRatio"", ""price"", ""r3"", ""r365"", ""r6"", ""ras"", ""rasPct"", ""rating"", ""recScore"", ""regime"", ""retPct"", ""riskRating"", ""riskScore"", ""rl"", ""score"", ""set"", ""signal"", ""stage"", ""target"", ""trend"", ""type"", ""ub"", ""vol"", ""vsT""]"
booster,TCGCSV-23312-516619,516619,The Lost Caverns of Ixalan - Draft Booster Display,the lost caverns of ixalan draft booster display,Draft/Traditional Booster Display,217.58,,0.1498,,1.0447,250.173484,,,330.7393627942993,,,437.25,240.49,808.91,95.0,Speculative,63.7,69.12,0.0,"[""ath"", ""atl"", ""cagr"", ""cls"", ""cmd"", ""compRank"", ""compScore"", ""conf"", ""convTier"", ""covStatus"", ""dd"", ""ddPct"", ""ff"", ""firstObs"", ""hist"", ""id"", ""masters"", ""med5"", ""mom"", ""momPct"", ""momState"", ""mos"", ""name"", ""obs"", ""p05"", ""p95"", ""pDbl"", ""pLoss"", ""persist"", ""posRatio"", ""price"", ""r3"", ""r365"", ""r6"", ""ras"", ""rasPct"", ""rating"", ""recScore"", ""regime"", ""retPct"", ""riskRating"", ""riskScore"", ""rl"", ""score"", ""set"", ""signal"", ""stage"", ""target"", ""trend"", ""type"", ""ub"", ""vol"", ""vsT""]"
booster,TCGCSV-55-27281,27281,Guildpact - Booster Box,guildpact booster display,Draft/Traditional Booster Display,597.26,,0.1374,,0.046,679.323524,,,878.8264141671501,,,1136.92,625.31,2103.3,95.0,Speculative,62.91,40.56,-0.2268,"[""ath"", ""atl"", ""cagr"", ""cls"", ""cmd"", ""compRank"", ""compScore"", ""conf"", ""convTier"", ""covStatus"", ""dd"", ""ddPct"", ""ff"", ""firstObs"", ""hist"", ""id"", ""masters"", ""med5"", ""mom"", ""momPct"", ""momState"", ""mos"", ""name"", ""obs"", ""p05"", ""p95"", ""pDbl"", ""pLoss"", ""persist"", ""posRatio"", ""price"", ""r3"", ""r365"", ""r6"", ""ras"", ""rasPct"", ""rating"", ""recScore"", ""regime"", ""retPct"", ""riskRating"", ""riskScore"", ""rl"", ""score"", ""set"", ""signal"", ""stage"", ""target"", ""trend"", ""type"", ""ub"", ""vol"", ""vsT""]"
booster,TCGCSV-3026-264767,264767,Streets of New Capenna Collector Booster Display,streets of new capenna collector booster display,Collector Booster Display,247.41,,0.1424,,0.4675,282.641184,,,368.8687232984679,,,481.4,264.77,890.59,95.0,Speculative,62.78,52.09,-0.0001,"[""ath"", ""atl"", ""cagr"", ""cls"", ""cmd"", ""compRank"", ""compScore"", ""conf"", ""convTier"", ""covStatus"", ""dd"", ""ddPct"", ""ff"", ""firstObs"", ""hist"", ""id"", ""masters"", ""med5"", ""mom"", ""momPct"", ""momState"", ""mos"", ""name"", ""obs"", ""p05"", ""p95"", ""pDbl"", ""pLoss"", ""persist"", ""posRatio"", ""price"", ""r3"", ""r365"", ""r6"", ""ras"", ""rasPct"", ""rating"", ""recScore"", ""regime"", ""retPct"", ""riskRating"", ""riskScore"", ""rl"", ""score"", ""set"", ""signal"", ""stage"", ""target"", ""trend"", ""type"", ""ub"", ""vol"", ""vsT""]"
booster,TCGCSV-51-27280,27280,Future Sight - Booster Box,future sight booster display,Draft/Traditional Booster Display,1266.67,,0.1407,,-0.0093,1444.8904690000002,,,1880.0864066972542,,,2446.36,1345.5,4525.77,95.0,Speculative,63.47,,-0.463,"[""ath"", ""atl"", ""cagr"", ""cls"", ""cmd"", ""compRank"", ""compScore"", ""conf"", ""convTier"", ""covStatus"", ""dd"", ""ddPct"", ""ff"", ""firstObs"", ""hist"", ""id"", ""masters"", ""med5"", ""mom"", ""momPct"", ""momState"", ""mos"", ""name"", ""obs"", ""p05"", ""p95"", ""pDbl"", ""pLoss"", ""persist"", ""posRatio"", ""price"", ""r3"", ""r365"", ""r6"", ""ras"", ""rasPct"", ""rating"", ""recScore"", ""regime"", ""retPct"", ""riskRating"", ""riskScore"", ""rl"", ""score"", ""set"", ""signal"", ""stage"", ""target"", ""trend"", ""type"", ""ub"", ""vol"", ""vsT""]"
booster,TCGCSV-3026-265347,265347,Streets of New Capenna - Theme Booster Display,streets of new capenna theme booster display,Draft/Traditional Booster Display,72.0,,0.148,,0.2975,82.65599999999999,,,108.93267302399997,,,143.56,78.96,265.59,95.0,Speculative,63.26,,-0.0171,"[""ath"", ""atl"", ""cagr"", ""cls"", ""cmd"", ""compRank"", ""compScore"", ""conf"", ""convTier"", ""covStatus"", ""dd"", ""ddPct"", ""ff"", ""firstObs"", ""hist"", ""id"", ""masters"", ""med5"", ""mom"", ""momPct"", ""momState"", ""mos"", ""name"", ""obs"", ""p05"", ""p95"", ""pDbl"", ""pLoss"", ""persist"", ""posRatio"", ""price"", ""r3"", ""r365"", ""r6"", ""ras"", ""rasPct"", ""rating"", ""recScore"", ""regime"", ""retPct"", ""riskRating"", ""riskScore"", ""rl"", ""score"", ""set"", ""signal"", ""stage"", ""target"", ""trend"", ""type"", ""ub"", ""vol"", ""vsT""]"
booster,TCGCSV-570-67751,67751,Dragon's Maze - Booster Box,dragon s maze booster display,Draft/Traditional Booster Display,134.04,,0.1345,,0.1602,152.06838,,,195.72572923129502,,,251.92,138.56,466.05,95.0,Speculative,61.74,,-0.0039,"[""ath"", ""atl"", ""cagr"", ""cls"", ""cmd"", ""compRank"", ""compScore"", ""conf"", ""convTier"", ""covStatus"", ""dd"", ""ddPct"", ""ff"", ""firstObs"", ""hist"", ""id"", ""masters"", ""med5"", ""mom"", ""momPct"", ""momState"", ""mos"", ""name"", ""obs"", ""p05"", ""p95"", ""pDbl"", ""pLoss"", ""persist"", ""posRatio"", ""price"", ""r3"", ""r365"", ""r6"", ""ras"", ""rasPct"", ""rating"", ""recScore"", ""regime"", ""retPct"", ""riskRating"", ""riskScore"", ""rl"", ""score"", ""set"", ""signal"", ""stage"", ""target"", ""trend"", ""type"", ""ub"", ""vol"", ""vsT""]"
booster,TCGCSV-23020-484924,484924,Commander Masters - Draft Booster Box,commander masters draft booster display,Masters Booster Display,540.56,,0.1423,,0.7965,617.481688,,,805.7205421748017,,,1051.34,578.24,1944.98,95.0,Speculative,63.21,,0.0,"[""ath"", ""atl"", ""cagr"", ""cls"", ""cmd"", ""compRank"", ""compScore"", ""conf"", ""convTier"", ""covStatus"", ""dd"", ""ddPct"", ""ff"", ""firstObs"", ""hist"", ""id"", ""masters"", ""med5"", ""mom"", ""momPct"", ""momState"", ""mos"", ""name"", ""obs"", ""p05"", ""p95"", ""pDbl"", ""pLoss"", ""persist"", ""posRatio"", ""price"", ""r3"", ""r365"", ""r6"", ""ras"", ""rasPct"", ""rating"", ""recScore"", ""regime"", ""retPct"", ""riskRating"", ""riskScore"", ""rl"", ""score"", ""set"", ""signal"", ""stage"", ""target"", ""trend"", ""type"", ""ub"", ""vol"", ""vsT""]"
booster,TCGCSV-3070-271506,271506,Double Masters 2022 - Draft Booster Box,double masters 2022 draft booster display,Masters Booster Display,485.24,,0.1392,,0.4273,552.785408,,,717.3919894352691,,,931.01,512.06,1722.37,95.0,Speculative,63.19,,0.0,"[""ath"", ""atl"", ""cagr"", ""cls"", ""cmd"", ""compRank"", ""compScore"", ""conf"", ""convTier"", ""covStatus"", ""dd"", ""ddPct"", ""ff"", ""firstObs"", ""hist"", ""id"", ""masters"", ""med5"", ""mom"", ""momPct"", ""momState"", ""mos"", ""name"", ""obs"", ""p05"", ""p95"", ""pDbl"", ""pLoss"", ""persist"", ""posRatio"", ""price"", ""r3"", ""r365"", ""r6"", ""ras"", ""rasPct"", ""rating"", ""recScore"", ""regime"", ""retPct"", ""riskRating"", ""riskScore"", ""rl"", ""score"", ""set"", ""signal"", ""stage"", ""target"", ""trend"", ""type"", ""ub"", ""vol"", ""vsT""]"
booster,TCGCSV-122-34468,34468,Worldwake - Booster Box,worldwake booster display,Draft/Traditional Booster Display,1249.99,,0.1454,,0.4911,1431.738546,,,1878.3567288559532,,,2464.29,1355.36,4558.94,95.0,Speculative,63.05,,-0.0975,"[""ath"", ""atl"", ""cagr"", ""cls"", ""cmd"", ""compRank"", ""compScore"", ""conf"", ""convTier"", ""covStatus"", ""dd"", ""ddPct"", ""ff"", ""firstObs"", ""hist"", ""id"", ""masters"", ""med5"", ""mom"", ""momPct"", ""momState"", ""mos"", ""name"", ""obs"", ""p05"", ""p95"", ""pDbl"", ""pLoss"", ""persist"", ""posRatio"", ""price"", ""r3"", ""r365"", ""r6"", ""ras"", ""rasPct"", ""rating"", ""recScore"", ""regime"", ""retPct"", ""riskRating"", ""riskScore"", ""rl"", ""score"", ""set"", ""signal"", ""stage"", ""target"", ""trend"", ""type"", ""ub"", ""vol"", ""vsT""]"
booster,TCGCSV-2864-244379,244379,Innistrad: Midnight Hunt - Draft Booster Box,innistrad midnight hunt draft booster display,Draft/Traditional Booster Display,128.77,,0.1407,,0.3769,146.88793900000002,,,191.13007065013417,,,248.7,136.78,460.1,95.0,Speculative,62.26,49.91,0.0,"[""ath"", ""atl"", ""cagr"", ""cls"", ""cmd"", ""compRank"", ""compScore"", ""conf"", ""convTier"", ""covStatus"", ""dd"", ""ddPct"", ""ff"", ""firstObs"", ""hist"", ""id"", ""masters"", ""med5"", ""mom"", ""momPct"", ""momState"", ""mos"", ""name"", ""obs"", ""p05"", ""p95"", ""pDbl"", ""pLoss"", ""persist"", ""posRatio"", ""price"", ""r3"", ""r365"", ""r6"", ""ras"", ""rasPct"", ""rating"", ""recScore"", ""regime"", ""retPct"", ""riskRating"", ""riskScore"", ""rl"", ""score"", ""set"", ""signal"", ""stage"", ""target"", ""trend"", ""type"", ""ub"", ""vol"", ""vsT""]"
booster,TCGCSV-1740-114832,114832,Eternal Masters - Booster Box,eternal masters booster display,Masters Booster Display,542.2,,0.1407,,0.3293,618.4875400000001,,,804.7738161567348,,,1047.17,575.94,1937.26,95.0,Speculative,62.25,41.4,0.0,"[""ath"", ""atl"", ""cagr"", ""cls"", ""cmd"", ""compRank"", ""compScore"", ""conf"", ""convTier"", ""covStatus"", ""dd"", ""ddPct"", ""ff"", ""firstObs"", ""hist"", ""id"", ""masters"", ""med5"", ""mom"", ""momPct"", ""momState"", ""mos"", ""name"", ""obs"", ""p05"", ""p95"", ""pDbl"", ""pLoss"", ""persist"", ""posRatio"", ""price"", ""r3"", ""r365"", ""r6"", ""ras"", ""rasPct"", ""rating"", ""recScore"", ""regime"", ""retPct"", ""riskRating"", ""riskScore"", ""rl"", ""score"", ""set"", ""signal"", ""stage"", ""target"", ""trend"", ""type"", ""ub"", ""vol"", ""vsT""]"
booster,TCGCSV-125-57584,57584,Dark Ascension - Booster Box,dark ascension booster display,Draft/Traditional Booster Display,227.9,,0.1407,,0.294,259.96553,,,338.26623515698975,,,440.15,242.08,814.28,95.0,Speculative,62.24,42.62,0.0,"[""ath"", ""atl"", ""cagr"", ""cls"", ""cmd"", ""compRank"", ""compScore"", ""conf"", ""convTier"", ""covStatus"", ""dd"", ""ddPct"", ""ff"", ""firstObs"", ""hist"", ""id"", ""masters"", ""med5"", ""mom"", ""momPct"", ""momState"", ""mos"", ""name"", ""obs"", ""p05"", ""p95"", ""pDbl"", ""pLoss"", ""persist"", ""posRatio"", ""price"", ""r3"", ""r365"", ""r6"", ""ras"", ""rasPct"", ""rating"", ""recScore"", ""regime"", ""retPct"", ""riskRating"", ""riskScore"", ""rl"", ""score"", ""set"", ""signal"", ""stage"", ""target"", ""trend"", ""type"", ""ub"", ""vol"", ""vsT""]"
booster,TCGCSV-24245-621110,621110,Marvel's Spider-Man Collector Booster Display,marvel s spider man collector booster display,Collector Booster Display,367.52,,0.1389,,-0.5081,418.568528,,,542.9223955884949,,,704.22,387.32,1302.81,95.0,Speculative,62.89,,-0.584,"[""ath"", ""atl"", ""cagr"", ""cls"", ""cmd"", ""compRank"", ""compScore"", ""conf"", ""convTier"", ""covStatus"", ""dd"", ""ddPct"", ""ff"", ""firstObs"", ""hist"", ""id"", ""masters"", ""med5"", ""mom"", ""momPct"", ""momState"", ""mos"", ""name"", ""obs"", ""p05"", ""p95"", ""pDbl"", ""pLoss"", ""persist"", ""posRatio"", ""price"", ""r3"", ""r365"", ""r6"", ""ras"", ""rasPct"", ""rating"", ""recScore"", ""regime"", ""retPct"", ""riskRating"", ""riskScore"", ""rl"", ""score"", ""set"", ""signal"", ""stage"", ""target"", ""trend"", ""type"", ""ub"", ""vol"", ""vsT""]"
booster,TCGCSV-2648-220423,220423,Zendikar Rising Collector Booster Display,zendikar rising collector booster display,Collector Booster Display,370.37,,0.14,,0.4049,422.22180000000003,,,548.7194512800002,,,713.12,392.22,1319.27,95.0,Speculative,62.04,49.2,0.0,"[""ath"", ""atl"", ""cagr"", ""cls"", ""cmd"", ""compRank"", ""compScore"", ""conf"", ""convTier"", ""covStatus"", ""dd"", ""ddPct"", ""ff"", ""firstObs"", ""hist"", ""id"", ""masters"", ""med5"", ""mom"", ""momPct"", ""momState"", ""mos"", ""name"", ""obs"", ""p05"", ""p95"", ""pDbl"", ""pLoss"", ""persist"", ""posRatio"", ""price"", ""r3"", ""r365"", ""r6"", ""ras"", ""rasPct"", ""rating"", ""recScore"", ""regime"", ""retPct"", ""riskRating"", ""riskScore"", ""rl"", ""score"", ""set"", ""signal"", ""stage"", ""target"", ""trend"", ""type"", ""ub"", ""vol"", ""vsT""]"
booster,TCGCSV-2653-214818,214818,Core Set 2021 Collector Booster Display,core set 2021 collector booster display,Collector Booster Display,403.03,,0.1469,,0.58,462.23510699999997,,,608.0146347739683,,,799.77,439.87,1479.57,95.0,Speculative,62.78,68.49,0.0,"[""ath"", ""atl"", ""cagr"", ""cls"", ""cmd"", ""compRank"", ""compScore"", ""conf"", ""convTier"", ""covStatus"", ""dd"", ""ddPct"", ""ff"", ""firstObs"", ""hist"", ""id"", ""masters"", ""med5"", ""mom"", ""momPct"", ""momState"", ""mos"", ""name"", ""obs"", ""p05"", ""p95"", ""pDbl"", ""pLoss"", ""persist"", ""posRatio"", ""price"", ""r3"", ""r365"", ""r6"", ""ras"", ""rasPct"", ""rating"", ""recScore"", ""regime"", ""retPct"", ""riskRating"", ""riskScore"", ""rl"", ""score"", ""set"", ""signal"", ""stage"", ""target"", ""trend"", ""type"", ""ub"", ""vol"", ""vsT""]"
booster,TCGCSV-4-27260,27260,9th Edition - Booster Box,9th edition booster display,Draft/Traditional Booster Display,1124.5,,0.1468,,0.4994,1289.5766,,,1695.9869749883842,,,2230.48,1226.76,4126.39,95.0,Speculative,62.75,,0.0,"[""ath"", ""atl"", ""cagr"", ""cls"", ""cmd"", ""compRank"", ""compScore"", ""conf"", ""convTier"", ""covStatus"", ""dd"", ""ddPct"", ""ff"", ""firstObs"", ""hist"", ""id"", ""masters"", ""med5"", ""mom"", ""momPct"", ""momState"", ""mos"", ""name"", ""obs"", ""p05"", ""p95"", ""pDbl"", ""pLoss"", ""persist"", ""posRatio"", ""price"", ""r3"", ""r365"", ""r6"", ""ras"", ""rasPct"", ""rating"", ""recScore"", ""regime"", ""retPct"", ""riskRating"", ""riskScore"", ""rl"", ""score"", ""set"", ""signal"", ""stage"", ""target"", ""trend"", ""type"", ""ub"", ""vol"", ""vsT""]"
booster,TCGCSV-102-27306,27306,Shadowmoor - Booster Box,shadowmoor booster display,Draft/Traditional Booster Display,1399.91,,0.1347,,0.0455,1588.4778770000003,,,2045.235302627097,,,2633.33,1448.33,4871.66,95.0,Speculative,61.94,,-0.2089,"[""ath"", ""atl"", ""cagr"", ""cls"", ""cmd"", ""compRank"", ""compScore"", ""conf"", ""convTier"", ""covStatus"", ""dd"", ""ddPct"", ""ff"", ""firstObs"", ""hist"", ""id"", ""masters"", ""med5"", ""mom"", ""momPct"", ""momState"", ""mos"", ""name"", ""obs"", ""p05"", ""p95"", ""pDbl"", ""pLoss"", ""persist"", ""posRatio"", ""price"", ""r3"", ""r365"", ""r6"", ""ras"", ""rasPct"", ""rating"", ""recScore"", ""regime"", ""retPct"", ""riskRating"", ""riskScore"", ""rl"", ""score"", ""set"", ""signal"", ""stage"", ""target"", ""trend"", ""type"", ""ub"", ""vol"", ""vsT""]"
booster,TCGCSV-1879-127069,127069,Modern Masters 2017 - Booster Box,modern masters 2017 booster display,Masters Booster Display,320.29,,0.1397,,0.16,365.034513,,,474.1492023410141,,,615.88,338.73,1139.38,95.0,Speculative,61.93,49.5,0.0,"[""ath"", ""atl"", ""cagr"", ""cls"", ""cmd"", ""compRank"", ""compScore"", ""conf"", ""convTier"", ""covStatus"", ""dd"", ""ddPct"", ""ff"", ""firstObs"", ""hist"", ""id"", ""masters"", ""med5"", ""mom"", ""momPct"", ""momState"", ""mos"", ""name"", ""obs"", ""p05"", ""p95"", ""pDbl"", ""pLoss"", ""persist"", ""posRatio"", ""price"", ""r3"", ""r365"", ""r6"", ""ras"", ""rasPct"", ""rating"", ""recScore"", ""regime"", ""retPct"", ""riskRating"", ""riskScore"", ""rl"", ""score"", ""set"", ""signal"", ""stage"", ""target"", ""trend"", ""type"", ""ub"", ""vol"", ""vsT""]"
booster,TCGCSV-2189-157857,157857,Masters 25 - Booster Box,masters 25 booster display,Masters Booster Display,301.33,,0.1394,,0.6016,343.335402,,,445.72912921000864,,,578.66,318.26,1070.52,95.0,Speculative,61.86,46.54,0.0,"[""ath"", ""atl"", ""cagr"", ""cls"", ""cmd"", ""compRank"", ""compScore"", ""conf"", ""convTier"", ""covStatus"", ""dd"", ""ddPct"", ""ff"", ""firstObs"", ""hist"", ""id"", ""masters"", ""med5"", ""mom"", ""momPct"", ""momState"", ""mos"", ""name"", ""obs"", ""p05"", ""p95"", ""pDbl"", ""pLoss"", ""persist"", ""posRatio"", ""price"", ""r3"", ""r365"", ""r6"", ""ras"", ""rasPct"", ""rating"", ""recScore"", ""regime"", ""retPct"", ""riskRating"", ""riskScore"", ""rl"", ""score"", ""set"", ""signal"", ""stage"", ""target"", ""trend"", ""type"", ""ub"", ""vol"", ""vsT""]"
booster,TCGCSV-1791-121527,121527,Kaladesh - Booster Box,kaladesh booster display,Draft/Traditional Booster Display,483.55,,0.1404,,0.2151,551.44042,,,717.1549717255074,,,932.67,512.97,1725.44,95.0,Speculative,62.61,,-0.2493,"[""ath"", ""atl"", ""cagr"", ""cls"", ""cmd"", ""compRank"", ""compScore"", ""conf"", ""convTier"", ""covStatus"", ""dd"", ""ddPct"", ""ff"", ""firstObs"", ""hist"", ""id"", ""masters"", ""med5"", ""mom"", ""momPct"", ""momState"", ""mos"", ""name"", ""obs"", ""p05"", ""p95"", ""pDbl"", ""pLoss"", ""persist"", ""posRatio"", ""price"", ""r3"", ""r365"", ""r6"", ""ras"", ""rasPct"", ""rating"", ""recScore"", ""regime"", ""retPct"", ""riskRating"", ""riskScore"", ""rl"", ""score"", ""set"", ""signal"", ""stage"", ""target"", ""trend"", ""type"", ""ub"", ""vol"", ""vsT""]"
booster,TCGCSV-2653-214811,214811,Core Set 2021 - Booster Box,core set 2021 booster display,Draft/Traditional Booster Display,173.93,,0.1392,,0.5602,198.14105600000002,,,257.1428339017319,,,333.71,183.54,617.36,95.0,Speculative,61.79,,0.0,"[""ath"", ""atl"", ""cagr"", ""cls"", ""cmd"", ""compRank"", ""compScore"", ""conf"", ""convTier"", ""covStatus"", ""dd"", ""ddPct"", ""ff"", ""firstObs"", ""hist"", ""id"", ""masters"", ""med5"", ""mom"", ""momPct"", ""momState"", ""mos"", ""name"", ""obs"", ""p05"", ""p95"", ""pDbl"", ""pLoss"", ""persist"", ""posRatio"", ""price"", ""r3"", ""r365"", ""r6"", ""ras"", ""rasPct"", ""rating"", ""recScore"", ""regime"", ""retPct"", ""riskRating"", ""riskScore"", ""rl"", ""score"", ""set"", ""signal"", ""stage"", ""target"", ""trend"", ""type"", ""ub"", ""vol"", ""vsT""]"
booster,TCGCSV-23312-516614,516614,The Lost Caverns of Ixalan Collector Booster Display,the lost caverns of ixalan collector booster display,Collector Booster Display,929.16,,0.1461,,1.2356,1064.910276,,,1398.8077921195784,,,1837.4,1010.57,3399.19,95.0,Speculative,62.52,,0.0,"[""ath"", ""atl"", ""cagr"", ""cls"", ""cmd"", ""compRank"", ""compScore"", ""conf"", ""convTier"", ""covStatus"", ""dd"", ""ddPct"", ""ff"", ""firstObs"", ""hist"", ""id"", ""masters"", ""med5"", ""mom"", ""momPct"", ""momState"", ""mos"", ""name"", ""obs"", ""p05"", ""p95"", ""pDbl"", ""pLoss"", ""persist"", ""posRatio"", ""price"", ""r3"", ""r365"", ""r6"", ""ras"", ""rasPct"", ""rating"", ""recScore"", ""regime"", ""retPct"", ""riskRating"", ""riskScore"", ""rl"", ""score"", ""set"", ""signal"", ""stage"", ""target"", ""trend"", ""type"", ""ub"", ""vol"", ""vsT""]"
booster,TCGCSV-3102-275403,275403,Dominaria United - Draft Booster Box,dominaria united draft booster display,Draft/Traditional Booster Display,164.93,,0.146,,0.6251,189.00978,,,248.22956823047994,,,326.0,179.3,603.1,95.0,Speculative,62.5,,0.0,"[""ath"", ""atl"", ""cagr"", ""cls"", ""cmd"", ""compRank"", ""compScore"", ""conf"", ""convTier"", ""covStatus"", ""dd"", ""ddPct"", ""ff"", ""firstObs"", ""hist"", ""id"", ""masters"", ""med5"", ""mom"", ""momPct"", ""momState"", ""mos"", ""name"", ""obs"", ""p05"", ""p95"", ""pDbl"", ""pLoss"", ""persist"", ""posRatio"", ""price"", ""r3"", ""r365"", ""r6"", ""ras"", ""rasPct"", ""rating"", ""recScore"", ""regime"", ""retPct"", ""riskRating"", ""riskScore"", ""rl"", ""score"", ""set"", ""signal"", ""stage"", ""target"", ""trend"", ""type"", ""ub"", ""vol"", ""vsT""]"
booster,TCGCSV-1111-68104,68104,Modern Masters - Booster Box,modern masters booster display,Masters Booster Display,495.35,,0.1388,,0.2235,564.10458,,,731.5677343477153,,,948.74,521.81,1755.17,95.0,Speculative,61.67,47.47,0.0,"[""ath"", ""atl"", ""cagr"", ""cls"", ""cmd"", ""compRank"", ""compScore"", ""conf"", ""convTier"", ""covStatus"", ""dd"", ""ddPct"", ""ff"", ""firstObs"", ""hist"", ""id"", ""masters"", ""med5"", ""mom"", ""momPct"", ""momState"", ""mos"", ""name"", ""obs"", ""p05"", ""p95"", ""pDbl"", ""pLoss"", ""persist"", ""posRatio"", ""price"", ""r3"", ""r365"", ""r6"", ""ras"", ""rasPct"", ""rating"", ""recScore"", ""regime"", ""retPct"", ""riskRating"", ""riskScore"", ""rl"", ""score"", ""set"", ""signal"", ""stage"", ""target"", ""trend"", ""type"", ""ub"", ""vol"", ""vsT""]"
booster,TCGCSV-2441-188210,188210,Core Set 2020 - Booster Box,core set 2020 booster display,Draft/Traditional Booster Display,152.52,,0.1388,,0.3701,173.68977600000002,,,225.25226777574147,,,292.12,160.67,540.42,95.0,Speculative,61.66,46.84,0.0,"[""ath"", ""atl"", ""cagr"", ""cls"", ""cmd"", ""compRank"", ""compScore"", ""conf"", ""convTier"", ""covStatus"", ""dd"", ""ddPct"", ""ff"", ""firstObs"", ""hist"", ""id"", ""masters"", ""med5"", ""mom"", ""momPct"", ""momState"", ""mos"", ""name"", ""obs"", ""p05"", ""p95"", ""pDbl"", ""pLoss"", ""persist"", ""posRatio"", ""price"", ""r3"", ""r365"", ""r6"", ""ras"", ""rasPct"", ""rating"", ""recScore"", ""regime"", ""retPct"", ""riskRating"", ""riskScore"", ""rl"", ""score"", ""set"", ""signal"", ""stage"", ""target"", ""trend"", ""type"", ""ub"", ""vol"", ""vsT""]"
booster,TCGCSV-2942-255911,255911,Innistrad: Double Feature - Draft Booster Box,innistrad double feature draft booster display,Draft/Traditional Booster Display,214.45,,0.1386,,0.3148,244.17276999999999,,,316.54801098878926,,,410.38,225.71,759.2,95.0,Speculative,61.61,39.74,0.0,"[""ath"", ""atl"", ""cagr"", ""cls"", ""cmd"", ""compRank"", ""compScore"", ""conf"", ""convTier"", ""covStatus"", ""dd"", ""ddPct"", ""ff"", ""firstObs"", ""hist"", ""id"", ""masters"", ""med5"", ""mom"", ""momPct"", ""momState"", ""mos"", ""name"", ""obs"", ""p05"", ""p95"", ""pDbl"", ""pLoss"", ""persist"", ""posRatio"", ""price"", ""r3"", ""r365"", ""r6"", ""ras"", ""rasPct"", ""rating"", ""recScore"", ""regime"", ""retPct"", ""riskRating"", ""riskScore"", ""rl"", ""score"", ""set"", ""signal"", ""stage"", ""target"", ""trend"", ""type"", ""ub"", ""vol"", ""vsT""]"
booster,TCGCSV-124-32789,32789,Zendikar - Booster Box,zendikar booster display,Draft/Traditional Booster Display,862.18,,0.1344,,0.011,978.056992,,,1258.6257069966134,,,1619.68,890.82,2996.41,95.0,Speculative,61.55,38.61,-0.1685,"[""ath"", ""atl"", ""cagr"", ""cls"", ""cmd"", ""compRank"", ""compScore"", ""conf"", ""convTier"", ""covStatus"", ""dd"", ""ddPct"", ""ff"", ""firstObs"", ""hist"", ""id"", ""masters"", ""med5"", ""mom"", ""momPct"", ""momState"", ""mos"", ""name"", ""obs"", ""p05"", ""p95"", ""pDbl"", ""pLoss"", ""persist"", ""posRatio"", ""price"", ""r3"", ""r365"", ""r6"", ""ras"", ""rasPct"", ""rating"", ""recScore"", ""regime"", ""retPct"", ""riskRating"", ""riskScore"", ""rl"", ""score"", ""set"", ""signal"", ""stage"", ""target"", ""trend"", ""type"", ""ub"", ""vol"", ""vsT""]"
booster,TCGCSV-58-27283,27283,Ice Age - Booster Box,ice age booster display,Draft/Traditional Booster Display,1890.41,,0.1449,,0.9647,2164.330409,,,2836.9956644388685,,,3718.72,2045.3,6879.63,95.0,Speculative,62.22,,-0.0092,"[""ath"", ""atl"", ""cagr"", ""cls"", ""cmd"", ""compRank"", ""compScore"", ""conf"", ""convTier"", ""covStatus"", ""dd"", ""ddPct"", ""ff"", ""firstObs"", ""hist"", ""id"", ""masters"", ""med5"", ""mom"", ""momPct"", ""momState"", ""mos"", ""name"", ""obs"", ""p05"", ""p95"", ""pDbl"", ""pLoss"", ""persist"", ""posRatio"", ""price"", ""r3"", ""r365"", ""r6"", ""ras"", ""rasPct"", ""rating"", ""recScore"", ""regime"", ""retPct"", ""riskRating"", ""riskScore"", ""rl"", ""score"", ""set"", ""signal"", ""stage"", ""target"", ""trend"", ""type"", ""ub"", ""vol"", ""vsT""]"
booster,TCGCSV-27-27272,27272,Darksteel - Booster Box,darksteel booster display,Draft/Traditional Booster Display,993.66,,0.1391,,0.214,1131.878106,,,1468.667089505354,,,1905.67,1048.12,3525.49,95.0,Speculative,62.21,,-0.2501,"[""ath"", ""atl"", ""cagr"", ""cls"", ""cmd"", ""compRank"", ""compScore"", ""conf"", ""convTier"", ""covStatus"", ""dd"", ""ddPct"", ""ff"", ""firstObs"", ""hist"", ""id"", ""masters"", ""med5"", ""mom"", ""momPct"", ""momState"", ""mos"", ""name"", ""obs"", ""p05"", ""p95"", ""pDbl"", ""pLoss"", ""persist"", ""posRatio"", ""price"", ""r3"", ""r365"", ""r6"", ""ras"", ""rasPct"", ""rating"", ""recScore"", ""regime"", ""retPct"", ""riskRating"", ""riskScore"", ""rl"", ""score"", ""set"", ""signal"", ""stage"", ""target"", ""trend"", ""type"", ""ub"", ""vol"", ""vsT""]"
booster,TCGCSV-70-46957,46957,Magic 2012 (M12) - Booster Box,magic 2012 m12 booster display,Draft/Traditional Booster Display,257.12,,0.138,,0.1758,292.60256,,,378.93318971263994,,,490.74,269.91,907.87,95.0,Speculative,61.41,,0.0,"[""ath"", ""atl"", ""cagr"", ""cls"", ""cmd"", ""compRank"", ""compScore"", ""conf"", ""convTier"", ""covStatus"", ""dd"", ""ddPct"", ""ff"", ""firstObs"", ""hist"", ""id"", ""masters"", ""med5"", ""mom"", ""momPct"", ""momState"", ""mos"", ""name"", ""obs"", ""p05"", ""p95"", ""pDbl"", ""pLoss"", ""persist"", ""posRatio"", ""price"", ""r3"", ""r365"", ""r6"", ""ras"", ""rasPct"", ""rating"", ""recScore"", ""regime"", ""retPct"", ""riskRating"", ""riskScore"", ""rl"", ""score"", ""set"", ""signal"", ""stage"", ""target"", ""trend"", ""type"", ""ub"", ""vol"", ""vsT""]"
booster,TCGCSV-95-27302,27302,Ravnica - Booster Box,ravnica booster display,Draft/Traditional Booster Display,1176.8,,0.1365,,0.0233,1337.4332,,,1727.4718533407004,,,2231.26,1227.19,4127.83,95.0,Speculative,62.16,,-0.3803,"[""ath"", ""atl"", ""cagr"", ""cls"", ""cmd"", ""compRank"", ""compScore"", ""conf"", ""convTier"", ""covStatus"", ""dd"", ""ddPct"", ""ff"", ""firstObs"", ""hist"", ""id"", ""masters"", ""med5"", ""mom"", ""momPct"", ""momState"", ""mos"", ""name"", ""obs"", ""p05"", ""p95"", ""pDbl"", ""pLoss"", ""persist"", ""posRatio"", ""price"", ""r3"", ""r365"", ""r6"", ""ras"", ""rasPct"", ""rating"", ""recScore"", ""regime"", ""retPct"", ""riskRating"", ""riskScore"", ""rl"", ""score"", ""set"", ""signal"", ""stage"", ""target"", ""trend"", ""type"", ""ub"", ""vol"", ""vsT""]"
booster,TCGCSV-57-27282,27282,Homelands - Booster Box,homelands booster display,Draft/Traditional Booster Display,532.91,,0.1343,,0.1412,604.479813,,,777.7457848741765,,,1000.68,550.37,1851.26,95.0,Speculative,61.34,,-0.1437,"[""ath"", ""atl"", ""cagr"", ""cls"", ""cmd"", ""compRank"", ""compScore"", ""conf"", ""convTier"", ""covStatus"", ""dd"", ""ddPct"", ""ff"", ""firstObs"", ""hist"", ""id"", ""masters"", ""med5"", ""mom"", ""momPct"", ""momState"", ""mos"", ""name"", ""obs"", ""p05"", ""p95"", ""pDbl"", ""pLoss"", ""persist"", ""posRatio"", ""price"", ""r3"", ""r365"", ""r6"", ""ras"", ""rasPct"", ""rating"", ""recScore"", ""regime"", ""retPct"", ""riskRating"", ""riskScore"", ""rl"", ""score"", ""set"", ""signal"", ""stage"", ""target"", ""trend"", ""type"", ""ub"", ""vol"", ""vsT""]"
booster,TCGCSV-2862-246473,246473,Innistrad: Crimson Vow - Theme Booster Display Box,innistrad crimson vow theme booster display box,Draft/Traditional Booster Display,62.13,,0.137,,-0.0303,70.64181,,,91.32354207189002,,,118.06,64.93,218.41,95.0,Speculative,61.31,,-0.031,"[""ath"", ""atl"", ""cagr"", ""cls"", ""cmd"", ""compRank"", ""compScore"", ""conf"", ""convTier"", ""covStatus"", ""dd"", ""ddPct"", ""ff"", ""firstObs"", ""hist"", ""id"", ""masters"", ""med5"", ""mom"", ""momPct"", ""momState"", ""mos"", ""name"", ""obs"", ""p05"", ""p95"", ""pDbl"", ""pLoss"", ""persist"", ""posRatio"", ""price"", ""r3"", ""r365"", ""r6"", ""ras"", ""rasPct"", ""rating"", ""recScore"", ""regime"", ""retPct"", ""riskRating"", ""riskScore"", ""rl"", ""score"", ""set"", ""signal"", ""stage"", ""target"", ""trend"", ""type"", ""ub"", ""vol"", ""vsT""]"
booster,TCGCSV-2571-208523,208523,Mystery Booster - Booster Box [Retail Exclusive],mystery booster booster display retail exclusive,Draft/Traditional Booster Display,359.25,,0.1377,,0.2121,408.71872499999995,,,529.0296961381551,,,684.76,376.62,1266.81,95.0,Speculative,61.31,41.97,0.0,"[""ath"", ""atl"", ""cagr"", ""cls"", ""cmd"", ""compRank"", ""compScore"", ""conf"", ""convTier"", ""covStatus"", ""dd"", ""ddPct"", ""ff"", ""firstObs"", ""hist"", ""id"", ""masters"", ""med5"", ""mom"", ""momPct"", ""momState"", ""mos"", ""name"", ""obs"", ""p05"", ""p95"", ""pDbl"", ""pLoss"", ""persist"", ""posRatio"", ""price"", ""r3"", ""r365"", ""r6"", ""ras"", ""rasPct"", ""rating"", ""recScore"", ""regime"", ""retPct"", ""riskRating"", ""riskScore"", ""rl"", ""score"", ""set"", ""signal"", ""stage"", ""target"", ""trend"", ""type"", ""ub"", ""vol"", ""vsT""]"
booster,TCGCSV-23550-557244,557244,Duskmourn: House of Horror Collector Booster Display,duskmourn house of horror collector booster display,Collector Booster Display,651.18,,0.1446,,1.162,745.340628,,,976.4775840629526,,,1279.29,703.61,2366.69,95.0,Speculative,62.05,,0.0,"[""ath"", ""atl"", ""cagr"", ""cls"", ""cmd"", ""compRank"", ""compScore"", ""conf"", ""convTier"", ""covStatus"", ""dd"", ""ddPct"", ""ff"", ""firstObs"", ""hist"", ""id"", ""masters"", ""med5"", ""mom"", ""momPct"", ""momState"", ""mos"", ""name"", ""obs"", ""p05"", ""p95"", ""pDbl"", ""pLoss"", ""persist"", ""posRatio"", ""price"", ""r3"", ""r365"", ""r6"", ""ras"", ""rasPct"", ""rating"", ""recScore"", ""regime"", ""retPct"", ""riskRating"", ""riskScore"", ""rl"", ""score"", ""set"", ""signal"", ""stage"", ""target"", ""trend"", ""type"", ""ub"", ""vol"", ""vsT""]"
booster,TCGCSV-23163-496035,496035,Wilds of Eldraine - Draft Booster Display,wilds of eldraine draft booster display,Draft/Traditional Booster Display,304.13,,0.1444,,1.191,348.046372,,,455.819404432866,,,596.96,328.33,1104.38,95.0,Speculative,62.03,,-0.0041,"[""ath"", ""atl"", ""cagr"", ""cls"", ""cmd"", ""compRank"", ""compScore"", ""conf"", ""convTier"", ""covStatus"", ""dd"", ""ddPct"", ""ff"", ""firstObs"", ""hist"", ""id"", ""masters"", ""med5"", ""mom"", ""momPct"", ""momState"", ""mos"", ""name"", ""obs"", ""p05"", ""p95"", ""pDbl"", ""pLoss"", ""persist"", ""posRatio"", ""price"", ""r3"", ""r365"", ""r6"", ""ras"", ""rasPct"", ""rating"", ""recScore"", ""regime"", ""retPct"", ""riskRating"", ""riskScore"", ""rl"", ""score"", ""set"", ""signal"", ""stage"", ""target"", ""trend"", ""type"", ""ub"", ""vol"", ""vsT""]"
booster,TCGCSV-23319-517708,517708,Ravnica Remastered Collector Booster Display,ravnica remastered collector booster display,Collector Booster Display,867.32,,0.1443,,0.5589,992.4742760000001,,,1299.5681377408678,,,1701.68,935.92,3148.11,95.0,Speculative,61.97,,0.0,"[""ath"", ""atl"", ""cagr"", ""cls"", ""cmd"", ""compRank"", ""compScore"", ""conf"", ""convTier"", ""covStatus"", ""dd"", ""ddPct"", ""ff"", ""firstObs"", ""hist"", ""id"", ""masters"", ""med5"", ""mom"", ""momPct"", ""momState"", ""mos"", ""name"", ""obs"", ""p05"", ""p95"", ""pDbl"", ""pLoss"", ""persist"", ""posRatio"", ""price"", ""r3"", ""r365"", ""r6"", ""ras"", ""rasPct"", ""rating"", ""recScore"", ""regime"", ""retPct"", ""riskRating"", ""riskScore"", ""rl"", ""score"", ""set"", ""signal"", ""stage"", ""target"", ""trend"", ""type"", ""ub"", ""vol"", ""vsT""]"
booster,TCGCSV-2366-180734,180734,Ravnica Allegiance - Booster Box,ravnica allegiance booster display,Draft/Traditional Booster Display,146.79,,0.1373,,0.3724,166.944267,,,215.9342775092544,,,279.3,153.62,516.71,95.0,Speculative,61.2,42.16,0.0,"[""ath"", ""atl"", ""cagr"", ""cls"", ""cmd"", ""compRank"", ""compScore"", ""conf"", ""convTier"", ""covStatus"", ""dd"", ""ddPct"", ""ff"", ""firstObs"", ""hist"", ""id"", ""masters"", ""med5"", ""mom"", ""momPct"", ""momState"", ""mos"", ""name"", ""obs"", ""p05"", ""p95"", ""pDbl"", ""pLoss"", ""persist"", ""posRatio"", ""price"", ""r3"", ""r365"", ""r6"", ""ras"", ""rasPct"", ""rating"", ""recScore"", ""regime"", ""retPct"", ""riskRating"", ""riskScore"", ""rl"", ""score"", ""set"", ""signal"", ""stage"", ""target"", ""trend"", ""type"", ""ub"", ""vol"", ""vsT""]"
booster,TCGCSV-2568-202298,202298,Theros Beyond Death - Booster Box,theros beyond death booster display,Draft/Traditional Booster Display,176.61,,0.137,,0.3991,200.80557000000002,,,259.59521592333004,,,335.6,184.58,620.86,95.0,Speculative,61.1,,0.0,"[""ath"", ""atl"", ""cagr"", ""cls"", ""cmd"", ""compRank"", ""compScore"", ""conf"", ""convTier"", ""covStatus"", ""dd"", ""ddPct"", ""ff"", ""firstObs"", ""hist"", ""id"", ""masters"", ""med5"", ""mom"", ""momPct"", ""momState"", ""mos"", ""name"", ""obs"", ""p05"", ""p95"", ""pDbl"", ""pLoss"", ""persist"", ""posRatio"", ""price"", ""r3"", ""r365"", ""r6"", ""ras"", ""rasPct"", ""rating"", ""recScore"", ""regime"", ""retPct"", ""riskRating"", ""riskScore"", ""rl"", ""score"", ""set"", ""signal"", ""stage"", ""target"", ""trend"", ""type"", ""ub"", ""vol"", ""vsT""]"
booster,TCGCSV-1497-94746,94746,Fate Reforged - Booster Box,fate reforged booster display,Draft/Traditional Booster Display,207.65,,0.1369,,0.3549,236.07728500000002,,,305.1397140383289,,,394.41,216.93,729.66,95.0,Speculative,61.06,,0.0,"[""ath"", ""atl"", ""cagr"", ""cls"", ""cmd"", ""compRank"", ""compScore"", ""conf"", ""convTier"", ""covStatus"", ""dd"", ""ddPct"", ""ff"", ""firstObs"", ""hist"", ""id"", ""masters"", ""med5"", ""mom"", ""momPct"", ""momState"", ""mos"", ""name"", ""obs"", ""p05"", ""p95"", ""pDbl"", ""pLoss"", ""persist"", ""posRatio"", ""price"", ""r3"", ""r365"", ""r6"", ""ras"", ""rasPct"", ""rating"", ""recScore"", ""regime"", ""retPct"", ""riskRating"", ""riskScore"", ""rl"", ""score"", ""set"", ""signal"", ""stage"", ""target"", ""trend"", ""type"", ""ub"", ""vol"", ""vsT""]"
booster,TCGCSV-1515-96137,96137,Dragons of Tarkir - Booster Box,dragons of tarkir booster display,Draft/Traditional Booster Display,334.21,,0.1369,,0.1859,379.963349,,,491.1184388574519,,,634.79,349.13,1174.36,95.0,Speculative,61.05,,0.0,"[""ath"", ""atl"", ""cagr"", ""cls"", ""cmd"", ""compRank"", ""compScore"", ""conf"", ""convTier"", ""covStatus"", ""dd"", ""ddPct"", ""ff"", ""firstObs"", ""hist"", ""id"", ""masters"", ""med5"", ""mom"", ""momPct"", ""momState"", ""mos"", ""name"", ""obs"", ""p05"", ""p95"", ""pDbl"", ""pLoss"", ""persist"", ""posRatio"", ""price"", ""r3"", ""r365"", ""r6"", ""ras"", ""rasPct"", ""rating"", ""recScore"", ""regime"", ""retPct"", ""riskRating"", ""riskScore"", ""rl"", ""score"", ""set"", ""signal"", ""stage"", ""target"", ""trend"", ""type"", ""ub"", ""vol"", ""vsT""]"
booster,TCGCSV-69-35372,35372,Magic 2011 (M11) - Booster Box,magic 2011 m11 booster display,Draft/Traditional Booster Display,375.56,,0.1435,,0.6057,429.45286,,,561.5492314763349,,,734.28,403.85,1358.42,95.0,Speculative,61.73,54.08,0.0,"[""ath"", ""atl"", ""cagr"", ""cls"", ""cmd"", ""compRank"", ""compScore"", ""conf"", ""convTier"", ""covStatus"", ""dd"", ""ddPct"", ""ff"", ""firstObs"", ""hist"", ""id"", ""masters"", ""med5"", ""mom"", ""momPct"", ""momState"", ""mos"", ""name"", ""obs"", ""p05"", ""p95"", ""pDbl"", ""pLoss"", ""persist"", ""posRatio"", ""price"", ""r3"", ""r365"", ""r6"", ""ras"", ""rasPct"", ""rating"", ""recScore"", ""regime"", ""retPct"", ""riskRating"", ""riskScore"", ""rl"", ""score"", ""set"", ""signal"", ""stage"", ""target"", ""trend"", ""type"", ""ub"", ""vol"", ""vsT""]"
booster,TCGCSV-23361-529968,529968,Murders at Karlov Manor Collector Booster Display,murders at karlov manor collector booster display,Collector Booster Display,352.29,,0.1434,,0.8831,402.80838600000004,,,526.6170055188142,,,688.48,378.66,1273.69,95.0,Speculative,61.69,,0.0,"[""ath"", ""atl"", ""cagr"", ""cls"", ""cmd"", ""compRank"", ""compScore"", ""conf"", ""convTier"", ""covStatus"", ""dd"", ""ddPct"", ""ff"", ""firstObs"", ""hist"", ""id"", ""masters"", ""med5"", ""mom"", ""momPct"", ""momState"", ""mos"", ""name"", ""obs"", ""p05"", ""p95"", ""pDbl"", ""pLoss"", ""persist"", ""posRatio"", ""price"", ""r3"", ""r365"", ""r6"", ""ras"", ""rasPct"", ""rating"", ""recScore"", ""regime"", ""retPct"", ""riskRating"", ""riskScore"", ""rl"", ""score"", ""set"", ""signal"", ""stage"", ""target"", ""trend"", ""type"", ""ub"", ""vol"", ""vsT""]"
booster,TCGCSV-77-27292,27292,Morningtide - Booster Box,morningtide booster display,Draft/Traditional Booster Display,753.75,,0.1358,,0.005,856.10925,,,1104.4165808891696,,,1424.74,783.61,2635.77,95.0,Speculative,61.67,,-0.3148,"[""ath"", ""atl"", ""cagr"", ""cls"", ""cmd"", ""compRank"", ""compScore"", ""conf"", ""convTier"", ""covStatus"", ""dd"", ""ddPct"", ""ff"", ""firstObs"", ""hist"", ""id"", ""masters"", ""med5"", ""mom"", ""momPct"", ""momState"", ""mos"", ""name"", ""obs"", ""p05"", ""p95"", ""pDbl"", ""pLoss"", ""persist"", ""posRatio"", ""price"", ""r3"", ""r365"", ""r6"", ""ras"", ""rasPct"", ""rating"", ""recScore"", ""regime"", ""retPct"", ""riskRating"", ""riskScore"", ""rl"", ""score"", ""set"", ""signal"", ""stage"", ""target"", ""trend"", ""type"", ""ub"", ""vol"", ""vsT""]"
booster,TCGCSV-23447-541238,541238,Bloomburrow Collector Booster Display,bloomburrow collector booster display,Collector Booster Display,980.7,,0.1433,,1.1,1121.23431,,,1465.6044864660757,,,1915.74,1053.66,3544.12,95.0,Speculative,61.66,,0.0,"[""ath"", ""atl"", ""cagr"", ""cls"", ""cmd"", ""compRank"", ""compScore"", ""conf"", ""convTier"", ""covStatus"", ""dd"", ""ddPct"", ""ff"", ""firstObs"", ""hist"", ""id"", ""masters"", ""med5"", ""mom"", ""momPct"", ""momState"", ""mos"", ""name"", ""obs"", ""p05"", ""p95"", ""pDbl"", ""pLoss"", ""persist"", ""posRatio"", ""price"", ""r3"", ""r365"", ""r6"", ""ras"", ""rasPct"", ""rating"", ""recScore"", ""regime"", ""retPct"", ""riskRating"", ""riskScore"", ""rl"", ""score"", ""set"", ""signal"", ""stage"", ""target"", ""trend"", ""type"", ""ub"", ""vol"", ""vsT""]"
booster,TCGCSV-17684-451869,451869,Phyrexia: All Will Be One - Draft Booster Box,phyrexia all will be one draft booster display,Draft/Traditional Booster Display,198.74,,0.1433,,0.788,227.21944200000002,,,297.00646032453136,,,388.23,213.53,718.23,95.0,Speculative,61.65,,0.0,"[""ath"", ""atl"", ""cagr"", ""cls"", ""cmd"", ""compRank"", ""compScore"", ""conf"", ""convTier"", ""covStatus"", ""dd"", ""ddPct"", ""ff"", ""firstObs"", ""hist"", ""id"", ""masters"", ""med5"", ""mom"", ""momPct"", ""momState"", ""mos"", ""name"", ""obs"", ""p05"", ""p95"", ""pDbl"", ""pLoss"", ""persist"", ""posRatio"", ""price"", ""r3"", ""r365"", ""r6"", ""ras"", ""rasPct"", ""rating"", ""recScore"", ""regime"", ""retPct"", ""riskRating"", ""riskScore"", ""rl"", ""score"", ""set"", ""signal"", ""stage"", ""target"", ""trend"", ""type"", ""ub"", ""vol"", ""vsT""]"
booster,TCGCSV-109-27309,27309,The Dark - Booster Box,the dark booster display,Draft/Traditional Booster Display,5499.69,,0.1348,,-0.0678,6241.048212,,,8037.0411466573805,,,10349.87,5692.43,19147.26,95.0,Speculative,61.62,,-0.375,"[""ath"", ""atl"", ""cagr"", ""cls"", ""cmd"", ""compRank"", ""compScore"", ""conf"", ""convTier"", ""covStatus"", ""dd"", ""ddPct"", ""ff"", ""firstObs"", ""hist"", ""id"", ""masters"", ""med5"", ""mom"", ""momPct"", ""momState"", ""mos"", ""name"", ""obs"", ""p05"", ""p95"", ""pDbl"", ""pLoss"", ""persist"", ""posRatio"", ""price"", ""r3"", ""r365"", ""r6"", ""ras"", ""rasPct"", ""rating"", ""recScore"", ""regime"", ""retPct"", ""riskRating"", ""riskScore"", ""rl"", ""score"", ""set"", ""signal"", ""stage"", ""target"", ""trend"", ""type"", ""ub"", ""vol"", ""vsT""]"
booster,TCGCSV-22876-489207,489207,March of the Machine: The Aftermath Collector Booster Display,march of the machine the aftermath collector booster display,Collector Booster Display,227.18,,0.1431,,0.8438,259.689458,,,339.3304003216354,,,443.4,243.87,820.29,95.0,Speculative,61.61,,0.0,"[""ath"", ""atl"", ""cagr"", ""cls"", ""cmd"", ""compRank"", ""compScore"", ""conf"", ""convTier"", ""covStatus"", ""dd"", ""ddPct"", ""ff"", ""firstObs"", ""hist"", ""id"", ""masters"", ""med5"", ""mom"", ""momPct"", ""momState"", ""mos"", ""name"", ""obs"", ""p05"", ""p95"", ""pDbl"", ""pLoss"", ""persist"", ""posRatio"", ""price"", ""r3"", ""r365"", ""r6"", ""ras"", ""rasPct"", ""rating"", ""recScore"", ""regime"", ""retPct"", ""riskRating"", ""riskScore"", ""rl"", ""score"", ""set"", ""signal"", ""stage"", ""target"", ""trend"", ""type"", ""ub"", ""vol"", ""vsT""]"
booster,TCGCSV-2570-246935,246935,Mystery Booster - Booster Box [Convention Edition] (2021),mystery booster booster display convention edition 2021,Draft/Traditional Booster Display,312.52,,0.143,,0.6835,357.21036,,,466.67711761163997,,,609.69,335.33,1127.93,95.0,Speculative,61.56,,0.0,"[""ath"", ""atl"", ""cagr"", ""cls"", ""cmd"", ""compRank"", ""compScore"", ""conf"", ""convTier"", ""covStatus"", ""dd"", ""ddPct"", ""ff"", ""firstObs"", ""hist"", ""id"", ""masters"", ""med5"", ""mom"", ""momPct"", ""momState"", ""mos"", ""name"", ""obs"", ""p05"", ""p95"", ""pDbl"", ""pLoss"", ""persist"", ""posRatio"", ""price"", ""r3"", ""r365"", ""r6"", ""ras"", ""rasPct"", ""rating"", ""recScore"", ""regime"", ""retPct"", ""riskRating"", ""riskScore"", ""rl"", ""score"", ""set"", ""signal"", ""stage"", ""target"", ""trend"", ""type"", ""ub"", ""vol"", ""vsT""]"
booster,TCGCSV-2772-230384,230384,Time Spiral: Remastered - Draft Booster Box,time spiral remastered draft booster display,Draft/Traditional Booster Display,384.15,,0.143,,0.3704,439.08344999999997,,,573.6401341690499,,,749.43,412.19,1386.45,95.0,Speculative,61.55,,0.0,"[""ath"", ""atl"", ""cagr"", ""cls"", ""cmd"", ""compRank"", ""compScore"", ""conf"", ""convTier"", ""covStatus"", ""dd"", ""ddPct"", ""ff"", ""firstObs"", ""hist"", ""id"", ""masters"", ""med5"", ""mom"", ""momPct"", ""momState"", ""mos"", ""name"", ""obs"", ""p05"", ""p95"", ""pDbl"", ""pLoss"", ""persist"", ""posRatio"", ""price"", ""r3"", ""r365"", ""r6"", ""ras"", ""rasPct"", ""rating"", ""recScore"", ""regime"", ""retPct"", ""riskRating"", ""riskScore"", ""rl"", ""score"", ""set"", ""signal"", ""stage"", ""target"", ""trend"", ""type"", ""ub"", ""vol"", ""vsT""]"
booster,TCGCSV-2290-173362,173362,Guilds of Ravnica - Booster Box,guilds of ravnica booster display,Draft/Traditional Booster Display,143.09,,0.136,,0.2758,162.55024000000003,,,209.77043451904007,,,270.71,148.89,500.81,95.0,Speculative,60.79,,0.0,"[""ath"", ""atl"", ""cagr"", ""cls"", ""cmd"", ""compRank"", ""compScore"", ""conf"", ""convTier"", ""covStatus"", ""dd"", ""ddPct"", ""ff"", ""firstObs"", ""hist"", ""id"", ""masters"", ""med5"", ""mom"", ""momPct"", ""momState"", ""mos"", ""name"", ""obs"", ""p05"", ""p95"", ""pDbl"", ""pLoss"", ""persist"", ""posRatio"", ""price"", ""r3"", ""r365"", ""r6"", ""ras"", ""rasPct"", ""rating"", ""recScore"", ""regime"", ""retPct"", ""riskRating"", ""riskScore"", ""rl"", ""score"", ""set"", ""signal"", ""stage"", ""target"", ""trend"", ""type"", ""ub"", ""vol"", ""vsT""]"
booster,TCGCSV-23874-604253,604253,Aetherdrift Collector Booster Display,aetherdrift collector booster display,Collector Booster Display,271.01,,0.1418,,0.4446,309.439218,,,403.41814884653826,,,525.94,289.27,972.99,95.0,Speculative,61.48,,-0.0368,"[""ath"", ""atl"", ""cagr"", ""cls"", ""cmd"", ""compRank"", ""compScore"", ""conf"", ""convTier"", ""covStatus"", ""dd"", ""ddPct"", ""ff"", ""firstObs"", ""hist"", ""id"", ""masters"", ""med5"", ""mom"", ""momPct"", ""momState"", ""mos"", ""name"", ""obs"", ""p05"", ""p95"", ""pDbl"", ""pLoss"", ""persist"", ""posRatio"", ""price"", ""r3"", ""r365"", ""r6"", ""ras"", ""rasPct"", ""rating"", ""recScore"", ""regime"", ""retPct"", ""riskRating"", ""riskScore"", ""rl"", ""score"", ""set"", ""signal"", ""stage"", ""target"", ""trend"", ""type"", ""ub"", ""vol"", ""vsT""]"
booster,TCGCSV-43-27277,27277,Fifth Dawn - Booster Box,fifth dawn booster display,Draft/Traditional Booster Display,789.88,,0.1343,,0.0096,895.9608840000001,,,1152.7759669670575,,,1483.2,815.76,2743.92,95.0,Speculative,61.47,,-0.3924,"[""ath"", ""atl"", ""cagr"", ""cls"", ""cmd"", ""compRank"", ""compScore"", ""conf"", ""convTier"", ""covStatus"", ""dd"", ""ddPct"", ""ff"", ""firstObs"", ""hist"", ""id"", ""masters"", ""med5"", ""mom"", ""momPct"", ""momState"", ""mos"", ""name"", ""obs"", ""p05"", ""p95"", ""pDbl"", ""pLoss"", ""persist"", ""posRatio"", ""price"", ""r3"", ""r365"", ""r6"", ""ras"", ""rasPct"", ""rating"", ""recScore"", ""regime"", ""retPct"", ""riskRating"", ""riskScore"", ""rl"", ""score"", ""set"", ""signal"", ""stage"", ""target"", ""trend"", ""type"", ""ub"", ""vol"", ""vsT""]"
booster,TCGCSV-24233-619672,619672,Edge of Eternities Collector Booster Display,edge of eternities collector booster display,Collector Booster Display,622.38,,0.1427,,0.8849,711.193626,,,928.6505289127897,,,1212.6,666.93,2243.31,95.0,Speculative,61.46,,0.0,"[""ath"", ""atl"", ""cagr"", ""cls"", ""cmd"", ""compRank"", ""compScore"", ""conf"", ""convTier"", ""covStatus"", ""dd"", ""ddPct"", ""ff"", ""firstObs"", ""hist"", ""id"", ""masters"", ""med5"", ""mom"", ""momPct"", ""momState"", ""mos"", ""name"", ""obs"", ""p05"", ""p95"", ""pDbl"", ""pLoss"", ""persist"", ""posRatio"", ""price"", ""r3"", ""r365"", ""r6"", ""ras"", ""rasPct"", ""rating"", ""recScore"", ""regime"", ""retPct"", ""riskRating"", ""riskScore"", ""rl"", ""score"", ""set"", ""signal"", ""stage"", ""target"", ""trend"", ""type"", ""ub"", ""vol"", ""vsT""]"
booster,TCGCSV-5-31841,31841,Alara Reborn - Booster Box,alara reborn booster display,Draft/Traditional Booster Display,607.5,,0.1369,,-0.1,690.66675,,,892.7155130184676,,,1153.87,634.63,2134.66,95.0,Speculative,61.46,,-0.2406,"[""ath"", ""atl"", ""cagr"", ""cls"", ""cmd"", ""compRank"", ""compScore"", ""conf"", ""convTier"", ""covStatus"", ""dd"", ""ddPct"", ""ff"", ""firstObs"", ""hist"", ""id"", ""masters"", ""med5"", ""mom"", ""momPct"", ""momState"", ""mos"", ""name"", ""obs"", ""p05"", ""p95"", ""pDbl"", ""pLoss"", ""persist"", ""posRatio"", ""price"", ""r3"", ""r365"", ""r6"", ""ras"", ""rasPct"", ""rating"", ""recScore"", ""regime"", ""retPct"", ""riskRating"", ""riskScore"", ""rl"", ""score"", ""set"", ""signal"", ""stage"", ""target"", ""trend"", ""type"", ""ub"", ""vol"", ""vsT""]"
booster,TCGCSV-2494-194899,194899,Throne of Eldraine - Theme Booster Display Box,throne of eldraine theme booster display box,Draft/Traditional Booster Display,149.99,,0.1425,,0.3277,171.36357500000003,,,223.6819454698438,,,291.97,160.58,540.14,95.0,Speculative,61.42,,0.0,"[""ath"", ""atl"", ""cagr"", ""cls"", ""cmd"", ""compRank"", ""compScore"", ""conf"", ""convTier"", ""covStatus"", ""dd"", ""ddPct"", ""ff"", ""firstObs"", ""hist"", ""id"", ""masters"", ""med5"", ""mom"", ""momPct"", ""momState"", ""mos"", ""name"", ""obs"", ""p05"", ""p95"", ""pDbl"", ""pLoss"", ""persist"", ""posRatio"", ""price"", ""r3"", ""r365"", ""r6"", ""ras"", ""rasPct"", ""rating"", ""recScore"", ""regime"", ""retPct"", ""riskRating"", ""riskScore"", ""rl"", ""score"", ""set"", ""signal"", ""stage"", ""target"", ""trend"", ""type"", ""ub"", ""vol"", ""vsT""]"
booster,TCGCSV-110-27310,27310,Time Spiral - Booster Box,time spiral booster display,Draft/Traditional Booster Display,1150.0,,0.1354,,0.3143,1305.71,,,1683.2340583435998,,,2169.91,1193.45,4014.33,95.0,Speculative,60.59,,0.0,"[""ath"", ""atl"", ""cagr"", ""cls"", ""cmd"", ""compRank"", ""compScore"", ""conf"", ""convTier"", ""covStatus"", ""dd"", ""ddPct"", ""ff"", ""firstObs"", ""hist"", ""id"", ""masters"", ""med5"", ""mom"", ""momPct"", ""momState"", ""mos"", ""name"", ""obs"", ""p05"", ""p95"", ""pDbl"", ""pLoss"", ""persist"", ""posRatio"", ""price"", ""r3"", ""r365"", ""r6"", ""ras"", ""rasPct"", ""rating"", ""recScore"", ""regime"", ""retPct"", ""riskRating"", ""riskScore"", ""rl"", ""score"", ""set"", ""signal"", ""stage"", ""target"", ""trend"", ""type"", ""ub"", ""vol"", ""vsT""]"
booster,TCGCSV-1693-110418,110418,Oath of the Gatewatch - Booster Box,oath of the gatewatch booster display,Draft/Traditional Booster Display,172.54,,0.1352,,0.2433,195.86740799999998,,,252.4102233087283,,,325.28,178.9,601.77,95.0,Speculative,60.55,,-0.0021,"[""ath"", ""atl"", ""cagr"", ""cls"", ""cmd"", ""compRank"", ""compScore"", ""conf"", ""convTier"", ""covStatus"", ""dd"", ""ddPct"", ""ff"", ""firstObs"", ""hist"", ""id"", ""masters"", ""med5"", ""mom"", ""momPct"", ""momState"", ""mos"", ""name"", ""obs"", ""p05"", ""p95"", ""pDbl"", ""pLoss"", ""persist"", ""posRatio"", ""price"", ""r3"", ""r365"", ""r6"", ""ras"", ""rasPct"", ""rating"", ""recScore"", ""regime"", ""retPct"", ""riskRating"", ""riskScore"", ""rl"", ""score"", ""set"", ""signal"", ""stage"", ""target"", ""trend"", ""type"", ""ub"", ""vol"", ""vsT""]"
booster,TCGCSV-2050-145235,145235,Iconic Masters - Booster Box,iconic masters booster display,Masters Booster Display,322.82,,0.1352,,0.6113,366.465264,,,472.25610460486655,,,608.59,334.72,1125.89,95.0,Speculative,60.54,,0.0,"[""ath"", ""atl"", ""cagr"", ""cls"", ""cmd"", ""compRank"", ""compScore"", ""conf"", ""convTier"", ""covStatus"", ""dd"", ""ddPct"", ""ff"", ""firstObs"", ""hist"", ""id"", ""masters"", ""med5"", ""mom"", ""momPct"", ""momState"", ""mos"", ""name"", ""obs"", ""p05"", ""p95"", ""pDbl"", ""pLoss"", ""persist"", ""posRatio"", ""price"", ""r3"", ""r365"", ""r6"", ""ras"", ""rasPct"", ""rating"", ""recScore"", ""regime"", ""retPct"", ""riskRating"", ""riskScore"", ""rl"", ""score"", ""set"", ""signal"", ""stage"", ""target"", ""trend"", ""type"", ""ub"", ""vol"", ""vsT""]"
booster,TCGCSV-2098-149404,149404,Rivals of Ixalan - Booster Box,rivals of ixalan booster display,Draft/Traditional Booster Display,186.93,,0.1352,,0.3483,212.202936,,,273.46147584966144,,,352.4,193.82,651.94,95.0,Speculative,60.52,,0.0,"[""ath"", ""atl"", ""cagr"", ""cls"", ""cmd"", ""compRank"", ""compScore"", ""conf"", ""convTier"", ""covStatus"", ""dd"", ""ddPct"", ""ff"", ""firstObs"", ""hist"", ""id"", ""masters"", ""med5"", ""mom"", ""momPct"", ""momState"", ""mos"", ""name"", ""obs"", ""p05"", ""p95"", ""pDbl"", ""pLoss"", ""persist"", ""posRatio"", ""price"", ""r3"", ""r365"", ""r6"", ""ras"", ""rasPct"", ""rating"", ""recScore"", ""regime"", ""retPct"", ""riskRating"", ""riskScore"", ""rl"", ""score"", ""set"", ""signal"", ""stage"", ""target"", ""trend"", ""type"", ""ub"", ""vol"", ""vsT""]"
booster,TCGCSV-24232-619649,619649,Tarkir: Dragonstorm Collector Booster Display,tarkir dragonstorm collector booster display,Collector Booster Display,463.19,,0.142,,0.4119,528.9629799999999,,,689.8544758487199,,,899.68,494.82,1664.41,95.0,Speculative,61.26,,0.0,"[""ath"", ""atl"", ""cagr"", ""cls"", ""cmd"", ""compRank"", ""compScore"", ""conf"", ""convTier"", ""covStatus"", ""dd"", ""ddPct"", ""ff"", ""firstObs"", ""hist"", ""id"", ""masters"", ""med5"", ""mom"", ""momPct"", ""momState"", ""mos"", ""name"", ""obs"", ""p05"", ""p95"", ""pDbl"", ""pLoss"", ""persist"", ""posRatio"", ""price"", ""r3"", ""r365"", ""r6"", ""ras"", ""rasPct"", ""rating"", ""recScore"", ""regime"", ""retPct"", ""riskRating"", ""riskScore"", ""rl"", ""score"", ""set"", ""signal"", ""stage"", ""target"", ""trend"", ""type"", ""ub"", ""vol"", ""vsT""]"
booster,TCGCSV-2379-245972,245972,Renaissance - Italian Booster Box,renaissance italian booster display,Draft/Traditional Booster Display,1400.0,,0.1334,,-0.6,1586.76,,,2038.3448507855999,,,2618.45,1440.15,4844.13,95.0,Speculative,61.2,,-0.6,"[""ath"", ""atl"", ""cagr"", ""cls"", ""cmd"", ""compRank"", ""compScore"", ""conf"", ""convTier"", ""covStatus"", ""dd"", ""ddPct"", ""ff"", ""firstObs"", ""hist"", ""id"", ""masters"", ""med5"", ""mom"", ""momPct"", ""momState"", ""mos"", ""name"", ""obs"", ""p05"", ""p95"", ""pDbl"", ""pLoss"", ""persist"", ""posRatio"", ""price"", ""r3"", ""r365"", ""r6"", ""ras"", ""rasPct"", ""rating"", ""recScore"", ""regime"", ""retPct"", ""riskRating"", ""riskScore"", ""rl"", ""score"", ""set"", ""signal"", ""stage"", ""target"", ""trend"", ""type"", ""ub"", ""vol"", ""vsT""]"
booster,TCGCSV-117-27315,27315,Urza's Legacy - Booster Box,urza s legacy booster display,Draft/Traditional Booster Display,3787.5,,0.1334,,0.003,4292.7525,,,5514.4508016789,,,7083.84,3896.11,13105.1,95.0,Speculative,61.18,,-0.5258,"[""ath"", ""atl"", ""cagr"", ""cls"", ""cmd"", ""compRank"", ""compScore"", ""conf"", ""convTier"", ""covStatus"", ""dd"", ""ddPct"", ""ff"", ""firstObs"", ""hist"", ""id"", ""masters"", ""med5"", ""mom"", ""momPct"", ""momState"", ""mos"", ""name"", ""obs"", ""p05"", ""p95"", ""pDbl"", ""pLoss"", ""persist"", ""posRatio"", ""price"", ""r3"", ""r365"", ""r6"", ""ras"", ""rasPct"", ""rating"", ""recScore"", ""regime"", ""retPct"", ""riskRating"", ""riskScore"", ""rl"", ""score"", ""set"", ""signal"", ""stage"", ""target"", ""trend"", ""type"", ""ub"", ""vol"", ""vsT""]"
booster,TCGCSV-2418-188645,188645,War of the Spark - Theme Booster Display Box,war of the spark theme booster display box,Draft/Traditional Booster Display,109.87,,0.1334,,0.0465,124.526658,,,159.96639196843847,,,205.49,113.02,380.16,95.0,Speculative,61.18,,-0.4504,"[""ath"", ""atl"", ""cagr"", ""cls"", ""cmd"", ""compRank"", ""compScore"", ""conf"", ""convTier"", ""covStatus"", ""dd"", ""ddPct"", ""ff"", ""firstObs"", ""hist"", ""id"", ""masters"", ""med5"", ""mom"", ""momPct"", ""momState"", ""mos"", ""name"", ""obs"", ""p05"", ""p95"", ""pDbl"", ""pLoss"", ""persist"", ""posRatio"", ""price"", ""r3"", ""r365"", ""r6"", ""ras"", ""rasPct"", ""rating"", ""recScore"", ""regime"", ""retPct"", ""riskRating"", ""riskScore"", ""rl"", ""score"", ""set"", ""signal"", ""stage"", ""target"", ""trend"", ""type"", ""ub"", ""vol"", ""vsT""]"
booster,TCGCSV-118-27316,27316,Urza's Saga - Booster Box,urza s saga booster display,Draft/Traditional Booster Display,8999.99,,0.1325,,0.0001,10192.488675,,,13072.44005317547,,,16766.14,9221.38,31017.36,95.0,Speculative,60.42,,-0.0973,"[""ath"", ""atl"", ""cagr"", ""cls"", ""cmd"", ""compRank"", ""compScore"", ""conf"", ""convTier"", ""covStatus"", ""dd"", ""ddPct"", ""ff"", ""firstObs"", ""hist"", ""id"", ""masters"", ""med5"", ""mom"", ""momPct"", ""momState"", ""mos"", ""name"", ""obs"", ""p05"", ""p95"", ""pDbl"", ""pLoss"", ""persist"", ""posRatio"", ""price"", ""r3"", ""r365"", ""r6"", ""ras"", ""rasPct"", ""rating"", ""recScore"", ""regime"", ""retPct"", ""riskRating"", ""riskScore"", ""rl"", ""score"", ""set"", ""signal"", ""stage"", ""target"", ""trend"", ""type"", ""ub"", ""vol"", ""vsT""]"
booster,TCGCSV-1276-77321,77321,Born of the Gods - Booster Box,born of the gods booster display,Draft/Traditional Booster Display,221.85,,0.1417,,0.3947,253.28614499999998,,,330.153143136979,,,430.35,236.69,796.15,95.0,Speculative,61.14,52.96,0.0,"[""ath"", ""atl"", ""cagr"", ""cls"", ""cmd"", ""compRank"", ""compScore"", ""conf"", ""convTier"", ""covStatus"", ""dd"", ""ddPct"", ""ff"", ""firstObs"", ""hist"", ""id"", ""masters"", ""med5"", ""mom"", ""momPct"", ""momState"", ""mos"", ""name"", ""obs"", ""p05"", ""p95"", ""pDbl"", ""pLoss"", ""persist"", ""posRatio"", ""price"", ""r3"", ""r365"", ""r6"", ""ras"", ""rasPct"", ""rating"", ""recScore"", ""regime"", ""retPct"", ""riskRating"", ""riskScore"", ""rl"", ""score"", ""set"", ""signal"", ""stage"", ""target"", ""trend"", ""type"", ""ub"", ""vol"", ""vsT""]"
booster,TCGCSV-2750-228245,228245,Kaldheim - Draft Booster Box,kaldheim draft booster display,Draft/Traditional Booster Display,170.56,,0.1341,,0.4598,193.43209600000003,,,248.78903677746982,,,319.99,175.99,591.98,95.0,Speculative,60.37,,-0.0238,"[""ath"", ""atl"", ""cagr"", ""cls"", ""cmd"", ""compRank"", ""compScore"", ""conf"", ""convTier"", ""covStatus"", ""dd"", ""ddPct"", ""ff"", ""firstObs"", ""hist"", ""id"", ""masters"", ""med5"", ""mom"", ""momPct"", ""momState"", ""mos"", ""name"", ""obs"", ""p05"", ""p95"", ""pDbl"", ""pLoss"", ""persist"", ""posRatio"", ""price"", ""r3"", ""r365"", ""r6"", ""ras"", ""rasPct"", ""rating"", ""recScore"", ""regime"", ""retPct"", ""riskRating"", ""riskScore"", ""rl"", ""score"", ""set"", ""signal"", ""stage"", ""target"", ""trend"", ""type"", ""ub"", ""vol"", ""vsT""]"
booster,TCGCSV-59-47791,47791,Innistrad - Booster Box,innistrad booster display,Draft/Traditional Booster Display,575.2,,0.1347,,0.3398,652.6794400000001,,,840.3535556365097,,,1081.99,595.09,2001.68,95.0,Speculative,60.37,41.87,0.0,"[""ath"", ""atl"", ""cagr"", ""cls"", ""cmd"", ""compRank"", ""compScore"", ""conf"", ""convTier"", ""covStatus"", ""dd"", ""ddPct"", ""ff"", ""firstObs"", ""hist"", ""id"", ""masters"", ""med5"", ""mom"", ""momPct"", ""momState"", ""mos"", ""name"", ""obs"", ""p05"", ""p95"", ""pDbl"", ""pLoss"", ""persist"", ""posRatio"", ""price"", ""r3"", ""r365"", ""r6"", ""ras"", ""rasPct"", ""rating"", ""recScore"", ""regime"", ""retPct"", ""riskRating"", ""riskScore"", ""rl"", ""score"", ""set"", ""signal"", ""stage"", ""target"", ""trend"", ""type"", ""ub"", ""vol"", ""vsT""]"
booster,TCGCSV-28-27273,27273,Dissension - Booster Box,dissension booster display,Draft/Traditional Booster Display,861.47,,0.1386,,0.1593,980.8697420000001,,,1271.6093029914305,,,1648.53,906.69,3049.78,95.0,Speculative,61.11,,-0.1221,"[""ath"", ""atl"", ""cagr"", ""cls"", ""cmd"", ""compRank"", ""compScore"", ""conf"", ""convTier"", ""covStatus"", ""dd"", ""ddPct"", ""ff"", ""firstObs"", ""hist"", ""id"", ""masters"", ""med5"", ""mom"", ""momPct"", ""momState"", ""mos"", ""name"", ""obs"", ""p05"", ""p95"", ""pDbl"", ""pLoss"", ""persist"", ""posRatio"", ""price"", ""r3"", ""r365"", ""r6"", ""ras"", ""rasPct"", ""rating"", ""recScore"", ""regime"", ""retPct"", ""riskRating"", ""riskScore"", ""rl"", ""score"", ""set"", ""signal"", ""stage"", ""target"", ""trend"", ""type"", ""ub"", ""vol"", ""vsT""]"
booster,TCGCSV-2245-166536,166536,Battlebond - Booster Box,battlebond booster display,Draft/Traditional Booster Display,294.2,,0.1342,,0.4059,333.68164,,,429.25127838700973,,,552.19,303.7,1021.55,95.0,Speculative,60.23,,0.0,"[""ath"", ""atl"", ""cagr"", ""cls"", ""cmd"", ""compRank"", ""compScore"", ""conf"", ""convTier"", ""covStatus"", ""dd"", ""ddPct"", ""ff"", ""firstObs"", ""hist"", ""id"", ""masters"", ""med5"", ""mom"", ""momPct"", ""momState"", ""mos"", ""name"", ""obs"", ""p05"", ""p95"", ""pDbl"", ""pLoss"", ""persist"", ""posRatio"", ""price"", ""r3"", ""r365"", ""r6"", ""ras"", ""rasPct"", ""rating"", ""recScore"", ""regime"", ""retPct"", ""riskRating"", ""riskScore"", ""rl"", ""score"", ""set"", ""signal"", ""stage"", ""target"", ""trend"", ""type"", ""ub"", ""vol"", ""vsT""]"
booster,TCGCSV-3157-282226,282226,The Brothers' War - Draft Booster Box,the brothers war draft booster display,Draft/Traditional Booster Display,184.75,,0.1409,,0.7216,210.781275,,,274.36403889913277,,,357.13,196.42,660.69,95.0,Speculative,60.9,,0.0,"[""ath"", ""atl"", ""cagr"", ""cls"", ""cmd"", ""compRank"", ""compScore"", ""conf"", ""convTier"", ""covStatus"", ""dd"", ""ddPct"", ""ff"", ""firstObs"", ""hist"", ""id"", ""masters"", ""med5"", ""mom"", ""momPct"", ""momState"", ""mos"", ""name"", ""obs"", ""p05"", ""p95"", ""pDbl"", ""pLoss"", ""persist"", ""posRatio"", ""price"", ""r3"", ""r365"", ""r6"", ""ras"", ""rasPct"", ""rating"", ""recScore"", ""regime"", ""retPct"", ""riskRating"", ""riskScore"", ""rl"", ""score"", ""set"", ""signal"", ""stage"", ""target"", ""trend"", ""type"", ""ub"", ""vol"", ""vsT""]"
booster,TCGCSV-41-27276,27276,Fallen Empires - Booster Box,fallen empires booster display,Draft/Traditional Booster Display,571.66,,0.1339,,0.2597,648.2052739999999,,,833.4164548578533,,,1071.55,589.35,1982.37,95.0,Speculative,60.14,,-0.0026,"[""ath"", ""atl"", ""cagr"", ""cls"", ""cmd"", ""compRank"", ""compScore"", ""conf"", ""convTier"", ""covStatus"", ""dd"", ""ddPct"", ""ff"", ""firstObs"", ""hist"", ""id"", ""masters"", ""med5"", ""mom"", ""momPct"", ""momState"", ""mos"", ""name"", ""obs"", ""p05"", ""p95"", ""pDbl"", ""pLoss"", ""persist"", ""posRatio"", ""price"", ""r3"", ""r365"", ""r6"", ""ras"", ""rasPct"", ""rating"", ""recScore"", ""regime"", ""retPct"", ""riskRating"", ""riskScore"", ""rl"", ""score"", ""set"", ""signal"", ""stage"", ""target"", ""trend"", ""type"", ""ub"", ""vol"", ""vsT""]"
booster,TCGCSV-2862-246457,246457,Innistrad: Crimson Vow Collector Booster Display,innistrad crimson vow collector booster display,Collector Booster Display,248.1,,0.1408,,0.714,283.03248,,,368.34544339230723,,,479.37,263.65,886.83,95.0,Speculative,60.87,,0.0,"[""ath"", ""atl"", ""cagr"", ""cls"", ""cmd"", ""compRank"", ""compScore"", ""conf"", ""convTier"", ""covStatus"", ""dd"", ""ddPct"", ""ff"", ""firstObs"", ""hist"", ""id"", ""masters"", ""med5"", ""mom"", ""momPct"", ""momState"", ""mos"", ""name"", ""obs"", ""p05"", ""p95"", ""pDbl"", ""pLoss"", ""persist"", ""posRatio"", ""price"", ""r3"", ""r365"", ""r6"", ""ras"", ""rasPct"", ""rating"", ""recScore"", ""regime"", ""retPct"", ""riskRating"", ""riskScore"", ""rl"", ""score"", ""set"", ""signal"", ""stage"", ""target"", ""trend"", ""type"", ""ub"", ""vol"", ""vsT""]"
booster,TCGCSV-81-27295,27295,Onslaught - Booster Box,onslaught booster display,Draft/Traditional Booster Display,1903.38,,0.1375,,-0.0871,2165.09475,,,2801.429628867187,,,3624.79,1993.63,6705.86,95.0,Speculative,60.86,,-0.1344,"[""ath"", ""atl"", ""cagr"", ""cls"", ""cmd"", ""compRank"", ""compScore"", ""conf"", ""convTier"", ""covStatus"", ""dd"", ""ddPct"", ""ff"", ""firstObs"", ""hist"", ""id"", ""masters"", ""med5"", ""mom"", ""momPct"", ""momState"", ""mos"", ""name"", ""obs"", ""p05"", ""p95"", ""pDbl"", ""pLoss"", ""persist"", ""posRatio"", ""price"", ""r3"", ""r365"", ""r6"", ""ras"", ""rasPct"", ""rating"", ""recScore"", ""regime"", ""retPct"", ""riskRating"", ""riskScore"", ""rl"", ""score"", ""set"", ""signal"", ""stage"", ""target"", ""trend"", ""type"", ""ub"", ""vol"", ""vsT""]"
booster,TCGCSV-63-27285,27285,Judgment - Booster Box,judgment booster display,Draft/Traditional Booster Display,811.33,,0.1355,,0.0155,921.265215,,,1187.8427479287036,,,1531.56,842.36,2833.39,95.0,Speculative,60.84,47.85,-0.218,"[""ath"", ""atl"", ""cagr"", ""cls"", ""cmd"", ""compRank"", ""compScore"", ""conf"", ""convTier"", ""covStatus"", ""dd"", ""ddPct"", ""ff"", ""firstObs"", ""hist"", ""id"", ""masters"", ""med5"", ""mom"", ""momPct"", ""momState"", ""mos"", ""name"", ""obs"", ""p05"", ""p95"", ""pDbl"", ""pLoss"", ""persist"", ""posRatio"", ""price"", ""r3"", ""r365"", ""r6"", ""ras"", ""rasPct"", ""rating"", ""recScore"", ""regime"", ""retPct"", ""riskRating"", ""riskScore"", ""rl"", ""score"", ""set"", ""signal"", ""stage"", ""target"", ""trend"", ""type"", ""ub"", ""vol"", ""vsT""]"
booster,TCGCSV-66-27287,27287,Legions - Booster Box,legions booster display,Draft/Traditional Booster Display,845.12,,0.1385,,0.3309,962.16912,,,1247.1465348421202,,,1616.53,889.09,2990.58,95.0,Speculative,60.81,,-0.0853,"[""ath"", ""atl"", ""cagr"", ""cls"", ""cmd"", ""compRank"", ""compScore"", ""conf"", ""convTier"", ""covStatus"", ""dd"", ""ddPct"", ""ff"", ""firstObs"", ""hist"", ""id"", ""masters"", ""med5"", ""mom"", ""momPct"", ""momState"", ""mos"", ""name"", ""obs"", ""p05"", ""p95"", ""pDbl"", ""pLoss"", ""persist"", ""posRatio"", ""price"", ""r3"", ""r365"", ""r6"", ""ras"", ""rasPct"", ""rating"", ""recScore"", ""regime"", ""retPct"", ""riskRating"", ""riskScore"", ""rl"", ""score"", ""set"", ""signal"", ""stage"", ""target"", ""trend"", ""type"", ""ub"", ""vol"", ""vsT""]"
booster,TCGCSV-2199-158423,158423,Dominaria - Booster Box,dominaria booster display,Draft/Traditional Booster Display,202.35,,0.1405,,0.5806,230.780175,,,300.1850625245438,,,390.46,214.75,722.35,95.0,Speculative,60.77,,0.0,"[""ath"", ""atl"", ""cagr"", ""cls"", ""cmd"", ""compRank"", ""compScore"", ""conf"", ""convTier"", ""covStatus"", ""dd"", ""ddPct"", ""ff"", ""firstObs"", ""hist"", ""id"", ""masters"", ""med5"", ""mom"", ""momPct"", ""momState"", ""mos"", ""name"", ""obs"", ""p05"", ""p95"", ""pDbl"", ""pLoss"", ""persist"", ""posRatio"", ""price"", ""r3"", ""r365"", ""r6"", ""ras"", ""rasPct"", ""rating"", ""recScore"", ""regime"", ""retPct"", ""riskRating"", ""riskScore"", ""rl"", ""score"", ""set"", ""signal"", ""stage"", ""target"", ""trend"", ""type"", ""ub"", ""vol"", ""vsT""]"
booster,TCGCSV-1790-118393,118393,Eldritch Moon - Booster Box,eldritch moon booster display,Draft/Traditional Booster Display,300.08,,0.1335,,0.0459,340.14068,,,437.02031379412995,,,561.49,308.82,1038.76,95.0,Speculative,60.0,,0.0,"[""ath"", ""atl"", ""cagr"", ""cls"", ""cmd"", ""compRank"", ""compScore"", ""conf"", ""convTier"", ""covStatus"", ""dd"", ""ddPct"", ""ff"", ""firstObs"", ""hist"", ""id"", ""masters"", ""med5"", ""mom"", ""momPct"", ""momState"", ""mos"", ""name"", ""obs"", ""p05"", ""p95"", ""pDbl"", ""pLoss"", ""persist"", ""posRatio"", ""price"", ""r3"", ""r365"", ""r6"", ""ras"", ""rasPct"", ""rating"", ""recScore"", ""regime"", ""retPct"", ""riskRating"", ""riskScore"", ""rl"", ""score"", ""set"", ""signal"", ""stage"", ""target"", ""trend"", ""type"", ""ub"", ""vol"", ""vsT""]"
booster,TCGCSV-1512-96147,96147,Magic Origins - Booster Box,magic origins booster display,Draft/Traditional Booster Display,165.4,,0.1335,,0.1181,187.4809,,,240.879631770025,,,309.49,170.22,572.56,95.0,Speculative,60.0,,0.0,"[""ath"", ""atl"", ""cagr"", ""cls"", ""cmd"", ""compRank"", ""compScore"", ""conf"", ""convTier"", ""covStatus"", ""dd"", ""ddPct"", ""ff"", ""firstObs"", ""hist"", ""id"", ""masters"", ""med5"", ""mom"", ""momPct"", ""momState"", ""mos"", ""name"", ""obs"", ""p05"", ""p95"", ""pDbl"", ""pLoss"", ""persist"", ""posRatio"", ""price"", ""r3"", ""r365"", ""r6"", ""ras"", ""rasPct"", ""rating"", ""recScore"", ""regime"", ""retPct"", ""riskRating"", ""riskScore"", ""rl"", ""score"", ""set"", ""signal"", ""stage"", ""target"", ""trend"", ""type"", ""ub"", ""vol"", ""vsT""]"
booster,TCGCSV-17670-449559,449559,Dominaria Remastered Collector Booster Display,dominaria remastered collector booster display,Collector Booster Display,497.36,,0.1403,,0.8694,567.1396080000001,,,737.4426090912369,,,958.88,527.38,1773.93,95.0,Speculative,60.73,,0.0,"[""ath"", ""atl"", ""cagr"", ""cls"", ""cmd"", ""compRank"", ""compScore"", ""conf"", ""convTier"", ""covStatus"", ""dd"", ""ddPct"", ""ff"", ""firstObs"", ""hist"", ""id"", ""masters"", ""med5"", ""mom"", ""momPct"", ""momState"", ""mos"", ""name"", ""obs"", ""p05"", ""p95"", ""pDbl"", ""pLoss"", ""persist"", ""posRatio"", ""price"", ""r3"", ""r365"", ""r6"", ""ras"", ""rasPct"", ""rating"", ""recScore"", ""regime"", ""retPct"", ""riskRating"", ""riskScore"", ""rl"", ""score"", ""set"", ""signal"", ""stage"", ""target"", ""trend"", ""type"", ""ub"", ""vol"", ""vsT""]"
booster,TCGCSV-1708-112706,112706,Shadows over Innistrad - Booster Box,shadows over innistrad booster display,Draft/Traditional Booster Display,195.92,,0.1323,,-0.0458,221.840216,,,284.4220707879107,,,364.66,200.56,674.62,95.0,Speculative,59.97,,-0.0458,"[""ath"", ""atl"", ""cagr"", ""cls"", ""cmd"", ""compRank"", ""compScore"", ""conf"", ""convTier"", ""covStatus"", ""dd"", ""ddPct"", ""ff"", ""firstObs"", ""hist"", ""id"", ""masters"", ""med5"", ""mom"", ""momPct"", ""momState"", ""mos"", ""name"", ""obs"", ""p05"", ""p95"", ""pDbl"", ""pLoss"", ""persist"", ""posRatio"", ""price"", ""r3"", ""r365"", ""r6"", ""ras"", ""rasPct"", ""rating"", ""recScore"", ""regime"", ""retPct"", ""riskRating"", ""riskScore"", ""rl"", ""score"", ""set"", ""signal"", ""stage"", ""target"", ""trend"", ""type"", ""ub"", ""vol"", ""vsT""]"
booster,TCGCSV-2360-179444,179444,Ultimate Masters - Booster Box,ultimate masters booster display,Masters Booster Display,510.36,,0.1328,,0.2411,578.135808,,,741.8845892129588,,,952.01,523.61,1761.22,95.0,Speculative,59.95,,-0.0235,"[""ath"", ""atl"", ""cagr"", ""cls"", ""cmd"", ""compRank"", ""compScore"", ""conf"", ""convTier"", ""covStatus"", ""dd"", ""ddPct"", ""ff"", ""firstObs"", ""hist"", ""id"", ""masters"", ""med5"", ""mom"", ""momPct"", ""momState"", ""mos"", ""name"", ""obs"", ""p05"", ""p95"", ""pDbl"", ""pLoss"", ""persist"", ""posRatio"", ""price"", ""r3"", ""r365"", ""r6"", ""ras"", ""rasPct"", ""rating"", ""recScore"", ""regime"", ""retPct"", ""riskRating"", ""riskScore"", ""rl"", ""score"", ""set"", ""signal"", ""stage"", ""target"", ""trend"", ""type"", ""ub"", ""vol"", ""vsT""]"
booster,TCGCSV-17684-451880,451880,Phyrexia: All Will Be One Collector Booster Display,phyrexia all will be one collector booster display,Collector Booster Display,920.02,,0.1401,,1.1457,1048.9148019999998,,,1363.4088397432035,,,1772.2,974.71,3278.57,95.0,Speculative,60.66,,0.0,"[""ath"", ""atl"", ""cagr"", ""cls"", ""cmd"", ""compRank"", ""compScore"", ""conf"", ""convTier"", ""covStatus"", ""dd"", ""ddPct"", ""ff"", ""firstObs"", ""hist"", ""id"", ""masters"", ""med5"", ""mom"", ""momPct"", ""momState"", ""mos"", ""name"", ""obs"", ""p05"", ""p95"", ""pDbl"", ""pLoss"", ""persist"", ""posRatio"", ""price"", ""r3"", ""r365"", ""r6"", ""ras"", ""rasPct"", ""rating"", ""recScore"", ""regime"", ""retPct"", ""riskRating"", ""riskScore"", ""rl"", ""score"", ""set"", ""signal"", ""stage"", ""target"", ""trend"", ""type"", ""ub"", ""vol"", ""vsT""]"
booster,TCGCSV-17684-451876,451876,Phyrexia: All Will Be One - Jumpstart Booster Display,phyrexia all will be one jumpstart booster display,Draft/Traditional Booster Display,133.4,,0.1399,,0.9418,152.06266,,,197.58596417014655,,,256.74,141.21,474.97,95.0,Speculative,60.61,,0.0,"[""ath"", ""atl"", ""cagr"", ""cls"", ""cmd"", ""compRank"", ""compScore"", ""conf"", ""convTier"", ""covStatus"", ""dd"", ""ddPct"", ""ff"", ""firstObs"", ""hist"", ""id"", ""masters"", ""med5"", ""mom"", ""momPct"", ""momState"", ""mos"", ""name"", ""obs"", ""p05"", ""p95"", ""pDbl"", ""pLoss"", ""persist"", ""posRatio"", ""price"", ""r3"", ""r365"", ""r6"", ""ras"", ""rasPct"", ""rating"", ""recScore"", ""regime"", ""retPct"", ""riskRating"", ""riskScore"", ""rl"", ""score"", ""set"", ""signal"", ""stage"", ""target"", ""trend"", ""type"", ""ub"", ""vol"", ""vsT""]"
booster,TCGCSV-120-27317,27317,Visions - Booster Box,visions booster display,Draft/Traditional Booster Display,1383.33,,0.1314,,-0.0763,1565.0995619999999,,,2003.4306733271092,,,2564.52,1410.49,4744.36,95.0,Speculative,60.55,,-0.42,"[""ath"", ""atl"", ""cagr"", ""cls"", ""cmd"", ""compRank"", ""compScore"", ""conf"", ""convTier"", ""covStatus"", ""dd"", ""ddPct"", ""ff"", ""firstObs"", ""hist"", ""id"", ""masters"", ""med5"", ""mom"", ""momPct"", ""momState"", ""mos"", ""name"", ""obs"", ""p05"", ""p95"", ""pDbl"", ""pLoss"", ""persist"", ""posRatio"", ""price"", ""r3"", ""r365"", ""r6"", ""ras"", ""rasPct"", ""rating"", ""recScore"", ""regime"", ""retPct"", ""riskRating"", ""riskScore"", ""rl"", ""score"", ""set"", ""signal"", ""stage"", ""target"", ""trend"", ""type"", ""ub"", ""vol"", ""vsT""]"
booster,TCGCSV-569-67311,67311,Gatecrash - Booster Box,gatecrash booster display,Draft/Traditional Booster Display,149.86,,0.1328,,0.1782,169.76140800000002,,,217.84392299446276,,,279.55,153.75,517.17,95.0,Speculative,59.79,,-0.0021,"[""ath"", ""atl"", ""cagr"", ""cls"", ""cmd"", ""compRank"", ""compScore"", ""conf"", ""convTier"", ""covStatus"", ""dd"", ""ddPct"", ""ff"", ""firstObs"", ""hist"", ""id"", ""masters"", ""med5"", ""mom"", ""momPct"", ""momState"", ""mos"", ""name"", ""obs"", ""p05"", ""p95"", ""pDbl"", ""pLoss"", ""persist"", ""posRatio"", ""price"", ""r3"", ""r365"", ""r6"", ""ras"", ""rasPct"", ""rating"", ""recScore"", ""regime"", ""retPct"", ""riskRating"", ""riskScore"", ""rl"", ""score"", ""set"", ""signal"", ""stage"", ""target"", ""trend"", ""type"", ""ub"", ""vol"", ""vsT""]"
booster,TCGCSV-113-27312,27312,Unglued - Booster Box,unglued booster display,Draft/Traditional Booster Display,1823.97,,0.1311,,0.5099,2063.092467,,,2639.494115327147,,,3376.94,1857.32,6247.34,95.0,Speculative,60.45,,-0.3486,"[""ath"", ""atl"", ""cagr"", ""cls"", ""cmd"", ""compRank"", ""compScore"", ""conf"", ""convTier"", ""covStatus"", ""dd"", ""ddPct"", ""ff"", ""firstObs"", ""hist"", ""id"", ""masters"", ""med5"", ""mom"", ""momPct"", ""momState"", ""mos"", ""name"", ""obs"", ""p05"", ""p95"", ""pDbl"", ""pLoss"", ""persist"", ""posRatio"", ""price"", ""r3"", ""r365"", ""r6"", ""ras"", ""rasPct"", ""rating"", ""recScore"", ""regime"", ""retPct"", ""riskRating"", ""riskScore"", ""rl"", ""score"", ""set"", ""signal"", ""stage"", ""target"", ""trend"", ""type"", ""ub"", ""vol"", ""vsT""]"
booster,TCGCSV-1882-127174,127174,Amonkhet - Booster Box,amonkhet booster display,Draft/Traditional Booster Display,342.37,,0.1313,,0.2877,387.323181,,,495.71157990085385,,,634.43,348.94,1173.7,95.0,Speculative,59.66,,-0.0446,"[""ath"", ""atl"", ""cagr"", ""cls"", ""cmd"", ""compRank"", ""compScore"", ""conf"", ""convTier"", ""covStatus"", ""dd"", ""ddPct"", ""ff"", ""firstObs"", ""hist"", ""id"", ""masters"", ""med5"", ""mom"", ""momPct"", ""momState"", ""mos"", ""name"", ""obs"", ""p05"", ""p95"", ""pDbl"", ""pLoss"", ""persist"", ""posRatio"", ""price"", ""r3"", ""r365"", ""r6"", ""ras"", ""rasPct"", ""rating"", ""recScore"", ""regime"", ""retPct"", ""riskRating"", ""riskScore"", ""rl"", ""score"", ""set"", ""signal"", ""stage"", ""target"", ""trend"", ""type"", ""ub"", ""vol"", ""vsT""]"
booster,TCGCSV-101-27305,27305,Scourge - Booster Box,scourge booster display,Draft/Traditional Booster Display,796.29,,0.139,,0.264,906.97431,,,1176.6368188235099,,,1526.48,839.56,2823.99,95.0,Speculative,60.4,,-0.0108,"[""ath"", ""atl"", ""cagr"", ""cls"", ""cmd"", ""compRank"", ""compScore"", ""conf"", ""convTier"", ""covStatus"", ""dd"", ""ddPct"", ""ff"", ""firstObs"", ""hist"", ""id"", ""masters"", ""med5"", ""mom"", ""momPct"", ""momState"", ""mos"", ""name"", ""obs"", ""p05"", ""p95"", ""pDbl"", ""pLoss"", ""persist"", ""posRatio"", ""price"", ""r3"", ""r365"", ""r6"", ""ras"", ""rasPct"", ""rating"", ""recScore"", ""regime"", ""retPct"", ""riskRating"", ""riskScore"", ""rl"", ""score"", ""set"", ""signal"", ""stage"", ""target"", ""trend"", ""type"", ""ub"", ""vol"", ""vsT""]"
booster,TCGCSV-17670-449558,449558,Dominaria Remastered - Draft Booster Box,dominaria remastered draft booster display,Draft/Traditional Booster Display,266.63,,0.1389,,0.7174,303.664907,,,393.8816889849815,,,510.9,281.0,945.16,95.0,Speculative,60.29,,0.0,"[""ath"", ""atl"", ""cagr"", ""cls"", ""cmd"", ""compRank"", ""compScore"", ""conf"", ""convTier"", ""covStatus"", ""dd"", ""ddPct"", ""ff"", ""firstObs"", ""hist"", ""id"", ""masters"", ""med5"", ""mom"", ""momPct"", ""momState"", ""mos"", ""name"", ""obs"", ""p05"", ""p95"", ""pDbl"", ""pLoss"", ""persist"", ""posRatio"", ""price"", ""r3"", ""r365"", ""r6"", ""ras"", ""rasPct"", ""rating"", ""recScore"", ""regime"", ""retPct"", ""riskRating"", ""riskScore"", ""rl"", ""score"", ""set"", ""signal"", ""stage"", ""target"", ""trend"", ""type"", ""ub"", ""vol"", ""vsT""]"
booster,TCGCSV-2958-275406,275406,Unfinity Collector Booster Display,unfinity collector booster display,Collector Booster Display,335.93,,0.1389,,0.4423,382.590677,,,496.2557693460032,,,643.69,354.03,1190.83,95.0,Speculative,60.28,,0.0,"[""ath"", ""atl"", ""cagr"", ""cls"", ""cmd"", ""compRank"", ""compScore"", ""conf"", ""convTier"", ""covStatus"", ""dd"", ""ddPct"", ""ff"", ""firstObs"", ""hist"", ""id"", ""masters"", ""med5"", ""mom"", ""momPct"", ""momState"", ""mos"", ""name"", ""obs"", ""p05"", ""p95"", ""pDbl"", ""pLoss"", ""persist"", ""posRatio"", ""price"", ""r3"", ""r365"", ""r6"", ""ras"", ""rasPct"", ""rating"", ""recScore"", ""regime"", ""retPct"", ""riskRating"", ""riskScore"", ""rl"", ""score"", ""set"", ""signal"", ""stage"", ""target"", ""trend"", ""type"", ""ub"", ""vol"", ""vsT""]"
booster,TCGCSV-2958-275404,275404,Unfinity - Draft Booster Box,unfinity draft booster display,Draft/Traditional Booster Display,171.99,,0.1388,,0.6192,195.86221200000003,,,254.00693374475333,,,329.41,181.18,609.41,95.0,Speculative,60.25,,0.0,"[""ath"", ""atl"", ""cagr"", ""cls"", ""cmd"", ""compRank"", ""compScore"", ""conf"", ""convTier"", ""covStatus"", ""dd"", ""ddPct"", ""ff"", ""firstObs"", ""hist"", ""id"", ""masters"", ""med5"", ""mom"", ""momPct"", ""momState"", ""mos"", ""name"", ""obs"", ""p05"", ""p95"", ""pDbl"", ""pLoss"", ""persist"", ""posRatio"", ""price"", ""r3"", ""r365"", ""r6"", ""ras"", ""rasPct"", ""rating"", ""recScore"", ""regime"", ""retPct"", ""riskRating"", ""riskScore"", ""rl"", ""score"", ""set"", ""signal"", ""stage"", ""target"", ""trend"", ""type"", ""ub"", ""vol"", ""vsT""]"
booster,TCGCSV-2568-202303,202303,Theros Beyond Death - Theme Booster Display Box,theros beyond death theme booster display box,Draft/Traditional Booster Display,87.35,,0.1343,,-0.1262,99.08110500000001,,,127.48136516252147,,,164.02,90.21,303.44,95.0,Speculative,60.24,,-0.1874,"[""ath"", ""atl"", ""cagr"", ""cls"", ""cmd"", ""compRank"", ""compScore"", ""conf"", ""convTier"", ""covStatus"", ""dd"", ""ddPct"", ""ff"", ""firstObs"", ""hist"", ""id"", ""masters"", ""med5"", ""mom"", ""momPct"", ""momState"", ""mos"", ""name"", ""obs"", ""p05"", ""p95"", ""pDbl"", ""pLoss"", ""persist"", ""posRatio"", ""price"", ""r3"", ""r365"", ""r6"", ""ras"", ""rasPct"", ""rating"", ""recScore"", ""regime"", ""retPct"", ""riskRating"", ""riskScore"", ""rl"", ""score"", ""set"", ""signal"", ""stage"", ""target"", ""trend"", ""type"", ""ub"", ""vol"", ""vsT""]"
booster,TCGCSV-2773-233232,233232,Strixhaven: School of Mages Collector Booster Display,strixhaven school of mages collector booster display,Collector Booster Display,622.76,,0.1387,,0.851,709.136812,,,919.4935178056444,,,1192.25,655.74,2205.66,95.0,Speculative,60.21,,0.0,"[""ath"", ""atl"", ""cagr"", ""cls"", ""cmd"", ""compRank"", ""compScore"", ""conf"", ""convTier"", ""covStatus"", ""dd"", ""ddPct"", ""ff"", ""firstObs"", ""hist"", ""id"", ""masters"", ""med5"", ""mom"", ""momPct"", ""momState"", ""mos"", ""name"", ""obs"", ""p05"", ""p95"", ""pDbl"", ""pLoss"", ""persist"", ""posRatio"", ""price"", ""r3"", ""r365"", ""r6"", ""ras"", ""rasPct"", ""rating"", ""recScore"", ""regime"", ""retPct"", ""riskRating"", ""riskScore"", ""rl"", ""score"", ""set"", ""signal"", ""stage"", ""target"", ""trend"", ""type"", ""ub"", ""vol"", ""vsT""]"
booster,TCGCSV-2823-238730,238730,Adventures in the Forgotten Realms - Draft Booster Box,adventures in the forgotten realms draft booster display,Draft/Traditional Booster Display,218.76,,0.1386,,0.4492,249.080136,,,322.9099691485546,,,418.62,230.24,774.45,95.0,Speculative,60.18,,0.0,"[""ath"", ""atl"", ""cagr"", ""cls"", ""cmd"", ""compRank"", ""compScore"", ""conf"", ""convTier"", ""covStatus"", ""dd"", ""ddPct"", ""ff"", ""firstObs"", ""hist"", ""id"", ""masters"", ""med5"", ""mom"", ""momPct"", ""momState"", ""mos"", ""name"", ""obs"", ""p05"", ""p95"", ""pDbl"", ""pLoss"", ""persist"", ""posRatio"", ""price"", ""r3"", ""r365"", ""r6"", ""ras"", ""rasPct"", ""rating"", ""recScore"", ""regime"", ""retPct"", ""riskRating"", ""riskScore"", ""rl"", ""score"", ""set"", ""signal"", ""stage"", ""target"", ""trend"", ""type"", ""ub"", ""vol"", ""vsT""]"
booster,TCGCSV-23848-594681,594681,Innistrad Remastered Collector Booster Display,innistrad remastered collector booster display,Collector Booster Display,413.81,,0.1383,,0.6522,471.03992300000004,,,610.3390944946296,,,790.83,434.96,1463.04,95.0,Speculative,60.1,,0.0,"[""ath"", ""atl"", ""cagr"", ""cls"", ""cmd"", ""compRank"", ""compScore"", ""conf"", ""convTier"", ""covStatus"", ""dd"", ""ddPct"", ""ff"", ""firstObs"", ""hist"", ""id"", ""masters"", ""med5"", ""mom"", ""momPct"", ""momState"", ""mos"", ""name"", ""obs"", ""p05"", ""p95"", ""pDbl"", ""pLoss"", ""persist"", ""posRatio"", ""price"", ""r3"", ""r365"", ""r6"", ""ras"", ""rasPct"", ""rating"", ""recScore"", ""regime"", ""retPct"", ""riskRating"", ""riskScore"", ""rl"", ""score"", ""set"", ""signal"", ""stage"", ""target"", ""trend"", ""type"", ""ub"", ""vol"", ""vsT""]"
booster,TCGCSV-1144-70960,70960,Theros - Booster Box,theros booster display,Draft/Traditional Booster Display,286.99,,0.1382,,0.6007,326.652018,,,423.1774410634662,,,548.23,301.53,1014.23,95.0,Speculative,60.08,,-0.0009,"[""ath"", ""atl"", ""cagr"", ""cls"", ""cmd"", ""compRank"", ""compScore"", ""conf"", ""convTier"", ""covStatus"", ""dd"", ""ddPct"", ""ff"", ""firstObs"", ""hist"", ""id"", ""masters"", ""med5"", ""mom"", ""momPct"", ""momState"", ""mos"", ""name"", ""obs"", ""p05"", ""p95"", ""pDbl"", ""pLoss"", ""persist"", ""posRatio"", ""price"", ""r3"", ""r365"", ""r6"", ""ras"", ""rasPct"", ""rating"", ""recScore"", ""regime"", ""retPct"", ""riskRating"", ""riskScore"", ""rl"", ""score"", ""set"", ""signal"", ""stage"", ""target"", ""trend"", ""type"", ""ub"", ""vol"", ""vsT""]"
booster,TCGCSV-3047-267019,267019,Commander Legends: Battle for Baldur's Gate - Draft Booster Box,commander legends battle for baldur s gate draft booster display,Draft/Traditional Booster Display,279.5,,0.1382,,1.0506,318.1269,,,412.13315717355584,,,533.92,293.66,987.75,95.0,Speculative,60.06,,0.0,"[""ath"", ""atl"", ""cagr"", ""cls"", ""cmd"", ""compRank"", ""compScore"", ""conf"", ""convTier"", ""covStatus"", ""dd"", ""ddPct"", ""ff"", ""firstObs"", ""hist"", ""id"", ""masters"", ""med5"", ""mom"", ""momPct"", ""momState"", ""mos"", ""name"", ""obs"", ""p05"", ""p95"", ""pDbl"", ""pLoss"", ""persist"", ""posRatio"", ""price"", ""r3"", ""r365"", ""r6"", ""ras"", ""rasPct"", ""rating"", ""recScore"", ""regime"", ""retPct"", ""riskRating"", ""riskScore"", ""rl"", ""score"", ""set"", ""signal"", ""stage"", ""target"", ""trend"", ""type"", ""ub"", ""vol"", ""vsT""]"
booster,TCGCSV-23556-562122,562122,Foundations Collector Booster Display,foundations collector booster display,Collector Booster Display,737.34,,0.1381,,0.7126,839.1666540000001,,,1086.9487429848934,,,1407.89,774.34,2604.6,95.0,Speculative,60.02,,0.0,"[""ath"", ""atl"", ""cagr"", ""cls"", ""cmd"", ""compRank"", ""compScore"", ""conf"", ""convTier"", ""covStatus"", ""dd"", ""ddPct"", ""ff"", ""firstObs"", ""hist"", ""id"", ""masters"", ""med5"", ""mom"", ""momPct"", ""momState"", ""mos"", ""name"", ""obs"", ""p05"", ""p95"", ""pDbl"", ""pLoss"", ""persist"", ""posRatio"", ""price"", ""r3"", ""r365"", ""r6"", ""ras"", ""rasPct"", ""rating"", ""recScore"", ""regime"", ""retPct"", ""riskRating"", ""riskScore"", ""rl"", ""score"", ""set"", ""signal"", ""stage"", ""target"", ""trend"", ""type"", ""ub"", ""vol"", ""vsT""]"
booster,TCGCSV-23439-541090,541090,Outlaws of Thunder Junction Collector Booster Display,outlaws of thunder junction collector booster display,Collector Booster Display,406.91,,0.138,,0.7717,463.06358,,,599.6877108975199,,,776.62,427.14,1436.75,95.0,Speculative,60.0,,0.0,"[""ath"", ""atl"", ""cagr"", ""cls"", ""cmd"", ""compRank"", ""compScore"", ""conf"", ""convTier"", ""covStatus"", ""dd"", ""ddPct"", ""ff"", ""firstObs"", ""hist"", ""id"", ""masters"", ""med5"", ""mom"", ""momPct"", ""momState"", ""mos"", ""name"", ""obs"", ""p05"", ""p95"", ""pDbl"", ""pLoss"", ""persist"", ""posRatio"", ""price"", ""r3"", ""r365"", ""r6"", ""ras"", ""rasPct"", ""rating"", ""recScore"", ""regime"", ""retPct"", ""riskRating"", ""riskScore"", ""rl"", ""score"", ""set"", ""signal"", ""stage"", ""target"", ""trend"", ""type"", ""ub"", ""vol"", ""vsT""]"
booster,TCGCSV-74-27290,27290,Mirage - Booster Box,mirage booster display,Draft/Traditional Booster Display,2341.65,,0.1304,,-0.0206,2647.0011600000003,,,3382.349093772826,,,4321.98,2377.09,7995.66,95.0,Speculative,59.23,,-0.0265,"[""ath"", ""atl"", ""cagr"", ""cls"", ""cmd"", ""compRank"", ""compScore"", ""conf"", ""convTier"", ""covStatus"", ""dd"", ""ddPct"", ""ff"", ""firstObs"", ""hist"", ""id"", ""masters"", ""med5"", ""mom"", ""momPct"", ""momState"", ""mos"", ""name"", ""obs"", ""p05"", ""p95"", ""pDbl"", ""pLoss"", ""persist"", ""posRatio"", ""price"", ""r3"", ""r365"", ""r6"", ""ras"", ""rasPct"", ""rating"", ""recScore"", ""regime"", ""retPct"", ""riskRating"", ""riskScore"", ""rl"", ""score"", ""set"", ""signal"", ""stage"", ""target"", ""trend"", ""type"", ""ub"", ""vol"", ""vsT""]"
booster,TCGCSV-2773-233249,233249,Strixhaven: School of Mages - Draft Booster Box,strixhaven school of mages draft booster display,Draft/Traditional Booster Display,200.98,,0.1377,,0.7917,228.65494599999997,,,295.96211086944027,,,383.08,210.69,708.7,95.0,Speculative,59.92,,-0.0022,"[""ath"", ""atl"", ""cagr"", ""cls"", ""cmd"", ""compRank"", ""compScore"", ""conf"", ""convTier"", ""covStatus"", ""dd"", ""ddPct"", ""ff"", ""firstObs"", ""hist"", ""id"", ""masters"", ""med5"", ""mom"", ""momPct"", ""momState"", ""mos"", ""name"", ""obs"", ""p05"", ""p95"", ""pDbl"", ""pLoss"", ""persist"", ""posRatio"", ""price"", ""r3"", ""r365"", ""r6"", ""ras"", ""rasPct"", ""rating"", ""recScore"", ""regime"", ""retPct"", ""riskRating"", ""riskScore"", ""rl"", ""score"", ""set"", ""signal"", ""stage"", ""target"", ""trend"", ""type"", ""ub"", ""vol"", ""vsT""]"
booster,TCGCSV-1645-102715,102715,Battle for Zendikar - Booster Box,battle for zendikar booster display,Draft/Traditional Booster Display,207.11,,0.1367,,0.1339,235.421937,,,304.18559841610596,,,393.03,216.17,727.11,95.0,Speculative,59.9,,-0.0402,"[""ath"", ""atl"", ""cagr"", ""cls"", ""cmd"", ""compRank"", ""compScore"", ""conf"", ""convTier"", ""covStatus"", ""dd"", ""ddPct"", ""ff"", ""firstObs"", ""hist"", ""id"", ""masters"", ""med5"", ""mom"", ""momPct"", ""momState"", ""mos"", ""name"", ""obs"", ""p05"", ""p95"", ""pDbl"", ""pLoss"", ""persist"", ""posRatio"", ""price"", ""r3"", ""r365"", ""r6"", ""ras"", ""rasPct"", ""rating"", ""recScore"", ""regime"", ""retPct"", ""riskRating"", ""riskScore"", ""rl"", ""score"", ""set"", ""signal"", ""stage"", ""target"", ""trend"", ""type"", ""ub"", ""vol"", ""vsT""]"
booster,TCGCSV-1356-91650,91650,Khans of Tarkir - Booster Box,khans of tarkir booster display,Draft/Traditional Booster Display,267.85,,0.1376,,0.303,304.70616,,,394.33052853596155,,,510.32,280.68,944.09,95.0,Speculative,59.86,,0.0,"[""ath"", ""atl"", ""cagr"", ""cls"", ""cmd"", ""compRank"", ""compScore"", ""conf"", ""convTier"", ""covStatus"", ""dd"", ""ddPct"", ""ff"", ""firstObs"", ""hist"", ""id"", ""masters"", ""med5"", ""mom"", ""momPct"", ""momState"", ""mos"", ""name"", ""obs"", ""p05"", ""p95"", ""pDbl"", ""pLoss"", ""persist"", ""posRatio"", ""price"", ""r3"", ""r365"", ""r6"", ""ras"", ""rasPct"", ""rating"", ""recScore"", ""regime"", ""retPct"", ""riskRating"", ""riskScore"", ""rl"", ""score"", ""set"", ""signal"", ""stage"", ""target"", ""trend"", ""type"", ""ub"", ""vol"", ""vsT""]"
booster,TCGCSV-87-27299,27299,Portal Second Age - Booster Box,portal second age booster display,Draft/Traditional Booster Display,2999.99,,0.1291,,-0.0909,3387.288709,,,4318.341950991848,,,5505.31,3027.92,10184.82,95.0,Speculative,59.86,,-0.9354,"[""ath"", ""atl"", ""cagr"", ""cls"", ""cmd"", ""compRank"", ""compScore"", ""conf"", ""convTier"", ""covStatus"", ""dd"", ""ddPct"", ""ff"", ""firstObs"", ""hist"", ""id"", ""masters"", ""med5"", ""mom"", ""momPct"", ""momState"", ""mos"", ""name"", ""obs"", ""p05"", ""p95"", ""pDbl"", ""pLoss"", ""persist"", ""posRatio"", ""price"", ""r3"", ""r365"", ""r6"", ""ras"", ""rasPct"", ""rating"", ""recScore"", ""regime"", ""retPct"", ""riskRating"", ""riskScore"", ""rl"", ""score"", ""set"", ""signal"", ""stage"", ""target"", ""trend"", ""type"", ""ub"", ""vol"", ""vsT""]"
booster,TCGCSV-114-79290,79290,Unhinged - Booster Box,unhinged booster display,Draft/Traditional Booster Display,950.0,,0.1314,,0.4037,1074.83,,,1375.8532957868,,,1761.18,968.65,3258.18,95.0,Speculative,59.84,,-0.2534,"[""ath"", ""atl"", ""cagr"", ""cls"", ""cmd"", ""compRank"", ""compScore"", ""conf"", ""convTier"", ""covStatus"", ""dd"", ""ddPct"", ""ff"", ""firstObs"", ""hist"", ""id"", ""masters"", ""med5"", ""mom"", ""momPct"", ""momState"", ""mos"", ""name"", ""obs"", ""p05"", ""p95"", ""pDbl"", ""pLoss"", ""persist"", ""posRatio"", ""price"", ""r3"", ""r365"", ""r6"", ""ras"", ""rasPct"", ""rating"", ""recScore"", ""regime"", ""retPct"", ""riskRating"", ""riskScore"", ""rl"", ""score"", ""set"", ""signal"", ""stage"", ""target"", ""trend"", ""type"", ""ub"", ""vol"", ""vsT""]"
booster,TCGCSV-3157-449719,449719,The Brothers' War - Jumpstart Booster Display,the brothers war jumpstart booster display,Draft/Traditional Booster Display,88.7,,0.1374,,0.463,100.88738,,,130.51586065804878,,,168.85,92.87,312.37,95.0,Speculative,59.81,,0.0,"[""ath"", ""atl"", ""cagr"", ""cls"", ""cmd"", ""compRank"", ""compScore"", ""conf"", ""convTier"", ""covStatus"", ""dd"", ""ddPct"", ""ff"", ""firstObs"", ""hist"", ""id"", ""masters"", ""med5"", ""mom"", ""momPct"", ""momState"", ""mos"", ""name"", ""obs"", ""p05"", ""p95"", ""pDbl"", ""pLoss"", ""persist"", ""posRatio"", ""price"", ""r3"", ""r365"", ""r6"", ""ras"", ""rasPct"", ""rating"", ""recScore"", ""regime"", ""retPct"", ""riskRating"", ""riskScore"", ""rl"", ""score"", ""set"", ""signal"", ""stage"", ""target"", ""trend"", ""type"", ""ub"", ""vol"", ""vsT""]"
booster,TCGCSV-2750-229245,229245,Kaldheim - Theme Booster Display Box,kaldheim theme booster display box,Draft/Traditional Booster Display,94.58,,0.1282,,0.0667,106.705156,,,135.81808284649748,,,172.87,95.08,319.81,95.0,Speculative,59.05,,-0.0927,"[""ath"", ""atl"", ""cagr"", ""cls"", ""cmd"", ""compRank"", ""compScore"", ""conf"", ""convTier"", ""covStatus"", ""dd"", ""ddPct"", ""ff"", ""firstObs"", ""hist"", ""id"", ""masters"", ""med5"", ""mom"", ""momPct"", ""momState"", ""mos"", ""name"", ""obs"", ""p05"", ""p95"", ""pDbl"", ""pLoss"", ""persist"", ""posRatio"", ""price"", ""r3"", ""r365"", ""r6"", ""ras"", ""rasPct"", ""rating"", ""recScore"", ""regime"", ""retPct"", ""riskRating"", ""riskScore"", ""rl"", ""score"", ""set"", ""signal"", ""stage"", ""target"", ""trend"", ""type"", ""ub"", ""vol"", ""vsT""]"
booster,TCGCSV-2708-221319,221319,Commander Legends - Draft Booster Box,commander legends draft booster display,Draft/Traditional Booster Display,259.67,,0.1373,,0.5851,295.322691,,,381.98551564022137,,,494.08,271.74,914.05,95.0,Speculative,59.78,,0.0,"[""ath"", ""atl"", ""cagr"", ""cls"", ""cmd"", ""compRank"", ""compScore"", ""conf"", ""convTier"", ""covStatus"", ""dd"", ""ddPct"", ""ff"", ""firstObs"", ""hist"", ""id"", ""masters"", ""med5"", ""mom"", ""momPct"", ""momState"", ""mos"", ""name"", ""obs"", ""p05"", ""p95"", ""pDbl"", ""pLoss"", ""persist"", ""posRatio"", ""price"", ""r3"", ""r365"", ""r6"", ""ras"", ""rasPct"", ""rating"", ""recScore"", ""regime"", ""retPct"", ""riskRating"", ""riskScore"", ""rl"", ""score"", ""set"", ""signal"", ""stage"", ""target"", ""trend"", ""type"", ""ub"", ""vol"", ""vsT""]"
booster,TCGCSV-2862-246467,246467,Innistrad: Crimson Vow - Draft Booster Box,innistrad crimson vow draft booster display,Draft/Traditional Booster Display,129.13,,0.1363,,0.5363,146.730419,,,189.45504345715216,,,244.62,134.54,452.55,95.0,Speculative,59.75,,-0.0361,"[""ath"", ""atl"", ""cagr"", ""cls"", ""cmd"", ""compRank"", ""compScore"", ""conf"", ""convTier"", ""covStatus"", ""dd"", ""ddPct"", ""ff"", ""firstObs"", ""hist"", ""id"", ""masters"", ""med5"", ""mom"", ""momPct"", ""momState"", ""mos"", ""name"", ""obs"", ""p05"", ""p95"", ""pDbl"", ""pLoss"", ""persist"", ""posRatio"", ""price"", ""r3"", ""r365"", ""r6"", ""ras"", ""rasPct"", ""rating"", ""recScore"", ""regime"", ""retPct"", ""riskRating"", ""riskScore"", ""rl"", ""score"", ""set"", ""signal"", ""stage"", ""target"", ""trend"", ""type"", ""ub"", ""vol"", ""vsT""]"
booster,TCGCSV-24463-656322,656322,Lorwyn Eclipsed Collector Booster Display,lorwyn eclipsed collector booster display,Collector Booster Display,381.46,,0.132,,,431.81272,,,553.3351829132802,,,709.06,389.98,1311.76,91.7,Speculative,59.71,,-0.3696,"[""ath"", ""atl"", ""cagr"", ""cls"", ""cmd"", ""compRank"", ""compScore"", ""conf"", ""convTier"", ""covStatus"", ""dd"", ""ddPct"", ""ff"", ""firstObs"", ""hist"", ""id"", ""masters"", ""med5"", ""mom"", ""momPct"", ""momState"", ""mos"", ""name"", ""obs"", ""p05"", ""p95"", ""pDbl"", ""pLoss"", ""persist"", ""posRatio"", ""price"", ""r3"", ""r365"", ""r6"", ""ras"", ""rasPct"", ""rating"", ""recScore"", ""regime"", ""retPct"", ""riskRating"", ""riskScore"", ""rl"", ""score"", ""set"", ""signal"", ""stage"", ""target"", ""trend"", ""type"", ""ub"", ""vol"", ""vsT""]"
booster,TCGCSV-1-27257,27257,10th Edition - Booster Box,10th edition booster display,Draft/Traditional Booster Display,937.37,,0.129,,-0.0665,1058.29073,,,1348.94075437793,,,1719.42,945.68,3180.93,95.0,Speculative,59.66,,-0.3293,"[""ath"", ""atl"", ""cagr"", ""cls"", ""cmd"", ""compRank"", ""compScore"", ""conf"", ""convTier"", ""covStatus"", ""dd"", ""ddPct"", ""ff"", ""firstObs"", ""hist"", ""id"", ""masters"", ""med5"", ""mom"", ""momPct"", ""momState"", ""mos"", ""name"", ""obs"", ""p05"", ""p95"", ""pDbl"", ""pLoss"", ""persist"", ""posRatio"", ""price"", ""r3"", ""r365"", ""r6"", ""ras"", ""rasPct"", ""rating"", ""recScore"", ""regime"", ""retPct"", ""riskRating"", ""riskScore"", ""rl"", ""score"", ""set"", ""signal"", ""stage"", ""target"", ""trend"", ""type"", ""ub"", ""vol"", ""vsT""]"
booster,TCGCSV-2864-244384,244384,Innistrad: Midnight Hunt Collector Booster Display,innistrad midnight hunt collector booster display,Collector Booster Display,212.26,,0.1367,,0.4962,241.275942,,,311.7494815306004,,,402.81,221.55,745.2,95.0,Speculative,59.59,,0.0,"[""ath"", ""atl"", ""cagr"", ""cls"", ""cmd"", ""compRank"", ""compScore"", ""conf"", ""convTier"", ""covStatus"", ""dd"", ""ddPct"", ""ff"", ""firstObs"", ""hist"", ""id"", ""masters"", ""med5"", ""mom"", ""momPct"", ""momState"", ""mos"", ""name"", ""obs"", ""p05"", ""p95"", ""pDbl"", ""pLoss"", ""persist"", ""posRatio"", ""price"", ""r3"", ""r365"", ""r6"", ""ras"", ""rasPct"", ""rating"", ""recScore"", ""regime"", ""retPct"", ""riskRating"", ""riskScore"", ""rl"", ""score"", ""set"", ""signal"", ""stage"", ""target"", ""trend"", ""type"", ""ub"", ""vol"", ""vsT""]"
booster,TCGCSV-3102-275412,275412,Dominaria United Collector Booster Display,dominaria united collector booster display,Collector Booster Display,311.2,,0.1366,,0.4529,353.70992,,,456.94354161883524,,,590.31,324.67,1092.07,95.0,Speculative,59.56,,0.0,"[""ath"", ""atl"", ""cagr"", ""cls"", ""cmd"", ""compRank"", ""compScore"", ""conf"", ""convTier"", ""covStatus"", ""dd"", ""ddPct"", ""ff"", ""firstObs"", ""hist"", ""id"", ""masters"", ""med5"", ""mom"", ""momPct"", ""momState"", ""mos"", ""name"", ""obs"", ""p05"", ""p95"", ""pDbl"", ""pLoss"", ""persist"", ""posRatio"", ""price"", ""r3"", ""r365"", ""r6"", ""ras"", ""rasPct"", ""rating"", ""recScore"", ""regime"", ""retPct"", ""riskRating"", ""riskScore"", ""rl"", ""score"", ""set"", ""signal"", ""stage"", ""target"", ""trend"", ""type"", ""ub"", ""vol"", ""vsT""]"
booster,TCGCSV-2750-228249,228249,Kaldheim Collector Booster Display,kaldheim collector booster display,Collector Booster Display,313.14,,0.1366,,0.5666,355.914924,,,459.7920971160735,,,593.99,326.69,1098.88,95.0,Speculative,59.56,,0.0,"[""ath"", ""atl"", ""cagr"", ""cls"", ""cmd"", ""compRank"", ""compScore"", ""conf"", ""convTier"", ""covStatus"", ""dd"", ""ddPct"", ""ff"", ""firstObs"", ""hist"", ""id"", ""masters"", ""med5"", ""mom"", ""momPct"", ""momState"", ""mos"", ""name"", ""obs"", ""p05"", ""p95"", ""pDbl"", ""pLoss"", ""persist"", ""posRatio"", ""price"", ""r3"", ""r365"", ""r6"", ""ras"", ""rasPct"", ""rating"", ""recScore"", ""regime"", ""retPct"", ""riskRating"", ""riskScore"", ""rl"", ""score"", ""set"", ""signal"", ""stage"", ""target"", ""trend"", ""type"", ""ub"", ""vol"", ""vsT""]"
booster,TCGCSV-24421-648679,648679,Avatar: The Last Airbender - Jumpstart Booster Display,avatar the last airbender jumpstart booster display,Draft/Traditional Booster Display,79.36,,0.1282,,,89.53395200000001,,,113.96196928206851,,,145.05,79.78,268.34,95.0,Speculative,59.55,,-0.563,"[""ath"", ""atl"", ""cagr"", ""cls"", ""cmd"", ""compRank"", ""compScore"", ""conf"", ""convTier"", ""covStatus"", ""dd"", ""ddPct"", ""ff"", ""firstObs"", ""hist"", ""id"", ""masters"", ""med5"", ""mom"", ""momPct"", ""momState"", ""mos"", ""name"", ""obs"", ""p05"", ""p95"", ""pDbl"", ""pLoss"", ""persist"", ""posRatio"", ""price"", ""r3"", ""r365"", ""r6"", ""ras"", ""rasPct"", ""rating"", ""recScore"", ""regime"", ""retPct"", ""riskRating"", ""riskScore"", ""rl"", ""score"", ""set"", ""signal"", ""stage"", ""target"", ""trend"", ""type"", ""ub"", ""vol"", ""vsT""]"
booster,TCGCSV-23792-562156,562156,Magic: The Gathering Foundations - Jumpstart Booster Display,magic the gathering foundations jumpstart booster display,Draft/Traditional Booster Display,90.23,,0.1311,,-0.0517,102.05915300000001,,,130.57317501163314,,,167.05,91.88,309.04,95.0,Speculative,59.48,,-0.2183,"[""ath"", ""atl"", ""cagr"", ""cls"", ""cmd"", ""compRank"", ""compScore"", ""conf"", ""convTier"", ""covStatus"", ""dd"", ""ddPct"", ""ff"", ""firstObs"", ""hist"", ""id"", ""masters"", ""med5"", ""mom"", ""momPct"", ""momState"", ""mos"", ""name"", ""obs"", ""p05"", ""p95"", ""pDbl"", ""pLoss"", ""persist"", ""posRatio"", ""price"", ""r3"", ""r365"", ""r6"", ""ras"", ""rasPct"", ""rating"", ""recScore"", ""regime"", ""retPct"", ""riskRating"", ""riskScore"", ""rl"", ""score"", ""set"", ""signal"", ""stage"", ""target"", ""trend"", ""type"", ""ub"", ""vol"", ""vsT""]"
booster,TCGCSV-73-27289,27289,Mercadian Masques - Booster Box,mercadian masques booster display,Draft/Traditional Booster Display,3000.0,,0.1328,,0.1111,3398.4,,,4360.948678656,,,5596.13,3077.87,10352.84,95.0,Speculative,59.45,,-0.1416,"[""ath"", ""atl"", ""cagr"", ""cls"", ""cmd"", ""compRank"", ""compScore"", ""conf"", ""convTier"", ""covStatus"", ""dd"", ""ddPct"", ""ff"", ""firstObs"", ""hist"", ""id"", ""masters"", ""med5"", ""mom"", ""momPct"", ""momState"", ""mos"", ""name"", ""obs"", ""p05"", ""p95"", ""pDbl"", ""pLoss"", ""persist"", ""posRatio"", ""price"", ""r3"", ""r365"", ""r6"", ""ras"", ""rasPct"", ""rating"", ""recScore"", ""regime"", ""retPct"", ""riskRating"", ""riskScore"", ""rl"", ""score"", ""set"", ""signal"", ""stage"", ""target"", ""trend"", ""type"", ""ub"", ""vol"", ""vsT""]"
booster,TCGCSV-1312-82200,82200,Conspiracy - Booster Box,conspiracy booster display,Draft/Traditional Booster Display,239.31,,0.136,,0.4218,271.85616000000005,,,350.8292870553601,,,452.74,249.01,837.57,95.0,Speculative,59.37,,0.0,"[""ath"", ""atl"", ""cagr"", ""cls"", ""cmd"", ""compRank"", ""compScore"", ""conf"", ""convTier"", ""covStatus"", ""dd"", ""ddPct"", ""ff"", ""firstObs"", ""hist"", ""id"", ""masters"", ""med5"", ""mom"", ""momPct"", ""momState"", ""mos"", ""name"", ""obs"", ""p05"", ""p95"", ""pDbl"", ""pLoss"", ""persist"", ""posRatio"", ""price"", ""r3"", ""r365"", ""r6"", ""ras"", ""rasPct"", ""rating"", ""recScore"", ""regime"", ""retPct"", ""riskRating"", ""riskScore"", ""rl"", ""score"", ""set"", ""signal"", ""stage"", ""target"", ""trend"", ""type"", ""ub"", ""vol"", ""vsT""]"
booster,TCGCSV-2250-166550,166550,Core Set 2019 - Booster Box,core set 2019 booster display,Draft/Traditional Booster Display,199.73,,0.1356,,0.6929,226.81338799999997,,,292.49567824357564,,,377.2,207.46,697.82,95.0,Speculative,59.28,,-0.0043,"[""ath"", ""atl"", ""cagr"", ""cls"", ""cmd"", ""compRank"", ""compScore"", ""conf"", ""convTier"", ""covStatus"", ""dd"", ""ddPct"", ""ff"", ""firstObs"", ""hist"", ""id"", ""masters"", ""med5"", ""mom"", ""momPct"", ""momState"", ""mos"", ""name"", ""obs"", ""p05"", ""p95"", ""pDbl"", ""pLoss"", ""persist"", ""posRatio"", ""price"", ""r3"", ""r365"", ""r6"", ""ras"", ""rasPct"", ""rating"", ""recScore"", ""regime"", ""retPct"", ""riskRating"", ""riskScore"", ""rl"", ""score"", ""set"", ""signal"", ""stage"", ""target"", ""trend"", ""type"", ""ub"", ""vol"", ""vsT""]"
booster,TCGCSV-100-35749,35749,Scars of Mirrodin - Booster Box,scars of mirrodin booster display,Draft/Traditional Booster Display,657.97,,0.1357,,0.1862,747.256529,,,963.822298851305,,,1243.15,683.73,2299.83,95.0,Speculative,59.27,,0.0,"[""ath"", ""atl"", ""cagr"", ""cls"", ""cmd"", ""compRank"", ""compScore"", ""conf"", ""convTier"", ""covStatus"", ""dd"", ""ddPct"", ""ff"", ""firstObs"", ""hist"", ""id"", ""masters"", ""med5"", ""mom"", ""momPct"", ""momState"", ""mos"", ""name"", ""obs"", ""p05"", ""p95"", ""pDbl"", ""pLoss"", ""persist"", ""posRatio"", ""price"", ""r3"", ""r365"", ""r6"", ""ras"", ""rasPct"", ""rating"", ""recScore"", ""regime"", ""retPct"", ""riskRating"", ""riskScore"", ""rl"", ""score"", ""set"", ""signal"", ""stage"", ""target"", ""trend"", ""type"", ""ub"", ""vol"", ""vsT""]"
booster,TCGCSV-2823-238745,238745,Adventures in the Forgotten Realms Collector Booster Display,adventures in the forgotten realms collector booster display,Collector Booster Display,318.01,,0.1355,,0.4758,361.100355,,,465.58844399788865,,,600.31,330.17,1110.57,95.0,Speculative,59.23,,0.0,"[""ath"", ""atl"", ""cagr"", ""cls"", ""cmd"", ""compRank"", ""compScore"", ""conf"", ""convTier"", ""covStatus"", ""dd"", ""ddPct"", ""ff"", ""firstObs"", ""hist"", ""id"", ""masters"", ""med5"", ""mom"", ""momPct"", ""momState"", ""mos"", ""name"", ""obs"", ""p05"", ""p95"", ""pDbl"", ""pLoss"", ""persist"", ""posRatio"", ""price"", ""r3"", ""r365"", ""r6"", ""ras"", ""rasPct"", ""rating"", ""recScore"", ""regime"", ""retPct"", ""riskRating"", ""riskScore"", ""rl"", ""score"", ""set"", ""signal"", ""stage"", ""target"", ""trend"", ""type"", ""ub"", ""vol"", ""vsT""]"
booster,TCGCSV-3026-264760,264760,Streets of New Capenna - Draft Booster Box,streets of new capenna draft booster display,Draft/Traditional Booster Display,118.03,,0.1354,,0.4024,134.011262,,,172.7583616576479,,,222.71,122.49,412.01,95.0,Speculative,59.19,,0.0,"[""ath"", ""atl"", ""cagr"", ""cls"", ""cmd"", ""compRank"", ""compScore"", ""conf"", ""convTier"", ""covStatus"", ""dd"", ""ddPct"", ""ff"", ""firstObs"", ""hist"", ""id"", ""masters"", ""med5"", ""mom"", ""momPct"", ""momState"", ""mos"", ""name"", ""obs"", ""p05"", ""p95"", ""pDbl"", ""pLoss"", ""persist"", ""posRatio"", ""price"", ""r3"", ""r365"", ""r6"", ""ras"", ""rasPct"", ""rating"", ""recScore"", ""regime"", ""retPct"", ""riskRating"", ""riskScore"", ""rl"", ""score"", ""set"", ""signal"", ""stage"", ""target"", ""trend"", ""type"", ""ub"", ""vol"", ""vsT""]"
booster,TCGCSV-22875-475575,475575,March of the Machine - Draft Booster Box,march of the machine draft booster display,Draft/Traditional Booster Display,162.13,,0.1354,,0.554,184.082402,,,237.30672859065027,,,305.92,168.26,565.95,95.0,Speculative,59.18,,0.0,"[""ath"", ""atl"", ""cagr"", ""cls"", ""cmd"", ""compRank"", ""compScore"", ""conf"", ""convTier"", ""covStatus"", ""dd"", ""ddPct"", ""ff"", ""firstObs"", ""hist"", ""id"", ""masters"", ""med5"", ""mom"", ""momPct"", ""momState"", ""mos"", ""name"", ""obs"", ""p05"", ""p95"", ""pDbl"", ""pLoss"", ""persist"", ""posRatio"", ""price"", ""r3"", ""r365"", ""r6"", ""ras"", ""rasPct"", ""rating"", ""recScore"", ""regime"", ""retPct"", ""riskRating"", ""riskScore"", ""rl"", ""score"", ""set"", ""signal"", ""stage"", ""target"", ""trend"", ""type"", ""ub"", ""vol"", ""vsT""]"
booster,TCGCSV-67-27288,27288,Lorwyn - Booster Box,lorwyn booster display,Draft/Traditional Booster Display,1949.48,,0.1352,,0.298,2213.049696,,,2851.910757713572,,,3675.2,2021.36,6799.12,95.0,Speculative,59.14,,0.0,"[""ath"", ""atl"", ""cagr"", ""cls"", ""cmd"", ""compRank"", ""compScore"", ""conf"", ""convTier"", ""covStatus"", ""dd"", ""ddPct"", ""ff"", ""firstObs"", ""hist"", ""id"", ""masters"", ""med5"", ""mom"", ""momPct"", ""momState"", ""mos"", ""name"", ""obs"", ""p05"", ""p95"", ""pDbl"", ""pLoss"", ""persist"", ""posRatio"", ""price"", ""r3"", ""r365"", ""r6"", ""ras"", ""rasPct"", ""rating"", ""recScore"", ""regime"", ""retPct"", ""riskRating"", ""riskScore"", ""rl"", ""score"", ""set"", ""signal"", ""stage"", ""target"", ""trend"", ""type"", ""ub"", ""vol"", ""vsT""]"
booster,TCGCSV-65-27286,27286,Legends - Booster Box,legends booster display,Draft/Traditional Booster Display,35000.0,,0.1309,,0.0,39581.5,,,50622.158182015,,,64742.44,35608.34,119773.51,95.0,Speculative,59.12,,-0.1765,"[""ath"", ""atl"", ""cagr"", ""cls"", ""cmd"", ""compRank"", ""compScore"", ""conf"", ""convTier"", ""covStatus"", ""dd"", ""ddPct"", ""ff"", ""firstObs"", ""hist"", ""id"", ""masters"", ""med5"", ""mom"", ""momPct"", ""momState"", ""mos"", ""name"", ""obs"", ""p05"", ""p95"", ""pDbl"", ""pLoss"", ""persist"", ""posRatio"", ""price"", ""r3"", ""r365"", ""r6"", ""ras"", ""rasPct"", ""rating"", ""recScore"", ""regime"", ""retPct"", ""riskRating"", ""riskScore"", ""rl"", ""score"", ""set"", ""signal"", ""stage"", ""target"", ""trend"", ""type"", ""ub"", ""vol"", ""vsT""]"
booster,TCGCSV-78-27293,27293,Nemesis - Booster Box,nemesis booster display,Draft/Traditional Booster Display,878.85,,0.1351,,0.831,997.582635,,,1285.3373512068463,,,1656.1,910.86,3063.78,95.0,Speculative,59.09,,0.0,"[""ath"", ""atl"", ""cagr"", ""cls"", ""cmd"", ""compRank"", ""compScore"", ""conf"", ""convTier"", ""covStatus"", ""dd"", ""ddPct"", ""ff"", ""firstObs"", ""hist"", ""id"", ""masters"", ""med5"", ""mom"", ""momPct"", ""momState"", ""mos"", ""name"", ""obs"", ""p05"", ""p95"", ""pDbl"", ""pLoss"", ""persist"", ""posRatio"", ""price"", ""r3"", ""r365"", ""r6"", ""ras"", ""rasPct"", ""rating"", ""recScore"", ""regime"", ""retPct"", ""riskRating"", ""riskScore"", ""rl"", ""score"", ""set"", ""signal"", ""stage"", ""target"", ""trend"", ""type"", ""ub"", ""vol"", ""vsT""]"
booster,TCGCSV-22876-489276,489276,March of the Machine: The Aftermath - Epilogue Booster Display,march of the machine the aftermath epilogue booster display,Draft/Traditional Booster Display,91.41,,0.1351,,0.4725,103.759491,,,133.6891247355269,,,172.25,94.74,318.66,95.0,Speculative,59.08,,-0.0001,"[""ath"", ""atl"", ""cagr"", ""cls"", ""cmd"", ""compRank"", ""compScore"", ""conf"", ""convTier"", ""covStatus"", ""dd"", ""ddPct"", ""ff"", ""firstObs"", ""hist"", ""id"", ""masters"", ""med5"", ""mom"", ""momPct"", ""momState"", ""mos"", ""name"", ""obs"", ""p05"", ""p95"", ""pDbl"", ""pLoss"", ""persist"", ""posRatio"", ""price"", ""r3"", ""r365"", ""r6"", ""ras"", ""rasPct"", ""rating"", ""recScore"", ""regime"", ""retPct"", ""riskRating"", ""riskScore"", ""rl"", ""score"", ""set"", ""signal"", ""stage"", ""target"", ""trend"", ""type"", ""ub"", ""vol"", ""vsT""]"
booster,TCGCSV-370-60117,60117,Return to Ravnica - Booster Box,return to ravnica booster display,Draft/Traditional Booster Display,173.97,,0.1346,,0.3021,197.38636200000002,,,254.09885095257195,,,327.11,179.91,605.15,95.0,Speculative,58.93,,0.0,"[""ath"", ""atl"", ""cagr"", ""cls"", ""cmd"", ""compRank"", ""compScore"", ""conf"", ""convTier"", ""covStatus"", ""dd"", ""ddPct"", ""ff"", ""firstObs"", ""hist"", ""id"", ""masters"", ""med5"", ""mom"", ""momPct"", ""momState"", ""mos"", ""name"", ""obs"", ""p05"", ""p95"", ""pDbl"", ""pLoss"", ""persist"", ""posRatio"", ""price"", ""r3"", ""r365"", ""r6"", ""ras"", ""rasPct"", ""rating"", ""recScore"", ""regime"", ""retPct"", ""riskRating"", ""riskScore"", ""rl"", ""score"", ""set"", ""signal"", ""stage"", ""target"", ""trend"", ""type"", ""ub"", ""vol"", ""vsT""]"
booster,TCGCSV-3185-287815,287815,Jumpstart 2022 Booster Display,jumpstart 2022 booster display,Draft/Traditional Booster Display,208.18,,0.1341,,0.9557,236.09693800000002,,,303.6638231492359,,,390.57,214.81,722.55,95.0,Speculative,58.82,,-0.0065,"[""ath"", ""atl"", ""cagr"", ""cls"", ""cmd"", ""compRank"", ""compScore"", ""conf"", ""convTier"", ""covStatus"", ""dd"", ""ddPct"", ""ff"", ""firstObs"", ""hist"", ""id"", ""masters"", ""med5"", ""mom"", ""momPct"", ""momState"", ""mos"", ""name"", ""obs"", ""p05"", ""p95"", ""pDbl"", ""pLoss"", ""persist"", ""posRatio"", ""price"", ""r3"", ""r365"", ""r6"", ""ras"", ""rasPct"", ""rating"", ""recScore"", ""regime"", ""retPct"", ""riskRating"", ""riskScore"", ""rl"", ""score"", ""set"", ""signal"", ""stage"", ""target"", ""trend"", ""type"", ""ub"", ""vol"", ""vsT""]"
booster,TCGCSV-2418-185676,185676,War of the Spark - Booster Box,war of the spark booster display,Draft/Traditional Booster Display,171.01,,0.1342,,0.4185,193.959542,,,249.51142459878494,,,320.97,176.53,593.79,95.0,Speculative,58.81,,0.0,"[""ath"", ""atl"", ""cagr"", ""cls"", ""cmd"", ""compRank"", ""compScore"", ""conf"", ""convTier"", ""covStatus"", ""dd"", ""ddPct"", ""ff"", ""firstObs"", ""hist"", ""id"", ""masters"", ""med5"", ""mom"", ""momPct"", ""momState"", ""mos"", ""name"", ""obs"", ""p05"", ""p95"", ""pDbl"", ""pLoss"", ""persist"", ""posRatio"", ""price"", ""r3"", ""r365"", ""r6"", ""ras"", ""rasPct"", ""rating"", ""recScore"", ""regime"", ""retPct"", ""riskRating"", ""riskScore"", ""rl"", ""score"", ""set"", ""signal"", ""stage"", ""target"", ""trend"", ""type"", ""ub"", ""vol"", ""vsT""]"
booster,TCGCSV-24495-657852,657852,Teenage Mutant Ninja Turtles Collector Booster Display,teenage mutant ninja turtles collector booster display,Collector Booster Display,431.05,,0.1323,,,488.0779150000001,,,625.7663005978405,,,802.3,441.26,1484.26,83.3,Speculative,58.77,,-0.598,"[""ath"", ""atl"", ""cagr"", ""cls"", ""cmd"", ""compRank"", ""compScore"", ""conf"", ""convTier"", ""covStatus"", ""dd"", ""ddPct"", ""ff"", ""firstObs"", ""hist"", ""id"", ""masters"", ""med5"", ""mom"", ""momPct"", ""momState"", ""mos"", ""name"", ""obs"", ""p05"", ""p95"", ""pDbl"", ""pLoss"", ""persist"", ""posRatio"", ""price"", ""r3"", ""r365"", ""r6"", ""ras"", ""rasPct"", ""rating"", ""recScore"", ""regime"", ""retPct"", ""riskRating"", ""riskScore"", ""rl"", ""score"", ""set"", ""signal"", ""stage"", ""target"", ""trend"", ""type"", ""ub"", ""vol"", ""vsT""]"
booster,TCGCSV-2494-194891,194891,Throne of Eldraine - Booster Box,throne of eldraine booster display,Draft/Traditional Booster Display,183.95,,0.1338,,0.3795,208.56250999999997,,,268.1076154975243,,,344.65,189.56,637.6,95.0,Speculative,58.68,,0.0,"[""ath"", ""atl"", ""cagr"", ""cls"", ""cmd"", ""compRank"", ""compScore"", ""conf"", ""convTier"", ""covStatus"", ""dd"", ""ddPct"", ""ff"", ""firstObs"", ""hist"", ""id"", ""masters"", ""med5"", ""mom"", ""momPct"", ""momState"", ""mos"", ""name"", ""obs"", ""p05"", ""p95"", ""pDbl"", ""pLoss"", ""persist"", ""posRatio"", ""price"", ""r3"", ""r365"", ""r6"", ""ras"", ""rasPct"", ""rating"", ""recScore"", ""regime"", ""retPct"", ""riskRating"", ""riskScore"", ""rl"", ""score"", ""set"", ""signal"", ""stage"", ""target"", ""trend"", ""type"", ""ub"", ""vol"", ""vsT""]"
booster,TCGCSV-2092-149402,149402,Unstable - Booster Box,unstable booster display,Draft/Traditional Booster Display,187.21,,0.1336,,0.3697,212.221256,,,272.71470431269375,,,350.45,192.75,648.33,95.0,Speculative,58.68,,-0.0072,"[""ath"", ""atl"", ""cagr"", ""cls"", ""cmd"", ""compRank"", ""compScore"", ""conf"", ""convTier"", ""covStatus"", ""dd"", ""ddPct"", ""ff"", ""firstObs"", ""hist"", ""id"", ""masters"", ""med5"", ""mom"", ""momPct"", ""momState"", ""mos"", ""name"", ""obs"", ""p05"", ""p95"", ""pDbl"", ""pLoss"", ""persist"", ""posRatio"", ""price"", ""r3"", ""r365"", ""r6"", ""ras"", ""rasPct"", ""rating"", ""recScore"", ""regime"", ""retPct"", ""riskRating"", ""riskScore"", ""rl"", ""score"", ""set"", ""signal"", ""stage"", ""target"", ""trend"", ""type"", ""ub"", ""vol"", ""vsT""]"
booster,TCGCSV-46-27279,27279,Fourth Edition - Booster Box,fourth edition booster display,Draft/Traditional Booster Display,1005.0,,0.1269,,-0.0823,1132.5345,,,1438.2096499995453,,,1826.39,1004.51,3378.82,95.0,Speculative,58.63,,-0.2816,"[""ath"", ""atl"", ""cagr"", ""cls"", ""cmd"", ""compRank"", ""compScore"", ""conf"", ""convTier"", ""covStatus"", ""dd"", ""ddPct"", ""ff"", ""firstObs"", ""hist"", ""id"", ""masters"", ""med5"", ""mom"", ""momPct"", ""momState"", ""mos"", ""name"", ""obs"", ""p05"", ""p95"", ""pDbl"", ""pLoss"", ""persist"", ""posRatio"", ""price"", ""r3"", ""r365"", ""r6"", ""ras"", ""rasPct"", ""rating"", ""recScore"", ""regime"", ""retPct"", ""riskRating"", ""riskScore"", ""rl"", ""score"", ""set"", ""signal"", ""stage"", ""target"", ""trend"", ""type"", ""ub"", ""vol"", ""vsT""]"
booster,TCGCSV-1503-95052,95052,Modern Masters 2015 - Booster Box,modern masters 2015 booster display,Masters Booster Display,396.09,,0.1335,,0.429,448.968015,,,576.8440952103336,,,741.14,407.63,1371.11,95.0,Speculative,58.62,,-0.0022,"[""ath"", ""atl"", ""cagr"", ""cls"", ""cmd"", ""compRank"", ""compScore"", ""conf"", ""convTier"", ""covStatus"", ""dd"", ""ddPct"", ""ff"", ""firstObs"", ""hist"", ""id"", ""masters"", ""med5"", ""mom"", ""momPct"", ""momState"", ""mos"", ""name"", ""obs"", ""p05"", ""p95"", ""pDbl"", ""pLoss"", ""persist"", ""posRatio"", ""price"", ""r3"", ""r365"", ""r6"", ""ras"", ""rasPct"", ""rating"", ""recScore"", ""regime"", ""retPct"", ""riskRating"", ""riskScore"", ""rl"", ""score"", ""set"", ""signal"", ""stage"", ""target"", ""trend"", ""type"", ""ub"", ""vol"", ""vsT""]"
booster,TCGCSV-75-27291,27291,Mirrodin - Booster Box,mirrodin booster display,Draft/Traditional Booster Display,1185.36,,0.1319,,0.3372,1341.7089839999999,,,1718.9943436163276,,,2202.37,1211.3,4074.38,95.0,Speculative,58.53,,-0.0592,"[""ath"", ""atl"", ""cagr"", ""cls"", ""cmd"", ""compRank"", ""compScore"", ""conf"", ""convTier"", ""covStatus"", ""dd"", ""ddPct"", ""ff"", ""firstObs"", ""hist"", ""id"", ""masters"", ""med5"", ""mom"", ""momPct"", ""momState"", ""mos"", ""name"", ""obs"", ""p05"", ""p95"", ""pDbl"", ""pLoss"", ""persist"", ""posRatio"", ""price"", ""r3"", ""r365"", ""r6"", ""ras"", ""rasPct"", ""rating"", ""recScore"", ""regime"", ""retPct"", ""riskRating"", ""riskScore"", ""rl"", ""score"", ""set"", ""signal"", ""stage"", ""target"", ""trend"", ""type"", ""ub"", ""vol"", ""vsT""]"
booster,TCGCSV-2570-217533,217533,Mystery Booster - Booster Box [Convention Edition] (2019),mystery booster booster display convention edition 2019,Draft/Traditional Booster Display,340.53,,0.1333,,0.245,385.922649,,,495.6670443219895,,,636.62,350.14,1177.75,95.0,Speculative,58.53,,-0.0002,"[""ath"", ""atl"", ""cagr"", ""cls"", ""cmd"", ""compRank"", ""compScore"", ""conf"", ""convTier"", ""covStatus"", ""dd"", ""ddPct"", ""ff"", ""firstObs"", ""hist"", ""id"", ""masters"", ""med5"", ""mom"", ""momPct"", ""momState"", ""mos"", ""name"", ""obs"", ""p05"", ""p95"", ""pDbl"", ""pLoss"", ""persist"", ""posRatio"", ""price"", ""r3"", ""r365"", ""r6"", ""ras"", ""rasPct"", ""rating"", ""recScore"", ""regime"", ""retPct"", ""riskRating"", ""riskScore"", ""rl"", ""score"", ""set"", ""signal"", ""stage"", ""target"", ""trend"", ""type"", ""ub"", ""vol"", ""vsT""]"
booster,TCGCSV-1934-131456,131456,Hour of Devastation - Booster Box,hour of devastation booster display,Draft/Traditional Booster Display,288.68,,0.1332,,0.5461,327.132176,,,420.08424526471424,,,539.45,296.7,997.98,95.0,Speculative,58.52,,-0.0015,"[""ath"", ""atl"", ""cagr"", ""cls"", ""cmd"", ""compRank"", ""compScore"", ""conf"", ""convTier"", ""covStatus"", ""dd"", ""ddPct"", ""ff"", ""firstObs"", ""hist"", ""id"", ""masters"", ""med5"", ""mom"", ""momPct"", ""momState"", ""mos"", ""name"", ""obs"", ""p05"", ""p95"", ""pDbl"", ""pLoss"", ""persist"", ""posRatio"", ""price"", ""r3"", ""r365"", ""r6"", ""ras"", ""rasPct"", ""rating"", ""recScore"", ""regime"", ""retPct"", ""riskRating"", ""riskScore"", ""rl"", ""score"", ""set"", ""signal"", ""stage"", ""target"", ""trend"", ""type"", ""ub"", ""vol"", ""vsT""]"
booster,TCGCSV-2823-238833,238833,Adventures in the Forgotten Realms - Theme Booster Display Box,adventures in the forgotten realms theme booster display box,Draft/Traditional Booster Display,103.99,,0.1331,,0.7973,117.831069,,,151.2851488320871,,,194.24,106.83,359.34,95.0,Avoid,58.48,,0.0,"[""ath"", ""atl"", ""cagr"", ""cls"", ""cmd"", ""compRank"", ""compScore"", ""conf"", ""convTier"", ""covStatus"", ""dd"", ""ddPct"", ""ff"", ""firstObs"", ""hist"", ""id"", ""masters"", ""med5"", ""mom"", ""momPct"", ""momState"", ""mos"", ""name"", ""obs"", ""p05"", ""p95"", ""pDbl"", ""pLoss"", ""persist"", ""posRatio"", ""price"", ""r3"", ""r365"", ""r6"", ""ras"", ""rasPct"", ""rating"", ""recScore"", ""regime"", ""retPct"", ""riskRating"", ""riskScore"", ""rl"", ""score"", ""set"", ""signal"", ""stage"", ""target"", ""trend"", ""type"", ""ub"", ""vol"", ""vsT""]"
booster,TCGCSV-86-27298,27298,Portal - Booster Box,portal booster display,Draft/Traditional Booster Display,1749.5,,0.1243,,-0.2046,1966.9628500000001,,,2486.3403543542972,,,3142.86,1728.57,5814.29,95.0,Avoid,58.34,,-0.453,"[""ath"", ""atl"", ""cagr"", ""cls"", ""cmd"", ""compRank"", ""compScore"", ""conf"", ""convTier"", ""covStatus"", ""dd"", ""ddPct"", ""ff"", ""firstObs"", ""hist"", ""id"", ""masters"", ""med5"", ""mom"", ""momPct"", ""momState"", ""mos"", ""name"", ""obs"", ""p05"", ""p95"", ""pDbl"", ""pLoss"", ""persist"", ""posRatio"", ""price"", ""r3"", ""r365"", ""r6"", ""ras"", ""rasPct"", ""rating"", ""recScore"", ""regime"", ""retPct"", ""riskRating"", ""riskScore"", ""rl"", ""score"", ""set"", ""signal"", ""stage"", ""target"", ""trend"", ""type"", ""ub"", ""vol"", ""vsT""]"
booster,TCGCSV-83-27296,27296,Planar Chaos - Booster Box,planar chaos booster display,Draft/Traditional Booster Display,758.33,,0.1282,,0.3664,855.5479060000001,,,1088.971524265008,,,1386.08,762.34,2564.25,95.0,Avoid,58.32,,-0.1858,"[""ath"", ""atl"", ""cagr"", ""cls"", ""cmd"", ""compRank"", ""compScore"", ""conf"", ""convTier"", ""covStatus"", ""dd"", ""ddPct"", ""ff"", ""firstObs"", ""hist"", ""id"", ""masters"", ""med5"", ""mom"", ""momPct"", ""momState"", ""mos"", ""name"", ""obs"", ""p05"", ""p95"", ""pDbl"", ""pLoss"", ""persist"", ""posRatio"", ""price"", ""r3"", ""r365"", ""r6"", ""ras"", ""rasPct"", ""rating"", ""recScore"", ""regime"", ""retPct"", ""riskRating"", ""riskScore"", ""rl"", ""score"", ""set"", ""signal"", ""stage"", ""target"", ""trend"", ""type"", ""ub"", ""vol"", ""vsT""]"
booster,TCGCSV-2864-244392,244392,Innistrad: Midnight Hunt - Theme Booster Display Box,innistrad midnight hunt theme booster display box,Draft/Traditional Booster Display,96.0,,0.1317,,-0.0392,108.6432,,,139.14422323324797,,,178.21,98.02,329.69,95.0,Avoid,58.31,,-0.0392,"[""ath"", ""atl"", ""cagr"", ""cls"", ""cmd"", ""compRank"", ""compScore"", ""conf"", ""convTier"", ""covStatus"", ""dd"", ""ddPct"", ""ff"", ""firstObs"", ""hist"", ""id"", ""masters"", ""med5"", ""mom"", ""momPct"", ""momState"", ""mos"", ""name"", ""obs"", ""p05"", ""p95"", ""pDbl"", ""pLoss"", ""persist"", ""posRatio"", ""price"", ""r3"", ""r365"", ""r6"", ""ras"", ""rasPct"", ""rating"", ""recScore"", ""regime"", ""retPct"", ""riskRating"", ""riskScore"", ""rl"", ""score"", ""set"", ""signal"", ""stage"", ""target"", ""trend"", ""type"", ""ub"", ""vol"", ""vsT""]"
booster,TCGCSV-362-58058,58058,Avacyn Restored - Booster Box,avacyn restored booster display,Draft/Traditional Booster Display,416.89,,0.1324,,0.0821,472.08623600000004,,,605.3702297091835,,,776.28,426.95,1436.12,95.0,Avoid,58.24,,0.0,"[""ath"", ""atl"", ""cagr"", ""cls"", ""cmd"", ""compRank"", ""compScore"", ""conf"", ""convTier"", ""covStatus"", ""dd"", ""ddPct"", ""ff"", ""firstObs"", ""hist"", ""id"", ""masters"", ""med5"", ""mom"", ""momPct"", ""momState"", ""mos"", ""name"", ""obs"", ""p05"", ""p95"", ""pDbl"", ""pLoss"", ""persist"", ""posRatio"", ""price"", ""r3"", ""r365"", ""r6"", ""ras"", ""rasPct"", ""rating"", ""recScore"", ""regime"", ""retPct"", ""riskRating"", ""riskScore"", ""rl"", ""score"", ""set"", ""signal"", ""stage"", ""target"", ""trend"", ""type"", ""ub"", ""vol"", ""vsT""]"
booster,TCGCSV-2603-208273,208273,Ikoria: Lair of Behemoths - Booster Box,ikoria lair of behemoths booster display,Draft/Traditional Booster Display,223.04,,0.1306,,0.3884,252.169024,,,322.3366587229927,,,412.03,226.62,762.26,95.0,Avoid,58.19,,-0.0653,"[""ath"", ""atl"", ""cagr"", ""cls"", ""cmd"", ""compRank"", ""compScore"", ""conf"", ""convTier"", ""covStatus"", ""dd"", ""ddPct"", ""ff"", ""firstObs"", ""hist"", ""id"", ""masters"", ""med5"", ""mom"", ""momPct"", ""momState"", ""mos"", ""name"", ""obs"", ""p05"", ""p95"", ""pDbl"", ""pLoss"", ""persist"", ""posRatio"", ""price"", ""r3"", ""r365"", ""r6"", ""ras"", ""rasPct"", ""rating"", ""recScore"", ""regime"", ""retPct"", ""riskRating"", ""riskScore"", ""rl"", ""score"", ""set"", ""signal"", ""stage"", ""target"", ""trend"", ""type"", ""ub"", ""vol"", ""vsT""]"
booster,TCGCSV-24-27271,27271,Coldsnap - Booster Box,coldsnap booster display,Draft/Traditional Booster Display,908.99,,0.1321,,0.1579,1029.0675789999998,,,1318.904884543057,,,1690.37,929.7,3127.18,95.0,Avoid,58.15,,0.0,"[""ath"", ""atl"", ""cagr"", ""cls"", ""cmd"", ""compRank"", ""compScore"", ""conf"", ""convTier"", ""covStatus"", ""dd"", ""ddPct"", ""ff"", ""firstObs"", ""hist"", ""id"", ""masters"", ""med5"", ""mom"", ""momPct"", ""momState"", ""mos"", ""name"", ""obs"", ""p05"", ""p95"", ""pDbl"", ""pLoss"", ""persist"", ""posRatio"", ""price"", ""r3"", ""r365"", ""r6"", ""ras"", ""rasPct"", ""rating"", ""recScore"", ""regime"", ""retPct"", ""riskRating"", ""riskScore"", ""rl"", ""score"", ""set"", ""signal"", ""stage"", ""target"", ""trend"", ""type"", ""ub"", ""vol"", ""vsT""]"
booster,TCGCSV-3102-275428,275428,Dominaria United - Jumpstart Booster Display,dominaria united jumpstart booster display,Draft/Traditional Booster Display,76.05,,0.132,,0.1911,86.0886,,,110.31599816640004,,,141.36,77.75,261.52,95.0,Avoid,58.11,,0.0,"[""ath"", ""atl"", ""cagr"", ""cls"", ""cmd"", ""compRank"", ""compScore"", ""conf"", ""convTier"", ""covStatus"", ""dd"", ""ddPct"", ""ff"", ""firstObs"", ""hist"", ""id"", ""masters"", ""med5"", ""mom"", ""momPct"", ""momState"", ""mos"", ""name"", ""obs"", ""p05"", ""p95"", ""pDbl"", ""pLoss"", ""persist"", ""posRatio"", ""price"", ""r3"", ""r365"", ""r6"", ""ras"", ""rasPct"", ""rating"", ""recScore"", ""regime"", ""retPct"", ""riskRating"", ""riskScore"", ""rl"", ""score"", ""set"", ""signal"", ""stage"", ""target"", ""trend"", ""type"", ""ub"", ""vol"", ""vsT""]"
booster,TCGCSV-2708-221323,221323,Commander Legends Collector Booster Display,commander legends collector booster display,Collector Booster Display,707.48,,0.1319,,0.4776,800.796612,,,1025.978705390497,,,1314.48,722.96,2431.79,95.0,Avoid,58.1,,0.0,"[""ath"", ""atl"", ""cagr"", ""cls"", ""cmd"", ""compRank"", ""compScore"", ""conf"", ""convTier"", ""covStatus"", ""dd"", ""ddPct"", ""ff"", ""firstObs"", ""hist"", ""id"", ""masters"", ""med5"", ""mom"", ""momPct"", ""momState"", ""mos"", ""name"", ""obs"", ""p05"", ""p95"", ""pDbl"", ""pLoss"", ""persist"", ""posRatio"", ""price"", ""r3"", ""r365"", ""r6"", ""ras"", ""rasPct"", ""rating"", ""recScore"", ""regime"", ""retPct"", ""riskRating"", ""riskScore"", ""rl"", ""score"", ""set"", ""signal"", ""stage"", ""target"", ""trend"", ""type"", ""ub"", ""vol"", ""vsT""]"
booster,TCGCSV-80-27294,27294,Odyssey - Booster Box,odyssey booster display,Draft/Traditional Booster Display,1383.98,,0.1274,,-0.1311,1560.299052,,,1983.1880898908391,,,2520.69,1386.38,4663.28,95.0,Avoid,58.1,,-0.1868,"[""ath"", ""atl"", ""cagr"", ""cls"", ""cmd"", ""compRank"", ""compScore"", ""conf"", ""convTier"", ""covStatus"", ""dd"", ""ddPct"", ""ff"", ""firstObs"", ""hist"", ""id"", ""masters"", ""med5"", ""mom"", ""momPct"", ""momState"", ""mos"", ""name"", ""obs"", ""p05"", ""p95"", ""pDbl"", ""pLoss"", ""persist"", ""posRatio"", ""price"", ""r3"", ""r365"", ""r6"", ""ras"", ""rasPct"", ""rating"", ""recScore"", ""regime"", ""retPct"", ""riskRating"", ""riskScore"", ""rl"", ""score"", ""set"", ""signal"", ""stage"", ""target"", ""trend"", ""type"", ""ub"", ""vol"", ""vsT""]"
booster,TCGCSV-23163-496041,496041,Wilds of Eldraine Collector Booster Display,wilds of eldraine collector booster display,Collector Booster Display,865.07,,0.1289,,0.487,976.577523,,,1244.565249055325,,,1586.09,872.35,2934.27,95.0,Avoid,57.98,,-0.1105,"[""ath"", ""atl"", ""cagr"", ""cls"", ""cmd"", ""compRank"", ""compScore"", ""conf"", ""convTier"", ""covStatus"", ""dd"", ""ddPct"", ""ff"", ""firstObs"", ""hist"", ""id"", ""masters"", ""med5"", ""mom"", ""momPct"", ""momState"", ""mos"", ""name"", ""obs"", ""p05"", ""p95"", ""pDbl"", ""pLoss"", ""persist"", ""posRatio"", ""price"", ""r3"", ""r365"", ""r6"", ""ras"", ""rasPct"", ""rating"", ""recScore"", ""regime"", ""retPct"", ""riskRating"", ""riskScore"", ""rl"", ""score"", ""set"", ""signal"", ""stage"", ""target"", ""trend"", ""type"", ""ub"", ""vol"", ""vsT""]"
booster,TCGCSV-2603-208282,208282,Ikoria: Lair of Behemoths - Theme Booster Display Box,ikoria lair of behemoths theme booster display box,Draft/Traditional Booster Display,101.5,,0.1314,,0.1345,114.83709999999999,,,146.99906265511598,,,188.17,103.49,348.11,95.0,Avoid,57.93,,0.0,"[""ath"", ""atl"", ""cagr"", ""cls"", ""cmd"", ""compRank"", ""compScore"", ""conf"", ""convTier"", ""covStatus"", ""dd"", ""ddPct"", ""ff"", ""firstObs"", ""hist"", ""id"", ""masters"", ""med5"", ""mom"", ""momPct"", ""momState"", ""mos"", ""name"", ""obs"", ""p05"", ""p95"", ""pDbl"", ""pLoss"", ""persist"", ""posRatio"", ""price"", ""r3"", ""r365"", ""r6"", ""ras"", ""rasPct"", ""rating"", ""recScore"", ""regime"", ""retPct"", ""riskRating"", ""riskScore"", ""rl"", ""score"", ""set"", ""signal"", ""stage"", ""target"", ""trend"", ""type"", ""ub"", ""vol"", ""vsT""]"
booster,TCGCSV-116-27314,27314,Urza's Destiny - Booster Box,urza s destiny booster display,Draft/Traditional Booster Display,8499.99,,0.1312,,0.8889,9615.188688,,,12303.724673300765,,,15744.01,8659.21,29126.42,95.0,Avoid,57.88,,0.0,"[""ath"", ""atl"", ""cagr"", ""cls"", ""cmd"", ""compRank"", ""compScore"", ""conf"", ""convTier"", ""covStatus"", ""dd"", ""ddPct"", ""ff"", ""firstObs"", ""hist"", ""id"", ""masters"", ""med5"", ""mom"", ""momPct"", ""momState"", ""mos"", ""name"", ""obs"", ""p05"", ""p95"", ""pDbl"", ""pLoss"", ""persist"", ""posRatio"", ""price"", ""r3"", ""r365"", ""r6"", ""ras"", ""rasPct"", ""rating"", ""recScore"", ""regime"", ""retPct"", ""riskRating"", ""riskScore"", ""rl"", ""score"", ""set"", ""signal"", ""stage"", ""target"", ""trend"", ""type"", ""ub"", ""vol"", ""vsT""]"
booster,TCGCSV-10-27264,27264,Apocalypse - Booster Box,apocalypse booster display,Draft/Traditional Booster Display,1174.27,,0.1294,,0.2044,1326.220538,,,1691.6531273620656,,,2157.78,1186.78,3991.89,95.0,Avoid,57.81,,-0.068,"[""ath"", ""atl"", ""cagr"", ""cls"", ""cmd"", ""compRank"", ""compScore"", ""conf"", ""convTier"", ""covStatus"", ""dd"", ""ddPct"", ""ff"", ""firstObs"", ""hist"", ""id"", ""masters"", ""med5"", ""mom"", ""momPct"", ""momState"", ""mos"", ""name"", ""obs"", ""p05"", ""p95"", ""pDbl"", ""pLoss"", ""persist"", ""posRatio"", ""price"", ""r3"", ""r365"", ""r6"", ""ras"", ""rasPct"", ""rating"", ""recScore"", ""regime"", ""retPct"", ""riskRating"", ""riskScore"", ""rl"", ""score"", ""set"", ""signal"", ""stage"", ""target"", ""trend"", ""type"", ""ub"", ""vol"", ""vsT""]"
booster,TCGCSV-1277-77322,77322,Journey Into Nyx - Booster Box,journey into nyx booster display,Draft/Traditional Booster Display,204.96,,0.1308,,0.0893,231.76876800000002,,,296.36472612375553,,,378.96,208.43,701.08,95.0,Avoid,57.77,,-0.0021,"[""ath"", ""atl"", ""cagr"", ""cls"", ""cmd"", ""compRank"", ""compScore"", ""conf"", ""convTier"", ""covStatus"", ""dd"", ""ddPct"", ""ff"", ""firstObs"", ""hist"", ""id"", ""masters"", ""med5"", ""mom"", ""momPct"", ""momState"", ""mos"", ""name"", ""obs"", ""p05"", ""p95"", ""pDbl"", ""pLoss"", ""persist"", ""posRatio"", ""price"", ""r3"", ""r365"", ""r6"", ""ras"", ""rasPct"", ""rating"", ""recScore"", ""regime"", ""retPct"", ""riskRating"", ""riskScore"", ""rl"", ""score"", ""set"", ""signal"", ""stage"", ""target"", ""trend"", ""type"", ""ub"", ""vol"", ""vsT""]"
booster,TCGCSV-2648-220414,220414,Zendikar Rising - Draft Booster Box,zendikar rising draft booster display,Draft/Traditional Booster Display,136.64,,0.1308,,0.2872,154.512512,,,197.57648408250367,,,252.64,138.95,467.38,95.0,Avoid,57.74,,0.0,"[""ath"", ""atl"", ""cagr"", ""cls"", ""cmd"", ""compRank"", ""compScore"", ""conf"", ""convTier"", ""covStatus"", ""dd"", ""ddPct"", ""ff"", ""firstObs"", ""hist"", ""id"", ""masters"", ""med5"", ""mom"", ""momPct"", ""momState"", ""mos"", ""name"", ""obs"", ""p05"", ""p95"", ""pDbl"", ""pLoss"", ""persist"", ""posRatio"", ""price"", ""r3"", ""r365"", ""r6"", ""ras"", ""rasPct"", ""rating"", ""recScore"", ""regime"", ""retPct"", ""riskRating"", ""riskScore"", ""rl"", ""score"", ""set"", ""signal"", ""stage"", ""target"", ""trend"", ""type"", ""ub"", ""vol"", ""vsT""]"
booster,TCGCSV-60-27284,27284,Invasion - Booster Box,invasion booster display,Draft/Traditional Booster Display,999.85,,0.1227,,-0.0001,1122.5315950000002,,,1414.900887109888,,,1783.42,980.88,3299.33,95.0,Avoid,57.7,,-0.3321,"[""ath"", ""atl"", ""cagr"", ""cls"", ""cmd"", ""compRank"", ""compScore"", ""conf"", ""convTier"", ""covStatus"", ""dd"", ""ddPct"", ""ff"", ""firstObs"", ""hist"", ""id"", ""masters"", ""med5"", ""mom"", ""momPct"", ""momState"", ""mos"", ""name"", ""obs"", ""p05"", ""p95"", ""pDbl"", ""pLoss"", ""persist"", ""posRatio"", ""price"", ""r3"", ""r365"", ""r6"", ""ras"", ""rasPct"", ""rating"", ""recScore"", ""regime"", ""retPct"", ""riskRating"", ""riskScore"", ""rl"", ""score"", ""set"", ""signal"", ""stage"", ""target"", ""trend"", ""type"", ""ub"", ""vol"", ""vsT""]"
booster,TCGCSV-1857-125794,125794,Aether Revolt - Booster Box,aether revolt booster display,Draft/Traditional Booster Display,188.22,,0.1286,,0.0228,212.425092,,,270.5739033368924,,,344.64,189.55,637.58,95.0,Avoid,57.64,,-0.0763,"[""ath"", ""atl"", ""cagr"", ""cls"", ""cmd"", ""compRank"", ""compScore"", ""conf"", ""convTier"", ""covStatus"", ""dd"", ""ddPct"", ""ff"", ""firstObs"", ""hist"", ""id"", ""masters"", ""med5"", ""mom"", ""momPct"", ""momState"", ""mos"", ""name"", ""obs"", ""p05"", ""p95"", ""pDbl"", ""pLoss"", ""persist"", ""posRatio"", ""price"", ""r3"", ""r365"", ""r6"", ""ras"", ""rasPct"", ""rating"", ""recScore"", ""regime"", ""retPct"", ""riskRating"", ""riskScore"", ""rl"", ""score"", ""set"", ""signal"", ""stage"", ""target"", ""trend"", ""type"", ""ub"", ""vol"", ""vsT""]"
booster,TCGCSV-2654-214821,214821,Jumpstart - Booster Box,jumpstart booster display,Draft/Traditional Booster Display,118.96,,0.1303,,0.2388,134.460488,,,171.78377343950794,,,219.47,120.71,406.02,95.0,Avoid,57.61,,0.0,"[""ath"", ""atl"", ""cagr"", ""cls"", ""cmd"", ""compRank"", ""compScore"", ""conf"", ""convTier"", ""covStatus"", ""dd"", ""ddPct"", ""ff"", ""firstObs"", ""hist"", ""id"", ""masters"", ""med5"", ""mom"", ""momPct"", ""momState"", ""mos"", ""name"", ""obs"", ""p05"", ""p95"", ""pDbl"", ""pLoss"", ""persist"", ""posRatio"", ""price"", ""r3"", ""r365"", ""r6"", ""ras"", ""rasPct"", ""rating"", ""recScore"", ""regime"", ""retPct"", ""riskRating"", ""riskScore"", ""rl"", ""score"", ""set"", ""signal"", ""stage"", ""target"", ""trend"", ""type"", ""ub"", ""vol"", ""vsT""]"
booster,TCGCSV-76-39109,39109,Mirrodin Besieged - Booster Box,mirrodin besieged booster display,Draft/Traditional Booster Display,484.78,,0.1301,,0.3981,547.849878,,,699.6733287691269,,,893.57,491.46,1653.1,95.0,Avoid,57.59,,-0.0093,"[""ath"", ""atl"", ""cagr"", ""cls"", ""cmd"", ""compRank"", ""compScore"", ""conf"", ""convTier"", ""covStatus"", ""dd"", ""ddPct"", ""ff"", ""firstObs"", ""hist"", ""id"", ""masters"", ""med5"", ""mom"", ""momPct"", ""momState"", ""mos"", ""name"", ""obs"", ""p05"", ""p95"", ""pDbl"", ""pLoss"", ""persist"", ""posRatio"", ""price"", ""r3"", ""r365"", ""r6"", ""ras"", ""rasPct"", ""rating"", ""recScore"", ""regime"", ""retPct"", ""riskRating"", ""riskScore"", ""rl"", ""score"", ""set"", ""signal"", ""stage"", ""target"", ""trend"", ""type"", ""ub"", ""vol"", ""vsT""]"
booster,TCGCSV-24219-673083,673083,FINAL FANTASY - Basic Booster Display (Japanese),final fantasy basic booster display japanese,Draft/Traditional Booster Display,59.99,,0.1326,,,67.944674,,,87.15825644102026,,,111.81,61.5,206.85,50.0,Avoid,56.83,,0.0,"[""ath"", ""atl"", ""cagr"", ""cls"", ""cmd"", ""compRank"", ""compScore"", ""conf"", ""convTier"", ""covStatus"", ""dd"", ""ddPct"", ""ff"", ""firstObs"", ""hist"", ""id"", ""masters"", ""med5"", ""mom"", ""momPct"", ""momState"", ""mos"", ""name"", ""obs"", ""p05"", ""p95"", ""pDbl"", ""pLoss"", ""persist"", ""posRatio"", ""price"", ""r3"", ""r365"", ""r6"", ""ras"", ""rasPct"", ""rating"", ""recScore"", ""regime"", ""retPct"", ""riskRating"", ""riskScore"", ""rl"", ""score"", ""set"", ""signal"", ""stage"", ""target"", ""trend"", ""type"", ""ub"", ""vol"", ""vsT""]"
booster,TCGCSV-23580-563752,563752,Mystery Booster 2 - Booster Display,mystery booster 2 booster display,Draft/Traditional Booster Display,294.57,,0.1256,,0.2169,331.56799199999995,,,420.088476028677,,,532.24,292.73,984.64,95.0,Avoid,57.51,,-0.1862,"[""ath"", ""atl"", ""cagr"", ""cls"", ""cmd"", ""compRank"", ""compScore"", ""conf"", ""convTier"", ""covStatus"", ""dd"", ""ddPct"", ""ff"", ""firstObs"", ""hist"", ""id"", ""masters"", ""med5"", ""mom"", ""momPct"", ""momState"", ""mos"", ""name"", ""obs"", ""p05"", ""p95"", ""pDbl"", ""pLoss"", ""persist"", ""posRatio"", ""price"", ""r3"", ""r365"", ""r6"", ""ras"", ""rasPct"", ""rating"", ""recScore"", ""regime"", ""retPct"", ""riskRating"", ""riskScore"", ""rl"", ""score"", ""set"", ""signal"", ""stage"", ""target"", ""trend"", ""type"", ""ub"", ""vol"", ""vsT""]"
booster,TCGCSV-44-27278,27278,Fifth Edition - Booster Box,fifth edition booster display,Draft/Traditional Booster Display,1112.49,,0.121,,-0.2823,1247.10129,,,1567.15861216689,,,1969.36,1083.15,3643.32,95.0,Avoid,57.32,,-0.3791,"[""ath"", ""atl"", ""cagr"", ""cls"", ""cmd"", ""compRank"", ""compScore"", ""conf"", ""convTier"", ""covStatus"", ""dd"", ""ddPct"", ""ff"", ""firstObs"", ""hist"", ""id"", ""masters"", ""med5"", ""mom"", ""momPct"", ""momState"", ""mos"", ""name"", ""obs"", ""p05"", ""p95"", ""pDbl"", ""pLoss"", ""persist"", ""posRatio"", ""price"", ""r3"", ""r365"", ""r6"", ""ras"", ""rasPct"", ""rating"", ""recScore"", ""regime"", ""retPct"", ""riskRating"", ""riskScore"", ""rl"", ""score"", ""set"", ""signal"", ""stage"", ""target"", ""trend"", ""type"", ""ub"", ""vol"", ""vsT""]"
booster,TCGCSV-22-27269,27269,Chronicles - Booster Box,chronicles booster display,Draft/Traditional Booster Display,758.95,,0.1203,,0.2059,850.2516850000001,,,1067.127159318972,,,1339.32,736.63,2477.74,95.0,Avoid,57.08,,-0.4579,"[""ath"", ""atl"", ""cagr"", ""cls"", ""cmd"", ""compRank"", ""compScore"", ""conf"", ""convTier"", ""covStatus"", ""dd"", ""ddPct"", ""ff"", ""firstObs"", ""hist"", ""id"", ""masters"", ""med5"", ""mom"", ""momPct"", ""momState"", ""mos"", ""name"", ""obs"", ""p05"", ""p95"", ""pDbl"", ""pLoss"", ""persist"", ""posRatio"", ""price"", ""r3"", ""r365"", ""r6"", ""ras"", ""rasPct"", ""rating"", ""recScore"", ""regime"", ""retPct"", ""riskRating"", ""riskScore"", ""rl"", ""score"", ""set"", ""signal"", ""stage"", ""target"", ""trend"", ""type"", ""ub"", ""vol"", ""vsT""]"
booster,TCGCSV-97-27303,27303,Revised Edition - Booster Box,revised edition booster display,Draft/Traditional Booster Display,14224.5,,0.1247,,0.7242,15998.29515,,,20237.044889839064,,,25598.85,14079.37,47357.87,95.0,Avoid,57.06,,-0.1632,"[""ath"", ""atl"", ""cagr"", ""cls"", ""cmd"", ""compRank"", ""compScore"", ""conf"", ""convTier"", ""covStatus"", ""dd"", ""ddPct"", ""ff"", ""firstObs"", ""hist"", ""id"", ""masters"", ""med5"", ""mom"", ""momPct"", ""momState"", ""mos"", ""name"", ""obs"", ""p05"", ""p95"", ""pDbl"", ""pLoss"", ""persist"", ""posRatio"", ""price"", ""r3"", ""r365"", ""r6"", ""ras"", ""rasPct"", ""rating"", ""recScore"", ""regime"", ""retPct"", ""riskRating"", ""riskScore"", ""rl"", ""score"", ""set"", ""signal"", ""stage"", ""target"", ""trend"", ""type"", ""ub"", ""vol"", ""vsT""]"
booster,TCGCSV-88-27300,27300,Portal Three Kingdoms - Booster Box,portal three kingdoms booster display,Draft/Traditional Booster Display,29999.92,,0.1284,,0.0,33851.909728,,,43103.18168699566,,,54882.7,30185.48,101533.0,95.0,Avoid,57.0,,0.0,"[""ath"", ""atl"", ""cagr"", ""cls"", ""cmd"", ""compRank"", ""compScore"", ""conf"", ""convTier"", ""covStatus"", ""dd"", ""ddPct"", ""ff"", ""firstObs"", ""hist"", ""id"", ""masters"", ""med5"", ""mom"", ""momPct"", ""momState"", ""mos"", ""name"", ""obs"", ""p05"", ""p95"", ""pDbl"", ""pLoss"", ""persist"", ""posRatio"", ""price"", ""r3"", ""r365"", ""r6"", ""ras"", ""rasPct"", ""rating"", ""recScore"", ""regime"", ""retPct"", ""riskRating"", ""riskScore"", ""rl"", ""score"", ""set"", ""signal"", ""stage"", ""target"", ""trend"", ""type"", ""ub"", ""vol"", ""vsT""]"
booster,TCGCSV-2648-220420,220420,Zendikar Rising - Theme Booster Display Box,zendikar rising theme booster display box,Draft/Traditional Booster Display,121.94,,0.1284,,1.7104,137.597096,,,175.2005330318298,,,223.08,122.69,412.7,95.0,Avoid,57.0,,0.0,"[""ath"", ""atl"", ""cagr"", ""cls"", ""cmd"", ""compRank"", ""compScore"", ""conf"", ""convTier"", ""covStatus"", ""dd"", ""ddPct"", ""ff"", ""firstObs"", ""hist"", ""id"", ""masters"", ""med5"", ""mom"", ""momPct"", ""momState"", ""mos"", ""name"", ""obs"", ""p05"", ""p95"", ""pDbl"", ""pLoss"", ""persist"", ""posRatio"", ""price"", ""r3"", ""r365"", ""r6"", ""ras"", ""rasPct"", ""rating"", ""recScore"", ""regime"", ""retPct"", ""riskRating"", ""riskScore"", ""rl"", ""score"", ""set"", ""signal"", ""stage"", ""target"", ""trend"", ""type"", ""ub"", ""vol"", ""vsT""]"
booster,TCGCSV-39-27274,27274,Eventide - Booster Box,eventide booster display,Draft/Traditional Booster Display,931.65,,0.1256,,0.0468,1048.6652399999998,,,1328.6330199684862,,,1683.35,925.84,3114.2,95.0,Avoid,56.8,,-0.0911,"[""ath"", ""atl"", ""cagr"", ""cls"", ""cmd"", ""compRank"", ""compScore"", ""conf"", ""convTier"", ""covStatus"", ""dd"", ""ddPct"", ""ff"", ""firstObs"", ""hist"", ""id"", ""masters"", ""med5"", ""mom"", ""momPct"", ""momState"", ""mos"", ""name"", ""obs"", ""p05"", ""p95"", ""pDbl"", ""pLoss"", ""persist"", ""posRatio"", ""price"", ""r3"", ""r365"", ""r6"", ""ras"", ""rasPct"", ""rating"", ""recScore"", ""regime"", ""retPct"", ""riskRating"", ""riskScore"", ""rl"", ""score"", ""set"", ""signal"", ""stage"", ""target"", ""trend"", ""type"", ""ub"", ""vol"", ""vsT""]"
booster,TCGCSV-2366-183337,183337,Ravnica Allegiance - Theme Booster Display Box,ravnica allegiance theme booster display box,Draft/Traditional Booster Display,95.99,,0.1264,,0.5487,108.123136,,,137.18414379974658,,,174.06,95.73,322.01,95.0,Avoid,56.68,,-0.0401,"[""ath"", ""atl"", ""cagr"", ""cls"", ""cmd"", ""compRank"", ""compScore"", ""conf"", ""convTier"", ""covStatus"", ""dd"", ""ddPct"", ""ff"", ""firstObs"", ""hist"", ""id"", ""masters"", ""med5"", ""mom"", ""momPct"", ""momState"", ""mos"", ""name"", ""obs"", ""p05"", ""p95"", ""pDbl"", ""pLoss"", ""persist"", ""posRatio"", ""price"", ""r3"", ""r365"", ""r6"", ""ras"", ""rasPct"", ""rating"", ""recScore"", ""regime"", ""retPct"", ""riskRating"", ""riskScore"", ""rl"", ""score"", ""set"", ""signal"", ""stage"", ""target"", ""trend"", ""type"", ""ub"", ""vol"", ""vsT""]"
booster,TCGCSV-24553-675623,675623,Marvel Super Heroes - Jumpstart Booster Display,marvel super heroes jumpstart booster display,Draft/Traditional Booster Display,159.43,,0.138,,,181.43134,,,234.96156827895996,,,304.29,167.36,562.94,58.3,Avoid,54.8,,0.0,"[""ath"", ""atl"", ""cagr"", ""cls"", ""cmd"", ""compRank"", ""compScore"", ""conf"", ""convTier"", ""covStatus"", ""dd"", ""ddPct"", ""ff"", ""firstObs"", ""hist"", ""id"", ""masters"", ""med5"", ""mom"", ""momPct"", ""momState"", ""mos"", ""name"", ""obs"", ""p05"", ""p95"", ""pDbl"", ""pLoss"", ""persist"", ""posRatio"", ""price"", ""r3"", ""r365"", ""r6"", ""ras"", ""rasPct"", ""rating"", ""recScore"", ""regime"", ""retPct"", ""riskRating"", ""riskScore"", ""rl"", ""score"", ""set"", ""signal"", ""stage"", ""target"", ""trend"", ""type"", ""ub"", ""vol"", ""vsT""]"
booster,TCGCSV-2-27258,27258,7th Edition - Booster Box,7th edition booster display,Draft/Traditional Booster Display,3809.94,,0.1127,,0.3607,4239.320238,,,5248.707855390908,,,6498.43,3574.14,12022.1,95.0,Avoid,54.71,,-0.5238,"[""ath"", ""atl"", ""cagr"", ""cls"", ""cmd"", ""compRank"", ""compScore"", ""conf"", ""convTier"", ""covStatus"", ""dd"", ""ddPct"", ""ff"", ""firstObs"", ""hist"", ""id"", ""masters"", ""med5"", ""mom"", ""momPct"", ""momState"", ""mos"", ""name"", ""obs"", ""p05"", ""p95"", ""pDbl"", ""pLoss"", ""persist"", ""posRatio"", ""price"", ""r3"", ""r365"", ""r6"", ""ras"", ""rasPct"", ""rating"", ""recScore"", ""regime"", ""retPct"", ""riskRating"", ""riskScore"", ""rl"", ""score"", ""set"", ""signal"", ""stage"", ""target"", ""trend"", ""type"", ""ub"", ""vol"", ""vsT""]"
booster,TCGCSV-107-27307,27307,Stronghold - Booster Box,stronghold booster display,Draft/Traditional Booster Display,3874.5,,0.1014,,0.1146,4267.3742999999995,,,5176.674779897627,,,6279.73,3453.85,11617.5,95.0,Avoid,51.2,,-0.9254,"[""ath"", ""atl"", ""cagr"", ""cls"", ""cmd"", ""compRank"", ""compScore"", ""conf"", ""convTier"", ""covStatus"", ""dd"", ""ddPct"", ""ff"", ""firstObs"", ""hist"", ""id"", ""masters"", ""med5"", ""mom"", ""momPct"", ""momState"", ""mos"", ""name"", ""obs"", ""p05"", ""p95"", ""pDbl"", ""pLoss"", ""persist"", ""posRatio"", ""price"", ""r3"", ""r365"", ""r6"", ""ras"", ""rasPct"", ""rating"", ""recScore"", ""regime"", ""retPct"", ""riskRating"", ""riskScore"", ""rl"", ""score"", ""set"", ""signal"", ""stage"", ""target"", ""trend"", ""type"", ""ub"", ""vol"", ""vsT""]"
booster,TCGCSV-24553-675606,675606,Marvel Super Heroes Collector Booster Display,marvel super heroes collector booster display,Collector Booster Display,462.46,,0.1149,,,515.596654,,,640.8876772712745,,,796.62,438.14,1473.75,58.3,Avoid,50.08,,-0.3345,"[""ath"", ""atl"", ""cagr"", ""cls"", ""cmd"", ""compRank"", ""compScore"", ""conf"", ""convTier"", ""covStatus"", ""dd"", ""ddPct"", ""ff"", ""firstObs"", ""hist"", ""id"", ""masters"", ""med5"", ""mom"", ""momPct"", ""momState"", ""mos"", ""name"", ""obs"", ""p05"", ""p95"", ""pDbl"", ""pLoss"", ""persist"", ""posRatio"", ""price"", ""r3"", ""r365"", ""r6"", ""ras"", ""rasPct"", ""rating"", ""recScore"", ""regime"", ""retPct"", ""riskRating"", ""riskScore"", ""rl"", ""score"", ""set"", ""signal"", ""stage"", ""target"", ""trend"", ""type"", ""ub"", ""vol"", ""vsT""]"
booster,TCGCSV-24601-675558,675558,Secrets of Strixhaven Collector Booster Display,secrets of strixhaven collector booster display,Collector Booster Display,478.11,,0.1178,,,534.4313579999999,,,667.7596043907486,,,834.35,458.89,1543.55,58.3,Avoid,48.93,,-0.062,"[""ath"", ""atl"", ""cagr"", ""cls"", ""cmd"", ""compRank"", ""compScore"", ""conf"", ""convTier"", ""covStatus"", ""dd"", ""ddPct"", ""ff"", ""firstObs"", ""hist"", ""id"", ""masters"", ""med5"", ""mom"", ""momPct"", ""momState"", ""mos"", ""name"", ""obs"", ""p05"", ""p95"", ""pDbl"", ""pLoss"", ""persist"", ""posRatio"", ""price"", ""r3"", ""r365"", ""r6"", ""ras"", ""rasPct"", ""rating"", ""recScore"", ""regime"", ""retPct"", ""riskRating"", ""riskScore"", ""rl"", ""score"", ""set"", ""signal"", ""stage"", ""target"", ""trend"", ""type"", ""ub"", ""vol"", ""vsT""]"
booster,TCGCSV-8-27263,27263,Antiquities - Booster Box,antiquities booster display,Draft/Traditional Booster Display,59999.99,,0.1166,,-0.2941,66995.988834,,,83530.30141604078,,,104145.21,57279.87,192668.64,33.3,Avoid,47.19,,-0.2941,"[""ath"", ""atl"", ""cagr"", ""cls"", ""cmd"", ""compRank"", ""compScore"", ""conf"", ""convTier"", ""covStatus"", ""dd"", ""ddPct"", ""ff"", ""firstObs"", ""hist"", ""id"", ""masters"", ""med5"", ""mom"", ""momPct"", ""momState"", ""mos"", ""name"", ""obs"", ""p05"", ""p95"", ""pDbl"", ""pLoss"", ""persist"", ""posRatio"", ""price"", ""r3"", ""r365"", ""r6"", ""ras"", ""rasPct"", ""rating"", ""recScore"", ""regime"", ""retPct"", ""riskRating"", ""riskScore"", ""rl"", ""score"", ""set"", ""signal"", ""stage"", ""target"", ""trend"", ""type"", ""ub"", ""vol"", ""vsT""]"
booster,TCGCSV-24683-692963,692963,The Hobbit Collector Booster Display,the hobbit collector booster display,Collector Booster Display,817.32,,0.1121,,,908.9415720000002,,,1124.1484049021967,,,1390.31,764.67,2572.07,25.0,Avoid,42.52,,0.0,"[""ath"", ""atl"", ""cagr"", ""cls"", ""cmd"", ""compRank"", ""compScore"", ""conf"", ""convTier"", ""covStatus"", ""dd"", ""ddPct"", ""ff"", ""firstObs"", ""hist"", ""id"", ""masters"", ""med5"", ""mom"", ""momPct"", ""momState"", ""mos"", ""name"", ""obs"", ""p05"", ""p95"", ""pDbl"", ""pLoss"", ""persist"", ""posRatio"", ""price"", ""r3"", ""r365"", ""r6"", ""ras"", ""rasPct"", ""rating"", ""recScore"", ""regime"", ""retPct"", ""riskRating"", ""riskScore"", ""rl"", ""score"", ""set"", ""signal"", ""stage"", ""target"", ""trend"", ""type"", ""ub"", ""vol"", ""vsT""]"
booster,TCGCSV-24684-692983,692983,Reality Fracture Collector Booster Display,reality fracture collector booster display,Collector Booster Display,478.02,,0.1101,,,530.650002,,,653.9316770711441,,,805.85,443.22,1490.82,25.0,Avoid,42.36,,-0.0597,"[""ath"", ""atl"", ""cagr"", ""cls"", ""cmd"", ""compRank"", ""compScore"", ""conf"", ""convTier"", ""covStatus"", ""dd"", ""ddPct"", ""ff"", ""firstObs"", ""hist"", ""id"", ""masters"", ""med5"", ""mom"", ""momPct"", ""momState"", ""mos"", ""name"", ""obs"", ""p05"", ""p95"", ""pDbl"", ""pLoss"", ""persist"", ""posRatio"", ""price"", ""r3"", ""r365"", ""r6"", ""ras"", ""rasPct"", ""rating"", ""recScore"", ""regime"", ""retPct"", ""riskRating"", ""riskScore"", ""rl"", ""score"", ""set"", ""signal"", ""stage"", ""target"", ""trend"", ""type"", ""ub"", ""vol"", ""vsT""]"
booster,TCGCSV-7-27262,27262,Alpha Edition - Booster Box,alpha edition booster display,Draft/Traditional Booster Display,0.0,,0.108,,,0.0,,,0.0,,,0.0,0.0,0.0,0.0,Avoid,40.0,,,"[""ath"", ""atl"", ""cagr"", ""cls"", ""cmd"", ""compRank"", ""compScore"", ""conf"", ""convTier"", ""covStatus"", ""dd"", ""ddPct"", ""ff"", ""firstObs"", ""hist"", ""id"", ""masters"", ""med5"", ""mom"", ""momPct"", ""momState"", ""mos"", ""name"", ""obs"", ""p05"", ""p95"", ""pDbl"", ""pLoss"", ""persist"", ""posRatio"", ""price"", ""r3"", ""r365"", ""r6"", ""ras"", ""rasPct"", ""rating"", ""recScore"", ""regime"", ""retPct"", ""riskRating"", ""riskScore"", ""rl"", ""score"", ""set"", ""signal"", ""stage"", ""target"", ""trend"", ""type"", ""ub"", ""vol"", ""vsT""]"
booster,TCGCSV-11-27265,27265,Arabian Nights - Booster Box,arabian nights booster display,Draft/Traditional Booster Display,0.0,,0.108,,,0.0,,,0.0,,,0.0,0.0,0.0,0.0,Avoid,40.0,,,"[""ath"", ""atl"", ""cagr"", ""cls"", ""cmd"", ""compRank"", ""compScore"", ""conf"", ""convTier"", ""covStatus"", ""dd"", ""ddPct"", ""ff"", ""firstObs"", ""hist"", ""id"", ""masters"", ""med5"", ""mom"", ""momPct"", ""momState"", ""mos"", ""name"", ""obs"", ""p05"", ""p95"", ""pDbl"", ""pLoss"", ""persist"", ""posRatio"", ""price"", ""r3"", ""r365"", ""r6"", ""ras"", ""rasPct"", ""rating"", ""recScore"", ""regime"", ""retPct"", ""riskRating"", ""riskScore"", ""rl"", ""score"", ""set"", ""signal"", ""stage"", ""target"", ""trend"", ""type"", ""ub"", ""vol"", ""vsT""]"
booster,TCGCSV-17-27266,27266,Beta Edition - Booster Box,beta edition booster display,Draft/Traditional Booster Display,0.0,,0.108,,,0.0,,,0.0,,,0.0,0.0,0.0,0.0,Avoid,40.0,,,"[""ath"", ""atl"", ""cagr"", ""cls"", ""cmd"", ""compRank"", ""compScore"", ""conf"", ""convTier"", ""covStatus"", ""dd"", ""ddPct"", ""ff"", ""firstObs"", ""hist"", ""id"", ""masters"", ""med5"", ""mom"", ""momPct"", ""momState"", ""mos"", ""name"", ""obs"", ""p05"", ""p95"", ""pDbl"", ""pLoss"", ""persist"", ""posRatio"", ""price"", ""r3"", ""r365"", ""r6"", ""ras"", ""rasPct"", ""rating"", ""recScore"", ""regime"", ""retPct"", ""riskRating"", ""riskScore"", ""rl"", ""score"", ""set"", ""signal"", ""stage"", ""target"", ""trend"", ""type"", ""ub"", ""vol"", ""vsT""]"
booster,TCGCSV-2379-245970,245970,Renaissance - French Booster Box,renaissance french booster display,Draft/Traditional Booster Display,0.0,,0.108,,,0.0,,,0.0,,,0.0,0.0,0.0,0.0,Avoid,40.0,,,"[""ath"", ""atl"", ""cagr"", ""cls"", ""cmd"", ""compRank"", ""compScore"", ""conf"", ""convTier"", ""covStatus"", ""dd"", ""ddPct"", ""ff"", ""firstObs"", ""hist"", ""id"", ""masters"", ""med5"", ""mom"", ""momPct"", ""momState"", ""mos"", ""name"", ""obs"", ""p05"", ""p95"", ""pDbl"", ""pLoss"", ""persist"", ""posRatio"", ""price"", ""r3"", ""r365"", ""r6"", ""ras"", ""rasPct"", ""rating"", ""recScore"", ""regime"", ""retPct"", ""riskRating"", ""riskScore"", ""rl"", ""score"", ""set"", ""signal"", ""stage"", ""target"", ""trend"", ""type"", ""ub"", ""vol"", ""vsT""]"
booster,TCGCSV-2379-245971,245971,Renaissance - German Booster Box,renaissance german booster display,Draft/Traditional Booster Display,0.0,,0.108,,,0.0,,,0.0,,,0.0,0.0,0.0,0.0,Avoid,40.0,,,"[""ath"", ""atl"", ""cagr"", ""cls"", ""cmd"", ""compRank"", ""compScore"", ""conf"", ""convTier"", ""covStatus"", ""dd"", ""ddPct"", ""ff"", ""firstObs"", ""hist"", ""id"", ""masters"", ""med5"", ""mom"", ""momPct"", ""momState"", ""mos"", ""name"", ""obs"", ""p05"", ""p95"", ""pDbl"", ""pLoss"", ""persist"", ""posRatio"", ""price"", ""r3"", ""r365"", ""r6"", ""ras"", ""rasPct"", ""rating"", ""recScore"", ""regime"", ""retPct"", ""riskRating"", ""riskScore"", ""rl"", ""score"", ""set"", ""signal"", ""stage"", ""target"", ""trend"", ""type"", ""ub"", ""vol"", ""vsT""]"
booster,TCGCSV-115-27313,27313,Unlimited Edition - Booster Box,unlimited edition booster display,Draft/Traditional Booster Display,0.0,,0.108,,,0.0,,,0.0,,,0.0,0.0,0.0,0.0,Avoid,40.0,,,"[""ath"", ""atl"", ""cagr"", ""cls"", ""cmd"", ""compRank"", ""compScore"", ""conf"", ""convTier"", ""covStatus"", ""dd"", ""ddPct"", ""ff"", ""firstObs"", ""hist"", ""id"", ""masters"", ""med5"", ""mom"", ""momPct"", ""momState"", ""mos"", ""name"", ""obs"", ""p05"", ""p95"", ""pDbl"", ""pLoss"", ""persist"", ""posRatio"", ""price"", ""r3"", ""r365"", ""r6"", ""ras"", ""rasPct"", ""rating"", ""recScore"", ""regime"", ""retPct"", ""riskRating"", ""riskScore"", ""rl"", ""score"", ""set"", ""signal"", ""stage"", ""target"", ""trend"", ""type"", ""ub"", ""vol"", ""vsT""]"
secret_lair,SL-C0AA65531F16E2,,Artist Series: Sidharth Chaturvedi - Traditional Foil Edition — Foil Edition,artist series sidharth chaturvedi traditional foil edition foil edition,secret_lair,30.13,,,,0.318,,,,,,,,,,76.25,,60.95,,0.0,"[""annRet"", ""artist"", ""compRank"", ""compScore"", ""conf"", ""covStatus"", ""dataConf"", ""dd"", ""drop"", ""family"", ""finish"", ""hist"", ""id"", ""incRet"", ""ipArtist"", ""liq"", ""mom"", ""msrp"", ""name"", ""obs"", ""peak"", ""price"", ""r30"", ""r365"", ""r90"", ""ras"", ""rec"", ""recScore"", ""rel"", ""risk"", ""scarcity"", ""score"", ""super"", ""ub"", ""value"", ""year""]"
secret_lair,SL-B08949D7A3AFE1,,FINAL FANTASY: Grimoire - Rainbow Foil Edition — Foil Edition,final fantasy grimoire rainbow foil edition foil edition,secret_lair,102.47,,,,0.3107,,,,,,,,,,76.25,,62.19,,0.0,"[""annRet"", ""artist"", ""compRank"", ""compScore"", ""conf"", ""covStatus"", ""dataConf"", ""dd"", ""drop"", ""family"", ""finish"", ""hist"", ""id"", ""incRet"", ""ipArtist"", ""liq"", ""mom"", ""msrp"", ""name"", ""obs"", ""peak"", ""price"", ""r30"", ""r365"", ""r90"", ""ras"", ""rec"", ""recScore"", ""rel"", ""risk"", ""scarcity"", ""score"", ""super"", ""ub"", ""value"", ""year""]"
secret_lair,SL-24D60CEE50EB04,,Mother's Day 2021 - Traditional Foil Edition — Foil Edition,mother s day 2021 traditional foil edition foil edition,secret_lair,50.25,,,,0.6728,,,,,,,,,,76.25,,62.19,,-0.0132,"[""annRet"", ""artist"", ""compRank"", ""compScore"", ""conf"", ""covStatus"", ""dataConf"", ""dd"", ""drop"", ""family"", ""finish"", ""hist"", ""id"", ""incRet"", ""ipArtist"", ""liq"", ""mom"", ""msrp"", ""name"", ""obs"", ""peak"", ""price"", ""r30"", ""r365"", ""r90"", ""ras"", ""rec"", ""recScore"", ""rel"", ""risk"", ""scarcity"", ""score"", ""super"", ""ub"", ""value"", ""year""]"
secret_lair,SL-1716D8997667E1,,The Space Beyond the Stars - Traditional Foil Edition — Foil Edition,the space beyond the stars traditional foil edition foil edition,secret_lair,68.55,,,,0.7645,,,,,,,,,,76.25,,62.19,,0.0,"[""annRet"", ""artist"", ""compRank"", ""compScore"", ""conf"", ""covStatus"", ""dataConf"", ""dd"", ""drop"", ""family"", ""finish"", ""hist"", ""id"", ""incRet"", ""ipArtist"", ""liq"", ""mom"", ""msrp"", ""name"", ""obs"", ""peak"", ""price"", ""r30"", ""r365"", ""r90"", ""ras"", ""rec"", ""recScore"", ""rel"", ""risk"", ""scarcity"", ""score"", ""super"", ""ub"", ""value"", ""year""]"
secret_lair,SL-51F0E5266661E3,,Purrfection - Traditional Foil Edition — Foil Edition,purrfection traditional foil edition foil edition,secret_lair,297.5,,,,0.459,,,,,,,,,,76.25,,62.19,,0.0,"[""annRet"", ""artist"", ""compRank"", ""compScore"", ""conf"", ""covStatus"", ""dataConf"", ""dd"", ""drop"", ""family"", ""finish"", ""hist"", ""id"", ""incRet"", ""ipArtist"", ""liq"", ""mom"", ""msrp"", ""name"", ""obs"", ""peak"", ""price"", ""r30"", ""r365"", ""r90"", ""ras"", ""rec"", ""recScore"", ""rel"", ""risk"", ""scarcity"", ""score"", ""super"", ""ub"", ""value"", ""year""]"
secret_lair,SL-5CD1718708F7CF,,Secret Lair Promo: Seedborn Muse - Rainbow Foil Edition — Foil Edition,secret lair promo seedborn muse rainbow foil edition foil edition,secret_lair,70.85,,,,0.8586,,,,,,,,,,76.25,,62.19,,0.0,"[""annRet"", ""artist"", ""compRank"", ""compScore"", ""conf"", ""covStatus"", ""dataConf"", ""dd"", ""drop"", ""family"", ""finish"", ""hist"", ""id"", ""incRet"", ""ipArtist"", ""liq"", ""mom"", ""msrp"", ""name"", ""obs"", ""peak"", ""price"", ""r30"", ""r365"", ""r90"", ""ras"", ""rec"", ""recScore"", ""rel"", ""risk"", ""scarcity"", ""score"", ""super"", ""ub"", ""value"", ""year""]"
secret_lair,SL-BB7E07A2986BB4,,Hatsune Miku: Winter Diva EN - Rainbow Foil Edition — Foil Edition,hatsune miku winter diva en rainbow foil edition foil edition,secret_lair,116.2,,,,0.9533,,,,,,,,,,76.25,,62.19,,0.0,"[""annRet"", ""artist"", ""compRank"", ""compScore"", ""conf"", ""covStatus"", ""dataConf"", ""dd"", ""drop"", ""family"", ""finish"", ""hist"", ""id"", ""incRet"", ""ipArtist"", ""liq"", ""mom"", ""msrp"", ""name"", ""obs"", ""peak"", ""price"", ""r30"", ""r365"", ""r90"", ""ras"", ""rec"", ""recScore"", ""rel"", ""risk"", ""scarcity"", ""score"", ""super"", ""ub"", ""value"", ""year""]"
secret_lair,SL-500F5F97CE9D3D,,February Superdrop - Special Guest: Yuko Shimizu - Traditional Foil Edition — Foil Edition,february superdrop special guest yuko shimizu traditional foil edition foil edition,secret_lair,46.84,,,,0.7126,,,,,,,,,,76.25,,60.05,,0.0,"[""annRet"", ""artist"", ""compRank"", ""compScore"", ""conf"", ""covStatus"", ""dataConf"", ""dd"", ""drop"", ""family"", ""finish"", ""hist"", ""id"", ""incRet"", ""ipArtist"", ""liq"", ""mom"", ""msrp"", ""name"", ""obs"", ""peak"", ""price"", ""r30"", ""r365"", ""r90"", ""ras"", ""rec"", ""recScore"", ""rel"", ""risk"", ""scarcity"", ""score"", ""super"", ""ub"", ""value"", ""year""]"
secret_lair,SL-DA95D95DF8A49D,,Blood Bowl - Traditional Foil Edition — Foil Edition,blood bowl traditional foil edition foil edition,secret_lair,76.9,,,,0.7108,,,,,,,,,,76.25,,61.84,,0.0,"[""annRet"", ""artist"", ""compRank"", ""compScore"", ""conf"", ""covStatus"", ""dataConf"", ""dd"", ""drop"", ""family"", ""finish"", ""hist"", ""id"", ""incRet"", ""ipArtist"", ""liq"", ""mom"", ""msrp"", ""name"", ""obs"", ""peak"", ""price"", ""r30"", ""r365"", ""r90"", ""ras"", ""rec"", ""recScore"", ""rel"", ""risk"", ""scarcity"", ""score"", ""super"", ""ub"", ""value"", ""year""]"
secret_lair,SL-B5D96EAAB94F7F,,Phyrexian Praetors: Compleat Edition - Traditional Foil Edition — Foil Edition,phyrexian praetors compleat edition traditional foil edition foil edition,secret_lair,82.17,,,,0.6553,,,,,,,,,,76.25,,60.21,,0.0,"[""annRet"", ""artist"", ""compRank"", ""compScore"", ""conf"", ""covStatus"", ""dataConf"", ""dd"", ""drop"", ""family"", ""finish"", ""hist"", ""id"", ""incRet"", ""ipArtist"", ""liq"", ""mom"", ""msrp"", ""name"", ""obs"", ""peak"", ""price"", ""r30"", ""r365"", ""r90"", ""ras"", ""rec"", ""recScore"", ""rel"", ""risk"", ""scarcity"", ""score"", ""super"", ""ub"", ""value"", ""year""]"
secret_lair,SL-BFAF5430109A2E,,Dan Frazier is Back: The Allied Signets - Foil Etched Edition — Foil Edition,dan frazier is back the allied signets foil etched edition foil edition,secret_lair,166.52,,,,0.7132,,,,,,,,,,76.25,,62.19,,0.0,"[""annRet"", ""artist"", ""compRank"", ""compScore"", ""conf"", ""covStatus"", ""dataConf"", ""dd"", ""drop"", ""family"", ""finish"", ""hist"", ""id"", ""incRet"", ""ipArtist"", ""liq"", ""mom"", ""msrp"", ""name"", ""obs"", ""peak"", ""price"", ""r30"", ""r365"", ""r90"", ""ras"", ""rec"", ""recScore"", ""rel"", ""risk"", ""scarcity"", ""score"", ""super"", ""ub"", ""value"", ""year""]"
secret_lair,SL-70307120926003,70307120926003,Artist Series: Wayne Reynolds - Traditional Foil Edition — Foil Edition,artist series wayne reynolds traditional foil edition foil edition,secret_lair,35.13,,,,0.4075,,,,,,,,,,76.25,,58.0,,0.0,"[""annRet"", ""artist"", ""compRank"", ""compScore"", ""conf"", ""covStatus"", ""dataConf"", ""dd"", ""drop"", ""family"", ""finish"", ""hist"", ""id"", ""incRet"", ""ipArtist"", ""liq"", ""mom"", ""msrp"", ""name"", ""obs"", ""peak"", ""price"", ""r30"", ""r365"", ""r90"", ""ras"", ""rec"", ""recScore"", ""rel"", ""risk"", ""scarcity"", ""score"", ""super"", ""ub"", ""value"", ""year""]"
secret_lair,SL-FFA400FF14BF49,,Fallout: S.P.E.C.I.A.L. - Rainbow Foil Edition — Foil Edition,fallout s p e c i a l rainbow foil edition foil edition,secret_lair,145.97,,,,0.661,,,,,,,,,,76.25,,61.71,,0.0,"[""annRet"", ""artist"", ""compRank"", ""compScore"", ""conf"", ""covStatus"", ""dataConf"", ""dd"", ""drop"", ""family"", ""finish"", ""hist"", ""id"", ""incRet"", ""ipArtist"", ""liq"", ""mom"", ""msrp"", ""name"", ""obs"", ""peak"", ""price"", ""r30"", ""r365"", ""r90"", ""ras"", ""rec"", ""recScore"", ""rel"", ""risk"", ""scarcity"", ""score"", ""super"", ""ub"", ""value"", ""year""]"
secret_lair,SL-86AA5CC0673EF5,,Artist Series: Magali Villeneuve - Traditional Foil Edition — Foil Edition,artist series magali villeneuve traditional foil edition foil edition,secret_lair,36.29,,,,0.3092,,,,,,,,,,76.25,,56.82,,0.0,"[""annRet"", ""artist"", ""compRank"", ""compScore"", ""conf"", ""covStatus"", ""dataConf"", ""dd"", ""drop"", ""family"", ""finish"", ""hist"", ""id"", ""incRet"", ""ipArtist"", ""liq"", ""mom"", ""msrp"", ""name"", ""obs"", ""peak"", ""price"", ""r30"", ""r365"", ""r90"", ""ras"", ""rec"", ""recScore"", ""rel"", ""risk"", ""scarcity"", ""score"", ""super"", ""ub"", ""value"", ""year""]"
secret_lair,SL-51976658E5C23C,,Inside an Elevator Superdrop: Brain Dead Bundle - Foil Edition — Foil Edition,inside an elevator superdrop brain dead bundle foil edition foil edition,secret_lair,289.99,,,,0.777,,,,,,,,,,76.25,,62.19,,0.0,"[""annRet"", ""artist"", ""compRank"", ""compScore"", ""conf"", ""covStatus"", ""dataConf"", ""dd"", ""drop"", ""family"", ""finish"", ""hist"", ""id"", ""incRet"", ""ipArtist"", ""liq"", ""mom"", ""msrp"", ""name"", ""obs"", ""peak"", ""price"", ""r30"", ""r365"", ""r90"", ""ras"", ""rec"", ""recScore"", ""rel"", ""risk"", ""scarcity"", ""score"", ""super"", ""ub"", ""value"", ""year""]"
secret_lair,SL-091253B94BB947,,Welcome to the Fungal - Traditional Foil Edition — Foil Edition,welcome to the fungal traditional foil edition foil edition,secret_lair,135.66,,,,0.5863,,,,,,,,,,76.25,,62.19,,0.0,"[""annRet"", ""artist"", ""compRank"", ""compScore"", ""conf"", ""covStatus"", ""dataConf"", ""dd"", ""drop"", ""family"", ""finish"", ""hist"", ""id"", ""incRet"", ""ipArtist"", ""liq"", ""mom"", ""msrp"", ""name"", ""obs"", ""peak"", ""price"", ""r30"", ""r365"", ""r90"", ""ras"", ""rec"", ""recScore"", ""rel"", ""risk"", ""scarcity"", ""score"", ""super"", ""ub"", ""value"", ""year""]"
secret_lair,SL-E23BF5EAA4F5AA,,Artist Series: Livia Prima - Traditional Foil Edition — Foil Edition,artist series livia prima traditional foil edition foil edition,secret_lair,45.58,,,,0.7424,,,,,,,,,,76.25,,59.26,,0.0,"[""annRet"", ""artist"", ""compRank"", ""compScore"", ""conf"", ""covStatus"", ""dataConf"", ""dd"", ""drop"", ""family"", ""finish"", ""hist"", ""id"", ""incRet"", ""ipArtist"", ""liq"", ""mom"", ""msrp"", ""name"", ""obs"", ""peak"", ""price"", ""r30"", ""r365"", ""r90"", ""ras"", ""rec"", ""recScore"", ""rel"", ""risk"", ""scarcity"", ""score"", ""super"", ""ub"", ""value"", ""year""]"
secret_lair,SL-D62B35CD192D99,,Astrology Lands (Cancer) - Traditional Foil Edition — Foil Edition,astrology lands cancer traditional foil edition foil edition,secret_lair,45.0,,,,-0.044,,,,,,,,,,76.25,,56.54,,-0.0995,"[""annRet"", ""artist"", ""compRank"", ""compScore"", ""conf"", ""covStatus"", ""dataConf"", ""dd"", ""drop"", ""family"", ""finish"", ""hist"", ""id"", ""incRet"", ""ipArtist"", ""liq"", ""mom"", ""msrp"", ""name"", ""obs"", ""peak"", ""price"", ""r30"", ""r365"", ""r90"", ""ras"", ""rec"", ""recScore"", ""rel"", ""risk"", ""scarcity"", ""score"", ""super"", ""ub"", ""value"", ""year""]"
secret_lair,SL-52F611E7CD122A,,Hatsune Miku: Sakura Superstar EN - Rainbow Foil Edition — Foil Edition,hatsune miku sakura superstar en rainbow foil edition foil edition,secret_lair,215.1,,,,0.7979,,,,,,,,,,76.25,,62.19,,-0.1016,"[""annRet"", ""artist"", ""compRank"", ""compScore"", ""conf"", ""covStatus"", ""dataConf"", ""dd"", ""drop"", ""family"", ""finish"", ""hist"", ""id"", ""incRet"", ""ipArtist"", ""liq"", ""mom"", ""msrp"", ""name"", ""obs"", ""peak"", ""price"", ""r30"", ""r365"", ""r90"", ""ras"", ""rec"", ""recScore"", ""rel"", ""risk"", ""scarcity"", ""score"", ""super"", ""ub"", ""value"", ""year""]"
secret_lair,SL-D367F0D637FE13,,Special Guest: Yoji Shinkawa (English) - Traditional Foil Edition — Foil Edition,special guest yoji shinkawa english traditional foil edition foil edition,secret_lair,252.22,,,,0.7218,,,,,,,,,,76.25,,61.29,,0.0,"[""annRet"", ""artist"", ""compRank"", ""compScore"", ""conf"", ""covStatus"", ""dataConf"", ""dd"", ""drop"", ""family"", ""finish"", ""hist"", ""id"", ""incRet"", ""ipArtist"", ""liq"", ""mom"", ""msrp"", ""name"", ""obs"", ""peak"", ""price"", ""r30"", ""r365"", ""r90"", ""ras"", ""rec"", ""recScore"", ""rel"", ""risk"", ""scarcity"", ""score"", ""super"", ""ub"", ""value"", ""year""]"
secret_lair,SL-F1CB3324166D0B,,Special Guest: Yoji Shinkawa (Japanese) - Traditional Foil Edition — Foil Edition,special guest yoji shinkawa japanese traditional foil edition foil edition,secret_lair,127.34,,,,0.5118,,,,,,,,,,76.25,,59.92,,0.0,"[""annRet"", ""artist"", ""compRank"", ""compScore"", ""conf"", ""covStatus"", ""dataConf"", ""dd"", ""drop"", ""family"", ""finish"", ""hist"", ""id"", ""incRet"", ""ipArtist"", ""liq"", ""mom"", ""msrp"", ""name"", ""obs"", ""peak"", ""price"", ""r30"", ""r365"", ""r90"", ""ras"", ""rec"", ""recScore"", ""rel"", ""risk"", ""scarcity"", ""score"", ""super"", ""ub"", ""value"", ""year""]"
secret_lair,SL-384FB17537F64E,,Theros Stargazing: Vol.II (Thassa) - Traditional Foil Edition — Foil Edition,theros stargazing vol ii thassa traditional foil edition foil edition,secret_lair,60.93,,,,0.2478,,,,,,,,,,76.25,,57.44,,0.0,"[""annRet"", ""artist"", ""compRank"", ""compScore"", ""conf"", ""covStatus"", ""dataConf"", ""dd"", ""drop"", ""family"", ""finish"", ""hist"", ""id"", ""incRet"", ""ipArtist"", ""liq"", ""mom"", ""msrp"", ""name"", ""obs"", ""peak"", ""price"", ""r30"", ""r365"", ""r90"", ""ras"", ""rec"", ""recScore"", ""rel"", ""risk"", ""scarcity"", ""score"", ""super"", ""ub"", ""value"", ""year""]"
secret_lair,SL-20A675073DCB5D,,Eldraine Wonderland - Traditional Foil Edition — Foil Edition,eldraine wonderland traditional foil edition foil edition,secret_lair,41.85,,,,0.751,,,,,,,,,,76.25,,58.94,,0.0,"[""annRet"", ""artist"", ""compRank"", ""compScore"", ""conf"", ""covStatus"", ""dataConf"", ""dd"", ""drop"", ""family"", ""finish"", ""hist"", ""id"", ""incRet"", ""ipArtist"", ""liq"", ""mom"", ""msrp"", ""name"", ""obs"", ""peak"", ""price"", ""r30"", ""r365"", ""r90"", ""ras"", ""rec"", ""recScore"", ""rel"", ""risk"", ""scarcity"", ""score"", ""super"", ""ub"", ""value"", ""year""]"
secret_lair,SL-0E630241169A8E,,"Fblthp: Completely, Utterly, Totally Lost - Traditional Foil Edition — Foil Edition",fblthp completely utterly totally lost traditional foil edition foil edition,secret_lair,59.82,,,,0.5709,,,,,,,,,,76.25,,58.82,,0.0,"[""annRet"", ""artist"", ""compRank"", ""compScore"", ""conf"", ""covStatus"", ""dataConf"", ""dd"", ""drop"", ""family"", ""finish"", ""hist"", ""id"", ""incRet"", ""ipArtist"", ""liq"", ""mom"", ""msrp"", ""name"", ""obs"", ""peak"", ""price"", ""r30"", ""r365"", ""r90"", ""ras"", ""rec"", ""recScore"", ""rel"", ""risk"", ""scarcity"", ""score"", ""super"", ""ub"", ""value"", ""year""]"
secret_lair,SL-AA188176080230,188176080230,Special Guest: Junji Ito (Japanese) - Foil Etched Edition — Foil Edition,special guest junji ito japanese foil etched edition foil edition,secret_lair,172.23,,,,0.7199,,,,,,,,,,76.25,,58.7,,0.0,"[""annRet"", ""artist"", ""compRank"", ""compScore"", ""conf"", ""covStatus"", ""dataConf"", ""dd"", ""drop"", ""family"", ""finish"", ""hist"", ""id"", ""incRet"", ""ipArtist"", ""liq"", ""mom"", ""msrp"", ""name"", ""obs"", ""peak"", ""price"", ""r30"", ""r365"", ""r90"", ""ras"", ""rec"", ""recScore"", ""rel"", ""risk"", ""scarcity"", ""score"", ""super"", ""ub"", ""value"", ""year""]"
secret_lair,SL-C4E698097E6EB6,,Hatsune Miku: Digital Sensation EN - Rainbow Foil Edition — Foil Edition,hatsune miku digital sensation en rainbow foil edition foil edition,secret_lair,214.91,,,,1.2582,,,,,,,,,,76.25,,62.19,,0.0,"[""annRet"", ""artist"", ""compRank"", ""compScore"", ""conf"", ""covStatus"", ""dataConf"", ""dd"", ""drop"", ""family"", ""finish"", ""hist"", ""id"", ""incRet"", ""ipArtist"", ""liq"", ""mom"", ""msrp"", ""name"", ""obs"", ""peak"", ""price"", ""r30"", ""r365"", ""r90"", ""ras"", ""rec"", ""recScore"", ""rel"", ""risk"", ""scarcity"", ""score"", ""super"", ""ub"", ""value"", ""year""]"
secret_lair,SL-E24F74D610175D,,Dungeons & Dragons 50th Anniversary: Loot the Room with Foils Bundle — Foil Edition,dungeons and dragons 50th anniversary loot the room with foils bundle foil edition,secret_lair,500.0,,,,1.1211,,,,,,,,,,76.25,,62.19,,0.0,"[""annRet"", ""artist"", ""compRank"", ""compScore"", ""conf"", ""covStatus"", ""dataConf"", ""dd"", ""drop"", ""family"", ""finish"", ""hist"", ""id"", ""incRet"", ""ipArtist"", ""liq"", ""mom"", ""msrp"", ""name"", ""obs"", ""peak"", ""price"", ""r30"", ""r365"", ""r90"", ""ras"", ""rec"", ""recScore"", ""rel"", ""risk"", ""scarcity"", ""score"", ""super"", ""ub"", ""value"", ""year""]"
secret_lair,SL-7CCD4E3550ADDB,,Secretversary Superdrop - Happy Little Gathering Foil Edition - Traditional Foil Edition — Foil Edition,secretversary superdrop happy little gathering foil edition traditional foil edition foil edition,secret_lair,87.88,,,,0.8019,,,,,,,,,,76.25,,60.34,,0.0,"[""annRet"", ""artist"", ""compRank"", ""compScore"", ""conf"", ""covStatus"", ""dataConf"", ""dd"", ""drop"", ""family"", ""finish"", ""hist"", ""id"", ""incRet"", ""ipArtist"", ""liq"", ""mom"", ""msrp"", ""name"", ""obs"", ""peak"", ""price"", ""r30"", ""r365"", ""r90"", ""ras"", ""rec"", ""recScore"", ""rel"", ""risk"", ""scarcity"", ""score"", ""super"", ""ub"", ""value"", ""year""]"
secret_lair,SL-698A08AB4D7C37,,Artist Series: Mark Poole - Traditional Foil Edition — Foil Edition,artist series mark poole traditional foil edition foil edition,secret_lair,41.8,,,,0.3768,,,,,,,,,,76.25,,56.55,,0.0,"[""annRet"", ""artist"", ""compRank"", ""compScore"", ""conf"", ""covStatus"", ""dataConf"", ""dd"", ""drop"", ""family"", ""finish"", ""hist"", ""id"", ""incRet"", ""ipArtist"", ""liq"", ""mom"", ""msrp"", ""name"", ""obs"", ""peak"", ""price"", ""r30"", ""r365"", ""r90"", ""ras"", ""rec"", ""recScore"", ""rel"", ""risk"", ""scarcity"", ""score"", ""super"", ""ub"", ""value"", ""year""]"
secret_lair,SL-7DE930AD4A4B8C,,February Superdrop - Pictures of the Floating World - Traditional Foil Edition — Foil Edition,february superdrop pictures of the floating world traditional foil edition foil edition,secret_lair,38.19,,,,0.1468,,,,,,,,,,76.25,,55.2,,0.0,"[""annRet"", ""artist"", ""compRank"", ""compScore"", ""conf"", ""covStatus"", ""dataConf"", ""dd"", ""drop"", ""family"", ""finish"", ""hist"", ""id"", ""incRet"", ""ipArtist"", ""liq"", ""mom"", ""msrp"", ""name"", ""obs"", ""peak"", ""price"", ""r30"", ""r365"", ""r90"", ""ras"", ""rec"", ""recScore"", ""rel"", ""risk"", ""scarcity"", ""score"", ""super"", ""ub"", ""value"", ""year""]"
secret_lair,SL-FC44F373482E68,,Marvel's Iron Man - Rainbow Foil Edition — Foil Edition,marvel s iron man rainbow foil edition foil edition,secret_lair,96.08,,,,0.2826,,,,,,,,,,76.25,,57.86,,0.0,"[""annRet"", ""artist"", ""compRank"", ""compScore"", ""conf"", ""covStatus"", ""dataConf"", ""dd"", ""drop"", ""family"", ""finish"", ""hist"", ""id"", ""incRet"", ""ipArtist"", ""liq"", ""mom"", ""msrp"", ""name"", ""obs"", ""peak"", ""price"", ""r30"", ""r365"", ""r90"", ""ras"", ""rec"", ""recScore"", ""rel"", ""risk"", ""scarcity"", ""score"", ""super"", ""ub"", ""value"", ""year""]"
secret_lair,SL-0EF6F56C669DFA,,Meditations on Nature - Traditional Foil Edition — Foil Edition,meditations on nature traditional foil edition foil edition,secret_lair,115.82,,,,0.5569,,,,,,,,,,76.25,,59.27,,0.0,"[""annRet"", ""artist"", ""compRank"", ""compScore"", ""conf"", ""covStatus"", ""dataConf"", ""dd"", ""drop"", ""family"", ""finish"", ""hist"", ""id"", ""incRet"", ""ipArtist"", ""liq"", ""mom"", ""msrp"", ""name"", ""obs"", ""peak"", ""price"", ""r30"", ""r365"", ""r90"", ""ras"", ""rec"", ""recScore"", ""rel"", ""risk"", ""scarcity"", ""score"", ""super"", ""ub"", ""value"", ""year""]"
secret_lair,SL-FD327F76CA9BCB,,Astrology Lands (Aquarius) - Traditional Foil Edition — Foil Edition,astrology lands aquarius traditional foil edition foil edition,secret_lair,42.5,,,,1.6316,,,,,,,,,,76.25,,62.19,,-0.0553,"[""annRet"", ""artist"", ""compRank"", ""compScore"", ""conf"", ""covStatus"", ""dataConf"", ""dd"", ""drop"", ""family"", ""finish"", ""hist"", ""id"", ""incRet"", ""ipArtist"", ""liq"", ""mom"", ""msrp"", ""name"", ""obs"", ""peak"", ""price"", ""r30"", ""r365"", ""r90"", ""ras"", ""rec"", ""recScore"", ""rel"", ""risk"", ""scarcity"", ""score"", ""super"", ""ub"", ""value"", ""year""]"
secret_lair,SL-9354CD516531FE,,Legendary Flyers (Not That Kind) - Traditional Foil Edition — Foil Edition,legendary flyers not that kind traditional foil edition foil edition,secret_lair,82.08,,,,0.3644,,,,,,,,,,76.25,,57.13,,0.0,"[""annRet"", ""artist"", ""compRank"", ""compScore"", ""conf"", ""covStatus"", ""dataConf"", ""dd"", ""drop"", ""family"", ""finish"", ""hist"", ""id"", ""incRet"", ""ipArtist"", ""liq"", ""mom"", ""msrp"", ""name"", ""obs"", ""peak"", ""price"", ""r30"", ""r365"", ""r90"", ""ras"", ""rec"", ""recScore"", ""rel"", ""risk"", ""scarcity"", ""score"", ""super"", ""ub"", ""value"", ""year""]"
secret_lair,SL-9CD3BAD93DA107,,Roadshow Edition: Li'l Giri Saves the Day - Traditional Foil Edition — Foil Edition,roadshow edition li l giri saves the day traditional foil edition foil edition,secret_lair,54.01,,,,0.2937,,,,,,,,,,76.25,,56.66,,0.0,"[""annRet"", ""artist"", ""compRank"", ""compScore"", ""conf"", ""covStatus"", ""dataConf"", ""dd"", ""drop"", ""family"", ""finish"", ""hist"", ""id"", ""incRet"", ""ipArtist"", ""liq"", ""mom"", ""msrp"", ""name"", ""obs"", ""peak"", ""price"", ""r30"", ""r365"", ""r90"", ""ras"", ""rec"", ""recScore"", ""rel"", ""risk"", ""scarcity"", ""score"", ""super"", ""ub"", ""value"", ""year""]"
secret_lair,SL-2098A235696D4F,,Dan Frazier Is Back Again: The Allied Talismans - Foil Etched Edition — Foil Edition,dan frazier is back again the allied talismans foil etched edition foil edition,secret_lair,176.72,,,,0.8945,,,,,,,,,,76.25,,61.08,,0.0,"[""annRet"", ""artist"", ""compRank"", ""compScore"", ""conf"", ""covStatus"", ""dataConf"", ""dd"", ""drop"", ""family"", ""finish"", ""hist"", ""id"", ""incRet"", ""ipArtist"", ""liq"", ""mom"", ""msrp"", ""name"", ""obs"", ""peak"", ""price"", ""r30"", ""r365"", ""r90"", ""ras"", ""rec"", ""recScore"", ""rel"", ""risk"", ""scarcity"", ""score"", ""super"", ""ub"", ""value"", ""year""]"
secret_lair,SL-6DFA783F3B9A37,,Diabolical Dioramas - Rainbow Foil Edition — Foil Edition,diabolical dioramas rainbow foil edition foil edition,secret_lair,48.03,,,,0.3181,,,,,,,,,,76.25,,56.23,,0.0,"[""annRet"", ""artist"", ""compRank"", ""compScore"", ""conf"", ""covStatus"", ""dataConf"", ""dd"", ""drop"", ""family"", ""finish"", ""hist"", ""id"", ""incRet"", ""ipArtist"", ""liq"", ""mom"", ""msrp"", ""name"", ""obs"", ""peak"", ""price"", ""r30"", ""r365"", ""r90"", ""ras"", ""rec"", ""recScore"", ""rel"", ""risk"", ""scarcity"", ""score"", ""super"", ""ub"", ""value"", ""year""]"
secret_lair,SL-A47DB53641C91B,,Our Boss is on Vacation Superdrop: Spongebob Squarepants Bundle - Rainbow Foil Edition — Foil Edition,our boss is on vacation superdrop spongebob squarepants bundle rainbow foil edition foil edition,secret_lair,308.45,,,,0.7732,,,,,,,,,,76.25,,60.57,,0.0,"[""annRet"", ""artist"", ""compRank"", ""compScore"", ""conf"", ""covStatus"", ""dataConf"", ""dd"", ""drop"", ""family"", ""finish"", ""hist"", ""id"", ""incRet"", ""ipArtist"", ""liq"", ""mom"", ""msrp"", ""name"", ""obs"", ""peak"", ""price"", ""r30"", ""r365"", ""r90"", ""ras"", ""rec"", ""recScore"", ""rel"", ""risk"", ""scarcity"", ""score"", ""super"", ""ub"", ""value"", ""year""]"
secret_lair,SL-2A0B13F359B600,,Dan Frazier's Mox Box - Foil Etched Edition — Foil Edition,dan frazier s mox box foil etched edition foil edition,secret_lair,515.6,,,,1.0858,,,,,,,,,,76.25,,62.19,,0.0,"[""annRet"", ""artist"", ""compRank"", ""compScore"", ""conf"", ""covStatus"", ""dataConf"", ""dd"", ""drop"", ""family"", ""finish"", ""hist"", ""id"", ""incRet"", ""ipArtist"", ""liq"", ""mom"", ""msrp"", ""name"", ""obs"", ""peak"", ""price"", ""r30"", ""r365"", ""r90"", ""ras"", ""rec"", ""recScore"", ""rel"", ""risk"", ""scarcity"", ""score"", ""super"", ""ub"", ""value"", ""year""]"
secret_lair,SL-D263E9818F8B46,,In Memoriam: Jaya Ballard - Traditional Foil Edition — Foil Edition,in memoriam jaya ballard traditional foil edition foil edition,secret_lair,88.96,,,,0.7385,,,,,,,,,,76.25,,59.0,,0.0,"[""annRet"", ""artist"", ""compRank"", ""compScore"", ""conf"", ""covStatus"", ""dataConf"", ""dd"", ""drop"", ""family"", ""finish"", ""hist"", ""id"", ""incRet"", ""ipArtist"", ""liq"", ""mom"", ""msrp"", ""name"", ""obs"", ""peak"", ""price"", ""r30"", ""r365"", ""r90"", ""ras"", ""rec"", ""recScore"", ""rel"", ""risk"", ""scarcity"", ""score"", ""super"", ""ub"", ""value"", ""year""]"
secret_lair,SL-B92B03D94C10E9,,KEXP: You Are Not Alone - Rainbow Foil Edition — Foil Edition,kexp you are not alone rainbow foil edition foil edition,secret_lair,46.35,,,,0.1341,,,,,,,,,,76.25,,53.95,,-0.1357,"[""annRet"", ""artist"", ""compRank"", ""compScore"", ""conf"", ""covStatus"", ""dataConf"", ""dd"", ""drop"", ""family"", ""finish"", ""hist"", ""id"", ""incRet"", ""ipArtist"", ""liq"", ""mom"", ""msrp"", ""name"", ""obs"", ""peak"", ""price"", ""r30"", ""r365"", ""r90"", ""ras"", ""rec"", ""recScore"", ""rel"", ""risk"", ""scarcity"", ""score"", ""super"", ""ub"", ""value"", ""year""]"
secret_lair,SL-E8AF55C924629C,,Featuring: Peach Momoko - Rainbow Foil Edition — Foil Edition,featuring peach momoko rainbow foil edition foil edition,secret_lair,128.88,,,,0.9679,,,,,,,,,,76.25,,61.74,,0.0,"[""annRet"", ""artist"", ""compRank"", ""compScore"", ""conf"", ""covStatus"", ""dataConf"", ""dd"", ""drop"", ""family"", ""finish"", ""hist"", ""id"", ""incRet"", ""ipArtist"", ""liq"", ""mom"", ""msrp"", ""name"", ""obs"", ""peak"", ""price"", ""r30"", ""r365"", ""r90"", ""ras"", ""rec"", ""recScore"", ""rel"", ""risk"", ""scarcity"", ""score"", ""super"", ""ub"", ""value"", ""year""]"
secret_lair,SL-3C65FD2BF954A2,,Featuring: Phoebe Wahl - Rainbow Foil Edition — Foil Edition,featuring phoebe wahl rainbow foil edition foil edition,secret_lair,68.54,,,,0.5973,,,,,,,,,,76.25,,58.13,,0.0,"[""annRet"", ""artist"", ""compRank"", ""compScore"", ""conf"", ""covStatus"", ""dataConf"", ""dd"", ""drop"", ""family"", ""finish"", ""hist"", ""id"", ""incRet"", ""ipArtist"", ""liq"", ""mom"", ""msrp"", ""name"", ""obs"", ""peak"", ""price"", ""r30"", ""r365"", ""r90"", ""ras"", ""rec"", ""recScore"", ""rel"", ""risk"", ""scarcity"", ""score"", ""super"", ""ub"", ""value"", ""year""]"
secret_lair,SL-DC36FC64429D5D,,Showcase: Outlaws of Thunder Junction - Traditional Foil Edition — Foil Edition,showcase outlaws of thunder junction traditional foil edition foil edition,secret_lair,43.44,,,,0.9524,,,,,,,,,,76.25,,62.19,,-0.638,"[""annRet"", ""artist"", ""compRank"", ""compScore"", ""conf"", ""covStatus"", ""dataConf"", ""dd"", ""drop"", ""family"", ""finish"", ""hist"", ""id"", ""incRet"", ""ipArtist"", ""liq"", ""mom"", ""msrp"", ""name"", ""obs"", ""peak"", ""price"", ""r30"", ""r365"", ""r90"", ""ras"", ""rec"", ""recScore"", ""rel"", ""risk"", ""scarcity"", ""score"", ""super"", ""ub"", ""value"", ""year""]"
secret_lair,SL-BF26DFD5509ADC,,Commander Deck: Everyone’s Invited! - Double Rainbow Foil Edition — Foil Edition,commander deck everyone s invited double rainbow foil edition foil edition,secret_lair,328.97,,,,0.6534,,,,,,,,,,76.25,,58.43,,0.0,"[""annRet"", ""artist"", ""compRank"", ""compScore"", ""conf"", ""covStatus"", ""dataConf"", ""dd"", ""drop"", ""family"", ""finish"", ""hist"", ""id"", ""incRet"", ""ipArtist"", ""liq"", ""mom"", ""msrp"", ""name"", ""obs"", ""peak"", ""price"", ""r30"", ""r365"", ""r90"", ""ras"", ""rec"", ""recScore"", ""rel"", ""risk"", ""scarcity"", ""score"", ""super"", ""ub"", ""value"", ""year""]"
secret_lair,SL-137214427FCCAA,,Showcase: Streets of New Capenna - Gilded Foil Edition — Foil Edition,showcase streets of new capenna gilded foil edition foil edition,secret_lair,62.54,,,,0.474,,,,,,,,,,76.25,,57.22,,0.0,"[""annRet"", ""artist"", ""compRank"", ""compScore"", ""conf"", ""covStatus"", ""dataConf"", ""dd"", ""drop"", ""family"", ""finish"", ""hist"", ""id"", ""incRet"", ""ipArtist"", ""liq"", ""mom"", ""msrp"", ""name"", ""obs"", ""peak"", ""price"", ""r30"", ""r365"", ""r90"", ""ras"", ""rec"", ""recScore"", ""rel"", ""risk"", ""scarcity"", ""score"", ""super"", ""ub"", ""value"", ""year""]"
secret_lair,SL-C44AE37BDB68A9,,City Styles 2: Dressed to Kill - Rainbow Foil Edition — Foil Edition,city styles 2 dressed to kill rainbow foil edition foil edition,secret_lair,113.29,,,,0.8132,,,,,,,,,,76.25,,59.75,,0.0,"[""annRet"", ""artist"", ""compRank"", ""compScore"", ""conf"", ""covStatus"", ""dataConf"", ""dd"", ""drop"", ""family"", ""finish"", ""hist"", ""id"", ""incRet"", ""ipArtist"", ""liq"", ""mom"", ""msrp"", ""name"", ""obs"", ""peak"", ""price"", ""r30"", ""r365"", ""r90"", ""ras"", ""rec"", ""recScore"", ""rel"", ""risk"", ""scarcity"", ""score"", ""super"", ""ub"", ""value"", ""year""]"
secret_lair,SL-9501FA347D3861,3861,Roadshow Edition: Burning Revelations - Rainbow Foil Edition — Foil Edition,roadshow edition burning revelations rainbow foil edition foil edition,secret_lair,132.91,,,,1.2991,,,,,,,,,,76.25,,62.19,,0.0,"[""annRet"", ""artist"", ""compRank"", ""compScore"", ""conf"", ""covStatus"", ""dataConf"", ""dd"", ""drop"", ""family"", ""finish"", ""hist"", ""id"", ""incRet"", ""ipArtist"", ""liq"", ""mom"", ""msrp"", ""name"", ""obs"", ""peak"", ""price"", ""r30"", ""r365"", ""r90"", ""ras"", ""rec"", ""recScore"", ""rel"", ""risk"", ""scarcity"", ""score"", ""super"", ""ub"", ""value"", ""year""]"
secret_lair,SL-2AA846FD9ACD02,,NALAC Nuestra Magia (SP Rainbow Foil) — Foil Edition,nalac nuestra magia sp rainbow foil foil edition,secret_lair,98.88,,,,0.4136,,,,,,,,,,76.25,,57.58,,0.0,"[""annRet"", ""artist"", ""compRank"", ""compScore"", ""conf"", ""covStatus"", ""dataConf"", ""dd"", ""drop"", ""family"", ""finish"", ""hist"", ""id"", ""incRet"", ""ipArtist"", ""liq"", ""mom"", ""msrp"", ""name"", ""obs"", ""peak"", ""price"", ""r30"", ""r365"", ""r90"", ""ras"", ""rec"", ""recScore"", ""rel"", ""risk"", ""scarcity"", ""score"", ""super"", ""ub"", ""value"", ""year""]"
secret_lair,SL-B5E5B47263114D,,Cats Are Better Than Dogs - Rainbow Foil Edition — Foil Edition,cats are better than dogs rainbow foil edition foil edition,secret_lair,165.13,,,,0.5912,,,,,,,,,,76.25,,58.71,,0.0,"[""annRet"", ""artist"", ""compRank"", ""compScore"", ""conf"", ""covStatus"", ""dataConf"", ""dd"", ""drop"", ""family"", ""finish"", ""hist"", ""id"", ""incRet"", ""ipArtist"", ""liq"", ""mom"", ""msrp"", ""name"", ""obs"", ""peak"", ""price"", ""r30"", ""r365"", ""r90"", ""ras"", ""rec"", ""recScore"", ""rel"", ""risk"", ""scarcity"", ""score"", ""super"", ""ub"", ""value"", ""year""]"
secret_lair,SL-560F109DA33288,33288,Our Boss is on Vacation Superdrop: Spongebob Squarepants: Internet Sensation - Rainbow Foil Edition — Foil Edition,our boss is on vacation superdrop spongebob squarepants internet sensation rainbow foil edition foil edition,secret_lair,81.51,,,,0.4068,,,,,,,,,,76.25,,56.16,,0.0,"[""annRet"", ""artist"", ""compRank"", ""compScore"", ""conf"", ""covStatus"", ""dataConf"", ""dd"", ""drop"", ""family"", ""finish"", ""hist"", ""id"", ""incRet"", ""ipArtist"", ""liq"", ""mom"", ""msrp"", ""name"", ""obs"", ""peak"", ""price"", ""r30"", ""r365"", ""r90"", ""ras"", ""rec"", ""recScore"", ""rel"", ""risk"", ""scarcity"", ""score"", ""super"", ""ub"", ""value"", ""year""]"
secret_lair,SL-7B17A9D6C16703,16703,Jurassic World: Dr. Ian Malcolm - Rainbow Foil Edition — Foil Edition,jurassic world dr ian malcolm rainbow foil edition foil edition,secret_lair,127.95,,,,0.3874,,,,,,,,,,76.25,,55.51,,0.0,"[""annRet"", ""artist"", ""compRank"", ""compScore"", ""conf"", ""covStatus"", ""dataConf"", ""dd"", ""drop"", ""family"", ""finish"", ""hist"", ""id"", ""incRet"", ""ipArtist"", ""liq"", ""mom"", ""msrp"", ""name"", ""obs"", ""peak"", ""price"", ""r30"", ""r365"", ""r90"", ""ras"", ""rec"", ""recScore"", ""rel"", ""risk"", ""scarcity"", ""score"", ""super"", ""ub"", ""value"", ""year""]"
secret_lair,SL-53EFFF4AB66655,66655,Spring Superdrop 2024: Spring Into Action Bundle - Foil Edition — Foil Edition,spring superdrop 2024 spring into action bundle foil edition foil edition,secret_lair,699.98,,,,0.4002,,,,,,,,,,71.25,,60.86,,0.0,"[""annRet"", ""artist"", ""compRank"", ""compScore"", ""conf"", ""covStatus"", ""dataConf"", ""dd"", ""drop"", ""family"", ""finish"", ""hist"", ""id"", ""incRet"", ""ipArtist"", ""liq"", ""mom"", ""msrp"", ""name"", ""obs"", ""peak"", ""price"", ""r30"", ""r365"", ""r90"", ""ras"", ""rec"", ""recScore"", ""rel"", ""risk"", ""scarcity"", ""score"", ""super"", ""ub"", ""value"", ""year""]"
secret_lair,SL-DFE9AC9C5D05C9,,Goblin & Squabblin' - Rainbow Foil Edition — Foil Edition,goblin and squabblin rainbow foil edition foil edition,secret_lair,502.66,,,,4.2165,,,,,,,,,,76.25,,62.19,,0.0,"[""annRet"", ""artist"", ""compRank"", ""compScore"", ""conf"", ""covStatus"", ""dataConf"", ""dd"", ""drop"", ""family"", ""finish"", ""hist"", ""id"", ""incRet"", ""ipArtist"", ""liq"", ""mom"", ""msrp"", ""name"", ""obs"", ""peak"", ""price"", ""r30"", ""r365"", ""r90"", ""ras"", ""rec"", ""recScore"", ""rel"", ""risk"", ""scarcity"", ""score"", ""super"", ""ub"", ""value"", ""year""]"
secret_lair,SL-3104ED52ED0029,0029,Dungeons & Dragons: Karlach's Rage - Rainbow Foil Edition — Foil Edition,dungeons and dragons karlach s rage rainbow foil edition foil edition,secret_lair,170.98,,,,1.0294,,,,,,,,,,76.25,,59.57,,0.0,"[""annRet"", ""artist"", ""compRank"", ""compScore"", ""conf"", ""covStatus"", ""dataConf"", ""dd"", ""drop"", ""family"", ""finish"", ""hist"", ""id"", ""incRet"", ""ipArtist"", ""liq"", ""mom"", ""msrp"", ""name"", ""obs"", ""peak"", ""price"", ""r30"", ""r365"", ""r90"", ""ras"", ""rec"", ""recScore"", ""rel"", ""risk"", ""scarcity"", ""score"", ""super"", ""ub"", ""value"", ""year""]"
secret_lair,SL-D1513B904FE27E,,Showcase: Dominaria United - Textured Foil Edition — Foil Edition,showcase dominaria united textured foil edition foil edition,secret_lair,62.27,,,,0.678,,,,,,,,,,76.25,,57.97,,0.0,"[""annRet"", ""artist"", ""compRank"", ""compScore"", ""conf"", ""covStatus"", ""dataConf"", ""dd"", ""drop"", ""family"", ""finish"", ""hist"", ""id"", ""incRet"", ""ipArtist"", ""liq"", ""mom"", ""msrp"", ""name"", ""obs"", ""peak"", ""price"", ""r30"", ""r365"", ""r90"", ""ras"", ""rec"", ""recScore"", ""rel"", ""risk"", ""scarcity"", ""score"", ""super"", ""ub"", ""value"", ""year""]"
secret_lair,SL-A13BDE5A40E7C6,,Ponies: The Galloping 2: Extra Life 2023 - Traditional Foil Edition — Foil Edition,ponies the galloping 2 extra life 2023 traditional foil edition foil edition,secret_lair,199.44,,,,0.9461,,,,,,,,,,76.25,,60.46,,-0.0212,"[""annRet"", ""artist"", ""compRank"", ""compScore"", ""conf"", ""covStatus"", ""dataConf"", ""dd"", ""drop"", ""family"", ""finish"", ""hist"", ""id"", ""incRet"", ""ipArtist"", ""liq"", ""mom"", ""msrp"", ""name"", ""obs"", ""peak"", ""price"", ""r30"", ""r365"", ""r90"", ""ras"", ""rec"", ""recScore"", ""rel"", ""risk"", ""scarcity"", ""score"", ""super"", ""ub"", ""value"", ""year""]"
secret_lair,SL-8FED6673D932CA,,Showcase: March of the Machine Vol. 3 - Halo Foil Edition — Foil Edition,showcase march of the machine vol 3 halo foil edition foil edition,secret_lair,118.99,,,,0.6008,,,,,,,,,,76.25,,58.15,,0.0,"[""annRet"", ""artist"", ""compRank"", ""compScore"", ""conf"", ""covStatus"", ""dataConf"", ""dd"", ""drop"", ""family"", ""finish"", ""hist"", ""id"", ""incRet"", ""ipArtist"", ""liq"", ""mom"", ""msrp"", ""name"", ""obs"", ""peak"", ""price"", ""r30"", ""r365"", ""r90"", ""ras"", ""rec"", ""recScore"", ""rel"", ""risk"", ""scarcity"", ""score"", ""super"", ""ub"", ""value"", ""year""]"
secret_lair,SL-EC805E73DB692C,,The Weirdest Pets in the Multiverse - Traditional Foil Edition — Foil Edition,the weirdest pets in the multiverse traditional foil edition foil edition,secret_lair,48.84,,,,0.1797,,,,,,,,,,76.25,,54.64,,0.0,"[""annRet"", ""artist"", ""compRank"", ""compScore"", ""conf"", ""covStatus"", ""dataConf"", ""dd"", ""drop"", ""family"", ""finish"", ""hist"", ""id"", ""incRet"", ""ipArtist"", ""liq"", ""mom"", ""msrp"", ""name"", ""obs"", ""peak"", ""price"", ""r30"", ""r365"", ""r90"", ""ras"", ""rec"", ""recScore"", ""rel"", ""risk"", ""scarcity"", ""score"", ""super"", ""ub"", ""value"", ""year""]"
secret_lair,SL-866F1B1463479D,,Seeing Visions - Traditional Foil Version — Foil Edition,seeing visions traditional foil version foil edition,secret_lair,23.63,,,,0.0038,,,,,,,,,,76.25,,52.43,,0.0,"[""annRet"", ""artist"", ""compRank"", ""compScore"", ""conf"", ""covStatus"", ""dataConf"", ""dd"", ""drop"", ""family"", ""finish"", ""hist"", ""id"", ""incRet"", ""ipArtist"", ""liq"", ""mom"", ""msrp"", ""name"", ""obs"", ""peak"", ""price"", ""r30"", ""r365"", ""r90"", ""ras"", ""rec"", ""recScore"", ""rel"", ""risk"", ""scarcity"", ""score"", ""super"", ""ub"", ""value"", ""year""]"
secret_lair,SL-3A798704DD8BBD,,Our Boss is on Vacation Superdrop: Spongebob Squarepants: Lands Under the Sea - Rainbow Foil Edition — Foil Edition,our boss is on vacation superdrop spongebob squarepants lands under the sea rainbow foil edition foil edition,secret_lair,61.08,,,,0.3007,,,,,,,,,,76.25,,56.59,,-0.1873,"[""annRet"", ""artist"", ""compRank"", ""compScore"", ""conf"", ""covStatus"", ""dataConf"", ""dd"", ""drop"", ""family"", ""finish"", ""hist"", ""id"", ""incRet"", ""ipArtist"", ""liq"", ""mom"", ""msrp"", ""name"", ""obs"", ""peak"", ""price"", ""r30"", ""r365"", ""r90"", ""ras"", ""rec"", ""recScore"", ""rel"", ""risk"", ""scarcity"", ""score"", ""super"", ""ub"", ""value"", ""year""]"
secret_lair,SL-3CA7E30CC977F0,,Calling All Hydra Heads (WPN Exclusive) - Traditional Foil Edition — Foil Edition,calling all hydra heads wpn exclusive traditional foil edition foil edition,secret_lair,99.19,,,,1.0587,,,,,,,,,,76.25,,61.68,,0.0,"[""annRet"", ""artist"", ""compRank"", ""compScore"", ""conf"", ""covStatus"", ""dataConf"", ""dd"", ""drop"", ""family"", ""finish"", ""hist"", ""id"", ""incRet"", ""ipArtist"", ""liq"", ""mom"", ""msrp"", ""name"", ""obs"", ""peak"", ""price"", ""r30"", ""r365"", ""r90"", ""ras"", ""rec"", ""recScore"", ""rel"", ""risk"", ""scarcity"", ""score"", ""super"", ""ub"", ""value"", ""year""]"
secret_lair,SL-B5DE5D10D8B22E,,Our Boss is on Vacation Superdrop: Tragic Romance - Rainbow Foil Edition — Foil Edition,our boss is on vacation superdrop tragic romance rainbow foil edition foil edition,secret_lair,186.55,,,,0.2259,,,,,,,,,,76.25,,56.61,,0.0,"[""annRet"", ""artist"", ""compRank"", ""compScore"", ""conf"", ""covStatus"", ""dataConf"", ""dd"", ""drop"", ""family"", ""finish"", ""hist"", ""id"", ""incRet"", ""ipArtist"", ""liq"", ""mom"", ""msrp"", ""name"", ""obs"", ""peak"", ""price"", ""r30"", ""r365"", ""r90"", ""ras"", ""rec"", ""recScore"", ""rel"", ""risk"", ""scarcity"", ""score"", ""super"", ""ub"", ""value"", ""year""]"
secret_lair,SL-3D43E1264ED817,,Rule the Room - Traditional Foil Edition — Foil Edition,rule the room traditional foil edition foil edition,secret_lair,37.09,,,,0.2737,,,,,,,,,,76.25,,54.14,,0.0,"[""annRet"", ""artist"", ""compRank"", ""compScore"", ""conf"", ""covStatus"", ""dataConf"", ""dd"", ""drop"", ""family"", ""finish"", ""hist"", ""id"", ""incRet"", ""ipArtist"", ""liq"", ""mom"", ""msrp"", ""name"", ""obs"", ""peak"", ""price"", ""r30"", ""r365"", ""r90"", ""ras"", ""rec"", ""recScore"", ""rel"", ""risk"", ""scarcity"", ""score"", ""super"", ""ub"", ""value"", ""year""]"
secret_lair,SL-2CC41EDDF7EBA1,,Goblingram - Rainbow Foil Edition — Foil Edition,goblingram rainbow foil edition foil edition,secret_lair,51.2,,,,0.7486,,,,,,,,,,76.25,,60.57,,-0.5587,"[""annRet"", ""artist"", ""compRank"", ""compScore"", ""conf"", ""covStatus"", ""dataConf"", ""dd"", ""drop"", ""family"", ""finish"", ""hist"", ""id"", ""incRet"", ""ipArtist"", ""liq"", ""mom"", ""msrp"", ""name"", ""obs"", ""peak"", ""price"", ""r30"", ""r365"", ""r90"", ""ras"", ""rec"", ""recScore"", ""rel"", ""risk"", ""scarcity"", ""score"", ""super"", ""ub"", ""value"", ""year""]"
secret_lair,SL-F3F1C2A23E48D0,,Dungeons & Dragons: An Exhibition of Adventure - Rainbow Foil Edition — Foil Edition,dungeons and dragons an exhibition of adventure rainbow foil edition foil edition,secret_lair,78.17,,,,0.5653,,,,,,,,,,76.25,,57.12,,0.0,"[""annRet"", ""artist"", ""compRank"", ""compScore"", ""conf"", ""covStatus"", ""dataConf"", ""dd"", ""drop"", ""family"", ""finish"", ""hist"", ""id"", ""incRet"", ""ipArtist"", ""liq"", ""mom"", ""msrp"", ""name"", ""obs"", ""peak"", ""price"", ""r30"", ""r365"", ""r90"", ""ras"", ""rec"", ""recScore"", ""rel"", ""risk"", ""scarcity"", ""score"", ""super"", ""ub"", ""value"", ""year""]"
secret_lair,SL-2E6BF27043E9BB,,Animar & Friends - Rainbow Foil Edition — Foil Edition,animar and friends rainbow foil edition foil edition,secret_lair,86.51,,,,1.8355,,,,,,,,,,76.25,,62.19,,0.0,"[""annRet"", ""artist"", ""compRank"", ""compScore"", ""conf"", ""covStatus"", ""dataConf"", ""dd"", ""drop"", ""family"", ""finish"", ""hist"", ""id"", ""incRet"", ""ipArtist"", ""liq"", ""mom"", ""msrp"", ""name"", ""obs"", ""peak"", ""price"", ""r30"", ""r365"", ""r90"", ""ras"", ""rec"", ""recScore"", ""rel"", ""risk"", ""scarcity"", ""score"", ""super"", ""ub"", ""value"", ""year""]"
secret_lair,SL-6CD9F3DF876B1F,,Featuring: Jay Howell - Rainbow Foil Edition — Foil Edition,featuring jay howell rainbow foil edition foil edition,secret_lair,59.23,,,,0.5222,,,,,,,,,,76.25,,56.38,,0.0,"[""annRet"", ""artist"", ""compRank"", ""compScore"", ""conf"", ""covStatus"", ""dataConf"", ""dd"", ""drop"", ""family"", ""finish"", ""hist"", ""id"", ""incRet"", ""ipArtist"", ""liq"", ""mom"", ""msrp"", ""name"", ""obs"", ""peak"", ""price"", ""r30"", ""r365"", ""r90"", ""ras"", ""rec"", ""recScore"", ""rel"", ""risk"", ""scarcity"", ""score"", ""super"", ""ub"", ""value"", ""year""]"
secret_lair,SL-7EAFE139BC0BCD,,Ssssssnakessssss - Traditional Foil Edition — Foil Edition,ssssssnakessssss traditional foil edition foil edition,secret_lair,80.72,,,,0.5213,,,,,,,,,,76.25,,56.81,,0.0,"[""annRet"", ""artist"", ""compRank"", ""compScore"", ""conf"", ""covStatus"", ""dataConf"", ""dd"", ""drop"", ""family"", ""finish"", ""hist"", ""id"", ""incRet"", ""ipArtist"", ""liq"", ""mom"", ""msrp"", ""name"", ""obs"", ""peak"", ""price"", ""r30"", ""r365"", ""r90"", ""ras"", ""rec"", ""recScore"", ""rel"", ""risk"", ""scarcity"", ""score"", ""super"", ""ub"", ""value"", ""year""]"
secret_lair,SL-6B03C6C7C5B91D,,Dungeons & Dragons: Astarion's Thirst - Rainbow Foil Edition — Foil Edition,dungeons and dragons astarion s thirst rainbow foil edition foil edition,secret_lair,165.83,,,,0.8729,,,,,,,,,,76.25,,59.25,,0.0,"[""annRet"", ""artist"", ""compRank"", ""compScore"", ""conf"", ""covStatus"", ""dataConf"", ""dd"", ""drop"", ""family"", ""finish"", ""hist"", ""id"", ""incRet"", ""ipArtist"", ""liq"", ""mom"", ""msrp"", ""name"", ""obs"", ""peak"", ""price"", ""r30"", ""r365"", ""r90"", ""ras"", ""rec"", ""recScore"", ""rel"", ""risk"", ""scarcity"", ""score"", ""super"", ""ub"", ""value"", ""year""]"
secret_lair,SL-EA3F127E1B6608,6608,Fallout: Vault Boy - Rainbow Foil Edition — Foil Edition,fallout vault boy rainbow foil edition foil edition,secret_lair,97.95,,,,0.4818,,,,,,,,,,76.25,,56.83,,0.0,"[""annRet"", ""artist"", ""compRank"", ""compScore"", ""conf"", ""covStatus"", ""dataConf"", ""dd"", ""drop"", ""family"", ""finish"", ""hist"", ""id"", ""incRet"", ""ipArtist"", ""liq"", ""mom"", ""msrp"", ""name"", ""obs"", ""peak"", ""price"", ""r30"", ""r365"", ""r90"", ""ras"", ""rec"", ""recScore"", ""rel"", ""risk"", ""scarcity"", ""score"", ""super"", ""ub"", ""value"", ""year""]"
secret_lair,SL-8E1886C829359A,,Prismatic Nightmares - Rainbow Foil Edition — Foil Edition,prismatic nightmares rainbow foil edition foil edition,secret_lair,118.41,,,,1.1763,,,,,,,,,,76.25,,60.61,,0.0,"[""annRet"", ""artist"", ""compRank"", ""compScore"", ""conf"", ""covStatus"", ""dataConf"", ""dd"", ""drop"", ""family"", ""finish"", ""hist"", ""id"", ""incRet"", ""ipArtist"", ""liq"", ""mom"", ""msrp"", ""name"", ""obs"", ""peak"", ""price"", ""r30"", ""r365"", ""r90"", ""ras"", ""rec"", ""recScore"", ""rel"", ""risk"", ""scarcity"", ""score"", ""super"", ""ub"", ""value"", ""year""]"
secret_lair,SL-EBF12D8FC470D3,,Summer Superdrop - The Path Not Traveled - Traditional Foil Edition — Foil Edition,summer superdrop the path not traveled traditional foil edition foil edition,secret_lair,21.6,,,,0.3252,,,,,,,,,,76.25,,54.67,,-0.0275,"[""annRet"", ""artist"", ""compRank"", ""compScore"", ""conf"", ""covStatus"", ""dataConf"", ""dd"", ""drop"", ""family"", ""finish"", ""hist"", ""id"", ""incRet"", ""ipArtist"", ""liq"", ""mom"", ""msrp"", ""name"", ""obs"", ""peak"", ""price"", ""r30"", ""r365"", ""r90"", ""ras"", ""rec"", ""recScore"", ""rel"", ""risk"", ""scarcity"", ""score"", ""super"", ""ub"", ""value"", ""year""]"
secret_lair,SL-C3D0A31003B38B,,Outlaw Anthology Vol. 1: Rebellious Renegades - Rainbow Foil Edition — Foil Edition,outlaw anthology vol 1 rebellious renegades rainbow foil edition foil edition,secret_lair,43.84,,,,0.6389,,,,,,,,,,76.25,,59.02,,-0.6347,"[""annRet"", ""artist"", ""compRank"", ""compScore"", ""conf"", ""covStatus"", ""dataConf"", ""dd"", ""drop"", ""family"", ""finish"", ""hist"", ""id"", ""incRet"", ""ipArtist"", ""liq"", ""mom"", ""msrp"", ""name"", ""obs"", ""peak"", ""price"", ""r30"", ""r365"", ""r90"", ""ras"", ""rec"", ""recScore"", ""rel"", ""risk"", ""scarcity"", ""score"", ""super"", ""ub"", ""value"", ""year""]"
secret_lair,SL-DE73D77FB013F4,,FINAL FANTASY: Game Over - Rainbow Foil Edition — Foil Edition,final fantasy game over rainbow foil edition foil edition,secret_lair,116.18,,,,0.226,,,,,,,,,,76.25,,55.48,,0.0,"[""annRet"", ""artist"", ""compRank"", ""compScore"", ""conf"", ""covStatus"", ""dataConf"", ""dd"", ""drop"", ""family"", ""finish"", ""hist"", ""id"", ""incRet"", ""ipArtist"", ""liq"", ""mom"", ""msrp"", ""name"", ""obs"", ""peak"", ""price"", ""r30"", ""r365"", ""r90"", ""ras"", ""rec"", ""recScore"", ""rel"", ""risk"", ""scarcity"", ""score"", ""super"", ""ub"", ""value"", ""year""]"
secret_lair,SL-F378E79C981B5B,,Special Guest: Kelogsloops - Traditional Foil Edition — Foil Edition,special guest kelogsloops traditional foil edition foil edition,secret_lair,140.18,,,,0.494,,,,,,,,,,76.25,,55.5,,0.0,"[""annRet"", ""artist"", ""compRank"", ""compScore"", ""conf"", ""covStatus"", ""dataConf"", ""dd"", ""drop"", ""family"", ""finish"", ""hist"", ""id"", ""incRet"", ""ipArtist"", ""liq"", ""mom"", ""msrp"", ""name"", ""obs"", ""peak"", ""price"", ""r30"", ""r365"", ""r90"", ""ras"", ""rec"", ""recScore"", ""rel"", ""risk"", ""scarcity"", ""score"", ""super"", ""ub"", ""value"", ""year""]"
secret_lair,SL-835C4CD141949B,,Showcase: Thrilling Tales of the Undead - Traditional Foil Edition — Foil Edition,showcase thrilling tales of the undead traditional foil edition foil edition,secret_lair,74.43,,,,0.1599,,,,,,,,,,76.25,,54.56,,0.0,"[""annRet"", ""artist"", ""compRank"", ""compScore"", ""conf"", ""covStatus"", ""dataConf"", ""dd"", ""drop"", ""family"", ""finish"", ""hist"", ""id"", ""incRet"", ""ipArtist"", ""liq"", ""mom"", ""msrp"", ""name"", ""obs"", ""peak"", ""price"", ""r30"", ""r365"", ""r90"", ""ras"", ""rec"", ""recScore"", ""rel"", ""risk"", ""scarcity"", ""score"", ""super"", ""ub"", ""value"", ""year""]"
secret_lair,SL-E577A60B3B1BA6,,Featuring: Gary Baseman - Traditional Foil Edition — Foil Edition,featuring gary baseman traditional foil edition foil edition,secret_lair,88.37,,,,0.2372,,,,,,,,,,76.25,,55.2,,0.0,"[""annRet"", ""artist"", ""compRank"", ""compScore"", ""conf"", ""covStatus"", ""dataConf"", ""dd"", ""drop"", ""family"", ""finish"", ""hist"", ""id"", ""incRet"", ""ipArtist"", ""liq"", ""mom"", ""msrp"", ""name"", ""obs"", ""peak"", ""price"", ""r30"", ""r365"", ""r90"", ""ras"", ""rec"", ""recScore"", ""rel"", ""risk"", ""scarcity"", ""score"", ""super"", ""ub"", ""value"", ""year""]"
secret_lair,SL-EA00AF141F2FAC,,Showcase: Kaldheim - Part 2 - Traditional Foil Edition — Foil Edition,showcase kaldheim part 2 traditional foil edition foil edition,secret_lair,34.86,,,,0.2553,,,,,,,,,,76.25,,55.21,,-0.3511,"[""annRet"", ""artist"", ""compRank"", ""compScore"", ""conf"", ""covStatus"", ""dataConf"", ""dd"", ""drop"", ""family"", ""finish"", ""hist"", ""id"", ""incRet"", ""ipArtist"", ""liq"", ""mom"", ""msrp"", ""name"", ""obs"", ""peak"", ""price"", ""r30"", ""r365"", ""r90"", ""ras"", ""rec"", ""recScore"", ""rel"", ""risk"", ""scarcity"", ""score"", ""super"", ""ub"", ""value"", ""year""]"
secret_lair,SL-CEB06DD843F657,,Summer Superdrop 2025 - The Art of Frank Frazetta: The Second Exhibition (Rainbow Foil Edition) — Foil Edition,summer superdrop 2025 the art of frank frazetta the second exhibition rainbow foil edition foil edition,secret_lair,54.45,,,,0.0048,,,,,,,,,,76.25,,53.35,,0.0,"[""annRet"", ""artist"", ""compRank"", ""compScore"", ""conf"", ""covStatus"", ""dataConf"", ""dd"", ""drop"", ""family"", ""finish"", ""hist"", ""id"", ""incRet"", ""ipArtist"", ""liq"", ""mom"", ""msrp"", ""name"", ""obs"", ""peak"", ""price"", ""r30"", ""r365"", ""r90"", ""ras"", ""rec"", ""recScore"", ""rel"", ""risk"", ""scarcity"", ""score"", ""super"", ""ub"", ""value"", ""year""]"
secret_lair,SL-4F949907592453,949907592453,Superdrop: Showcase: Strixhaven - Traditional Foil Edition — Foil Edition,superdrop showcase strixhaven traditional foil edition foil edition,secret_lair,65.28,,,,0.6186,,,,,,,,,,76.25,,56.94,,0.0,"[""annRet"", ""artist"", ""compRank"", ""compScore"", ""conf"", ""covStatus"", ""dataConf"", ""dd"", ""drop"", ""family"", ""finish"", ""hist"", ""id"", ""incRet"", ""ipArtist"", ""liq"", ""mom"", ""msrp"", ""name"", ""obs"", ""peak"", ""price"", ""r30"", ""r365"", ""r90"", ""ras"", ""rec"", ""recScore"", ""rel"", ""risk"", ""scarcity"", ""score"", ""super"", ""ub"", ""value"", ""year""]"
secret_lair,SL-5B5B32122CDD63,,vroooOOOMMMMMM! - Rainbow Foil Edition — Foil Edition,vroooooommmmmm rainbow foil edition foil edition,secret_lair,55.33,,,,0.5247,,,,,,,,,,76.25,,55.88,,-0.0534,"[""annRet"", ""artist"", ""compRank"", ""compScore"", ""conf"", ""covStatus"", ""dataConf"", ""dd"", ""drop"", ""family"", ""finish"", ""hist"", ""id"", ""incRet"", ""ipArtist"", ""liq"", ""mom"", ""msrp"", ""name"", ""obs"", ""peak"", ""price"", ""r30"", ""r365"", ""r90"", ""ras"", ""rec"", ""recScore"", ""rel"", ""risk"", ""scarcity"", ""score"", ""super"", ""ub"", ""value"", ""year""]"
secret_lair,SL-EBBF87B2EDF78C,,February Superdrop - Kamigawa: the Manga: the Cards - Traditional Foil Edtion — Foil Edition,february superdrop kamigawa the manga the cards traditional foil edtion foil edition,secret_lair,68.91,,,,0.2823,,,,,,,,,,76.25,,54.75,,0.0,"[""annRet"", ""artist"", ""compRank"", ""compScore"", ""conf"", ""covStatus"", ""dataConf"", ""dd"", ""drop"", ""family"", ""finish"", ""hist"", ""id"", ""incRet"", ""ipArtist"", ""liq"", ""mom"", ""msrp"", ""name"", ""obs"", ""peak"", ""price"", ""r30"", ""r365"", ""r90"", ""ras"", ""rec"", ""recScore"", ""rel"", ""risk"", ""scarcity"", ""score"", ""super"", ""ub"", ""value"", ""year""]"
secret_lair,SL-4BF63B64592660,64592660,Hard-Boiled Thrillers - Rainbow Foil Edition — Foil Edition,hard boiled thrillers rainbow foil edition foil edition,secret_lair,63.01,,,,0.4808,,,,,,,,,,76.25,,55.53,,0.0,"[""annRet"", ""artist"", ""compRank"", ""compScore"", ""conf"", ""covStatus"", ""dataConf"", ""dd"", ""drop"", ""family"", ""finish"", ""hist"", ""id"", ""incRet"", ""ipArtist"", ""liq"", ""mom"", ""msrp"", ""name"", ""obs"", ""peak"", ""price"", ""r30"", ""r365"", ""r90"", ""ras"", ""rec"", ""recScore"", ""rel"", ""risk"", ""scarcity"", ""score"", ""super"", ""ub"", ""value"", ""year""]"
secret_lair,SL-BFACC46E5A3310,3310,Here Be Dragons - Foil — Foil Edition,here be dragons foil foil edition,secret_lair,413.48,,,,0.3992,,,,,,,,,,76.25,,56.71,,0.0,"[""annRet"", ""artist"", ""compRank"", ""compScore"", ""conf"", ""covStatus"", ""dataConf"", ""dd"", ""drop"", ""family"", ""finish"", ""hist"", ""id"", ""incRet"", ""ipArtist"", ""liq"", ""mom"", ""msrp"", ""name"", ""obs"", ""peak"", ""price"", ""r30"", ""r365"", ""r90"", ""ras"", ""rec"", ""recScore"", ""rel"", ""risk"", ""scarcity"", ""score"", ""super"", ""ub"", ""value"", ""year""]"
secret_lair,SL-C999737763FC53,,Dan Frazier is Back: The Enemy Signets - Foil Etched Edition — Foil Edition,dan frazier is back the enemy signets foil etched edition foil edition,secret_lair,90.24,,,,0.3039,,,,,,,,,,76.25,,55.1,,0.0,"[""annRet"", ""artist"", ""compRank"", ""compScore"", ""conf"", ""covStatus"", ""dataConf"", ""dd"", ""drop"", ""family"", ""finish"", ""hist"", ""id"", ""incRet"", ""ipArtist"", ""liq"", ""mom"", ""msrp"", ""name"", ""obs"", ""peak"", ""price"", ""r30"", ""r365"", ""r90"", ""ras"", ""rec"", ""recScore"", ""rel"", ""risk"", ""scarcity"", ""score"", ""super"", ""ub"", ""value"", ""year""]"
secret_lair,SL-4C4FCD42C6E4CB,,Li'l Legends - Rainbow Foil Edition — Foil Edition,li l legends rainbow foil edition foil edition,secret_lair,26.85,,,,0.562,,,,,,,,,,76.25,,61.53,,-0.8007,"[""annRet"", ""artist"", ""compRank"", ""compScore"", ""conf"", ""covStatus"", ""dataConf"", ""dd"", ""drop"", ""family"", ""finish"", ""hist"", ""id"", ""incRet"", ""ipArtist"", ""liq"", ""mom"", ""msrp"", ""name"", ""obs"", ""peak"", ""price"", ""r30"", ""r365"", ""r90"", ""ras"", ""rec"", ""recScore"", ""rel"", ""risk"", ""scarcity"", ""score"", ""super"", ""ub"", ""value"", ""year""]"
secret_lair,SL-485FDCB7A00AFE,,Showcase: Midnight Hunt - Traditional Foil Edition — Foil Edition,showcase midnight hunt traditional foil edition foil edition,secret_lair,64.15,,,,0.4243,,,,,,,,,,76.25,,55.07,,0.0,"[""annRet"", ""artist"", ""compRank"", ""compScore"", ""conf"", ""covStatus"", ""dataConf"", ""dd"", ""drop"", ""family"", ""finish"", ""hist"", ""id"", ""incRet"", ""ipArtist"", ""liq"", ""mom"", ""msrp"", ""name"", ""obs"", ""peak"", ""price"", ""r30"", ""r365"", ""r90"", ""ras"", ""rec"", ""recScore"", ""rel"", ""risk"", ""scarcity"", ""score"", ""super"", ""ub"", ""value"", ""year""]"
secret_lair,SL-014CB03DE34288,34288,Artist Series: Victor Adame Minguez - Traditional Foil Edition — Foil Edition,artist series victor adame minguez traditional foil edition foil edition,secret_lair,31.28,,,,0.2181,,,,,,,,,,76.25,,52.69,,0.0,"[""annRet"", ""artist"", ""compRank"", ""compScore"", ""conf"", ""covStatus"", ""dataConf"", ""dd"", ""drop"", ""family"", ""finish"", ""hist"", ""id"", ""incRet"", ""ipArtist"", ""liq"", ""mom"", ""msrp"", ""name"", ""obs"", ""peak"", ""price"", ""r30"", ""r365"", ""r90"", ""ras"", ""rec"", ""recScore"", ""rel"", ""risk"", ""scarcity"", ""score"", ""super"", ""ub"", ""value"", ""year""]"
secret_lair,SL-42D8B704EA16D9,,Mycosynthwave - Rainbow Foil Edition — Foil Edition,mycosynthwave rainbow foil edition foil edition,secret_lair,100.68,,,,0.665,,,,,,,,,,76.25,,58.61,,0.0,"[""annRet"", ""artist"", ""compRank"", ""compScore"", ""conf"", ""covStatus"", ""dataConf"", ""dd"", ""drop"", ""family"", ""finish"", ""hist"", ""id"", ""incRet"", ""ipArtist"", ""liq"", ""mom"", ""msrp"", ""name"", ""obs"", ""peak"", ""price"", ""r30"", ""r365"", ""r90"", ""ras"", ""rec"", ""recScore"", ""rel"", ""risk"", ""scarcity"", ""score"", ""super"", ""ub"", ""value"", ""year""]"
secret_lair,SL-23E541A279A532,,PixelLands_v02.jpg - Traditional Foil Edition — Foil Edition,pixellands v02 jpg traditional foil edition foil edition,secret_lair,133.53,,,,0.0279,,,,,,,,,,76.25,,52.59,,0.0,"[""annRet"", ""artist"", ""compRank"", ""compScore"", ""conf"", ""covStatus"", ""dataConf"", ""dd"", ""drop"", ""family"", ""finish"", ""hist"", ""id"", ""incRet"", ""ipArtist"", ""liq"", ""mom"", ""msrp"", ""name"", ""obs"", ""peak"", ""price"", ""r30"", ""r365"", ""r90"", ""ras"", ""rec"", ""recScore"", ""rel"", ""risk"", ""scarcity"", ""score"", ""super"", ""ub"", ""value"", ""year""]"
secret_lair,SL-873865C256386B,,Extra Life 2022 - Traditional Foil Edition — Foil Edition,extra life 2022 traditional foil edition foil edition,secret_lair,127.68,,,,0.5275,,,,,,,,,,76.25,,56.43,,0.0,"[""annRet"", ""artist"", ""compRank"", ""compScore"", ""conf"", ""covStatus"", ""dataConf"", ""dd"", ""drop"", ""family"", ""finish"", ""hist"", ""id"", ""incRet"", ""ipArtist"", ""liq"", ""mom"", ""msrp"", ""name"", ""obs"", ""peak"", ""price"", ""r30"", ""r365"", ""r90"", ""ras"", ""rec"", ""recScore"", ""rel"", ""risk"", ""scarcity"", ""score"", ""super"", ""ub"", ""value"", ""year""]"
secret_lair,SL-24526707F6CB2D,,Showcase: Monster Anatomy 101 - Foil Etched Edition — Foil Edition,showcase monster anatomy 101 foil etched edition foil edition,secret_lair,85.54,,,,0.4503,,,,,,,,,,76.25,,54.23,,0.0,"[""annRet"", ""artist"", ""compRank"", ""compScore"", ""conf"", ""covStatus"", ""dataConf"", ""dd"", ""drop"", ""family"", ""finish"", ""hist"", ""id"", ""incRet"", ""ipArtist"", ""liq"", ""mom"", ""msrp"", ""name"", ""obs"", ""peak"", ""price"", ""r30"", ""r365"", ""r90"", ""ras"", ""rec"", ""recScore"", ""rel"", ""risk"", ""scarcity"", ""score"", ""super"", ""ub"", ""value"", ""year""]"
secret_lair,SL-1D9FB450470C75,,Artist Series: Randy Vargas - Traditional Foil Edition — Foil Edition,artist series randy vargas traditional foil edition foil edition,secret_lair,44.74,,,,0.5513,,,,,,,,,,76.25,,54.8,,0.0,"[""annRet"", ""artist"", ""compRank"", ""compScore"", ""conf"", ""covStatus"", ""dataConf"", ""dd"", ""drop"", ""family"", ""finish"", ""hist"", ""id"", ""incRet"", ""ipArtist"", ""liq"", ""mom"", ""msrp"", ""name"", ""obs"", ""peak"", ""price"", ""r30"", ""r365"", ""r90"", ""ras"", ""rec"", ""recScore"", ""rel"", ""risk"", ""scarcity"", ""score"", ""super"", ""ub"", ""value"", ""year""]"
secret_lair,SL-EE12104C3A49E7,,Secretversary Superdrop - We Hope You Like Squirrels - Traditional Foil Edition — Foil Edition,secretversary superdrop we hope you like squirrels traditional foil edition foil edition,secret_lair,75.43,,,,0.0988,,,,,,,,,,76.25,,53.7,,-0.0032,"[""annRet"", ""artist"", ""compRank"", ""compScore"", ""conf"", ""covStatus"", ""dataConf"", ""dd"", ""drop"", ""family"", ""finish"", ""hist"", ""id"", ""incRet"", ""ipArtist"", ""liq"", ""mom"", ""msrp"", ""name"", ""obs"", ""peak"", ""price"", ""r30"", ""r365"", ""r90"", ""ras"", ""rec"", ""recScore"", ""rel"", ""risk"", ""scarcity"", ""score"", ""super"", ""ub"", ""value"", ""year""]"
secret_lair,SL-5B6759715093DA,,Valentine's Day 2021 - Traditional Foil Edition — Foil Edition,valentine s day 2021 traditional foil edition foil edition,secret_lair,70.9,,,,0.546,,,,,,,,,,76.25,,55.34,,-0.0158,"[""annRet"", ""artist"", ""compRank"", ""compScore"", ""conf"", ""covStatus"", ""dataConf"", ""dd"", ""drop"", ""family"", ""finish"", ""hist"", ""id"", ""incRet"", ""ipArtist"", ""liq"", ""mom"", ""msrp"", ""name"", ""obs"", ""peak"", ""price"", ""r30"", ""r365"", ""r90"", ""ras"", ""rec"", ""recScore"", ""rel"", ""risk"", ""scarcity"", ""score"", ""super"", ""ub"", ""value"", ""year""]"
secret_lair,SL-823B9F2127A229,,Artist Series: Jesper Ejsing - Rainbow Foil Edition — Foil Edition,artist series jesper ejsing rainbow foil edition foil edition,secret_lair,85.95,,,,0.571,,,,,,,,,,76.25,,56.1,,0.0,"[""annRet"", ""artist"", ""compRank"", ""compScore"", ""conf"", ""covStatus"", ""dataConf"", ""dd"", ""drop"", ""family"", ""finish"", ""hist"", ""id"", ""incRet"", ""ipArtist"", ""liq"", ""mom"", ""msrp"", ""name"", ""obs"", ""peak"", ""price"", ""r30"", ""r365"", ""r90"", ""ras"", ""rec"", ""recScore"", ""rel"", ""risk"", ""scarcity"", ""score"", ""super"", ""ub"", ""value"", ""year""]"
secret_lair,SL-13A381A40449C9,,Fallout: Points of Interest - Rainbow Foil Edition — Foil Edition,fallout points of interest rainbow foil edition foil edition,secret_lair,144.98,,,,0.6917,,,,,,,,,,76.25,,57.78,,0.0,"[""annRet"", ""artist"", ""compRank"", ""compScore"", ""conf"", ""covStatus"", ""dataConf"", ""dd"", ""drop"", ""family"", ""finish"", ""hist"", ""id"", ""incRet"", ""ipArtist"", ""liq"", ""mom"", ""msrp"", ""name"", ""obs"", ""peak"", ""price"", ""r30"", ""r365"", ""r90"", ""ras"", ""rec"", ""recScore"", ""rel"", ""risk"", ""scarcity"", ""score"", ""super"", ""ub"", ""value"", ""year""]"
secret_lair,SL-3BF37BD3ACB158,,EVERYTHING IS ON FIRE - Rainbow Foil Edition — Foil Edition,everything is on fire rainbow foil edition foil edition,secret_lair,46.24,,,,0.2514,,,,,,,,,,76.25,,56.38,,-0.3472,"[""annRet"", ""artist"", ""compRank"", ""compScore"", ""conf"", ""covStatus"", ""dataConf"", ""dd"", ""drop"", ""family"", ""finish"", ""hist"", ""id"", ""incRet"", ""ipArtist"", ""liq"", ""mom"", ""msrp"", ""name"", ""obs"", ""peak"", ""price"", ""r30"", ""r365"", ""r90"", ""ras"", ""rec"", ""recScore"", ""rel"", ""risk"", ""scarcity"", ""score"", ""super"", ""ub"", ""value"", ""year""]"
secret_lair,SL-272CED28AF6023,6023,"Faerie, Faerie, Faerie Rad - Traditional Foil Edition — Foil Edition",faerie faerie faerie rad traditional foil edition foil edition,secret_lair,126.73,,,,0.2175,,,,,,,,,,76.25,,54.56,,0.0,"[""annRet"", ""artist"", ""compRank"", ""compScore"", ""conf"", ""covStatus"", ""dataConf"", ""dd"", ""drop"", ""family"", ""finish"", ""hist"", ""id"", ""incRet"", ""ipArtist"", ""liq"", ""mom"", ""msrp"", ""name"", ""obs"", ""peak"", ""price"", ""r30"", ""r365"", ""r90"", ""ras"", ""rec"", ""recScore"", ""rel"", ""risk"", ""scarcity"", ""score"", ""super"", ""ub"", ""value"", ""year""]"
secret_lair,SL-FB01410D9F3250,3250,Hatsune Miku: Electric Entourage EN - Rainbow Foil Edition — Foil Edition,hatsune miku electric entourage en rainbow foil edition foil edition,secret_lair,135.94,,,,1.2451,,,,,,,,,,76.25,,62.19,,-0.3821,"[""annRet"", ""artist"", ""compRank"", ""compScore"", ""conf"", ""covStatus"", ""dataConf"", ""dd"", ""drop"", ""family"", ""finish"", ""hist"", ""id"", ""incRet"", ""ipArtist"", ""liq"", ""mom"", ""msrp"", ""name"", ""obs"", ""peak"", ""price"", ""r30"", ""r365"", ""r90"", ""ras"", ""rec"", ""recScore"", ""rel"", ""risk"", ""scarcity"", ""score"", ""super"", ""ub"", ""value"", ""year""]"
secret_lair,SL-4265730E03747B,,Hatsune Miku: Winter Diva JP - Rainbow Foil Edition — Foil Edition,hatsune miku winter diva jp rainbow foil edition foil edition,secret_lair,49.6,,,,0.2412,,,,,,,,,,76.25,,54.14,,0.0,"[""annRet"", ""artist"", ""compRank"", ""compScore"", ""conf"", ""covStatus"", ""dataConf"", ""dd"", ""drop"", ""family"", ""finish"", ""hist"", ""id"", ""incRet"", ""ipArtist"", ""liq"", ""mom"", ""msrp"", ""name"", ""obs"", ""peak"", ""price"", ""r30"", ""r365"", ""r90"", ""ras"", ""rec"", ""recScore"", ""rel"", ""risk"", ""scarcity"", ""score"", ""super"", ""ub"", ""value"", ""year""]"
secret_lair,SL-0F86D31256941D,,Marvel's Wolverine - Rainbow Foil Edition — Foil Edition,marvel s wolverine rainbow foil edition foil edition,secret_lair,134.49,,,,0.4455,,,,,,,,,,76.25,,56.52,,-0.0208,"[""annRet"", ""artist"", ""compRank"", ""compScore"", ""conf"", ""covStatus"", ""dataConf"", ""dd"", ""drop"", ""family"", ""finish"", ""hist"", ""id"", ""incRet"", ""ipArtist"", ""liq"", ""mom"", ""msrp"", ""name"", ""obs"", ""peak"", ""price"", ""r30"", ""r365"", ""r90"", ""ras"", ""rec"", ""recScore"", ""rel"", ""risk"", ""scarcity"", ""score"", ""super"", ""ub"", ""value"", ""year""]"
secret_lair,SL-64DF5C443D393A,,Showcase: March of the Machine Vol. 1 - Halo Foil Edition — Foil Edition,showcase march of the machine vol 1 halo foil edition foil edition,secret_lair,88.98,,,,0.2755,,,,,,,,,,76.25,,54.5,,0.0,"[""annRet"", ""artist"", ""compRank"", ""compScore"", ""conf"", ""covStatus"", ""dataConf"", ""dd"", ""drop"", ""family"", ""finish"", ""hist"", ""id"", ""incRet"", ""ipArtist"", ""liq"", ""mom"", ""msrp"", ""name"", ""obs"", ""peak"", ""price"", ""r30"", ""r365"", ""r90"", ""ras"", ""rec"", ""recScore"", ""rel"", ""risk"", ""scarcity"", ""score"", ""super"", ""ub"", ""value"", ""year""]"
secret_lair,SL-F4A97CEA3A7C1C,,FINAL FANTASY: Weapons - Rainbow Foil Edition — Foil Edition,final fantasy weapons rainbow foil edition foil edition,secret_lair,100.87,,,,0.2175,,,,,,,,,,76.25,,54.36,,0.0,"[""annRet"", ""artist"", ""compRank"", ""compScore"", ""conf"", ""covStatus"", ""dataConf"", ""dd"", ""drop"", ""family"", ""finish"", ""hist"", ""id"", ""incRet"", ""ipArtist"", ""liq"", ""mom"", ""msrp"", ""name"", ""obs"", ""peak"", ""price"", ""r30"", ""r365"", ""r90"", ""ras"", ""rec"", ""recScore"", ""rel"", ""risk"", ""scarcity"", ""score"", ""super"", ""ub"", ""value"", ""year""]"
secret_lair,SL-35D49FF298AC45,,Artist Series: Thomas Baxa - Traditional Foil Edition — Foil Edition,artist series thomas baxa traditional foil edition foil edition,secret_lair,41.91,,,,0.5135,,,,,,,,,,76.25,,55.17,,0.0,"[""annRet"", ""artist"", ""compRank"", ""compScore"", ""conf"", ""covStatus"", ""dataConf"", ""dd"", ""drop"", ""family"", ""finish"", ""hist"", ""id"", ""incRet"", ""ipArtist"", ""liq"", ""mom"", ""msrp"", ""name"", ""obs"", ""peak"", ""price"", ""r30"", ""r365"", ""r90"", ""ras"", ""rec"", ""recScore"", ""rel"", ""risk"", ""scarcity"", ""score"", ""super"", ""ub"", ""value"", ""year""]"
secret_lair,SL-CE39B48D52F07A,,Just Add Milk: Second Helpings - Traditional Foil Edition — Foil Edition,just add milk second helpings traditional foil edition foil edition,secret_lair,61.96,,,,0.0714,,,,,,,,,,76.25,,53.34,,0.0,"[""annRet"", ""artist"", ""compRank"", ""compScore"", ""conf"", ""covStatus"", ""dataConf"", ""dd"", ""drop"", ""family"", ""finish"", ""hist"", ""id"", ""incRet"", ""ipArtist"", ""liq"", ""mom"", ""msrp"", ""name"", ""obs"", ""peak"", ""price"", ""r30"", ""r365"", ""r90"", ""ras"", ""rec"", ""recScore"", ""rel"", ""risk"", ""scarcity"", ""score"", ""super"", ""ub"", ""value"", ""year""]"
secret_lair,SL-800F3A66865530,66865530,Li'l Giri Saves the Day - Traditional Foil Edition — Foil Edition,li l giri saves the day traditional foil edition foil edition,secret_lair,52.3,,,,0.0777,,,,,,,,,,76.25,,52.72,,-0.0297,"[""annRet"", ""artist"", ""compRank"", ""compScore"", ""conf"", ""covStatus"", ""dataConf"", ""dd"", ""drop"", ""family"", ""finish"", ""hist"", ""id"", ""incRet"", ""ipArtist"", ""liq"", ""mom"", ""msrp"", ""name"", ""obs"", ""peak"", ""price"", ""r30"", ""r365"", ""r90"", ""ras"", ""rec"", ""recScore"", ""rel"", ""risk"", ""scarcity"", ""score"", ""super"", ""ub"", ""value"", ""year""]"
secret_lair,SL-95F8B6ADF74AF6,,The Unfathomable Crushing Brutality of Basic Lands - Traditional Foil Edition — Foil Edition,the unfathomable crushing brutality of basic lands traditional foil edition foil edition,secret_lair,64.5,,,,0.2063,,,,,,,,,,76.25,,53.57,,0.0,"[""annRet"", ""artist"", ""compRank"", ""compScore"", ""conf"", ""covStatus"", ""dataConf"", ""dd"", ""drop"", ""family"", ""finish"", ""hist"", ""id"", ""incRet"", ""ipArtist"", ""liq"", ""mom"", ""msrp"", ""name"", ""obs"", ""peak"", ""price"", ""r30"", ""r365"", ""r90"", ""ras"", ""rec"", ""recScore"", ""rel"", ""risk"", ""scarcity"", ""score"", ""super"", ""ub"", ""value"", ""year""]"
secret_lair,SL-B2289CE720A189,,Dan Frazier Is Back Again: The Enemy Talismans - Foil Etched Edition — Foil Edition,dan frazier is back again the enemy talismans foil etched edition foil edition,secret_lair,139.75,,,,0.8133,,,,,,,,,,76.25,,57.52,,0.0,"[""annRet"", ""artist"", ""compRank"", ""compScore"", ""conf"", ""covStatus"", ""dataConf"", ""dd"", ""drop"", ""family"", ""finish"", ""hist"", ""id"", ""incRet"", ""ipArtist"", ""liq"", ""mom"", ""msrp"", ""name"", ""obs"", ""peak"", ""price"", ""r30"", ""r365"", ""r90"", ""ras"", ""rec"", ""recScore"", ""rel"", ""risk"", ""scarcity"", ""score"", ""super"", ""ub"", ""value"", ""year""]"
secret_lair,SL-18623F544924A7,,February Superdrop - Introducing: Kaito Shizuki - Traditional Foil Edition — Foil Edition,february superdrop introducing kaito shizuki traditional foil edition foil edition,secret_lair,57.11,,,,0.293,,,,,,,,,,76.25,,53.75,,0.0,"[""annRet"", ""artist"", ""compRank"", ""compScore"", ""conf"", ""covStatus"", ""dataConf"", ""dd"", ""drop"", ""family"", ""finish"", ""hist"", ""id"", ""incRet"", ""ipArtist"", ""liq"", ""mom"", ""msrp"", ""name"", ""obs"", ""peak"", ""price"", ""r30"", ""r365"", ""r90"", ""ras"", ""rec"", ""recScore"", ""rel"", ""risk"", ""scarcity"", ""score"", ""super"", ""ub"", ""value"", ""year""]"
secret_lair,SL-FD7EED45ECCFC6,,Through the Wormhole - Galaxy Foil Edition — Foil Edition,through the wormhole galaxy foil edition foil edition,secret_lair,398.71,,,,0.1783,,,,,,,,,,76.25,,53.72,,0.0,"[""annRet"", ""artist"", ""compRank"", ""compScore"", ""conf"", ""covStatus"", ""dataConf"", ""dd"", ""drop"", ""family"", ""finish"", ""hist"", ""id"", ""incRet"", ""ipArtist"", ""liq"", ""mom"", ""msrp"", ""name"", ""obs"", ""peak"", ""price"", ""r30"", ""r365"", ""r90"", ""ras"", ""rec"", ""recScore"", ""rel"", ""risk"", ""scarcity"", ""score"", ""super"", ""ub"", ""value"", ""year""]"
secret_lair,SL-7EA408BA13BB00,,LOOK AT THE KITTIES - Traditional Foil Edition — Foil Edition,look at the kitties traditional foil edition foil edition,secret_lair,263.97,,,,0.6482,,,,,,,,,,76.25,,56.85,,0.0,"[""annRet"", ""artist"", ""compRank"", ""compScore"", ""conf"", ""covStatus"", ""dataConf"", ""dd"", ""drop"", ""family"", ""finish"", ""hist"", ""id"", ""incRet"", ""ipArtist"", ""liq"", ""mom"", ""msrp"", ""name"", ""obs"", ""peak"", ""price"", ""r30"", ""r365"", ""r90"", ""ras"", ""rec"", ""recScore"", ""rel"", ""risk"", ""scarcity"", ""score"", ""super"", ""ub"", ""value"", ""year""]"
secret_lair,SL-E3E88EC01DA49B,,Superdrop: The Full-Text Lands - Traditional Foil Edition — Foil Edition,superdrop the full text lands traditional foil edition foil edition,secret_lair,54.06,,,,0.243,,,,,,,,,,76.25,,53.33,,0.0,"[""annRet"", ""artist"", ""compRank"", ""compScore"", ""conf"", ""covStatus"", ""dataConf"", ""dd"", ""drop"", ""family"", ""finish"", ""hist"", ""id"", ""incRet"", ""ipArtist"", ""liq"", ""mom"", ""msrp"", ""name"", ""obs"", ""peak"", ""price"", ""r30"", ""r365"", ""r90"", ""ras"", ""rec"", ""recScore"", ""rel"", ""risk"", ""scarcity"", ""score"", ""super"", ""ub"", ""value"", ""year""]"
secret_lair,SL-FC508070AC9ECD,,Our Boss is on Vacation Superdrop: Twisted Toons - Rainbow Foil Edition — Foil Edition,our boss is on vacation superdrop twisted toons rainbow foil edition foil edition,secret_lair,84.03,,,,0.3641,,,,,,,,,,76.25,,54.02,,-0.1796,"[""annRet"", ""artist"", ""compRank"", ""compScore"", ""conf"", ""covStatus"", ""dataConf"", ""dd"", ""drop"", ""family"", ""finish"", ""hist"", ""id"", ""incRet"", ""ipArtist"", ""liq"", ""mom"", ""msrp"", ""name"", ""obs"", ""peak"", ""price"", ""r30"", ""r365"", ""r90"", ""ras"", ""rec"", ""recScore"", ""rel"", ""risk"", ""scarcity"", ""score"", ""super"", ""ub"", ""value"", ""year""]"
secret_lair,SL-A0E13DA74146D6,,Dogs Are Better Than Cats - Rainbow Foil Edition — Foil Edition,dogs are better than cats rainbow foil edition foil edition,secret_lair,93.31,,,,0.3005,,,,,,,,,,76.25,,54.28,,0.0,"[""annRet"", ""artist"", ""compRank"", ""compScore"", ""conf"", ""covStatus"", ""dataConf"", ""dd"", ""drop"", ""family"", ""finish"", ""hist"", ""id"", ""incRet"", ""ipArtist"", ""liq"", ""mom"", ""msrp"", ""name"", ""obs"", ""peak"", ""price"", ""r30"", ""r365"", ""r90"", ""ras"", ""rec"", ""recScore"", ""rel"", ""risk"", ""scarcity"", ""score"", ""super"", ""ub"", ""value"", ""year""]"
secret_lair,SL-FA7D6580C34737,34737,Winter Superdrop 2024: All the Sweet Foils Bundle — Foil Edition,winter superdrop 2024 all the sweet foils bundle foil edition,secret_lair,799.98,,,,0.3916,,,,,,,,,,71.25,,58.8,,0.0,"[""annRet"", ""artist"", ""compRank"", ""compScore"", ""conf"", ""covStatus"", ""dataConf"", ""dd"", ""drop"", ""family"", ""finish"", ""hist"", ""id"", ""incRet"", ""ipArtist"", ""liq"", ""mom"", ""msrp"", ""name"", ""obs"", ""peak"", ""price"", ""r30"", ""r365"", ""r90"", ""ras"", ""rec"", ""recScore"", ""rel"", ""risk"", ""scarcity"", ""score"", ""super"", ""ub"", ""value"", ""year""]"
secret_lair,SL-7A15A1811F841D,,"Summer Superdrop - Mountain, Go - Traditional Foil Edition — Foil Edition",summer superdrop mountain go traditional foil edition foil edition,secret_lair,32.24,,,,0.5016,,,,,,,,,,76.25,,55.37,,-0.0195,"[""annRet"", ""artist"", ""compRank"", ""compScore"", ""conf"", ""covStatus"", ""dataConf"", ""dd"", ""drop"", ""family"", ""finish"", ""hist"", ""id"", ""incRet"", ""ipArtist"", ""liq"", ""mom"", ""msrp"", ""name"", ""obs"", ""peak"", ""price"", ""r30"", ""r365"", ""r90"", ""ras"", ""rec"", ""recScore"", ""rel"", ""risk"", ""scarcity"", ""score"", ""super"", ""ub"", ""value"", ""year""]"
secret_lair,SL-72472EFE8746C4,,Extra Life 2020 - Traditional Foil Edition — Foil Edition,extra life 2020 traditional foil edition foil edition,secret_lair,117.75,,,,0.464,,,,,,,,,,76.25,,54.68,,0.0,"[""annRet"", ""artist"", ""compRank"", ""compScore"", ""conf"", ""covStatus"", ""dataConf"", ""dd"", ""drop"", ""family"", ""finish"", ""hist"", ""id"", ""incRet"", ""ipArtist"", ""liq"", ""mom"", ""msrp"", ""name"", ""obs"", ""peak"", ""price"", ""r30"", ""r365"", ""r90"", ""ras"", ""rec"", ""recScore"", ""rel"", ""risk"", ""scarcity"", ""score"", ""super"", ""ub"", ""value"", ""year""]"
secret_lair,SL-CA2C167AAFAD55,,Finally! Left-Handed Magic Cards - Traditional Foil Edition — Foil Edition,finally left handed magic cards traditional foil edition foil edition,secret_lair,52.39,,,,0.0635,,,,,,,,,,76.25,,52.61,,0.0,"[""annRet"", ""artist"", ""compRank"", ""compScore"", ""conf"", ""covStatus"", ""dataConf"", ""dd"", ""drop"", ""family"", ""finish"", ""hist"", ""id"", ""incRet"", ""ipArtist"", ""liq"", ""mom"", ""msrp"", ""name"", ""obs"", ""peak"", ""price"", ""r30"", ""r365"", ""r90"", ""ras"", ""rec"", ""recScore"", ""rel"", ""risk"", ""scarcity"", ""score"", ""super"", ""ub"", ""value"", ""year""]"
secret_lair,SL-96E8C079CD757B,,Hatsune Miku: Electric Entourage JP - Rainbow Foil Edition — Foil Edition,hatsune miku electric entourage jp rainbow foil edition foil edition,secret_lair,38.92,,,,0.1895,,,,,,,,,,76.25,,55.77,,-0.72,"[""annRet"", ""artist"", ""compRank"", ""compScore"", ""conf"", ""covStatus"", ""dataConf"", ""dd"", ""drop"", ""family"", ""finish"", ""hist"", ""id"", ""incRet"", ""ipArtist"", ""liq"", ""mom"", ""msrp"", ""name"", ""obs"", ""peak"", ""price"", ""r30"", ""r365"", ""r90"", ""ras"", ""rec"", ""recScore"", ""rel"", ""risk"", ""scarcity"", ""score"", ""super"", ""ub"", ""value"", ""year""]"
secret_lair,SL-9762ED8DD0FDB9,,Imaginary Friends - Traditional Foil Edition — Foil Edition,imaginary friends traditional foil edition foil edition,secret_lair,55.81,,,,0.4009,,,,,,,,,,76.25,,53.81,,0.0,"[""annRet"", ""artist"", ""compRank"", ""compScore"", ""conf"", ""covStatus"", ""dataConf"", ""dd"", ""drop"", ""family"", ""finish"", ""hist"", ""id"", ""incRet"", ""ipArtist"", ""liq"", ""mom"", ""msrp"", ""name"", ""obs"", ""peak"", ""price"", ""r30"", ""r365"", ""r90"", ""ras"", ""rec"", ""recScore"", ""rel"", ""risk"", ""scarcity"", ""score"", ""super"", ""ub"", ""value"", ""year""]"
secret_lair,SL-DA0255DFD87A79,,February Superdrop - Shades Not Included - Traditional Foil Edition — Foil Edition,february superdrop shades not included traditional foil edition foil edition,secret_lair,60.1,,,,0.0423,,,,,,,,,,76.25,,50.86,,0.0,"[""annRet"", ""artist"", ""compRank"", ""compScore"", ""conf"", ""covStatus"", ""dataConf"", ""dd"", ""drop"", ""family"", ""finish"", ""hist"", ""id"", ""incRet"", ""ipArtist"", ""liq"", ""mom"", ""msrp"", ""name"", ""obs"", ""peak"", ""price"", ""r30"", ""r365"", ""r90"", ""ras"", ""rec"", ""recScore"", ""rel"", ""risk"", ""scarcity"", ""score"", ""super"", ""ub"", ""value"", ""year""]"
secret_lair,SL-301D3C32669404,32669404,Outlaw Anthology Vol. 2: Sinister Scoundrels - Rainbow Foil Edition — Foil Edition,outlaw anthology vol 2 sinister scoundrels rainbow foil edition foil edition,secret_lair,63.91,,,,0.4256,,,,,,,,,,76.25,,56.57,,-0.4674,"[""annRet"", ""artist"", ""compRank"", ""compScore"", ""conf"", ""covStatus"", ""dataConf"", ""dd"", ""drop"", ""family"", ""finish"", ""hist"", ""id"", ""incRet"", ""ipArtist"", ""liq"", ""mom"", ""msrp"", ""name"", ""obs"", ""peak"", ""price"", ""r30"", ""r365"", ""r90"", ""ras"", ""rec"", ""recScore"", ""rel"", ""risk"", ""scarcity"", ""score"", ""super"", ""ub"", ""value"", ""year""]"
secret_lair,SL-DBDF87736B4AD6,,FINAL FANTASY: Grimoire - Non-Foil Edition — Nonfoil Edition,final fantasy grimoire non foil edition nonfoil edition,secret_lair,90.0,,,,0.3616,,,,,,,,,,76.25,,58.89,,0.0,"[""annRet"", ""artist"", ""compRank"", ""compScore"", ""conf"", ""covStatus"", ""dataConf"", ""dd"", ""drop"", ""family"", ""finish"", ""hist"", ""id"", ""incRet"", ""ipArtist"", ""liq"", ""mom"", ""msrp"", ""name"", ""obs"", ""peak"", ""price"", ""r30"", ""r365"", ""r90"", ""ras"", ""rec"", ""recScore"", ""rel"", ""risk"", ""scarcity"", ""score"", ""super"", ""ub"", ""value"", ""year""]"
secret_lair,SL-4018B4444438E9,,Happy Yargle Day! - Traditional Foil Edition — Foil Edition,happy yargle day traditional foil edition foil edition,secret_lair,37.81,,,,0.0921,,,,,,,,,,76.25,,50.51,,-0.101,"[""annRet"", ""artist"", ""compRank"", ""compScore"", ""conf"", ""covStatus"", ""dataConf"", ""dd"", ""drop"", ""family"", ""finish"", ""hist"", ""id"", ""incRet"", ""ipArtist"", ""liq"", ""mom"", ""msrp"", ""name"", ""obs"", ""peak"", ""price"", ""r30"", ""r365"", ""r90"", ""ras"", ""rec"", ""recScore"", ""rel"", ""risk"", ""scarcity"", ""score"", ""super"", ""ub"", ""value"", ""year""]"
secret_lair,SL-BA4475B87E38DE,,Brain Dead: Lands - Rainbow Foil Edition — Foil Edition,brain dead lands rainbow foil edition foil edition,secret_lair,119.27,,,,1.2223,,,,,,,,,,76.25,,62.19,,-0.6024,"[""annRet"", ""artist"", ""compRank"", ""compScore"", ""conf"", ""covStatus"", ""dataConf"", ""dd"", ""drop"", ""family"", ""finish"", ""hist"", ""id"", ""incRet"", ""ipArtist"", ""liq"", ""mom"", ""msrp"", ""name"", ""obs"", ""peak"", ""price"", ""r30"", ""r365"", ""r90"", ""ras"", ""rec"", ""recScore"", ""rel"", ""risk"", ""scarcity"", ""score"", ""super"", ""ub"", ""value"", ""year""]"
secret_lair,SL-37F8EC322DC4FF,,Tomb Raider - Traditional Foil Edition — Foil Edition,tomb raider traditional foil edition foil edition,secret_lair,197.79,,,,0.1682,,,,,,,,,,76.25,,53.84,,0.0,"[""annRet"", ""artist"", ""compRank"", ""compScore"", ""conf"", ""covStatus"", ""dataConf"", ""dd"", ""drop"", ""family"", ""finish"", ""hist"", ""id"", ""incRet"", ""ipArtist"", ""liq"", ""mom"", ""msrp"", ""name"", ""obs"", ""peak"", ""price"", ""r30"", ""r365"", ""r90"", ""ras"", ""rec"", ""recScore"", ""rel"", ""risk"", ""scarcity"", ""score"", ""super"", ""ub"", ""value"", ""year""]"
secret_lair,SL-C649AFADB4E38B,,Jurassic World: Life Breaks Free - Rainbow Foil Edition — Foil Edition,jurassic world life breaks free rainbow foil edition foil edition,secret_lair,251.35,,,,0.646,,,,,,,,,,76.25,,56.28,,0.0,"[""annRet"", ""artist"", ""compRank"", ""compScore"", ""conf"", ""covStatus"", ""dataConf"", ""dd"", ""drop"", ""family"", ""finish"", ""hist"", ""id"", ""incRet"", ""ipArtist"", ""liq"", ""mom"", ""msrp"", ""name"", ""obs"", ""peak"", ""price"", ""r30"", ""r365"", ""r90"", ""ras"", ""rec"", ""recScore"", ""rel"", ""risk"", ""scarcity"", ""score"", ""super"", ""ub"", ""value"", ""year""]"
secret_lair,SL-B762CD279E0001,0001,Artist Series: Rebecca Guay - Traditional Foil Edition — Foil Edition,artist series rebecca guay traditional foil edition foil edition,secret_lair,54.63,,,,0.3082,,,,,,,,,,76.25,,53.14,,-0.0031,"[""annRet"", ""artist"", ""compRank"", ""compScore"", ""conf"", ""covStatus"", ""dataConf"", ""dd"", ""drop"", ""family"", ""finish"", ""hist"", ""id"", ""incRet"", ""ipArtist"", ""liq"", ""mom"", ""msrp"", ""name"", ""obs"", ""peak"", ""price"", ""r30"", ""r365"", ""r90"", ""ras"", ""rec"", ""recScore"", ""rel"", ""risk"", ""scarcity"", ""score"", ""super"", ""ub"", ""value"", ""year""]"
secret_lair,SL-E14AB3D48E2308,2308,Cool Ocean Breeze - Traditional Foil Edition — Foil Edition,cool ocean breeze traditional foil edition foil edition,secret_lair,245.46,,,,0.5918,,,,,,,,,,76.25,,55.92,,0.0,"[""annRet"", ""artist"", ""compRank"", ""compScore"", ""conf"", ""covStatus"", ""dataConf"", ""dd"", ""drop"", ""family"", ""finish"", ""hist"", ""id"", ""incRet"", ""ipArtist"", ""liq"", ""mom"", ""msrp"", ""name"", ""obs"", ""peak"", ""price"", ""r30"", ""r365"", ""r90"", ""ras"", ""rec"", ""recScore"", ""rel"", ""risk"", ""scarcity"", ""score"", ""super"", ""ub"", ""value"", ""year""]"
secret_lair,SL-F4DBBBEC3CFEB4,,Our Boss is on Vacation Superdrop: Spongebob Squarepants: Legends of Bikini Bottom - Rainbow Foil Edition — Foil Edition,our boss is on vacation superdrop spongebob squarepants legends of bikini bottom rainbow foil edition foil edition,secret_lair,79.84,,,,0.3489,,,,,,,,,,76.25,,54.87,,0.0,"[""annRet"", ""artist"", ""compRank"", ""compScore"", ""conf"", ""covStatus"", ""dataConf"", ""dd"", ""drop"", ""family"", ""finish"", ""hist"", ""id"", ""incRet"", ""ipArtist"", ""liq"", ""mom"", ""msrp"", ""name"", ""obs"", ""peak"", ""price"", ""r30"", ""r365"", ""r90"", ""ras"", ""rec"", ""recScore"", ""rel"", ""risk"", ""scarcity"", ""score"", ""super"", ""ub"", ""value"", ""year""]"
secret_lair,SL-8AAEC38BEC5FBD,,Artist Series: Alayna Danner - Traditional Foil Edition — Foil Edition,artist series alayna danner traditional foil edition foil edition,secret_lair,86.14,,,,0.2903,,,,,,,,,,76.25,,53.61,,0.0,"[""annRet"", ""artist"", ""compRank"", ""compScore"", ""conf"", ""covStatus"", ""dataConf"", ""dd"", ""drop"", ""family"", ""finish"", ""hist"", ""id"", ""incRet"", ""ipArtist"", ""liq"", ""mom"", ""msrp"", ""name"", ""obs"", ""peak"", ""price"", ""r30"", ""r365"", ""r90"", ""ras"", ""rec"", ""recScore"", ""rel"", ""risk"", ""scarcity"", ""score"", ""super"", ""ub"", ""value"", ""year""]"
secret_lair,SL-1CBB2CDA24A606,,Warhammer Age of Sigmar - Traditional Foil Edition — Foil Edition,warhammer age of sigmar traditional foil edition foil edition,secret_lair,148.31,,,,0.1999,,,,,,,,,,76.25,,53.64,,0.0,"[""annRet"", ""artist"", ""compRank"", ""compScore"", ""conf"", ""covStatus"", ""dataConf"", ""dd"", ""drop"", ""family"", ""finish"", ""hist"", ""id"", ""incRet"", ""ipArtist"", ""liq"", ""mom"", ""msrp"", ""name"", ""obs"", ""peak"", ""price"", ""r30"", ""r365"", ""r90"", ""ras"", ""rec"", ""recScore"", ""rel"", ""risk"", ""scarcity"", ""score"", ""super"", ""ub"", ""value"", ""year""]"
secret_lair,SL-26D338135420FD,,Mirrodinsanity - Traditional Foil Edition — Foil Edition,mirrodinsanity traditional foil edition foil edition,secret_lair,135.22,,,,0.454,,,,,,,,,,76.25,,54.9,,0.0,"[""annRet"", ""artist"", ""compRank"", ""compScore"", ""conf"", ""covStatus"", ""dataConf"", ""dd"", ""drop"", ""family"", ""finish"", ""hist"", ""id"", ""incRet"", ""ipArtist"", ""liq"", ""mom"", ""msrp"", ""name"", ""obs"", ""peak"", ""price"", ""r30"", ""r365"", ""r90"", ""ras"", ""rec"", ""recScore"", ""rel"", ""risk"", ""scarcity"", ""score"", ""super"", ""ub"", ""value"", ""year""]"
secret_lair,SL-C59DE249DE7287,7287,Crocodile Jackson's Monstrous Menagerie - Foil Etched Edition — Foil Edition,crocodile jackson s monstrous menagerie foil etched edition foil edition,secret_lair,44.8,,,,0.0879,,,,,,,,,,76.25,,51.68,,-0.0425,"[""annRet"", ""artist"", ""compRank"", ""compScore"", ""conf"", ""covStatus"", ""dataConf"", ""dd"", ""drop"", ""family"", ""finish"", ""hist"", ""id"", ""incRet"", ""ipArtist"", ""liq"", ""mom"", ""msrp"", ""name"", ""obs"", ""peak"", ""price"", ""r30"", ""r365"", ""r90"", ""ras"", ""rec"", ""recScore"", ""rel"", ""risk"", ""scarcity"", ""score"", ""super"", ""ub"", ""value"", ""year""]"
secret_lair,SL-23598BE2582FF4,,Saturday Morning D&D - Traditional Foil Edition — Foil Edition,saturday morning d and d traditional foil edition foil edition,secret_lair,50.91,,,,0.3497,,,,,,,,,,76.25,,52.24,,-0.0225,"[""annRet"", ""artist"", ""compRank"", ""compScore"", ""conf"", ""covStatus"", ""dataConf"", ""dd"", ""drop"", ""family"", ""finish"", ""hist"", ""id"", ""incRet"", ""ipArtist"", ""liq"", ""mom"", ""msrp"", ""name"", ""obs"", ""peak"", ""price"", ""r30"", ""r365"", ""r90"", ""ras"", ""rec"", ""recScore"", ""rel"", ""risk"", ""scarcity"", ""score"", ""super"", ""ub"", ""value"", ""year""]"
secret_lair,SL-D792C24E8A09CF,,Artist Series: Ryan Alexander Lee - Traditional Foil Edition — Foil Edition,artist series ryan alexander lee traditional foil edition foil edition,secret_lair,33.63,,,,0.0965,,,,,,,,,,76.25,,51.83,,0.0,"[""annRet"", ""artist"", ""compRank"", ""compScore"", ""conf"", ""covStatus"", ""dataConf"", ""dd"", ""drop"", ""family"", ""finish"", ""hist"", ""id"", ""incRet"", ""ipArtist"", ""liq"", ""mom"", ""msrp"", ""name"", ""obs"", ""peak"", ""price"", ""r30"", ""r365"", ""r90"", ""ras"", ""rec"", ""recScore"", ""rel"", ""risk"", ""scarcity"", ""score"", ""super"", ""ub"", ""value"", ""year""]"
secret_lair,SL-D8B6168FF7A7AD,,Arcade Racers - Rainbow Foil Edition — Foil Edition,arcade racers rainbow foil edition foil edition,secret_lair,41.72,,,,0.3528,,,,,,,,,,76.25,,54.2,,-0.0518,"[""annRet"", ""artist"", ""compRank"", ""compScore"", ""conf"", ""covStatus"", ""dataConf"", ""dd"", ""drop"", ""family"", ""finish"", ""hist"", ""id"", ""incRet"", ""ipArtist"", ""liq"", ""mom"", ""msrp"", ""name"", ""obs"", ""peak"", ""price"", ""r30"", ""r365"", ""r90"", ""ras"", ""rec"", ""recScore"", ""rel"", ""risk"", ""scarcity"", ""score"", ""super"", ""ub"", ""value"", ""year""]"
secret_lair,SL-E339A090348C36,,The Princess Bride - Traditional Foil Edition — Foil Edition,the princess bride traditional foil edition foil edition,secret_lair,320.0,,,,0.2896,,,,,,,,,,76.25,,54.41,,0.0,"[""annRet"", ""artist"", ""compRank"", ""compScore"", ""conf"", ""covStatus"", ""dataConf"", ""dd"", ""drop"", ""family"", ""finish"", ""hist"", ""id"", ""incRet"", ""ipArtist"", ""liq"", ""mom"", ""msrp"", ""name"", ""obs"", ""peak"", ""price"", ""r30"", ""r365"", ""r90"", ""ras"", ""rec"", ""recScore"", ""rel"", ""risk"", ""scarcity"", ""score"", ""super"", ""ub"", ""value"", ""year""]"
secret_lair,SL-E94BE968A3A112,,Monty Python: Monty Python and the Holy Grail: Vol. 2 - Traditional Foil Edition — Foil Edition,monty python monty python and the holy grail vol 2 traditional foil edition foil edition,secret_lair,80.8,,,,0.2914,,,,,,,,,,76.25,,55.91,,-0.6922,"[""annRet"", ""artist"", ""compRank"", ""compScore"", ""conf"", ""covStatus"", ""dataConf"", ""dd"", ""drop"", ""family"", ""finish"", ""hist"", ""id"", ""incRet"", ""ipArtist"", ""liq"", ""mom"", ""msrp"", ""name"", ""obs"", ""peak"", ""price"", ""r30"", ""r365"", ""r90"", ""ras"", ""rec"", ""recScore"", ""rel"", ""risk"", ""scarcity"", ""score"", ""super"", ""ub"", ""value"", ""year""]"
secret_lair,SL-E976A82043B976,,Secret Lair X MSCHF - Foil Edition — Foil Edition,secret lair x mschf foil edition foil edition,secret_lair,107.28,,,,0.3575,,,,,,,,,,76.25,,53.44,,-0.0255,"[""annRet"", ""artist"", ""compRank"", ""compScore"", ""conf"", ""covStatus"", ""dataConf"", ""dd"", ""drop"", ""family"", ""finish"", ""hist"", ""id"", ""incRet"", ""ipArtist"", ""liq"", ""mom"", ""msrp"", ""name"", ""obs"", ""peak"", ""price"", ""r30"", ""r365"", ""r90"", ""ras"", ""rec"", ""recScore"", ""rel"", ""risk"", ""scarcity"", ""score"", ""super"", ""ub"", ""value"", ""year""]"
secret_lair,SL-0A174DAC0F9024,9024,"Transformers: One Shall Stand, One Shall Fall - Traditional Foil Edition — Foil Edition",transformers one shall stand one shall fall traditional foil edition foil edition,secret_lair,83.95,,,,0.4048,,,,,,,,,,76.25,,52.98,,-0.0024,"[""annRet"", ""artist"", ""compRank"", ""compScore"", ""conf"", ""covStatus"", ""dataConf"", ""dd"", ""drop"", ""family"", ""finish"", ""hist"", ""id"", ""incRet"", ""ipArtist"", ""liq"", ""mom"", ""msrp"", ""name"", ""obs"", ""peak"", ""price"", ""r30"", ""r365"", ""r90"", ""ras"", ""rec"", ""recScore"", ""rel"", ""risk"", ""scarcity"", ""score"", ""super"", ""ub"", ""value"", ""year""]"
secret_lair,SL-63246582180433,63246582180433,Artist Series: Rovina Cai - Rainbow Foil Edition — Foil Edition,artist series rovina cai rainbow foil edition foil edition,secret_lair,101.12,,,,0.3515,,,,,,,,,,76.25,,53.96,,0.0,"[""annRet"", ""artist"", ""compRank"", ""compScore"", ""conf"", ""covStatus"", ""dataConf"", ""dd"", ""drop"", ""family"", ""finish"", ""hist"", ""id"", ""incRet"", ""ipArtist"", ""liq"", ""mom"", ""msrp"", ""name"", ""obs"", ""peak"", ""price"", ""r30"", ""r365"", ""r90"", ""ras"", ""rec"", ""recScore"", ""rel"", ""risk"", ""scarcity"", ""score"", ""super"", ""ub"", ""value"", ""year""]"
secret_lair,SL-D3778B65B20E24,,Secretversary Superdrop - Artist Series: Seb McKinnon - Traditional Foil Edition — Foil Edition,secretversary superdrop artist series seb mckinnon traditional foil edition foil edition,secret_lair,41.68,,,,0.4733,,,,,,,,,,76.25,,54.39,,0.0,"[""annRet"", ""artist"", ""compRank"", ""compScore"", ""conf"", ""covStatus"", ""dataConf"", ""dd"", ""drop"", ""family"", ""finish"", ""hist"", ""id"", ""incRet"", ""ipArtist"", ""liq"", ""mom"", ""msrp"", ""name"", ""obs"", ""peak"", ""price"", ""r30"", ""r365"", ""r90"", ""ras"", ""rec"", ""recScore"", ""rel"", ""risk"", ""scarcity"", ""score"", ""super"", ""ub"", ""value"", ""year""]"
secret_lair,SL-064D2E49795666,49795666,PixelSnowLands.jpg - Foil Etched Edition — Foil Edition,pixelsnowlands jpg foil etched edition foil edition,secret_lair,67.74,,,,0.1292,,,,,,,,,,76.25,,52.32,,0.0,"[""annRet"", ""artist"", ""compRank"", ""compScore"", ""conf"", ""covStatus"", ""dataConf"", ""dd"", ""drop"", ""family"", ""finish"", ""hist"", ""id"", ""incRet"", ""ipArtist"", ""liq"", ""mom"", ""msrp"", ""name"", ""obs"", ""peak"", ""price"", ""r30"", ""r365"", ""r90"", ""ras"", ""rec"", ""recScore"", ""rel"", ""risk"", ""scarcity"", ""score"", ""super"", ""ub"", ""value"", ""year""]"
secret_lair,SL-D6C7802610A57F,,Showcase: All Will Be One - Step-and-Compleat Foil Edition — Foil Edition,showcase all will be one step and compleat foil edition foil edition,secret_lair,56.22,,,,0.106,,,,,,,,,,76.25,,51.86,,0.0,"[""annRet"", ""artist"", ""compRank"", ""compScore"", ""conf"", ""covStatus"", ""dataConf"", ""dd"", ""drop"", ""family"", ""finish"", ""hist"", ""id"", ""incRet"", ""ipArtist"", ""liq"", ""mom"", ""msrp"", ""name"", ""obs"", ""peak"", ""price"", ""r30"", ""r365"", ""r90"", ""ras"", ""rec"", ""recScore"", ""rel"", ""risk"", ""scarcity"", ""score"", ""super"", ""ub"", ""value"", ""year""]"
secret_lair,SL-197CCEBB8BF2AC,,"The Meaning of Life, Maybe - Traditional Foil Edition — Foil Edition",the meaning of life maybe traditional foil edition foil edition,secret_lair,162.27,,,,0.5416,,,,,,,,,,76.25,,55.08,,0.0,"[""annRet"", ""artist"", ""compRank"", ""compScore"", ""conf"", ""covStatus"", ""dataConf"", ""dd"", ""drop"", ""family"", ""finish"", ""hist"", ""id"", ""incRet"", ""ipArtist"", ""liq"", ""mom"", ""msrp"", ""name"", ""obs"", ""peak"", ""price"", ""r30"", ""r365"", ""r90"", ""ras"", ""rec"", ""recScore"", ""rel"", ""risk"", ""scarcity"", ""score"", ""super"", ""ub"", ""value"", ""year""]"
secret_lair,SL-1F7D163D1ACEFB,,Our Boss is on Vacation Superdrop: Pick 'Em and Stick 'Em - Rainbow Foil Edition — Foil Edition,our boss is on vacation superdrop pick em and stick em rainbow foil edition foil edition,secret_lair,54.49,,,,0.3014,,,,,,,,,,76.25,,55.51,,-0.5261,"[""annRet"", ""artist"", ""compRank"", ""compScore"", ""conf"", ""covStatus"", ""dataConf"", ""dd"", ""drop"", ""family"", ""finish"", ""hist"", ""id"", ""incRet"", ""ipArtist"", ""liq"", ""mom"", ""msrp"", ""name"", ""obs"", ""peak"", ""price"", ""r30"", ""r365"", ""r90"", ""ras"", ""rec"", ""recScore"", ""rel"", ""risk"", ""scarcity"", ""score"", ""super"", ""ub"", ""value"", ""year""]"
secret_lair,SL-AF7841CC1354F9,,Our Boss is on Vacation Superdrop: Garden Buds - Rainbow Foil Edition — Foil Edition,our boss is on vacation superdrop garden buds rainbow foil edition foil edition,secret_lair,59.0,,,,0.7868,,,,,,,,,,76.25,,56.69,,-0.0086,"[""annRet"", ""artist"", ""compRank"", ""compScore"", ""conf"", ""covStatus"", ""dataConf"", ""dd"", ""drop"", ""family"", ""finish"", ""hist"", ""id"", ""incRet"", ""ipArtist"", ""liq"", ""mom"", ""msrp"", ""name"", ""obs"", ""peak"", ""price"", ""r30"", ""r365"", ""r90"", ""ras"", ""rec"", ""recScore"", ""rel"", ""risk"", ""scarcity"", ""score"", ""super"", ""ub"", ""value"", ""year""]"
secret_lair,SL-22B7074E02E6D4,,Hatsune Miku: Sakura Superstar JP - Rainbow Foil Edition — Foil Edition,hatsune miku sakura superstar jp rainbow foil edition foil edition,secret_lair,62.88,,,,0.1365,,,,,,,,,,76.25,,54.83,,-0.5376,"[""annRet"", ""artist"", ""compRank"", ""compScore"", ""conf"", ""covStatus"", ""dataConf"", ""dd"", ""drop"", ""family"", ""finish"", ""hist"", ""id"", ""incRet"", ""ipArtist"", ""liq"", ""mom"", ""msrp"", ""name"", ""obs"", ""peak"", ""price"", ""r30"", ""r365"", ""r90"", ""ras"", ""rec"", ""recScore"", ""rel"", ""risk"", ""scarcity"", ""score"", ""super"", ""ub"", ""value"", ""year""]"
secret_lair,SL-0CFD9C26617BF8,,The Fairest Drop of All - Traditional Foil Edition — Foil Edition,the fairest drop of all traditional foil edition foil edition,secret_lair,45.77,,,,0.2108,,,,,,,,,,76.25,,52.33,,-0.0674,"[""annRet"", ""artist"", ""compRank"", ""compScore"", ""conf"", ""covStatus"", ""dataConf"", ""dd"", ""drop"", ""family"", ""finish"", ""hist"", ""id"", ""incRet"", ""ipArtist"", ""liq"", ""mom"", ""msrp"", ""name"", ""obs"", ""peak"", ""price"", ""r30"", ""r365"", ""r90"", ""ras"", ""rec"", ""recScore"", ""rel"", ""risk"", ""scarcity"", ""score"", ""super"", ""ub"", ""value"", ""year""]"
secret_lair,SL-C0418534DE36CF,,"Far Out, Man - Traditional Foil Edition — Foil Edition",far out man traditional foil edition foil edition,secret_lair,52.17,,,,0.2427,,,,,,,,,,76.25,,52.21,,0.0,"[""annRet"", ""artist"", ""compRank"", ""compScore"", ""conf"", ""covStatus"", ""dataConf"", ""dd"", ""drop"", ""family"", ""finish"", ""hist"", ""id"", ""incRet"", ""ipArtist"", ""liq"", ""mom"", ""msrp"", ""name"", ""obs"", ""peak"", ""price"", ""r30"", ""r365"", ""r90"", ""ras"", ""rec"", ""recScore"", ""rel"", ""risk"", ""scarcity"", ""score"", ""super"", ""ub"", ""value"", ""year""]"
secret_lair,SL-2B40642CD07C6B,,"Warhammer 40,000: Orks - Traditional Foil Edition — Foil Edition",warhammer 40 000 orks traditional foil edition foil edition,secret_lair,184.89,,,,0.3995,,,,,,,,,,76.25,,54.38,,0.0,"[""annRet"", ""artist"", ""compRank"", ""compScore"", ""conf"", ""covStatus"", ""dataConf"", ""dd"", ""drop"", ""family"", ""finish"", ""hist"", ""id"", ""incRet"", ""ipArtist"", ""liq"", ""mom"", ""msrp"", ""name"", ""obs"", ""peak"", ""price"", ""r30"", ""r365"", ""r90"", ""ras"", ""rec"", ""recScore"", ""rel"", ""risk"", ""scarcity"", ""score"", ""super"", ""ub"", ""value"", ""year""]"
secret_lair,SL-031591793B58D2,,Special Guest: Kozyndan: The Lands - Traditional Foil Edition — Foil Edition,special guest kozyndan the lands traditional foil edition foil edition,secret_lair,80.01,,,,0.1083,,,,,,,,,,76.25,,51.49,,-0.1315,"[""annRet"", ""artist"", ""compRank"", ""compScore"", ""conf"", ""covStatus"", ""dataConf"", ""dd"", ""drop"", ""family"", ""finish"", ""hist"", ""id"", ""incRet"", ""ipArtist"", ""liq"", ""mom"", ""msrp"", ""name"", ""obs"", ""peak"", ""price"", ""r30"", ""r365"", ""r90"", ""ras"", ""rec"", ""recScore"", ""rel"", ""risk"", ""scarcity"", ""score"", ""super"", ""ub"", ""value"", ""year""]"
secret_lair,SL-690BF3733992EE,,Special Guest: Jen Bartel - Traditional Foil Edition — Foil Edition,special guest jen bartel traditional foil edition foil edition,secret_lair,66.8,,,,0.2322,,,,,,,,,,76.25,,51.56,,-0.0137,"[""annRet"", ""artist"", ""compRank"", ""compScore"", ""conf"", ""covStatus"", ""dataConf"", ""dd"", ""drop"", ""family"", ""finish"", ""hist"", ""id"", ""incRet"", ""ipArtist"", ""liq"", ""mom"", ""msrp"", ""name"", ""obs"", ""peak"", ""price"", ""r30"", ""r365"", ""r90"", ""ras"", ""rec"", ""recScore"", ""rel"", ""risk"", ""scarcity"", ""score"", ""super"", ""ub"", ""value"", ""year""]"
secret_lair,SL-8741607914304D,,Special Guest: Junji Ito (English) - Foil Etched Edition — Foil Edition,special guest junji ito english foil etched edition foil edition,secret_lair,214.92,,,,0.3435,,,,,,,,,,76.25,,54.09,,0.0,"[""annRet"", ""artist"", ""compRank"", ""compScore"", ""conf"", ""covStatus"", ""dataConf"", ""dd"", ""drop"", ""family"", ""finish"", ""hist"", ""id"", ""incRet"", ""ipArtist"", ""liq"", ""mom"", ""msrp"", ""name"", ""obs"", ""peak"", ""price"", ""r30"", ""r365"", ""r90"", ""ras"", ""rec"", ""recScore"", ""rel"", ""risk"", ""scarcity"", ""score"", ""super"", ""ub"", ""value"", ""year""]"
secret_lair,SL-A82BC05ADED8C7,,Showcase: Read The Fine Print - Foil Etched Edition — Foil Edition,showcase read the fine print foil etched edition foil edition,secret_lair,52.03,,,,0.2577,,,,,,,,,,76.25,,52.16,,0.0,"[""annRet"", ""artist"", ""compRank"", ""compScore"", ""conf"", ""covStatus"", ""dataConf"", ""dd"", ""drop"", ""family"", ""finish"", ""hist"", ""id"", ""incRet"", ""ipArtist"", ""liq"", ""mom"", ""msrp"", ""name"", ""obs"", ""peak"", ""price"", ""r30"", ""r365"", ""r90"", ""ras"", ""rec"", ""recScore"", ""rel"", ""risk"", ""scarcity"", ""score"", ""super"", ""ub"", ""value"", ""year""]"
secret_lair,SL-58CA1F11EE3BE3,,Showcase: Murders at Karlov Manor - Rainbow Foil Edition — Foil Edition,showcase murders at karlov manor rainbow foil edition foil edition,secret_lair,30.41,,,,0.299,,,,,,,,,,76.25,,54.53,,-0.6199,"[""annRet"", ""artist"", ""compRank"", ""compScore"", ""conf"", ""covStatus"", ""dataConf"", ""dd"", ""drop"", ""family"", ""finish"", ""hist"", ""id"", ""incRet"", ""ipArtist"", ""liq"", ""mom"", ""msrp"", ""name"", ""obs"", ""peak"", ""price"", ""r30"", ""r365"", ""r90"", ""ras"", ""rec"", ""recScore"", ""rel"", ""risk"", ""scarcity"", ""score"", ""super"", ""ub"", ""value"", ""year""]"
secret_lair,SL-839B89840B6DBF,,The Stars Gaze Back - Traditional Foil Edition — Foil Edition,the stars gaze back traditional foil edition foil edition,secret_lair,105.67,,,,0.9077,,,,,,,,,,76.25,,57.53,,0.0,"[""annRet"", ""artist"", ""compRank"", ""compScore"", ""conf"", ""covStatus"", ""dataConf"", ""dd"", ""drop"", ""family"", ""finish"", ""hist"", ""id"", ""incRet"", ""ipArtist"", ""liq"", ""mom"", ""msrp"", ""name"", ""obs"", ""peak"", ""price"", ""r30"", ""r365"", ""r90"", ""ras"", ""rec"", ""recScore"", ""rel"", ""risk"", ""scarcity"", ""score"", ""super"", ""ub"", ""value"", ""year""]"
secret_lair,SL-20EA4A771B3569,3569,Theros Stargazing: Vol.IV (Purphoros) - Traditional Foil Edition — Foil Edition,theros stargazing vol iv purphoros traditional foil edition foil edition,secret_lair,100.48,,,,0.7256,,,,,,,,,,76.25,,57.04,,0.0,"[""annRet"", ""artist"", ""compRank"", ""compScore"", ""conf"", ""covStatus"", ""dataConf"", ""dd"", ""drop"", ""family"", ""finish"", ""hist"", ""id"", ""incRet"", ""ipArtist"", ""liq"", ""mom"", ""msrp"", ""name"", ""obs"", ""peak"", ""price"", ""r30"", ""r365"", ""r90"", ""ras"", ""rec"", ""recScore"", ""rel"", ""risk"", ""scarcity"", ""score"", ""super"", ""ub"", ""value"", ""year""]"
secret_lair,SL-732A9E59B24774,24774,Valentine's Day 2021 - Replacement Heliod Pack - Traditional Foil Edition — Foil Edition,valentine s day 2021 replacement heliod pack traditional foil edition foil edition,secret_lair,29.05,,,,0.0143,,,,,,,,,,76.25,,52.14,,-0.1824,"[""annRet"", ""artist"", ""compRank"", ""compScore"", ""conf"", ""covStatus"", ""dataConf"", ""dd"", ""drop"", ""family"", ""finish"", ""hist"", ""id"", ""incRet"", ""ipArtist"", ""liq"", ""mom"", ""msrp"", ""name"", ""obs"", ""peak"", ""price"", ""r30"", ""r365"", ""r90"", ""ras"", ""rec"", ""recScore"", ""rel"", ""risk"", ""scarcity"", ""score"", ""super"", ""ub"", ""value"", ""year""]"
secret_lair,SL-0EA9F010F7F403,,Year of the Rat - Traditional Foil Edition — Foil Edition,year of the rat traditional foil edition foil edition,secret_lair,141.28,,,,0.0839,,,,,,,,,,76.25,,52.69,,-0.0307,"[""annRet"", ""artist"", ""compRank"", ""compScore"", ""conf"", ""covStatus"", ""dataConf"", ""dd"", ""drop"", ""family"", ""finish"", ""hist"", ""id"", ""incRet"", ""ipArtist"", ""liq"", ""mom"", ""msrp"", ""name"", ""obs"", ""peak"", ""price"", ""r30"", ""r365"", ""r90"", ""ras"", ""rec"", ""recScore"", ""rel"", ""risk"", ""scarcity"", ""score"", ""super"", ""ub"", ""value"", ""year""]"
secret_lair,SL-31EB85A6AF4F60,,February Superdrop - Street Fighter - Traditional Foil Edition — Foil Edition,february superdrop street fighter traditional foil edition foil edition,secret_lair,88.12,,,,0.1129,,,,,,,,,,76.25,,52.28,,0.0,"[""annRet"", ""artist"", ""compRank"", ""compScore"", ""conf"", ""covStatus"", ""dataConf"", ""dd"", ""drop"", ""family"", ""finish"", ""hist"", ""id"", ""incRet"", ""ipArtist"", ""liq"", ""mom"", ""msrp"", ""name"", ""obs"", ""peak"", ""price"", ""r30"", ""r365"", ""r90"", ""ras"", ""rec"", ""recScore"", ""rel"", ""risk"", ""scarcity"", ""score"", ""super"", ""ub"", ""value"", ""year""]"
secret_lair,SL-51F6FE2831BC59,,Transformers: Roll Out or Rise Up - Traditional Foil Edition — Foil Edition,transformers roll out or rise up traditional foil edition foil edition,secret_lair,118.31,,,,0.1842,,,,,,,,,,76.25,,52.71,,0.0,"[""annRet"", ""artist"", ""compRank"", ""compScore"", ""conf"", ""covStatus"", ""dataConf"", ""dd"", ""drop"", ""family"", ""finish"", ""hist"", ""id"", ""incRet"", ""ipArtist"", ""liq"", ""mom"", ""msrp"", ""name"", ""obs"", ""peak"", ""price"", ""r30"", ""r365"", ""r90"", ""ras"", ""rec"", ""recScore"", ""rel"", ""risk"", ""scarcity"", ""score"", ""super"", ""ub"", ""value"", ""year""]"
secret_lair,SL-B483A5C23B7FF5,,Hard-Boiled Thrillers - Non-Foil Edition — Nonfoil Edition,hard boiled thrillers non foil edition nonfoil edition,secret_lair,61.42,,,,0.7229,,,,,,,,,,76.25,,58.89,,0.0,"[""annRet"", ""artist"", ""compRank"", ""compScore"", ""conf"", ""covStatus"", ""dataConf"", ""dd"", ""drop"", ""family"", ""finish"", ""hist"", ""id"", ""incRet"", ""ipArtist"", ""liq"", ""mom"", ""msrp"", ""name"", ""obs"", ""peak"", ""price"", ""r30"", ""r365"", ""r90"", ""ras"", ""rec"", ""recScore"", ""rel"", ""risk"", ""scarcity"", ""score"", ""super"", ""ub"", ""value"", ""year""]"
secret_lair,SL-C72D4B2E5B3130,3130,Mother's Day 2021 - Non-Foil Edition — Nonfoil Edition,mother s day 2021 non foil edition nonfoil edition,secret_lair,43.66,,,,0.6444,,,,,,,,,,76.25,,57.73,,0.0,"[""annRet"", ""artist"", ""compRank"", ""compScore"", ""conf"", ""covStatus"", ""dataConf"", ""dd"", ""drop"", ""family"", ""finish"", ""hist"", ""id"", ""incRet"", ""ipArtist"", ""liq"", ""mom"", ""msrp"", ""name"", ""obs"", ""peak"", ""price"", ""r30"", ""r365"", ""r90"", ""ras"", ""rec"", ""recScore"", ""rel"", ""risk"", ""scarcity"", ""score"", ""super"", ""ub"", ""value"", ""year""]"
secret_lair,SL-7B6BF7476036E4,,Magic: The Baseballing - Traditional Foil Edition — Foil Edition,magic the baseballing traditional foil edition foil edition,secret_lair,105.13,,,,0.1763,,,,,,,,,,76.25,,52.54,,0.0,"[""annRet"", ""artist"", ""compRank"", ""compScore"", ""conf"", ""covStatus"", ""dataConf"", ""dd"", ""drop"", ""family"", ""finish"", ""hist"", ""id"", ""incRet"", ""ipArtist"", ""liq"", ""mom"", ""msrp"", ""name"", ""obs"", ""peak"", ""price"", ""r30"", ""r365"", ""r90"", ""ras"", ""rec"", ""recScore"", ""rel"", ""risk"", ""scarcity"", ""score"", ""super"", ""ub"", ""value"", ""year""]"
secret_lair,SL-789447B652E3B8,,More Adventures in Middle-earth - Traditional Foil Edition — Foil Edition,more adventures in middle earth traditional foil edition foil edition,secret_lair,76.62,,,,0.2017,,,,,,,,,,76.25,,51.48,,0.0,"[""annRet"", ""artist"", ""compRank"", ""compScore"", ""conf"", ""covStatus"", ""dataConf"", ""dd"", ""drop"", ""family"", ""finish"", ""hist"", ""id"", ""incRet"", ""ipArtist"", ""liq"", ""mom"", ""msrp"", ""name"", ""obs"", ""peak"", ""price"", ""r30"", ""r365"", ""r90"", ""ras"", ""rec"", ""recScore"", ""rel"", ""risk"", ""scarcity"", ""score"", ""super"", ""ub"", ""value"", ""year""]"
secret_lair,SL-226F557D91DE6E,,Wizards of the Street - Traditional Foil Edition — Foil Edition,wizards of the street traditional foil edition foil edition,secret_lair,49.07,,,,0.3784,,,,,,,,,,76.25,,52.98,,-0.1272,"[""annRet"", ""artist"", ""compRank"", ""compScore"", ""conf"", ""covStatus"", ""dataConf"", ""dd"", ""drop"", ""family"", ""finish"", ""hist"", ""id"", ""incRet"", ""ipArtist"", ""liq"", ""mom"", ""msrp"", ""name"", ""obs"", ""peak"", ""price"", ""r30"", ""r365"", ""r90"", ""ras"", ""rec"", ""recScore"", ""rel"", ""risk"", ""scarcity"", ""score"", ""super"", ""ub"", ""value"", ""year""]"
secret_lair,SL-3BCA01B6A36AD0,,PixelSnowLands.jpg - Traditional Foil Edition — Foil Edition,pixelsnowlands jpg traditional foil edition foil edition,secret_lair,50.63,,,,0.1284,,,,,,,,,,76.25,,51.23,,0.0,"[""annRet"", ""artist"", ""compRank"", ""compScore"", ""conf"", ""covStatus"", ""dataConf"", ""dd"", ""drop"", ""family"", ""finish"", ""hist"", ""id"", ""incRet"", ""ipArtist"", ""liq"", ""mom"", ""msrp"", ""name"", ""obs"", ""peak"", ""price"", ""r30"", ""r365"", ""r90"", ""ras"", ""rec"", ""recScore"", ""rel"", ""risk"", ""scarcity"", ""score"", ""super"", ""ub"", ""value"", ""year""]"
secret_lair,SL-25FFECED0CE8DE,,Showcase: The Lost Caverns of Ixalan - Rainbow Foil Edition — Foil Edition,showcase the lost caverns of ixalan rainbow foil edition foil edition,secret_lair,49.06,,,,0.0642,,,,,,,,,,76.25,,50.84,,0.0,"[""annRet"", ""artist"", ""compRank"", ""compScore"", ""conf"", ""covStatus"", ""dataConf"", ""dd"", ""drop"", ""family"", ""finish"", ""hist"", ""id"", ""incRet"", ""ipArtist"", ""liq"", ""mom"", ""msrp"", ""name"", ""obs"", ""peak"", ""price"", ""r30"", ""r365"", ""r90"", ""ras"", ""rec"", ""recScore"", ""rel"", ""risk"", ""scarcity"", ""score"", ""super"", ""ub"", ""value"", ""year""]"
secret_lair,SL-1051ECFDCBF5AF,,Math Is For Blockers - Traditional Foil Edition — Foil Edition,math is for blockers traditional foil edition foil edition,secret_lair,26.75,,,,0.0927,,,,,,,,,,76.25,,52.0,,-0.3565,"[""annRet"", ""artist"", ""compRank"", ""compScore"", ""conf"", ""covStatus"", ""dataConf"", ""dd"", ""drop"", ""family"", ""finish"", ""hist"", ""id"", ""incRet"", ""ipArtist"", ""liq"", ""mom"", ""msrp"", ""name"", ""obs"", ""peak"", ""price"", ""r30"", ""r365"", ""r90"", ""ras"", ""rec"", ""recScore"", ""rel"", ""risk"", ""scarcity"", ""score"", ""super"", ""ub"", ""value"", ""year""]"
secret_lair,SL-90725EB2DB66FA,,Welcome to Castle Dracula - Traditional Foil Edition — Foil Edition,welcome to castle dracula traditional foil edition foil edition,secret_lair,93.03,,,,0.0991,,,,,,,,,,76.25,,51.99,,0.0,"[""annRet"", ""artist"", ""compRank"", ""compScore"", ""conf"", ""covStatus"", ""dataConf"", ""dd"", ""drop"", ""family"", ""finish"", ""hist"", ""id"", ""incRet"", ""ipArtist"", ""liq"", ""mom"", ""msrp"", ""name"", ""obs"", ""peak"", ""price"", ""r30"", ""r365"", ""r90"", ""ras"", ""rec"", ""recScore"", ""rel"", ""risk"", ""scarcity"", ""score"", ""super"", ""ub"", ""value"", ""year""]"
secret_lair,SL-CBFED1F92A630D,,Showcase: Read The Fine Print - Traditional Foil Edition — Foil Edition,showcase read the fine print traditional foil edition foil edition,secret_lair,37.96,,,,0.2653,,,,,,,,,,76.25,,51.29,,-0.0574,"[""annRet"", ""artist"", ""compRank"", ""compScore"", ""conf"", ""covStatus"", ""dataConf"", ""dd"", ""drop"", ""family"", ""finish"", ""hist"", ""id"", ""incRet"", ""ipArtist"", ""liq"", ""mom"", ""msrp"", ""name"", ""obs"", ""peak"", ""price"", ""r30"", ""r365"", ""r90"", ""ras"", ""rec"", ""recScore"", ""rel"", ""risk"", ""scarcity"", ""score"", ""super"", ""ub"", ""value"", ""year""]"
secret_lair,SL-AD7D0C2C8E16D2,,Monty Python: Monty Python and the Holy Grail: Vol. 1 - Traditional Foil Edition — Foil Edition,monty python monty python and the holy grail vol 1 traditional foil edition foil edition,secret_lair,176.23,,,,0.3455,,,,,,,,,,76.25,,54.55,,-0.2307,"[""annRet"", ""artist"", ""compRank"", ""compScore"", ""conf"", ""covStatus"", ""dataConf"", ""dd"", ""drop"", ""family"", ""finish"", ""hist"", ""id"", ""incRet"", ""ipArtist"", ""liq"", ""mom"", ""msrp"", ""name"", ""obs"", ""peak"", ""price"", ""r30"", ""r365"", ""r90"", ""ras"", ""rec"", ""recScore"", ""rel"", ""risk"", ""scarcity"", ""score"", ""super"", ""ub"", ""value"", ""year""]"
secret_lair,SL-FA6223566C7B76,,NALAC Nuestra Magia (Rainbow Foil) — Foil Edition,nalac nuestra magia rainbow foil foil edition,secret_lair,74.33,,,,0.2598,,,,,,,,,,76.25,,52.2,,-0.0068,"[""annRet"", ""artist"", ""compRank"", ""compScore"", ""conf"", ""covStatus"", ""dataConf"", ""dd"", ""drop"", ""family"", ""finish"", ""hist"", ""id"", ""incRet"", ""ipArtist"", ""liq"", ""mom"", ""msrp"", ""name"", ""obs"", ""peak"", ""price"", ""r30"", ""r365"", ""r90"", ""ras"", ""rec"", ""recScore"", ""rel"", ""risk"", ""scarcity"", ""score"", ""super"", ""ub"", ""value"", ""year""]"
secret_lair,SL-9026C39DC2D584,,Equinox Superdrop 2024: Fallout Bundle - Foil Edition — Foil Edition,equinox superdrop 2024 fallout bundle foil edition foil edition,secret_lair,415.27,,,,0.4566,,,,,,,,,,76.25,,54.28,,0.0,"[""annRet"", ""artist"", ""compRank"", ""compScore"", ""conf"", ""covStatus"", ""dataConf"", ""dd"", ""drop"", ""family"", ""finish"", ""hist"", ""id"", ""incRet"", ""ipArtist"", ""liq"", ""mom"", ""msrp"", ""name"", ""obs"", ""peak"", ""price"", ""r30"", ""r365"", ""r90"", ""ras"", ""rec"", ""recScore"", ""rel"", ""risk"", ""scarcity"", ""score"", ""super"", ""ub"", ""value"", ""year""]"
secret_lair,SL-B9248149A4056B,,Draw Your Hand - Traditional Foil Edition — Foil Edition,draw your hand traditional foil edition foil edition,secret_lair,62.53,,,,0.2671,,,,,,,,,,76.25,,51.29,,-0.0187,"[""annRet"", ""artist"", ""compRank"", ""compScore"", ""conf"", ""covStatus"", ""dataConf"", ""dd"", ""drop"", ""family"", ""finish"", ""hist"", ""id"", ""incRet"", ""ipArtist"", ""liq"", ""mom"", ""msrp"", ""name"", ""obs"", ""peak"", ""price"", ""r30"", ""r365"", ""r90"", ""ras"", ""rec"", ""recScore"", ""rel"", ""risk"", ""scarcity"", ""score"", ""super"", ""ub"", ""value"", ""year""]"
secret_lair,SL-72C515905E7352,7352,Marvel's Black Panther - Rainbow Foil Edition — Foil Edition,marvel s black panther rainbow foil edition foil edition,secret_lair,52.71,,,,0.3641,,,,,,,,,,76.25,,53.39,,0.0,"[""annRet"", ""artist"", ""compRank"", ""compScore"", ""conf"", ""covStatus"", ""dataConf"", ""dd"", ""drop"", ""family"", ""finish"", ""hist"", ""id"", ""incRet"", ""ipArtist"", ""liq"", ""mom"", ""msrp"", ""name"", ""obs"", ""peak"", ""price"", ""r30"", ""r365"", ""r90"", ""ras"", ""rec"", ""recScore"", ""rel"", ""risk"", ""scarcity"", ""score"", ""super"", ""ub"", ""value"", ""year""]"
secret_lair,SL-892D977231D36E,,Summer Superdrop - Can You Feel with a Heart of Steel? - Traditional Foil Edition — Foil Edition,summer superdrop can you feel with a heart of steel traditional foil edition foil edition,secret_lair,40.59,,,,0.2077,,,,,,,,,,76.25,,51.2,,-0.0895,"[""annRet"", ""artist"", ""compRank"", ""compScore"", ""conf"", ""covStatus"", ""dataConf"", ""dd"", ""drop"", ""family"", ""finish"", ""hist"", ""id"", ""incRet"", ""ipArtist"", ""liq"", ""mom"", ""msrp"", ""name"", ""obs"", ""peak"", ""price"", ""r30"", ""r365"", ""r90"", ""ras"", ""rec"", ""recScore"", ""rel"", ""risk"", ""scarcity"", ""score"", ""super"", ""ub"", ""value"", ""year""]"
secret_lair,SL-7184A0B63B1E9E,,Cats Are Better Than Dogs - Non-Foil Edition — Nonfoil Edition,cats are better than dogs non foil edition nonfoil edition,secret_lair,113.59,,,,0.5678,,,,,,,,,,76.25,,58.6,,0.0,"[""annRet"", ""artist"", ""compRank"", ""compScore"", ""conf"", ""covStatus"", ""dataConf"", ""dd"", ""drop"", ""family"", ""finish"", ""hist"", ""id"", ""incRet"", ""ipArtist"", ""liq"", ""mom"", ""msrp"", ""name"", ""obs"", ""peak"", ""price"", ""r30"", ""r365"", ""r90"", ""ras"", ""rec"", ""recScore"", ""rel"", ""risk"", ""scarcity"", ""score"", ""super"", ""ub"", ""value"", ""year""]"
secret_lair,SL-5A4A678A238B50,,Artist Series: Kev Walker - Traditional Foil Edition — Foil Edition,artist series kev walker traditional foil edition foil edition,secret_lair,59.64,,,,0.1046,,,,,,,,,,76.25,,50.08,,-0.1527,"[""annRet"", ""artist"", ""compRank"", ""compScore"", ""conf"", ""covStatus"", ""dataConf"", ""dd"", ""drop"", ""family"", ""finish"", ""hist"", ""id"", ""incRet"", ""ipArtist"", ""liq"", ""mom"", ""msrp"", ""name"", ""obs"", ""peak"", ""price"", ""r30"", ""r365"", ""r90"", ""ras"", ""rec"", ""recScore"", ""rel"", ""risk"", ""scarcity"", ""score"", ""super"", ""ub"", ""value"", ""year""]"
secret_lair,SL-A57E7603094331,7603094331,Summer Superdrop 2024: The Stage with Foils Bundle — Foil Edition,summer superdrop 2024 the stage with foils bundle foil edition,secret_lair,1049.98,,,,1.625,,,,,,,,,,71.25,,60.86,,0.0,"[""annRet"", ""artist"", ""compRank"", ""compScore"", ""conf"", ""covStatus"", ""dataConf"", ""dd"", ""drop"", ""family"", ""finish"", ""hist"", ""id"", ""incRet"", ""ipArtist"", ""liq"", ""mom"", ""msrp"", ""name"", ""obs"", ""peak"", ""price"", ""r30"", ""r365"", ""r90"", ""ras"", ""rec"", ""recScore"", ""rel"", ""risk"", ""scarcity"", ""score"", ""super"", ""ub"", ""value"", ""year""]"
secret_lair,SL-FA3D9482741C16,,Black is Magic - Traditional Foil Edition — Foil Edition,black is magic traditional foil edition foil edition,secret_lair,62.02,,,,0.132,,,,,,,,,,76.25,,52.47,,0.0,"[""annRet"", ""artist"", ""compRank"", ""compScore"", ""conf"", ""covStatus"", ""dataConf"", ""dd"", ""drop"", ""family"", ""finish"", ""hist"", ""id"", ""incRet"", ""ipArtist"", ""liq"", ""mom"", ""msrp"", ""name"", ""obs"", ""peak"", ""price"", ""r30"", ""r365"", ""r90"", ""ras"", ""rec"", ""recScore"", ""rel"", ""risk"", ""scarcity"", ""score"", ""super"", ""ub"", ""value"", ""year""]"
secret_lair,SL-F70A9FB130F172,,Just Add Milk - Traditional Foil Edition — Foil Edition,just add milk traditional foil edition foil edition,secret_lair,69.82,,,,0.1613,,,,,,,,,,76.25,,52.49,,-0.0077,"[""annRet"", ""artist"", ""compRank"", ""compScore"", ""conf"", ""covStatus"", ""dataConf"", ""dd"", ""drop"", ""family"", ""finish"", ""hist"", ""id"", ""incRet"", ""ipArtist"", ""liq"", ""mom"", ""msrp"", ""name"", ""obs"", ""peak"", ""price"", ""r30"", ""r365"", ""r90"", ""ras"", ""rec"", ""recScore"", ""rel"", ""risk"", ""scarcity"", ""score"", ""super"", ""ub"", ""value"", ""year""]"
secret_lair,SL-CED357C3AB21E8,,The Art of Frank Frazetta - Traditional Foil Edition — Foil Edition,the art of frank frazetta traditional foil edition foil edition,secret_lair,396.4,,,,0.7281,,,,,,,,,,76.25,,54.63,,-0.022,"[""annRet"", ""artist"", ""compRank"", ""compScore"", ""conf"", ""covStatus"", ""dataConf"", ""dd"", ""drop"", ""family"", ""finish"", ""hist"", ""id"", ""incRet"", ""ipArtist"", ""liq"", ""mom"", ""msrp"", ""name"", ""obs"", ""peak"", ""price"", ""r30"", ""r365"", ""r90"", ""ras"", ""rec"", ""recScore"", ""rel"", ""risk"", ""scarcity"", ""score"", ""super"", ""ub"", ""value"", ""year""]"
secret_lair,SL-75C9DE65D2674C,,"Keep Partying Hard, Shred Harder Than You Previously Thought Possible - Traditional Foil Edition — Foil Edition",keep partying hard shred harder than you previously thought possible traditional foil edition foil edition,secret_lair,90.96,,,,0.1729,,,,,,,,,,76.25,,51.94,,-0.0049,"[""annRet"", ""artist"", ""compRank"", ""compScore"", ""conf"", ""covStatus"", ""dataConf"", ""dd"", ""drop"", ""family"", ""finish"", ""hist"", ""id"", ""incRet"", ""ipArtist"", ""liq"", ""mom"", ""msrp"", ""name"", ""obs"", ""peak"", ""price"", ""r30"", ""r365"", ""r90"", ""ras"", ""rec"", ""recScore"", ""rel"", ""risk"", ""scarcity"", ""score"", ""super"", ""ub"", ""value"", ""year""]"
secret_lair,SL-C05D25C1CB85E9,,Now on VHS! - Traditional Foil Edition — Foil Edition,now on vhs traditional foil edition foil edition,secret_lair,105.31,,,,0.4081,,,,,,,,,,76.25,,53.18,,0.0,"[""annRet"", ""artist"", ""compRank"", ""compScore"", ""conf"", ""covStatus"", ""dataConf"", ""dd"", ""drop"", ""family"", ""finish"", ""hist"", ""id"", ""incRet"", ""ipArtist"", ""liq"", ""mom"", ""msrp"", ""name"", ""obs"", ""peak"", ""price"", ""r30"", ""r365"", ""r90"", ""ras"", ""rec"", ""recScore"", ""rel"", ""risk"", ""scarcity"", ""score"", ""super"", ""ub"", ""value"", ""year""]"
secret_lair,SL-2569BCFE16FD2C,,Every Dog Has Its Day - Traditional Foil Edition — Foil Edition,every dog has its day traditional foil edition foil edition,secret_lair,65.88,,,,0.1948,,,,,,,,,,76.25,,51.79,,-0.1281,"[""annRet"", ""artist"", ""compRank"", ""compScore"", ""conf"", ""covStatus"", ""dataConf"", ""dd"", ""drop"", ""family"", ""finish"", ""hist"", ""id"", ""incRet"", ""ipArtist"", ""liq"", ""mom"", ""msrp"", ""name"", ""obs"", ""peak"", ""price"", ""r30"", ""r365"", ""r90"", ""ras"", ""rec"", ""recScore"", ""rel"", ""risk"", ""scarcity"", ""score"", ""super"", ""ub"", ""value"", ""year""]"
secret_lair,SL-0CED568CA776CD,,Li'l'er Walkers - Traditional Foil Edition — Foil Edition,li l er walkers traditional foil edition foil edition,secret_lair,41.61,,,,0.0264,,,,,,,,,,76.25,,50.73,,-0.1836,"[""annRet"", ""artist"", ""compRank"", ""compScore"", ""conf"", ""covStatus"", ""dataConf"", ""dd"", ""drop"", ""family"", ""finish"", ""hist"", ""id"", ""incRet"", ""ipArtist"", ""liq"", ""mom"", ""msrp"", ""name"", ""obs"", ""peak"", ""price"", ""r30"", ""r365"", ""r90"", ""ras"", ""rec"", ""recScore"", ""rel"", ""risk"", ""scarcity"", ""score"", ""super"", ""ub"", ""value"", ""year""]"
secret_lair,SL-D68D9EB4249382,4249382,Secretversary Superdrop - A Box of Rocks - Traditional Foil Edition — Foil Edition,secretversary superdrop a box of rocks traditional foil edition foil edition,secret_lair,46.2,,,,0.4606,,,,,,,,,,76.25,,54.08,,-0.0457,"[""annRet"", ""artist"", ""compRank"", ""compScore"", ""conf"", ""covStatus"", ""dataConf"", ""dd"", ""drop"", ""family"", ""finish"", ""hist"", ""id"", ""incRet"", ""ipArtist"", ""liq"", ""mom"", ""msrp"", ""name"", ""obs"", ""peak"", ""price"", ""r30"", ""r365"", ""r90"", ""ras"", ""rec"", ""recScore"", ""rel"", ""risk"", ""scarcity"", ""score"", ""super"", ""ub"", ""value"", ""year""]"
secret_lair,SL-86693ED2B58D32,,Astrology Lands (Leo) - Traditional Foil Edition — Foil Edition,astrology lands leo traditional foil edition foil edition,secret_lair,67.98,,,,1.269,,,,,,,,,,71.25,,60.86,,0.0,"[""annRet"", ""artist"", ""compRank"", ""compScore"", ""conf"", ""covStatus"", ""dataConf"", ""dd"", ""drop"", ""family"", ""finish"", ""hist"", ""id"", ""incRet"", ""ipArtist"", ""liq"", ""mom"", ""msrp"", ""name"", ""obs"", ""peak"", ""price"", ""r30"", ""r365"", ""r90"", ""ras"", ""rec"", ""recScore"", ""rel"", ""risk"", ""scarcity"", ""score"", ""super"", ""ub"", ""value"", ""year""]"
secret_lair,SL-412C261AA45A1B,,Sonic the Hedgehog Superdrop: Friends & Foes (Rainbow Foil) — Foil Edition,sonic the hedgehog superdrop friends and foes rainbow foil foil edition,secret_lair,66.86,,,,,,,,,,,,,,75.73,,53.73,,0.0,"[""annRet"", ""artist"", ""compRank"", ""compScore"", ""conf"", ""covStatus"", ""dataConf"", ""dd"", ""drop"", ""family"", ""finish"", ""hist"", ""id"", ""incRet"", ""ipArtist"", ""liq"", ""mom"", ""msrp"", ""name"", ""obs"", ""peak"", ""price"", ""r30"", ""r365"", ""r90"", ""ras"", ""rec"", ""recScore"", ""rel"", ""risk"", ""scarcity"", ""score"", ""super"", ""ub"", ""value"", ""year""]"
secret_lair,SL-FB1FECB0690176,0690176,Pixel Perfect: Extra Life 2024 - Rainbow Foil Edition — Foil Edition,pixel perfect extra life 2024 rainbow foil edition foil edition,secret_lair,79.6,,,,0.3043,,,,,,,,,,76.25,,53.4,,-0.0189,"[""annRet"", ""artist"", ""compRank"", ""compScore"", ""conf"", ""covStatus"", ""dataConf"", ""dd"", ""drop"", ""family"", ""finish"", ""hist"", ""id"", ""incRet"", ""ipArtist"", ""liq"", ""mom"", ""msrp"", ""name"", ""obs"", ""peak"", ""price"", ""r30"", ""r365"", ""r90"", ""ras"", ""rec"", ""recScore"", ""rel"", ""risk"", ""scarcity"", ""score"", ""super"", ""ub"", ""value"", ""year""]"
secret_lair,SL-21979E71D302E5,,Festival in a Box Las Vegas 2025 - Slay the Day (Rainbow Foil) — Foil Edition,festival in a box las vegas 2025 slay the day rainbow foil foil edition,secret_lair,40.05,,,,-0.0842,,,,,,,,,,76.25,,50.67,,-0.0842,"[""annRet"", ""artist"", ""compRank"", ""compScore"", ""conf"", ""covStatus"", ""dataConf"", ""dd"", ""drop"", ""family"", ""finish"", ""hist"", ""id"", ""incRet"", ""ipArtist"", ""liq"", ""mom"", ""msrp"", ""name"", ""obs"", ""peak"", ""price"", ""r30"", ""r365"", ""r90"", ""ras"", ""rec"", ""recScore"", ""rel"", ""risk"", ""scarcity"", ""score"", ""super"", ""ub"", ""value"", ""year""]"
secret_lair,SL-F46976B12ECA22,,City Styles - Traditional Foil Edition — Foil Edition,city styles traditional foil edition foil edition,secret_lair,235.69,,,,0.3232,,,,,,,,,,76.25,,53.07,,0.0,"[""annRet"", ""artist"", ""compRank"", ""compScore"", ""conf"", ""covStatus"", ""dataConf"", ""dd"", ""drop"", ""family"", ""finish"", ""hist"", ""id"", ""incRet"", ""ipArtist"", ""liq"", ""mom"", ""msrp"", ""name"", ""obs"", ""peak"", ""price"", ""r30"", ""r365"", ""r90"", ""ras"", ""rec"", ""recScore"", ""rel"", ""risk"", ""scarcity"", ""score"", ""super"", ""ub"", ""value"", ""year""]"
secret_lair,SL-86A2BCC3D47BF2,,The Princess Bride - Non-Foil Edition — Nonfoil Edition,the princess bride non foil edition nonfoil edition,secret_lair,308.99,,,,0.5951,,,,,,,,,,76.25,,58.89,,0.0,"[""annRet"", ""artist"", ""compRank"", ""compScore"", ""conf"", ""covStatus"", ""dataConf"", ""dd"", ""drop"", ""family"", ""finish"", ""hist"", ""id"", ""incRet"", ""ipArtist"", ""liq"", ""mom"", ""msrp"", ""name"", ""obs"", ""peak"", ""price"", ""r30"", ""r365"", ""r90"", ""ras"", ""rec"", ""recScore"", ""rel"", ""risk"", ""scarcity"", ""score"", ""super"", ""ub"", ""value"", ""year""]"
secret_lair,SL-4AF544459E6E4D,,FINAL FANTASY: Grimoire - JP Rainbow Foil Edition — Foil Edition,final fantasy grimoire jp rainbow foil edition foil edition,secret_lair,44.61,,,,-0.1543,,,,,,,,,,76.25,,49.39,,-0.1543,"[""annRet"", ""artist"", ""compRank"", ""compScore"", ""conf"", ""covStatus"", ""dataConf"", ""dd"", ""drop"", ""family"", ""finish"", ""hist"", ""id"", ""incRet"", ""ipArtist"", ""liq"", ""mom"", ""msrp"", ""name"", ""obs"", ""peak"", ""price"", ""r30"", ""r365"", ""r90"", ""ras"", ""rec"", ""recScore"", ""rel"", ""risk"", ""scarcity"", ""score"", ""super"", ""ub"", ""value"", ""year""]"
secret_lair,SL-88061F345B7215,7215,Astrology Lands (Pisces) - Traditional Foil Edition — Foil Edition,astrology lands pisces traditional foil edition foil edition,secret_lair,33.0,,,,0.0309,,,,,,,,,,76.25,,51.48,,-0.527,"[""annRet"", ""artist"", ""compRank"", ""compScore"", ""conf"", ""covStatus"", ""dataConf"", ""dd"", ""drop"", ""family"", ""finish"", ""hist"", ""id"", ""incRet"", ""ipArtist"", ""liq"", ""mom"", ""msrp"", ""name"", ""obs"", ""peak"", ""price"", ""r30"", ""r365"", ""r90"", ""ras"", ""rec"", ""recScore"", ""rel"", ""risk"", ""scarcity"", ""score"", ""super"", ""ub"", ""value"", ""year""]"
secret_lair,SL-26D60205AA523A,,Fortnite - Traditional Foil Edition — Foil Edition,fortnite traditional foil edition foil edition,secret_lair,125.04,,,,0.2842,,,,,,,,,,76.25,,51.99,,-0.056,"[""annRet"", ""artist"", ""compRank"", ""compScore"", ""conf"", ""covStatus"", ""dataConf"", ""dd"", ""drop"", ""family"", ""finish"", ""hist"", ""id"", ""incRet"", ""ipArtist"", ""liq"", ""mom"", ""msrp"", ""name"", ""obs"", ""peak"", ""price"", ""r30"", ""r365"", ""r90"", ""ras"", ""rec"", ""recScore"", ""rel"", ""risk"", ""scarcity"", ""score"", ""super"", ""ub"", ""value"", ""year""]"
secret_lair,SL-64A5E2B73244AD,,Hatsune Miku: Digital Sensation JP - Rainbow Foil Edition — Foil Edition,hatsune miku digital sensation jp rainbow foil edition foil edition,secret_lair,65.08,,,,0.2384,,,,,,,,,,76.25,,56.07,,-0.6585,"[""annRet"", ""artist"", ""compRank"", ""compScore"", ""conf"", ""covStatus"", ""dataConf"", ""dd"", ""drop"", ""family"", ""finish"", ""hist"", ""id"", ""incRet"", ""ipArtist"", ""liq"", ""mom"", ""msrp"", ""name"", ""obs"", ""peak"", ""price"", ""r30"", ""r365"", ""r90"", ""ras"", ""rec"", ""recScore"", ""rel"", ""risk"", ""scarcity"", ""score"", ""super"", ""ub"", ""value"", ""year""]"
secret_lair,SL-B689085E2D41DE,,Warhammer Age of Sigmar - Non-Foil Edition — Nonfoil Edition,warhammer age of sigmar non foil edition nonfoil edition,secret_lair,134.35,,,,0.6714,,,,,,,,,,76.25,,58.89,,0.0,"[""annRet"", ""artist"", ""compRank"", ""compScore"", ""conf"", ""covStatus"", ""dataConf"", ""dd"", ""drop"", ""family"", ""finish"", ""hist"", ""id"", ""incRet"", ""ipArtist"", ""liq"", ""mom"", ""msrp"", ""name"", ""obs"", ""peak"", ""price"", ""r30"", ""r365"", ""r90"", ""ras"", ""rec"", ""recScore"", ""rel"", ""risk"", ""scarcity"", ""score"", ""super"", ""ub"", ""value"", ""year""]"
secret_lair,SL-2825A1B58F0B24,,February Superdrop - Special Guest: Yuko Shimizu - Non-Foil Edition — Nonfoil Edition,february superdrop special guest yuko shimizu non foil edition nonfoil edition,secret_lair,32.92,,,,0.3654,,,,,,,,,,76.25,,55.05,,0.0,"[""annRet"", ""artist"", ""compRank"", ""compScore"", ""conf"", ""covStatus"", ""dataConf"", ""dd"", ""drop"", ""family"", ""finish"", ""hist"", ""id"", ""incRet"", ""ipArtist"", ""liq"", ""mom"", ""msrp"", ""name"", ""obs"", ""peak"", ""price"", ""r30"", ""r365"", ""r90"", ""ras"", ""rec"", ""recScore"", ""rel"", ""risk"", ""scarcity"", ""score"", ""super"", ""ub"", ""value"", ""year""]"
secret_lair,SL-5460CC74A875D8,,Marvel Superdrop: The Astonishing Foil Bundle — Foil Edition,marvel superdrop the astonishing foil bundle foil edition,secret_lair,401.58,,,,0.1221,,,,,,,,,,76.25,,52.54,,-0.0021,"[""annRet"", ""artist"", ""compRank"", ""compScore"", ""conf"", ""covStatus"", ""dataConf"", ""dd"", ""drop"", ""family"", ""finish"", ""hist"", ""id"", ""incRet"", ""ipArtist"", ""liq"", ""mom"", ""msrp"", ""name"", ""obs"", ""peak"", ""price"", ""r30"", ""r365"", ""r90"", ""ras"", ""rec"", ""recScore"", ""rel"", ""risk"", ""scarcity"", ""score"", ""super"", ""ub"", ""value"", ""year""]"
secret_lair,SL-D80EFE168FB6A1,,Pride Across the Multiverse - Traditional Foil Edition — Foil Edition,pride across the multiverse traditional foil edition foil edition,secret_lair,94.3,,,,-0.0037,,,,,,,,,,76.25,,51.99,,-0.0926,"[""annRet"", ""artist"", ""compRank"", ""compScore"", ""conf"", ""covStatus"", ""dataConf"", ""dd"", ""drop"", ""family"", ""finish"", ""hist"", ""id"", ""incRet"", ""ipArtist"", ""liq"", ""mom"", ""msrp"", ""name"", ""obs"", ""peak"", ""price"", ""r30"", ""r365"", ""r90"", ""ras"", ""rec"", ""recScore"", ""rel"", ""risk"", ""scarcity"", ""score"", ""super"", ""ub"", ""value"", ""year""]"
secret_lair,SL-6E10E7A8BD8C2C,,Assassin's Creed: Da Vinci's Designs - Rainbow Foil Edition — Foil Edition,assassin s creed da vinci s designs rainbow foil edition foil edition,secret_lair,90.2,,,,0.5224,,,,,,,,,,76.25,,56.53,,-0.4987,"[""annRet"", ""artist"", ""compRank"", ""compScore"", ""conf"", ""covStatus"", ""dataConf"", ""dd"", ""drop"", ""family"", ""finish"", ""hist"", ""id"", ""incRet"", ""ipArtist"", ""liq"", ""mom"", ""msrp"", ""name"", ""obs"", ""peak"", ""price"", ""r30"", ""r365"", ""r90"", ""ras"", ""rec"", ""recScore"", ""rel"", ""risk"", ""scarcity"", ""score"", ""super"", ""ub"", ""value"", ""year""]"
secret_lair,SL-41DAD3A3B372D8,,February Superdrop - Li'l Walkers - Traditional Foil Edition — Foil Edition,february superdrop li l walkers traditional foil edition foil edition,secret_lair,45.03,,,,-0.0202,,,,,,,,,,76.25,,49.84,,-0.1534,"[""annRet"", ""artist"", ""compRank"", ""compScore"", ""conf"", ""covStatus"", ""dataConf"", ""dd"", ""drop"", ""family"", ""finish"", ""hist"", ""id"", ""incRet"", ""ipArtist"", ""liq"", ""mom"", ""msrp"", ""name"", ""obs"", ""peak"", ""price"", ""r30"", ""r365"", ""r90"", ""ras"", ""rec"", ""recScore"", ""rel"", ""risk"", ""scarcity"", ""score"", ""super"", ""ub"", ""value"", ""year""]"
secret_lair,SL-C07200E6FB8843,8843,Chucky - Traditional Foil Edition — Foil Edition,chucky traditional foil edition foil edition,secret_lair,72.1,,,,0.5122,,,,,,,,,,76.25,,56.37,,-0.5112,"[""annRet"", ""artist"", ""compRank"", ""compScore"", ""conf"", ""covStatus"", ""dataConf"", ""dd"", ""drop"", ""family"", ""finish"", ""hist"", ""id"", ""incRet"", ""ipArtist"", ""liq"", ""mom"", ""msrp"", ""name"", ""obs"", ""peak"", ""price"", ""r30"", ""r365"", ""r90"", ""ras"", ""rec"", ""recScore"", ""rel"", ""risk"", ""scarcity"", ""score"", ""super"", ""ub"", ""value"", ""year""]"
secret_lair,SL-6C1B3964A65485,65485,Featuring: Julie Bell - Rainbow Foil Edition — Foil Edition,featuring julie bell rainbow foil edition foil edition,secret_lair,44.95,,,,0.2452,,,,,,,,,,76.25,,54.58,,-0.7752,"[""annRet"", ""artist"", ""compRank"", ""compScore"", ""conf"", ""covStatus"", ""dataConf"", ""dd"", ""drop"", ""family"", ""finish"", ""hist"", ""id"", ""incRet"", ""ipArtist"", ""liq"", ""mom"", ""msrp"", ""name"", ""obs"", ""peak"", ""price"", ""r30"", ""r365"", ""r90"", ""ras"", ""rec"", ""recScore"", ""rel"", ""risk"", ""scarcity"", ""score"", ""super"", ""ub"", ""value"", ""year""]"
secret_lair,SL-BA53143C1DDB56,,Nature is Adorable - Traditional Foil Edition — Foil Edition,nature is adorable traditional foil edition foil edition,secret_lair,41.52,,,,0.1394,,,,,,,,,,76.25,,51.36,,0.0,"[""annRet"", ""artist"", ""compRank"", ""compScore"", ""conf"", ""covStatus"", ""dataConf"", ""dd"", ""drop"", ""family"", ""finish"", ""hist"", ""id"", ""incRet"", ""ipArtist"", ""liq"", ""mom"", ""msrp"", ""name"", ""obs"", ""peak"", ""price"", ""r30"", ""r365"", ""r90"", ""ras"", ""rec"", ""recScore"", ""rel"", ""risk"", ""scarcity"", ""score"", ""super"", ""ub"", ""value"", ""year""]"
secret_lair,SL-FCAEA5C157AA2D,,Hatsune Miku: Sakura Superstar EN - Non-Foil Edition — Nonfoil Edition,hatsune miku sakura superstar en non foil edition nonfoil edition,secret_lair,142.48,,,,0.5619,,,,,,,,,,76.25,,58.89,,-0.1604,"[""annRet"", ""artist"", ""compRank"", ""compScore"", ""conf"", ""covStatus"", ""dataConf"", ""dd"", ""drop"", ""family"", ""finish"", ""hist"", ""id"", ""incRet"", ""ipArtist"", ""liq"", ""mom"", ""msrp"", ""name"", ""obs"", ""peak"", ""price"", ""r30"", ""r365"", ""r90"", ""ras"", ""rec"", ""recScore"", ""rel"", ""risk"", ""scarcity"", ""score"", ""super"", ""ub"", ""value"", ""year""]"
secret_lair,SL-96BE56C157011C,,Showcase: Zendikar Revisited - Traditional Foil Edition — Foil Edition,showcase zendikar revisited traditional foil edition foil edition,secret_lair,98.29,,,,0.1291,,,,,,,,,,76.25,,51.32,,-0.0024,"[""annRet"", ""artist"", ""compRank"", ""compScore"", ""conf"", ""covStatus"", ""dataConf"", ""dd"", ""drop"", ""family"", ""finish"", ""hist"", ""id"", ""incRet"", ""ipArtist"", ""liq"", ""mom"", ""msrp"", ""name"", ""obs"", ""peak"", ""price"", ""r30"", ""r365"", ""r90"", ""ras"", ""rec"", ""recScore"", ""rel"", ""risk"", ""scarcity"", ""score"", ""super"", ""ub"", ""value"", ""year""]"
secret_lair,SL-2B046AC7FBA460,,Arcane: Lands - Traditional Foil Edition — Foil Edition,arcane lands traditional foil edition foil edition,secret_lair,36.17,,,,-0.0461,,,,,,,,,,76.25,,48.28,,-0.0831,"[""annRet"", ""artist"", ""compRank"", ""compScore"", ""conf"", ""covStatus"", ""dataConf"", ""dd"", ""drop"", ""family"", ""finish"", ""hist"", ""id"", ""incRet"", ""ipArtist"", ""liq"", ""mom"", ""msrp"", ""name"", ""obs"", ""peak"", ""price"", ""r30"", ""r365"", ""r90"", ""ras"", ""rec"", ""recScore"", ""rel"", ""risk"", ""scarcity"", ""score"", ""super"", ""ub"", ""value"", ""year""]"
secret_lair,SL-BF202C705FA210,,The Strange Sands: Forest - Rainbow Foil Edition — Foil Edition,the strange sands forest rainbow foil edition foil edition,secret_lair,68.0,,,,0.8231,,,,,,,,,,76.25,,54.31,,-0.0932,"[""annRet"", ""artist"", ""compRank"", ""compScore"", ""conf"", ""covStatus"", ""dataConf"", ""dd"", ""drop"", ""family"", ""finish"", ""hist"", ""id"", ""incRet"", ""ipArtist"", ""liq"", ""mom"", ""msrp"", ""name"", ""obs"", ""peak"", ""price"", ""r30"", ""r365"", ""r90"", ""ras"", ""rec"", ""recScore"", ""rel"", ""risk"", ""scarcity"", ""score"", ""super"", ""ub"", ""value"", ""year""]"
secret_lair,SL-A6FBE97D53BCE6,,Tales of the Time Stoppers - Rainbow Foil Edition — Foil Edition,tales of the time stoppers rainbow foil edition foil edition,secret_lair,43.59,,,,0.1686,,,,,,,,,,76.25,,50.94,,-0.0455,"[""annRet"", ""artist"", ""compRank"", ""compScore"", ""conf"", ""covStatus"", ""dataConf"", ""dd"", ""drop"", ""family"", ""finish"", ""hist"", ""id"", ""incRet"", ""ipArtist"", ""liq"", ""mom"", ""msrp"", ""name"", ""obs"", ""peak"", ""price"", ""r30"", ""r365"", ""r90"", ""ras"", ""rec"", ""recScore"", ""rel"", ""risk"", ""scarcity"", ""score"", ""super"", ""ub"", ""value"", ""year""]"
secret_lair,SL-3BF8B1EFC3D63E,,The Strange Sands: Mountain - Rainbow Foil Edition — Foil Edition,the strange sands mountain rainbow foil edition foil edition,secret_lair,81.48,,,,1.357,,,,,,,,,,76.25,,59.41,,-0.0414,"[""annRet"", ""artist"", ""compRank"", ""compScore"", ""conf"", ""covStatus"", ""dataConf"", ""dd"", ""drop"", ""family"", ""finish"", ""hist"", ""id"", ""incRet"", ""ipArtist"", ""liq"", ""mom"", ""msrp"", ""name"", ""obs"", ""peak"", ""price"", ""r30"", ""r365"", ""r90"", ""ras"", ""rec"", ""recScore"", ""rel"", ""risk"", ""scarcity"", ""score"", ""super"", ""ub"", ""value"", ""year""]"
secret_lair,SL-BF2B66F024D88D,,Artist Series: Sidharth Chaturvedi - Non-Foil Edition — Nonfoil Edition,artist series sidharth chaturvedi non foil edition nonfoil edition,secret_lair,25.53,,,,0.3269,,,,,,,,,,76.25,,54.38,,0.0,"[""annRet"", ""artist"", ""compRank"", ""compScore"", ""conf"", ""covStatus"", ""dataConf"", ""dd"", ""drop"", ""family"", ""finish"", ""hist"", ""id"", ""incRet"", ""ipArtist"", ""liq"", ""mom"", ""msrp"", ""name"", ""obs"", ""peak"", ""price"", ""r30"", ""r365"", ""r90"", ""ras"", ""rec"", ""recScore"", ""rel"", ""risk"", ""scarcity"", ""score"", ""super"", ""ub"", ""value"", ""year""]"
secret_lair,SL-A1F9DC4DE016E1,,Creepshow - Traditional Foil Edition — Foil Edition,creepshow traditional foil edition foil edition,secret_lair,82.19,,,,-0.0142,,,,,,,,,,76.25,,50.06,,-0.074,"[""annRet"", ""artist"", ""compRank"", ""compScore"", ""conf"", ""covStatus"", ""dataConf"", ""dd"", ""drop"", ""family"", ""finish"", ""hist"", ""id"", ""incRet"", ""ipArtist"", ""liq"", ""mom"", ""msrp"", ""name"", ""obs"", ""peak"", ""price"", ""r30"", ""r365"", ""r90"", ""ras"", ""rec"", ""recScore"", ""rel"", ""risk"", ""scarcity"", ""score"", ""super"", ""ub"", ""value"", ""year""]"
secret_lair,SL-DEE8CCCA9CFCCE,,Bad to the Bones - Traditional Foil Edition — Foil Edition,bad to the bones traditional foil edition foil edition,secret_lair,103.03,,,,0.0284,,,,,,,,,,76.25,,51.12,,-0.0383,"[""annRet"", ""artist"", ""compRank"", ""compScore"", ""conf"", ""covStatus"", ""dataConf"", ""dd"", ""drop"", ""family"", ""finish"", ""hist"", ""id"", ""incRet"", ""ipArtist"", ""liq"", ""mom"", ""msrp"", ""name"", ""obs"", ""peak"", ""price"", ""r30"", ""r365"", ""r90"", ""ras"", ""rec"", ""recScore"", ""rel"", ""risk"", ""scarcity"", ""score"", ""super"", ""ub"", ""value"", ""year""]"
secret_lair,SL-C04853F17A0313,0313,Poker Faces - Rainbow Foil Edition — Foil Edition,poker faces rainbow foil edition foil edition,secret_lair,42.54,,,,0.3122,,,,,,,,,,76.25,,53.93,,-0.6455,"[""annRet"", ""artist"", ""compRank"", ""compScore"", ""conf"", ""covStatus"", ""dataConf"", ""dd"", ""drop"", ""family"", ""finish"", ""hist"", ""id"", ""incRet"", ""ipArtist"", ""liq"", ""mom"", ""msrp"", ""name"", ""obs"", ""peak"", ""price"", ""r30"", ""r365"", ""r90"", ""ras"", ""rec"", ""recScore"", ""rel"", ""risk"", ""scarcity"", ""score"", ""super"", ""ub"", ""value"", ""year""]"
secret_lair,SL-AF4CAB7AA2FC3B,,Equinox Superdrop 2024: Fallout Bundle - Non-Foil Edition — Nonfoil Edition,equinox superdrop 2024 fallout bundle non foil edition nonfoil edition,secret_lair,288.52,,,,0.6853,,,,,,,,,,76.25,,58.89,,0.0,"[""annRet"", ""artist"", ""compRank"", ""compScore"", ""conf"", ""covStatus"", ""dataConf"", ""dd"", ""drop"", ""family"", ""finish"", ""hist"", ""id"", ""incRet"", ""ipArtist"", ""liq"", ""mom"", ""msrp"", ""name"", ""obs"", ""peak"", ""price"", ""r30"", ""r365"", ""r90"", ""ras"", ""rec"", ""recScore"", ""rel"", ""risk"", ""scarcity"", ""score"", ""super"", ""ub"", ""value"", ""year""]"
secret_lair,SL-C8B08A7139FC31,,Hatsune Miku: Winter Diva EN - Non-Foil Edition — Nonfoil Edition,hatsune miku winter diva en non foil edition nonfoil edition,secret_lair,84.58,,,,0.9131,,,,,,,,,,76.25,,58.59,,0.0,"[""annRet"", ""artist"", ""compRank"", ""compScore"", ""conf"", ""covStatus"", ""dataConf"", ""dd"", ""drop"", ""family"", ""finish"", ""hist"", ""id"", ""incRet"", ""ipArtist"", ""liq"", ""mom"", ""msrp"", ""name"", ""obs"", ""peak"", ""price"", ""r30"", ""r365"", ""r90"", ""ras"", ""rec"", ""recScore"", ""rel"", ""risk"", ""scarcity"", ""score"", ""super"", ""ub"", ""value"", ""year""]"
secret_lair,SL-BAD5D1CC179E4B,,Winter Superdrop 2024: Dark Mysteries Bundle - Foil Edition — Foil Edition,winter superdrop 2024 dark mysteries bundle foil edition foil edition,secret_lair,449.98,,,,1.3746,,,,,,,,,,71.25,,60.86,,0.0,"[""annRet"", ""artist"", ""compRank"", ""compScore"", ""conf"", ""covStatus"", ""dataConf"", ""dd"", ""drop"", ""family"", ""finish"", ""hist"", ""id"", ""incRet"", ""ipArtist"", ""liq"", ""mom"", ""msrp"", ""name"", ""obs"", ""peak"", ""price"", ""r30"", ""r365"", ""r90"", ""ras"", ""rec"", ""recScore"", ""rel"", ""risk"", ""scarcity"", ""score"", ""super"", ""ub"", ""value"", ""year""]"
secret_lair,SL-AEAC3B5B48F1C7,,Paradise Frost - Non-Foil Edition — Nonfoil Edition,paradise frost non foil edition nonfoil edition,secret_lair,100.66,,,,0.5316,,,,,,,,,,76.25,,57.59,,0.0,"[""annRet"", ""artist"", ""compRank"", ""compScore"", ""conf"", ""covStatus"", ""dataConf"", ""dd"", ""drop"", ""family"", ""finish"", ""hist"", ""id"", ""incRet"", ""ipArtist"", ""liq"", ""mom"", ""msrp"", ""name"", ""obs"", ""peak"", ""price"", ""r30"", ""r365"", ""r90"", ""ras"", ""rec"", ""recScore"", ""rel"", ""risk"", ""scarcity"", ""score"", ""super"", ""ub"", ""value"", ""year""]"
secret_lair,SL-95580EA636B3FF,,Summer Superdrop 2024: Virtuoso Bundle - Foil Edition — Foil Edition,summer superdrop 2024 virtuoso bundle foil edition foil edition,secret_lair,451.15,,,,1.8199,,,,,,,,,,71.25,,60.86,,0.0,"[""annRet"", ""artist"", ""compRank"", ""compScore"", ""conf"", ""covStatus"", ""dataConf"", ""dd"", ""drop"", ""family"", ""finish"", ""hist"", ""id"", ""incRet"", ""ipArtist"", ""liq"", ""mom"", ""msrp"", ""name"", ""obs"", ""peak"", ""price"", ""r30"", ""r365"", ""r90"", ""ras"", ""rec"", ""recScore"", ""rel"", ""risk"", ""scarcity"", ""score"", ""super"", ""ub"", ""value"", ""year""]"
secret_lair,SL-649995DEB9E53B,,Featuring: Phoebe Wahl - Non-Foil Edition — Nonfoil Edition,featuring phoebe wahl non foil edition nonfoil edition,secret_lair,59.63,,,,0.7705,,,,,,,,,,76.25,,57.88,,0.0,"[""annRet"", ""artist"", ""compRank"", ""compScore"", ""conf"", ""covStatus"", ""dataConf"", ""dd"", ""drop"", ""family"", ""finish"", ""hist"", ""id"", ""incRet"", ""ipArtist"", ""liq"", ""mom"", ""msrp"", ""name"", ""obs"", ""peak"", ""price"", ""r30"", ""r365"", ""r90"", ""ras"", ""rec"", ""recScore"", ""rel"", ""risk"", ""scarcity"", ""score"", ""super"", ""ub"", ""value"", ""year""]"
secret_lair,SL-B81DED4DD2F7F0,,Mycosynthwave - Non-Foil Edition — Nonfoil Edition,mycosynthwave non foil edition nonfoil edition,secret_lair,97.49,,,,1.0251,,,,,,,,,,76.25,,58.89,,0.0,"[""annRet"", ""artist"", ""compRank"", ""compScore"", ""conf"", ""covStatus"", ""dataConf"", ""dd"", ""drop"", ""family"", ""finish"", ""hist"", ""id"", ""incRet"", ""ipArtist"", ""liq"", ""mom"", ""msrp"", ""name"", ""obs"", ""peak"", ""price"", ""r30"", ""r365"", ""r90"", ""ras"", ""rec"", ""recScore"", ""rel"", ""risk"", ""scarcity"", ""score"", ""super"", ""ub"", ""value"", ""year""]"
secret_lair,SL-7AFCC7EB7F6678,6678,Summer Superdrop 2025 - Artist Series: Phil Foglio (Rainbow Foil Edition) — Foil Edition,summer superdrop 2025 artist series phil foglio rainbow foil edition foil edition,secret_lair,48.19,,,,0.3773,,,,,,,,,,76.25,,52.3,,-0.0119,"[""annRet"", ""artist"", ""compRank"", ""compScore"", ""conf"", ""covStatus"", ""dataConf"", ""dd"", ""drop"", ""family"", ""finish"", ""hist"", ""id"", ""incRet"", ""ipArtist"", ""liq"", ""mom"", ""msrp"", ""name"", ""obs"", ""peak"", ""price"", ""r30"", ""r365"", ""r90"", ""ras"", ""rec"", ""recScore"", ""rel"", ""risk"", ""scarcity"", ""score"", ""super"", ""ub"", ""value"", ""year""]"
secret_lair,SL-5A6AE8606BA087,,Thalia: Beyond the Helvault - Traditional Foil Edition — Foil Edition,thalia beyond the helvault traditional foil edition foil edition,secret_lair,30.34,,,,-0.0659,,,,,,,,,,76.25,,50.16,,-0.1055,"[""annRet"", ""artist"", ""compRank"", ""compScore"", ""conf"", ""covStatus"", ""dataConf"", ""dd"", ""drop"", ""family"", ""finish"", ""hist"", ""id"", ""incRet"", ""ipArtist"", ""liq"", ""mom"", ""msrp"", ""name"", ""obs"", ""peak"", ""price"", ""r30"", ""r365"", ""r90"", ""ras"", ""rec"", ""recScore"", ""rel"", ""risk"", ""scarcity"", ""score"", ""super"", ""ub"", ""value"", ""year""]"
secret_lair,SL-BD4B37C3973D10,,vroooOOOMMMMMM! - Raised Foil Edition — Foil Edition,vroooooommmmmm raised foil edition foil edition,secret_lair,104.97,,,,0.1411,,,,,,,,,,76.25,,52.11,,-0.16,"[""annRet"", ""artist"", ""compRank"", ""compScore"", ""conf"", ""covStatus"", ""dataConf"", ""dd"", ""drop"", ""family"", ""finish"", ""hist"", ""id"", ""incRet"", ""ipArtist"", ""liq"", ""mom"", ""msrp"", ""name"", ""obs"", ""peak"", ""price"", ""r30"", ""r365"", ""r90"", ""ras"", ""rec"", ""recScore"", ""rel"", ""risk"", ""scarcity"", ""score"", ""super"", ""ub"", ""value"", ""year""]"
secret_lair,SL-E1E2903CCE3709,3709,Featuring: Luke Pearson - Rainbow Foil Edition — Foil Edition,featuring luke pearson rainbow foil edition foil edition,secret_lair,49.35,,,,-0.0312,,,,,,,,,,76.25,,49.88,,-0.0451,"[""annRet"", ""artist"", ""compRank"", ""compScore"", ""conf"", ""covStatus"", ""dataConf"", ""dd"", ""drop"", ""family"", ""finish"", ""hist"", ""id"", ""incRet"", ""ipArtist"", ""liq"", ""mom"", ""msrp"", ""name"", ""obs"", ""peak"", ""price"", ""r30"", ""r365"", ""r90"", ""ras"", ""rec"", ""recScore"", ""rel"", ""risk"", ""scarcity"", ""score"", ""super"", ""ub"", ""value"", ""year""]"
secret_lair,SL-5FB294356B3D9E,,sAnS mERcY - Rainbow Foil Edition — Foil Edition,sans mercy rainbow foil edition foil edition,secret_lair,58.42,,,,0.3943,,,,,,,,,,76.25,,54.12,,-0.5132,"[""annRet"", ""artist"", ""compRank"", ""compScore"", ""conf"", ""covStatus"", ""dataConf"", ""dd"", ""drop"", ""family"", ""finish"", ""hist"", ""id"", ""incRet"", ""ipArtist"", ""liq"", ""mom"", ""msrp"", ""name"", ""obs"", ""peak"", ""price"", ""r30"", ""r365"", ""r90"", ""ras"", ""rec"", ""recScore"", ""rel"", ""risk"", ""scarcity"", ""score"", ""super"", ""ub"", ""value"", ""year""]"
secret_lair,SL-BB4A4AE1ECFE2A,,Secret Lair Promo: Sol Ring - Rainbow Foil Edition — Foil Edition,secret lair promo sol ring rainbow foil edition foil edition,secret_lair,9.57,,,,-0.1031,,,,,,,,,,76.25,,49.67,,-0.1064,"[""annRet"", ""artist"", ""compRank"", ""compScore"", ""conf"", ""covStatus"", ""dataConf"", ""dd"", ""drop"", ""family"", ""finish"", ""hist"", ""id"", ""incRet"", ""ipArtist"", ""liq"", ""mom"", ""msrp"", ""name"", ""obs"", ""peak"", ""price"", ""r30"", ""r365"", ""r90"", ""ras"", ""rec"", ""recScore"", ""rel"", ""risk"", ""scarcity"", ""score"", ""super"", ""ub"", ""value"", ""year""]"
secret_lair,SL-9F25EFE6D18364,18364,Inside an Elevator Superdrop: Awkward Small Talk Bundle - Foil Edition — Foil Edition,inside an elevator superdrop awkward small talk bundle foil edition foil edition,secret_lair,600.0,,,,0.2183,,,,,,,,,,71.25,,56.48,,0.0,"[""annRet"", ""artist"", ""compRank"", ""compScore"", ""conf"", ""covStatus"", ""dataConf"", ""dd"", ""drop"", ""family"", ""finish"", ""hist"", ""id"", ""incRet"", ""ipArtist"", ""liq"", ""mom"", ""msrp"", ""name"", ""obs"", ""peak"", ""price"", ""r30"", ""r365"", ""r90"", ""ras"", ""rec"", ""recScore"", ""rel"", ""risk"", ""scarcity"", ""score"", ""super"", ""ub"", ""value"", ""year""]"
secret_lair,SL-204D6B03D36FE2,,Kamigawa Ink - Traditional Foil Edition — Foil Edition,kamigawa ink traditional foil edition foil edition,secret_lair,72.06,,,,0.4149,,,,,,,,,,76.25,,52.22,,-0.0554,"[""annRet"", ""artist"", ""compRank"", ""compScore"", ""conf"", ""covStatus"", ""dataConf"", ""dd"", ""drop"", ""family"", ""finish"", ""hist"", ""id"", ""incRet"", ""ipArtist"", ""liq"", ""mom"", ""msrp"", ""name"", ""obs"", ""peak"", ""price"", ""r30"", ""r365"", ""r90"", ""ras"", ""rec"", ""recScore"", ""rel"", ""risk"", ""scarcity"", ""score"", ""super"", ""ub"", ""value"", ""year""]"
secret_lair,SL-B0E43DFE167A56,,Artist Series: Livia Prima - Non-Foil Edition — Nonfoil Edition,artist series livia prima non foil edition nonfoil edition,secret_lair,43.87,,,,0.8166,,,,,,,,,,76.25,,55.66,,0.0,"[""annRet"", ""artist"", ""compRank"", ""compScore"", ""conf"", ""covStatus"", ""dataConf"", ""dd"", ""drop"", ""family"", ""finish"", ""hist"", ""id"", ""incRet"", ""ipArtist"", ""liq"", ""mom"", ""msrp"", ""name"", ""obs"", ""peak"", ""price"", ""r30"", ""r365"", ""r90"", ""ras"", ""rec"", ""recScore"", ""rel"", ""risk"", ""scarcity"", ""score"", ""super"", ""ub"", ""value"", ""year""]"
secret_lair,SL-39CDF02CD749A1,,Deceptive Divination - Rainbow Foil Edition — Foil Edition,deceptive divination rainbow foil edition foil edition,secret_lair,44.12,,,,0.1697,,,,,,,,,,76.25,,51.62,,-0.3696,"[""annRet"", ""artist"", ""compRank"", ""compScore"", ""conf"", ""covStatus"", ""dataConf"", ""dd"", ""drop"", ""family"", ""finish"", ""hist"", ""id"", ""incRet"", ""ipArtist"", ""liq"", ""mom"", ""msrp"", ""name"", ""obs"", ""peak"", ""price"", ""r30"", ""r365"", ""r90"", ""ras"", ""rec"", ""recScore"", ""rel"", ""risk"", ""scarcity"", ""score"", ""super"", ""ub"", ""value"", ""year""]"
secret_lair,SL-214ED723D3A771,,Phyrexian Faves - Traditional Foil Edition — Foil Edition,phyrexian faves traditional foil edition foil edition,secret_lair,34.55,,,,0.1152,,,,,,,,,,76.25,,51.32,,-0.0251,"[""annRet"", ""artist"", ""compRank"", ""compScore"", ""conf"", ""covStatus"", ""dataConf"", ""dd"", ""drop"", ""family"", ""finish"", ""hist"", ""id"", ""incRet"", ""ipArtist"", ""liq"", ""mom"", ""msrp"", ""name"", ""obs"", ""peak"", ""price"", ""r30"", ""r365"", ""r90"", ""ras"", ""rec"", ""recScore"", ""rel"", ""risk"", ""scarcity"", ""score"", ""super"", ""ub"", ""value"", ""year""]"
secret_lair,SL-9962EA8B669B4F,,Absolute Annihilation - Traditional Foil Edition — Foil Edition,absolute annihilation traditional foil edition foil edition,secret_lair,69.94,,,,0.1121,,,,,,,,,,76.25,,50.46,,-0.0088,"[""annRet"", ""artist"", ""compRank"", ""compScore"", ""conf"", ""covStatus"", ""dataConf"", ""dd"", ""drop"", ""family"", ""finish"", ""hist"", ""id"", ""incRet"", ""ipArtist"", ""liq"", ""mom"", ""msrp"", ""name"", ""obs"", ""peak"", ""price"", ""r30"", ""r365"", ""r90"", ""ras"", ""rec"", ""recScore"", ""rel"", ""risk"", ""scarcity"", ""score"", ""super"", ""ub"", ""value"", ""year""]"
secret_lair,SL-207EFFFEEB79A0,,Monster Movie Marathon - Traditional Foil Edition — Foil Edition,monster movie marathon traditional foil edition foil edition,secret_lair,67.62,,,,0.0547,,,,,,,,,,76.25,,49.99,,-0.0358,"[""annRet"", ""artist"", ""compRank"", ""compScore"", ""conf"", ""covStatus"", ""dataConf"", ""dd"", ""drop"", ""family"", ""finish"", ""hist"", ""id"", ""incRet"", ""ipArtist"", ""liq"", ""mom"", ""msrp"", ""name"", ""obs"", ""peak"", ""price"", ""r30"", ""r365"", ""r90"", ""ras"", ""rec"", ""recScore"", ""rel"", ""risk"", ""scarcity"", ""score"", ""super"", ""ub"", ""value"", ""year""]"
secret_lair,SL-37F143176116F8,,International Women's Day 2020 - Traditional Foil Edition — Foil Edition,international women s day 2020 traditional foil edition foil edition,secret_lair,73.46,,,,0.0177,,,,,,,,,,76.25,,50.38,,-0.2023,"[""annRet"", ""artist"", ""compRank"", ""compScore"", ""conf"", ""covStatus"", ""dataConf"", ""dd"", ""drop"", ""family"", ""finish"", ""hist"", ""id"", ""incRet"", ""ipArtist"", ""liq"", ""mom"", ""msrp"", ""name"", ""obs"", ""peak"", ""price"", ""r30"", ""r365"", ""r90"", ""ras"", ""rec"", ""recScore"", ""rel"", ""risk"", ""scarcity"", ""score"", ""super"", ""ub"", ""value"", ""year""]"
secret_lair,SL-88858FD4A6CAF7,,Theros Stargazing Bundle: Vol. I-V - Traditional Foil Edition — Foil Edition,theros stargazing bundle vol i v traditional foil edition foil edition,secret_lair,422.62,,,,0.2361,,,,,,,,,,76.25,,52.13,,0.0,"[""annRet"", ""artist"", ""compRank"", ""compScore"", ""conf"", ""covStatus"", ""dataConf"", ""dd"", ""drop"", ""family"", ""finish"", ""hist"", ""id"", ""incRet"", ""ipArtist"", ""liq"", ""mom"", ""msrp"", ""name"", ""obs"", ""peak"", ""price"", ""r30"", ""r365"", ""r90"", ""ras"", ""rec"", ""recScore"", ""rel"", ""risk"", ""scarcity"", ""score"", ""super"", ""ub"", ""value"", ""year""]"
secret_lair,SL-083956F35FB3E4,,Special Guest: Matt Jukes - Traditional Foil Edition — Foil Edition,special guest matt jukes traditional foil edition foil edition,secret_lair,53.62,,,,-0.0473,,,,,,,,,,76.25,,49.89,,-0.0486,"[""annRet"", ""artist"", ""compRank"", ""compScore"", ""conf"", ""covStatus"", ""dataConf"", ""dd"", ""drop"", ""family"", ""finish"", ""hist"", ""id"", ""incRet"", ""ipArtist"", ""liq"", ""mom"", ""msrp"", ""name"", ""obs"", ""peak"", ""price"", ""r30"", ""r365"", ""r90"", ""ras"", ""rec"", ""recScore"", ""rel"", ""risk"", ""scarcity"", ""score"", ""super"", ""ub"", ""value"", ""year""]"
secret_lair,SL-5A1F788DAA7722,7722,Sonic the Hedgehog Superdrop: Turbo Gear (Rainbow Foil) — Foil Edition,sonic the hedgehog superdrop turbo gear rainbow foil foil edition,secret_lair,46.92,,,,,,,,,,,,,,75.73,,53.09,,0.0,"[""annRet"", ""artist"", ""compRank"", ""compScore"", ""conf"", ""covStatus"", ""dataConf"", ""dd"", ""drop"", ""family"", ""finish"", ""hist"", ""id"", ""incRet"", ""ipArtist"", ""liq"", ""mom"", ""msrp"", ""name"", ""obs"", ""peak"", ""price"", ""r30"", ""r365"", ""r90"", ""ras"", ""rec"", ""recScore"", ""rel"", ""risk"", ""scarcity"", ""score"", ""super"", ""ub"", ""value"", ""year""]"
secret_lair,SL-7B02CD15018C5D,,Artist Series: Nils Hamm - Traditional Foil Edition — Foil Edition,artist series nils hamm traditional foil edition foil edition,secret_lair,50.81,,,,0.052,,,,,,,,,,76.25,,50.27,,-0.1588,"[""annRet"", ""artist"", ""compRank"", ""compScore"", ""conf"", ""covStatus"", ""dataConf"", ""dd"", ""drop"", ""family"", ""finish"", ""hist"", ""id"", ""incRet"", ""ipArtist"", ""liq"", ""mom"", ""msrp"", ""name"", ""obs"", ""peak"", ""price"", ""r30"", ""r365"", ""r90"", ""ras"", ""rec"", ""recScore"", ""rel"", ""risk"", ""scarcity"", ""score"", ""super"", ""ub"", ""value"", ""year""]"
secret_lair,SL-2CFDA3F4C0066D,,Bitterblossom Dreams - Non-Foil Edition — Nonfoil Edition,bitterblossom dreams non foil edition nonfoil edition,secret_lair,97.23,,,,0.9318,,,,,,,,,,76.25,,58.89,,0.0,"[""annRet"", ""artist"", ""compRank"", ""compScore"", ""conf"", ""covStatus"", ""dataConf"", ""dd"", ""drop"", ""family"", ""finish"", ""hist"", ""id"", ""incRet"", ""ipArtist"", ""liq"", ""mom"", ""msrp"", ""name"", ""obs"", ""peak"", ""price"", ""r30"", ""r365"", ""r90"", ""ras"", ""rec"", ""recScore"", ""rel"", ""risk"", ""scarcity"", ""score"", ""super"", ""ub"", ""value"", ""year""]"
secret_lair,SL-E126175F5EEBFF,,Transformers: Optimus Prime Vs. Megatron - Traditional Foil Edition — Foil Edition,transformers optimus prime vs megatron traditional foil edition foil edition,secret_lair,102.93,,,,0.2058,,,,,,,,,,76.25,,51.89,,-0.15,"[""annRet"", ""artist"", ""compRank"", ""compScore"", ""conf"", ""covStatus"", ""dataConf"", ""dd"", ""drop"", ""family"", ""finish"", ""hist"", ""id"", ""incRet"", ""ipArtist"", ""liq"", ""mom"", ""msrp"", ""name"", ""obs"", ""peak"", ""price"", ""r30"", ""r365"", ""r90"", ""ras"", ""rec"", ""recScore"", ""rel"", ""risk"", ""scarcity"", ""score"", ""super"", ""ub"", ""value"", ""year""]"
secret_lair,SL-DA7F8AD7B0BC80,,The Beauty of the Beasts - Rainbow Foil Edition — Foil Edition,the beauty of the beasts rainbow foil edition foil edition,secret_lair,117.9,,,,0.2721,,,,,,,,,,76.25,,52.77,,-0.2626,"[""annRet"", ""artist"", ""compRank"", ""compScore"", ""conf"", ""covStatus"", ""dataConf"", ""dd"", ""drop"", ""family"", ""finish"", ""hist"", ""id"", ""incRet"", ""ipArtist"", ""liq"", ""mom"", ""msrp"", ""name"", ""obs"", ""peak"", ""price"", ""r30"", ""r365"", ""r90"", ""ras"", ""rec"", ""recScore"", ""rel"", ""risk"", ""scarcity"", ""score"", ""super"", ""ub"", ""value"", ""year""]"
secret_lair,SL-9A70751B3B58BD,,Special Guest: Fiona Staples - Traditional Foil Edition — Foil Edition,special guest fiona staples traditional foil edition foil edition,secret_lair,49.18,,,,-0.0307,,,,,,,,,,76.25,,49.28,,-0.0307,"[""annRet"", ""artist"", ""compRank"", ""compScore"", ""conf"", ""covStatus"", ""dataConf"", ""dd"", ""drop"", ""family"", ""finish"", ""hist"", ""id"", ""incRet"", ""ipArtist"", ""liq"", ""mom"", ""msrp"", ""name"", ""obs"", ""peak"", ""price"", ""r30"", ""r365"", ""r90"", ""ras"", ""rec"", ""recScore"", ""rel"", ""risk"", ""scarcity"", ""score"", ""super"", ""ub"", ""value"", ""year""]"
secret_lair,SL-1F9921A151E628,,Dungeons & Dragons: Death is in the Eyes of the Beholder II - Rainbow Foil Edition — Foil Edition,dungeons and dragons death is in the eyes of the beholder ii rainbow foil edition foil edition,secret_lair,51.6,,,,0.2236,,,,,,,,,,76.25,,52.46,,-0.2606,"[""annRet"", ""artist"", ""compRank"", ""compScore"", ""conf"", ""covStatus"", ""dataConf"", ""dd"", ""drop"", ""family"", ""finish"", ""hist"", ""id"", ""incRet"", ""ipArtist"", ""liq"", ""mom"", ""msrp"", ""name"", ""obs"", ""peak"", ""price"", ""r30"", ""r365"", ""r90"", ""ras"", ""rec"", ""recScore"", ""rel"", ""risk"", ""scarcity"", ""score"", ""super"", ""ub"", ""value"", ""year""]"
secret_lair,SL-6EB03A8FE440C8,,Summer Superdrop 2024: Showstopper Bundle - Foil Edition — Foil Edition,summer superdrop 2024 showstopper bundle foil edition foil edition,secret_lair,624.99,,,,0.25,,,,,,,,,,71.25,,58.36,,0.0,"[""annRet"", ""artist"", ""compRank"", ""compScore"", ""conf"", ""covStatus"", ""dataConf"", ""dd"", ""drop"", ""family"", ""finish"", ""hist"", ""id"", ""incRet"", ""ipArtist"", ""liq"", ""mom"", ""msrp"", ""name"", ""obs"", ""peak"", ""price"", ""r30"", ""r365"", ""r90"", ""ras"", ""rec"", ""recScore"", ""rel"", ""risk"", ""scarcity"", ""score"", ""super"", ""ub"", ""value"", ""year""]"
secret_lair,SL-FD569236BFC307,,Artist Series: Volkan Baga - Traditional Foil Edition — Foil Edition,artist series volkan baga traditional foil edition foil edition,secret_lair,25.98,,,,0.1301,,,,,,,,,,76.25,,49.13,,-0.0954,"[""annRet"", ""artist"", ""compRank"", ""compScore"", ""conf"", ""covStatus"", ""dataConf"", ""dd"", ""drop"", ""family"", ""finish"", ""hist"", ""id"", ""incRet"", ""ipArtist"", ""liq"", ""mom"", ""msrp"", ""name"", ""obs"", ""peak"", ""price"", ""r30"", ""r365"", ""r90"", ""ras"", ""rec"", ""recScore"", ""rel"", ""risk"", ""scarcity"", ""score"", ""super"", ""ub"", ""value"", ""year""]"
secret_lair,SL-5E385BCEB8C1D3,,Buggin' Out - Traditional Foil Edition — Foil Edition,buggin out traditional foil edition foil edition,secret_lair,86.34,,,,0.1168,,,,,,,,,,76.25,,51.22,,-0.0297,"[""annRet"", ""artist"", ""compRank"", ""compScore"", ""conf"", ""covStatus"", ""dataConf"", ""dd"", ""drop"", ""family"", ""finish"", ""hist"", ""id"", ""incRet"", ""ipArtist"", ""liq"", ""mom"", ""msrp"", ""name"", ""obs"", ""peak"", ""price"", ""r30"", ""r365"", ""r90"", ""ras"", ""rec"", ""recScore"", ""rel"", ""risk"", ""scarcity"", ""score"", ""super"", ""ub"", ""value"", ""year""]"
secret_lair,SL-F66DFA42E52417,52417,Winter Superdrop 2025: Survival-Grade Foils Bundle — Foil Edition,winter superdrop 2025 survival grade foils bundle foil edition,secret_lair,569.92,,,,0.3442,,,,,,,,,,71.25,,55.4,,-0.0,"[""annRet"", ""artist"", ""compRank"", ""compScore"", ""conf"", ""covStatus"", ""dataConf"", ""dd"", ""drop"", ""family"", ""finish"", ""hist"", ""id"", ""incRet"", ""ipArtist"", ""liq"", ""mom"", ""msrp"", ""name"", ""obs"", ""peak"", ""price"", ""r30"", ""r365"", ""r90"", ""ras"", ""rec"", ""recScore"", ""rel"", ""risk"", ""scarcity"", ""score"", ""super"", ""ub"", ""value"", ""year""]"
secret_lair,SL-3852DBF0BE0E0F,,The Tokyo Lands - Etched Foil Edition — Foil Edition,the tokyo lands etched foil edition foil edition,secret_lair,84.21,,,,0.1612,,,,,,,,,,76.25,,50.58,,-0.024,"[""annRet"", ""artist"", ""compRank"", ""compScore"", ""conf"", ""covStatus"", ""dataConf"", ""dd"", ""drop"", ""family"", ""finish"", ""hist"", ""id"", ""incRet"", ""ipArtist"", ""liq"", ""mom"", ""msrp"", ""name"", ""obs"", ""peak"", ""price"", ""r30"", ""r365"", ""r90"", ""ras"", ""rec"", ""recScore"", ""rel"", ""risk"", ""scarcity"", ""score"", ""super"", ""ub"", ""value"", ""year""]"
secret_lair,SL-95C045CE385254,385254,Artist Series: Mark Poole - Non-Foil Edition — Nonfoil Edition,artist series mark poole non foil edition nonfoil edition,secret_lair,44.05,,,,0.5626,,,,,,,,,,76.25,,55.41,,0.0,"[""annRet"", ""artist"", ""compRank"", ""compScore"", ""conf"", ""covStatus"", ""dataConf"", ""dd"", ""drop"", ""family"", ""finish"", ""hist"", ""id"", ""incRet"", ""ipArtist"", ""liq"", ""mom"", ""msrp"", ""name"", ""obs"", ""peak"", ""price"", ""r30"", ""r365"", ""r90"", ""ras"", ""rec"", ""recScore"", ""rel"", ""risk"", ""scarcity"", ""score"", ""super"", ""ub"", ""value"", ""year""]"
secret_lair,SL-15ADFCF5094915,5094915,Marvel's Captain America - Rainbow Foil Edition — Foil Edition,marvel s captain america rainbow foil edition foil edition,secret_lair,96.5,,,,0.1045,,,,,,,,,,76.25,,50.64,,-0.009,"[""annRet"", ""artist"", ""compRank"", ""compScore"", ""conf"", ""covStatus"", ""dataConf"", ""dd"", ""drop"", ""family"", ""finish"", ""hist"", ""id"", ""incRet"", ""ipArtist"", ""liq"", ""mom"", ""msrp"", ""name"", ""obs"", ""peak"", ""price"", ""r30"", ""r365"", ""r90"", ""ras"", ""rec"", ""recScore"", ""rel"", ""risk"", ""scarcity"", ""score"", ""super"", ""ub"", ""value"", ""year""]"
secret_lair,SL-213339E791C59A,,"Warhammer 40,000: Orks - Non-Foil Edition — Nonfoil Edition",warhammer 40 000 orks non foil edition nonfoil edition,secret_lair,170.34,,,,0.6849,,,,,,,,,,76.25,,57.8,,0.0,"[""annRet"", ""artist"", ""compRank"", ""compScore"", ""conf"", ""covStatus"", ""dataConf"", ""dd"", ""drop"", ""family"", ""finish"", ""hist"", ""id"", ""incRet"", ""ipArtist"", ""liq"", ""mom"", ""msrp"", ""name"", ""obs"", ""peak"", ""price"", ""r30"", ""r365"", ""r90"", ""ras"", ""rec"", ""recScore"", ""rel"", ""risk"", ""scarcity"", ""score"", ""super"", ""ub"", ""value"", ""year""]"
secret_lair,SL-B28206C8B43B74,,Artist Series: Chris Rahn - Traditional Foil Edition — Foil Edition,artist series chris rahn traditional foil edition foil edition,secret_lair,33.39,,,,-0.0605,,,,,,,,,,76.25,,48.5,,-0.0807,"[""annRet"", ""artist"", ""compRank"", ""compScore"", ""conf"", ""covStatus"", ""dataConf"", ""dd"", ""drop"", ""family"", ""finish"", ""hist"", ""id"", ""incRet"", ""ipArtist"", ""liq"", ""mom"", ""msrp"", ""name"", ""obs"", ""peak"", ""price"", ""r30"", ""r365"", ""r90"", ""ras"", ""rec"", ""recScore"", ""rel"", ""risk"", ""scarcity"", ""score"", ""super"", ""ub"", ""value"", ""year""]"
secret_lair,SL-A7EA98C7CECF4C,,OMG KITTIES! - Traditional Foil Edition — Foil Edition,omg kitties traditional foil edition foil edition,secret_lair,163.53,,,,-0.0038,,,,,,,,,,76.25,,50.71,,-0.0699,"[""annRet"", ""artist"", ""compRank"", ""compScore"", ""conf"", ""covStatus"", ""dataConf"", ""dd"", ""drop"", ""family"", ""finish"", ""hist"", ""id"", ""incRet"", ""ipArtist"", ""liq"", ""mom"", ""msrp"", ""name"", ""obs"", ""peak"", ""price"", ""r30"", ""r365"", ""r90"", ""ras"", ""rec"", ""recScore"", ""rel"", ""risk"", ""scarcity"", ""score"", ""super"", ""ub"", ""value"", ""year""]"
secret_lair,SL-D68D8EB45F05E9,,Ponies: The Galloping 2: Extra Life 2023 - Non-Foil Edition — Nonfoil Edition,ponies the galloping 2 extra life 2023 non foil edition nonfoil edition,secret_lair,152.52,,,,0.9419,,,,,,,,,,76.25,,56.92,,0.0,"[""annRet"", ""artist"", ""compRank"", ""compScore"", ""conf"", ""covStatus"", ""dataConf"", ""dd"", ""drop"", ""family"", ""finish"", ""hist"", ""id"", ""incRet"", ""ipArtist"", ""liq"", ""mom"", ""msrp"", ""name"", ""obs"", ""peak"", ""price"", ""r30"", ""r365"", ""r90"", ""ras"", ""rec"", ""recScore"", ""rel"", ""risk"", ""scarcity"", ""score"", ""super"", ""ub"", ""value"", ""year""]"
secret_lair,SL-750655931E6F97,,Dungeons & Dragons: Honor Among Thieves - Traditional Foil Edition — Foil Edition,dungeons and dragons honor among thieves traditional foil edition foil edition,secret_lair,126.16,,,,-0.0171,,,,,,,,,,76.25,,50.18,,-0.222,"[""annRet"", ""artist"", ""compRank"", ""compScore"", ""conf"", ""covStatus"", ""dataConf"", ""dd"", ""drop"", ""family"", ""finish"", ""hist"", ""id"", ""incRet"", ""ipArtist"", ""liq"", ""mom"", ""msrp"", ""name"", ""obs"", ""peak"", ""price"", ""r30"", ""r365"", ""r90"", ""ras"", ""rec"", ""recScore"", ""rel"", ""risk"", ""scarcity"", ""score"", ""super"", ""ub"", ""value"", ""year""]"
secret_lair,SL-C365E12BA9F953,,February Superdrop - Showcase: Neon Dynasty - Neon Ink Foil Edition — Foil Edition,february superdrop showcase neon dynasty neon ink foil edition foil edition,secret_lair,59.58,,,,0.2644,,,,,,,,,,76.25,,50.85,,-0.1198,"[""annRet"", ""artist"", ""compRank"", ""compScore"", ""conf"", ""covStatus"", ""dataConf"", ""dd"", ""drop"", ""family"", ""finish"", ""hist"", ""id"", ""incRet"", ""ipArtist"", ""liq"", ""mom"", ""msrp"", ""name"", ""obs"", ""peak"", ""price"", ""r30"", ""r365"", ""r90"", ""ras"", ""rec"", ""recScore"", ""rel"", ""risk"", ""scarcity"", ""score"", ""super"", ""ub"", ""value"", ""year""]"
secret_lair,SL-095A861D9875C3,,Showcase: Kaldheim - Part 1 - Traditional Foil Edition — Foil Edition,showcase kaldheim part 1 traditional foil edition foil edition,secret_lair,64.36,,,,0.0912,,,,,,,,,,76.25,,50.25,,-0.153,"[""annRet"", ""artist"", ""compRank"", ""compScore"", ""conf"", ""covStatus"", ""dataConf"", ""dd"", ""drop"", ""family"", ""finish"", ""hist"", ""id"", ""incRet"", ""ipArtist"", ""liq"", ""mom"", ""msrp"", ""name"", ""obs"", ""peak"", ""price"", ""r30"", ""r365"", ""r90"", ""ras"", ""rec"", ""recScore"", ""rel"", ""risk"", ""scarcity"", ""score"", ""super"", ""ub"", ""value"", ""year""]"
secret_lair,SL-D62C510B60B977,,The Godzilla Lands - Traditional Foil Edition — Foil Edition,the godzilla lands traditional foil edition foil edition,secret_lair,106.8,,,,0.2867,,,,,,,,,,76.25,,51.66,,-0.1236,"[""annRet"", ""artist"", ""compRank"", ""compScore"", ""conf"", ""covStatus"", ""dataConf"", ""dd"", ""drop"", ""family"", ""finish"", ""hist"", ""id"", ""incRet"", ""ipArtist"", ""liq"", ""mom"", ""msrp"", ""name"", ""obs"", ""peak"", ""price"", ""r30"", ""r365"", ""r90"", ""ras"", ""rec"", ""recScore"", ""rel"", ""risk"", ""scarcity"", ""score"", ""super"", ""ub"", ""value"", ""year""]"
secret_lair,SL-2AF8009F200134,200134,Post Malone: The Lands - Traditional Foil Edition — Foil Edition,post malone the lands traditional foil edition foil edition,secret_lair,70.11,,,,0.0321,,,,,,,,,,76.25,,50.85,,0.0,"[""annRet"", ""artist"", ""compRank"", ""compScore"", ""conf"", ""covStatus"", ""dataConf"", ""dd"", ""drop"", ""family"", ""finish"", ""hist"", ""id"", ""incRet"", ""ipArtist"", ""liq"", ""mom"", ""msrp"", ""name"", ""obs"", ""peak"", ""price"", ""r30"", ""r365"", ""r90"", ""ras"", ""rec"", ""recScore"", ""rel"", ""risk"", ""scarcity"", ""score"", ""super"", ""ub"", ""value"", ""year""]"
secret_lair,SL-E3D6BE401B6F95,,Marvel's Iron Man - Non-Foil Edition — Nonfoil Edition,marvel s iron man non foil edition nonfoil edition,secret_lair,83.91,,,,0.2323,,,,,,,,,,76.25,,53.54,,0.0,"[""annRet"", ""artist"", ""compRank"", ""compScore"", ""conf"", ""covStatus"", ""dataConf"", ""dd"", ""drop"", ""family"", ""finish"", ""hist"", ""id"", ""incRet"", ""ipArtist"", ""liq"", ""mom"", ""msrp"", ""name"", ""obs"", ""peak"", ""price"", ""r30"", ""r365"", ""r90"", ""ras"", ""rec"", ""recScore"", ""rel"", ""risk"", ""scarcity"", ""score"", ""super"", ""ub"", ""value"", ""year""]"
secret_lair,SL-F2F5EBEEEBD0C5,,Prints of Darkness - Rainbow Foil Edition — Foil Edition,prints of darkness rainbow foil edition foil edition,secret_lair,66.77,,,,0.1927,,,,,,,,,,76.25,,53.3,,-0.6661,"[""annRet"", ""artist"", ""compRank"", ""compScore"", ""conf"", ""covStatus"", ""dataConf"", ""dd"", ""drop"", ""family"", ""finish"", ""hist"", ""id"", ""incRet"", ""ipArtist"", ""liq"", ""mom"", ""msrp"", ""name"", ""obs"", ""peak"", ""price"", ""r30"", ""r365"", ""r90"", ""ras"", ""rec"", ""recScore"", ""rel"", ""risk"", ""scarcity"", ""score"", ""super"", ""ub"", ""value"", ""year""]"
secret_lair,SL-7993B0A0677511,0677511,Featuring: Jay Howell - Non-Foil Edition — Nonfoil Edition,featuring jay howell non foil edition nonfoil edition,secret_lair,46.11,,,,0.6574,,,,,,,,,,76.25,,55.53,,-0.0576,"[""annRet"", ""artist"", ""compRank"", ""compScore"", ""conf"", ""covStatus"", ""dataConf"", ""dd"", ""drop"", ""family"", ""finish"", ""hist"", ""id"", ""incRet"", ""ipArtist"", ""liq"", ""mom"", ""msrp"", ""name"", ""obs"", ""peak"", ""price"", ""r30"", ""r365"", ""r90"", ""ras"", ""rec"", ""recScore"", ""rel"", ""risk"", ""scarcity"", ""score"", ""super"", ""ub"", ""value"", ""year""]"
secret_lair,SL-950A1262892ED0,,The Evil Dead - Non-Foil Edition — Nonfoil Edition,the evil dead non foil edition nonfoil edition,secret_lair,238.25,,,,0.2833,,,,,,,,,,76.25,,55.8,,0.0,"[""annRet"", ""artist"", ""compRank"", ""compScore"", ""conf"", ""covStatus"", ""dataConf"", ""dd"", ""drop"", ""family"", ""finish"", ""hist"", ""id"", ""incRet"", ""ipArtist"", ""liq"", ""mom"", ""msrp"", ""name"", ""obs"", ""peak"", ""price"", ""r30"", ""r365"", ""r90"", ""ras"", ""rec"", ""recScore"", ""rel"", ""risk"", ""scarcity"", ""score"", ""super"", ""ub"", ""value"", ""year""]"
secret_lair,SL-D608F5D4F5385E,,Blood Bowl - Non-Foil Edition — Nonfoil Edition,blood bowl non foil edition nonfoil edition,secret_lair,64.43,,,,0.7031,,,,,,,,,,76.25,,56.52,,0.0,"[""annRet"", ""artist"", ""compRank"", ""compScore"", ""conf"", ""covStatus"", ""dataConf"", ""dd"", ""drop"", ""family"", ""finish"", ""hist"", ""id"", ""incRet"", ""ipArtist"", ""liq"", ""mom"", ""msrp"", ""name"", ""obs"", ""peak"", ""price"", ""r30"", ""r365"", ""r90"", ""ras"", ""rec"", ""recScore"", ""rel"", ""risk"", ""scarcity"", ""score"", ""super"", ""ub"", ""value"", ""year""]"
secret_lair,SL-FFE26A78CDDB2A,,Doctor Who: Regeneration - Traditional Foil Edition — Foil Edition,doctor who regeneration traditional foil edition foil edition,secret_lair,250.43,,,,0.4248,,,,,,,,,,76.25,,52.53,,-0.1111,"[""annRet"", ""artist"", ""compRank"", ""compScore"", ""conf"", ""covStatus"", ""dataConf"", ""dd"", ""drop"", ""family"", ""finish"", ""hist"", ""id"", ""incRet"", ""ipArtist"", ""liq"", ""mom"", ""msrp"", ""name"", ""obs"", ""peak"", ""price"", ""r30"", ""r365"", ""r90"", ""ras"", ""rec"", ""recScore"", ""rel"", ""risk"", ""scarcity"", ""score"", ""super"", ""ub"", ""value"", ""year""]"
secret_lair,SL-2ADC84D7922A98,,Post Malone: Backstage Pass - Traditional Foil Edition — Foil Edition,post malone backstage pass traditional foil edition foil edition,secret_lair,113.74,,,,0.148,,,,,,,,,,76.25,,50.38,,-0.0308,"[""annRet"", ""artist"", ""compRank"", ""compScore"", ""conf"", ""covStatus"", ""dataConf"", ""dd"", ""drop"", ""family"", ""finish"", ""hist"", ""id"", ""incRet"", ""ipArtist"", ""liq"", ""mom"", ""msrp"", ""name"", ""obs"", ""peak"", ""price"", ""r30"", ""r365"", ""r90"", ""ras"", ""rec"", ""recScore"", ""rel"", ""risk"", ""scarcity"", ""score"", ""super"", ""ub"", ""value"", ""year""]"
secret_lair,SL-5068960BC36908,36908,Sonic the Hedgehog Superdrop: Super Sonic Bundle (Rainbow Foil) — Foil Edition,sonic the hedgehog superdrop super sonic bundle rainbow foil foil edition,secret_lair,176.15,,,,,,,,,,,,,,75.73,,52.16,,0.0,"[""annRet"", ""artist"", ""compRank"", ""compScore"", ""conf"", ""covStatus"", ""dataConf"", ""dd"", ""drop"", ""family"", ""finish"", ""hist"", ""id"", ""incRet"", ""ipArtist"", ""liq"", ""mom"", ""msrp"", ""name"", ""obs"", ""peak"", ""price"", ""r30"", ""r365"", ""r90"", ""ras"", ""rec"", ""recScore"", ""rel"", ""risk"", ""scarcity"", ""score"", ""super"", ""ub"", ""value"", ""year""]"
secret_lair,SL-92D9B3EFB117F4,,The Stars Gaze Back - Non-Foil Edition — Nonfoil Edition,the stars gaze back non foil edition nonfoil edition,secret_lair,88.95,,,,0.9895,,,,,,,,,,76.25,,58.89,,0.0,"[""annRet"", ""artist"", ""compRank"", ""compScore"", ""conf"", ""covStatus"", ""dataConf"", ""dd"", ""drop"", ""family"", ""finish"", ""hist"", ""id"", ""incRet"", ""ipArtist"", ""liq"", ""mom"", ""msrp"", ""name"", ""obs"", ""peak"", ""price"", ""r30"", ""r365"", ""r90"", ""ras"", ""rec"", ""recScore"", ""rel"", ""risk"", ""scarcity"", ""score"", ""super"", ""ub"", ""value"", ""year""]"
secret_lair,SL-6F5DC80C66F4E7,,Showcase: Kaldheim - Part 2 - Non-Foil Edition — Nonfoil Edition,showcase kaldheim part 2 non foil edition nonfoil edition,secret_lair,26.7,,,,0.1204,,,,,,,,,,76.25,,56.36,,-0.4228,"[""annRet"", ""artist"", ""compRank"", ""compScore"", ""conf"", ""covStatus"", ""dataConf"", ""dd"", ""drop"", ""family"", ""finish"", ""hist"", ""id"", ""incRet"", ""ipArtist"", ""liq"", ""mom"", ""msrp"", ""name"", ""obs"", ""peak"", ""price"", ""r30"", ""r365"", ""r90"", ""ras"", ""rec"", ""recScore"", ""rel"", ""risk"", ""scarcity"", ""score"", ""super"", ""ub"", ""value"", ""year""]"
secret_lair,SL-A4B37777A977B9,,Spring Superdrop 2024: All The Foils Are Blooming Bundle — Foil Edition,spring superdrop 2024 all the foils are blooming bundle foil edition,secret_lair,574.85,,,,0.4918,,,,,,,,,,71.25,,55.04,,-0.0001,"[""annRet"", ""artist"", ""compRank"", ""compScore"", ""conf"", ""covStatus"", ""dataConf"", ""dd"", ""drop"", ""family"", ""finish"", ""hist"", ""id"", ""incRet"", ""ipArtist"", ""liq"", ""mom"", ""msrp"", ""name"", ""obs"", ""peak"", ""price"", ""r30"", ""r365"", ""r90"", ""ras"", ""rec"", ""recScore"", ""rel"", ""risk"", ""scarcity"", ""score"", ""super"", ""ub"", ""value"", ""year""]"
secret_lair,SL-3AED22057A4FFB,,Our Boss is on Vacation Superdrop: Pick 'Em and Stick 'Em - Non-Foil Edition — Nonfoil Edition,our boss is on vacation superdrop pick em and stick em non foil edition nonfoil edition,secret_lair,41.13,,,,0.5777,,,,,,,,,,76.25,,56.03,,0.0,"[""annRet"", ""artist"", ""compRank"", ""compScore"", ""conf"", ""covStatus"", ""dataConf"", ""dd"", ""drop"", ""family"", ""finish"", ""hist"", ""id"", ""incRet"", ""ipArtist"", ""liq"", ""mom"", ""msrp"", ""name"", ""obs"", ""peak"", ""price"", ""r30"", ""r365"", ""r90"", ""ras"", ""rec"", ""recScore"", ""rel"", ""risk"", ""scarcity"", ""score"", ""super"", ""ub"", ""value"", ""year""]"
secret_lair,SL-1B4F52C53867DC,,Arcane - Traditional Foil Edition — Foil Edition,arcane traditional foil edition foil edition,secret_lair,110.71,,,,0.0646,,,,,,,,,,76.25,,51.7,,-0.0512,"[""annRet"", ""artist"", ""compRank"", ""compScore"", ""conf"", ""covStatus"", ""dataConf"", ""dd"", ""drop"", ""family"", ""finish"", ""hist"", ""id"", ""incRet"", ""ipArtist"", ""liq"", ""mom"", ""msrp"", ""name"", ""obs"", ""peak"", ""price"", ""r30"", ""r365"", ""r90"", ""ras"", ""rec"", ""recScore"", ""rel"", ""risk"", ""scarcity"", ""score"", ""super"", ""ub"", ""value"", ""year""]"
secret_lair,SL-50C145DADB01EC,,If Looks Could Kill - Traditional Foil Edition — Foil Edition,if looks could kill traditional foil edition foil edition,secret_lair,38.52,,,,-0.0503,,,,,,,,,,76.25,,48.63,,-0.0826,"[""annRet"", ""artist"", ""compRank"", ""compScore"", ""conf"", ""covStatus"", ""dataConf"", ""dd"", ""drop"", ""family"", ""finish"", ""hist"", ""id"", ""incRet"", ""ipArtist"", ""liq"", ""mom"", ""msrp"", ""name"", ""obs"", ""peak"", ""price"", ""r30"", ""r365"", ""r90"", ""ras"", ""rec"", ""recScore"", ""rel"", ""risk"", ""scarcity"", ""score"", ""super"", ""ub"", ""value"", ""year""]"
secret_lair,SL-452614AF0A815A,,Winter Superdrop 2024: Beastly Breakfast Omens Bundle - Foil Edition — Foil Edition,winter superdrop 2024 beastly breakfast omens bundle foil edition foil edition,secret_lair,399.98,,,,0.1769,,,,,,,,,,71.25,,53.39,,0.0,"[""annRet"", ""artist"", ""compRank"", ""compScore"", ""conf"", ""covStatus"", ""dataConf"", ""dd"", ""drop"", ""family"", ""finish"", ""hist"", ""id"", ""incRet"", ""ipArtist"", ""liq"", ""mom"", ""msrp"", ""name"", ""obs"", ""peak"", ""price"", ""r30"", ""r365"", ""r90"", ""ras"", ""rec"", ""recScore"", ""rel"", ""risk"", ""scarcity"", ""score"", ""super"", ""ub"", ""value"", ""year""]"
secret_lair,SL-F886C775F2D753,,Featuring: Mitsuhiro Arita - Rainbow Foil Edition — Foil Edition,featuring mitsuhiro arita rainbow foil edition foil edition,secret_lair,34.22,,,,-0.0412,,,,,,,,,,76.25,,49.98,,-0.4924,"[""annRet"", ""artist"", ""compRank"", ""compScore"", ""conf"", ""covStatus"", ""dataConf"", ""dd"", ""drop"", ""family"", ""finish"", ""hist"", ""id"", ""incRet"", ""ipArtist"", ""liq"", ""mom"", ""msrp"", ""name"", ""obs"", ""peak"", ""price"", ""r30"", ""r365"", ""r90"", ""ras"", ""rec"", ""recScore"", ""rel"", ""risk"", ""scarcity"", ""score"", ""super"", ""ub"", ""value"", ""year""]"
secret_lair,SL-97078E5D14EBE4,,Showcase: Outlaws of Thunder Junction - Non-Foil Edition — Nonfoil Edition,showcase outlaws of thunder junction non foil edition nonfoil edition,secret_lair,36.27,,,,0.897,,,,,,,,,,76.25,,58.13,,-0.3953,"[""annRet"", ""artist"", ""compRank"", ""compScore"", ""conf"", ""covStatus"", ""dataConf"", ""dd"", ""drop"", ""family"", ""finish"", ""hist"", ""id"", ""incRet"", ""ipArtist"", ""liq"", ""mom"", ""msrp"", ""name"", ""obs"", ""peak"", ""price"", ""r30"", ""r365"", ""r90"", ""ras"", ""rec"", ""recScore"", ""rel"", ""risk"", ""scarcity"", ""score"", ""super"", ""ub"", ""value"", ""year""]"
secret_lair,SL-62BFC9811DD915,,Featuring: Not a Wolf - Traditional Foil Edition — Foil Edition,featuring not a wolf traditional foil edition foil edition,secret_lair,73.58,,,,0.2106,,,,,,,,,,76.25,,52.22,,-0.6127,"[""annRet"", ""artist"", ""compRank"", ""compScore"", ""conf"", ""covStatus"", ""dataConf"", ""dd"", ""drop"", ""family"", ""finish"", ""hist"", ""id"", ""incRet"", ""ipArtist"", ""liq"", ""mom"", ""msrp"", ""name"", ""obs"", ""peak"", ""price"", ""r30"", ""r365"", ""r90"", ""ras"", ""rec"", ""recScore"", ""rel"", ""risk"", ""scarcity"", ""score"", ""super"", ""ub"", ""value"", ""year""]"
secret_lair,SL-B5F3C839262F36,,The '90s Binder Experience - Traditional Foil Edition — Foil Edition,the 90s binder experience traditional foil edition foil edition,secret_lair,113.3,,,,0.2002,,,,,,,,,,76.25,,50.99,,-0.0673,"[""annRet"", ""artist"", ""compRank"", ""compScore"", ""conf"", ""covStatus"", ""dataConf"", ""dd"", ""drop"", ""family"", ""finish"", ""hist"", ""id"", ""incRet"", ""ipArtist"", ""liq"", ""mom"", ""msrp"", ""name"", ""obs"", ""peak"", ""price"", ""r30"", ""r365"", ""r90"", ""ras"", ""rec"", ""recScore"", ""rel"", ""risk"", ""scarcity"", ""score"", ""super"", ""ub"", ""value"", ""year""]"
secret_lair,SL-E000815724EA2A,,Showcase: March of the Machine Vol. 2 - Halo Foil Edition — Foil Edition,showcase march of the machine vol 2 halo foil edition foil edition,secret_lair,74.23,,,,0.2803,,,,,,,,,,76.25,,50.67,,-0.1185,"[""annRet"", ""artist"", ""compRank"", ""compScore"", ""conf"", ""covStatus"", ""dataConf"", ""dd"", ""drop"", ""family"", ""finish"", ""hist"", ""id"", ""incRet"", ""ipArtist"", ""liq"", ""mom"", ""msrp"", ""name"", ""obs"", ""peak"", ""price"", ""r30"", ""r365"", ""r90"", ""ras"", ""rec"", ""recScore"", ""rel"", ""risk"", ""scarcity"", ""score"", ""super"", ""ub"", ""value"", ""year""]"
secret_lair,SL-EDA5F0018F2448,2448,Ghostbusters: Slimer - Rainbow Foil Edition — Foil Edition,ghostbusters slimer rainbow foil edition foil edition,secret_lair,38.08,,,,0.0902,,,,,,,,,,76.25,,51.39,,-0.7427,"[""annRet"", ""artist"", ""compRank"", ""compScore"", ""conf"", ""covStatus"", ""dataConf"", ""dd"", ""drop"", ""family"", ""finish"", ""hist"", ""id"", ""incRet"", ""ipArtist"", ""liq"", ""mom"", ""msrp"", ""name"", ""obs"", ""peak"", ""price"", ""r30"", ""r365"", ""r90"", ""ras"", ""rec"", ""recScore"", ""rel"", ""risk"", ""scarcity"", ""score"", ""super"", ""ub"", ""value"", ""year""]"
secret_lair,SL-8D1031212D3210,3210,The Evil Dead - Traditional Foil Edition — Foil Edition,the evil dead traditional foil edition foil edition,secret_lair,220.65,,,,-0.0609,,,,,,,,,,76.25,,50.25,,-0.0734,"[""annRet"", ""artist"", ""compRank"", ""compScore"", ""conf"", ""covStatus"", ""dataConf"", ""dd"", ""drop"", ""family"", ""finish"", ""hist"", ""id"", ""incRet"", ""ipArtist"", ""liq"", ""mom"", ""msrp"", ""name"", ""obs"", ""peak"", ""price"", ""r30"", ""r365"", ""r90"", ""ras"", ""rec"", ""recScore"", ""rel"", ""risk"", ""scarcity"", ""score"", ""super"", ""ub"", ""value"", ""year""]"
secret_lair,SL-CD43B6F3D7A59F,,Dungeons & Dragons: Karlach's Rage - Non-Foil Edition — Nonfoil Edition,dungeons and dragons karlach s rage non foil edition nonfoil edition,secret_lair,146.97,,,,1.0169,,,,,,,,,,76.25,,58.89,,0.0,"[""annRet"", ""artist"", ""compRank"", ""compScore"", ""conf"", ""covStatus"", ""dataConf"", ""dd"", ""drop"", ""family"", ""finish"", ""hist"", ""id"", ""incRet"", ""ipArtist"", ""liq"", ""mom"", ""msrp"", ""name"", ""obs"", ""peak"", ""price"", ""r30"", ""r365"", ""r90"", ""ras"", ""rec"", ""recScore"", ""rel"", ""risk"", ""scarcity"", ""score"", ""super"", ""ub"", ""value"", ""year""]"
secret_lair,SL-4E446C326A35E0,,Artist Series: Randy Vargas - Non-Foil Edition — Nonfoil Edition,artist series randy vargas non foil edition nonfoil edition,secret_lair,43.13,,,,0.6685,,,,,,,,,,76.25,,54.66,,0.0,"[""annRet"", ""artist"", ""compRank"", ""compScore"", ""conf"", ""covStatus"", ""dataConf"", ""dd"", ""drop"", ""family"", ""finish"", ""hist"", ""id"", ""incRet"", ""ipArtist"", ""liq"", ""mom"", ""msrp"", ""name"", ""obs"", ""peak"", ""price"", ""r30"", ""r365"", ""r90"", ""ras"", ""rec"", ""recScore"", ""rel"", ""risk"", ""scarcity"", ""score"", ""super"", ""ub"", ""value"", ""year""]"
secret_lair,SL-3F1F1DB9343414,9343414,Special Guest: Jen Bartel - Non-Foil Edition — Nonfoil Edition,special guest jen bartel non foil edition nonfoil edition,secret_lair,63.95,,,,0.4844,,,,,,,,,,76.25,,53.99,,0.0,"[""annRet"", ""artist"", ""compRank"", ""compScore"", ""conf"", ""covStatus"", ""dataConf"", ""dd"", ""drop"", ""family"", ""finish"", ""hist"", ""id"", ""incRet"", ""ipArtist"", ""liq"", ""mom"", ""msrp"", ""name"", ""obs"", ""peak"", ""price"", ""r30"", ""r365"", ""r90"", ""ras"", ""rec"", ""recScore"", ""rel"", ""risk"", ""scarcity"", ""score"", ""super"", ""ub"", ""value"", ""year""]"
secret_lair,SL-BDFA9F0517DF31,,Special Guest: Junji Ito (Japanese) - Non-Foil Edition — Nonfoil Edition,special guest junji ito japanese non foil edition nonfoil edition,secret_lair,122.78,,,,0.4683,,,,,,,,,,76.25,,55.5,,0.0,"[""annRet"", ""artist"", ""compRank"", ""compScore"", ""conf"", ""covStatus"", ""dataConf"", ""dd"", ""drop"", ""family"", ""finish"", ""hist"", ""id"", ""incRet"", ""ipArtist"", ""liq"", ""mom"", ""msrp"", ""name"", ""obs"", ""peak"", ""price"", ""r30"", ""r365"", ""r90"", ""ras"", ""rec"", ""recScore"", ""rel"", ""risk"", ""scarcity"", ""score"", ""super"", ""ub"", ""value"", ""year""]"
secret_lair,SL-5DFBCE0AB83C38,,Monstrous Magazines - Rainbow Foil Edition — Foil Edition,monstrous magazines rainbow foil edition foil edition,secret_lair,47.36,,,,0.0693,,,,,,,,,,76.25,,51.2,,-0.68,"[""annRet"", ""artist"", ""compRank"", ""compScore"", ""conf"", ""covStatus"", ""dataConf"", ""dd"", ""drop"", ""family"", ""finish"", ""hist"", ""id"", ""incRet"", ""ipArtist"", ""liq"", ""mom"", ""msrp"", ""name"", ""obs"", ""peak"", ""price"", ""r30"", ""r365"", ""r90"", ""ras"", ""rec"", ""recScore"", ""rel"", ""risk"", ""scarcity"", ""score"", ""super"", ""ub"", ""value"", ""year""]"
secret_lair,SL-75EB6270819FE3,,Finally! Left-Handed Magic Cards - Non-Foil Edition — Nonfoil Edition,finally left handed magic cards non foil edition nonfoil edition,secret_lair,40.73,,,,0.1345,,,,,,,,,,76.25,,52.17,,0.0,"[""annRet"", ""artist"", ""compRank"", ""compScore"", ""conf"", ""covStatus"", ""dataConf"", ""dd"", ""drop"", ""family"", ""finish"", ""hist"", ""id"", ""incRet"", ""ipArtist"", ""liq"", ""mom"", ""msrp"", ""name"", ""obs"", ""peak"", ""price"", ""r30"", ""r365"", ""r90"", ""ras"", ""rec"", ""recScore"", ""rel"", ""risk"", ""scarcity"", ""score"", ""super"", ""ub"", ""value"", ""year""]"
secret_lair,SL-4735ED23F7A4FD,,vroooOOOMMMMMM! - Non-Foil Edition — Nonfoil Edition,vroooooommmmmm non foil edition nonfoil edition,secret_lair,48.03,,,,0.7789,,,,,,,,,,76.25,,55.31,,0.0,"[""annRet"", ""artist"", ""compRank"", ""compScore"", ""conf"", ""covStatus"", ""dataConf"", ""dd"", ""drop"", ""family"", ""finish"", ""hist"", ""id"", ""incRet"", ""ipArtist"", ""liq"", ""mom"", ""msrp"", ""name"", ""obs"", ""peak"", ""price"", ""r30"", ""r365"", ""r90"", ""ras"", ""rec"", ""recScore"", ""rel"", ""risk"", ""scarcity"", ""score"", ""super"", ""ub"", ""value"", ""year""]"
secret_lair,SL-F26AFF6BB24E88,,Marvel's Spider-Man: Daily Bugle Breaking News - Rainbow Foil Edition — Foil Edition,marvel s spider man daily bugle breaking news rainbow foil edition foil edition,secret_lair,42.4,,,,,,,,,,,,,,71.94,,57.47,,-0.4699,"[""annRet"", ""artist"", ""compRank"", ""compScore"", ""conf"", ""covStatus"", ""dataConf"", ""dd"", ""drop"", ""family"", ""finish"", ""hist"", ""id"", ""incRet"", ""ipArtist"", ""liq"", ""mom"", ""msrp"", ""name"", ""obs"", ""peak"", ""price"", ""r30"", ""r365"", ""r90"", ""ras"", ""rec"", ""recScore"", ""rel"", ""risk"", ""scarcity"", ""score"", ""super"", ""ub"", ""value"", ""year""]"
secret_lair,SL-01A33A04CE8DA9,,The Dracula Lands - Traditional Foil Edition — Foil Edition,the dracula lands traditional foil edition foil edition,secret_lair,56.61,,,,-0.0466,,,,,,,,,,76.25,,48.5,,-0.0729,"[""annRet"", ""artist"", ""compRank"", ""compScore"", ""conf"", ""covStatus"", ""dataConf"", ""dd"", ""drop"", ""family"", ""finish"", ""hist"", ""id"", ""incRet"", ""ipArtist"", ""liq"", ""mom"", ""msrp"", ""name"", ""obs"", ""peak"", ""price"", ""r30"", ""r365"", ""r90"", ""ras"", ""rec"", ""recScore"", ""rel"", ""risk"", ""scarcity"", ""score"", ""super"", ""ub"", ""value"", ""year""]"
secret_lair,SL-22454153307BC0,,Paradise Frost - Rainbow Foil Edition — Foil Edition,paradise frost rainbow foil edition foil edition,secret_lair,121.2,,,,-0.1042,,,,,,,,,,76.25,,49.68,,-0.1042,"[""annRet"", ""artist"", ""compRank"", ""compScore"", ""conf"", ""covStatus"", ""dataConf"", ""dd"", ""drop"", ""family"", ""finish"", ""hist"", ""id"", ""incRet"", ""ipArtist"", ""liq"", ""mom"", ""msrp"", ""name"", ""obs"", ""peak"", ""price"", ""r30"", ""r365"", ""r90"", ""ras"", ""rec"", ""recScore"", ""rel"", ""risk"", ""scarcity"", ""score"", ""super"", ""ub"", ""value"", ""year""]"
secret_lair,SL-E6815E809637CD,,Hatsune Miku: Digital Sensation EN - Non-Foil Edition — Nonfoil Edition,hatsune miku digital sensation en non foil edition nonfoil edition,secret_lair,124.86,,,,0.5686,,,,,,,,,,76.25,,56.99,,-0.2214,"[""annRet"", ""artist"", ""compRank"", ""compScore"", ""conf"", ""covStatus"", ""dataConf"", ""dd"", ""drop"", ""family"", ""finish"", ""hist"", ""id"", ""incRet"", ""ipArtist"", ""liq"", ""mom"", ""msrp"", ""name"", ""obs"", ""peak"", ""price"", ""r30"", ""r365"", ""r90"", ""ras"", ""rec"", ""recScore"", ""rel"", ""risk"", ""scarcity"", ""score"", ""super"", ""ub"", ""value"", ""year""]"
secret_lair,SL-89EE2906EE10D0,,More Borderless Planeswalkers (WPN Exclusive) - Traditional Foil Edition — Foil Edition,more borderless planeswalkers wpn exclusive traditional foil edition foil edition,secret_lair,30.64,,,,-0.0598,,,,,,,,,,76.25,,48.8,,-0.2485,"[""annRet"", ""artist"", ""compRank"", ""compScore"", ""conf"", ""covStatus"", ""dataConf"", ""dd"", ""drop"", ""family"", ""finish"", ""hist"", ""id"", ""incRet"", ""ipArtist"", ""liq"", ""mom"", ""msrp"", ""name"", ""obs"", ""peak"", ""price"", ""r30"", ""r365"", ""r90"", ""ras"", ""rec"", ""recScore"", ""rel"", ""risk"", ""scarcity"", ""score"", ""super"", ""ub"", ""value"", ""year""]"
secret_lair,SL-0E13518CC2D50B,,Special Guest: Kozyndan: Another Story - Traditional Foil Edition — Foil Edition,special guest kozyndan another story traditional foil edition foil edition,secret_lair,86.74,,,,0.2029,,,,,,,,,,76.25,,50.1,,-0.1231,"[""annRet"", ""artist"", ""compRank"", ""compScore"", ""conf"", ""covStatus"", ""dataConf"", ""dd"", ""drop"", ""family"", ""finish"", ""hist"", ""id"", ""incRet"", ""ipArtist"", ""liq"", ""mom"", ""msrp"", ""name"", ""obs"", ""peak"", ""price"", ""r30"", ""r365"", ""r90"", ""ras"", ""rec"", ""recScore"", ""rel"", ""risk"", ""scarcity"", ""score"", ""super"", ""ub"", ""value"", ""year""]"
secret_lair,SL-539814AFE340EF,,Secret Lair Promo: Deadeye Navigator - Rainbow Foil Edition — Foil Edition,secret lair promo deadeye navigator rainbow foil edition foil edition,secret_lair,6.2,,,,0.1273,,,,,,,,,,76.25,,49.76,,-0.076,"[""annRet"", ""artist"", ""compRank"", ""compScore"", ""conf"", ""covStatus"", ""dataConf"", ""dd"", ""drop"", ""family"", ""finish"", ""hist"", ""id"", ""incRet"", ""ipArtist"", ""liq"", ""mom"", ""msrp"", ""name"", ""obs"", ""peak"", ""price"", ""r30"", ""r365"", ""r90"", ""ras"", ""rec"", ""recScore"", ""rel"", ""risk"", ""scarcity"", ""score"", ""super"", ""ub"", ""value"", ""year""]"
secret_lair,SL-AC1856E0C8845C,,Featuring: the Mountain Goats - Traditional Foil Edition — Foil Edition,featuring the mountain goats traditional foil edition foil edition,secret_lair,90.62,,,,0.4179,,,,,,,,,,76.25,,52.45,,-0.0367,"[""annRet"", ""artist"", ""compRank"", ""compScore"", ""conf"", ""covStatus"", ""dataConf"", ""dd"", ""drop"", ""family"", ""finish"", ""hist"", ""id"", ""incRet"", ""ipArtist"", ""liq"", ""mom"", ""msrp"", ""name"", ""obs"", ""peak"", ""price"", ""r30"", ""r365"", ""r90"", ""ras"", ""rec"", ""recScore"", ""rel"", ""risk"", ""scarcity"", ""score"", ""super"", ""ub"", ""value"", ""year""]"
secret_lair,SL-8E83F173AEC350,,FINAL FANTASY: Gilded Lotus - Rainbow Foil Edition — Foil Edition,final fantasy gilded lotus rainbow foil edition foil edition,secret_lair,63.98,,,,-0.1242,,,,,,,,,,76.25,,50.42,,-0.3197,"[""annRet"", ""artist"", ""compRank"", ""compScore"", ""conf"", ""covStatus"", ""dataConf"", ""dd"", ""drop"", ""family"", ""finish"", ""hist"", ""id"", ""incRet"", ""ipArtist"", ""liq"", ""mom"", ""msrp"", ""name"", ""obs"", ""peak"", ""price"", ""r30"", ""r365"", ""r90"", ""ras"", ""rec"", ""recScore"", ""rel"", ""risk"", ""scarcity"", ""score"", ""super"", ""ub"", ""value"", ""year""]"
secret_lair,SL-10F7835581923D,,Phyrexian Praetors: Compleat Edition - Non-Foil Edition — Nonfoil Edition,phyrexian praetors compleat edition non foil edition nonfoil edition,secret_lair,63.11,,,,0.4505,,,,,,,,,,76.25,,54.09,,0.0,"[""annRet"", ""artist"", ""compRank"", ""compScore"", ""conf"", ""covStatus"", ""dataConf"", ""dd"", ""drop"", ""family"", ""finish"", ""hist"", ""id"", ""incRet"", ""ipArtist"", ""liq"", ""mom"", ""msrp"", ""name"", ""obs"", ""peak"", ""price"", ""r30"", ""r365"", ""r90"", ""ras"", ""rec"", ""recScore"", ""rel"", ""risk"", ""scarcity"", ""score"", ""super"", ""ub"", ""value"", ""year""]"
secret_lair,SL-23F2295DED1E9C,,Sheldon's Spellbook - Rainbow Foil Edition — Foil Edition,sheldon s spellbook rainbow foil edition foil edition,secret_lair,71.06,,,,0.0897,,,,,,,,,,76.25,,50.07,,-0.5099,"[""annRet"", ""artist"", ""compRank"", ""compScore"", ""conf"", ""covStatus"", ""dataConf"", ""dd"", ""drop"", ""family"", ""finish"", ""hist"", ""id"", ""incRet"", ""ipArtist"", ""liq"", ""mom"", ""msrp"", ""name"", ""obs"", ""peak"", ""price"", ""r30"", ""r365"", ""r90"", ""ras"", ""rec"", ""recScore"", ""rel"", ""risk"", ""scarcity"", ""score"", ""super"", ""ub"", ""value"", ""year""]"
secret_lair,SL-E0414D04317EA2,,Dungeons & Dragons: Astarion's Thirst - Non-Foil Edition — Nonfoil Edition,dungeons and dragons astarion s thirst non foil edition nonfoil edition,secret_lair,151.2,,,,0.9328,,,,,,,,,,76.25,,57.47,,0.0,"[""annRet"", ""artist"", ""compRank"", ""compScore"", ""conf"", ""covStatus"", ""dataConf"", ""dd"", ""drop"", ""family"", ""finish"", ""hist"", ""id"", ""incRet"", ""ipArtist"", ""liq"", ""mom"", ""msrp"", ""name"", ""obs"", ""peak"", ""price"", ""r30"", ""r365"", ""r90"", ""ras"", ""rec"", ""recScore"", ""rel"", ""risk"", ""scarcity"", ""score"", ""super"", ""ub"", ""value"", ""year""]"
secret_lair,SL-6A188AFCDB31E1,,Assassin's Creed: Lethal Legends - Rainbow Foil Edition — Foil Edition,assassin s creed lethal legends rainbow foil edition foil edition,secret_lair,86.85,,,,0.2563,,,,,,,,,,76.25,,53.57,,-0.7105,"[""annRet"", ""artist"", ""compRank"", ""compScore"", ""conf"", ""covStatus"", ""dataConf"", ""dd"", ""drop"", ""family"", ""finish"", ""hist"", ""id"", ""incRet"", ""ipArtist"", ""liq"", ""mom"", ""msrp"", ""name"", ""obs"", ""peak"", ""price"", ""r30"", ""r365"", ""r90"", ""ras"", ""rec"", ""recScore"", ""rel"", ""risk"", ""scarcity"", ""score"", ""super"", ""ub"", ""value"", ""year""]"
secret_lair,SL-8B470F1D9379AF,,Featuring: Andrew Maclean - Rainbow Foil Edition — Foil Edition,featuring andrew maclean rainbow foil edition foil edition,secret_lair,40.86,,,,0.2484,,,,,,,,,,76.25,,52.2,,-0.8638,"[""annRet"", ""artist"", ""compRank"", ""compScore"", ""conf"", ""covStatus"", ""dataConf"", ""dd"", ""drop"", ""family"", ""finish"", ""hist"", ""id"", ""incRet"", ""ipArtist"", ""liq"", ""mom"", ""msrp"", ""name"", ""obs"", ""peak"", ""price"", ""r30"", ""r365"", ""r90"", ""ras"", ""rec"", ""recScore"", ""rel"", ""risk"", ""scarcity"", ""score"", ""super"", ""ub"", ""value"", ""year""]"
secret_lair,SL-ACABE87A5A45D3,,Marvel's Deadpool - Rainbow Foil Edition — Foil Edition,marvel s deadpool rainbow foil edition foil edition,secret_lair,68.54,,,,0.1209,,,,,,,,,,76.25,,47.83,,-0.1032,"[""annRet"", ""artist"", ""compRank"", ""compScore"", ""conf"", ""covStatus"", ""dataConf"", ""dd"", ""drop"", ""family"", ""finish"", ""hist"", ""id"", ""incRet"", ""ipArtist"", ""liq"", ""mom"", ""msrp"", ""name"", ""obs"", ""peak"", ""price"", ""r30"", ""r365"", ""r90"", ""ras"", ""rec"", ""recScore"", ""rel"", ""risk"", ""scarcity"", ""score"", ""super"", ""ub"", ""value"", ""year""]"
secret_lair,SL-A2E8FE14360AF9,,Theros Stargazing: Vol.III (Erebos) - Traditional Foil Edition — Foil Edition,theros stargazing vol iii erebos traditional foil edition foil edition,secret_lair,89.41,,,,0.0601,,,,,,,,,,76.25,,49.08,,-0.0889,"[""annRet"", ""artist"", ""compRank"", ""compScore"", ""conf"", ""covStatus"", ""dataConf"", ""dd"", ""drop"", ""family"", ""finish"", ""hist"", ""id"", ""incRet"", ""ipArtist"", ""liq"", ""mom"", ""msrp"", ""name"", ""obs"", ""peak"", ""price"", ""r30"", ""r365"", ""r90"", ""ras"", ""rec"", ""recScore"", ""rel"", ""risk"", ""scarcity"", ""score"", ""super"", ""ub"", ""value"", ""year""]"
secret_lair,SL-23FA662D95286E,,Draw Your Hand - Non-Foil Edition — Nonfoil Edition,draw your hand non foil edition nonfoil edition,secret_lair,41.67,,,,0.1572,,,,,,,,,,76.25,,50.61,,0.0,"[""annRet"", ""artist"", ""compRank"", ""compScore"", ""conf"", ""covStatus"", ""dataConf"", ""dd"", ""drop"", ""family"", ""finish"", ""hist"", ""id"", ""incRet"", ""ipArtist"", ""liq"", ""mom"", ""msrp"", ""name"", ""obs"", ""peak"", ""price"", ""r30"", ""r365"", ""r90"", ""ras"", ""rec"", ""recScore"", ""rel"", ""risk"", ""scarcity"", ""score"", ""super"", ""ub"", ""value"", ""year""]"
secret_lair,SL-D7984A9CB76C99,,Our Boss is on Vacation Superdrop: Garden Buds - Non-Foil Edition — Nonfoil Edition,our boss is on vacation superdrop garden buds non foil edition nonfoil edition,secret_lair,48.56,,,,0.8764,,,,,,,,,,76.25,,55.49,,0.0,"[""annRet"", ""artist"", ""compRank"", ""compScore"", ""conf"", ""covStatus"", ""dataConf"", ""dd"", ""drop"", ""family"", ""finish"", ""hist"", ""id"", ""incRet"", ""ipArtist"", ""liq"", ""mom"", ""msrp"", ""name"", ""obs"", ""peak"", ""price"", ""r30"", ""r365"", ""r90"", ""ras"", ""rec"", ""recScore"", ""rel"", ""risk"", ""scarcity"", ""score"", ""super"", ""ub"", ""value"", ""year""]"
secret_lair,SL-568C9C053EB3C5,,Arcade Racers - Non-Foil Edition — Nonfoil Edition,arcade racers non foil edition nonfoil edition,secret_lair,33.86,,,,0.2184,,,,,,,,,,76.25,,49.83,,0.0,"[""annRet"", ""artist"", ""compRank"", ""compScore"", ""conf"", ""covStatus"", ""dataConf"", ""dd"", ""drop"", ""family"", ""finish"", ""hist"", ""id"", ""incRet"", ""ipArtist"", ""liq"", ""mom"", ""msrp"", ""name"", ""obs"", ""peak"", ""price"", ""r30"", ""r365"", ""r90"", ""ras"", ""rec"", ""recScore"", ""rel"", ""risk"", ""scarcity"", ""score"", ""super"", ""ub"", ""value"", ""year""]"
secret_lair,SL-239D6859BD1D9C,,Diabolical Dioramas - Non-Foil Edition — Nonfoil Edition,diabolical dioramas non foil edition nonfoil edition,secret_lair,38.36,,,,0.6966,,,,,,,,,,76.25,,54.54,,-0.2,"[""annRet"", ""artist"", ""compRank"", ""compScore"", ""conf"", ""covStatus"", ""dataConf"", ""dd"", ""drop"", ""family"", ""finish"", ""hist"", ""id"", ""incRet"", ""ipArtist"", ""liq"", ""mom"", ""msrp"", ""name"", ""obs"", ""peak"", ""price"", ""r30"", ""r365"", ""r90"", ""ras"", ""rec"", ""recScore"", ""rel"", ""risk"", ""scarcity"", ""score"", ""super"", ""ub"", ""value"", ""year""]"
secret_lair,SL-F3D3088DA018D0,,Dungeons & Dragons: Death is in the Eyes of the Beholder I - Rainbow Foil Edition — Foil Edition,dungeons and dragons death is in the eyes of the beholder i rainbow foil edition foil edition,secret_lair,46.83,,,,0.0962,,,,,,,,,,76.25,,50.76,,-0.4491,"[""annRet"", ""artist"", ""compRank"", ""compScore"", ""conf"", ""covStatus"", ""dataConf"", ""dd"", ""drop"", ""family"", ""finish"", ""hist"", ""id"", ""incRet"", ""ipArtist"", ""liq"", ""mom"", ""msrp"", ""name"", ""obs"", ""peak"", ""price"", ""r30"", ""r365"", ""r90"", ""ras"", ""rec"", ""recScore"", ""rel"", ""risk"", ""scarcity"", ""score"", ""super"", ""ub"", ""value"", ""year""]"
secret_lair,SL-61E8E5DF8B1BBE,,Hatsune Miku: Electric Entourage EN - Non-Foil Edition — Nonfoil Edition,hatsune miku electric entourage en non foil edition nonfoil edition,secret_lair,94.33,,,,0.7675,,,,,,,,,,76.25,,58.89,,-0.5342,"[""annRet"", ""artist"", ""compRank"", ""compScore"", ""conf"", ""covStatus"", ""dataConf"", ""dd"", ""drop"", ""family"", ""finish"", ""hist"", ""id"", ""incRet"", ""ipArtist"", ""liq"", ""mom"", ""msrp"", ""name"", ""obs"", ""peak"", ""price"", ""r30"", ""r365"", ""r90"", ""ras"", ""rec"", ""recScore"", ""rel"", ""risk"", ""scarcity"", ""score"", ""super"", ""ub"", ""value"", ""year""]"
secret_lair,SL-7ECED24F562902,562902,Showcase: Midnight Hunt - Non-Foil Edition — Nonfoil Edition,showcase midnight hunt non foil edition nonfoil edition,secret_lair,51.65,,,,0.4444,,,,,,,,,,76.25,,53.43,,0.0,"[""annRet"", ""artist"", ""compRank"", ""compScore"", ""conf"", ""covStatus"", ""dataConf"", ""dd"", ""drop"", ""family"", ""finish"", ""hist"", ""id"", ""incRet"", ""ipArtist"", ""liq"", ""mom"", ""msrp"", ""name"", ""obs"", ""peak"", ""price"", ""r30"", ""r365"", ""r90"", ""ras"", ""rec"", ""recScore"", ""rel"", ""risk"", ""scarcity"", ""score"", ""super"", ""ub"", ""value"", ""year""]"
secret_lair,SL-9EDDAD28E6FDFB,,Marvel's Storm - Rainbow Foil Edition — Foil Edition,marvel s storm rainbow foil edition foil edition,secret_lair,98.77,,,,0.078,,,,,,,,,,76.25,,49.68,,-0.0957,"[""annRet"", ""artist"", ""compRank"", ""compScore"", ""conf"", ""covStatus"", ""dataConf"", ""dd"", ""drop"", ""family"", ""finish"", ""hist"", ""id"", ""incRet"", ""ipArtist"", ""liq"", ""mom"", ""msrp"", ""name"", ""obs"", ""peak"", ""price"", ""r30"", ""r365"", ""r90"", ""ras"", ""rec"", ""recScore"", ""rel"", ""risk"", ""scarcity"", ""score"", ""super"", ""ub"", ""value"", ""year""]"
secret_lair,SL-FDAA65C601D268,,Our Boss is on Vacation Superdrop: Spongebob Squarepants Bundle - Non-Foil Edition — Nonfoil Edition,our boss is on vacation superdrop spongebob squarepants bundle non foil edition nonfoil edition,secret_lair,238.3,,,,0.8479,,,,,,,,,,76.25,,56.94,,0.0,"[""annRet"", ""artist"", ""compRank"", ""compScore"", ""conf"", ""covStatus"", ""dataConf"", ""dd"", ""drop"", ""family"", ""finish"", ""hist"", ""id"", ""incRet"", ""ipArtist"", ""liq"", ""mom"", ""msrp"", ""name"", ""obs"", ""peak"", ""price"", ""r30"", ""r365"", ""r90"", ""ras"", ""rec"", ""recScore"", ""rel"", ""risk"", ""scarcity"", ""score"", ""super"", ""ub"", ""value"", ""year""]"
secret_lair,SL-D14CD1568AC703,,KEXP: Where the Music Matters - Rainbow Foil Edition — Foil Edition,kexp where the music matters rainbow foil edition foil edition,secret_lair,37.66,,,,-0.3151,,,,,,,,,,76.25,,47.62,,-0.3805,"[""annRet"", ""artist"", ""compRank"", ""compScore"", ""conf"", ""covStatus"", ""dataConf"", ""dd"", ""drop"", ""family"", ""finish"", ""hist"", ""id"", ""incRet"", ""ipArtist"", ""liq"", ""mom"", ""msrp"", ""name"", ""obs"", ""peak"", ""price"", ""r30"", ""r365"", ""r90"", ""ras"", ""rec"", ""recScore"", ""rel"", ""risk"", ""scarcity"", ""score"", ""super"", ""ub"", ""value"", ""year""]"
secret_lair,SL-47609F826AE46F,,FINAL FANTASY: Weapons - Non-Foil Edition — Nonfoil Edition,final fantasy weapons non foil edition nonfoil edition,secret_lair,93.52,,,,0.4372,,,,,,,,,,76.25,,54.18,,0.0,"[""annRet"", ""artist"", ""compRank"", ""compScore"", ""conf"", ""covStatus"", ""dataConf"", ""dd"", ""drop"", ""family"", ""finish"", ""hist"", ""id"", ""incRet"", ""ipArtist"", ""liq"", ""mom"", ""msrp"", ""name"", ""obs"", ""peak"", ""price"", ""r30"", ""r365"", ""r90"", ""ras"", ""rec"", ""recScore"", ""rel"", ""risk"", ""scarcity"", ""score"", ""super"", ""ub"", ""value"", ""year""]"
secret_lair,SL-832BF55C6E27A1,,Showcase: Read The Fine Print - Non-Foil Edition — Nonfoil Edition,showcase read the fine print non foil edition nonfoil edition,secret_lair,37.61,,,,0.3652,,,,,,,,,,76.25,,52.11,,-0.011,"[""annRet"", ""artist"", ""compRank"", ""compScore"", ""conf"", ""covStatus"", ""dataConf"", ""dd"", ""drop"", ""family"", ""finish"", ""hist"", ""id"", ""incRet"", ""ipArtist"", ""liq"", ""mom"", ""msrp"", ""name"", ""obs"", ""peak"", ""price"", ""r30"", ""r365"", ""r90"", ""ras"", ""rec"", ""recScore"", ""rel"", ""risk"", ""scarcity"", ""score"", ""super"", ""ub"", ""value"", ""year""]"
secret_lair,SL-E761E1777C5411,5411,Through the Wormhole - Non-Foil Edition — Nonfoil Edition,through the wormhole non foil edition nonfoil edition,secret_lair,209.45,,,,0.6977,,,,,,,,,,76.25,,53.94,,0.0,"[""annRet"", ""artist"", ""compRank"", ""compScore"", ""conf"", ""covStatus"", ""dataConf"", ""dd"", ""drop"", ""family"", ""finish"", ""hist"", ""id"", ""incRet"", ""ipArtist"", ""liq"", ""mom"", ""msrp"", ""name"", ""obs"", ""peak"", ""price"", ""r30"", ""r365"", ""r90"", ""ras"", ""rec"", ""recScore"", ""rel"", ""risk"", ""scarcity"", ""score"", ""super"", ""ub"", ""value"", ""year""]"
secret_lair,SL-B0DEB8AFB8B821,,Artist Series: Wayne Reynolds - Non-Foil Edition — Nonfoil Edition,artist series wayne reynolds non foil edition nonfoil edition,secret_lair,27.44,,,,0.3412,,,,,,,,,,76.25,,51.6,,0.0,"[""annRet"", ""artist"", ""compRank"", ""compScore"", ""conf"", ""covStatus"", ""dataConf"", ""dd"", ""drop"", ""family"", ""finish"", ""hist"", ""id"", ""incRet"", ""ipArtist"", ""liq"", ""mom"", ""msrp"", ""name"", ""obs"", ""peak"", ""price"", ""r30"", ""r365"", ""r90"", ""ras"", ""rec"", ""recScore"", ""rel"", ""risk"", ""scarcity"", ""score"", ""super"", ""ub"", ""value"", ""year""]"
secret_lair,SL-EE73A455D6DAFC,,Magic: The Baseballing - Non-Foil Edition — Nonfoil Edition,magic the baseballing non foil edition nonfoil edition,secret_lair,77.32,,,,0.1124,,,,,,,,,,76.25,,52.64,,0.0,"[""annRet"", ""artist"", ""compRank"", ""compScore"", ""conf"", ""covStatus"", ""dataConf"", ""dd"", ""drop"", ""family"", ""finish"", ""hist"", ""id"", ""incRet"", ""ipArtist"", ""liq"", ""mom"", ""msrp"", ""name"", ""obs"", ""peak"", ""price"", ""r30"", ""r365"", ""r90"", ""ras"", ""rec"", ""recScore"", ""rel"", ""risk"", ""scarcity"", ""score"", ""super"", ""ub"", ""value"", ""year""]"
secret_lair,SL-A6ECC7D38BF81A,,Summer Superdrop 2025 - The Summer Superdrop Bundle (Rainbow Foil Edition) — Foil Edition,summer superdrop 2025 the summer superdrop bundle rainbow foil edition foil edition,secret_lair,799.95,,,,-0.0589,,,,,,,,,,76.25,,49.25,,-0.0589,"[""annRet"", ""artist"", ""compRank"", ""compScore"", ""conf"", ""covStatus"", ""dataConf"", ""dd"", ""drop"", ""family"", ""finish"", ""hist"", ""id"", ""incRet"", ""ipArtist"", ""liq"", ""mom"", ""msrp"", ""name"", ""obs"", ""peak"", ""price"", ""r30"", ""r365"", ""r90"", ""ras"", ""rec"", ""recScore"", ""rel"", ""risk"", ""scarcity"", ""score"", ""super"", ""ub"", ""value"", ""year""]"
secret_lair,SL-7C656D70CEC8AA,,Sonic the Hedgehog Superdrop: Chasing Adventure (Rainbow Foil) — Foil Edition,sonic the hedgehog superdrop chasing adventure rainbow foil foil edition,secret_lair,49.34,,,,,,,,,,,,,,75.73,,50.46,,-0.3434,"[""annRet"", ""artist"", ""compRank"", ""compScore"", ""conf"", ""covStatus"", ""dataConf"", ""dd"", ""drop"", ""family"", ""finish"", ""hist"", ""id"", ""incRet"", ""ipArtist"", ""liq"", ""mom"", ""msrp"", ""name"", ""obs"", ""peak"", ""price"", ""r30"", ""r365"", ""r90"", ""ras"", ""rec"", ""recScore"", ""rel"", ""risk"", ""scarcity"", ""score"", ""super"", ""ub"", ""value"", ""year""]"
secret_lair,SL-4C3509AD7E230B,,Dungeons & Dragons: An Exhibition of Adventure - Non-Foil Edition — Nonfoil Edition,dungeons and dragons an exhibition of adventure non foil edition nonfoil edition,secret_lair,67.6,,,,0.5006,,,,,,,,,,76.25,,54.71,,-0.1854,"[""annRet"", ""artist"", ""compRank"", ""compScore"", ""conf"", ""covStatus"", ""dataConf"", ""dd"", ""drop"", ""family"", ""finish"", ""hist"", ""id"", ""incRet"", ""ipArtist"", ""liq"", ""mom"", ""msrp"", ""name"", ""obs"", ""peak"", ""price"", ""r30"", ""r365"", ""r90"", ""ras"", ""rec"", ""recScore"", ""rel"", ""risk"", ""scarcity"", ""score"", ""super"", ""ub"", ""value"", ""year""]"
secret_lair,SL-A7E5B7F6EC8B4A,,Lorwyn Lightboxes - Rainbow Foil Edition — Foil Edition,lorwyn lightboxes rainbow foil edition foil edition,secret_lair,48.83,,,,0.2409,,,,,,,,,,76.25,,51.23,,-0.3845,"[""annRet"", ""artist"", ""compRank"", ""compScore"", ""conf"", ""covStatus"", ""dataConf"", ""dd"", ""drop"", ""family"", ""finish"", ""hist"", ""id"", ""incRet"", ""ipArtist"", ""liq"", ""mom"", ""msrp"", ""name"", ""obs"", ""peak"", ""price"", ""r30"", ""r365"", ""r90"", ""ras"", ""rec"", ""recScore"", ""rel"", ""risk"", ""scarcity"", ""score"", ""super"", ""ub"", ""value"", ""year""]"
secret_lair,SL-B7E3C5DC70940E,,Brain Dead: Creatures - Rainbow Foil Edition — Foil Edition,brain dead creatures rainbow foil edition foil edition,secret_lair,62.12,,,,0.2971,,,,,,,,,,76.25,,53.26,,-0.7929,"[""annRet"", ""artist"", ""compRank"", ""compScore"", ""conf"", ""covStatus"", ""dataConf"", ""dd"", ""drop"", ""family"", ""finish"", ""hist"", ""id"", ""incRet"", ""ipArtist"", ""liq"", ""mom"", ""msrp"", ""name"", ""obs"", ""peak"", ""price"", ""r30"", ""r365"", ""r90"", ""ras"", ""rec"", ""recScore"", ""rel"", ""risk"", ""scarcity"", ""score"", ""super"", ""ub"", ""value"", ""year""]"
secret_lair,SL-1D01680A770718,770718,Showcase: Duskmourn - Rainbow Foil Edition — Foil Edition,showcase duskmourn rainbow foil edition foil edition,secret_lair,38.31,,,,0.085,,,,,,,,,,76.25,,51.25,,-0.7403,"[""annRet"", ""artist"", ""compRank"", ""compScore"", ""conf"", ""covStatus"", ""dataConf"", ""dd"", ""drop"", ""family"", ""finish"", ""hist"", ""id"", ""incRet"", ""ipArtist"", ""liq"", ""mom"", ""msrp"", ""name"", ""obs"", ""peak"", ""price"", ""r30"", ""r365"", ""r90"", ""ras"", ""rec"", ""recScore"", ""rel"", ""risk"", ""scarcity"", ""score"", ""super"", ""ub"", ""value"", ""year""]"
secret_lair,SL-01E98F93055799,93055799,Artist Series: Sam Burley - Traditional Foil Edition — Foil Edition,artist series sam burley traditional foil edition foil edition,secret_lair,52.66,,,,0.3172,,,,,,,,,,76.25,,48.61,,-0.1065,"[""annRet"", ""artist"", ""compRank"", ""compScore"", ""conf"", ""covStatus"", ""dataConf"", ""dd"", ""drop"", ""family"", ""finish"", ""hist"", ""id"", ""incRet"", ""ipArtist"", ""liq"", ""mom"", ""msrp"", ""name"", ""obs"", ""peak"", ""price"", ""r30"", ""r365"", ""r90"", ""ras"", ""rec"", ""recScore"", ""rel"", ""risk"", ""scarcity"", ""score"", ""super"", ""ub"", ""value"", ""year""]"
secret_lair,SL-021B2153DBD979,,Artist Series: Johannes Voss - Traditional Foil Edition — Foil Edition,artist series johannes voss traditional foil edition foil edition,secret_lair,52.88,,,,0.013,,,,,,,,,,76.25,,48.92,,-0.1019,"[""annRet"", ""artist"", ""compRank"", ""compScore"", ""conf"", ""covStatus"", ""dataConf"", ""dd"", ""drop"", ""family"", ""finish"", ""hist"", ""id"", ""incRet"", ""ipArtist"", ""liq"", ""mom"", ""msrp"", ""name"", ""obs"", ""peak"", ""price"", ""r30"", ""r365"", ""r90"", ""ras"", ""rec"", ""recScore"", ""rel"", ""risk"", ""scarcity"", ""score"", ""super"", ""ub"", ""value"", ""year""]"
secret_lair,SL-7F55A4E4C3D3D0,,Fortnite: Landmarks and Locations - Traditional Foil Edition — Foil Edition,fortnite landmarks and locations traditional foil edition foil edition,secret_lair,66.88,,,,0.0001,,,,,,,,,,76.25,,48.62,,-0.0757,"[""annRet"", ""artist"", ""compRank"", ""compScore"", ""conf"", ""covStatus"", ""dataConf"", ""dd"", ""drop"", ""family"", ""finish"", ""hist"", ""id"", ""incRet"", ""ipArtist"", ""liq"", ""mom"", ""msrp"", ""name"", ""obs"", ""peak"", ""price"", ""r30"", ""r365"", ""r90"", ""ras"", ""rec"", ""recScore"", ""rel"", ""risk"", ""scarcity"", ""score"", ""super"", ""ub"", ""value"", ""year""]"
secret_lair,SL-946D20169FB178,,Artist Series: Magali Villeneuve - Non-Foil Edition — Nonfoil Edition,artist series magali villeneuve non foil edition nonfoil edition,secret_lair,26.62,,,,0.1564,,,,,,,,,,76.25,,50.57,,-0.0281,"[""annRet"", ""artist"", ""compRank"", ""compScore"", ""conf"", ""covStatus"", ""dataConf"", ""dd"", ""drop"", ""family"", ""finish"", ""hist"", ""id"", ""incRet"", ""ipArtist"", ""liq"", ""mom"", ""msrp"", ""name"", ""obs"", ""peak"", ""price"", ""r30"", ""r365"", ""r90"", ""ras"", ""rec"", ""recScore"", ""rel"", ""risk"", ""scarcity"", ""score"", ""super"", ""ub"", ""value"", ""year""]"
secret_lair,SL-DCDC09399C5D54,,Just Some Totally Normal Guys - Traditional Foil Edition — Foil Edition,just some totally normal guys traditional foil edition foil edition,secret_lair,36.22,,,,-0.2247,,,,,,,,,,76.25,,47.16,,-0.2495,"[""annRet"", ""artist"", ""compRank"", ""compScore"", ""conf"", ""covStatus"", ""dataConf"", ""dd"", ""drop"", ""family"", ""finish"", ""hist"", ""id"", ""incRet"", ""ipArtist"", ""liq"", ""mom"", ""msrp"", ""name"", ""obs"", ""peak"", ""price"", ""r30"", ""r365"", ""r90"", ""ras"", ""rec"", ""recScore"", ""rel"", ""risk"", ""scarcity"", ""score"", ""super"", ""ub"", ""value"", ""year""]"
secret_lair,SL-B0373781315725,0373781315725,Doctor Who: The Dalek Lands - Traditional Foil Edition — Foil Edition,doctor who the dalek lands traditional foil edition foil edition,secret_lair,54.84,,,,-0.0786,,,,,,,,,,76.25,,49.52,,-0.1675,"[""annRet"", ""artist"", ""compRank"", ""compScore"", ""conf"", ""covStatus"", ""dataConf"", ""dd"", ""drop"", ""family"", ""finish"", ""hist"", ""id"", ""incRet"", ""ipArtist"", ""liq"", ""mom"", ""msrp"", ""name"", ""obs"", ""peak"", ""price"", ""r30"", ""r365"", ""r90"", ""ras"", ""rec"", ""recScore"", ""rel"", ""risk"", ""scarcity"", ""score"", ""super"", ""ub"", ""value"", ""year""]"
secret_lair,SL-28E7EF25549A0F,,vroooOOOMMMMMM! - Rainbow Foil Playset Bundle — Foil Edition,vroooooommmmmm rainbow foil playset bundle foil edition,secret_lair,356.93,,,,0.1899,,,,,,,,,,71.25,,53.16,,0.0,"[""annRet"", ""artist"", ""compRank"", ""compScore"", ""conf"", ""covStatus"", ""dataConf"", ""dd"", ""drop"", ""family"", ""finish"", ""hist"", ""id"", ""incRet"", ""ipArtist"", ""liq"", ""mom"", ""msrp"", ""name"", ""obs"", ""peak"", ""price"", ""r30"", ""r365"", ""r90"", ""ras"", ""rec"", ""recScore"", ""rel"", ""risk"", ""scarcity"", ""score"", ""super"", ""ub"", ""value"", ""year""]"
secret_lair,SL-01DC7B8F9D05F8,,Totally Spaced Out - Galaxy Foil Edition — Foil Edition,totally spaced out galaxy foil edition foil edition,secret_lair,160.02,,,,0.3308,,,,,,,,,,76.25,,50.52,,-0.0887,"[""annRet"", ""artist"", ""compRank"", ""compScore"", ""conf"", ""covStatus"", ""dataConf"", ""dd"", ""drop"", ""family"", ""finish"", ""hist"", ""id"", ""incRet"", ""ipArtist"", ""liq"", ""mom"", ""msrp"", ""name"", ""obs"", ""peak"", ""price"", ""r30"", ""r365"", ""r90"", ""ras"", ""rec"", ""recScore"", ""rel"", ""risk"", ""scarcity"", ""score"", ""super"", ""ub"", ""value"", ""year""]"
secret_lair,SL-9717333D02A391,,Ghostbusters: The Real Ghostbusters - Rainbow Foil Edition — Foil Edition,ghostbusters the real ghostbusters rainbow foil edition foil edition,secret_lair,37.58,,,,0.2498,,,,,,,,,,76.25,,50.92,,-0.7452,"[""annRet"", ""artist"", ""compRank"", ""compScore"", ""conf"", ""covStatus"", ""dataConf"", ""dd"", ""drop"", ""family"", ""finish"", ""hist"", ""id"", ""incRet"", ""ipArtist"", ""liq"", ""mom"", ""msrp"", ""name"", ""obs"", ""peak"", ""price"", ""r30"", ""r365"", ""r90"", ""ras"", ""rec"", ""recScore"", ""rel"", ""risk"", ""scarcity"", ""score"", ""super"", ""ub"", ""value"", ""year""]"
secret_lair,SL-9956C343D188B0,,Aether Drifters - Traditional Foil Edition — Foil Edition,aether drifters traditional foil edition foil edition,secret_lair,41.84,,,,-0.1439,,,,,,,,,,76.25,,47.81,,-0.2957,"[""annRet"", ""artist"", ""compRank"", ""compScore"", ""conf"", ""covStatus"", ""dataConf"", ""dd"", ""drop"", ""family"", ""finish"", ""hist"", ""id"", ""incRet"", ""ipArtist"", ""liq"", ""mom"", ""msrp"", ""name"", ""obs"", ""peak"", ""price"", ""r30"", ""r365"", ""r90"", ""ras"", ""rec"", ""recScore"", ""rel"", ""risk"", ""scarcity"", ""score"", ""super"", ""ub"", ""value"", ""year""]"
secret_lair,SL-EA8B400EB7587C,,The Strange Sands: Swamp - Rainbow Foil Edition — Foil Edition,the strange sands swamp rainbow foil edition foil edition,secret_lair,76.75,,,,-0.0222,,,,,,,,,,76.25,,49.79,,-0.2324,"[""annRet"", ""artist"", ""compRank"", ""compScore"", ""conf"", ""covStatus"", ""dataConf"", ""dd"", ""drop"", ""family"", ""finish"", ""hist"", ""id"", ""incRet"", ""ipArtist"", ""liq"", ""mom"", ""msrp"", ""name"", ""obs"", ""peak"", ""price"", ""r30"", ""r365"", ""r90"", ""ras"", ""rec"", ""recScore"", ""rel"", ""risk"", ""scarcity"", ""score"", ""super"", ""ub"", ""value"", ""year""]"
secret_lair,SL-0559BC4D37DF0B,,Fallout: Points of Interest - Non-Foil Edition — Nonfoil Edition,fallout points of interest non foil edition nonfoil edition,secret_lair,92.7,,,,0.628,,,,,,,,,,76.25,,54.4,,0.0,"[""annRet"", ""artist"", ""compRank"", ""compScore"", ""conf"", ""covStatus"", ""dataConf"", ""dd"", ""drop"", ""family"", ""finish"", ""hist"", ""id"", ""incRet"", ""ipArtist"", ""liq"", ""mom"", ""msrp"", ""name"", ""obs"", ""peak"", ""price"", ""r30"", ""r365"", ""r90"", ""ras"", ""rec"", ""recScore"", ""rel"", ""risk"", ""scarcity"", ""score"", ""super"", ""ub"", ""value"", ""year""]"
secret_lair,SL-14CB93A38C37A0,,Our Boss is on Vacation Superdrop: Secret Lair High Class of '87 - Traditional Foil Edition — Foil Edition,our boss is on vacation superdrop secret lair high class of 87 traditional foil edition foil edition,secret_lair,21.28,,,,-0.1225,,,,,,,,,,76.25,,48.72,,-0.5819,"[""annRet"", ""artist"", ""compRank"", ""compScore"", ""conf"", ""covStatus"", ""dataConf"", ""dd"", ""drop"", ""family"", ""finish"", ""hist"", ""id"", ""incRet"", ""ipArtist"", ""liq"", ""mom"", ""msrp"", ""name"", ""obs"", ""peak"", ""price"", ""r30"", ""r365"", ""r90"", ""ras"", ""rec"", ""recScore"", ""rel"", ""risk"", ""scarcity"", ""score"", ""super"", ""ub"", ""value"", ""year""]"
secret_lair,SL-C7694953E368F4,,Monty Python: Monty Python and the Holy Grail: Vol. 1 - Non-Foil Edition — Nonfoil Edition,monty python monty python and the holy grail vol 1 non foil edition nonfoil edition,secret_lair,174.39,,,,0.6818,,,,,,,,,,76.25,,55.72,,-0.1192,"[""annRet"", ""artist"", ""compRank"", ""compScore"", ""conf"", ""covStatus"", ""dataConf"", ""dd"", ""drop"", ""family"", ""finish"", ""hist"", ""id"", ""incRet"", ""ipArtist"", ""liq"", ""mom"", ""msrp"", ""name"", ""obs"", ""peak"", ""price"", ""r30"", ""r365"", ""r90"", ""ras"", ""rec"", ""recScore"", ""rel"", ""risk"", ""scarcity"", ""score"", ""super"", ""ub"", ""value"", ""year""]"
secret_lair,SL-038D960C141CC9,,Secretversary Superdrop - A Box of Rocks - Non-Foil Edition — Nonfoil Edition,secretversary superdrop a box of rocks non foil edition nonfoil edition,secret_lair,38.01,,,,0.5156,,,,,,,,,,76.25,,53.9,,0.0,"[""annRet"", ""artist"", ""compRank"", ""compScore"", ""conf"", ""covStatus"", ""dataConf"", ""dd"", ""drop"", ""family"", ""finish"", ""hist"", ""id"", ""incRet"", ""ipArtist"", ""liq"", ""mom"", ""msrp"", ""name"", ""obs"", ""peak"", ""price"", ""r30"", ""r365"", ""r90"", ""ras"", ""rec"", ""recScore"", ""rel"", ""risk"", ""scarcity"", ""score"", ""super"", ""ub"", ""value"", ""year""]"
secret_lair,SL-BF3E293642759E,,Goblin & Squabblin' - Non-Foil Edition — Nonfoil Edition,goblin and squabblin non foil edition nonfoil edition,secret_lair,299.3,,,,2.7876,,,,,,,,,,76.25,,58.89,,0.0,"[""annRet"", ""artist"", ""compRank"", ""compScore"", ""conf"", ""covStatus"", ""dataConf"", ""dd"", ""drop"", ""family"", ""finish"", ""hist"", ""id"", ""incRet"", ""ipArtist"", ""liq"", ""mom"", ""msrp"", ""name"", ""obs"", ""peak"", ""price"", ""r30"", ""r365"", ""r90"", ""ras"", ""rec"", ""recScore"", ""rel"", ""risk"", ""scarcity"", ""score"", ""super"", ""ub"", ""value"", ""year""]"
secret_lair,SL-1AC45BAFCC79A8,,MagicCon: The Gathering - Rainbow Foil Edition — Foil Edition,magiccon the gathering rainbow foil edition foil edition,secret_lair,38.39,,,,,,,,,,,,,,71.94,,50.07,,-0.1909,"[""annRet"", ""artist"", ""compRank"", ""compScore"", ""conf"", ""covStatus"", ""dataConf"", ""dd"", ""drop"", ""family"", ""finish"", ""hist"", ""id"", ""incRet"", ""ipArtist"", ""liq"", ""mom"", ""msrp"", ""name"", ""obs"", ""peak"", ""price"", ""r30"", ""r365"", ""r90"", ""ras"", ""rec"", ""recScore"", ""rel"", ""risk"", ""scarcity"", ""score"", ""super"", ""ub"", ""value"", ""year""]"
secret_lair,SL-F0D638918879B3,,Doctor Who: The Weeping Angels - Traditional Foil Edition — Foil Edition,doctor who the weeping angels traditional foil edition foil edition,secret_lair,57.73,,,,-0.0839,,,,,,,,,,76.25,,47.31,,-0.192,"[""annRet"", ""artist"", ""compRank"", ""compScore"", ""conf"", ""covStatus"", ""dataConf"", ""dd"", ""drop"", ""family"", ""finish"", ""hist"", ""id"", ""incRet"", ""ipArtist"", ""liq"", ""mom"", ""msrp"", ""name"", ""obs"", ""peak"", ""price"", ""r30"", ""r365"", ""r90"", ""ras"", ""rec"", ""recScore"", ""rel"", ""risk"", ""scarcity"", ""score"", ""super"", ""ub"", ""value"", ""year""]"
secret_lair,SL-7CD7CFCF523E56,,Dan Frazier Is Back Again: The Enemy Talismans - Non-Foil Edition — Nonfoil Edition,dan frazier is back again the enemy talismans non foil edition nonfoil edition,secret_lair,97.61,,,,0.534,,,,,,,,,,76.25,,53.71,,0.0,"[""annRet"", ""artist"", ""compRank"", ""compScore"", ""conf"", ""covStatus"", ""dataConf"", ""dd"", ""drop"", ""family"", ""finish"", ""hist"", ""id"", ""incRet"", ""ipArtist"", ""liq"", ""mom"", ""msrp"", ""name"", ""obs"", ""peak"", ""price"", ""r30"", ""r365"", ""r90"", ""ras"", ""rec"", ""recScore"", ""rel"", ""risk"", ""scarcity"", ""score"", ""super"", ""ub"", ""value"", ""year""]"
secret_lair,SL-01F4014DB0F8CA,,Flower Power - Rainbow Foil Edition — Foil Edition,flower power rainbow foil edition foil edition,secret_lair,78.0,,,,,,,,,,,,,,69.0,,55.0,,0.0,"[""annRet"", ""artist"", ""compRank"", ""compScore"", ""conf"", ""covStatus"", ""dataConf"", ""dd"", ""drop"", ""family"", ""finish"", ""hist"", ""id"", ""incRet"", ""ipArtist"", ""liq"", ""mom"", ""msrp"", ""name"", ""obs"", ""peak"", ""price"", ""r30"", ""r365"", ""r90"", ""ras"", ""rec"", ""recScore"", ""rel"", ""risk"", ""scarcity"", ""score"", ""super"", ""ub"", ""value"", ""year""]"
secret_lair,SL-65D2FBF09647F2,,EVERYTHING IS ON FIRE - Non-Foil Edition — Nonfoil Edition,everything is on fire non foil edition nonfoil edition,secret_lair,40.87,,,,0.3997,,,,,,,,,,76.25,,53.61,,-0.4149,"[""annRet"", ""artist"", ""compRank"", ""compScore"", ""conf"", ""covStatus"", ""dataConf"", ""dd"", ""drop"", ""family"", ""finish"", ""hist"", ""id"", ""incRet"", ""ipArtist"", ""liq"", ""mom"", ""msrp"", ""name"", ""obs"", ""peak"", ""price"", ""r30"", ""r365"", ""r90"", ""ras"", ""rec"", ""recScore"", ""rel"", ""risk"", ""scarcity"", ""score"", ""super"", ""ub"", ""value"", ""year""]"
secret_lair,SL-142966DB35DC8F,,Artist Series: Sam Burley - Non-Foil Edition — Nonfoil Edition,artist series sam burley non foil edition nonfoil edition,secret_lair,52.42,,,,0.5541,,,,,,,,,,76.25,,52.78,,0.0,"[""annRet"", ""artist"", ""compRank"", ""compScore"", ""conf"", ""covStatus"", ""dataConf"", ""dd"", ""drop"", ""family"", ""finish"", ""hist"", ""id"", ""incRet"", ""ipArtist"", ""liq"", ""mom"", ""msrp"", ""name"", ""obs"", ""peak"", ""price"", ""r30"", ""r365"", ""r90"", ""ras"", ""rec"", ""recScore"", ""rel"", ""risk"", ""scarcity"", ""score"", ""super"", ""ub"", ""value"", ""year""]"
secret_lair,SL-9179B083C2914F,,Featuring: Peach Momoko - Non-Foil Edition — Nonfoil Edition,featuring peach momoko non foil edition nonfoil edition,secret_lair,85.49,,,,0.5261,,,,,,,,,,76.25,,53.79,,-0.3159,"[""annRet"", ""artist"", ""compRank"", ""compScore"", ""conf"", ""covStatus"", ""dataConf"", ""dd"", ""drop"", ""family"", ""finish"", ""hist"", ""id"", ""incRet"", ""ipArtist"", ""liq"", ""mom"", ""msrp"", ""name"", ""obs"", ""peak"", ""price"", ""r30"", ""r365"", ""r90"", ""ras"", ""rec"", ""recScore"", ""rel"", ""risk"", ""scarcity"", ""score"", ""super"", ""ub"", ""value"", ""year""]"
secret_lair,SL-383A5390F8CB76,,Fallout: S.P.E.C.I.A.L. - Non-Foil Edition — Nonfoil Edition,fallout s p e c i a l non foil edition nonfoil edition,secret_lair,84.62,,,,0.6336,,,,,,,,,,76.25,,53.91,,0.0,"[""annRet"", ""artist"", ""compRank"", ""compScore"", ""conf"", ""covStatus"", ""dataConf"", ""dd"", ""drop"", ""family"", ""finish"", ""hist"", ""id"", ""incRet"", ""ipArtist"", ""liq"", ""mom"", ""msrp"", ""name"", ""obs"", ""peak"", ""price"", ""r30"", ""r365"", ""r90"", ""ras"", ""rec"", ""recScore"", ""rel"", ""risk"", ""scarcity"", ""score"", ""super"", ""ub"", ""value"", ""year""]"
secret_lair,SL-79548A8DEA0CA9,,Hatsune Miku: Electric Entourage JP - Non-Foil Edition — Nonfoil Edition,hatsune miku electric entourage jp non foil edition nonfoil edition,secret_lair,30.79,,,,0.1378,,,,,,,,,,76.25,,52.01,,-0.7201,"[""annRet"", ""artist"", ""compRank"", ""compScore"", ""conf"", ""covStatus"", ""dataConf"", ""dd"", ""drop"", ""family"", ""finish"", ""hist"", ""id"", ""incRet"", ""ipArtist"", ""liq"", ""mom"", ""msrp"", ""name"", ""obs"", ""peak"", ""price"", ""r30"", ""r365"", ""r90"", ""ras"", ""rec"", ""recScore"", ""rel"", ""risk"", ""scarcity"", ""score"", ""super"", ""ub"", ""value"", ""year""]"
secret_lair,SL-AD341F83F23370,23370,Camp Totally Safe Superdrop: Night Swim Bundle - Foil Edition — Foil Edition,camp totally safe superdrop night swim bundle foil edition foil edition,secret_lair,227.37,,,,0.2676,,,,,,,,,,71.25,,51.76,,0.0,"[""annRet"", ""artist"", ""compRank"", ""compScore"", ""conf"", ""covStatus"", ""dataConf"", ""dd"", ""drop"", ""family"", ""finish"", ""hist"", ""id"", ""incRet"", ""ipArtist"", ""liq"", ""mom"", ""msrp"", ""name"", ""obs"", ""peak"", ""price"", ""r30"", ""r365"", ""r90"", ""ras"", ""rec"", ""recScore"", ""rel"", ""risk"", ""scarcity"", ""score"", ""super"", ""ub"", ""value"", ""year""]"
secret_lair,SL-D23F4A9FC75D03,,Artist Series: Aleksi Briclot - Traditional Foil Edition — Foil Edition,artist series aleksi briclot traditional foil edition foil edition,secret_lair,144.39,,,,-0.0801,,,,,,,,,,76.25,,47.68,,-0.086,"[""annRet"", ""artist"", ""compRank"", ""compScore"", ""conf"", ""covStatus"", ""dataConf"", ""dd"", ""drop"", ""family"", ""finish"", ""hist"", ""id"", ""incRet"", ""ipArtist"", ""liq"", ""mom"", ""msrp"", ""name"", ""obs"", ""peak"", ""price"", ""r30"", ""r365"", ""r90"", ""ras"", ""rec"", ""recScore"", ""rel"", ""risk"", ""scarcity"", ""score"", ""super"", ""ub"", ""value"", ""year""]"
secret_lair,SL-64570B00C96787,96787,Marvel's Wolverine - Non-Foil Edition — Nonfoil Edition,marvel s wolverine non foil edition nonfoil edition,secret_lair,119.8,,,,0.4418,,,,,,,,,,76.25,,52.92,,-0.0145,"[""annRet"", ""artist"", ""compRank"", ""compScore"", ""conf"", ""covStatus"", ""dataConf"", ""dd"", ""drop"", ""family"", ""finish"", ""hist"", ""id"", ""incRet"", ""ipArtist"", ""liq"", ""mom"", ""msrp"", ""name"", ""obs"", ""peak"", ""price"", ""r30"", ""r365"", ""r90"", ""ras"", ""rec"", ""recScore"", ""rel"", ""risk"", ""scarcity"", ""score"", ""super"", ""ub"", ""value"", ""year""]"
secret_lair,SL-A5708359BCF021,,Summer Superdrop - Ornithological Studies - Non-Foil Edition — Nonfoil Edition,summer superdrop ornithological studies non foil edition nonfoil edition,secret_lair,52.56,,,,0.4031,,,,,,,,,,76.25,,50.12,,-0.0023,"[""annRet"", ""artist"", ""compRank"", ""compScore"", ""conf"", ""covStatus"", ""dataConf"", ""dd"", ""drop"", ""family"", ""finish"", ""hist"", ""id"", ""incRet"", ""ipArtist"", ""liq"", ""mom"", ""msrp"", ""name"", ""obs"", ""peak"", ""price"", ""r30"", ""r365"", ""r90"", ""ras"", ""rec"", ""recScore"", ""rel"", ""risk"", ""scarcity"", ""score"", ""super"", ""ub"", ""value"", ""year""]"
secret_lair,SL-3D98DA707A8A83,,Post Malone: The Lands - Non-Foil Edition — Nonfoil Edition,post malone the lands non foil edition nonfoil edition,secret_lair,58.65,,,,0.3345,,,,,,,,,,76.25,,53.51,,-0.0015,"[""annRet"", ""artist"", ""compRank"", ""compScore"", ""conf"", ""covStatus"", ""dataConf"", ""dd"", ""drop"", ""family"", ""finish"", ""hist"", ""id"", ""incRet"", ""ipArtist"", ""liq"", ""mom"", ""msrp"", ""name"", ""obs"", ""peak"", ""price"", ""r30"", ""r365"", ""r90"", ""ras"", ""rec"", ""recScore"", ""rel"", ""risk"", ""scarcity"", ""score"", ""super"", ""ub"", ""value"", ""year""]"
secret_lair,SL-62530032A99C72,,“explosion sounds” - Non-Foil Edition — Nonfoil Edition,explosion sounds non foil edition nonfoil edition,secret_lair,69.62,,,,0.1987,,,,,,,,,,76.25,,51.52,,0.0,"[""annRet"", ""artist"", ""compRank"", ""compScore"", ""conf"", ""covStatus"", ""dataConf"", ""dd"", ""drop"", ""family"", ""finish"", ""hist"", ""id"", ""incRet"", ""ipArtist"", ""liq"", ""mom"", ""msrp"", ""name"", ""obs"", ""peak"", ""price"", ""r30"", ""r365"", ""r90"", ""ras"", ""rec"", ""recScore"", ""rel"", ""risk"", ""scarcity"", ""score"", ""super"", ""ub"", ""value"", ""year""]"
secret_lair,SL-CAEFD21D151456,151456,Featuring: Luke Pearson - Non-Foil Edition — Nonfoil Edition,featuring luke pearson non foil edition nonfoil edition,secret_lair,44.31,,,,0.2008,,,,,,,,,,76.25,,48.72,,-0.0023,"[""annRet"", ""artist"", ""compRank"", ""compScore"", ""conf"", ""covStatus"", ""dataConf"", ""dd"", ""drop"", ""family"", ""finish"", ""hist"", ""id"", ""incRet"", ""ipArtist"", ""liq"", ""mom"", ""msrp"", ""name"", ""obs"", ""peak"", ""price"", ""r30"", ""r365"", ""r90"", ""ras"", ""rec"", ""recScore"", ""rel"", ""risk"", ""scarcity"", ""score"", ""super"", ""ub"", ""value"", ""year""]"
secret_lair,SL-E0190484BE31DE,,Tome of the Astral Sorceress - Rainbow Foil Edition — Foil Edition,tome of the astral sorceress rainbow foil edition foil edition,secret_lair,37.3,,,,0.1671,,,,,,,,,,76.25,,51.04,,-0.7471,"[""annRet"", ""artist"", ""compRank"", ""compScore"", ""conf"", ""covStatus"", ""dataConf"", ""dd"", ""drop"", ""family"", ""finish"", ""hist"", ""id"", ""incRet"", ""ipArtist"", ""liq"", ""mom"", ""msrp"", ""name"", ""obs"", ""peak"", ""price"", ""r30"", ""r365"", ""r90"", ""ras"", ""rec"", ""recScore"", ""rel"", ""risk"", ""scarcity"", ""score"", ""super"", ""ub"", ""value"", ""year""]"
secret_lair,SL-4445D560A16695,16695,The Dracula Lands - Non-Foil Edition — Nonfoil Edition,the dracula lands non foil edition nonfoil edition,secret_lair,46.75,,,,0.1893,,,,,,,,,,76.25,,50.64,,-0.0062,"[""annRet"", ""artist"", ""compRank"", ""compScore"", ""conf"", ""covStatus"", ""dataConf"", ""dd"", ""drop"", ""family"", ""finish"", ""hist"", ""id"", ""incRet"", ""ipArtist"", ""liq"", ""mom"", ""msrp"", ""name"", ""obs"", ""peak"", ""price"", ""r30"", ""r365"", ""r90"", ""ras"", ""rec"", ""recScore"", ""rel"", ""risk"", ""scarcity"", ""score"", ""super"", ""ub"", ""value"", ""year""]"
secret_lair,SL-6F9B1732BC4226,4226,KEXP: You Are Not Alone - Non-Foil Edition — Nonfoil Edition,kexp you are not alone non foil edition nonfoil edition,secret_lair,40.95,,,,0.3551,,,,,,,,,,76.25,,52.06,,-0.2408,"[""annRet"", ""artist"", ""compRank"", ""compScore"", ""conf"", ""covStatus"", ""dataConf"", ""dd"", ""drop"", ""family"", ""finish"", ""hist"", ""id"", ""incRet"", ""ipArtist"", ""liq"", ""mom"", ""msrp"", ""name"", ""obs"", ""peak"", ""price"", ""r30"", ""r365"", ""r90"", ""ras"", ""rec"", ""recScore"", ""rel"", ""risk"", ""scarcity"", ""score"", ""super"", ""ub"", ""value"", ""year""]"
secret_lair,SL-10654C31034738,31034738,Lorwyn Lightboxes - Non-Foil Edition — Nonfoil Edition,lorwyn lightboxes non foil edition nonfoil edition,secret_lair,38.69,,,,0.3187,,,,,,,,,,76.25,,48.82,,-0.0018,"[""annRet"", ""artist"", ""compRank"", ""compScore"", ""conf"", ""covStatus"", ""dataConf"", ""dd"", ""drop"", ""family"", ""finish"", ""hist"", ""id"", ""incRet"", ""ipArtist"", ""liq"", ""mom"", ""msrp"", ""name"", ""obs"", ""peak"", ""price"", ""r30"", ""r365"", ""r90"", ""ras"", ""rec"", ""recScore"", ""rel"", ""risk"", ""scarcity"", ""score"", ""super"", ""ub"", ""value"", ""year""]"
secret_lair,SL-E5F7C4556D2AE8,,Math Is For Blockers - Non-Foil Edition — Nonfoil Edition,math is for blockers non foil edition nonfoil edition,secret_lair,24.73,,,,0.1605,,,,,,,,,,76.25,,50.96,,-0.2724,"[""annRet"", ""artist"", ""compRank"", ""compScore"", ""conf"", ""covStatus"", ""dataConf"", ""dd"", ""drop"", ""family"", ""finish"", ""hist"", ""id"", ""incRet"", ""ipArtist"", ""liq"", ""mom"", ""msrp"", ""name"", ""obs"", ""peak"", ""price"", ""r30"", ""r365"", ""r90"", ""ras"", ""rec"", ""recScore"", ""rel"", ""risk"", ""scarcity"", ""score"", ""super"", ""ub"", ""value"", ""year""]"
secret_lair,SL-EF5BBE513EE03C,,Theros Stargazing: Vol.I (Heliod) - Traditional Foil Edition — Foil Edition,theros stargazing vol i heliod traditional foil edition foil edition,secret_lair,64.61,,,,-0.0357,,,,,,,,,,76.25,,46.91,,-0.1405,"[""annRet"", ""artist"", ""compRank"", ""compScore"", ""conf"", ""covStatus"", ""dataConf"", ""dd"", ""drop"", ""family"", ""finish"", ""hist"", ""id"", ""incRet"", ""ipArtist"", ""liq"", ""mom"", ""msrp"", ""name"", ""obs"", ""peak"", ""price"", ""r30"", ""r365"", ""r90"", ""ras"", ""rec"", ""recScore"", ""rel"", ""risk"", ""scarcity"", ""score"", ""super"", ""ub"", ""value"", ""year""]"
secret_lair,SL-67CAEA24680CC1,,Jurassic World: Life Breaks Free - Non-Foil Edition — Nonfoil Edition,jurassic world life breaks free non foil edition nonfoil edition,secret_lair,195.11,,,,0.5415,,,,,,,,,,76.25,,53.62,,0.0,"[""annRet"", ""artist"", ""compRank"", ""compScore"", ""conf"", ""covStatus"", ""dataConf"", ""dd"", ""drop"", ""family"", ""finish"", ""hist"", ""id"", ""incRet"", ""ipArtist"", ""liq"", ""mom"", ""msrp"", ""name"", ""obs"", ""peak"", ""price"", ""r30"", ""r365"", ""r90"", ""ras"", ""rec"", ""recScore"", ""rel"", ""risk"", ""scarcity"", ""score"", ""super"", ""ub"", ""value"", ""year""]"
secret_lair,SL-69852EB562DC18,,EVERYTHING IS ON FIRE - Raised Foil Playset Bundle — Foil Edition,everything is on fire raised foil playset bundle foil edition,secret_lair,692.92,,,,0.2265,,,,,,,,,,71.25,,52.31,,0.0,"[""annRet"", ""artist"", ""compRank"", ""compScore"", ""conf"", ""covStatus"", ""dataConf"", ""dd"", ""drop"", ""family"", ""finish"", ""hist"", ""id"", ""incRet"", ""ipArtist"", ""liq"", ""mom"", ""msrp"", ""name"", ""obs"", ""peak"", ""price"", ""r30"", ""r365"", ""r90"", ""ras"", ""rec"", ""recScore"", ""rel"", ""risk"", ""scarcity"", ""score"", ""super"", ""ub"", ""value"", ""year""]"
secret_lair,SL-93F3442047281C,,Meditations on Nature - Non-Foil Edition — Nonfoil Edition,meditations on nature non foil edition nonfoil edition,secret_lair,84.7,,,,0.4464,,,,,,,,,,76.25,,52.44,,0.0,"[""annRet"", ""artist"", ""compRank"", ""compScore"", ""conf"", ""covStatus"", ""dataConf"", ""dd"", ""drop"", ""family"", ""finish"", ""hist"", ""id"", ""incRet"", ""ipArtist"", ""liq"", ""mom"", ""msrp"", ""name"", ""obs"", ""peak"", ""price"", ""r30"", ""r365"", ""r90"", ""ras"", ""rec"", ""recScore"", ""rel"", ""risk"", ""scarcity"", ""score"", ""super"", ""ub"", ""value"", ""year""]"
secret_lair,SL-2C8BD576A51D61,,Now on VHS! - Non-Foil Edition — Nonfoil Edition,now on vhs non foil edition nonfoil edition,secret_lair,90.79,,,,0.4311,,,,,,,,,,76.25,,52.66,,0.0,"[""annRet"", ""artist"", ""compRank"", ""compScore"", ""conf"", ""covStatus"", ""dataConf"", ""dd"", ""drop"", ""family"", ""finish"", ""hist"", ""id"", ""incRet"", ""ipArtist"", ""liq"", ""mom"", ""msrp"", ""name"", ""obs"", ""peak"", ""price"", ""r30"", ""r365"", ""r90"", ""ras"", ""rec"", ""recScore"", ""rel"", ""risk"", ""scarcity"", ""score"", ""super"", ""ub"", ""value"", ""year""]"
secret_lair,SL-0464E462AF6315,6315,Showcase: Murders at Karlov Manor - Non-Foil Edition — Nonfoil Edition,showcase murders at karlov manor non foil edition nonfoil edition,secret_lair,25.9,,,,0.4413,,,,,,,,,,76.25,,55.8,,-0.63,"[""annRet"", ""artist"", ""compRank"", ""compScore"", ""conf"", ""covStatus"", ""dataConf"", ""dd"", ""drop"", ""family"", ""finish"", ""hist"", ""id"", ""incRet"", ""ipArtist"", ""liq"", ""mom"", ""msrp"", ""name"", ""obs"", ""peak"", ""price"", ""r30"", ""r365"", ""r90"", ""ras"", ""rec"", ""recScore"", ""rel"", ""risk"", ""scarcity"", ""score"", ""super"", ""ub"", ""value"", ""year""]"
secret_lair,SL-C2217F8AD4F84B,,"Fblthp: Completely, Utterly, Totally Lost - Non-Foil Edition — Nonfoil Edition",fblthp completely utterly totally lost non foil edition nonfoil edition,secret_lair,42.98,,,,0.2523,,,,,,,,,,76.25,,50.34,,0.0,"[""annRet"", ""artist"", ""compRank"", ""compScore"", ""conf"", ""covStatus"", ""dataConf"", ""dd"", ""drop"", ""family"", ""finish"", ""hist"", ""id"", ""incRet"", ""ipArtist"", ""liq"", ""mom"", ""msrp"", ""name"", ""obs"", ""peak"", ""price"", ""r30"", ""r365"", ""r90"", ""ras"", ""rec"", ""recScore"", ""rel"", ""risk"", ""scarcity"", ""score"", ""super"", ""ub"", ""value"", ""year""]"
secret_lair,SL-AFC52E51751441,51751441,Winter Superdrop 2024: All the Savory Non-Foils Bundle — Nonfoil Edition,winter superdrop 2024 all the savory non foils bundle nonfoil edition,secret_lair,599.98,,,,0.539,,,,,,,,,,71.25,,57.39,,0.0,"[""annRet"", ""artist"", ""compRank"", ""compScore"", ""conf"", ""covStatus"", ""dataConf"", ""dd"", ""drop"", ""family"", ""finish"", ""hist"", ""id"", ""incRet"", ""ipArtist"", ""liq"", ""mom"", ""msrp"", ""name"", ""obs"", ""peak"", ""price"", ""r30"", ""r365"", ""r90"", ""ras"", ""rec"", ""recScore"", ""rel"", ""risk"", ""scarcity"", ""score"", ""super"", ""ub"", ""value"", ""year""]"
secret_lair,SL-7A106AED6BFADC,,Artist Series: Victor Adame Minguez - Non-Foil Edition — Nonfoil Edition,artist series victor adame minguez non foil edition nonfoil edition,secret_lair,33.32,,,,0.1737,,,,,,,,,,76.25,,50.28,,0.0,"[""annRet"", ""artist"", ""compRank"", ""compScore"", ""conf"", ""covStatus"", ""dataConf"", ""dd"", ""drop"", ""family"", ""finish"", ""hist"", ""id"", ""incRet"", ""ipArtist"", ""liq"", ""mom"", ""msrp"", ""name"", ""obs"", ""peak"", ""price"", ""r30"", ""r365"", ""r90"", ""ras"", ""rec"", ""recScore"", ""rel"", ""risk"", ""scarcity"", ""score"", ""super"", ""ub"", ""value"", ""year""]"
secret_lair,SL-5EF93AB87CC7BC,,Equinox Superdrop 2024: A Celebration of Everything Foil and Non-Foil Bundle — Nonfoil Edition,equinox superdrop 2024 a celebration of everything foil and non foil bundle nonfoil edition,secret_lair,1599.99,,,,0.6,,,,,,,,,,71.25,,57.56,,0.0,"[""annRet"", ""artist"", ""compRank"", ""compScore"", ""conf"", ""covStatus"", ""dataConf"", ""dd"", ""drop"", ""family"", ""finish"", ""hist"", ""id"", ""incRet"", ""ipArtist"", ""liq"", ""mom"", ""msrp"", ""name"", ""obs"", ""peak"", ""price"", ""r30"", ""r365"", ""r90"", ""ras"", ""rec"", ""recScore"", ""rel"", ""risk"", ""scarcity"", ""score"", ""super"", ""ub"", ""value"", ""year""]"
secret_lair,SL-02BF1E90F565BA,,Secret Lair Extra Life 2021 - Traditional Foil Edition — Foil Edition,secret lair extra life 2021 traditional foil edition foil edition,secret_lair,43.5,,,,-0.1976,,,,,,,,,,76.25,,48.77,,-0.3274,"[""annRet"", ""artist"", ""compRank"", ""compScore"", ""conf"", ""covStatus"", ""dataConf"", ""dd"", ""drop"", ""family"", ""finish"", ""hist"", ""id"", ""incRet"", ""ipArtist"", ""liq"", ""mom"", ""msrp"", ""name"", ""obs"", ""peak"", ""price"", ""r30"", ""r365"", ""r90"", ""ras"", ""rec"", ""recScore"", ""rel"", ""risk"", ""scarcity"", ""score"", ""super"", ""ub"", ""value"", ""year""]"
secret_lair,SL-6272B7E7FCCDE5,,Astrology Lands (Scorpio) - Traditional Foil Edition — Foil Edition,astrology lands scorpio traditional foil edition foil edition,secret_lair,71.94,,,,-0.2006,,,,,,,,,,76.25,,48.19,,-0.3047,"[""annRet"", ""artist"", ""compRank"", ""compScore"", ""conf"", ""covStatus"", ""dataConf"", ""dd"", ""drop"", ""family"", ""finish"", ""hist"", ""id"", ""incRet"", ""ipArtist"", ""liq"", ""mom"", ""msrp"", ""name"", ""obs"", ""peak"", ""price"", ""r30"", ""r365"", ""r90"", ""ras"", ""rec"", ""recScore"", ""rel"", ""risk"", ""scarcity"", ""score"", ""super"", ""ub"", ""value"", ""year""]"
secret_lair,SL-407CEDA238DE3A,,FINAL FANTASY: Weapons - JP Rainbow Foil Edition — Foil Edition,final fantasy weapons jp rainbow foil edition foil edition,secret_lair,44.68,,,,-0.3029,,,,,,,,,,76.25,,48.6,,-0.3029,"[""annRet"", ""artist"", ""compRank"", ""compScore"", ""conf"", ""covStatus"", ""dataConf"", ""dd"", ""drop"", ""family"", ""finish"", ""hist"", ""id"", ""incRet"", ""ipArtist"", ""liq"", ""mom"", ""msrp"", ""name"", ""obs"", ""peak"", ""price"", ""r30"", ""r365"", ""r90"", ""ras"", ""rec"", ""recScore"", ""rel"", ""risk"", ""scarcity"", ""score"", ""super"", ""ub"", ""value"", ""year""]"
secret_lair,SL-896468C2158E5D,,The Strange Sands: Plains - Rainbow Foil Edition — Foil Edition,the strange sands plains rainbow foil edition foil edition,secret_lair,51.74,,,,0.1583,,,,,,,,,,76.25,,49.24,,-0.3913,"[""annRet"", ""artist"", ""compRank"", ""compScore"", ""conf"", ""covStatus"", ""dataConf"", ""dd"", ""drop"", ""family"", ""finish"", ""hist"", ""id"", ""incRet"", ""ipArtist"", ""liq"", ""mom"", ""msrp"", ""name"", ""obs"", ""peak"", ""price"", ""r30"", ""r365"", ""r90"", ""ras"", ""rec"", ""recScore"", ""rel"", ""risk"", ""scarcity"", ""score"", ""super"", ""ub"", ""value"", ""year""]"
secret_lair,SL-2D3CABC651E40A,,City Styles 2: Dressed to Kill - Non-Foil Edition — Nonfoil Edition,city styles 2 dressed to kill non foil edition nonfoil edition,secret_lair,77.92,,,,0.5628,,,,,,,,,,76.25,,52.67,,0.0,"[""annRet"", ""artist"", ""compRank"", ""compScore"", ""conf"", ""covStatus"", ""dataConf"", ""dd"", ""drop"", ""family"", ""finish"", ""hist"", ""id"", ""incRet"", ""ipArtist"", ""liq"", ""mom"", ""msrp"", ""name"", ""obs"", ""peak"", ""price"", ""r30"", ""r365"", ""r90"", ""ras"", ""rec"", ""recScore"", ""rel"", ""risk"", ""scarcity"", ""score"", ""super"", ""ub"", ""value"", ""year""]"
secret_lair,SL-3D16987F5EDCDC,,"Superdrop: OUR SHOW IS ON FRIDAY, CAN YOU MAKE IT? - Non-Foil Edition — Nonfoil Edition",superdrop our show is on friday can you make it non foil edition nonfoil edition,secret_lair,71.9,,,,0.2865,,,,,,,,,,76.25,,50.07,,0.0,"[""annRet"", ""artist"", ""compRank"", ""compScore"", ""conf"", ""covStatus"", ""dataConf"", ""dd"", ""drop"", ""family"", ""finish"", ""hist"", ""id"", ""incRet"", ""ipArtist"", ""liq"", ""mom"", ""msrp"", ""name"", ""obs"", ""peak"", ""price"", ""r30"", ""r365"", ""r90"", ""ras"", ""rec"", ""recScore"", ""rel"", ""risk"", ""scarcity"", ""score"", ""super"", ""ub"", ""value"", ""year""]"
secret_lair,SL-2FE515EC6D482C,,Astrology Lands (Taurus) - Traditional Foil Edition — Foil Edition,astrology lands taurus traditional foil edition foil edition,secret_lair,65.97,,,,1.2592,,,,,,,,,,71.25,,57.8,,-0.2238,"[""annRet"", ""artist"", ""compRank"", ""compScore"", ""conf"", ""covStatus"", ""dataConf"", ""dd"", ""drop"", ""family"", ""finish"", ""hist"", ""id"", ""incRet"", ""ipArtist"", ""liq"", ""mom"", ""msrp"", ""name"", ""obs"", ""peak"", ""price"", ""r30"", ""r365"", ""r90"", ""ras"", ""rec"", ""recScore"", ""rel"", ""risk"", ""scarcity"", ""score"", ""super"", ""ub"", ""value"", ""year""]"
secret_lair,SL-6E54B9A2BF9CBF,,The Walking Dead - Traditional Foil Edition — Foil Edition,the walking dead traditional foil edition foil edition,secret_lair,116.41,,,,0.2749,,,,,,,,,,76.25,,49.08,,-0.1358,"[""annRet"", ""artist"", ""compRank"", ""compScore"", ""conf"", ""covStatus"", ""dataConf"", ""dd"", ""drop"", ""family"", ""finish"", ""hist"", ""id"", ""incRet"", ""ipArtist"", ""liq"", ""mom"", ""msrp"", ""name"", ""obs"", ""peak"", ""price"", ""r30"", ""r365"", ""r90"", ""ras"", ""rec"", ""recScore"", ""rel"", ""risk"", ""scarcity"", ""score"", ""super"", ""ub"", ""value"", ""year""]"
secret_lair,SL-37C6B768973D2F,,Showcase: Bloomburrow - Rainbow Foil Edition — Foil Edition,showcase bloomburrow rainbow foil edition foil edition,secret_lair,62.82,,,,0.1893,,,,,,,,,,76.25,,51.86,,-0.7208,"[""annRet"", ""artist"", ""compRank"", ""compScore"", ""conf"", ""covStatus"", ""dataConf"", ""dd"", ""drop"", ""family"", ""finish"", ""hist"", ""id"", ""incRet"", ""ipArtist"", ""liq"", ""mom"", ""msrp"", ""name"", ""obs"", ""peak"", ""price"", ""r30"", ""r365"", ""r90"", ""ras"", ""rec"", ""recScore"", ""rel"", ""risk"", ""scarcity"", ""score"", ""super"", ""ub"", ""value"", ""year""]"
secret_lair,SL-0CF3E7A9C296C3,,Summer Superdrop 2025 - The Art of Frank Frazetta: The Second Exhibition (Non-Foil Edition) — Nonfoil Edition,summer superdrop 2025 the art of frank frazetta the second exhibition non foil edition nonfoil edition,secret_lair,46.32,,,,0.2867,,,,,,,,,,76.25,,50.46,,0.0,"[""annRet"", ""artist"", ""compRank"", ""compScore"", ""conf"", ""covStatus"", ""dataConf"", ""dd"", ""drop"", ""family"", ""finish"", ""hist"", ""id"", ""incRet"", ""ipArtist"", ""liq"", ""mom"", ""msrp"", ""name"", ""obs"", ""peak"", ""price"", ""r30"", ""r365"", ""r90"", ""ras"", ""rec"", ""recScore"", ""rel"", ""risk"", ""scarcity"", ""score"", ""super"", ""ub"", ""value"", ""year""]"
secret_lair,SL-6A2D2E139F2254,2254,Prismatic Nightmares - Non-Foil Edition — Nonfoil Edition,prismatic nightmares non foil edition nonfoil edition,secret_lair,63.96,,,,0.9081,,,,,,,,,,76.25,,54.54,,-0.0863,"[""annRet"", ""artist"", ""compRank"", ""compScore"", ""conf"", ""covStatus"", ""dataConf"", ""dd"", ""drop"", ""family"", ""finish"", ""hist"", ""id"", ""incRet"", ""ipArtist"", ""liq"", ""mom"", ""msrp"", ""name"", ""obs"", ""peak"", ""price"", ""r30"", ""r365"", ""r90"", ""ras"", ""rec"", ""recScore"", ""rel"", ""risk"", ""scarcity"", ""score"", ""super"", ""ub"", ""value"", ""year""]"
secret_lair,SL-03121D77EA2C4B,,Hatsune Miku: Winter Diva JP - Non-Foil Edition — Nonfoil Edition,hatsune miku winter diva jp non foil edition nonfoil edition,secret_lair,37.78,,,,0.2868,,,,,,,,,,76.25,,51.89,,0.0,"[""annRet"", ""artist"", ""compRank"", ""compScore"", ""conf"", ""covStatus"", ""dataConf"", ""dd"", ""drop"", ""family"", ""finish"", ""hist"", ""id"", ""incRet"", ""ipArtist"", ""liq"", ""mom"", ""msrp"", ""name"", ""obs"", ""peak"", ""price"", ""r30"", ""r365"", ""r90"", ""ras"", ""rec"", ""recScore"", ""rel"", ""risk"", ""scarcity"", ""score"", ""super"", ""ub"", ""value"", ""year""]"
secret_lair,SL-74035B29B5EAA4,,Artist Series: Thomas Baxa - Non-Foil Edition — Nonfoil Edition,artist series thomas baxa non foil edition nonfoil edition,secret_lair,32.13,,,,0.48,,,,,,,,,,76.25,,49.61,,-0.0278,"[""annRet"", ""artist"", ""compRank"", ""compScore"", ""conf"", ""covStatus"", ""dataConf"", ""dd"", ""drop"", ""family"", ""finish"", ""hist"", ""id"", ""incRet"", ""ipArtist"", ""liq"", ""mom"", ""msrp"", ""name"", ""obs"", ""peak"", ""price"", ""r30"", ""r365"", ""r90"", ""ras"", ""rec"", ""recScore"", ""rel"", ""risk"", ""scarcity"", ""score"", ""super"", ""ub"", ""value"", ""year""]"
secret_lair,SL-074AA34DCCD62C,,Prime Slime - Non-Foil Edition — Nonfoil Edition,prime slime non foil edition nonfoil edition,secret_lair,43.62,,,,0.0867,,,,,,,,,,76.25,,49.84,,-0.0575,"[""annRet"", ""artist"", ""compRank"", ""compScore"", ""conf"", ""covStatus"", ""dataConf"", ""dd"", ""drop"", ""family"", ""finish"", ""hist"", ""id"", ""incRet"", ""ipArtist"", ""liq"", ""mom"", ""msrp"", ""name"", ""obs"", ""peak"", ""price"", ""r30"", ""r365"", ""r90"", ""ras"", ""rec"", ""recScore"", ""rel"", ""risk"", ""scarcity"", ""score"", ""super"", ""ub"", ""value"", ""year""]"
secret_lair,SL-2F0C6070A19154,19154,Equinox Superdrop 2024: We Celebrate the Foils Bundle — Foil Edition,equinox superdrop 2024 we celebrate the foils bundle foil edition,secret_lair,499.99,,,,-0.1667,,,,,,,,,,76.25,,48.44,,-0.1736,"[""annRet"", ""artist"", ""compRank"", ""compScore"", ""conf"", ""covStatus"", ""dataConf"", ""dd"", ""drop"", ""family"", ""finish"", ""hist"", ""id"", ""incRet"", ""ipArtist"", ""liq"", ""mom"", ""msrp"", ""name"", ""obs"", ""peak"", ""price"", ""r30"", ""r365"", ""r90"", ""ras"", ""rec"", ""recScore"", ""rel"", ""risk"", ""scarcity"", ""score"", ""super"", ""ub"", ""value"", ""year""]"
secret_lair,SL-E6ACEF67518AF1,,Extra Life 2022 - Non-Foil Edition — Nonfoil Edition,extra life 2022 non foil edition nonfoil edition,secret_lair,108.33,,,,0.4471,,,,,,,,,,76.25,,50.64,,0.0,"[""annRet"", ""artist"", ""compRank"", ""compScore"", ""conf"", ""covStatus"", ""dataConf"", ""dd"", ""drop"", ""family"", ""finish"", ""hist"", ""id"", ""incRet"", ""ipArtist"", ""liq"", ""mom"", ""msrp"", ""name"", ""obs"", ""peak"", ""price"", ""r30"", ""r365"", ""r90"", ""ras"", ""rec"", ""recScore"", ""rel"", ""risk"", ""scarcity"", ""score"", ""super"", ""ub"", ""value"", ""year""]"
secret_lair,SL-88ECC52C2FD66F,,Kaleidoscope Killers - Traditional Foil Edition — Foil Edition,kaleidoscope killers traditional foil edition foil edition,secret_lair,125.03,,,,-0.0329,,,,,,,,,,76.25,,47.7,,-0.1728,"[""annRet"", ""artist"", ""compRank"", ""compScore"", ""conf"", ""covStatus"", ""dataConf"", ""dd"", ""drop"", ""family"", ""finish"", ""hist"", ""id"", ""incRet"", ""ipArtist"", ""liq"", ""mom"", ""msrp"", ""name"", ""obs"", ""peak"", ""price"", ""r30"", ""r365"", ""r90"", ""ras"", ""rec"", ""recScore"", ""rel"", ""risk"", ""scarcity"", ""score"", ""super"", ""ub"", ""value"", ""year""]"
secret_lair,SL-E63BB6ABED78A1,,Nature is Adorable - Non-Foil Edition — Nonfoil Edition,nature is adorable non foil edition nonfoil edition,secret_lair,34.73,,,,0.2712,,,,,,,,,,76.25,,48.15,,-0.0385,"[""annRet"", ""artist"", ""compRank"", ""compScore"", ""conf"", ""covStatus"", ""dataConf"", ""dd"", ""drop"", ""family"", ""finish"", ""hist"", ""id"", ""incRet"", ""ipArtist"", ""liq"", ""mom"", ""msrp"", ""name"", ""obs"", ""peak"", ""price"", ""r30"", ""r365"", ""r90"", ""ras"", ""rec"", ""recScore"", ""rel"", ""risk"", ""scarcity"", ""score"", ""super"", ""ub"", ""value"", ""year""]"
secret_lair,SL-85D9B6A0A7C714,,Furby: The Gathering - Rainbow Foil Edition — Foil Edition,furby the gathering rainbow foil edition foil edition,secret_lair,46.3,,,,,,,,,,,,,,69.0,,50.75,,0.0,"[""annRet"", ""artist"", ""compRank"", ""compScore"", ""conf"", ""covStatus"", ""dataConf"", ""dd"", ""drop"", ""family"", ""finish"", ""hist"", ""id"", ""incRet"", ""ipArtist"", ""liq"", ""mom"", ""msrp"", ""name"", ""obs"", ""peak"", ""price"", ""r30"", ""r365"", ""r90"", ""ras"", ""rec"", ""recScore"", ""rel"", ""risk"", ""scarcity"", ""score"", ""super"", ""ub"", ""value"", ""year""]"
secret_lair,SL-B3DBBD3351A867,,Ghost of Tsushima - Rainbow Foil Edition — Foil Edition,ghost of tsushima rainbow foil edition foil edition,secret_lair,263.07,,,,,,,,,,,,,,69.0,,55.58,,0.0,"[""annRet"", ""artist"", ""compRank"", ""compScore"", ""conf"", ""covStatus"", ""dataConf"", ""dd"", ""drop"", ""family"", ""finish"", ""hist"", ""id"", ""incRet"", ""ipArtist"", ""liq"", ""mom"", ""msrp"", ""name"", ""obs"", ""peak"", ""price"", ""r30"", ""r365"", ""r90"", ""ras"", ""rec"", ""recScore"", ""rel"", ""risk"", ""scarcity"", ""score"", ""super"", ""ub"", ""value"", ""year""]"
secret_lair,SL-6913FBEDFDB80B,,Dogs Are Better Than Cats - Non-Foil Edition — Nonfoil Edition,dogs are better than cats non foil edition nonfoil edition,secret_lair,81.07,,,,0.4729,,,,,,,,,,76.25,,53.34,,0.0,"[""annRet"", ""artist"", ""compRank"", ""compScore"", ""conf"", ""covStatus"", ""dataConf"", ""dd"", ""drop"", ""family"", ""finish"", ""hist"", ""id"", ""incRet"", ""ipArtist"", ""liq"", ""mom"", ""msrp"", ""name"", ""obs"", ""peak"", ""price"", ""r30"", ""r365"", ""r90"", ""ras"", ""rec"", ""recScore"", ""rel"", ""risk"", ""scarcity"", ""score"", ""super"", ""ub"", ""value"", ""year""]"
secret_lair,SL-60461872853DE5,,The Unfathomable Crushing Brutality of Basic Lands - Non-Foil Edition — Nonfoil Edition,the unfathomable crushing brutality of basic lands non foil edition nonfoil edition,secret_lair,49.24,,,,0.3173,,,,,,,,,,76.25,,48.82,,-0.0091,"[""annRet"", ""artist"", ""compRank"", ""compScore"", ""conf"", ""covStatus"", ""dataConf"", ""dd"", ""drop"", ""family"", ""finish"", ""hist"", ""id"", ""incRet"", ""ipArtist"", ""liq"", ""mom"", ""msrp"", ""name"", ""obs"", ""peak"", ""price"", ""r30"", ""r365"", ""r90"", ""ras"", ""rec"", ""recScore"", ""rel"", ""risk"", ""scarcity"", ""score"", ""super"", ""ub"", ""value"", ""year""]"
secret_lair,SL-FB1E1566446236,1566446236,Poker Faces - Non-Foil Edition — Nonfoil Edition,poker faces non foil edition nonfoil edition,secret_lair,32.42,,,,0.3714,,,,,,,,,,76.25,,53.76,,-0.4595,"[""annRet"", ""artist"", ""compRank"", ""compScore"", ""conf"", ""covStatus"", ""dataConf"", ""dd"", ""drop"", ""family"", ""finish"", ""hist"", ""id"", ""incRet"", ""ipArtist"", ""liq"", ""mom"", ""msrp"", ""name"", ""obs"", ""peak"", ""price"", ""r30"", ""r365"", ""r90"", ""ras"", ""rec"", ""recScore"", ""rel"", ""risk"", ""scarcity"", ""score"", ""super"", ""ub"", ""value"", ""year""]"
secret_lair,SL-9A6EF28EECF2DC,,Artist Series: Jesper Ejsing - Non-Foil Edition — Nonfoil Edition,artist series jesper ejsing non foil edition nonfoil edition,secret_lair,73.15,,,,0.5139,,,,,,,,,,76.25,,52.01,,0.0,"[""annRet"", ""artist"", ""compRank"", ""compScore"", ""conf"", ""covStatus"", ""dataConf"", ""dd"", ""drop"", ""family"", ""finish"", ""hist"", ""id"", ""incRet"", ""ipArtist"", ""liq"", ""mom"", ""msrp"", ""name"", ""obs"", ""peak"", ""price"", ""r30"", ""r365"", ""r90"", ""ras"", ""rec"", ""recScore"", ""rel"", ""risk"", ""scarcity"", ""score"", ""super"", ""ub"", ""value"", ""year""]"
secret_lair,SL-8809E95120F445,,Happy Yargle Day! - Non-Foil Edition — Nonfoil Edition,happy yargle day non foil edition nonfoil edition,secret_lair,44.72,,,,0.2902,,,,,,,,,,76.25,,51.47,,-0.1033,"[""annRet"", ""artist"", ""compRank"", ""compScore"", ""conf"", ""covStatus"", ""dataConf"", ""dd"", ""drop"", ""family"", ""finish"", ""hist"", ""id"", ""incRet"", ""ipArtist"", ""liq"", ""mom"", ""msrp"", ""name"", ""obs"", ""peak"", ""price"", ""r30"", ""r365"", ""r90"", ""ras"", ""rec"", ""recScore"", ""rel"", ""risk"", ""scarcity"", ""score"", ""super"", ""ub"", ""value"", ""year""]"
secret_lair,SL-B01296C6F1D9D6,,Just Add Milk - Non-Foil Edition — Nonfoil Edition,just add milk non foil edition nonfoil edition,secret_lair,61.63,,,,0.0615,,,,,,,,,,76.25,,49.27,,0.0,"[""annRet"", ""artist"", ""compRank"", ""compScore"", ""conf"", ""covStatus"", ""dataConf"", ""dd"", ""drop"", ""family"", ""finish"", ""hist"", ""id"", ""incRet"", ""ipArtist"", ""liq"", ""mom"", ""msrp"", ""name"", ""obs"", ""peak"", ""price"", ""r30"", ""r365"", ""r90"", ""ras"", ""rec"", ""recScore"", ""rel"", ""risk"", ""scarcity"", ""score"", ""super"", ""ub"", ""value"", ""year""]"
secret_lair,SL-09332718CFEA52,,Summer Superdrop 2025 - Featuring: Imiri Sakabashira (Rainbow Foil Edition) — Foil Edition,summer superdrop 2025 featuring imiri sakabashira rainbow foil edition foil edition,secret_lair,49.92,,,,-0.2377,,,,,,,,,,76.25,,48.89,,-0.2377,"[""annRet"", ""artist"", ""compRank"", ""compScore"", ""conf"", ""covStatus"", ""dataConf"", ""dd"", ""drop"", ""family"", ""finish"", ""hist"", ""id"", ""incRet"", ""ipArtist"", ""liq"", ""mom"", ""msrp"", ""name"", ""obs"", ""peak"", ""price"", ""r30"", ""r365"", ""r90"", ""ras"", ""rec"", ""recScore"", ""rel"", ""risk"", ""scarcity"", ""score"", ""super"", ""ub"", ""value"", ""year""]"
secret_lair,SL-879DE87D93AF4D,,FINAL FANTASY: Game Over - Non-Foil Edition — Nonfoil Edition,final fantasy game over non foil edition nonfoil edition,secret_lair,92.93,,,,0.191,,,,,,,,,,76.25,,50.8,,0.0,"[""annRet"", ""artist"", ""compRank"", ""compScore"", ""conf"", ""covStatus"", ""dataConf"", ""dd"", ""drop"", ""family"", ""finish"", ""hist"", ""id"", ""incRet"", ""ipArtist"", ""liq"", ""mom"", ""msrp"", ""name"", ""obs"", ""peak"", ""price"", ""r30"", ""r365"", ""r90"", ""ras"", ""rec"", ""recScore"", ""rel"", ""risk"", ""scarcity"", ""score"", ""super"", ""ub"", ""value"", ""year""]"
secret_lair,SL-AEE188BFE88ED3,,Summer Superdrop 2024: The Stage with Non-Foils Bundle — Nonfoil Edition,summer superdrop 2024 the stage with non foils bundle nonfoil edition,secret_lair,999.94,,,,1.8574,,,,,,,,,,71.25,,57.56,,0.0,"[""annRet"", ""artist"", ""compRank"", ""compScore"", ""conf"", ""covStatus"", ""dataConf"", ""dd"", ""drop"", ""family"", ""finish"", ""hist"", ""id"", ""incRet"", ""ipArtist"", ""liq"", ""mom"", ""msrp"", ""name"", ""obs"", ""peak"", ""price"", ""r30"", ""r365"", ""r90"", ""ras"", ""rec"", ""recScore"", ""rel"", ""risk"", ""scarcity"", ""score"", ""super"", ""ub"", ""value"", ""year""]"
secret_lair,SL-B31C27C4C58973,58973,Valentine's Day 2021 - Replacement Heliod Pack - Non-Foil Edition — Nonfoil Edition,valentine s day 2021 replacement heliod pack non foil edition nonfoil edition,secret_lair,29.78,,,,0.4534,,,,,,,,,,76.25,,50.17,,-0.0003,"[""annRet"", ""artist"", ""compRank"", ""compScore"", ""conf"", ""covStatus"", ""dataConf"", ""dd"", ""drop"", ""family"", ""finish"", ""hist"", ""id"", ""incRet"", ""ipArtist"", ""liq"", ""mom"", ""msrp"", ""name"", ""obs"", ""peak"", ""price"", ""r30"", ""r365"", ""r90"", ""ras"", ""rec"", ""recScore"", ""rel"", ""risk"", ""scarcity"", ""score"", ""super"", ""ub"", ""value"", ""year""]"
secret_lair,SL-DCD05FAA1B15E7,,Our Boss is on Vacation Superdrop: They Grow Up So Fast - Rainbow Foil Edition — Foil Edition,our boss is on vacation superdrop they grow up so fast rainbow foil edition foil edition,secret_lair,57.38,,,,-0.1033,,,,,,,,,,76.25,,49.17,,-0.3726,"[""annRet"", ""artist"", ""compRank"", ""compScore"", ""conf"", ""covStatus"", ""dataConf"", ""dd"", ""drop"", ""family"", ""finish"", ""hist"", ""id"", ""incRet"", ""ipArtist"", ""liq"", ""mom"", ""msrp"", ""name"", ""obs"", ""peak"", ""price"", ""r30"", ""r365"", ""r90"", ""ras"", ""rec"", ""recScore"", ""rel"", ""risk"", ""scarcity"", ""score"", ""super"", ""ub"", ""value"", ""year""]"
secret_lair,SL-CB766B61EEFB6E,,Outlaw Anthology Vol. 1: Rebellious Renegades - Non-Foil Edition — Nonfoil Edition,outlaw anthology vol 1 rebellious renegades non foil edition nonfoil edition,secret_lair,42.55,,,,0.3359,,,,,,,,,,76.25,,52.24,,-0.2906,"[""annRet"", ""artist"", ""compRank"", ""compScore"", ""conf"", ""covStatus"", ""dataConf"", ""dd"", ""drop"", ""family"", ""finish"", ""hist"", ""id"", ""incRet"", ""ipArtist"", ""liq"", ""mom"", ""msrp"", ""name"", ""obs"", ""peak"", ""price"", ""r30"", ""r365"", ""r90"", ""ras"", ""rec"", ""recScore"", ""rel"", ""risk"", ""scarcity"", ""score"", ""super"", ""ub"", ""value"", ""year""]"
secret_lair,SL-AED577907E5FAA,,February Superdrop - Pictures of the Floating World - Non-Foil Edition — Nonfoil Edition,february superdrop pictures of the floating world non foil edition nonfoil edition,secret_lair,28.96,,,,0.0462,,,,,,,,,,76.25,,47.8,,0.0,"[""annRet"", ""artist"", ""compRank"", ""compScore"", ""conf"", ""covStatus"", ""dataConf"", ""dd"", ""drop"", ""family"", ""finish"", ""hist"", ""id"", ""incRet"", ""ipArtist"", ""liq"", ""mom"", ""msrp"", ""name"", ""obs"", ""peak"", ""price"", ""r30"", ""r365"", ""r90"", ""ras"", ""rec"", ""recScore"", ""rel"", ""risk"", ""scarcity"", ""score"", ""super"", ""ub"", ""value"", ""year""]"
secret_lair,SL-17405C5D45E661,,Gift Wrapped - Rainbow Foil Edition — Foil Edition,gift wrapped rainbow foil edition foil edition,secret_lair,40.28,,,,-0.0233,,,,,,,,,,76.25,,44.84,,-0.1579,"[""annRet"", ""artist"", ""compRank"", ""compScore"", ""conf"", ""covStatus"", ""dataConf"", ""dd"", ""drop"", ""family"", ""finish"", ""hist"", ""id"", ""incRet"", ""ipArtist"", ""liq"", ""mom"", ""msrp"", ""name"", ""obs"", ""peak"", ""price"", ""r30"", ""r365"", ""r90"", ""ras"", ""rec"", ""recScore"", ""rel"", ""risk"", ""scarcity"", ""score"", ""super"", ""ub"", ""value"", ""year""]"
secret_lair,SL-C1A0A189180507,189180507,Valentine's Day 2021 - Non-Foil Edition — Nonfoil Edition,valentine s day 2021 non foil edition nonfoil edition,secret_lair,49.64,,,,0.431,,,,,,,,,,76.25,,49.91,,-0.0807,"[""annRet"", ""artist"", ""compRank"", ""compScore"", ""conf"", ""covStatus"", ""dataConf"", ""dd"", ""drop"", ""family"", ""finish"", ""hist"", ""id"", ""incRet"", ""ipArtist"", ""liq"", ""mom"", ""msrp"", ""name"", ""obs"", ""peak"", ""price"", ""r30"", ""r365"", ""r90"", ""ras"", ""rec"", ""recScore"", ""rel"", ""risk"", ""scarcity"", ""score"", ""super"", ""ub"", ""value"", ""year""]"
secret_lair,SL-30B353B1E2F40A,,Our Boss is on Vacation Superdrop: Spongebob Squarepants: Internet Sensation - Non-Foil Edition — Nonfoil Edition,our boss is on vacation superdrop spongebob squarepants internet sensation non foil edition nonfoil edition,secret_lair,66.73,,,,0.409,,,,,,,,,,76.25,,52.05,,0.0,"[""annRet"", ""artist"", ""compRank"", ""compScore"", ""conf"", ""covStatus"", ""dataConf"", ""dd"", ""drop"", ""family"", ""finish"", ""hist"", ""id"", ""incRet"", ""ipArtist"", ""liq"", ""mom"", ""msrp"", ""name"", ""obs"", ""peak"", ""price"", ""r30"", ""r365"", ""r90"", ""ras"", ""rec"", ""recScore"", ""rel"", ""risk"", ""scarcity"", ""score"", ""super"", ""ub"", ""value"", ""year""]"
secret_lair,SL-140EB9D3B38175,38175,EVERYTHING IS ON FIRE - Raised Foil Edition — Foil Edition,everything is on fire raised foil edition foil edition,secret_lair,96.82,,,,-0.288,,,,,,,,,,76.25,,48.48,,-0.3182,"[""annRet"", ""artist"", ""compRank"", ""compScore"", ""conf"", ""covStatus"", ""dataConf"", ""dd"", ""drop"", ""family"", ""finish"", ""hist"", ""id"", ""incRet"", ""ipArtist"", ""liq"", ""mom"", ""msrp"", ""name"", ""obs"", ""peak"", ""price"", ""r30"", ""r365"", ""r90"", ""ras"", ""rec"", ""recScore"", ""rel"", ""risk"", ""scarcity"", ""score"", ""super"", ""ub"", ""value"", ""year""]"
secret_lair,SL-8D82D482708660,482708660,Spring Superdrop 2024: Spring Into Action Bundle - Non-Foil Edition — Nonfoil Edition,spring superdrop 2024 spring into action bundle non foil edition nonfoil edition,secret_lair,599.98,,,,0.5003,,,,,,,,,,71.25,,56.16,,0.0,"[""annRet"", ""artist"", ""compRank"", ""compScore"", ""conf"", ""covStatus"", ""dataConf"", ""dd"", ""drop"", ""family"", ""finish"", ""hist"", ""id"", ""incRet"", ""ipArtist"", ""liq"", ""mom"", ""msrp"", ""name"", ""obs"", ""peak"", ""price"", ""r30"", ""r365"", ""r90"", ""ras"", ""rec"", ""recScore"", ""rel"", ""risk"", ""scarcity"", ""score"", ""super"", ""ub"", ""value"", ""year""]"
secret_lair,SL-39F25CFE2C5A26,,KEXP: Where the Music Matters - Rainbow Foil Bundle — Foil Edition,kexp where the music matters rainbow foil bundle foil edition,secret_lair,314.88,,,,0.2879,,,,,,,,,,71.25,,52.14,,-0.1253,"[""annRet"", ""artist"", ""compRank"", ""compScore"", ""conf"", ""covStatus"", ""dataConf"", ""dd"", ""drop"", ""family"", ""finish"", ""hist"", ""id"", ""incRet"", ""ipArtist"", ""liq"", ""mom"", ""msrp"", ""name"", ""obs"", ""peak"", ""price"", ""r30"", ""r365"", ""r90"", ""ras"", ""rec"", ""recScore"", ""rel"", ""risk"", ""scarcity"", ""score"", ""super"", ""ub"", ""value"", ""year""]"
secret_lair,SL-B8709846C8E5AF,,Winter Superdrop 2024: Dark Mysteries Bundle - Non-Foil Edition — Nonfoil Edition,winter superdrop 2024 dark mysteries bundle non foil edition nonfoil edition,secret_lair,332.43,,,,0.6296,,,,,,,,,,71.25,,57.56,,-0.0,"[""annRet"", ""artist"", ""compRank"", ""compScore"", ""conf"", ""covStatus"", ""dataConf"", ""dd"", ""drop"", ""family"", ""finish"", ""hist"", ""id"", ""incRet"", ""ipArtist"", ""liq"", ""mom"", ""msrp"", ""name"", ""obs"", ""peak"", ""price"", ""r30"", ""r365"", ""r90"", ""ras"", ""rec"", ""recScore"", ""rel"", ""risk"", ""scarcity"", ""score"", ""super"", ""ub"", ""value"", ""year""]"
secret_lair,SL-6B5DCD60BA5730,5730,"Death Is Temporary, Metal Is Forever - Traditional Foil Edition — Foil Edition",death is temporary metal is forever traditional foil edition foil edition,secret_lair,205.44,,,,-0.1093,,,,,,,,,,76.25,,47.57,,-0.2535,"[""annRet"", ""artist"", ""compRank"", ""compScore"", ""conf"", ""covStatus"", ""dataConf"", ""dd"", ""drop"", ""family"", ""finish"", ""hist"", ""id"", ""incRet"", ""ipArtist"", ""liq"", ""mom"", ""msrp"", ""name"", ""obs"", ""peak"", ""price"", ""r30"", ""r365"", ""r90"", ""ras"", ""rec"", ""recScore"", ""rel"", ""risk"", ""scarcity"", ""score"", ""super"", ""ub"", ""value"", ""year""]"
secret_lair,SL-2F5BFD58A416E7,,EVERYTHING IS ON FIRE - Rainbow Foil Playset Bundle — Foil Edition,everything is on fire rainbow foil playset bundle foil edition,secret_lair,314.93,,,,0.0499,,,,,,,,,,71.25,,50.36,,0.0,"[""annRet"", ""artist"", ""compRank"", ""compScore"", ""conf"", ""covStatus"", ""dataConf"", ""dd"", ""drop"", ""family"", ""finish"", ""hist"", ""id"", ""incRet"", ""ipArtist"", ""liq"", ""mom"", ""msrp"", ""name"", ""obs"", ""peak"", ""price"", ""r30"", ""r365"", ""r90"", ""ras"", ""rec"", ""recScore"", ""rel"", ""risk"", ""scarcity"", ""score"", ""super"", ""ub"", ""value"", ""year""]"
secret_lair,SL-75EE0DBCE87D59,,FINAL FANTASY: Gilded Lotus - Rainbow Foil Edition (Japanese) — Foil Edition,final fantasy gilded lotus rainbow foil edition japanese foil edition,secret_lair,48.24,,,,,,,,,,,,,,75.73,,49.36,,-0.216,"[""annRet"", ""artist"", ""compRank"", ""compScore"", ""conf"", ""covStatus"", ""dataConf"", ""dd"", ""drop"", ""family"", ""finish"", ""hist"", ""id"", ""incRet"", ""ipArtist"", ""liq"", ""mom"", ""msrp"", ""name"", ""obs"", ""peak"", ""price"", ""r30"", ""r365"", ""r90"", ""ras"", ""rec"", ""recScore"", ""rel"", ""risk"", ""scarcity"", ""score"", ""super"", ""ub"", ""value"", ""year""]"
secret_lair,SL-1DE33F0229DA09,,Dan Frazier Is Back Again: The Allied Talismans - Non-Foil Edition — Nonfoil Edition,dan frazier is back again the allied talismans non foil edition nonfoil edition,secret_lair,94.16,,,,0.4273,,,,,,,,,,76.25,,51.58,,0.0,"[""annRet"", ""artist"", ""compRank"", ""compScore"", ""conf"", ""covStatus"", ""dataConf"", ""dd"", ""drop"", ""family"", ""finish"", ""hist"", ""id"", ""incRet"", ""ipArtist"", ""liq"", ""mom"", ""msrp"", ""name"", ""obs"", ""peak"", ""price"", ""r30"", ""r365"", ""r90"", ""ras"", ""rec"", ""recScore"", ""rel"", ""risk"", ""scarcity"", ""score"", ""super"", ""ub"", ""value"", ""year""]"
secret_lair,SL-DD778C566554A0,,Featuring: Gary Baseman - Non-Foil Edition — Nonfoil Edition,featuring gary baseman non foil edition nonfoil edition,secret_lair,60.26,,,,0.0537,,,,,,,,,,76.25,,49.48,,0.0,"[""annRet"", ""artist"", ""compRank"", ""compScore"", ""conf"", ""covStatus"", ""dataConf"", ""dd"", ""drop"", ""family"", ""finish"", ""hist"", ""id"", ""incRet"", ""ipArtist"", ""liq"", ""mom"", ""msrp"", ""name"", ""obs"", ""peak"", ""price"", ""r30"", ""r365"", ""r90"", ""ras"", ""rec"", ""recScore"", ""rel"", ""risk"", ""scarcity"", ""score"", ""super"", ""ub"", ""value"", ""year""]"
secret_lair,SL-BB4FA54DEBF880,,Saturday Morning D&D - Non-Foil Edition — Nonfoil Edition,saturday morning d and d non foil edition nonfoil edition,secret_lair,46.22,,,,0.1818,,,,,,,,,,76.25,,50.01,,0.0,"[""annRet"", ""artist"", ""compRank"", ""compScore"", ""conf"", ""covStatus"", ""dataConf"", ""dd"", ""drop"", ""family"", ""finish"", ""hist"", ""id"", ""incRet"", ""ipArtist"", ""liq"", ""mom"", ""msrp"", ""name"", ""obs"", ""peak"", ""price"", ""r30"", ""r365"", ""r90"", ""ras"", ""rec"", ""recScore"", ""rel"", ""risk"", ""scarcity"", ""score"", ""super"", ""ub"", ""value"", ""year""]"
secret_lair,SL-600CD704BB077D,,Special Guest: Fiona Staples - Non-Foil Edition — Nonfoil Edition,special guest fiona staples non foil edition nonfoil edition,secret_lair,49.1,,,,0.0512,,,,,,,,,,76.25,,49.81,,-0.0795,"[""annRet"", ""artist"", ""compRank"", ""compScore"", ""conf"", ""covStatus"", ""dataConf"", ""dd"", ""drop"", ""family"", ""finish"", ""hist"", ""id"", ""incRet"", ""ipArtist"", ""liq"", ""mom"", ""msrp"", ""name"", ""obs"", ""peak"", ""price"", ""r30"", ""r365"", ""r90"", ""ras"", ""rec"", ""recScore"", ""rel"", ""risk"", ""scarcity"", ""score"", ""super"", ""ub"", ""value"", ""year""]"
secret_lair,SL-BB18909619320D,,Big Foil Bundle — Foil Edition,big foil bundle foil edition,secret_lair,699.99,,,,0.1667,,,,,,,,,,71.25,,49.61,,0.0,"[""annRet"", ""artist"", ""compRank"", ""compScore"", ""conf"", ""covStatus"", ""dataConf"", ""dd"", ""drop"", ""family"", ""finish"", ""hist"", ""id"", ""incRet"", ""ipArtist"", ""liq"", ""mom"", ""msrp"", ""name"", ""obs"", ""peak"", ""price"", ""r30"", ""r365"", ""r90"", ""ras"", ""rec"", ""recScore"", ""rel"", ""risk"", ""scarcity"", ""score"", ""super"", ""ub"", ""value"", ""year""]"
secret_lair,SL-0B75BFD8A38901,38901,Special Guest: Junji Ito (English) - Non-Foil Edition — Nonfoil Edition,special guest junji ito english non foil edition nonfoil edition,secret_lair,187.16,,,,0.3212,,,,,,,,,,76.25,,51.49,,0.0,"[""annRet"", ""artist"", ""compRank"", ""compScore"", ""conf"", ""covStatus"", ""dataConf"", ""dd"", ""drop"", ""family"", ""finish"", ""hist"", ""id"", ""incRet"", ""ipArtist"", ""liq"", ""mom"", ""msrp"", ""name"", ""obs"", ""peak"", ""price"", ""r30"", ""r365"", ""r90"", ""ras"", ""rec"", ""recScore"", ""rel"", ""risk"", ""scarcity"", ""score"", ""super"", ""ub"", ""value"", ""year""]"
secret_lair,SL-6A7B01B7E9573D,,Kamigawa Ink - Non-Foil Edition — Nonfoil Edition,kamigawa ink non foil edition nonfoil edition,secret_lair,59.21,,,,0.3922,,,,,,,,,,76.25,,50.66,,0.0,"[""annRet"", ""artist"", ""compRank"", ""compScore"", ""conf"", ""covStatus"", ""dataConf"", ""dd"", ""drop"", ""family"", ""finish"", ""hist"", ""id"", ""incRet"", ""ipArtist"", ""liq"", ""mom"", ""msrp"", ""name"", ""obs"", ""peak"", ""price"", ""r30"", ""r365"", ""r90"", ""ras"", ""rec"", ""recScore"", ""rel"", ""risk"", ""scarcity"", ""score"", ""super"", ""ub"", ""value"", ""year""]"
secret_lair,SL-DEF4A1D4ADC965,,Astrology Lands (Libra) - Traditional Foil Edition — Foil Edition,astrology lands libra traditional foil edition foil edition,secret_lair,28.99,,,,-0.4641,,,,,,,,,,76.25,,46.21,,-0.6155,"[""annRet"", ""artist"", ""compRank"", ""compScore"", ""conf"", ""covStatus"", ""dataConf"", ""dd"", ""drop"", ""family"", ""finish"", ""hist"", ""id"", ""incRet"", ""ipArtist"", ""liq"", ""mom"", ""msrp"", ""name"", ""obs"", ""peak"", ""price"", ""r30"", ""r365"", ""r90"", ""ras"", ""rec"", ""recScore"", ""rel"", ""risk"", ""scarcity"", ""score"", ""super"", ""ub"", ""value"", ""year""]"
secret_lair,SL-57B769C050A1F6,,Chucky - Non-Foil Edition — Nonfoil Edition,chucky non foil edition nonfoil edition,secret_lair,53.52,,,,0.389,,,,,,,,,,76.25,,51.66,,0.0,"[""annRet"", ""artist"", ""compRank"", ""compScore"", ""conf"", ""covStatus"", ""dataConf"", ""dd"", ""drop"", ""family"", ""finish"", ""hist"", ""id"", ""incRet"", ""ipArtist"", ""liq"", ""mom"", ""msrp"", ""name"", ""obs"", ""peak"", ""price"", ""r30"", ""r365"", ""r90"", ""ras"", ""rec"", ""recScore"", ""rel"", ""risk"", ""scarcity"", ""score"", ""super"", ""ub"", ""value"", ""year""]"
secret_lair,SL-A59C9ADCD75BE0,,Stranger Things - Traditional Foil Edition — Foil Edition,stranger things traditional foil edition foil edition,secret_lair,143.87,,,,0.9319,,,,,,,,,,76.25,,51.89,,-0.2211,"[""annRet"", ""artist"", ""compRank"", ""compScore"", ""conf"", ""covStatus"", ""dataConf"", ""dd"", ""drop"", ""family"", ""finish"", ""hist"", ""id"", ""incRet"", ""ipArtist"", ""liq"", ""mom"", ""msrp"", ""name"", ""obs"", ""peak"", ""price"", ""r30"", ""r365"", ""r90"", ""ras"", ""rec"", ""recScore"", ""rel"", ""risk"", ""scarcity"", ""score"", ""super"", ""ub"", ""value"", ""year""]"
secret_lair,SL-EB7E2032D0A931,,Featuring: Julie Bell - Non-Foil Edition — Nonfoil Edition,featuring julie bell non foil edition nonfoil edition,secret_lair,39.7,,,,0.3309,,,,,,,,,,76.25,,53.43,,-0.8015,"[""annRet"", ""artist"", ""compRank"", ""compScore"", ""conf"", ""covStatus"", ""dataConf"", ""dd"", ""drop"", ""family"", ""finish"", ""hist"", ""id"", ""incRet"", ""ipArtist"", ""liq"", ""mom"", ""msrp"", ""name"", ""obs"", ""peak"", ""price"", ""r30"", ""r365"", ""r90"", ""ras"", ""rec"", ""recScore"", ""rel"", ""risk"", ""scarcity"", ""score"", ""super"", ""ub"", ""value"", ""year""]"
secret_lair,SL-31EB584CE2759D,,Purrfection - Non-Foil Edition — Nonfoil Edition,purrfection non foil edition nonfoil edition,secret_lair,228.8,,,,0.5323,,,,,,,,,,76.25,,51.5,,0.0,"[""annRet"", ""artist"", ""compRank"", ""compScore"", ""conf"", ""covStatus"", ""dataConf"", ""dd"", ""drop"", ""family"", ""finish"", ""hist"", ""id"", ""incRet"", ""ipArtist"", ""liq"", ""mom"", ""msrp"", ""name"", ""obs"", ""peak"", ""price"", ""r30"", ""r365"", ""r90"", ""ras"", ""rec"", ""recScore"", ""rel"", ""risk"", ""scarcity"", ""score"", ""super"", ""ub"", ""value"", ""year""]"
secret_lair,SL-DA137A8920D7BE,,Deceptive Divination - Non-Foil Edition — Nonfoil Edition,deceptive divination non foil edition nonfoil edition,secret_lair,36.35,,,,0.2849,,,,,,,,,,76.25,,50.36,,-0.2729,"[""annRet"", ""artist"", ""compRank"", ""compScore"", ""conf"", ""covStatus"", ""dataConf"", ""dd"", ""drop"", ""family"", ""finish"", ""hist"", ""id"", ""incRet"", ""ipArtist"", ""liq"", ""mom"", ""msrp"", ""name"", ""obs"", ""peak"", ""price"", ""r30"", ""r365"", ""r90"", ""ras"", ""rec"", ""recScore"", ""rel"", ""risk"", ""scarcity"", ""score"", ""super"", ""ub"", ""value"", ""year""]"
secret_lair,SL-C70FCBB505BD77,,Jaws: Terror of Amity Island - Rainbow Foil Edition — Foil Edition,jaws terror of amity island rainbow foil edition foil edition,secret_lair,292.71,,,,,,,,,,,,,,69.0,,54.18,,0.0,"[""annRet"", ""artist"", ""compRank"", ""compScore"", ""conf"", ""covStatus"", ""dataConf"", ""dd"", ""drop"", ""family"", ""finish"", ""hist"", ""id"", ""incRet"", ""ipArtist"", ""liq"", ""mom"", ""msrp"", ""name"", ""obs"", ""peak"", ""price"", ""r30"", ""r365"", ""r90"", ""ras"", ""rec"", ""recScore"", ""rel"", ""risk"", ""scarcity"", ""score"", ""super"", ""ub"", ""value"", ""year""]"
secret_lair,SL-34194E4F054A23,,Phyrexian Faves - Non-Foil Edition — Nonfoil Edition,phyrexian faves non foil edition nonfoil edition,secret_lair,26.46,,,,0.1356,,,,,,,,,,76.25,,48.46,,-0.0696,"[""annRet"", ""artist"", ""compRank"", ""compScore"", ""conf"", ""covStatus"", ""dataConf"", ""dd"", ""drop"", ""family"", ""finish"", ""hist"", ""id"", ""incRet"", ""ipArtist"", ""liq"", ""mom"", ""msrp"", ""name"", ""obs"", ""peak"", ""price"", ""r30"", ""r365"", ""r90"", ""ras"", ""rec"", ""recScore"", ""rel"", ""risk"", ""scarcity"", ""score"", ""super"", ""ub"", ""value"", ""year""]"
secret_lair,SL-E3519A1A83A8E6,,In Memoriam: Jaya Ballard - Non-Foil Edition — Nonfoil Edition,in memoriam jaya ballard non foil edition nonfoil edition,secret_lair,67.31,,,,0.8055,,,,,,,,,,76.25,,52.11,,-0.0195,"[""annRet"", ""artist"", ""compRank"", ""compScore"", ""conf"", ""covStatus"", ""dataConf"", ""dd"", ""drop"", ""family"", ""finish"", ""hist"", ""id"", ""incRet"", ""ipArtist"", ""liq"", ""mom"", ""msrp"", ""name"", ""obs"", ""peak"", ""price"", ""r30"", ""r365"", ""r90"", ""ras"", ""rec"", ""recScore"", ""rel"", ""risk"", ""scarcity"", ""score"", ""super"", ""ub"", ""value"", ""year""]"
secret_lair,SL-12A0108619FC9B,,Showcase: Monster Anatomy 101 - Non-Foil Edition — Nonfoil Edition,showcase monster anatomy 101 non foil edition nonfoil edition,secret_lair,55.36,,,,0.305,,,,,,,,,,76.25,,50.29,,-0.0833,"[""annRet"", ""artist"", ""compRank"", ""compScore"", ""conf"", ""covStatus"", ""dataConf"", ""dd"", ""drop"", ""family"", ""finish"", ""hist"", ""id"", ""incRet"", ""ipArtist"", ""liq"", ""mom"", ""msrp"", ""name"", ""obs"", ""peak"", ""price"", ""r30"", ""r365"", ""r90"", ""ras"", ""rec"", ""recScore"", ""rel"", ""risk"", ""scarcity"", ""score"", ""super"", ""ub"", ""value"", ""year""]"
secret_lair,SL-2B817FBC9624E5,,Second Secretversary Bundle - Foil Edition — Foil Edition,second secretversary bundle foil edition foil edition,secret_lair,450.0,,,,0.0,,,,,,,,,,71.25,,48.36,,0.0,"[""annRet"", ""artist"", ""compRank"", ""compScore"", ""conf"", ""covStatus"", ""dataConf"", ""dd"", ""drop"", ""family"", ""finish"", ""hist"", ""id"", ""incRet"", ""ipArtist"", ""liq"", ""mom"", ""msrp"", ""name"", ""obs"", ""peak"", ""price"", ""r30"", ""r365"", ""r90"", ""ras"", ""rec"", ""recScore"", ""rel"", ""risk"", ""scarcity"", ""score"", ""super"", ""ub"", ""value"", ""year""]"
secret_lair,SL-04F997D8C52528,52528,February Superdrop - Introducing: Kaito Shizuki - Non-Foil Edition — Nonfoil Edition,february superdrop introducing kaito shizuki non foil edition nonfoil edition,secret_lair,42.84,,,,0.253,,,,,,,,,,76.25,,49.04,,0.0,"[""annRet"", ""artist"", ""compRank"", ""compScore"", ""conf"", ""covStatus"", ""dataConf"", ""dd"", ""drop"", ""family"", ""finish"", ""hist"", ""id"", ""incRet"", ""ipArtist"", ""liq"", ""mom"", ""msrp"", ""name"", ""obs"", ""peak"", ""price"", ""r30"", ""r365"", ""r90"", ""ras"", ""rec"", ""recScore"", ""rel"", ""risk"", ""scarcity"", ""score"", ""super"", ""ub"", ""value"", ""year""]"
secret_lair,SL-5DCBAF53678E9A,,The Strange Sands: Island - Rainbow Foil Edition — Foil Edition,the strange sands island rainbow foil edition foil edition,secret_lair,98.27,,,,-0.3014,,,,,,,,,,76.25,,47.79,,-0.3148,"[""annRet"", ""artist"", ""compRank"", ""compScore"", ""conf"", ""covStatus"", ""dataConf"", ""dd"", ""drop"", ""family"", ""finish"", ""hist"", ""id"", ""incRet"", ""ipArtist"", ""liq"", ""mom"", ""msrp"", ""name"", ""obs"", ""peak"", ""price"", ""r30"", ""r365"", ""r90"", ""ras"", ""rec"", ""recScore"", ""rel"", ""risk"", ""scarcity"", ""score"", ""super"", ""ub"", ""value"", ""year""]"
secret_lair,SL-93933272405D31,,Adventures of the Little Witch - Rainbow Foil Edition — Foil Edition,adventures of the little witch rainbow foil edition foil edition,secret_lair,65.03,,,,-0.0426,,,,,,,,,,76.25,,48.57,,-0.6284,"[""annRet"", ""artist"", ""compRank"", ""compScore"", ""conf"", ""covStatus"", ""dataConf"", ""dd"", ""drop"", ""family"", ""finish"", ""hist"", ""id"", ""incRet"", ""ipArtist"", ""liq"", ""mom"", ""msrp"", ""name"", ""obs"", ""peak"", ""price"", ""r30"", ""r365"", ""r90"", ""ras"", ""rec"", ""recScore"", ""rel"", ""risk"", ""scarcity"", ""score"", ""super"", ""ub"", ""value"", ""year""]"
secret_lair,SL-E4888AAC444029,444029,June Superdrop - Full-of-Foils Bundle — Foil Edition,june superdrop full of foils bundle foil edition,secret_lair,525.0,,,,0.0,,,,,,,,,,71.25,,48.36,,0.0,"[""annRet"", ""artist"", ""compRank"", ""compScore"", ""conf"", ""covStatus"", ""dataConf"", ""dd"", ""drop"", ""family"", ""finish"", ""hist"", ""id"", ""incRet"", ""ipArtist"", ""liq"", ""mom"", ""msrp"", ""name"", ""obs"", ""peak"", ""price"", ""r30"", ""r365"", ""r90"", ""ras"", ""rec"", ""recScore"", ""rel"", ""risk"", ""scarcity"", ""score"", ""super"", ""ub"", ""value"", ""year""]"
secret_lair,SL-4E4666C9C585DF,,Showcase: Thrilling Tales of the Undead - Non-Foil Edition — Nonfoil Edition,showcase thrilling tales of the undead non foil edition nonfoil edition,secret_lair,55.47,,,,-0.0285,,,,,,,,,,76.25,,48.13,,-0.04,"[""annRet"", ""artist"", ""compRank"", ""compScore"", ""conf"", ""covStatus"", ""dataConf"", ""dd"", ""drop"", ""family"", ""finish"", ""hist"", ""id"", ""incRet"", ""ipArtist"", ""liq"", ""mom"", ""msrp"", ""name"", ""obs"", ""peak"", ""price"", ""r30"", ""r365"", ""r90"", ""ras"", ""rec"", ""recScore"", ""rel"", ""risk"", ""scarcity"", ""score"", ""super"", ""ub"", ""value"", ""year""]"
secret_lair,SL-6B6C979A6E1B4E,,Summer Superdrop 2025 - Artist Series: Phil Foglio (Non-Foil Edition) — Nonfoil Edition,summer superdrop 2025 artist series phil foglio non foil edition nonfoil edition,secret_lair,39.29,,,,-0.0641,,,,,,,,,,76.25,,46.49,,-0.0641,"[""annRet"", ""artist"", ""compRank"", ""compScore"", ""conf"", ""covStatus"", ""dataConf"", ""dd"", ""drop"", ""family"", ""finish"", ""hist"", ""id"", ""incRet"", ""ipArtist"", ""liq"", ""mom"", ""msrp"", ""name"", ""obs"", ""peak"", ""price"", ""r30"", ""r365"", ""r90"", ""ras"", ""rec"", ""recScore"", ""rel"", ""risk"", ""scarcity"", ""score"", ""super"", ""ub"", ""value"", ""year""]"
secret_lair,SL-6640A3B637C825,,Fallout: Vault Boy - Non-Foil Edition — Nonfoil Edition,fallout vault boy non foil edition nonfoil edition,secret_lair,70.73,,,,0.5579,,,,,,,,,,76.25,,51.3,,0.0,"[""annRet"", ""artist"", ""compRank"", ""compScore"", ""conf"", ""covStatus"", ""dataConf"", ""dd"", ""drop"", ""family"", ""finish"", ""hist"", ""id"", ""incRet"", ""ipArtist"", ""liq"", ""mom"", ""msrp"", ""name"", ""obs"", ""peak"", ""price"", ""r30"", ""r365"", ""r90"", ""ras"", ""rec"", ""recScore"", ""rel"", ""risk"", ""scarcity"", ""score"", ""super"", ""ub"", ""value"", ""year""]"
secret_lair,SL-6826C5CCC691B8,,Superdrop: Voracious Reader Bundle - Foil — Foil Edition,superdrop voracious reader bundle foil foil edition,secret_lair,449.99,,,,0.125,,,,,,,,,,71.25,,49.3,,-0.1,"[""annRet"", ""artist"", ""compRank"", ""compScore"", ""conf"", ""covStatus"", ""dataConf"", ""dd"", ""drop"", ""family"", ""finish"", ""hist"", ""id"", ""incRet"", ""ipArtist"", ""liq"", ""mom"", ""msrp"", ""name"", ""obs"", ""peak"", ""price"", ""r30"", ""r365"", ""r90"", ""ras"", ""rec"", ""recScore"", ""rel"", ""risk"", ""scarcity"", ""score"", ""super"", ""ub"", ""value"", ""year""]"
secret_lair,SL-E397494832E845,,Just Add Milk: Second Helpings - Non-Foil Edition — Nonfoil Edition,just add milk second helpings non foil edition nonfoil edition,secret_lair,57.9,,,,0.2924,,,,,,,,,,76.25,,50.04,,0.0,"[""annRet"", ""artist"", ""compRank"", ""compScore"", ""conf"", ""covStatus"", ""dataConf"", ""dd"", ""drop"", ""family"", ""finish"", ""hist"", ""id"", ""incRet"", ""ipArtist"", ""liq"", ""mom"", ""msrp"", ""name"", ""obs"", ""peak"", ""price"", ""r30"", ""r365"", ""r90"", ""ras"", ""rec"", ""recScore"", ""rel"", ""risk"", ""scarcity"", ""score"", ""super"", ""ub"", ""value"", ""year""]"
secret_lair,SL-4E0F9462AECE34,,The Prophets Predicted Bundle - Foil Edition — Foil Edition,the prophets predicted bundle foil edition foil edition,secret_lair,699.99,,,,0.0,,,,,,,,,,71.25,,48.36,,0.0,"[""annRet"", ""artist"", ""compRank"", ""compScore"", ""conf"", ""covStatus"", ""dataConf"", ""dd"", ""drop"", ""family"", ""finish"", ""hist"", ""id"", ""incRet"", ""ipArtist"", ""liq"", ""mom"", ""msrp"", ""name"", ""obs"", ""peak"", ""price"", ""r30"", ""r365"", ""r90"", ""ras"", ""rec"", ""recScore"", ""rel"", ""risk"", ""scarcity"", ""score"", ""super"", ""ub"", ""value"", ""year""]"
secret_lair,SL-81870DDCED77D3,,December Superdrop Foil Bundle — Foil Edition,december superdrop foil bundle foil edition,secret_lair,899.99,,,,-0.0,,,,,,,,,,71.25,,48.36,,-0.0,"[""annRet"", ""artist"", ""compRank"", ""compScore"", ""conf"", ""covStatus"", ""dataConf"", ""dd"", ""drop"", ""family"", ""finish"", ""hist"", ""id"", ""incRet"", ""ipArtist"", ""liq"", ""mom"", ""msrp"", ""name"", ""obs"", ""peak"", ""price"", ""r30"", ""r365"", ""r90"", ""ras"", ""rec"", ""recScore"", ""rel"", ""risk"", ""scarcity"", ""score"", ""super"", ""ub"", ""value"", ""year""]"
secret_lair,SL-9F2EA943C39F55,,Li'l'est Walkers - Rainbow Foil Edition — Foil Edition,li l est walkers rainbow foil edition foil edition,secret_lair,23.93,,,,-0.088,,,,,,,,,,76.25,,48.59,,-0.787,"[""annRet"", ""artist"", ""compRank"", ""compScore"", ""conf"", ""covStatus"", ""dataConf"", ""dd"", ""drop"", ""family"", ""finish"", ""hist"", ""id"", ""incRet"", ""ipArtist"", ""liq"", ""mom"", ""msrp"", ""name"", ""obs"", ""peak"", ""price"", ""r30"", ""r365"", ""r90"", ""ras"", ""rec"", ""recScore"", ""rel"", ""risk"", ""scarcity"", ""score"", ""super"", ""ub"", ""value"", ""year""]"
secret_lair,SL-6C10833A178EED,,Mirrodinsanity - Non-Foil Edition — Nonfoil Edition,mirrodinsanity non foil edition nonfoil edition,secret_lair,82.38,,,,0.3623,,,,,,,,,,76.25,,49.96,,0.0,"[""annRet"", ""artist"", ""compRank"", ""compScore"", ""conf"", ""covStatus"", ""dataConf"", ""dd"", ""drop"", ""family"", ""finish"", ""hist"", ""id"", ""incRet"", ""ipArtist"", ""liq"", ""mom"", ""msrp"", ""name"", ""obs"", ""peak"", ""price"", ""r30"", ""r365"", ""r90"", ""ras"", ""rec"", ""recScore"", ""rel"", ""risk"", ""scarcity"", ""score"", ""super"", ""ub"", ""value"", ""year""]"
secret_lair,SL-D061A6FE209B52,,Dungeons & Dragons: Death is in the Eyes of the Beholder II - Non-Foil Edition — Nonfoil Edition,dungeons and dragons death is in the eyes of the beholder ii non foil edition nonfoil edition,secret_lair,40.9,,,,0.2523,,,,,,,,,,76.25,,51.55,,-0.7318,"[""annRet"", ""artist"", ""compRank"", ""compScore"", ""conf"", ""covStatus"", ""dataConf"", ""dd"", ""drop"", ""family"", ""finish"", ""hist"", ""id"", ""incRet"", ""ipArtist"", ""liq"", ""mom"", ""msrp"", ""name"", ""obs"", ""peak"", ""price"", ""r30"", ""r365"", ""r90"", ""ras"", ""rec"", ""recScore"", ""rel"", ""risk"", ""scarcity"", ""score"", ""super"", ""ub"", ""value"", ""year""]"
secret_lair,SL-2FCD076205C4F4,,Our Boss is on Vacation Superdrop: Tragic Romance - Non-Foil Edition — Nonfoil Edition,our boss is on vacation superdrop tragic romance non foil edition nonfoil edition,secret_lair,129.67,,,,0.5494,,,,,,,,,,76.25,,50.81,,-0.0021,"[""annRet"", ""artist"", ""compRank"", ""compScore"", ""conf"", ""covStatus"", ""dataConf"", ""dd"", ""drop"", ""family"", ""finish"", ""hist"", ""id"", ""incRet"", ""ipArtist"", ""liq"", ""mom"", ""msrp"", ""name"", ""obs"", ""peak"", ""price"", ""r30"", ""r365"", ""r90"", ""ras"", ""rec"", ""recScore"", ""rel"", ""risk"", ""scarcity"", ""score"", ""super"", ""ub"", ""value"", ""year""]"
secret_lair,SL-BF755AD9D8CE5F,,Furby: The Oddbodies - Confetti Foil Edition — Foil Edition,furby the oddbodies confetti foil edition foil edition,secret_lair,127.03,,,,,,,,,,,,,,69.0,,54.63,,-0.0794,"[""annRet"", ""artist"", ""compRank"", ""compScore"", ""conf"", ""covStatus"", ""dataConf"", ""dd"", ""drop"", ""family"", ""finish"", ""hist"", ""id"", ""incRet"", ""ipArtist"", ""liq"", ""mom"", ""msrp"", ""name"", ""obs"", ""peak"", ""price"", ""r30"", ""r365"", ""r90"", ""ras"", ""rec"", ""recScore"", ""rel"", ""risk"", ""scarcity"", ""score"", ""super"", ""ub"", ""value"", ""year""]"
secret_lair,SL-E9DEA56D4176E0,,Superdrop: The Full-Text Lands - Non-Foil Edition — Nonfoil Edition,superdrop the full text lands non foil edition nonfoil edition,secret_lair,49.45,,,,0.2138,,,,,,,,,,76.25,,51.15,,0.0,"[""annRet"", ""artist"", ""compRank"", ""compScore"", ""conf"", ""covStatus"", ""dataConf"", ""dd"", ""drop"", ""family"", ""finish"", ""hist"", ""id"", ""incRet"", ""ipArtist"", ""liq"", ""mom"", ""msrp"", ""name"", ""obs"", ""peak"", ""price"", ""r30"", ""r365"", ""r90"", ""ras"", ""rec"", ""recScore"", ""rel"", ""risk"", ""scarcity"", ""score"", ""super"", ""ub"", ""value"", ""year""]"
secret_lair,SL-F638B39456864F,,Black is Magic - Non-Foil Edition — Nonfoil Edition,black is magic non foil edition nonfoil edition,secret_lair,57.42,,,,0.2817,,,,,,,,,,76.25,,51.54,,-0.0223,"[""annRet"", ""artist"", ""compRank"", ""compScore"", ""conf"", ""covStatus"", ""dataConf"", ""dd"", ""drop"", ""family"", ""finish"", ""hist"", ""id"", ""incRet"", ""ipArtist"", ""liq"", ""mom"", ""msrp"", ""name"", ""obs"", ""peak"", ""price"", ""r30"", ""r365"", ""r90"", ""ras"", ""rec"", ""recScore"", ""rel"", ""risk"", ""scarcity"", ""score"", ""super"", ""ub"", ""value"", ""year""]"
secret_lair,SL-B39A2F769F1E07,,sAnS mERcY - Non-Foil Edition — Nonfoil Edition,sans mercy non foil edition nonfoil edition,secret_lair,50.34,,,,0.5158,,,,,,,,,,76.25,,51.17,,-0.1607,"[""annRet"", ""artist"", ""compRank"", ""compScore"", ""conf"", ""covStatus"", ""dataConf"", ""dd"", ""drop"", ""family"", ""finish"", ""hist"", ""id"", ""incRet"", ""ipArtist"", ""liq"", ""mom"", ""msrp"", ""name"", ""obs"", ""peak"", ""price"", ""r30"", ""r365"", ""r90"", ""ras"", ""rec"", ""recScore"", ""rel"", ""risk"", ""scarcity"", ""score"", ""super"", ""ub"", ""value"", ""year""]"
secret_lair,SL-F3C784F688A104,,Our Boss is on Vacation Superdrop: Spongebob Squarepants: Legends of Bikini Bottom - Non-Foil Edition — Nonfoil Edition,our boss is on vacation superdrop spongebob squarepants legends of bikini bottom non foil edition nonfoil edition,secret_lair,69.46,,,,0.6766,,,,,,,,,,76.25,,51.84,,-0.006,"[""annRet"", ""artist"", ""compRank"", ""compScore"", ""conf"", ""covStatus"", ""dataConf"", ""dd"", ""drop"", ""family"", ""finish"", ""hist"", ""id"", ""incRet"", ""ipArtist"", ""liq"", ""mom"", ""msrp"", ""name"", ""obs"", ""peak"", ""price"", ""r30"", ""r365"", ""r90"", ""ras"", ""rec"", ""recScore"", ""rel"", ""risk"", ""scarcity"", ""score"", ""super"", ""ub"", ""value"", ""year""]"
secret_lair,SL-6B7BB6F2DC6CCE,,Artist Series: Chris Rahn - Non-Foil Edition — Nonfoil Edition,artist series chris rahn non foil edition nonfoil edition,secret_lair,31.93,,,,-0.0059,,,,,,,,,,76.25,,47.71,,-0.0209,"[""annRet"", ""artist"", ""compRank"", ""compScore"", ""conf"", ""covStatus"", ""dataConf"", ""dd"", ""drop"", ""family"", ""finish"", ""hist"", ""id"", ""incRet"", ""ipArtist"", ""liq"", ""mom"", ""msrp"", ""name"", ""obs"", ""peak"", ""price"", ""r30"", ""r365"", ""r90"", ""ras"", ""rec"", ""recScore"", ""rel"", ""risk"", ""scarcity"", ""score"", ""super"", ""ub"", ""value"", ""year""]"
secret_lair,SL-BBC8F93DE82CE5,,Monty Python: Monty Python and the Holy Grail: Vol. 2 - Non-Foil Edition — Nonfoil Edition,monty python monty python and the holy grail vol 2 non foil edition nonfoil edition,secret_lair,67.82,,,,0.2244,,,,,,,,,,76.25,,50.47,,-0.2861,"[""annRet"", ""artist"", ""compRank"", ""compScore"", ""conf"", ""covStatus"", ""dataConf"", ""dd"", ""drop"", ""family"", ""finish"", ""hist"", ""id"", ""incRet"", ""ipArtist"", ""liq"", ""mom"", ""msrp"", ""name"", ""obs"", ""peak"", ""price"", ""r30"", ""r365"", ""r90"", ""ras"", ""rec"", ""recScore"", ""rel"", ""risk"", ""scarcity"", ""score"", ""super"", ""ub"", ""value"", ""year""]"
secret_lair,SL-EF03D947F97187,97187,Furby: The Oddbodies - Rainbow Foil Edition — Foil Edition,furby the oddbodies rainbow foil edition foil edition,secret_lair,90.17,,,,,,,,,,,,,,69.0,,54.06,,0.0,"[""annRet"", ""artist"", ""compRank"", ""compScore"", ""conf"", ""covStatus"", ""dataConf"", ""dd"", ""drop"", ""family"", ""finish"", ""hist"", ""id"", ""incRet"", ""ipArtist"", ""liq"", ""mom"", ""msrp"", ""name"", ""obs"", ""peak"", ""price"", ""r30"", ""r365"", ""r90"", ""ras"", ""rec"", ""recScore"", ""rel"", ""risk"", ""scarcity"", ""score"", ""super"", ""ub"", ""value"", ""year""]"
secret_lair,SL-CE3BB4F7AF5651,5651,Goblingram - Non-Foil Edition — Nonfoil Edition,goblingram non foil edition nonfoil edition,secret_lair,32.28,,,,0.5091,,,,,,,,,,76.25,,52.75,,-0.4618,"[""annRet"", ""artist"", ""compRank"", ""compScore"", ""conf"", ""covStatus"", ""dataConf"", ""dd"", ""drop"", ""family"", ""finish"", ""hist"", ""id"", ""incRet"", ""ipArtist"", ""liq"", ""mom"", ""msrp"", ""name"", ""obs"", ""peak"", ""price"", ""r30"", ""r365"", ""r90"", ""ras"", ""rec"", ""recScore"", ""rel"", ""risk"", ""scarcity"", ""score"", ""super"", ""ub"", ""value"", ""year""]"
secret_lair,SL-86C6A385452411,385452411,Our Boss is on Vacation Superdrop: Spongebob Squarepants: Lands Under the Sea - Non-Foil Edition — Nonfoil Edition,our boss is on vacation superdrop spongebob squarepants lands under the sea non foil edition nonfoil edition,secret_lair,48.26,,,,0.1515,,,,,,,,,,76.25,,47.9,,-0.1225,"[""annRet"", ""artist"", ""compRank"", ""compScore"", ""conf"", ""covStatus"", ""dataConf"", ""dd"", ""drop"", ""family"", ""finish"", ""hist"", ""id"", ""incRet"", ""ipArtist"", ""liq"", ""mom"", ""msrp"", ""name"", ""obs"", ""peak"", ""price"", ""r30"", ""r365"", ""r90"", ""ras"", ""rec"", ""recScore"", ""rel"", ""risk"", ""scarcity"", ""score"", ""super"", ""ub"", ""value"", ""year""]"
secret_lair,SL-A4528679EBCD24,,Imaginary Friends - Non-Foil Edition — Nonfoil Edition,imaginary friends non foil edition nonfoil edition,secret_lair,49.0,,,,0.1215,,,,,,,,,,76.25,,48.37,,0.0,"[""annRet"", ""artist"", ""compRank"", ""compScore"", ""conf"", ""covStatus"", ""dataConf"", ""dd"", ""drop"", ""family"", ""finish"", ""hist"", ""id"", ""incRet"", ""ipArtist"", ""liq"", ""mom"", ""msrp"", ""name"", ""obs"", ""peak"", ""price"", ""r30"", ""r365"", ""r90"", ""ras"", ""rec"", ""recScore"", ""rel"", ""risk"", ""scarcity"", ""score"", ""super"", ""ub"", ""value"", ""year""]"
secret_lair,SL-7716CAD08A2C84,,NALAC Nuestra Magia — Nonfoil Edition,nalac nuestra magia nonfoil edition,secret_lair,65.52,,,,0.0083,,,,,,,,,,76.25,,47.57,,0.0,"[""annRet"", ""artist"", ""compRank"", ""compScore"", ""conf"", ""covStatus"", ""dataConf"", ""dd"", ""drop"", ""family"", ""finish"", ""hist"", ""id"", ""incRet"", ""ipArtist"", ""liq"", ""mom"", ""msrp"", ""name"", ""obs"", ""peak"", ""price"", ""r30"", ""r365"", ""r90"", ""ras"", ""rec"", ""recScore"", ""rel"", ""risk"", ""scarcity"", ""score"", ""super"", ""ub"", ""value"", ""year""]"
secret_lair,SL-F97114C3F34013,34013,February Superdrop - Full-of-Foils Bundle — Foil Edition,february superdrop full of foils bundle foil edition,secret_lair,460.49,,,,0.3199,,,,,,,,,,71.25,,50.48,,-0.0223,"[""annRet"", ""artist"", ""compRank"", ""compScore"", ""conf"", ""covStatus"", ""dataConf"", ""dd"", ""drop"", ""family"", ""finish"", ""hist"", ""id"", ""incRet"", ""ipArtist"", ""liq"", ""mom"", ""msrp"", ""name"", ""obs"", ""peak"", ""price"", ""r30"", ""r365"", ""r90"", ""ras"", ""rec"", ""recScore"", ""rel"", ""risk"", ""scarcity"", ""score"", ""super"", ""ub"", ""value"", ""year""]"
secret_lair,SL-CCE426CFBA5D07,,Pixel Perfect: Extra Life 2024 - Non-Foil Edition — Nonfoil Edition,pixel perfect extra life 2024 non foil edition nonfoil edition,secret_lair,70.21,,,,0.3497,,,,,,,,,,76.25,,50.92,,0.0,"[""annRet"", ""artist"", ""compRank"", ""compScore"", ""conf"", ""covStatus"", ""dataConf"", ""dd"", ""drop"", ""family"", ""finish"", ""hist"", ""id"", ""incRet"", ""ipArtist"", ""liq"", ""mom"", ""msrp"", ""name"", ""obs"", ""peak"", ""price"", ""r30"", ""r365"", ""r90"", ""ras"", ""rec"", ""recScore"", ""rel"", ""risk"", ""scarcity"", ""score"", ""super"", ""ub"", ""value"", ""year""]"
secret_lair,SL-585CACD9E76000,76000,Summer Superdrop 2025 - The Artist Spotlight Bundle (Rainbow Foil Edition) — Foil Edition,summer superdrop 2025 the artist spotlight bundle rainbow foil edition foil edition,secret_lair,174.7,,,,-0.0017,,,,,,,,,,71.25,,48.35,,-0.1772,"[""annRet"", ""artist"", ""compRank"", ""compScore"", ""conf"", ""covStatus"", ""dataConf"", ""dd"", ""drop"", ""family"", ""finish"", ""hist"", ""id"", ""incRet"", ""ipArtist"", ""liq"", ""mom"", ""msrp"", ""name"", ""obs"", ""peak"", ""price"", ""r30"", ""r365"", ""r90"", ""ras"", ""rec"", ""recScore"", ""rel"", ""risk"", ""scarcity"", ""score"", ""super"", ""ub"", ""value"", ""year""]"
secret_lair,SL-747C45FB80DFBE,,Iron Maiden: Eddie Unchained - Rainbow Foil Edition — Foil Edition,iron maiden eddie unchained rainbow foil edition foil edition,secret_lair,190.33,,,,,,,,,,,,,,69.0,,51.2,,0.0,"[""annRet"", ""artist"", ""compRank"", ""compScore"", ""conf"", ""covStatus"", ""dataConf"", ""dd"", ""drop"", ""family"", ""finish"", ""hist"", ""id"", ""incRet"", ""ipArtist"", ""liq"", ""mom"", ""msrp"", ""name"", ""obs"", ""peak"", ""price"", ""r30"", ""r365"", ""r90"", ""ras"", ""rec"", ""recScore"", ""rel"", ""risk"", ""scarcity"", ""score"", ""super"", ""ub"", ""value"", ""year""]"
secret_lair,SL-EE882204CA80F5,,Pride Across the Multiverse - Non-Foil Edition — Nonfoil Edition,pride across the multiverse non foil edition nonfoil edition,secret_lair,87.94,,,,0.12,,,,,,,,,,76.25,,48.61,,0.0,"[""annRet"", ""artist"", ""compRank"", ""compScore"", ""conf"", ""covStatus"", ""dataConf"", ""dd"", ""drop"", ""family"", ""finish"", ""hist"", ""id"", ""incRet"", ""ipArtist"", ""liq"", ""mom"", ""msrp"", ""name"", ""obs"", ""peak"", ""price"", ""r30"", ""r365"", ""r90"", ""ras"", ""rec"", ""recScore"", ""rel"", ""risk"", ""scarcity"", ""score"", ""super"", ""ub"", ""value"", ""year""]"
secret_lair,SL-AE029B9E8B8A9F,,Transformers: Optimus Prime Vs. Megatron - Non-Foil Edition — Nonfoil Edition,transformers optimus prime vs megatron non foil edition nonfoil edition,secret_lair,98.73,,,,0.3904,,,,,,,,,,76.25,,50.3,,0.0,"[""annRet"", ""artist"", ""compRank"", ""compScore"", ""conf"", ""covStatus"", ""dataConf"", ""dd"", ""drop"", ""family"", ""finish"", ""hist"", ""id"", ""incRet"", ""ipArtist"", ""liq"", ""mom"", ""msrp"", ""name"", ""obs"", ""peak"", ""price"", ""r30"", ""r365"", ""r90"", ""ras"", ""rec"", ""recScore"", ""rel"", ""risk"", ""scarcity"", ""score"", ""super"", ""ub"", ""value"", ""year""]"
secret_lair,SL-686E1BBEBCBFAA,,Monstrous Magazines - Non-Foil Edition — Nonfoil Edition,monstrous magazines non foil edition nonfoil edition,secret_lair,34.87,,,,0.3045,,,,,,,,,,76.25,,48.87,,-0.105,"[""annRet"", ""artist"", ""compRank"", ""compScore"", ""conf"", ""covStatus"", ""dataConf"", ""dd"", ""drop"", ""family"", ""finish"", ""hist"", ""id"", ""incRet"", ""ipArtist"", ""liq"", ""mom"", ""msrp"", ""name"", ""obs"", ""peak"", ""price"", ""r30"", ""r365"", ""r90"", ""ras"", ""rec"", ""recScore"", ""rel"", ""risk"", ""scarcity"", ""score"", ""super"", ""ub"", ""value"", ""year""]"
secret_lair,SL-AE955D714FF932,,Hatsune Miku: Digital Sensation JP - Non-Foil Edition — Nonfoil Edition,hatsune miku digital sensation jp non foil edition nonfoil edition,secret_lair,49.31,,,,0.3284,,,,,,,,,,76.25,,52.15,,-0.6071,"[""annRet"", ""artist"", ""compRank"", ""compScore"", ""conf"", ""covStatus"", ""dataConf"", ""dd"", ""drop"", ""family"", ""finish"", ""hist"", ""id"", ""incRet"", ""ipArtist"", ""liq"", ""mom"", ""msrp"", ""name"", ""obs"", ""peak"", ""price"", ""r30"", ""r365"", ""r90"", ""ras"", ""rec"", ""recScore"", ""rel"", ""risk"", ""scarcity"", ""score"", ""super"", ""ub"", ""value"", ""year""]"
secret_lair,SL-7B48FB549C4A3E,,The Space Beyond the Stars - Non-Foil Edition — Nonfoil Edition,the space beyond the stars non foil edition nonfoil edition,secret_lair,34.05,,,,0.328,,,,,,,,,,76.25,,48.76,,-0.0772,"[""annRet"", ""artist"", ""compRank"", ""compScore"", ""conf"", ""covStatus"", ""dataConf"", ""dd"", ""drop"", ""family"", ""finish"", ""hist"", ""id"", ""incRet"", ""ipArtist"", ""liq"", ""mom"", ""msrp"", ""name"", ""obs"", ""peak"", ""price"", ""r30"", ""r365"", ""r90"", ""ras"", ""rec"", ""recScore"", ""rel"", ""risk"", ""scarcity"", ""score"", ""super"", ""ub"", ""value"", ""year""]"
secret_lair,SL-888F2E0C4FB9B0,,February Superdrop - Shades Not Included - Non-Foil Edition — Nonfoil Edition,february superdrop shades not included non foil edition nonfoil edition,secret_lair,42.25,,,,-0.0222,,,,,,,,,,76.25,,48.08,,-0.0506,"[""annRet"", ""artist"", ""compRank"", ""compScore"", ""conf"", ""covStatus"", ""dataConf"", ""dd"", ""drop"", ""family"", ""finish"", ""hist"", ""id"", ""incRet"", ""ipArtist"", ""liq"", ""mom"", ""msrp"", ""name"", ""obs"", ""peak"", ""price"", ""r30"", ""r365"", ""r90"", ""ras"", ""rec"", ""recScore"", ""rel"", ""risk"", ""scarcity"", ""score"", ""super"", ""ub"", ""value"", ""year""]"
secret_lair,SL-7E61275FD5CC85,,Outlaw Anthology Vol. 2: Sinister Scoundrels - Non-Foil Edition — Nonfoil Edition,outlaw anthology vol 2 sinister scoundrels non foil edition nonfoil edition,secret_lair,48.63,,,,0.2559,,,,,,,,,,76.25,,49.65,,-0.1892,"[""annRet"", ""artist"", ""compRank"", ""compScore"", ""conf"", ""covStatus"", ""dataConf"", ""dd"", ""drop"", ""family"", ""finish"", ""hist"", ""id"", ""incRet"", ""ipArtist"", ""liq"", ""mom"", ""msrp"", ""name"", ""obs"", ""peak"", ""price"", ""r30"", ""r365"", ""r90"", ""ras"", ""rec"", ""recScore"", ""rel"", ""risk"", ""scarcity"", ""score"", ""super"", ""ub"", ""value"", ""year""]"
secret_lair,SL-3C90B58C213EC3,,Ghostbusters: Slimer - Non-Foil Edition — Nonfoil Edition,ghostbusters slimer non foil edition nonfoil edition,secret_lair,36.63,,,,0.275,,,,,,,,,,76.25,,49.8,,-0.0041,"[""annRet"", ""artist"", ""compRank"", ""compScore"", ""conf"", ""covStatus"", ""dataConf"", ""dd"", ""drop"", ""family"", ""finish"", ""hist"", ""id"", ""incRet"", ""ipArtist"", ""liq"", ""mom"", ""msrp"", ""name"", ""obs"", ""peak"", ""price"", ""r30"", ""r365"", ""r90"", ""ras"", ""rec"", ""recScore"", ""rel"", ""risk"", ""scarcity"", ""score"", ""super"", ""ub"", ""value"", ""year""]"
secret_lair,SL-A7A995D0FE468E,,Astrology Lands (Taurus) - Non-Foil Edition — Nonfoil Edition,astrology lands taurus non foil edition nonfoil edition,secret_lair,99.0,,,,1.8286,,,,,,,,,,71.25,,57.56,,0.0,"[""annRet"", ""artist"", ""compRank"", ""compScore"", ""conf"", ""covStatus"", ""dataConf"", ""dd"", ""drop"", ""family"", ""finish"", ""hist"", ""id"", ""incRet"", ""ipArtist"", ""liq"", ""mom"", ""msrp"", ""name"", ""obs"", ""peak"", ""price"", ""r30"", ""r365"", ""r90"", ""ras"", ""rec"", ""recScore"", ""rel"", ""risk"", ""scarcity"", ""score"", ""super"", ""ub"", ""value"", ""year""]"
secret_lair,SL-A709252A4DA96B,,Welcome to Castle Dracula - Non-Foil Edition — Nonfoil Edition,welcome to castle dracula non foil edition nonfoil edition,secret_lair,74.95,,,,0.0603,,,,,,,,,,76.25,,48.87,,0.0,"[""annRet"", ""artist"", ""compRank"", ""compScore"", ""conf"", ""covStatus"", ""dataConf"", ""dd"", ""drop"", ""family"", ""finish"", ""hist"", ""id"", ""incRet"", ""ipArtist"", ""liq"", ""mom"", ""msrp"", ""name"", ""obs"", ""peak"", ""price"", ""r30"", ""r365"", ""r90"", ""ras"", ""rec"", ""recScore"", ""rel"", ""risk"", ""scarcity"", ""score"", ""super"", ""ub"", ""value"", ""year""]"
secret_lair,SL-54C9080526A1C2,,Artist Series: Volkan Baga - Non-Foil Edition — Nonfoil Edition,artist series volkan baga non foil edition nonfoil edition,secret_lair,26.52,,,,0.0816,,,,,,,,,,76.25,,47.0,,-0.0127,"[""annRet"", ""artist"", ""compRank"", ""compScore"", ""conf"", ""covStatus"", ""dataConf"", ""dd"", ""drop"", ""family"", ""finish"", ""hist"", ""id"", ""incRet"", ""ipArtist"", ""liq"", ""mom"", ""msrp"", ""name"", ""obs"", ""peak"", ""price"", ""r30"", ""r365"", ""r90"", ""ras"", ""rec"", ""recScore"", ""rel"", ""risk"", ""scarcity"", ""score"", ""super"", ""ub"", ""value"", ""year""]"
secret_lair,SL-15F0BDC0F7B590,,Special Guest: Matt Jukes - Non-Foil Edition — Nonfoil Edition,special guest matt jukes non foil edition nonfoil edition,secret_lair,41.94,,,,0.1028,,,,,,,,,,76.25,,46.97,,-0.0296,"[""annRet"", ""artist"", ""compRank"", ""compScore"", ""conf"", ""covStatus"", ""dataConf"", ""dd"", ""drop"", ""family"", ""finish"", ""hist"", ""id"", ""incRet"", ""ipArtist"", ""liq"", ""mom"", ""msrp"", ""name"", ""obs"", ""peak"", ""price"", ""r30"", ""r365"", ""r90"", ""ras"", ""rec"", ""recScore"", ""rel"", ""risk"", ""scarcity"", ""score"", ""super"", ""ub"", ""value"", ""year""]"
secret_lair,SL-DB82DC16CD1A6A,,Monster Movie Marathon - Non-Foil Edition — Nonfoil Edition,monster movie marathon non foil edition nonfoil edition,secret_lair,57.96,,,,0.0932,,,,,,,,,,76.25,,48.24,,0.0,"[""annRet"", ""artist"", ""compRank"", ""compScore"", ""conf"", ""covStatus"", ""dataConf"", ""dd"", ""drop"", ""family"", ""finish"", ""hist"", ""id"", ""incRet"", ""ipArtist"", ""liq"", ""mom"", ""msrp"", ""name"", ""obs"", ""peak"", ""price"", ""r30"", ""r365"", ""r90"", ""ras"", ""rec"", ""recScore"", ""rel"", ""risk"", ""scarcity"", ""score"", ""super"", ""ub"", ""value"", ""year""]"
secret_lair,SL-9E1C46A1207B0B,,Winter Superdrop 2025: Campfire Merriment Bundle - Foil Edition — Foil Edition,winter superdrop 2025 campfire merriment bundle foil edition foil edition,secret_lair,303.9,,,,0.0134,,,,,,,,,,71.25,,47.83,,-0.0649,"[""annRet"", ""artist"", ""compRank"", ""compScore"", ""conf"", ""covStatus"", ""dataConf"", ""dd"", ""drop"", ""family"", ""finish"", ""hist"", ""id"", ""incRet"", ""ipArtist"", ""liq"", ""mom"", ""msrp"", ""name"", ""obs"", ""peak"", ""price"", ""r30"", ""r365"", ""r90"", ""ras"", ""rec"", ""recScore"", ""rel"", ""risk"", ""scarcity"", ""score"", ""super"", ""ub"", ""value"", ""year""]"
secret_lair,SL-DAA2346E431D52,,March of the Machine Bundle - Halo Foil Edition — Foil Edition,march of the machine bundle halo foil edition foil edition,secret_lair,376.46,,,,0.0,,,,,,,,,,71.25,,49.29,,-0.1146,"[""annRet"", ""artist"", ""compRank"", ""compScore"", ""conf"", ""covStatus"", ""dataConf"", ""dd"", ""drop"", ""family"", ""finish"", ""hist"", ""id"", ""incRet"", ""ipArtist"", ""liq"", ""mom"", ""msrp"", ""name"", ""obs"", ""peak"", ""price"", ""r30"", ""r365"", ""r90"", ""ras"", ""rec"", ""recScore"", ""rel"", ""risk"", ""scarcity"", ""score"", ""super"", ""ub"", ""value"", ""year""]"
secret_lair,SL-653ECA949C539E,,Doctor Who: The Weeping Angels - Non-Foil Edition — Nonfoil Edition,doctor who the weeping angels non foil edition nonfoil edition,secret_lair,62.07,,,,0.232,,,,,,,,,,76.25,,48.86,,-0.0127,"[""annRet"", ""artist"", ""compRank"", ""compScore"", ""conf"", ""covStatus"", ""dataConf"", ""dd"", ""drop"", ""family"", ""finish"", ""hist"", ""id"", ""incRet"", ""ipArtist"", ""liq"", ""mom"", ""msrp"", ""name"", ""obs"", ""peak"", ""price"", ""r30"", ""r365"", ""r90"", ""ras"", ""rec"", ""recScore"", ""rel"", ""risk"", ""scarcity"", ""score"", ""super"", ""ub"", ""value"", ""year""]"
secret_lair,SL-83E8E9E9BDAB7C,,Featuring: the Mountain Goats - Non-Foil Edition — Nonfoil Edition,featuring the mountain goats non foil edition nonfoil edition,secret_lair,81.82,,,,0.371,,,,,,,,,,76.25,,49.33,,-0.0017,"[""annRet"", ""artist"", ""compRank"", ""compScore"", ""conf"", ""covStatus"", ""dataConf"", ""dd"", ""drop"", ""family"", ""finish"", ""hist"", ""id"", ""incRet"", ""ipArtist"", ""liq"", ""mom"", ""msrp"", ""name"", ""obs"", ""peak"", ""price"", ""r30"", ""r365"", ""r90"", ""ras"", ""rec"", ""recScore"", ""rel"", ""risk"", ""scarcity"", ""score"", ""super"", ""ub"", ""value"", ""year""]"
secret_lair,SL-C09C8446FDE850,,Artist Series: Nils Hamm - Non-Foil Edition — Nonfoil Edition,artist series nils hamm non foil edition nonfoil edition,secret_lair,48.75,,,,0.0516,,,,,,,,,,76.25,,47.85,,-0.0591,"[""annRet"", ""artist"", ""compRank"", ""compScore"", ""conf"", ""covStatus"", ""dataConf"", ""dd"", ""drop"", ""family"", ""finish"", ""hist"", ""id"", ""incRet"", ""ipArtist"", ""liq"", ""mom"", ""msrp"", ""name"", ""obs"", ""peak"", ""price"", ""r30"", ""r365"", ""r90"", ""ras"", ""rec"", ""recScore"", ""rel"", ""risk"", ""scarcity"", ""score"", ""super"", ""ub"", ""value"", ""year""]"
secret_lair,SL-6D6C79C2652BFD,,Artist Series: Johannes Voss - Non-Foil Edition — Nonfoil Edition,artist series johannes voss non foil edition nonfoil edition,secret_lair,44.15,,,,0.0912,,,,,,,,,,76.25,,48.96,,0.0,"[""annRet"", ""artist"", ""compRank"", ""compScore"", ""conf"", ""covStatus"", ""dataConf"", ""dd"", ""drop"", ""family"", ""finish"", ""hist"", ""id"", ""incRet"", ""ipArtist"", ""liq"", ""mom"", ""msrp"", ""name"", ""obs"", ""peak"", ""price"", ""r30"", ""r365"", ""r90"", ""ras"", ""rec"", ""recScore"", ""rel"", ""risk"", ""scarcity"", ""score"", ""super"", ""ub"", ""value"", ""year""]"
secret_lair,SL-A9B0DE6D450794,450794,Play-Doh: Squishful Thinking: Extra Life 2025 - Rainbow Foil Edition — Foil Edition,play doh squishful thinking extra life 2025 rainbow foil edition foil edition,secret_lair,52.85,,,,,,,,,,,,,,71.94,,48.51,,-0.5195,"[""annRet"", ""artist"", ""compRank"", ""compScore"", ""conf"", ""covStatus"", ""dataConf"", ""dd"", ""drop"", ""family"", ""finish"", ""hist"", ""id"", ""incRet"", ""ipArtist"", ""liq"", ""mom"", ""msrp"", ""name"", ""obs"", ""peak"", ""price"", ""r30"", ""r365"", ""r90"", ""ras"", ""rec"", ""recScore"", ""rel"", ""risk"", ""scarcity"", ""score"", ""super"", ""ub"", ""value"", ""year""]"
secret_lair,SL-5023185002A2AA,,A Devastation of Dragons - Rainbow Foil Edition — Foil Edition,a devastation of dragons rainbow foil edition foil edition,secret_lair,48.91,,,,-0.5144,,,,,,,,,,76.25,,47.95,,-0.5601,"[""annRet"", ""artist"", ""compRank"", ""compScore"", ""conf"", ""covStatus"", ""dataConf"", ""dd"", ""drop"", ""family"", ""finish"", ""hist"", ""id"", ""incRet"", ""ipArtist"", ""liq"", ""mom"", ""msrp"", ""name"", ""obs"", ""peak"", ""price"", ""r30"", ""r365"", ""r90"", ""ras"", ""rec"", ""recScore"", ""rel"", ""risk"", ""scarcity"", ""score"", ""super"", ""ub"", ""value"", ""year""]"
secret_lair,SL-278D493DAEF98B,,Winter Superdrop 2025: Trailblazing Bundle - Foil Edition — Foil Edition,winter superdrop 2025 trailblazing bundle foil edition foil edition,secret_lair,189.88,,,,-0.0735,,,,,,,,,,71.25,,48.07,,-0.1557,"[""annRet"", ""artist"", ""compRank"", ""compScore"", ""conf"", ""covStatus"", ""dataConf"", ""dd"", ""drop"", ""family"", ""finish"", ""hist"", ""id"", ""incRet"", ""ipArtist"", ""liq"", ""mom"", ""msrp"", ""name"", ""obs"", ""peak"", ""price"", ""r30"", ""r365"", ""r90"", ""ras"", ""rec"", ""recScore"", ""rel"", ""risk"", ""scarcity"", ""score"", ""super"", ""ub"", ""value"", ""year""]"
secret_lair,SL-CD2FC308C3644A,,Tome of the Astral Sorceress - Non-Foil Edition — Nonfoil Edition,tome of the astral sorceress non foil edition nonfoil edition,secret_lair,34.54,,,,0.2519,,,,,,,,,,76.25,,49.32,,0.0,"[""annRet"", ""artist"", ""compRank"", ""compScore"", ""conf"", ""covStatus"", ""dataConf"", ""dd"", ""drop"", ""family"", ""finish"", ""hist"", ""id"", ""incRet"", ""ipArtist"", ""liq"", ""mom"", ""msrp"", ""name"", ""obs"", ""peak"", ""price"", ""r30"", ""r365"", ""r90"", ""ras"", ""rec"", ""recScore"", ""rel"", ""risk"", ""scarcity"", ""score"", ""super"", ""ub"", ""value"", ""year""]"
secret_lair,SL-5C83F0908286AA,,Equinox Superdrop 2024: Sunlight and Moonbeams Bundle - Foil Edition — Foil Edition,equinox superdrop 2024 sunlight and moonbeams bundle foil edition foil edition,secret_lair,369.99,,,,-0.0509,,,,,,,,,,71.25,,47.65,,-0.075,"[""annRet"", ""artist"", ""compRank"", ""compScore"", ""conf"", ""covStatus"", ""dataConf"", ""dd"", ""drop"", ""family"", ""finish"", ""hist"", ""id"", ""incRet"", ""ipArtist"", ""liq"", ""mom"", ""msrp"", ""name"", ""obs"", ""peak"", ""price"", ""r30"", ""r365"", ""r90"", ""ras"", ""rec"", ""recScore"", ""rel"", ""risk"", ""scarcity"", ""score"", ""super"", ""ub"", ""value"", ""year""]"
secret_lair,SL-9636BECFACB4FB,,February Superdrop - Street Fighter - Non-Foil Edition — Nonfoil Edition,february superdrop street fighter non foil edition nonfoil edition,secret_lair,72.05,,,,0.0508,,,,,,,,,,76.25,,49.02,,0.0,"[""annRet"", ""artist"", ""compRank"", ""compScore"", ""conf"", ""covStatus"", ""dataConf"", ""dd"", ""drop"", ""family"", ""finish"", ""hist"", ""id"", ""incRet"", ""ipArtist"", ""liq"", ""mom"", ""msrp"", ""name"", ""obs"", ""peak"", ""price"", ""r30"", ""r365"", ""r90"", ""ras"", ""rec"", ""recScore"", ""rel"", ""risk"", ""scarcity"", ""score"", ""super"", ""ub"", ""value"", ""year""]"
secret_lair,SL-41A8311FB84FA5,,Dan Frazier is Back: The Allied Signets - Non-Foil Edition — Nonfoil Edition,dan frazier is back the allied signets non foil edition nonfoil edition,secret_lair,73.01,,,,-0.0056,,,,,,,,,,76.25,,47.32,,-0.0296,"[""annRet"", ""artist"", ""compRank"", ""compScore"", ""conf"", ""covStatus"", ""dataConf"", ""dd"", ""drop"", ""family"", ""finish"", ""hist"", ""id"", ""incRet"", ""ipArtist"", ""liq"", ""mom"", ""msrp"", ""name"", ""obs"", ""peak"", ""price"", ""r30"", ""r365"", ""r90"", ""ras"", ""rec"", ""recScore"", ""rel"", ""risk"", ""scarcity"", ""score"", ""super"", ""ub"", ""value"", ""year""]"
secret_lair,SL-950215B0A2668B,,Dungeons & Dragons: Death is in the Eyes of the Beholder I - Non-Foil Edition — Nonfoil Edition,dungeons and dragons death is in the eyes of the beholder i non foil edition nonfoil edition,secret_lair,36.15,,,,0.2948,,,,,,,,,,76.25,,50.86,,-0.7507,"[""annRet"", ""artist"", ""compRank"", ""compScore"", ""conf"", ""covStatus"", ""dataConf"", ""dd"", ""drop"", ""family"", ""finish"", ""hist"", ""id"", ""incRet"", ""ipArtist"", ""liq"", ""mom"", ""msrp"", ""name"", ""obs"", ""peak"", ""price"", ""r30"", ""r365"", ""r90"", ""ras"", ""rec"", ""recScore"", ""rel"", ""risk"", ""scarcity"", ""score"", ""super"", ""ub"", ""value"", ""year""]"
secret_lair,SL-197EC2ADF7628E,,Ssssssnakessssss - Non-Foil Edition — Nonfoil Edition,ssssssnakessssss non foil edition nonfoil edition,secret_lair,60.71,,,,0.0831,,,,,,,,,,76.25,,48.0,,-0.1217,"[""annRet"", ""artist"", ""compRank"", ""compScore"", ""conf"", ""covStatus"", ""dataConf"", ""dd"", ""drop"", ""family"", ""finish"", ""hist"", ""id"", ""incRet"", ""ipArtist"", ""liq"", ""mom"", ""msrp"", ""name"", ""obs"", ""peak"", ""price"", ""r30"", ""r365"", ""r90"", ""ras"", ""rec"", ""recScore"", ""rel"", ""risk"", ""scarcity"", ""score"", ""super"", ""ub"", ""value"", ""year""]"
secret_lair,SL-A63C3F080DE9D2,,Fortnite - Non-Foil Edition — Nonfoil Edition,fortnite non foil edition nonfoil edition,secret_lair,106.22,,,,0.3296,,,,,,,,,,76.25,,49.3,,-0.0044,"[""annRet"", ""artist"", ""compRank"", ""compScore"", ""conf"", ""covStatus"", ""dataConf"", ""dd"", ""drop"", ""family"", ""finish"", ""hist"", ""id"", ""incRet"", ""ipArtist"", ""liq"", ""mom"", ""msrp"", ""name"", ""obs"", ""peak"", ""price"", ""r30"", ""r365"", ""r90"", ""ras"", ""rec"", ""recScore"", ""rel"", ""risk"", ""scarcity"", ""score"", ""super"", ""ub"", ""value"", ""year""]"
secret_lair,SL-A2CAA7DD3627FD,,Marvel's Deadpool - Non-Foil Edition — Nonfoil Edition,marvel s deadpool non foil edition nonfoil edition,secret_lair,57.01,,,,0.1687,,,,,,,,,,76.25,,47.78,,-0.0189,"[""annRet"", ""artist"", ""compRank"", ""compScore"", ""conf"", ""covStatus"", ""dataConf"", ""dd"", ""drop"", ""family"", ""finish"", ""hist"", ""id"", ""incRet"", ""ipArtist"", ""liq"", ""mom"", ""msrp"", ""name"", ""obs"", ""peak"", ""price"", ""r30"", ""r365"", ""r90"", ""ras"", ""rec"", ""recScore"", ""rel"", ""risk"", ""scarcity"", ""score"", ""super"", ""ub"", ""value"", ""year""]"
secret_lair,SL-C5A93064AA668C,,Jurassic World: Dr. Ian Malcolm - Non-Foil Edition — Nonfoil Edition,jurassic world dr ian malcolm non foil edition nonfoil edition,secret_lair,95.84,,,,0.3271,,,,,,,,,,76.25,,49.63,,-0.0098,"[""annRet"", ""artist"", ""compRank"", ""compScore"", ""conf"", ""covStatus"", ""dataConf"", ""dd"", ""drop"", ""family"", ""finish"", ""hist"", ""id"", ""incRet"", ""ipArtist"", ""liq"", ""mom"", ""msrp"", ""name"", ""obs"", ""peak"", ""price"", ""r30"", ""r365"", ""r90"", ""ras"", ""rec"", ""recScore"", ""rel"", ""risk"", ""scarcity"", ""score"", ""super"", ""ub"", ""value"", ""year""]"
secret_lair,SL-19B445CB21B8AA,,Adventures of the Little Witch - Non-Foil Edition — Nonfoil Edition,adventures of the little witch non foil edition nonfoil edition,secret_lair,59.16,,,,0.3679,,,,,,,,,,76.25,,50.68,,-0.3425,"[""annRet"", ""artist"", ""compRank"", ""compScore"", ""conf"", ""covStatus"", ""dataConf"", ""dd"", ""drop"", ""family"", ""finish"", ""hist"", ""id"", ""incRet"", ""ipArtist"", ""liq"", ""mom"", ""msrp"", ""name"", ""obs"", ""peak"", ""price"", ""r30"", ""r365"", ""r90"", ""ras"", ""rec"", ""recScore"", ""rel"", ""risk"", ""scarcity"", ""score"", ""super"", ""ub"", ""value"", ""year""]"
secret_lair,SL-7FD38092671142,38092671142,City Styles - Non-Foil Edition — Nonfoil Edition,city styles non foil edition nonfoil edition,secret_lair,199.2,,,,0.3212,,,,,,,,,,76.25,,50.0,,0.0,"[""annRet"", ""artist"", ""compRank"", ""compScore"", ""conf"", ""covStatus"", ""dataConf"", ""dd"", ""drop"", ""family"", ""finish"", ""hist"", ""id"", ""incRet"", ""ipArtist"", ""liq"", ""mom"", ""msrp"", ""name"", ""obs"", ""peak"", ""price"", ""r30"", ""r365"", ""r90"", ""ras"", ""rec"", ""recScore"", ""rel"", ""risk"", ""scarcity"", ""score"", ""super"", ""ub"", ""value"", ""year""]"
secret_lair,SL-75A147DF7061C1,,Rule the Room - Non-Foil Edition — Nonfoil Edition,rule the room non foil edition nonfoil edition,secret_lair,32.99,,,,0.2747,,,,,,,,,,76.25,,48.32,,-0.0317,"[""annRet"", ""artist"", ""compRank"", ""compScore"", ""conf"", ""covStatus"", ""dataConf"", ""dd"", ""drop"", ""family"", ""finish"", ""hist"", ""id"", ""incRet"", ""ipArtist"", ""liq"", ""mom"", ""msrp"", ""name"", ""obs"", ""peak"", ""price"", ""r30"", ""r365"", ""r90"", ""ras"", ""rec"", ""recScore"", ""rel"", ""risk"", ""scarcity"", ""score"", ""super"", ""ub"", ""value"", ""year""]"
secret_lair,SL-0ED724E9E0E76F,,Marvel's Spider-Man: Villainous Plots - Rainbow Foil Edition — Foil Edition,marvel s spider man villainous plots rainbow foil edition foil edition,secret_lair,47.15,,,,,,,,,,,,,,71.94,,48.76,,-0.4524,"[""annRet"", ""artist"", ""compRank"", ""compScore"", ""conf"", ""covStatus"", ""dataConf"", ""dd"", ""drop"", ""family"", ""finish"", ""hist"", ""id"", ""incRet"", ""ipArtist"", ""liq"", ""mom"", ""msrp"", ""name"", ""obs"", ""peak"", ""price"", ""r30"", ""r365"", ""r90"", ""ras"", ""rec"", ""recScore"", ""rel"", ""risk"", ""scarcity"", ""score"", ""super"", ""ub"", ""value"", ""year""]"
secret_lair,SL-D85757C8DB2B40,,Artist Series: Rovina Cai - Non-Foil Edition — Nonfoil Edition,artist series rovina cai non foil edition nonfoil edition,secret_lair,63.58,,,,0.4918,,,,,,,,,,76.25,,50.94,,-0.2734,"[""annRet"", ""artist"", ""compRank"", ""compScore"", ""conf"", ""covStatus"", ""dataConf"", ""dd"", ""drop"", ""family"", ""finish"", ""hist"", ""id"", ""incRet"", ""ipArtist"", ""liq"", ""mom"", ""msrp"", ""name"", ""obs"", ""peak"", ""price"", ""r30"", ""r365"", ""r90"", ""ras"", ""rec"", ""recScore"", ""rel"", ""risk"", ""scarcity"", ""score"", ""super"", ""ub"", ""value"", ""year""]"
secret_lair,SL-514B5766ECCE6E,,Superdrop: Showcase: Strixhaven - Non-Foil Edition — Nonfoil Edition,superdrop showcase strixhaven non foil edition nonfoil edition,secret_lair,46.79,,,,0.0615,,,,,,,,,,76.25,,47.75,,-0.037,"[""annRet"", ""artist"", ""compRank"", ""compScore"", ""conf"", ""covStatus"", ""dataConf"", ""dd"", ""drop"", ""family"", ""finish"", ""hist"", ""id"", ""incRet"", ""ipArtist"", ""liq"", ""mom"", ""msrp"", ""name"", ""obs"", ""peak"", ""price"", ""r30"", ""r365"", ""r90"", ""ras"", ""rec"", ""recScore"", ""rel"", ""risk"", ""scarcity"", ""score"", ""super"", ""ub"", ""value"", ""year""]"
secret_lair,SL-74104655C7BE3C,,Dan Frazier is Back: The Enemy Signets - Non-Foil Edition — Nonfoil Edition,dan frazier is back the enemy signets non foil edition nonfoil edition,secret_lair,70.7,,,,0.2046,,,,,,,,,,76.25,,48.11,,-0.0053,"[""annRet"", ""artist"", ""compRank"", ""compScore"", ""conf"", ""covStatus"", ""dataConf"", ""dd"", ""drop"", ""family"", ""finish"", ""hist"", ""id"", ""incRet"", ""ipArtist"", ""liq"", ""mom"", ""msrp"", ""name"", ""obs"", ""peak"", ""price"", ""r30"", ""r365"", ""r90"", ""ras"", ""rec"", ""recScore"", ""rel"", ""risk"", ""scarcity"", ""score"", ""super"", ""ub"", ""value"", ""year""]"
secret_lair,SL-33DE5E031EFD3B,,Brain Dead: Staples - Rainbow Foil Edition — Foil Edition,brain dead staples rainbow foil edition foil edition,secret_lair,61.63,,,,0.2257,,,,,,,,,,76.25,,49.55,,-0.7946,"[""annRet"", ""artist"", ""compRank"", ""compScore"", ""conf"", ""covStatus"", ""dataConf"", ""dd"", ""drop"", ""family"", ""finish"", ""hist"", ""id"", ""incRet"", ""ipArtist"", ""liq"", ""mom"", ""msrp"", ""name"", ""obs"", ""peak"", ""price"", ""r30"", ""r365"", ""r90"", ""ras"", ""rec"", ""recScore"", ""rel"", ""risk"", ""scarcity"", ""score"", ""super"", ""ub"", ""value"", ""year""]"
secret_lair,SL-6D386CB092B8F1,,Marvel's Black Panther - Non-Foil Edition — Nonfoil Edition,marvel s black panther non foil edition nonfoil edition,secret_lair,48.56,,,,0.1738,,,,,,,,,,76.25,,49.24,,-0.0086,"[""annRet"", ""artist"", ""compRank"", ""compScore"", ""conf"", ""covStatus"", ""dataConf"", ""dd"", ""drop"", ""family"", ""finish"", ""hist"", ""id"", ""incRet"", ""ipArtist"", ""liq"", ""mom"", ""msrp"", ""name"", ""obs"", ""peak"", ""price"", ""r30"", ""r365"", ""r90"", ""ras"", ""rec"", ""recScore"", ""rel"", ""risk"", ""scarcity"", ""score"", ""super"", ""ub"", ""value"", ""year""]"
secret_lair,SL-415E40E57B3DAB,,Special Guest: Kozyndan: Another Story - Non-Foil Edition — Nonfoil Edition,special guest kozyndan another story non foil edition nonfoil edition,secret_lair,81.56,,,,0.1086,,,,,,,,,,76.25,,48.67,,-0.0029,"[""annRet"", ""artist"", ""compRank"", ""compScore"", ""conf"", ""covStatus"", ""dataConf"", ""dd"", ""drop"", ""family"", ""finish"", ""hist"", ""id"", ""incRet"", ""ipArtist"", ""liq"", ""mom"", ""msrp"", ""name"", ""obs"", ""peak"", ""price"", ""r30"", ""r365"", ""r90"", ""ras"", ""rec"", ""recScore"", ""rel"", ""risk"", ""scarcity"", ""score"", ""super"", ""ub"", ""value"", ""year""]"
secret_lair,SL-8679F958F70268,70268,Superdrop: Culture Shocks: Grixis - Non-Foil Edition — Nonfoil Edition,superdrop culture shocks grixis non foil edition nonfoil edition,secret_lair,54.46,,,,0.1096,,,,,,,,,,76.25,,47.85,,-0.006,"[""annRet"", ""artist"", ""compRank"", ""compScore"", ""conf"", ""covStatus"", ""dataConf"", ""dd"", ""drop"", ""family"", ""finish"", ""hist"", ""id"", ""incRet"", ""ipArtist"", ""liq"", ""mom"", ""msrp"", ""name"", ""obs"", ""peak"", ""price"", ""r30"", ""r365"", ""r90"", ""ras"", ""rec"", ""recScore"", ""rel"", ""risk"", ""scarcity"", ""score"", ""super"", ""ub"", ""value"", ""year""]"
secret_lair,SL-5FE7868CA1C657,,Time Trouble Two - Non-Foil Edition — Nonfoil Edition,time trouble two non foil edition nonfoil edition,secret_lair,46.98,,,,0.5969,,,,,,,,,,76.25,,51.28,,0.0,"[""annRet"", ""artist"", ""compRank"", ""compScore"", ""conf"", ""covStatus"", ""dataConf"", ""dd"", ""drop"", ""family"", ""finish"", ""hist"", ""id"", ""incRet"", ""ipArtist"", ""liq"", ""mom"", ""msrp"", ""name"", ""obs"", ""peak"", ""price"", ""r30"", ""r365"", ""r90"", ""ras"", ""rec"", ""recScore"", ""rel"", ""risk"", ""scarcity"", ""score"", ""super"", ""ub"", ""value"", ""year""]"
secret_lair,SL-887F0A3E113829,113829,FINAL FANTASY: Game Over - JP Rainbow Foil Edition — Foil Edition,final fantasy game over jp rainbow foil edition foil edition,secret_lair,38.16,,,,-0.4793,,,,,,,,,,76.25,,43.81,,-0.4793,"[""annRet"", ""artist"", ""compRank"", ""compScore"", ""conf"", ""covStatus"", ""dataConf"", ""dd"", ""drop"", ""family"", ""finish"", ""hist"", ""id"", ""incRet"", ""ipArtist"", ""liq"", ""mom"", ""msrp"", ""name"", ""obs"", ""peak"", ""price"", ""r30"", ""r365"", ""r90"", ""ras"", ""rec"", ""recScore"", ""rel"", ""risk"", ""scarcity"", ""score"", ""super"", ""ub"", ""value"", ""year""]"
secret_lair,SL-59E7F564794C20,,Restless in Peace - Non-Foil Edition — Nonfoil Edition,restless in peace non foil edition nonfoil edition,secret_lair,29.02,,,,-0.0055,,,,,,,,,,76.25,,46.92,,-0.1876,"[""annRet"", ""artist"", ""compRank"", ""compScore"", ""conf"", ""covStatus"", ""dataConf"", ""dd"", ""drop"", ""family"", ""finish"", ""hist"", ""id"", ""incRet"", ""ipArtist"", ""liq"", ""mom"", ""msrp"", ""name"", ""obs"", ""peak"", ""price"", ""r30"", ""r365"", ""r90"", ""ras"", ""rec"", ""recScore"", ""rel"", ""risk"", ""scarcity"", ""score"", ""super"", ""ub"", ""value"", ""year""]"
secret_lair,SL-B9EC0C6C5561F1,,Artist Series: Alayna Danner - Non-Foil Edition — Nonfoil Edition,artist series alayna danner non foil edition nonfoil edition,secret_lair,64.39,,,,0.3479,,,,,,,,,,76.25,,48.87,,-0.013,"[""annRet"", ""artist"", ""compRank"", ""compScore"", ""conf"", ""covStatus"", ""dataConf"", ""dd"", ""drop"", ""family"", ""finish"", ""hist"", ""id"", ""incRet"", ""ipArtist"", ""liq"", ""mom"", ""msrp"", ""name"", ""obs"", ""peak"", ""price"", ""r30"", ""r365"", ""r90"", ""ras"", ""rec"", ""recScore"", ""rel"", ""risk"", ""scarcity"", ""score"", ""super"", ""ub"", ""value"", ""year""]"
secret_lair,SL-A8B0B83EFB86DE,,KEXP: Where the Music Matters - Non-Foil Edition — Nonfoil Edition,kexp where the music matters non foil edition nonfoil edition,secret_lair,32.28,,,,-0.0028,,,,,,,,,,76.25,,47.63,,-0.192,"[""annRet"", ""artist"", ""compRank"", ""compScore"", ""conf"", ""covStatus"", ""dataConf"", ""dd"", ""drop"", ""family"", ""finish"", ""hist"", ""id"", ""incRet"", ""ipArtist"", ""liq"", ""mom"", ""msrp"", ""name"", ""obs"", ""peak"", ""price"", ""r30"", ""r365"", ""r90"", ""ras"", ""rec"", ""recScore"", ""rel"", ""risk"", ""scarcity"", ""score"", ""super"", ""ub"", ""value"", ""year""]"
secret_lair,SL-F1CC2FF6F7667E,,Li'l'er Walkers - Non-Foil Edition — Nonfoil Edition,li l er walkers non foil edition nonfoil edition,secret_lair,40.44,,,,-0.0658,,,,,,,,,,76.25,,45.93,,-0.1286,"[""annRet"", ""artist"", ""compRank"", ""compScore"", ""conf"", ""covStatus"", ""dataConf"", ""dd"", ""drop"", ""family"", ""finish"", ""hist"", ""id"", ""incRet"", ""ipArtist"", ""liq"", ""mom"", ""msrp"", ""name"", ""obs"", ""peak"", ""price"", ""r30"", ""r365"", ""r90"", ""ras"", ""rec"", ""recScore"", ""rel"", ""risk"", ""scarcity"", ""score"", ""super"", ""ub"", ""value"", ""year""]"
secret_lair,SL-C34C774BDFD93E,,Special Guest: Yoji Shinkawa (Japanese) - Non-Foil Edition — Nonfoil Edition,special guest yoji shinkawa japanese non foil edition nonfoil edition,secret_lair,89.08,,,,0.2285,,,,,,,,,,76.25,,49.48,,0.0,"[""annRet"", ""artist"", ""compRank"", ""compScore"", ""conf"", ""covStatus"", ""dataConf"", ""dd"", ""drop"", ""family"", ""finish"", ""hist"", ""id"", ""incRet"", ""ipArtist"", ""liq"", ""mom"", ""msrp"", ""name"", ""obs"", ""peak"", ""price"", ""r30"", ""r365"", ""r90"", ""ras"", ""rec"", ""recScore"", ""rel"", ""risk"", ""scarcity"", ""score"", ""super"", ""ub"", ""value"", ""year""]"
secret_lair,SL-3BD181E67861FB,,FINAL FANTASY: Weapons - JP Non-Foil Edition — Nonfoil Edition,final fantasy weapons jp non foil edition nonfoil edition,secret_lair,38.4,,,,-0.2963,,,,,,,,,,76.25,,49.86,,-0.2963,"[""annRet"", ""artist"", ""compRank"", ""compScore"", ""conf"", ""covStatus"", ""dataConf"", ""dd"", ""drop"", ""family"", ""finish"", ""hist"", ""id"", ""incRet"", ""ipArtist"", ""liq"", ""mom"", ""msrp"", ""name"", ""obs"", ""peak"", ""price"", ""r30"", ""r365"", ""r90"", ""ras"", ""rec"", ""recScore"", ""rel"", ""risk"", ""scarcity"", ""score"", ""super"", ""ub"", ""value"", ""year""]"
secret_lair,SL-CAB929EA2DD4AE,,Sonic the Hedgehog Superdrop: Turbo Gear — Nonfoil Edition,sonic the hedgehog superdrop turbo gear nonfoil edition,secret_lair,43.54,,,,,,,,,,,,,,75.73,,48.73,,-0.0369,"[""annRet"", ""artist"", ""compRank"", ""compScore"", ""conf"", ""covStatus"", ""dataConf"", ""dd"", ""drop"", ""family"", ""finish"", ""hist"", ""id"", ""incRet"", ""ipArtist"", ""liq"", ""mom"", ""msrp"", ""name"", ""obs"", ""peak"", ""price"", ""r30"", ""r365"", ""r90"", ""ras"", ""rec"", ""recScore"", ""rel"", ""risk"", ""scarcity"", ""score"", ""super"", ""ub"", ""value"", ""year""]"
secret_lair,SL-EF10004B2C3091,3091,Astrology Lands (Virgo) - Traditional Foil Edition — Foil Edition,astrology lands virgo traditional foil edition foil edition,secret_lair,50.0,,,,-0.4505,,,,,,,,,,76.25,,43.48,,-0.4505,"[""annRet"", ""artist"", ""compRank"", ""compScore"", ""conf"", ""covStatus"", ""dataConf"", ""dd"", ""drop"", ""family"", ""finish"", ""hist"", ""id"", ""incRet"", ""ipArtist"", ""liq"", ""mom"", ""msrp"", ""name"", ""obs"", ""peak"", ""price"", ""r30"", ""r365"", ""r90"", ""ras"", ""rec"", ""recScore"", ""rel"", ""risk"", ""scarcity"", ""score"", ""super"", ""ub"", ""value"", ""year""]"
secret_lair,SL-E4AC3EAED9F285,,February Superdrop - Li'l Walkers - Non-Foil Edition — Nonfoil Edition,february superdrop li l walkers non foil edition nonfoil edition,secret_lair,38.58,,,,0.0723,,,,,,,,,,76.25,,48.32,,-0.0579,"[""annRet"", ""artist"", ""compRank"", ""compScore"", ""conf"", ""covStatus"", ""dataConf"", ""dd"", ""drop"", ""family"", ""finish"", ""hist"", ""id"", ""incRet"", ""ipArtist"", ""liq"", ""mom"", ""msrp"", ""name"", ""obs"", ""peak"", ""price"", ""r30"", ""r365"", ""r90"", ""ras"", ""rec"", ""recScore"", ""rel"", ""risk"", ""scarcity"", ""score"", ""super"", ""ub"", ""value"", ""year""]"
secret_lair,SL-BF588F593E480E,,Marvel's Storm - Non-Foil Edition — Nonfoil Edition,marvel s storm non foil edition nonfoil edition,secret_lair,86.64,,,,0.0248,,,,,,,,,,76.25,,47.87,,-0.0072,"[""annRet"", ""artist"", ""compRank"", ""compScore"", ""conf"", ""covStatus"", ""dataConf"", ""dd"", ""drop"", ""family"", ""finish"", ""hist"", ""id"", ""incRet"", ""ipArtist"", ""liq"", ""mom"", ""msrp"", ""name"", ""obs"", ""peak"", ""price"", ""r30"", ""r365"", ""r90"", ""ras"", ""rec"", ""recScore"", ""rel"", ""risk"", ""scarcity"", ""score"", ""super"", ""ub"", ""value"", ""year""]"
secret_lair,SL-369FF863EC799B,,Dungeons & Dragons 50th Anniversary: Loot the Room with Non-Foils Bundle — Nonfoil Edition,dungeons and dragons 50th anniversary loot the room with non foils bundle nonfoil edition,secret_lair,749.69,,,,2.9457,,,,,,,,,,71.25,,57.56,,0.0,"[""annRet"", ""artist"", ""compRank"", ""compScore"", ""conf"", ""covStatus"", ""dataConf"", ""dd"", ""drop"", ""family"", ""finish"", ""hist"", ""id"", ""incRet"", ""ipArtist"", ""liq"", ""mom"", ""msrp"", ""name"", ""obs"", ""peak"", ""price"", ""r30"", ""r365"", ""r90"", ""ras"", ""rec"", ""recScore"", ""rel"", ""risk"", ""scarcity"", ""score"", ""super"", ""ub"", ""value"", ""year""]"
secret_lair,SL-97A19C3BC3A646,,Crocodile Jackson's Monstrous Menagerie - Non-Foil Edition — Nonfoil Edition,crocodile jackson s monstrous menagerie non foil edition nonfoil edition,secret_lair,39.56,,,,-0.004,,,,,,,,,,76.25,,47.52,,-0.0201,"[""annRet"", ""artist"", ""compRank"", ""compScore"", ""conf"", ""covStatus"", ""dataConf"", ""dd"", ""drop"", ""family"", ""finish"", ""hist"", ""id"", ""incRet"", ""ipArtist"", ""liq"", ""mom"", ""msrp"", ""name"", ""obs"", ""peak"", ""price"", ""r30"", ""r365"", ""r90"", ""ras"", ""rec"", ""recScore"", ""rel"", ""risk"", ""scarcity"", ""score"", ""super"", ""ub"", ""value"", ""year""]"
secret_lair,SL-5866DDA4AFF1E6,,Spring Superdrop 2024: All The Non-Foils Are Blooming Bundle — Nonfoil Edition,spring superdrop 2024 all the non foils are blooming bundle nonfoil edition,secret_lair,799.98,,,,1.6666,,,,,,,,,,71.25,,57.56,,0.0,"[""annRet"", ""artist"", ""compRank"", ""compScore"", ""conf"", ""covStatus"", ""dataConf"", ""dd"", ""drop"", ""family"", ""finish"", ""hist"", ""id"", ""incRet"", ""ipArtist"", ""liq"", ""mom"", ""msrp"", ""name"", ""obs"", ""peak"", ""price"", ""r30"", ""r365"", ""r90"", ""ras"", ""rec"", ""recScore"", ""rel"", ""risk"", ""scarcity"", ""score"", ""super"", ""ub"", ""value"", ""year""]"
secret_lair,SL-DEB0786B62B51D,,PixelSnowLands.jpg - Non-Foil Edition — Nonfoil Edition,pixelsnowlands jpg non foil edition nonfoil edition,secret_lair,39.16,,,,0.0156,,,,,,,,,,76.25,,46.98,,-0.2825,"[""annRet"", ""artist"", ""compRank"", ""compScore"", ""conf"", ""covStatus"", ""dataConf"", ""dd"", ""drop"", ""family"", ""finish"", ""hist"", ""id"", ""incRet"", ""ipArtist"", ""liq"", ""mom"", ""msrp"", ""name"", ""obs"", ""peak"", ""price"", ""r30"", ""r365"", ""r90"", ""ras"", ""rec"", ""recScore"", ""rel"", ""risk"", ""scarcity"", ""score"", ""super"", ""ub"", ""value"", ""year""]"
secret_lair,SL-60A40519C4C2EC,,Secretversary Superdrop - Artist Series: Seb McKinnon - Non-Foil Edition — Nonfoil Edition,secretversary superdrop artist series seb mckinnon non foil edition nonfoil edition,secret_lair,41.92,,,,0.5837,,,,,,,,,,76.25,,51.02,,-0.0287,"[""annRet"", ""artist"", ""compRank"", ""compScore"", ""conf"", ""covStatus"", ""dataConf"", ""dd"", ""drop"", ""family"", ""finish"", ""hist"", ""id"", ""incRet"", ""ipArtist"", ""liq"", ""mom"", ""msrp"", ""name"", ""obs"", ""peak"", ""price"", ""r30"", ""r365"", ""r90"", ""ras"", ""rec"", ""recScore"", ""rel"", ""risk"", ""scarcity"", ""score"", ""super"", ""ub"", ""value"", ""year""]"
secret_lair,SL-D53A1849E7B1C9,,Winter Superdrop 2024: Beastly Breakfast Omens Bundle - Non-Foil Edition — Nonfoil Edition,winter superdrop 2024 beastly breakfast omens bundle non foil edition nonfoil edition,secret_lair,349.98,,,,0.2075,,,,,,,,,,71.25,,51.8,,0.0,"[""annRet"", ""artist"", ""compRank"", ""compScore"", ""conf"", ""covStatus"", ""dataConf"", ""dd"", ""drop"", ""family"", ""finish"", ""hist"", ""id"", ""incRet"", ""ipArtist"", ""liq"", ""mom"", ""msrp"", ""name"", ""obs"", ""peak"", ""price"", ""r30"", ""r365"", ""r90"", ""ras"", ""rec"", ""recScore"", ""rel"", ""risk"", ""scarcity"", ""score"", ""super"", ""ub"", ""value"", ""year""]"
secret_lair,SL-BC079E499A94AF,,Our Boss is on Vacation Superdrop: Break Room Disco Ball Made of Foils Bundle — Foil Edition,our boss is on vacation superdrop break room disco ball made of foils bundle foil edition,secret_lair,585.0,,,,-0.025,,,,,,,,,,71.25,,49.6,,-0.0986,"[""annRet"", ""artist"", ""compRank"", ""compScore"", ""conf"", ""covStatus"", ""dataConf"", ""dd"", ""drop"", ""family"", ""finish"", ""hist"", ""id"", ""incRet"", ""ipArtist"", ""liq"", ""mom"", ""msrp"", ""name"", ""obs"", ""peak"", ""price"", ""r30"", ""r365"", ""r90"", ""ras"", ""rec"", ""recScore"", ""rel"", ""risk"", ""scarcity"", ""score"", ""super"", ""ub"", ""value"", ""year""]"
secret_lair,SL-50FC4B0DB8BFBC,,The Beauty of the Beasts - Non-Foil Edition — Nonfoil Edition,the beauty of the beasts non foil edition nonfoil edition,secret_lair,80.0,,,,0.4538,,,,,,,,,,76.25,,49.91,,-0.4661,"[""annRet"", ""artist"", ""compRank"", ""compScore"", ""conf"", ""covStatus"", ""dataConf"", ""dd"", ""drop"", ""family"", ""finish"", ""hist"", ""id"", ""incRet"", ""ipArtist"", ""liq"", ""mom"", ""msrp"", ""name"", ""obs"", ""peak"", ""price"", ""r30"", ""r365"", ""r90"", ""ras"", ""rec"", ""recScore"", ""rel"", ""risk"", ""scarcity"", ""score"", ""super"", ""ub"", ""value"", ""year""]"
secret_lair,SL-219DB149BBB690,,Wizards of the Street - Non-Foil Edition — Nonfoil Edition,wizards of the street non foil edition nonfoil edition,secret_lair,53.0,,,,0.5456,,,,,,,,,,76.25,,50.49,,0.0,"[""annRet"", ""artist"", ""compRank"", ""compScore"", ""conf"", ""covStatus"", ""dataConf"", ""dd"", ""drop"", ""family"", ""finish"", ""hist"", ""id"", ""incRet"", ""ipArtist"", ""liq"", ""mom"", ""msrp"", ""name"", ""obs"", ""peak"", ""price"", ""r30"", ""r365"", ""r90"", ""ras"", ""rec"", ""recScore"", ""rel"", ""risk"", ""scarcity"", ""score"", ""super"", ""ub"", ""value"", ""year""]"
secret_lair,SL-D9F7FC2E4D48A5,,Camp Totally Safe Superdrop: Noise from the Woods Bundle - Foil Edition — Foil Edition,camp totally safe superdrop noise from the woods bundle foil edition foil edition,secret_lair,378.84,,,,-0.0503,,,,,,,,,,71.25,,47.35,,-0.1572,"[""annRet"", ""artist"", ""compRank"", ""compScore"", ""conf"", ""covStatus"", ""dataConf"", ""dd"", ""drop"", ""family"", ""finish"", ""hist"", ""id"", ""incRet"", ""ipArtist"", ""liq"", ""mom"", ""msrp"", ""name"", ""obs"", ""peak"", ""price"", ""r30"", ""r365"", ""r90"", ""ras"", ""rec"", ""recScore"", ""rel"", ""risk"", ""scarcity"", ""score"", ""super"", ""ub"", ""value"", ""year""]"
secret_lair,SL-20E2C89BAB6915,6915,Marvel Superdrop: The Mighty Non-Foil Bundle — Nonfoil Edition,marvel superdrop the mighty non foil bundle nonfoil edition,secret_lair,361.55,,,,0.0483,,,,,,,,,,76.25,,48.54,,0.0,"[""annRet"", ""artist"", ""compRank"", ""compScore"", ""conf"", ""covStatus"", ""dataConf"", ""dd"", ""drop"", ""family"", ""finish"", ""hist"", ""id"", ""incRet"", ""ipArtist"", ""liq"", ""mom"", ""msrp"", ""name"", ""obs"", ""peak"", ""price"", ""r30"", ""r365"", ""r90"", ""ras"", ""rec"", ""recScore"", ""rel"", ""risk"", ""scarcity"", ""score"", ""super"", ""ub"", ""value"", ""year""]"
secret_lair,SL-4538C3C87DD66E,,If Looks Could Kill - Non-Foil Edition — Nonfoil Edition,if looks could kill non foil edition nonfoil edition,secret_lair,44.97,,,,0.3492,,,,,,,,,,76.25,,49.3,,-0.138,"[""annRet"", ""artist"", ""compRank"", ""compScore"", ""conf"", ""covStatus"", ""dataConf"", ""dd"", ""drop"", ""family"", ""finish"", ""hist"", ""id"", ""incRet"", ""ipArtist"", ""liq"", ""mom"", ""msrp"", ""name"", ""obs"", ""peak"", ""price"", ""r30"", ""r365"", ""r90"", ""ras"", ""rec"", ""recScore"", ""rel"", ""risk"", ""scarcity"", ""score"", ""super"", ""ub"", ""value"", ""year""]"
secret_lair,SL-AD8DAA8BB11594,11594,Doctor Who: Regeneration - Non-Foil Edition — Nonfoil Edition,doctor who regeneration non foil edition nonfoil edition,secret_lair,265.83,,,,0.8891,,,,,,,,,,76.25,,52.19,,-0.034,"[""annRet"", ""artist"", ""compRank"", ""compScore"", ""conf"", ""covStatus"", ""dataConf"", ""dd"", ""drop"", ""family"", ""finish"", ""hist"", ""id"", ""incRet"", ""ipArtist"", ""liq"", ""mom"", ""msrp"", ""name"", ""obs"", ""peak"", ""price"", ""r30"", ""r365"", ""r90"", ""ras"", ""rec"", ""recScore"", ""rel"", ""risk"", ""scarcity"", ""score"", ""super"", ""ub"", ""value"", ""year""]"
secret_lair,SL-26B06B683BCA6B,,Doctor Who: The Dalek Lands - Non-Foil Edition — Nonfoil Edition,doctor who the dalek lands non foil edition nonfoil edition,secret_lair,48.64,,,,-0.0142,,,,,,,,,,76.25,,47.79,,-0.2147,"[""annRet"", ""artist"", ""compRank"", ""compScore"", ""conf"", ""covStatus"", ""dataConf"", ""dd"", ""drop"", ""family"", ""finish"", ""hist"", ""id"", ""incRet"", ""ipArtist"", ""liq"", ""mom"", ""msrp"", ""name"", ""obs"", ""peak"", ""price"", ""r30"", ""r365"", ""r90"", ""ras"", ""rec"", ""recScore"", ""rel"", ""risk"", ""scarcity"", ""score"", ""super"", ""ub"", ""value"", ""year""]"
secret_lair,SL-1D242838322B00,,Absolute Annihilation - Non-Foil Edition — Nonfoil Edition,absolute annihilation non foil edition nonfoil edition,secret_lair,48.38,,,,-0.0161,,,,,,,,,,76.25,,46.38,,-0.0161,"[""annRet"", ""artist"", ""compRank"", ""compScore"", ""conf"", ""covStatus"", ""dataConf"", ""dd"", ""drop"", ""family"", ""finish"", ""hist"", ""id"", ""incRet"", ""ipArtist"", ""liq"", ""mom"", ""msrp"", ""name"", ""obs"", ""peak"", ""price"", ""r30"", ""r365"", ""r90"", ""ras"", ""rec"", ""recScore"", ""rel"", ""risk"", ""scarcity"", ""score"", ""super"", ""ub"", ""value"", ""year""]"
secret_lair,SL-A461D1EB9128DC,,Theros Stargazing: Vol.V (Nylea) - Traditional Foil Edition — Foil Edition,theros stargazing vol v nylea traditional foil edition foil edition,secret_lair,54.24,,,,-0.2278,,,,,,,,,,76.25,,42.97,,-0.2278,"[""annRet"", ""artist"", ""compRank"", ""compScore"", ""conf"", ""covStatus"", ""dataConf"", ""dd"", ""drop"", ""family"", ""finish"", ""hist"", ""id"", ""incRet"", ""ipArtist"", ""liq"", ""mom"", ""msrp"", ""name"", ""obs"", ""peak"", ""price"", ""r30"", ""r365"", ""r90"", ""ras"", ""rec"", ""recScore"", ""rel"", ""risk"", ""scarcity"", ""score"", ""super"", ""ub"", ""value"", ""year""]"
secret_lair,SL-3AD38730FCEF33,,April Superdrop - Full-of-Foils Bundle — Foil Edition,april superdrop full of foils bundle foil edition,secret_lair,550.0,,,,0.0,,,,,,,,,,71.25,,48.36,,-0.3889,"[""annRet"", ""artist"", ""compRank"", ""compScore"", ""conf"", ""covStatus"", ""dataConf"", ""dd"", ""drop"", ""family"", ""finish"", ""hist"", ""id"", ""incRet"", ""ipArtist"", ""liq"", ""mom"", ""msrp"", ""name"", ""obs"", ""peak"", ""price"", ""r30"", ""r365"", ""r90"", ""ras"", ""rec"", ""recScore"", ""rel"", ""risk"", ""scarcity"", ""score"", ""super"", ""ub"", ""value"", ""year""]"
secret_lair,SL-C9B2F11CEB5F77,,"Transformers: One Shall Stand, One Shall Fall - Non-Foil Edition — Nonfoil Edition",transformers one shall stand one shall fall non foil edition nonfoil edition,secret_lair,65.8,,,,-0.0797,,,,,,,,,,76.25,,45.81,,-0.1169,"[""annRet"", ""artist"", ""compRank"", ""compScore"", ""conf"", ""covStatus"", ""dataConf"", ""dd"", ""drop"", ""family"", ""finish"", ""hist"", ""id"", ""incRet"", ""ipArtist"", ""liq"", ""mom"", ""msrp"", ""name"", ""obs"", ""peak"", ""price"", ""r30"", ""r365"", ""r90"", ""ras"", ""rec"", ""recScore"", ""rel"", ""risk"", ""scarcity"", ""score"", ""super"", ""ub"", ""value"", ""year""]"
secret_lair,SL-73D93121EB1CDB,,Ghostbusters: The Real Ghostbusters - Non-Foil Edition — Nonfoil Edition,ghostbusters the real ghostbusters non foil edition nonfoil edition,secret_lair,34.61,,,,0.2234,,,,,,,,,,76.25,,48.01,,-0.0559,"[""annRet"", ""artist"", ""compRank"", ""compScore"", ""conf"", ""covStatus"", ""dataConf"", ""dd"", ""drop"", ""family"", ""finish"", ""hist"", ""id"", ""incRet"", ""ipArtist"", ""liq"", ""mom"", ""msrp"", ""name"", ""obs"", ""peak"", ""price"", ""r30"", ""r365"", ""r90"", ""ras"", ""rec"", ""recScore"", ""rel"", ""risk"", ""scarcity"", ""score"", ""super"", ""ub"", ""value"", ""year""]"
secret_lair,SL-B5264E7BA2DC13,,The '90s Binder Experience - Non-Foil Edition — Nonfoil Edition,the 90s binder experience non foil edition nonfoil edition,secret_lair,94.32,,,,0.1548,,,,,,,,,,76.25,,48.01,,0.0,"[""annRet"", ""artist"", ""compRank"", ""compScore"", ""conf"", ""covStatus"", ""dataConf"", ""dd"", ""drop"", ""family"", ""finish"", ""hist"", ""id"", ""incRet"", ""ipArtist"", ""liq"", ""mom"", ""msrp"", ""name"", ""obs"", ""peak"", ""price"", ""r30"", ""r365"", ""r90"", ""ras"", ""rec"", ""recScore"", ""rel"", ""risk"", ""scarcity"", ""score"", ""super"", ""ub"", ""value"", ""year""]"
secret_lair,SL-2B9EE853724B6D,,"Secretversary Superdrop - Party Hard, Shred Harder - Non-Foil Edition — Nonfoil Edition",secretversary superdrop party hard shred harder non foil edition nonfoil edition,secret_lair,55.9,,,,0.2696,,,,,,,,,,76.25,,49.35,,0.0,"[""annRet"", ""artist"", ""compRank"", ""compScore"", ""conf"", ""covStatus"", ""dataConf"", ""dd"", ""drop"", ""family"", ""finish"", ""hist"", ""id"", ""incRet"", ""ipArtist"", ""liq"", ""mom"", ""msrp"", ""name"", ""obs"", ""peak"", ""price"", ""r30"", ""r365"", ""r90"", ""ras"", ""rec"", ""recScore"", ""rel"", ""risk"", ""scarcity"", ""score"", ""super"", ""ub"", ""value"", ""year""]"
secret_lair,SL-96CADB0742DD94,,Sonic the Hedgehog Superdrop: Friends & Foes — Nonfoil Edition,sonic the hedgehog superdrop friends and foes nonfoil edition,secret_lair,53.18,,,,,,,,,,,,,,75.73,,48.98,,0.0,"[""annRet"", ""artist"", ""compRank"", ""compScore"", ""conf"", ""covStatus"", ""dataConf"", ""dd"", ""drop"", ""family"", ""finish"", ""hist"", ""id"", ""incRet"", ""ipArtist"", ""liq"", ""mom"", ""msrp"", ""name"", ""obs"", ""peak"", ""price"", ""r30"", ""r365"", ""r90"", ""ras"", ""rec"", ""recScore"", ""rel"", ""risk"", ""scarcity"", ""score"", ""super"", ""ub"", ""value"", ""year""]"
secret_lair,SL-366202692BF768,,Marvel's Spider-Man: Heroic Deeds - Rainbow Foil Edition — Foil Edition,marvel s spider man heroic deeds rainbow foil edition foil edition,secret_lair,47.35,,,,,,,,,,,,,,71.94,,49.75,,-0.3644,"[""annRet"", ""artist"", ""compRank"", ""compScore"", ""conf"", ""covStatus"", ""dataConf"", ""dd"", ""drop"", ""family"", ""finish"", ""hist"", ""id"", ""incRet"", ""ipArtist"", ""liq"", ""mom"", ""msrp"", ""name"", ""obs"", ""peak"", ""price"", ""r30"", ""r365"", ""r90"", ""ras"", ""rec"", ""recScore"", ""rel"", ""risk"", ""scarcity"", ""score"", ""super"", ""ub"", ""value"", ""year""]"
secret_lair,SL-CD637B6154FA4F,,Special Guest: Kelogsloops - Non-Foil Edition — Nonfoil Edition,special guest kelogsloops non foil edition nonfoil edition,secret_lair,102.24,,,,0.3318,,,,,,,,,,76.25,,48.81,,-0.0092,"[""annRet"", ""artist"", ""compRank"", ""compScore"", ""conf"", ""covStatus"", ""dataConf"", ""dd"", ""drop"", ""family"", ""finish"", ""hist"", ""id"", ""incRet"", ""ipArtist"", ""liq"", ""mom"", ""msrp"", ""name"", ""obs"", ""peak"", ""price"", ""r30"", ""r365"", ""r90"", ""ras"", ""rec"", ""recScore"", ""rel"", ""risk"", ""scarcity"", ""score"", ""super"", ""ub"", ""value"", ""year""]"
secret_lair,SL-2D5B5D6DB161EE,,Buggin' Out - Non-Foil Edition — Nonfoil Edition,buggin out non foil edition nonfoil edition,secret_lair,59.76,,,,0.0002,,,,,,,,,,76.25,,46.5,,-0.0058,"[""annRet"", ""artist"", ""compRank"", ""compScore"", ""conf"", ""covStatus"", ""dataConf"", ""dd"", ""drop"", ""family"", ""finish"", ""hist"", ""id"", ""incRet"", ""ipArtist"", ""liq"", ""mom"", ""msrp"", ""name"", ""obs"", ""peak"", ""price"", ""r30"", ""r365"", ""r90"", ""ras"", ""rec"", ""recScore"", ""rel"", ""risk"", ""scarcity"", ""score"", ""super"", ""ub"", ""value"", ""year""]"
secret_lair,SL-A5E1293D263AF0,,Furby: Doo-ay Noo-lah - Rainbow Foil Edition — Foil Edition,furby doo ay noo lah rainbow foil edition foil edition,secret_lair,56.14,,,,,,,,,,,,,,69.0,,50.2,,0.0,"[""annRet"", ""artist"", ""compRank"", ""compScore"", ""conf"", ""covStatus"", ""dataConf"", ""dd"", ""drop"", ""family"", ""finish"", ""hist"", ""id"", ""incRet"", ""ipArtist"", ""liq"", ""mom"", ""msrp"", ""name"", ""obs"", ""peak"", ""price"", ""r30"", ""r365"", ""r90"", ""ras"", ""rec"", ""recScore"", ""rel"", ""risk"", ""scarcity"", ""score"", ""super"", ""ub"", ""value"", ""year""]"
secret_lair,SL-3F2B421DD9669F,,NALAC Nuestra Magia (SP Non-Foil) — Nonfoil Edition,nalac nuestra magia sp non foil nonfoil edition,secret_lair,69.95,,,,0.0935,,,,,,,,,,76.25,,47.09,,0.0,"[""annRet"", ""artist"", ""compRank"", ""compScore"", ""conf"", ""covStatus"", ""dataConf"", ""dd"", ""drop"", ""family"", ""finish"", ""hist"", ""id"", ""incRet"", ""ipArtist"", ""liq"", ""mom"", ""msrp"", ""name"", ""obs"", ""peak"", ""price"", ""r30"", ""r365"", ""r90"", ""ras"", ""rec"", ""recScore"", ""rel"", ""risk"", ""scarcity"", ""score"", ""super"", ""ub"", ""value"", ""year""]"
secret_lair,SL-C80FAE8D249054,249054,Every Dog Has Its Day - Non-Foil Edition — Nonfoil Edition,every dog has its day non foil edition nonfoil edition,secret_lair,46.28,,,,-0.0572,,,,,,,,,,76.25,,47.35,,-0.2853,"[""annRet"", ""artist"", ""compRank"", ""compScore"", ""conf"", ""covStatus"", ""dataConf"", ""dd"", ""drop"", ""family"", ""finish"", ""hist"", ""id"", ""incRet"", ""ipArtist"", ""liq"", ""mom"", ""msrp"", ""name"", ""obs"", ""peak"", ""price"", ""r30"", ""r365"", ""r90"", ""ras"", ""rec"", ""recScore"", ""rel"", ""risk"", ""scarcity"", ""score"", ""super"", ""ub"", ""value"", ""year""]"
secret_lair,SL-30C88E4C2B3278,3278,The Weirdest Pets in the Multiverse - Non-Foil Edition — Nonfoil Edition,the weirdest pets in the multiverse non foil edition nonfoil edition,secret_lair,47.86,,,,0.1653,,,,,,,,,,76.25,,47.34,,-0.0577,"[""annRet"", ""artist"", ""compRank"", ""compScore"", ""conf"", ""covStatus"", ""dataConf"", ""dd"", ""drop"", ""family"", ""finish"", ""hist"", ""id"", ""incRet"", ""ipArtist"", ""liq"", ""mom"", ""msrp"", ""name"", ""obs"", ""peak"", ""price"", ""r30"", ""r365"", ""r90"", ""ras"", ""rec"", ""recScore"", ""rel"", ""risk"", ""scarcity"", ""score"", ""super"", ""ub"", ""value"", ""year""]"
secret_lair,SL-FDA8FA789BE3A1,,Fortnite: Landmarks and Locations - Non-Foil Edition — Nonfoil Edition,fortnite landmarks and locations non foil edition nonfoil edition,secret_lair,48.91,,,,0.0658,,,,,,,,,,76.25,,46.7,,-0.0139,"[""annRet"", ""artist"", ""compRank"", ""compScore"", ""conf"", ""covStatus"", ""dataConf"", ""dd"", ""drop"", ""family"", ""finish"", ""hist"", ""id"", ""incRet"", ""ipArtist"", ""liq"", ""mom"", ""msrp"", ""name"", ""obs"", ""peak"", ""price"", ""r30"", ""r365"", ""r90"", ""ras"", ""rec"", ""recScore"", ""rel"", ""risk"", ""scarcity"", ""score"", ""super"", ""ub"", ""value"", ""year""]"
secret_lair,SL-6AF6F8F8E4C984,,Cool Ocean Breeze - Non-Foil Edition — Nonfoil Edition,cool ocean breeze non foil edition nonfoil edition,secret_lair,131.97,,,,0.2588,,,,,,,,,,76.25,,48.39,,-0.0101,"[""annRet"", ""artist"", ""compRank"", ""compScore"", ""conf"", ""covStatus"", ""dataConf"", ""dd"", ""drop"", ""family"", ""finish"", ""hist"", ""id"", ""incRet"", ""ipArtist"", ""liq"", ""mom"", ""msrp"", ""name"", ""obs"", ""peak"", ""price"", ""r30"", ""r365"", ""r90"", ""ras"", ""rec"", ""recScore"", ""rel"", ""risk"", ""scarcity"", ""score"", ""super"", ""ub"", ""value"", ""year""]"
secret_lair,SL-5372DCEAF5B496,,The Strange Sands: Plains - Non-Foil Edition — Nonfoil Edition,the strange sands plains non foil edition nonfoil edition,secret_lair,44.99,,,,-0.3382,,,,,,,,,,76.25,,52.33,,-0.4706,"[""annRet"", ""artist"", ""compRank"", ""compScore"", ""conf"", ""covStatus"", ""dataConf"", ""dd"", ""drop"", ""family"", ""finish"", ""hist"", ""id"", ""incRet"", ""ipArtist"", ""liq"", ""mom"", ""msrp"", ""name"", ""obs"", ""peak"", ""price"", ""r30"", ""r365"", ""r90"", ""ras"", ""rec"", ""recScore"", ""rel"", ""risk"", ""scarcity"", ""score"", ""super"", ""ub"", ""value"", ""year""]"
secret_lair,SL-2AC9C47B84FA46,,PixelLands_v02.jpg - Non-Foil Edition — Nonfoil Edition,pixellands v02 jpg non foil edition nonfoil edition,secret_lair,98.57,,,,0.009,,,,,,,,,,76.25,,47.0,,-0.0139,"[""annRet"", ""artist"", ""compRank"", ""compScore"", ""conf"", ""covStatus"", ""dataConf"", ""dd"", ""drop"", ""family"", ""finish"", ""hist"", ""id"", ""incRet"", ""ipArtist"", ""liq"", ""mom"", ""msrp"", ""name"", ""obs"", ""peak"", ""price"", ""r30"", ""r365"", ""r90"", ""ras"", ""rec"", ""recScore"", ""rel"", ""risk"", ""scarcity"", ""score"", ""super"", ""ub"", ""value"", ""year""]"
secret_lair,SL-A8A83DC7B06C38,,February Superdrop - Kamigawa: the Manga: the Cards - Non-Foil Edition — Nonfoil Edition,february superdrop kamigawa the manga the cards non foil edition nonfoil edition,secret_lair,51.2,,,,-0.108,,,,,,,,,,76.25,,47.21,,-0.1291,"[""annRet"", ""artist"", ""compRank"", ""compScore"", ""conf"", ""covStatus"", ""dataConf"", ""dd"", ""drop"", ""family"", ""finish"", ""hist"", ""id"", ""incRet"", ""ipArtist"", ""liq"", ""mom"", ""msrp"", ""name"", ""obs"", ""peak"", ""price"", ""r30"", ""r365"", ""r90"", ""ras"", ""rec"", ""recScore"", ""rel"", ""risk"", ""scarcity"", ""score"", ""super"", ""ub"", ""value"", ""year""]"
secret_lair,SL-3734ADEE0BD3D9,,Marvel's Spider-Man: The Foil Web-Slinger Bundle — Foil Edition,marvel s spider man the foil web slinger bundle foil edition,secret_lair,211.78,,,,,,,,,,,,,,71.94,,49.49,,-0.4372,"[""annRet"", ""artist"", ""compRank"", ""compScore"", ""conf"", ""covStatus"", ""dataConf"", ""dd"", ""drop"", ""family"", ""finish"", ""hist"", ""id"", ""incRet"", ""ipArtist"", ""liq"", ""mom"", ""msrp"", ""name"", ""obs"", ""peak"", ""price"", ""r30"", ""r365"", ""r90"", ""ras"", ""rec"", ""recScore"", ""rel"", ""risk"", ""scarcity"", ""score"", ""super"", ""ub"", ""value"", ""year""]"
secret_lair,SL-F0ADDB74A0D856,,Tales of the Time Stoppers - Non-Foil Edition — Nonfoil Edition,tales of the time stoppers non foil edition nonfoil edition,secret_lair,34.83,,,,-0.0142,,,,,,,,,,76.25,,46.54,,-0.0423,"[""annRet"", ""artist"", ""compRank"", ""compScore"", ""conf"", ""covStatus"", ""dataConf"", ""dd"", ""drop"", ""family"", ""finish"", ""hist"", ""id"", ""incRet"", ""ipArtist"", ""liq"", ""mom"", ""msrp"", ""name"", ""obs"", ""peak"", ""price"", ""r30"", ""r365"", ""r90"", ""ras"", ""rec"", ""recScore"", ""rel"", ""risk"", ""scarcity"", ""score"", ""super"", ""ub"", ""value"", ""year""]"
secret_lair,SL-1DA21B27711D91,,Sheldon's Spellbook - Non-Foil Edition — Nonfoil Edition,sheldon s spellbook non foil edition nonfoil edition,secret_lair,64.95,,,,0.0988,,,,,,,,,,76.25,,48.94,,-0.4698,"[""annRet"", ""artist"", ""compRank"", ""compScore"", ""conf"", ""covStatus"", ""dataConf"", ""dd"", ""drop"", ""family"", ""finish"", ""hist"", ""id"", ""incRet"", ""ipArtist"", ""liq"", ""mom"", ""msrp"", ""name"", ""obs"", ""peak"", ""price"", ""r30"", ""r365"", ""r90"", ""ras"", ""rec"", ""recScore"", ""rel"", ""risk"", ""scarcity"", ""score"", ""super"", ""ub"", ""value"", ""year""]"
secret_lair,SL-BF5BC53AD18E85,,Brain Dead: Lands - Non-Foil Edition — Nonfoil Edition,brain dead lands non foil edition nonfoil edition,secret_lair,91.66,,,,0.6974,,,,,,,,,,76.25,,52.92,,-0.6333,"[""annRet"", ""artist"", ""compRank"", ""compScore"", ""conf"", ""covStatus"", ""dataConf"", ""dd"", ""drop"", ""family"", ""finish"", ""hist"", ""id"", ""incRet"", ""ipArtist"", ""liq"", ""mom"", ""msrp"", ""name"", ""obs"", ""peak"", ""price"", ""r30"", ""r365"", ""r90"", ""ras"", ""rec"", ""recScore"", ""rel"", ""risk"", ""scarcity"", ""score"", ""super"", ""ub"", ""value"", ""year""]"
secret_lair,SL-145E2D7DAB1056,1056,Marvel's Captain America - Non-Foil Edition — Nonfoil Edition,marvel s captain america non foil edition nonfoil edition,secret_lair,86.85,,,,0.1179,,,,,,,,,,76.25,,47.69,,-0.0153,"[""annRet"", ""artist"", ""compRank"", ""compScore"", ""conf"", ""covStatus"", ""dataConf"", ""dd"", ""drop"", ""family"", ""finish"", ""hist"", ""id"", ""incRet"", ""ipArtist"", ""liq"", ""mom"", ""msrp"", ""name"", ""obs"", ""peak"", ""price"", ""r30"", ""r365"", ""r90"", ""ras"", ""rec"", ""recScore"", ""rel"", ""risk"", ""scarcity"", ""score"", ""super"", ""ub"", ""value"", ""year""]"
secret_lair,SL-83DFC7BCCB8A6D,,Showcase: Duskmourn - Non-Foil Edition — Nonfoil Edition,showcase duskmourn non foil edition nonfoil edition,secret_lair,30.65,,,,0.2143,,,,,,,,,,76.25,,48.77,,-0.387,"[""annRet"", ""artist"", ""compRank"", ""compScore"", ""conf"", ""covStatus"", ""dataConf"", ""dd"", ""drop"", ""family"", ""finish"", ""hist"", ""id"", ""incRet"", ""ipArtist"", ""liq"", ""mom"", ""msrp"", ""name"", ""obs"", ""peak"", ""price"", ""r30"", ""r365"", ""r90"", ""ras"", ""rec"", ""recScore"", ""rel"", ""risk"", ""scarcity"", ""score"", ""super"", ""ub"", ""value"", ""year""]"
secret_lair,SL-14069B556F0234,0234,Prints of Darkness - Non-Foil Edition — Nonfoil Edition,prints of darkness non foil edition nonfoil edition,secret_lair,53.8,,,,0.3151,,,,,,,,,,76.25,,51.13,,-0.731,"[""annRet"", ""artist"", ""compRank"", ""compScore"", ""conf"", ""covStatus"", ""dataConf"", ""dd"", ""drop"", ""family"", ""finish"", ""hist"", ""id"", ""incRet"", ""ipArtist"", ""liq"", ""mom"", ""msrp"", ""name"", ""obs"", ""peak"", ""price"", ""r30"", ""r365"", ""r90"", ""ras"", ""rec"", ""recScore"", ""rel"", ""risk"", ""scarcity"", ""score"", ""super"", ""ub"", ""value"", ""year""]"
secret_lair,SL-E03F5C270405EA,,"Far Out, Man - Non-Foil Edition — Nonfoil Edition",far out man non foil edition nonfoil edition,secret_lair,45.73,,,,0.1241,,,,,,,,,,76.25,,47.09,,-0.0149,"[""annRet"", ""artist"", ""compRank"", ""compScore"", ""conf"", ""covStatus"", ""dataConf"", ""dd"", ""drop"", ""family"", ""finish"", ""hist"", ""id"", ""incRet"", ""ipArtist"", ""liq"", ""mom"", ""msrp"", ""name"", ""obs"", ""peak"", ""price"", ""r30"", ""r365"", ""r90"", ""ras"", ""rec"", ""recScore"", ""rel"", ""risk"", ""scarcity"", ""score"", ""super"", ""ub"", ""value"", ""year""]"
secret_lair,SL-B36930BACADDCD,,Special Guest: Yoji Shinkawa (English) - Non-Foil Edition — Nonfoil Edition,special guest yoji shinkawa english non foil edition nonfoil edition,secret_lair,177.84,,,,0.3089,,,,,,,,,,76.25,,48.51,,-0.0216,"[""annRet"", ""artist"", ""compRank"", ""compScore"", ""conf"", ""covStatus"", ""dataConf"", ""dd"", ""drop"", ""family"", ""finish"", ""hist"", ""id"", ""incRet"", ""ipArtist"", ""liq"", ""mom"", ""msrp"", ""name"", ""obs"", ""peak"", ""price"", ""r30"", ""r365"", ""r90"", ""ras"", ""rec"", ""recScore"", ""rel"", ""risk"", ""scarcity"", ""score"", ""super"", ""ub"", ""value"", ""year""]"
secret_lair,SL-F960B8C972DDE8,,Furby: Doo-ay Noo-lah - Confetti Foil Edition — Foil Edition,furby doo ay noo lah confetti foil edition foil edition,secret_lair,94.34,,,,,,,,,,,,,,69.0,,48.46,,-0.0454,"[""annRet"", ""artist"", ""compRank"", ""compScore"", ""conf"", ""covStatus"", ""dataConf"", ""dd"", ""drop"", ""family"", ""finish"", ""hist"", ""id"", ""incRet"", ""ipArtist"", ""liq"", ""mom"", ""msrp"", ""name"", ""obs"", ""peak"", ""price"", ""r30"", ""r365"", ""r90"", ""ras"", ""rec"", ""recScore"", ""rel"", ""risk"", ""scarcity"", ""score"", ""super"", ""ub"", ""value"", ""year""]"
secret_lair,SL-B60C7F6F56C30B,,The Art of Frank Frazetta - Non-Foil Edition — Nonfoil Edition,the art of frank frazetta non foil edition nonfoil edition,secret_lair,265.95,,,,0.346,,,,,,,,,,76.25,,48.36,,-0.0653,"[""annRet"", ""artist"", ""compRank"", ""compScore"", ""conf"", ""covStatus"", ""dataConf"", ""dd"", ""drop"", ""family"", ""finish"", ""hist"", ""id"", ""incRet"", ""ipArtist"", ""liq"", ""mom"", ""msrp"", ""name"", ""obs"", ""peak"", ""price"", ""r30"", ""r365"", ""r90"", ""ras"", ""rec"", ""recScore"", ""rel"", ""risk"", ""scarcity"", ""score"", ""super"", ""ub"", ""value"", ""year""]"
secret_lair,SL-C83649108644FE,,Astrology Lands (Aries) - Traditional Foil Edition — Foil Edition,astrology lands aries traditional foil edition foil edition,secret_lair,65.94,,,,-0.2084,,,,,,,,,,71.25,,46.8,,-0.4005,"[""annRet"", ""artist"", ""compRank"", ""compScore"", ""conf"", ""covStatus"", ""dataConf"", ""dd"", ""drop"", ""family"", ""finish"", ""hist"", ""id"", ""incRet"", ""ipArtist"", ""liq"", ""mom"", ""msrp"", ""name"", ""obs"", ""peak"", ""price"", ""r30"", ""r365"", ""r90"", ""ras"", ""rec"", ""recScore"", ""rel"", ""risk"", ""scarcity"", ""score"", ""super"", ""ub"", ""value"", ""year""]"
secret_lair,SL-60BFB1DCD1B82F,,Camp Totally Safe Superdrop: The Cabin with Foils Bundle — Foil Edition,camp totally safe superdrop the cabin with foils bundle foil edition,secret_lair,470.94,,,,-0.1507,,,,,,,,,,71.25,,47.23,,-0.2595,"[""annRet"", ""artist"", ""compRank"", ""compScore"", ""conf"", ""covStatus"", ""dataConf"", ""dd"", ""drop"", ""family"", ""finish"", ""hist"", ""id"", ""incRet"", ""ipArtist"", ""liq"", ""mom"", ""msrp"", ""name"", ""obs"", ""peak"", ""price"", ""r30"", ""r365"", ""r90"", ""ras"", ""rec"", ""recScore"", ""rel"", ""risk"", ""scarcity"", ""score"", ""super"", ""ub"", ""value"", ""year""]"
secret_lair,SL-3D0052CFE56421,56421,vroooOOOMMMMMM! - Non-Foil Playset Bundle — Nonfoil Edition,vroooooommmmmm non foil playset bundle nonfoil edition,secret_lair,293.88,,,,0.3361,,,,,,,,,,71.25,,52.78,,0.0,"[""annRet"", ""artist"", ""compRank"", ""compScore"", ""conf"", ""covStatus"", ""dataConf"", ""dd"", ""drop"", ""family"", ""finish"", ""hist"", ""id"", ""incRet"", ""ipArtist"", ""liq"", ""mom"", ""msrp"", ""name"", ""obs"", ""peak"", ""price"", ""r30"", ""r365"", ""r90"", ""ras"", ""rec"", ""recScore"", ""rel"", ""risk"", ""scarcity"", ""score"", ""super"", ""ub"", ""value"", ""year""]"
secret_lair,SL-C24946B295061F,,The Office: Dwight's Destiny - Traditional Foil Edition — Foil Edition,the office dwight s destiny traditional foil edition foil edition,secret_lair,137.59,,,,,,,,,,,,,,69.0,,49.75,,-0.0228,"[""annRet"", ""artist"", ""compRank"", ""compScore"", ""conf"", ""covStatus"", ""dataConf"", ""dd"", ""drop"", ""family"", ""finish"", ""hist"", ""id"", ""incRet"", ""ipArtist"", ""liq"", ""mom"", ""msrp"", ""name"", ""obs"", ""peak"", ""price"", ""r30"", ""r365"", ""r90"", ""ras"", ""rec"", ""recScore"", ""rel"", ""risk"", ""scarcity"", ""score"", ""super"", ""ub"", ""value"", ""year""]"
secret_lair,SL-9CD93C9989F563,,Trick or Treat - Rainbow Foil Edition — Foil Edition,trick or treat rainbow foil edition foil edition,secret_lair,45.17,,,,,,,,,,,,,,69.0,,50.33,,-0.4979,"[""annRet"", ""artist"", ""compRank"", ""compScore"", ""conf"", ""covStatus"", ""dataConf"", ""dd"", ""drop"", ""family"", ""finish"", ""hist"", ""id"", ""incRet"", ""ipArtist"", ""liq"", ""mom"", ""msrp"", ""name"", ""obs"", ""peak"", ""price"", ""r30"", ""r365"", ""r90"", ""ras"", ""rec"", ""recScore"", ""rel"", ""risk"", ""scarcity"", ""score"", ""super"", ""ub"", ""value"", ""year""]"
secret_lair,SL-FEE4D099100C1B,,FINAL FANTASY: Grimoire - JP Non-Foil Edition — Nonfoil Edition,final fantasy grimoire jp non foil edition nonfoil edition,secret_lair,40.9,,,,-0.1939,,,,,,,,,,76.25,,45.71,,-0.1939,"[""annRet"", ""artist"", ""compRank"", ""compScore"", ""conf"", ""covStatus"", ""dataConf"", ""dd"", ""drop"", ""family"", ""finish"", ""hist"", ""id"", ""incRet"", ""ipArtist"", ""liq"", ""mom"", ""msrp"", ""name"", ""obs"", ""peak"", ""price"", ""r30"", ""r365"", ""r90"", ""ras"", ""rec"", ""recScore"", ""rel"", ""risk"", ""scarcity"", ""score"", ""super"", ""ub"", ""value"", ""year""]"
secret_lair,SL-87225328ADBE06,,Our Boss is on Vacation Superdrop: Twisted Toons - Non-Foil Edition — Nonfoil Edition,our boss is on vacation superdrop twisted toons non foil edition nonfoil edition,secret_lair,56.95,,,,0.2424,,,,,,,,,,76.25,,49.91,,-0.254,"[""annRet"", ""artist"", ""compRank"", ""compScore"", ""conf"", ""covStatus"", ""dataConf"", ""dd"", ""drop"", ""family"", ""finish"", ""hist"", ""id"", ""incRet"", ""ipArtist"", ""liq"", ""mom"", ""msrp"", ""name"", ""obs"", ""peak"", ""price"", ""r30"", ""r365"", ""r90"", ""ras"", ""rec"", ""recScore"", ""rel"", ""risk"", ""scarcity"", ""score"", ""super"", ""ub"", ""value"", ""year""]"
secret_lair,SL-CE0D22C4A5732F,,Aether Drifters - Non-Foil Edition — Nonfoil Edition,aether drifters non foil edition nonfoil edition,secret_lair,40.71,,,,0.0422,,,,,,,,,,76.25,,46.64,,-0.0044,"[""annRet"", ""artist"", ""compRank"", ""compScore"", ""conf"", ""covStatus"", ""dataConf"", ""dd"", ""drop"", ""family"", ""finish"", ""hist"", ""id"", ""incRet"", ""ipArtist"", ""liq"", ""mom"", ""msrp"", ""name"", ""obs"", ""peak"", ""price"", ""r30"", ""r365"", ""r90"", ""ras"", ""rec"", ""recScore"", ""rel"", ""risk"", ""scarcity"", ""score"", ""super"", ""ub"", ""value"", ""year""]"
secret_lair,SL-A3ADDCA9165A2F,,Sonic the Hedgehog Superdrop: Super Sonic Bundle — Nonfoil Edition,sonic the hedgehog superdrop super sonic bundle nonfoil edition,secret_lair,167.28,,,,,,,,,,,,,,75.73,,48.96,,0.0,"[""annRet"", ""artist"", ""compRank"", ""compScore"", ""conf"", ""covStatus"", ""dataConf"", ""dd"", ""drop"", ""family"", ""finish"", ""hist"", ""id"", ""incRet"", ""ipArtist"", ""liq"", ""mom"", ""msrp"", ""name"", ""obs"", ""peak"", ""price"", ""r30"", ""r365"", ""r90"", ""ras"", ""rec"", ""recScore"", ""rel"", ""risk"", ""scarcity"", ""score"", ""super"", ""ub"", ""value"", ""year""]"
secret_lair,SL-0CEABF59829053,59829053,Summer Superdrop 2024: Showstopper Bundle - Non-Foil Edition — Nonfoil Edition,summer superdrop 2024 showstopper bundle non foil edition nonfoil edition,secret_lair,599.98,,,,1.6672,,,,,,,,,,69.21,,56.85,,0.0,"[""annRet"", ""artist"", ""compRank"", ""compScore"", ""conf"", ""covStatus"", ""dataConf"", ""dd"", ""drop"", ""family"", ""finish"", ""hist"", ""id"", ""incRet"", ""ipArtist"", ""liq"", ""mom"", ""msrp"", ""name"", ""obs"", ""peak"", ""price"", ""r30"", ""r365"", ""r90"", ""ras"", ""rec"", ""recScore"", ""rel"", ""risk"", ""scarcity"", ""score"", ""super"", ""ub"", ""value"", ""year""]"
secret_lair,SL-3C8F74D9F8C33A,,Artist Series: Rebecca Guay - Non-Foil Edition — Nonfoil Edition,artist series rebecca guay non foil edition nonfoil edition,secret_lair,44.98,,,,0.3688,,,,,,,,,,76.25,,48.22,,-0.0718,"[""annRet"", ""artist"", ""compRank"", ""compScore"", ""conf"", ""covStatus"", ""dataConf"", ""dd"", ""drop"", ""family"", ""finish"", ""hist"", ""id"", ""incRet"", ""ipArtist"", ""liq"", ""mom"", ""msrp"", ""name"", ""obs"", ""peak"", ""price"", ""r30"", ""r365"", ""r90"", ""ras"", ""rec"", ""recScore"", ""rel"", ""risk"", ""scarcity"", ""score"", ""super"", ""ub"", ""value"", ""year""]"
secret_lair,SL-CC5293951E84F8,,Superdrop: Supershock Bundle - Non-Foil Edition — Nonfoil Edition,superdrop supershock bundle non foil edition nonfoil edition,secret_lair,284.98,,,,0.2346,,,,,,,,,,76.25,,48.32,,-0.0172,"[""annRet"", ""artist"", ""compRank"", ""compScore"", ""conf"", ""covStatus"", ""dataConf"", ""dd"", ""drop"", ""family"", ""finish"", ""hist"", ""id"", ""incRet"", ""ipArtist"", ""liq"", ""mom"", ""msrp"", ""name"", ""obs"", ""peak"", ""price"", ""r30"", ""r365"", ""r90"", ""ras"", ""rec"", ""recScore"", ""rel"", ""risk"", ""scarcity"", ""score"", ""super"", ""ub"", ""value"", ""year""]"
secret_lair,SL-89D18240A7624C,,Arcane: Lands - Non-Foil Edition — Nonfoil Edition,arcane lands non foil edition nonfoil edition,secret_lair,21.83,,,,-0.0171,,,,,,,,,,76.25,,45.35,,-0.1519,"[""annRet"", ""artist"", ""compRank"", ""compScore"", ""conf"", ""covStatus"", ""dataConf"", ""dd"", ""drop"", ""family"", ""finish"", ""hist"", ""id"", ""incRet"", ""ipArtist"", ""liq"", ""mom"", ""msrp"", ""name"", ""obs"", ""peak"", ""price"", ""r30"", ""r365"", ""r90"", ""ras"", ""rec"", ""recScore"", ""rel"", ""risk"", ""scarcity"", ""score"", ""super"", ""ub"", ""value"", ""year""]"
secret_lair,SL-D2FCABD86AD689,,Time Trouble Two - Traditional Foil Edition — Foil Edition,time trouble two traditional foil edition foil edition,secret_lair,30.99,,,,-0.1273,,,,,,,,,,76.25,,41.26,,-0.4262,"[""annRet"", ""artist"", ""compRank"", ""compScore"", ""conf"", ""covStatus"", ""dataConf"", ""dd"", ""drop"", ""family"", ""finish"", ""hist"", ""id"", ""incRet"", ""ipArtist"", ""liq"", ""mom"", ""msrp"", ""name"", ""obs"", ""peak"", ""price"", ""r30"", ""r365"", ""r90"", ""ras"", ""rec"", ""recScore"", ""rel"", ""risk"", ""scarcity"", ""score"", ""super"", ""ub"", ""value"", ""year""]"
secret_lair,SL-61289242472F60,,Secretversary Superdrop - Happy Little Gathering - Non-Foil Edition — Nonfoil Edition,secretversary superdrop happy little gathering non foil edition nonfoil edition,secret_lair,57.0,,,,0.1962,,,,,,,,,,76.25,,48.5,,-0.0245,"[""annRet"", ""artist"", ""compRank"", ""compScore"", ""conf"", ""covStatus"", ""dataConf"", ""dd"", ""drop"", ""family"", ""finish"", ""hist"", ""id"", ""incRet"", ""ipArtist"", ""liq"", ""mom"", ""msrp"", ""name"", ""obs"", ""peak"", ""price"", ""r30"", ""r365"", ""r90"", ""ras"", ""rec"", ""recScore"", ""rel"", ""risk"", ""scarcity"", ""score"", ""super"", ""ub"", ""value"", ""year""]"
secret_lair,SL-B3B225E03D06DC,,Welcome to the Fungal - Non-Foil Edition — Nonfoil Edition,welcome to the fungal non foil edition nonfoil edition,secret_lair,71.37,,,,-0.0633,,,,,,,,,,76.25,,46.58,,-0.0914,"[""annRet"", ""artist"", ""compRank"", ""compScore"", ""conf"", ""covStatus"", ""dataConf"", ""dd"", ""drop"", ""family"", ""finish"", ""hist"", ""id"", ""incRet"", ""ipArtist"", ""liq"", ""mom"", ""msrp"", ""name"", ""obs"", ""peak"", ""price"", ""r30"", ""r365"", ""r90"", ""ras"", ""rec"", ""recScore"", ""rel"", ""risk"", ""scarcity"", ""score"", ""super"", ""ub"", ""value"", ""year""]"
secret_lair,SL-C805DBBC1C6677,6677,Marvel's Spider-Man: Mana Symbiote - Raised Foil Edition — Foil Edition,marvel s spider man mana symbiote raised foil edition foil edition,secret_lair,112.14,,,,,,,,,,,,,,71.94,,50.52,,-0.4839,"[""annRet"", ""artist"", ""compRank"", ""compScore"", ""conf"", ""covStatus"", ""dataConf"", ""dd"", ""drop"", ""family"", ""finish"", ""hist"", ""id"", ""incRet"", ""ipArtist"", ""liq"", ""mom"", ""msrp"", ""name"", ""obs"", ""peak"", ""price"", ""r30"", ""r365"", ""r90"", ""ras"", ""rec"", ""recScore"", ""rel"", ""risk"", ""scarcity"", ""score"", ""super"", ""ub"", ""value"", ""year""]"
secret_lair,SL-0B3132C3EEAD64,,The Strange Sands: Island - Non-Foil Edition — Nonfoil Edition,the strange sands island non foil edition nonfoil edition,secret_lair,75.66,,,,0.0443,,,,,,,,,,76.25,,46.68,,-0.1372,"[""annRet"", ""artist"", ""compRank"", ""compScore"", ""conf"", ""covStatus"", ""dataConf"", ""dd"", ""drop"", ""family"", ""finish"", ""hist"", ""id"", ""incRet"", ""ipArtist"", ""liq"", ""mom"", ""msrp"", ""name"", ""obs"", ""peak"", ""price"", ""r30"", ""r365"", ""r90"", ""ras"", ""rec"", ""recScore"", ""rel"", ""risk"", ""scarcity"", ""score"", ""super"", ""ub"", ""value"", ""year""]"
secret_lair,SL-0E772D4E9A9FA4,,The Last of Us Part I - Rainbow Foil Edition — Foil Edition,the last of us part i rainbow foil edition foil edition,secret_lair,48.53,,,,,,,,,,,,,,69.0,,50.43,,-0.5169,"[""annRet"", ""artist"", ""compRank"", ""compScore"", ""conf"", ""covStatus"", ""dataConf"", ""dd"", ""drop"", ""family"", ""finish"", ""hist"", ""id"", ""incRet"", ""ipArtist"", ""liq"", ""mom"", ""msrp"", ""name"", ""obs"", ""peak"", ""price"", ""r30"", ""r365"", ""r90"", ""ras"", ""rec"", ""recScore"", ""rel"", ""risk"", ""scarcity"", ""score"", ""super"", ""ub"", ""value"", ""year""]"
secret_lair,SL-4B314F21B95F79,,Just Some Totally Normal Guys - Non-Foil Edition — Nonfoil Edition,just some totally normal guys non foil edition nonfoil edition,secret_lair,36.92,,,,-0.0596,,,,,,,,,,76.25,,45.48,,-0.2683,"[""annRet"", ""artist"", ""compRank"", ""compScore"", ""conf"", ""covStatus"", ""dataConf"", ""dd"", ""drop"", ""family"", ""finish"", ""hist"", ""id"", ""incRet"", ""ipArtist"", ""liq"", ""mom"", ""msrp"", ""name"", ""obs"", ""peak"", ""price"", ""r30"", ""r365"", ""r90"", ""ras"", ""rec"", ""recScore"", ""rel"", ""risk"", ""scarcity"", ""score"", ""super"", ""ub"", ""value"", ""year""]"
secret_lair,SL-7E75AB2D5E48E1,,Secret Scare Superdrop: The Ay-loh Tee-wee-lah Confetti Foil Bundle — Foil Edition,secret scare superdrop the ay loh tee wee lah confetti foil bundle foil edition,secret_lair,312.12,,,,,,,,,,,,,,69.0,,50.3,,-0.1952,"[""annRet"", ""artist"", ""compRank"", ""compScore"", ""conf"", ""covStatus"", ""dataConf"", ""dd"", ""drop"", ""family"", ""finish"", ""hist"", ""id"", ""incRet"", ""ipArtist"", ""liq"", ""mom"", ""msrp"", ""name"", ""obs"", ""peak"", ""price"", ""r30"", ""r365"", ""r90"", ""ras"", ""rec"", ""recScore"", ""rel"", ""risk"", ""scarcity"", ""score"", ""super"", ""ub"", ""value"", ""year""]"
secret_lair,SL-3F745D24C8D183,,EVERYTHING IS ON FIRE - Non-Foil Playset Bundle — Nonfoil Edition,everything is on fire non foil playset bundle nonfoil edition,secret_lair,219.99,,,,0.1055,,,,,,,,,,76.25,,47.18,,-0.0434,"[""annRet"", ""artist"", ""compRank"", ""compScore"", ""conf"", ""covStatus"", ""dataConf"", ""dd"", ""drop"", ""family"", ""finish"", ""hist"", ""id"", ""incRet"", ""ipArtist"", ""liq"", ""mom"", ""msrp"", ""name"", ""obs"", ""peak"", ""price"", ""r30"", ""r365"", ""r90"", ""ras"", ""rec"", ""recScore"", ""rel"", ""risk"", ""scarcity"", ""score"", ""super"", ""ub"", ""value"", ""year""]"
secret_lair,SL-9A20B1803ACEFF,,Showcase: Zendikar Revisited - Non-Foil Edition — Nonfoil Edition,showcase zendikar revisited non foil edition nonfoil edition,secret_lair,80.81,,,,0.0039,,,,,,,,,,76.25,,45.94,,-0.0483,"[""annRet"", ""artist"", ""compRank"", ""compScore"", ""conf"", ""covStatus"", ""dataConf"", ""dd"", ""drop"", ""family"", ""finish"", ""hist"", ""id"", ""incRet"", ""ipArtist"", ""liq"", ""mom"", ""msrp"", ""name"", ""obs"", ""peak"", ""price"", ""r30"", ""r365"", ""r90"", ""ras"", ""rec"", ""recScore"", ""rel"", ""risk"", ""scarcity"", ""score"", ""super"", ""ub"", ""value"", ""year""]"
secret_lair,SL-1304148BB94881,94881,Bad to the Bones - Non-Foil Edition — Nonfoil Edition,bad to the bones non foil edition nonfoil edition,secret_lair,71.97,,,,-0.082,,,,,,,,,,76.25,,46.3,,-0.1019,"[""annRet"", ""artist"", ""compRank"", ""compScore"", ""conf"", ""covStatus"", ""dataConf"", ""dd"", ""drop"", ""family"", ""finish"", ""hist"", ""id"", ""incRet"", ""ipArtist"", ""liq"", ""mom"", ""msrp"", ""name"", ""obs"", ""peak"", ""price"", ""r30"", ""r365"", ""r90"", ""ras"", ""rec"", ""recScore"", ""rel"", ""risk"", ""scarcity"", ""score"", ""super"", ""ub"", ""value"", ""year""]"
secret_lair,SL-7FF5D4693BDBF9,,Creepshow - Non-Foil Edition — Nonfoil Edition,creepshow non foil edition nonfoil edition,secret_lair,77.02,,,,0.0706,,,,,,,,,,76.25,,46.2,,-0.062,"[""annRet"", ""artist"", ""compRank"", ""compScore"", ""conf"", ""covStatus"", ""dataConf"", ""dd"", ""drop"", ""family"", ""finish"", ""hist"", ""id"", ""incRet"", ""ipArtist"", ""liq"", ""mom"", ""msrp"", ""name"", ""obs"", ""peak"", ""price"", ""r30"", ""r365"", ""r90"", ""ras"", ""rec"", ""recScore"", ""rel"", ""risk"", ""scarcity"", ""score"", ""super"", ""ub"", ""value"", ""year""]"
secret_lair,SL-1673F72E783176,783176,Our Boss is on Vacation Superdrop: They Grow Up So Fast - Non-Foil Edition — Nonfoil Edition,our boss is on vacation superdrop they grow up so fast non foil edition nonfoil edition,secret_lair,44.5,,,,0.0027,,,,,,,,,,76.25,,46.08,,-0.3326,"[""annRet"", ""artist"", ""compRank"", ""compScore"", ""conf"", ""covStatus"", ""dataConf"", ""dd"", ""drop"", ""family"", ""finish"", ""hist"", ""id"", ""incRet"", ""ipArtist"", ""liq"", ""mom"", ""msrp"", ""name"", ""obs"", ""peak"", ""price"", ""r30"", ""r365"", ""r90"", ""ras"", ""rec"", ""recScore"", ""rel"", ""risk"", ""scarcity"", ""score"", ""super"", ""ub"", ""value"", ""year""]"
secret_lair,SL-F7E159B4E7D922,,Spring Superdrop 2024: Outlaws of Thunder Junction Bundle - Non-Foil Edition — Nonfoil Edition,spring superdrop 2024 outlaws of thunder junction bundle non foil edition nonfoil edition,secret_lair,249.98,,,,0.374,,,,,,,,,,71.25,,50.31,,-0.0,"[""annRet"", ""artist"", ""compRank"", ""compScore"", ""conf"", ""covStatus"", ""dataConf"", ""dd"", ""drop"", ""family"", ""finish"", ""hist"", ""id"", ""incRet"", ""ipArtist"", ""liq"", ""mom"", ""msrp"", ""name"", ""obs"", ""peak"", ""price"", ""r30"", ""r365"", ""r90"", ""ras"", ""rec"", ""recScore"", ""rel"", ""risk"", ""scarcity"", ""score"", ""super"", ""ub"", ""value"", ""year""]"
secret_lair,SL-89002E8BB22ACE,,Marvel's Spider-Man: Venom Unleashed (Colors) - Rainbow Foil Edition — Foil Edition,marvel s spider man venom unleashed colors rainbow foil edition foil edition,secret_lair,60.21,,,,,,,,,,,,,,71.94,,49.71,,-0.5782,"[""annRet"", ""artist"", ""compRank"", ""compScore"", ""conf"", ""covStatus"", ""dataConf"", ""dd"", ""drop"", ""family"", ""finish"", ""hist"", ""id"", ""incRet"", ""ipArtist"", ""liq"", ""mom"", ""msrp"", ""name"", ""obs"", ""peak"", ""price"", ""r30"", ""r365"", ""r90"", ""ras"", ""rec"", ""recScore"", ""rel"", ""risk"", ""scarcity"", ""score"", ""super"", ""ub"", ""value"", ""year""]"
secret_lair,SL-5468F7B9EAB454,,More Adventures in Middle-earth - Non-Foil Edition — Nonfoil Edition,more adventures in middle earth non foil edition nonfoil edition,secret_lair,54.72,,,,-0.0554,,,,,,,,,,76.25,,45.51,,-0.0653,"[""annRet"", ""artist"", ""compRank"", ""compScore"", ""conf"", ""covStatus"", ""dataConf"", ""dd"", ""drop"", ""family"", ""finish"", ""hist"", ""id"", ""incRet"", ""ipArtist"", ""liq"", ""mom"", ""msrp"", ""name"", ""obs"", ""peak"", ""price"", ""r30"", ""r365"", ""r90"", ""ras"", ""rec"", ""recScore"", ""rel"", ""risk"", ""scarcity"", ""score"", ""super"", ""ub"", ""value"", ""year""]"
secret_lair,SL-2347A35CDE0CCA,,Marvel's Spider-Man: Venom Unleashed (Inks) - Rainbow Foil Edition — Foil Edition,marvel s spider man venom unleashed inks rainbow foil edition foil edition,secret_lair,47.96,,,,,,,,,,,,,,71.94,,49.09,,-0.566,"[""annRet"", ""artist"", ""compRank"", ""compScore"", ""conf"", ""covStatus"", ""dataConf"", ""dd"", ""drop"", ""family"", ""finish"", ""hist"", ""id"", ""incRet"", ""ipArtist"", ""liq"", ""mom"", ""msrp"", ""name"", ""obs"", ""peak"", ""price"", ""r30"", ""r365"", ""r90"", ""ras"", ""rec"", ""recScore"", ""rel"", ""risk"", ""scarcity"", ""score"", ""super"", ""ub"", ""value"", ""year""]"
secret_lair,SL-52D6DADA65F954,,Avatar: The Last Airbender: My Cabbages! - Rainbow Foil Edition — Foil Edition,avatar the last airbender my cabbages rainbow foil edition foil edition,secret_lair,66.75,,,,,,,,,,,,,,66.1,,48.95,,-0.0024,"[""annRet"", ""artist"", ""compRank"", ""compScore"", ""conf"", ""covStatus"", ""dataConf"", ""dd"", ""drop"", ""family"", ""finish"", ""hist"", ""id"", ""incRet"", ""ipArtist"", ""liq"", ""mom"", ""msrp"", ""name"", ""obs"", ""peak"", ""price"", ""r30"", ""r365"", ""r90"", ""ras"", ""rec"", ""recScore"", ""rel"", ""risk"", ""scarcity"", ""score"", ""super"", ""ub"", ""value"", ""year""]"
secret_lair,SL-E06DD3E1E3F4CD,,Iron Maiden: Album Art - Rainbow Foil Edition — Foil Edition,iron maiden album art rainbow foil edition foil edition,secret_lair,130.07,,,,,,,,,,,,,,69.0,,51.29,,-0.1385,"[""annRet"", ""artist"", ""compRank"", ""compScore"", ""conf"", ""covStatus"", ""dataConf"", ""dd"", ""drop"", ""family"", ""finish"", ""hist"", ""id"", ""incRet"", ""ipArtist"", ""liq"", ""mom"", ""msrp"", ""name"", ""obs"", ""peak"", ""price"", ""r30"", ""r365"", ""r90"", ""ras"", ""rec"", ""recScore"", ""rel"", ""risk"", ""scarcity"", ""score"", ""super"", ""ub"", ""value"", ""year""]"
secret_lair,SL-DD25AF4AC936E2,,Artist Series: John Avon - Traditional Foil Edition — Foil Edition,artist series john avon traditional foil edition foil edition,secret_lair,36.43,,,,-0.3173,,,,,,,,,,76.25,,43.79,,-0.4729,"[""annRet"", ""artist"", ""compRank"", ""compScore"", ""conf"", ""covStatus"", ""dataConf"", ""dd"", ""drop"", ""family"", ""finish"", ""hist"", ""id"", ""incRet"", ""ipArtist"", ""liq"", ""mom"", ""msrp"", ""name"", ""obs"", ""peak"", ""price"", ""r30"", ""r365"", ""r90"", ""ras"", ""rec"", ""recScore"", ""rel"", ""risk"", ""scarcity"", ""score"", ""super"", ""ub"", ""value"", ""year""]"
secret_lair,SL-2007070E059EDF,,Featuring: Mitsuhiro Arita - Non-Foil Edition — Nonfoil Edition,featuring mitsuhiro arita non foil edition nonfoil edition,secret_lair,35.91,,,,0.0284,,,,,,,,,,76.25,,46.22,,-0.0284,"[""annRet"", ""artist"", ""compRank"", ""compScore"", ""conf"", ""covStatus"", ""dataConf"", ""dd"", ""drop"", ""family"", ""finish"", ""hist"", ""id"", ""incRet"", ""ipArtist"", ""liq"", ""mom"", ""msrp"", ""name"", ""obs"", ""peak"", ""price"", ""r30"", ""r365"", ""r90"", ""ras"", ""rec"", ""recScore"", ""rel"", ""risk"", ""scarcity"", ""score"", ""super"", ""ub"", ""value"", ""year""]"
secret_lair,SL-CC030DBD6E29FE,,The Last of Us Part II - Rainbow Foil Edition — Foil Edition,the last of us part ii rainbow foil edition foil edition,secret_lair,37.53,,,,,,,,,,,,,,69.0,,48.91,,-0.6292,"[""annRet"", ""artist"", ""compRank"", ""compScore"", ""conf"", ""covStatus"", ""dataConf"", ""dd"", ""drop"", ""family"", ""finish"", ""hist"", ""id"", ""incRet"", ""ipArtist"", ""liq"", ""mom"", ""msrp"", ""name"", ""obs"", ""peak"", ""price"", ""r30"", ""r365"", ""r90"", ""ras"", ""rec"", ""recScore"", ""rel"", ""risk"", ""scarcity"", ""score"", ""super"", ""ub"", ""value"", ""year""]"
secret_lair,SL-CA3A146FC06964,06964,"February Superdrop - Non-stop, Non-Foil Bundle — Nonfoil Edition",february superdrop non stop non foil bundle nonfoil edition,secret_lair,530.69,,,,1.2582,,,,,,,,,,71.25,,54.49,,0.0,"[""annRet"", ""artist"", ""compRank"", ""compScore"", ""conf"", ""covStatus"", ""dataConf"", ""dd"", ""drop"", ""family"", ""finish"", ""hist"", ""id"", ""incRet"", ""ipArtist"", ""liq"", ""mom"", ""msrp"", ""name"", ""obs"", ""peak"", ""price"", ""r30"", ""r365"", ""r90"", ""ras"", ""rec"", ""recScore"", ""rel"", ""risk"", ""scarcity"", ""score"", ""super"", ""ub"", ""value"", ""year""]"
secret_lair,SL-537F7A73B4E5D7,,Tomb Raider - Non-Foil Edition — Nonfoil Edition,tomb raider non foil edition nonfoil edition,secret_lair,183.64,,,,0.2846,,,,,,,,,,76.25,,47.61,,-0.0705,"[""annRet"", ""artist"", ""compRank"", ""compScore"", ""conf"", ""covStatus"", ""dataConf"", ""dd"", ""drop"", ""family"", ""finish"", ""hist"", ""id"", ""incRet"", ""ipArtist"", ""liq"", ""mom"", ""msrp"", ""name"", ""obs"", ""peak"", ""price"", ""r30"", ""r365"", ""r90"", ""ras"", ""rec"", ""recScore"", ""rel"", ""risk"", ""scarcity"", ""score"", ""super"", ""ub"", ""value"", ""year""]"
secret_lair,SL-255A0A2F4FEB20,,The Tokyo Lands - Non-Foil Edition — Nonfoil Edition,the tokyo lands non foil edition nonfoil edition,secret_lair,65.26,,,,0.4062,,,,,,,,,,76.25,,47.66,,-0.0816,"[""annRet"", ""artist"", ""compRank"", ""compScore"", ""conf"", ""covStatus"", ""dataConf"", ""dd"", ""drop"", ""family"", ""finish"", ""hist"", ""id"", ""incRet"", ""ipArtist"", ""liq"", ""mom"", ""msrp"", ""name"", ""obs"", ""peak"", ""price"", ""r30"", ""r365"", ""r90"", ""ras"", ""rec"", ""recScore"", ""rel"", ""risk"", ""scarcity"", ""score"", ""super"", ""ub"", ""value"", ""year""]"
secret_lair,SL-4262135C124315,124315,Uncharted - Rainbow Foil Edition — Foil Edition,uncharted rainbow foil edition foil edition,secret_lair,39.53,,,,,,,,,,,,,,69.0,,48.51,,-0.6759,"[""annRet"", ""artist"", ""compRank"", ""compScore"", ""conf"", ""covStatus"", ""dataConf"", ""dd"", ""drop"", ""family"", ""finish"", ""hist"", ""id"", ""incRet"", ""ipArtist"", ""liq"", ""mom"", ""msrp"", ""name"", ""obs"", ""peak"", ""price"", ""r30"", ""r365"", ""r90"", ""ras"", ""rec"", ""recScore"", ""rel"", ""risk"", ""scarcity"", ""score"", ""super"", ""ub"", ""value"", ""year""]"
secret_lair,SL-12C2591B92C35D,,Showcase: Kaldheim - Part 1 - Non-Foil Edition — Nonfoil Edition,showcase kaldheim part 1 non foil edition nonfoil edition,secret_lair,39.81,,,,-0.1974,,,,,,,,,,76.25,,46.17,,-0.3131,"[""annRet"", ""artist"", ""compRank"", ""compScore"", ""conf"", ""covStatus"", ""dataConf"", ""dd"", ""drop"", ""family"", ""finish"", ""hist"", ""id"", ""incRet"", ""ipArtist"", ""liq"", ""mom"", ""msrp"", ""name"", ""obs"", ""peak"", ""price"", ""r30"", ""r365"", ""r90"", ""ras"", ""rec"", ""recScore"", ""rel"", ""risk"", ""scarcity"", ""score"", ""super"", ""ub"", ""value"", ""year""]"
secret_lair,SL-5C5578252D2926,2926,Assassin's Creed: Da Vinci's Designs - Non-Foil Edition — Nonfoil Edition,assassin s creed da vinci s designs non foil edition nonfoil edition,secret_lair,74.89,,,,0.3288,,,,,,,,,,76.25,,50.39,,-0.7504,"[""annRet"", ""artist"", ""compRank"", ""compScore"", ""conf"", ""covStatus"", ""dataConf"", ""dd"", ""drop"", ""family"", ""finish"", ""hist"", ""id"", ""incRet"", ""ipArtist"", ""liq"", ""mom"", ""msrp"", ""name"", ""obs"", ""peak"", ""price"", ""r30"", ""r365"", ""r90"", ""ras"", ""rec"", ""recScore"", ""rel"", ""risk"", ""scarcity"", ""score"", ""super"", ""ub"", ""value"", ""year""]"
secret_lair,SL-0FD5F6D742E1F1,,Avatar: The Last Airbender Superdrop: Avatar State Foil Bundle — Foil Edition,avatar the last airbender superdrop avatar state foil bundle foil edition,secret_lair,313.05,,,,,,,,,,,,,,66.1,,50.74,,0.0,"[""annRet"", ""artist"", ""compRank"", ""compScore"", ""conf"", ""covStatus"", ""dataConf"", ""dd"", ""drop"", ""family"", ""finish"", ""hist"", ""id"", ""incRet"", ""ipArtist"", ""liq"", ""mom"", ""msrp"", ""name"", ""obs"", ""peak"", ""price"", ""r30"", ""r365"", ""r90"", ""ras"", ""rec"", ""recScore"", ""rel"", ""risk"", ""scarcity"", ""score"", ""super"", ""ub"", ""value"", ""year""]"
secret_lair,SL-DDF2764A92D297,,Chaos Vault Commander Reinforcements World Shaper Bundle (Galaxy Foil) — Foil Edition,chaos vault commander reinforcements world shaper bundle galaxy foil foil edition,secret_lair,195.98,,,,,,,,,,,,,,74.84,,44.9,,-0.216,"[""annRet"", ""artist"", ""compRank"", ""compScore"", ""conf"", ""covStatus"", ""dataConf"", ""dd"", ""drop"", ""family"", ""finish"", ""hist"", ""id"", ""incRet"", ""ipArtist"", ""liq"", ""mom"", ""msrp"", ""name"", ""obs"", ""peak"", ""price"", ""r30"", ""r365"", ""r90"", ""ras"", ""rec"", ""recScore"", ""rel"", ""risk"", ""scarcity"", ""score"", ""super"", ""ub"", ""value"", ""year""]"
secret_lair,SL-364F90FA6A1775,1775,Furby: The Gathering - Confetti Foil Edition — Foil Edition,furby the gathering confetti foil edition foil edition,secret_lair,82.16,,,,,,,,,,,,,,69.0,,48.6,,-0.2174,"[""annRet"", ""artist"", ""compRank"", ""compScore"", ""conf"", ""covStatus"", ""dataConf"", ""dd"", ""drop"", ""family"", ""finish"", ""hist"", ""id"", ""incRet"", ""ipArtist"", ""liq"", ""mom"", ""msrp"", ""name"", ""obs"", ""peak"", ""price"", ""r30"", ""r365"", ""r90"", ""ras"", ""rec"", ""recScore"", ""rel"", ""risk"", ""scarcity"", ""score"", ""super"", ""ub"", ""value"", ""year""]"
secret_lair,SL-CD67446B439F75,,Post Malone: Backstage Pass - Non-Foil Edition — Nonfoil Edition,post malone backstage pass non foil edition nonfoil edition,secret_lair,95.45,,,,-0.0008,,,,,,,,,,76.25,,46.43,,-0.0258,"[""annRet"", ""artist"", ""compRank"", ""compScore"", ""conf"", ""covStatus"", ""dataConf"", ""dd"", ""drop"", ""family"", ""finish"", ""hist"", ""id"", ""incRet"", ""ipArtist"", ""liq"", ""mom"", ""msrp"", ""name"", ""obs"", ""peak"", ""price"", ""r30"", ""r365"", ""r90"", ""ras"", ""rec"", ""recScore"", ""rel"", ""risk"", ""scarcity"", ""score"", ""super"", ""ub"", ""value"", ""year""]"
secret_lair,SL-B57576270D7B62,,Summer Superdrop 2025 - Featuring: Imiri Sakabashira (Non-Foil Edition) — Nonfoil Edition,summer superdrop 2025 featuring imiri sakabashira non foil edition nonfoil edition,secret_lair,39.74,,,,-0.2353,,,,,,,,,,76.25,,45.61,,-0.2353,"[""annRet"", ""artist"", ""compRank"", ""compScore"", ""conf"", ""covStatus"", ""dataConf"", ""dd"", ""drop"", ""family"", ""finish"", ""hist"", ""id"", ""incRet"", ""ipArtist"", ""liq"", ""mom"", ""msrp"", ""name"", ""obs"", ""peak"", ""price"", ""r30"", ""r365"", ""r90"", ""ras"", ""rec"", ""recScore"", ""rel"", ""risk"", ""scarcity"", ""score"", ""super"", ""ub"", ""value"", ""year""]"
secret_lair,SL-5FF41CC2D13BA0,,Horizon: Into the Forbidden West - Rainbow Foil Edition — Foil Edition,horizon into the forbidden west rainbow foil edition foil edition,secret_lair,63.45,,,,,,,,,,,,,,69.0,,48.45,,-0.3044,"[""annRet"", ""artist"", ""compRank"", ""compScore"", ""conf"", ""covStatus"", ""dataConf"", ""dd"", ""drop"", ""family"", ""finish"", ""hist"", ""id"", ""incRet"", ""ipArtist"", ""liq"", ""mom"", ""msrp"", ""name"", ""obs"", ""peak"", ""price"", ""r30"", ""r365"", ""r90"", ""ras"", ""rec"", ""recScore"", ""rel"", ""risk"", ""scarcity"", ""score"", ""super"", ""ub"", ""value"", ""year""]"
secret_lair,SL-76EE3574620B68,,Inside an Elevator Superdrop: Brain Dead Bundle - Non-Foil Edition — Nonfoil Edition,inside an elevator superdrop brain dead bundle non foil edition nonfoil edition,secret_lair,362.49,,,,0.8172,,,,,,,,,,71.25,,57.56,,-0.1619,"[""annRet"", ""artist"", ""compRank"", ""compScore"", ""conf"", ""covStatus"", ""dataConf"", ""dd"", ""drop"", ""family"", ""finish"", ""hist"", ""id"", ""incRet"", ""ipArtist"", ""liq"", ""mom"", ""msrp"", ""name"", ""obs"", ""peak"", ""price"", ""r30"", ""r365"", ""r90"", ""ras"", ""rec"", ""recScore"", ""rel"", ""risk"", ""scarcity"", ""score"", ""super"", ""ub"", ""value"", ""year""]"
secret_lair,SL-4D89F0ED51988D,,Astrology Lands (Leo) - Non-Foil Edition — Nonfoil Edition,astrology lands leo non foil edition nonfoil edition,secret_lair,49.99,,,,1.0004,,,,,,,,,,71.25,,55.69,,-0.187,"[""annRet"", ""artist"", ""compRank"", ""compScore"", ""conf"", ""covStatus"", ""dataConf"", ""dd"", ""drop"", ""family"", ""finish"", ""hist"", ""id"", ""incRet"", ""ipArtist"", ""liq"", ""mom"", ""msrp"", ""name"", ""obs"", ""peak"", ""price"", ""r30"", ""r365"", ""r90"", ""ras"", ""rec"", ""recScore"", ""rel"", ""risk"", ""scarcity"", ""score"", ""super"", ""ub"", ""value"", ""year""]"
secret_lair,SL-E84A5B15E6F9C3,,Featuring: Not a Wolf - Non-Foil Edition — Nonfoil Edition,featuring not a wolf non foil edition nonfoil edition,secret_lair,62.94,,,,0.1918,,,,,,,,,,76.25,,48.22,,-0.6297,"[""annRet"", ""artist"", ""compRank"", ""compScore"", ""conf"", ""covStatus"", ""dataConf"", ""dd"", ""drop"", ""family"", ""finish"", ""hist"", ""id"", ""incRet"", ""ipArtist"", ""liq"", ""mom"", ""msrp"", ""name"", ""obs"", ""peak"", ""price"", ""r30"", ""r365"", ""r90"", ""ras"", ""rec"", ""recScore"", ""rel"", ""risk"", ""scarcity"", ""score"", ""super"", ""ub"", ""value"", ""year""]"
secret_lair,SL-7E80920E7FFF0A,,Astrology Lands (Capricorn) - Traditional Foil Edition — Foil Edition,astrology lands capricorn traditional foil edition foil edition,secret_lair,26.99,,,,-0.4302,,,,,,,,,,76.25,,41.26,,-0.5721,"[""annRet"", ""artist"", ""compRank"", ""compScore"", ""conf"", ""covStatus"", ""dataConf"", ""dd"", ""drop"", ""family"", ""finish"", ""hist"", ""id"", ""incRet"", ""ipArtist"", ""liq"", ""mom"", ""msrp"", ""name"", ""obs"", ""peak"", ""price"", ""r30"", ""r365"", ""r90"", ""ras"", ""rec"", ""recScore"", ""rel"", ""risk"", ""scarcity"", ""score"", ""super"", ""ub"", ""value"", ""year""]"
secret_lair,SL-ABB49E64363CCC,,Artist Series: Ryan Alexander Lee - Non-Foil Edition — Nonfoil Edition,artist series ryan alexander lee non foil edition nonfoil edition,secret_lair,26.26,,,,-0.0898,,,,,,,,,,76.25,,46.07,,-0.1031,"[""annRet"", ""artist"", ""compRank"", ""compScore"", ""conf"", ""covStatus"", ""dataConf"", ""dd"", ""drop"", ""family"", ""finish"", ""hist"", ""id"", ""incRet"", ""ipArtist"", ""liq"", ""mom"", ""msrp"", ""name"", ""obs"", ""peak"", ""price"", ""r30"", ""r365"", ""r90"", ""ras"", ""rec"", ""recScore"", ""rel"", ""risk"", ""scarcity"", ""score"", ""super"", ""ub"", ""value"", ""year""]"
secret_lair,SL-934530AEA76C05,,Artist Series: Kieran Yanner - Rainbow Foil Edition — Foil Edition,artist series kieran yanner rainbow foil edition foil edition,secret_lair,149.12,,,,,,,,,,,,,,69.0,,50.94,,-0.4154,"[""annRet"", ""artist"", ""compRank"", ""compScore"", ""conf"", ""covStatus"", ""dataConf"", ""dd"", ""drop"", ""family"", ""finish"", ""hist"", ""id"", ""incRet"", ""ipArtist"", ""liq"", ""mom"", ""msrp"", ""name"", ""obs"", ""peak"", ""price"", ""r30"", ""r365"", ""r90"", ""ras"", ""rec"", ""recScore"", ""rel"", ""risk"", ""scarcity"", ""score"", ""super"", ""ub"", ""value"", ""year""]"
secret_lair,SL-9BC9B71A47DED5,,Dreaming Darkly - Rainbow Foil Edition — Foil Edition,dreaming darkly rainbow foil edition foil edition,secret_lair,41.43,,,,,,,,,,,,,,69.0,,49.1,,-0.8343,"[""annRet"", ""artist"", ""compRank"", ""compScore"", ""conf"", ""covStatus"", ""dataConf"", ""dd"", ""drop"", ""family"", ""finish"", ""hist"", ""id"", ""incRet"", ""ipArtist"", ""liq"", ""mom"", ""msrp"", ""name"", ""obs"", ""peak"", ""price"", ""r30"", ""r365"", ""r90"", ""ras"", ""rec"", ""recScore"", ""rel"", ""risk"", ""scarcity"", ""score"", ""super"", ""ub"", ""value"", ""year""]"
secret_lair,SL-DBB9EAD006DF92,,Special Guest: Kozyndan: The Lands - Non-Foil Edition — Nonfoil Edition,special guest kozyndan the lands non foil edition nonfoil edition,secret_lair,75.37,,,,-0.1531,,,,,,,,,,76.25,,45.45,,-0.1717,"[""annRet"", ""artist"", ""compRank"", ""compScore"", ""conf"", ""covStatus"", ""dataConf"", ""dd"", ""drop"", ""family"", ""finish"", ""hist"", ""id"", ""incRet"", ""ipArtist"", ""liq"", ""mom"", ""msrp"", ""name"", ""obs"", ""peak"", ""price"", ""r30"", ""r365"", ""r90"", ""ras"", ""rec"", ""recScore"", ""rel"", ""risk"", ""scarcity"", ""score"", ""super"", ""ub"", ""value"", ""year""]"
secret_lair,SL-8B23D28B13195B,,FINAL FANTASY: Game Over - JP Non-Foil Edition — Nonfoil Edition,final fantasy game over jp non foil edition nonfoil edition,secret_lair,43.74,,,,-0.2801,,,,,,,,,,76.25,,44.56,,-0.2801,"[""annRet"", ""artist"", ""compRank"", ""compScore"", ""conf"", ""covStatus"", ""dataConf"", ""dd"", ""drop"", ""family"", ""finish"", ""hist"", ""id"", ""incRet"", ""ipArtist"", ""liq"", ""mom"", ""msrp"", ""name"", ""obs"", ""peak"", ""price"", ""r30"", ""r365"", ""r90"", ""ras"", ""rec"", ""recScore"", ""rel"", ""risk"", ""scarcity"", ""score"", ""super"", ""ub"", ""value"", ""year""]"
secret_lair,SL-C94DD14ECC45A6,,Gift Wrapped - Non-Foil Edition — Nonfoil Edition,gift wrapped non foil edition nonfoil edition,secret_lair,41.53,,,,-0.0697,,,,,,,,,,76.25,,45.86,,-0.0697,"[""annRet"", ""artist"", ""compRank"", ""compScore"", ""conf"", ""covStatus"", ""dataConf"", ""dd"", ""drop"", ""family"", ""finish"", ""hist"", ""id"", ""incRet"", ""ipArtist"", ""liq"", ""mom"", ""msrp"", ""name"", ""obs"", ""peak"", ""price"", ""r30"", ""r365"", ""r90"", ""ras"", ""rec"", ""recScore"", ""rel"", ""risk"", ""scarcity"", ""score"", ""super"", ""ub"", ""value"", ""year""]"
secret_lair,SL-A0CEFE66D8D941,,Transformers: Roll Out or Rise Up - Non-Foil Edition — Nonfoil Edition,transformers roll out or rise up non foil edition nonfoil edition,secret_lair,104.0,,,,-0.0761,,,,,,,,,,76.25,,45.2,,-0.0767,"[""annRet"", ""artist"", ""compRank"", ""compScore"", ""conf"", ""covStatus"", ""dataConf"", ""dd"", ""drop"", ""family"", ""finish"", ""hist"", ""id"", ""incRet"", ""ipArtist"", ""liq"", ""mom"", ""msrp"", ""name"", ""obs"", ""peak"", ""price"", ""r30"", ""r365"", ""r90"", ""ras"", ""rec"", ""recScore"", ""rel"", ""risk"", ""scarcity"", ""score"", ""super"", ""ub"", ""value"", ""year""]"
secret_lair,SL-27BCF6F90AE7CD,,Superdrop: Culture Shocks: Bant - Non-Foil Edition — Nonfoil Edition,superdrop culture shocks bant non foil edition nonfoil edition,secret_lair,42.1,,,,-0.0273,,,,,,,,,,76.25,,43.71,,-0.1429,"[""annRet"", ""artist"", ""compRank"", ""compScore"", ""conf"", ""covStatus"", ""dataConf"", ""dd"", ""drop"", ""family"", ""finish"", ""hist"", ""id"", ""incRet"", ""ipArtist"", ""liq"", ""mom"", ""msrp"", ""name"", ""obs"", ""peak"", ""price"", ""r30"", ""r365"", ""r90"", ""ras"", ""rec"", ""recScore"", ""rel"", ""risk"", ""scarcity"", ""score"", ""super"", ""ub"", ""value"", ""year""]"
secret_lair,SL-B959CE689FE1E3,,Li'l'est Walkers - Non-Foil Edition — Nonfoil Edition,li l est walkers non foil edition nonfoil edition,secret_lair,29.51,,,,0.1766,,,,,,,,,,76.25,,49.18,,-0.687,"[""annRet"", ""artist"", ""compRank"", ""compScore"", ""conf"", ""covStatus"", ""dataConf"", ""dd"", ""drop"", ""family"", ""finish"", ""hist"", ""id"", ""incRet"", ""ipArtist"", ""liq"", ""mom"", ""msrp"", ""name"", ""obs"", ""peak"", ""price"", ""r30"", ""r365"", ""r90"", ""ras"", ""rec"", ""recScore"", ""rel"", ""risk"", ""scarcity"", ""score"", ""super"", ""ub"", ""value"", ""year""]"
secret_lair,SL-9B4F84E69F4CCE,,Chaos Vault Alien Auroras (Galaxy Foil) — Foil Edition,chaos vault alien auroras galaxy foil foil edition,secret_lair,59.09,,,,,,,,,,,,,,75.73,,45.88,,-0.7636,"[""annRet"", ""artist"", ""compRank"", ""compScore"", ""conf"", ""covStatus"", ""dataConf"", ""dd"", ""drop"", ""family"", ""finish"", ""hist"", ""id"", ""incRet"", ""ipArtist"", ""liq"", ""mom"", ""msrp"", ""name"", ""obs"", ""peak"", ""price"", ""r30"", ""r365"", ""r90"", ""ras"", ""rec"", ""recScore"", ""rel"", ""risk"", ""scarcity"", ""score"", ""super"", ""ub"", ""value"", ""year""]"
secret_lair,SL-8F42E22C21A812,,Arcane - Non-Foil Edition — Nonfoil Edition,arcane non foil edition nonfoil edition,secret_lair,90.34,,,,-0.1108,,,,,,,,,,76.25,,46.43,,-0.2199,"[""annRet"", ""artist"", ""compRank"", ""compScore"", ""conf"", ""covStatus"", ""dataConf"", ""dd"", ""drop"", ""family"", ""finish"", ""hist"", ""id"", ""incRet"", ""ipArtist"", ""liq"", ""mom"", ""msrp"", ""name"", ""obs"", ""peak"", ""price"", ""r30"", ""r365"", ""r90"", ""ras"", ""rec"", ""recScore"", ""rel"", ""risk"", ""scarcity"", ""score"", ""super"", ""ub"", ""value"", ""year""]"
secret_lair,SL-5870A36D552768,552768,"Keep Partying Hard, Shred Harder Than You Previously Thought Possible - Non-Foil Edition — Nonfoil Edition",keep partying hard shred harder than you previously thought possible non foil edition nonfoil edition,secret_lair,79.19,,,,0.3427,,,,,,,,,,76.25,,45.42,,-0.1101,"[""annRet"", ""artist"", ""compRank"", ""compScore"", ""conf"", ""covStatus"", ""dataConf"", ""dd"", ""drop"", ""family"", ""finish"", ""hist"", ""id"", ""incRet"", ""ipArtist"", ""liq"", ""mom"", ""msrp"", ""name"", ""obs"", ""peak"", ""price"", ""r30"", ""r365"", ""r90"", ""ras"", ""rec"", ""recScore"", ""rel"", ""risk"", ""scarcity"", ""score"", ""super"", ""ub"", ""value"", ""year""]"
secret_lair,SL-CE6909ECF00CA8,,Stranger Things - Non-Foil Edition — Nonfoil Edition,stranger things non foil edition nonfoil edition,secret_lair,140.1,,,,1.0092,,,,,,,,,,76.25,,51.69,,-0.0956,"[""annRet"", ""artist"", ""compRank"", ""compScore"", ""conf"", ""covStatus"", ""dataConf"", ""dd"", ""drop"", ""family"", ""finish"", ""hist"", ""id"", ""incRet"", ""ipArtist"", ""liq"", ""mom"", ""msrp"", ""name"", ""obs"", ""peak"", ""price"", ""r30"", ""r365"", ""r90"", ""ras"", ""rec"", ""recScore"", ""rel"", ""risk"", ""scarcity"", ""score"", ""super"", ""ub"", ""value"", ""year""]"
secret_lair,SL-945C1DB70B69C9,,Secret Lair Extra Life 2021- Non-Foil Edition — Nonfoil Edition,secret lair extra life 2021 non foil edition nonfoil edition,secret_lair,43.44,,,,-0.1954,,,,,,,,,,76.25,,44.45,,-0.2251,"[""annRet"", ""artist"", ""compRank"", ""compScore"", ""conf"", ""covStatus"", ""dataConf"", ""dd"", ""drop"", ""family"", ""finish"", ""hist"", ""id"", ""incRet"", ""ipArtist"", ""liq"", ""mom"", ""msrp"", ""name"", ""obs"", ""peak"", ""price"", ""r30"", ""r365"", ""r90"", ""ras"", ""rec"", ""recScore"", ""rel"", ""risk"", ""scarcity"", ""score"", ""super"", ""ub"", ""value"", ""year""]"
secret_lair,SL-FA7A7EE1991025,1991025,Inside an Elevator Superdrop: Awkward Small Talk Bundle - Non-Foil Edition — Nonfoil Edition,inside an elevator superdrop awkward small talk bundle non foil edition nonfoil edition,secret_lair,474.88,,,,0.5882,,,,,,,,,,71.25,,50.16,,-0.0,"[""annRet"", ""artist"", ""compRank"", ""compScore"", ""conf"", ""covStatus"", ""dataConf"", ""dd"", ""drop"", ""family"", ""finish"", ""hist"", ""id"", ""incRet"", ""ipArtist"", ""liq"", ""mom"", ""msrp"", ""name"", ""obs"", ""peak"", ""price"", ""r30"", ""r365"", ""r90"", ""ras"", ""rec"", ""recScore"", ""rel"", ""risk"", ""scarcity"", ""score"", ""super"", ""ub"", ""value"", ""year""]"
secret_lair,SL-98B49C340237E2,,Teferi's Time Trouble - Non-Foil Edition — Nonfoil Edition,teferi s time trouble non foil edition nonfoil edition,secret_lair,21.75,,,,-0.1068,,,,,,,,,,76.25,,45.73,,-0.5017,"[""annRet"", ""artist"", ""compRank"", ""compScore"", ""conf"", ""covStatus"", ""dataConf"", ""dd"", ""drop"", ""family"", ""finish"", ""hist"", ""id"", ""incRet"", ""ipArtist"", ""liq"", ""mom"", ""msrp"", ""name"", ""obs"", ""peak"", ""price"", ""r30"", ""r365"", ""r90"", ""ras"", ""rec"", ""recScore"", ""rel"", ""risk"", ""scarcity"", ""score"", ""super"", ""ub"", ""value"", ""year""]"
secret_lair,SL-C03E05940DAAFA,,Astrology Lands (Virgo) - Non-Foil Edition — Nonfoil Edition,astrology lands virgo non foil edition nonfoil edition,secret_lair,222.12,,,,0.7087,,,,,,,,,,71.25,,50.41,,0.0,"[""annRet"", ""artist"", ""compRank"", ""compScore"", ""conf"", ""covStatus"", ""dataConf"", ""dd"", ""drop"", ""family"", ""finish"", ""hist"", ""id"", ""incRet"", ""ipArtist"", ""liq"", ""mom"", ""msrp"", ""name"", ""obs"", ""peak"", ""price"", ""r30"", ""r365"", ""r90"", ""ras"", ""rec"", ""recScore"", ""rel"", ""risk"", ""scarcity"", ""score"", ""super"", ""ub"", ""value"", ""year""]"
secret_lair,SL-9BF166AA8657DF,,Winter Superdrop 2025: Trail-Ready Non-Foils Bundle — Nonfoil Edition,winter superdrop 2025 trail ready non foils bundle nonfoil edition,secret_lair,569.88,,,,0.2001,,,,,,,,,,71.25,,48.6,,-0.0,"[""annRet"", ""artist"", ""compRank"", ""compScore"", ""conf"", ""covStatus"", ""dataConf"", ""dd"", ""drop"", ""family"", ""finish"", ""hist"", ""id"", ""incRet"", ""ipArtist"", ""liq"", ""mom"", ""msrp"", ""name"", ""obs"", ""peak"", ""price"", ""r30"", ""r365"", ""r90"", ""ras"", ""rec"", ""recScore"", ""rel"", ""risk"", ""scarcity"", ""score"", ""super"", ""ub"", ""value"", ""year""]"
secret_lair,SL-1E11913E760B30,,Superdrop: Culture Shocks: Naya - Non-Foil Edition — Nonfoil Edition,superdrop culture shocks naya non foil edition nonfoil edition,secret_lair,42.41,,,,-0.0903,,,,,,,,,,76.25,,43.44,,-0.1394,"[""annRet"", ""artist"", ""compRank"", ""compScore"", ""conf"", ""covStatus"", ""dataConf"", ""dd"", ""drop"", ""family"", ""finish"", ""hist"", ""id"", ""incRet"", ""ipArtist"", ""liq"", ""mom"", ""msrp"", ""name"", ""obs"", ""peak"", ""price"", ""r30"", ""r365"", ""r90"", ""ras"", ""rec"", ""recScore"", ""rel"", ""risk"", ""scarcity"", ""score"", ""super"", ""ub"", ""value"", ""year""]"
secret_lair,SL-4B22D43419542B,,Featuring: Andrew Maclean - Non-Foil Edition — Nonfoil Edition,featuring andrew maclean non foil edition nonfoil edition,secret_lair,35.34,,,,0.5419,,,,,,,,,,76.25,,50.79,,-0.8586,"[""annRet"", ""artist"", ""compRank"", ""compScore"", ""conf"", ""covStatus"", ""dataConf"", ""dd"", ""drop"", ""family"", ""finish"", ""hist"", ""id"", ""incRet"", ""ipArtist"", ""liq"", ""mom"", ""msrp"", ""name"", ""obs"", ""peak"", ""price"", ""r30"", ""r365"", ""r90"", ""ras"", ""rec"", ""recScore"", ""rel"", ""risk"", ""scarcity"", ""score"", ""super"", ""ub"", ""value"", ""year""]"
secret_lair,SL-E2540C64CF5262,5262,Superdrop: Culture Shocks: Esper - Non-Foil Edition — Nonfoil Edition,superdrop culture shocks esper non foil edition nonfoil edition,secret_lair,41.85,,,,-0.1054,,,,,,,,,,76.25,,43.34,,-0.1957,"[""annRet"", ""artist"", ""compRank"", ""compScore"", ""conf"", ""covStatus"", ""dataConf"", ""dd"", ""drop"", ""family"", ""finish"", ""hist"", ""id"", ""incRet"", ""ipArtist"", ""liq"", ""mom"", ""msrp"", ""name"", ""obs"", ""peak"", ""price"", ""r30"", ""r365"", ""r90"", ""ras"", ""rec"", ""recScore"", ""rel"", ""risk"", ""scarcity"", ""score"", ""super"", ""ub"", ""value"", ""year""]"
secret_lair,SL-401C61727EE263,,God of War: Greek - Traditional Foil Edition — Foil Edition,god of war greek traditional foil edition foil edition,secret_lair,102.87,,,,,,,,,,,,,,69.0,,47.38,,-0.3352,"[""annRet"", ""artist"", ""compRank"", ""compScore"", ""conf"", ""covStatus"", ""dataConf"", ""dd"", ""drop"", ""family"", ""finish"", ""hist"", ""id"", ""incRet"", ""ipArtist"", ""liq"", ""mom"", ""msrp"", ""name"", ""obs"", ""peak"", ""price"", ""r30"", ""r365"", ""r90"", ""ras"", ""rec"", ""recScore"", ""rel"", ""risk"", ""scarcity"", ""score"", ""super"", ""ub"", ""value"", ""year""]"
secret_lair,SL-31ABCEB49A1123,1123,This One Is For My Non-Foils Bundle — Nonfoil Edition,this one is for my non foils bundle nonfoil edition,secret_lair,664.93,,,,0.1567,,,,,,,,,,71.25,,48.32,,-0.0,"[""annRet"", ""artist"", ""compRank"", ""compScore"", ""conf"", ""covStatus"", ""dataConf"", ""dd"", ""drop"", ""family"", ""finish"", ""hist"", ""id"", ""incRet"", ""ipArtist"", ""liq"", ""mom"", ""msrp"", ""name"", ""obs"", ""peak"", ""price"", ""r30"", ""r365"", ""r90"", ""ras"", ""rec"", ""recScore"", ""rel"", ""risk"", ""scarcity"", ""score"", ""super"", ""ub"", ""value"", ""year""]"
secret_lair,SL-8F5540C2D38BA1,,Showcase: The Lost Caverns of Ixalan - Non-Foil Edition — Nonfoil Edition,showcase the lost caverns of ixalan non foil edition nonfoil edition,secret_lair,42.38,,,,-0.0985,,,,,,,,,,76.25,,45.4,,-0.1068,"[""annRet"", ""artist"", ""compRank"", ""compScore"", ""conf"", ""covStatus"", ""dataConf"", ""dd"", ""drop"", ""family"", ""finish"", ""hist"", ""id"", ""incRet"", ""ipArtist"", ""liq"", ""mom"", ""msrp"", ""name"", ""obs"", ""peak"", ""price"", ""r30"", ""r365"", ""r90"", ""ras"", ""rec"", ""recScore"", ""rel"", ""risk"", ""scarcity"", ""score"", ""super"", ""ub"", ""value"", ""year""]"
secret_lair,SL-87A9F998D7BC8B,,Superdrop: Culture Shocks: Jund - Non-Foil Edition — Nonfoil Edition,superdrop culture shocks jund non foil edition nonfoil edition,secret_lair,43.61,,,,-0.1309,,,,,,,,,,76.25,,43.02,,-0.175,"[""annRet"", ""artist"", ""compRank"", ""compScore"", ""conf"", ""covStatus"", ""dataConf"", ""dd"", ""drop"", ""family"", ""finish"", ""hist"", ""id"", ""incRet"", ""ipArtist"", ""liq"", ""mom"", ""msrp"", ""name"", ""obs"", ""peak"", ""price"", ""r30"", ""r365"", ""r90"", ""ras"", ""rec"", ""recScore"", ""rel"", ""risk"", ""scarcity"", ""score"", ""super"", ""ub"", ""value"", ""year""]"
secret_lair,SL-7CCCC779832E62,,Avatar: The Last Airbender: Everything Changed - Rainbow Foil Edition — Foil Edition,avatar the last airbender everything changed rainbow foil edition foil edition,secret_lair,49.63,,,,,,,,,,,,,,66.1,,47.16,,-0.003,"[""annRet"", ""artist"", ""compRank"", ""compScore"", ""conf"", ""covStatus"", ""dataConf"", ""dd"", ""drop"", ""family"", ""finish"", ""hist"", ""id"", ""incRet"", ""ipArtist"", ""liq"", ""mom"", ""msrp"", ""name"", ""obs"", ""peak"", ""price"", ""r30"", ""r365"", ""r90"", ""ras"", ""rec"", ""recScore"", ""rel"", ""risk"", ""scarcity"", ""score"", ""super"", ""ub"", ""value"", ""year""]"
secret_lair,SL-3EEFF77D627261,627261,Showcase: Bloomburrow - Non-Foil Edition — Nonfoil Edition,showcase bloomburrow non foil edition nonfoil edition,secret_lair,52.89,,,,0.1681,,,,,,,,,,76.25,,48.7,,-0.7216,"[""annRet"", ""artist"", ""compRank"", ""compScore"", ""conf"", ""covStatus"", ""dataConf"", ""dd"", ""drop"", ""family"", ""finish"", ""hist"", ""id"", ""incRet"", ""ipArtist"", ""liq"", ""mom"", ""msrp"", ""name"", ""obs"", ""peak"", ""price"", ""r30"", ""r365"", ""r90"", ""ras"", ""rec"", ""recScore"", ""rel"", ""risk"", ""scarcity"", ""score"", ""super"", ""ub"", ""value"", ""year""]"
secret_lair,SL-B11309A971433D,,Brain Dead: Creatures - Non-Foil Edition — Nonfoil Edition,brain dead creatures non foil edition nonfoil edition,secret_lair,46.22,,,,0.0181,,,,,,,,,,76.25,,48.18,,-0.8151,"[""annRet"", ""artist"", ""compRank"", ""compScore"", ""conf"", ""covStatus"", ""dataConf"", ""dd"", ""drop"", ""family"", ""finish"", ""hist"", ""id"", ""incRet"", ""ipArtist"", ""liq"", ""mom"", ""msrp"", ""name"", ""obs"", ""peak"", ""price"", ""r30"", ""r365"", ""r90"", ""ras"", ""rec"", ""recScore"", ""rel"", ""risk"", ""scarcity"", ""score"", ""super"", ""ub"", ""value"", ""year""]"
secret_lair,SL-C1564B1CC85C5F,,Artist Series: Kev Walker - Non-Foil Edition — Nonfoil Edition,artist series kev walker non foil edition nonfoil edition,secret_lair,42.39,,,,-0.0829,,,,,,,,,,76.25,,44.29,,-0.0829,"[""annRet"", ""artist"", ""compRank"", ""compScore"", ""conf"", ""covStatus"", ""dataConf"", ""dd"", ""drop"", ""family"", ""finish"", ""hist"", ""id"", ""incRet"", ""ipArtist"", ""liq"", ""mom"", ""msrp"", ""name"", ""obs"", ""peak"", ""price"", ""r30"", ""r365"", ""r90"", ""ras"", ""rec"", ""recScore"", ""rel"", ""risk"", ""scarcity"", ""score"", ""super"", ""ub"", ""value"", ""year""]"
secret_lair,SL-8AF1D3A4344B55,,Furby: The Oddbodies - Non-Foil Edition — Nonfoil Edition,furby the oddbodies non foil edition nonfoil edition,secret_lair,75.42,,,,,,,,,,,,,,69.0,,51.88,,0.0,"[""annRet"", ""artist"", ""compRank"", ""compScore"", ""conf"", ""covStatus"", ""dataConf"", ""dd"", ""drop"", ""family"", ""finish"", ""hist"", ""id"", ""incRet"", ""ipArtist"", ""liq"", ""mom"", ""msrp"", ""name"", ""obs"", ""peak"", ""price"", ""r30"", ""r365"", ""r90"", ""ras"", ""rec"", ""recScore"", ""rel"", ""risk"", ""scarcity"", ""score"", ""super"", ""ub"", ""value"", ""year""]"
secret_lair,SL-3EF9855B3720AF,,Astrology Lands (Scorpio) - Non-Foil Edition — Nonfoil Edition,astrology lands scorpio non foil edition nonfoil edition,secret_lair,89.69,,,,0.1143,,,,,,,,,,71.25,,46.35,,0.0,"[""annRet"", ""artist"", ""compRank"", ""compScore"", ""conf"", ""covStatus"", ""dataConf"", ""dd"", ""drop"", ""family"", ""finish"", ""hist"", ""id"", ""incRet"", ""ipArtist"", ""liq"", ""mom"", ""msrp"", ""name"", ""obs"", ""peak"", ""price"", ""r30"", ""r365"", ""r90"", ""ras"", ""rec"", ""recScore"", ""rel"", ""risk"", ""scarcity"", ""score"", ""super"", ""ub"", ""value"", ""year""]"
secret_lair,SL-DF5563A6AB6A1B,,The Strange Sands: Forest - Non-Foil Edition — Nonfoil Edition,the strange sands forest non foil edition nonfoil edition,secret_lair,41.63,,,,-0.1497,,,,,,,,,,76.25,,46.95,,-0.5102,"[""annRet"", ""artist"", ""compRank"", ""compScore"", ""conf"", ""covStatus"", ""dataConf"", ""dd"", ""drop"", ""family"", ""finish"", ""hist"", ""id"", ""incRet"", ""ipArtist"", ""liq"", ""mom"", ""msrp"", ""name"", ""obs"", ""peak"", ""price"", ""r30"", ""r365"", ""r90"", ""ras"", ""rec"", ""recScore"", ""rel"", ""risk"", ""scarcity"", ""score"", ""super"", ""ub"", ""value"", ""year""]"
secret_lair,SL-CA134058712347,134058712347,Winter Superdrop 2025: Trailblazing Bundle - Non-Foil Edition — Nonfoil Edition,winter superdrop 2025 trailblazing bundle non foil edition nonfoil edition,secret_lair,189.88,,,,0.0853,,,,,,,,,,71.25,,46.84,,-0.0001,"[""annRet"", ""artist"", ""compRank"", ""compScore"", ""conf"", ""covStatus"", ""dataConf"", ""dd"", ""drop"", ""family"", ""finish"", ""hist"", ""id"", ""incRet"", ""ipArtist"", ""liq"", ""mom"", ""msrp"", ""name"", ""obs"", ""peak"", ""price"", ""r30"", ""r365"", ""r90"", ""ras"", ""rec"", ""recScore"", ""rel"", ""risk"", ""scarcity"", ""score"", ""super"", ""ub"", ""value"", ""year""]"
secret_lair,SL-40B6F9DD3A4665,4665,God of War: Norse - Traditional Foil Edition — Foil Edition,god of war norse traditional foil edition foil edition,secret_lair,55.53,,,,,,,,,,,,,,69.0,,46.94,,-0.3705,"[""annRet"", ""artist"", ""compRank"", ""compScore"", ""conf"", ""covStatus"", ""dataConf"", ""dd"", ""drop"", ""family"", ""finish"", ""hist"", ""id"", ""incRet"", ""ipArtist"", ""liq"", ""mom"", ""msrp"", ""name"", ""obs"", ""peak"", ""price"", ""r30"", ""r365"", ""r90"", ""ras"", ""rec"", ""recScore"", ""rel"", ""risk"", ""scarcity"", ""score"", ""super"", ""ub"", ""value"", ""year""]"
secret_lair,SL-5E88158210994E,,Avatar: The Last Airbender: A Lot To Learn - Rainbow Foil Edition — Foil Edition,avatar the last airbender a lot to learn rainbow foil edition foil edition,secret_lair,42.62,,,,,,,,,,,,,,66.1,,47.83,,-0.2962,"[""annRet"", ""artist"", ""compRank"", ""compScore"", ""conf"", ""covStatus"", ""dataConf"", ""dd"", ""drop"", ""family"", ""finish"", ""hist"", ""id"", ""incRet"", ""ipArtist"", ""liq"", ""mom"", ""msrp"", ""name"", ""obs"", ""peak"", ""price"", ""r30"", ""r365"", ""r90"", ""ras"", ""rec"", ""recScore"", ""rel"", ""risk"", ""scarcity"", ""score"", ""super"", ""ub"", ""value"", ""year""]"
secret_lair,SL-F0F3F16536C281,,Avatar: The Last Airbender: One with the Elements - Rainbow Foil Edition — Foil Edition,avatar the last airbender one with the elements rainbow foil edition foil edition,secret_lair,40.84,,,,,,,,,,,,,,66.1,,46.26,,-0.2457,"[""annRet"", ""artist"", ""compRank"", ""compScore"", ""conf"", ""covStatus"", ""dataConf"", ""dd"", ""drop"", ""family"", ""finish"", ""hist"", ""id"", ""incRet"", ""ipArtist"", ""liq"", ""mom"", ""msrp"", ""name"", ""obs"", ""peak"", ""price"", ""r30"", ""r365"", ""r90"", ""ras"", ""rec"", ""recScore"", ""rel"", ""risk"", ""scarcity"", ""score"", ""super"", ""ub"", ""value"", ""year""]"
secret_lair,SL-622D7365B067D1,,Sonic the Hedgehog Superdrop: Chasing Adventure — Nonfoil Edition,sonic the hedgehog superdrop chasing adventure nonfoil edition,secret_lair,46.53,,,,,,,,,,,,,,75.73,,46.06,,-0.3135,"[""annRet"", ""artist"", ""compRank"", ""compScore"", ""conf"", ""covStatus"", ""dataConf"", ""dd"", ""drop"", ""family"", ""finish"", ""hist"", ""id"", ""incRet"", ""ipArtist"", ""liq"", ""mom"", ""msrp"", ""name"", ""obs"", ""peak"", ""price"", ""r30"", ""r365"", ""r90"", ""ras"", ""rec"", ""recScore"", ""rel"", ""risk"", ""scarcity"", ""score"", ""super"", ""ub"", ""value"", ""year""]"
secret_lair,SL-E558347311E1F4,,Marvel's Spider-Man: Heroic Deeds - Non-Foil Edition — Nonfoil Edition,marvel s spider man heroic deeds non foil edition nonfoil edition,secret_lair,40.45,,,,,,,,,,,,,,71.94,,46.4,,-0.2643,"[""annRet"", ""artist"", ""compRank"", ""compScore"", ""conf"", ""covStatus"", ""dataConf"", ""dd"", ""drop"", ""family"", ""finish"", ""hist"", ""id"", ""incRet"", ""ipArtist"", ""liq"", ""mom"", ""msrp"", ""name"", ""obs"", ""peak"", ""price"", ""r30"", ""r365"", ""r90"", ""ras"", ""rec"", ""recScore"", ""rel"", ""risk"", ""scarcity"", ""score"", ""super"", ""ub"", ""value"", ""year""]"
secret_lair,SL-09F80672292CE8,,Assassin's Creed: Lethal Legends - Non-Foil Edition — Nonfoil Edition,assassin s creed lethal legends non foil edition nonfoil edition,secret_lair,69.35,,,,0.0146,,,,,,,,,,76.25,,46.75,,-0.7688,"[""annRet"", ""artist"", ""compRank"", ""compScore"", ""conf"", ""covStatus"", ""dataConf"", ""dd"", ""drop"", ""family"", ""finish"", ""hist"", ""id"", ""incRet"", ""ipArtist"", ""liq"", ""mom"", ""msrp"", ""name"", ""obs"", ""peak"", ""price"", ""r30"", ""r365"", ""r90"", ""ras"", ""rec"", ""recScore"", ""rel"", ""risk"", ""scarcity"", ""score"", ""super"", ""ub"", ""value"", ""year""]"
secret_lair,SL-5623C86036522B,,Summer Superdrop 2025 - The Artist Spotlight Bundle (Non-Foil Edition) — Nonfoil Edition,summer superdrop 2025 the artist spotlight bundle non foil edition nonfoil edition,secret_lair,179.99,,,,0.0589,,,,,,,,,,71.25,,46.24,,0.0,"[""annRet"", ""artist"", ""compRank"", ""compScore"", ""conf"", ""covStatus"", ""dataConf"", ""dd"", ""drop"", ""family"", ""finish"", ""hist"", ""id"", ""incRet"", ""ipArtist"", ""liq"", ""mom"", ""msrp"", ""name"", ""obs"", ""peak"", ""price"", ""r30"", ""r365"", ""r90"", ""ras"", ""rec"", ""recScore"", ""rel"", ""risk"", ""scarcity"", ""score"", ""super"", ""ub"", ""value"", ""year""]"
secret_lair,SL-256B2682940475,2682940475,Playstation Superdrop: Foil Trophy Bundle — Foil Edition,playstation superdrop foil trophy bundle foil edition,secret_lair,419.0,,,,,,,,,,,,,,66.1,,48.37,,-0.018,"[""annRet"", ""artist"", ""compRank"", ""compScore"", ""conf"", ""covStatus"", ""dataConf"", ""dd"", ""drop"", ""family"", ""finish"", ""hist"", ""id"", ""incRet"", ""ipArtist"", ""liq"", ""mom"", ""msrp"", ""name"", ""obs"", ""peak"", ""price"", ""r30"", ""r365"", ""r90"", ""ras"", ""rec"", ""recScore"", ""rel"", ""risk"", ""scarcity"", ""score"", ""super"", ""ub"", ""value"", ""year""]"
secret_lair,SL-8FC5EC5CE5CF31,,Camp Totally Safe Superdrop: The Cabin with Non-Foils Bundle — Nonfoil Edition,camp totally safe superdrop the cabin with non foils bundle nonfoil edition,secret_lair,396.98,,,,0.3277,,,,,,,,,,71.25,,48.5,,-0.1535,"[""annRet"", ""artist"", ""compRank"", ""compScore"", ""conf"", ""covStatus"", ""dataConf"", ""dd"", ""drop"", ""family"", ""finish"", ""hist"", ""id"", ""incRet"", ""ipArtist"", ""liq"", ""mom"", ""msrp"", ""name"", ""obs"", ""peak"", ""price"", ""r30"", ""r365"", ""r90"", ""ras"", ""rec"", ""recScore"", ""rel"", ""risk"", ""scarcity"", ""score"", ""super"", ""ub"", ""value"", ""year""]"
secret_lair,SL-9EA2580F2EEDC6,,Summer Superdrop 2024: Virtuoso Bundle - Non-Foil Edition — Nonfoil Edition,summer superdrop 2024 virtuoso bundle non foil edition nonfoil edition,secret_lair,379.92,,,,1.1231,,,,,,,,,,69.21,,52.94,,-0.0501,"[""annRet"", ""artist"", ""compRank"", ""compScore"", ""conf"", ""covStatus"", ""dataConf"", ""dd"", ""drop"", ""family"", ""finish"", ""hist"", ""id"", ""incRet"", ""ipArtist"", ""liq"", ""mom"", ""msrp"", ""name"", ""obs"", ""peak"", ""price"", ""r30"", ""r365"", ""r90"", ""ras"", ""rec"", ""recScore"", ""rel"", ""risk"", ""scarcity"", ""score"", ""super"", ""ub"", ""value"", ""year""]"
secret_lair,SL-E5456245AFC3A3,,Hatsune Miku: Sakura Superstar JP - Non-Foil Edition — Nonfoil Edition,hatsune miku sakura superstar jp non foil edition nonfoil edition,secret_lair,40.27,,,,0.0679,,,,,,,,,,76.25,,46.8,,-0.745,"[""annRet"", ""artist"", ""compRank"", ""compScore"", ""conf"", ""covStatus"", ""dataConf"", ""dd"", ""drop"", ""family"", ""finish"", ""hist"", ""id"", ""incRet"", ""ipArtist"", ""liq"", ""mom"", ""msrp"", ""name"", ""obs"", ""peak"", ""price"", ""r30"", ""r365"", ""r90"", ""ras"", ""rec"", ""recScore"", ""rel"", ""risk"", ""scarcity"", ""score"", ""super"", ""ub"", ""value"", ""year""]"
secret_lair,SL-9704D4ABAC066A,,"The Meaning of Life, Maybe - Non-Foil Edition — Nonfoil Edition",the meaning of life maybe non foil edition nonfoil edition,secret_lair,109.45,,,,0.0837,,,,,,,,,,71.25,,48.76,,0.0,"[""annRet"", ""artist"", ""compRank"", ""compScore"", ""conf"", ""covStatus"", ""dataConf"", ""dd"", ""drop"", ""family"", ""finish"", ""hist"", ""id"", ""incRet"", ""ipArtist"", ""liq"", ""mom"", ""msrp"", ""name"", ""obs"", ""peak"", ""price"", ""r30"", ""r365"", ""r90"", ""ras"", ""rec"", ""recScore"", ""rel"", ""risk"", ""scarcity"", ""score"", ""super"", ""ub"", ""value"", ""year""]"
secret_lair,SL-284D5484C99F48,,Winter Superdrop 2025: Campfire Merriment Bundle - Non-Foil Edition — Nonfoil Edition,winter superdrop 2025 campfire merriment bundle non foil edition nonfoil edition,secret_lair,284.88,,,,0.0557,,,,,,,,,,71.25,,46.16,,-0.0001,"[""annRet"", ""artist"", ""compRank"", ""compScore"", ""conf"", ""covStatus"", ""dataConf"", ""dd"", ""drop"", ""family"", ""finish"", ""hist"", ""id"", ""incRet"", ""ipArtist"", ""liq"", ""mom"", ""msrp"", ""name"", ""obs"", ""peak"", ""price"", ""r30"", ""r365"", ""r90"", ""ras"", ""rec"", ""recScore"", ""rel"", ""risk"", ""scarcity"", ""score"", ""super"", ""ub"", ""value"", ""year""]"
secret_lair,SL-CA17EB83C29B15,,vroooOOOMMMMMM! - Raised Foil Playset Bundle — Foil Edition,vroooooommmmmm raised foil playset bundle foil edition,secret_lair,489.99,,,,0.0,,,,,,,,,,71.25,,44.14,,-0.2676,"[""annRet"", ""artist"", ""compRank"", ""compScore"", ""conf"", ""covStatus"", ""dataConf"", ""dd"", ""drop"", ""family"", ""finish"", ""hist"", ""id"", ""incRet"", ""ipArtist"", ""liq"", ""mom"", ""msrp"", ""name"", ""obs"", ""peak"", ""price"", ""r30"", ""r365"", ""r90"", ""ras"", ""rec"", ""recScore"", ""rel"", ""risk"", ""scarcity"", ""score"", ""super"", ""ub"", ""value"", ""year""]"
secret_lair,SL-F87B4FFB3CCD49,,Marvel's Spider-Man: Venom Unleashed (Inks) - Non-Foil Edition — Nonfoil Edition,marvel s spider man venom unleashed inks non foil edition nonfoil edition,secret_lair,33.28,,,,,,,,,,,,,,71.94,,46.89,,-0.6597,"[""annRet"", ""artist"", ""compRank"", ""compScore"", ""conf"", ""covStatus"", ""dataConf"", ""dd"", ""drop"", ""family"", ""finish"", ""hist"", ""id"", ""incRet"", ""ipArtist"", ""liq"", ""mom"", ""msrp"", ""name"", ""obs"", ""peak"", ""price"", ""r30"", ""r365"", ""r90"", ""ras"", ""rec"", ""recScore"", ""rel"", ""risk"", ""scarcity"", ""score"", ""super"", ""ub"", ""value"", ""year""]"
secret_lair,SL-9EEE08FA6CD557,,Chaos Vault Featuring: Deathburger (Galaxy Foil) — Foil Edition,chaos vault featuring deathburger galaxy foil foil edition,secret_lair,42.09,,,,,,,,,,,,,,74.84,,42.96,,-0.3324,"[""annRet"", ""artist"", ""compRank"", ""compScore"", ""conf"", ""covStatus"", ""dataConf"", ""dd"", ""drop"", ""family"", ""finish"", ""hist"", ""id"", ""incRet"", ""ipArtist"", ""liq"", ""mom"", ""msrp"", ""name"", ""obs"", ""peak"", ""price"", ""r30"", ""r365"", ""r90"", ""ras"", ""rec"", ""recScore"", ""rel"", ""risk"", ""scarcity"", ""score"", ""super"", ""ub"", ""value"", ""year""]"
secret_lair,SL-C3A8669A77CF0F,,Brain Dead: Staples - Non-Foil Edition — Nonfoil Edition,brain dead staples non foil edition nonfoil edition,secret_lair,47.69,,,,0.0309,,,,,,,,,,76.25,,47.15,,-0.8092,"[""annRet"", ""artist"", ""compRank"", ""compScore"", ""conf"", ""covStatus"", ""dataConf"", ""dd"", ""drop"", ""family"", ""finish"", ""hist"", ""id"", ""incRet"", ""ipArtist"", ""liq"", ""mom"", ""msrp"", ""name"", ""obs"", ""peak"", ""price"", ""r30"", ""r365"", ""r90"", ""ras"", ""rec"", ""recScore"", ""rel"", ""risk"", ""scarcity"", ""score"", ""super"", ""ub"", ""value"", ""year""]"
secret_lair,SL-E7BDE12BA780C5,,"Bugs, Bands & Blockbusters Bundle - Non-Foil Edition — Nonfoil Edition",bugs bands and blockbusters bundle non foil edition nonfoil edition,secret_lair,339.97,,,,0.0304,,,,,,,,,,71.25,,46.07,,-0.0286,"[""annRet"", ""artist"", ""compRank"", ""compScore"", ""conf"", ""covStatus"", ""dataConf"", ""dd"", ""drop"", ""family"", ""finish"", ""hist"", ""id"", ""incRet"", ""ipArtist"", ""liq"", ""mom"", ""msrp"", ""name"", ""obs"", ""peak"", ""price"", ""r30"", ""r365"", ""r90"", ""ras"", ""rec"", ""recScore"", ""rel"", ""risk"", ""scarcity"", ""score"", ""super"", ""ub"", ""value"", ""year""]"
secret_lair,SL-0C4B6E83C3E214,,Avatar: The Last Airbender: The Ember Island Players - Rainbow Foil Edition — Foil Edition,avatar the last airbender the ember island players rainbow foil edition foil edition,secret_lair,40.04,,,,,,,,,,,,,,66.1,,47.43,,-0.4454,"[""annRet"", ""artist"", ""compRank"", ""compScore"", ""conf"", ""covStatus"", ""dataConf"", ""dd"", ""drop"", ""family"", ""finish"", ""hist"", ""id"", ""incRet"", ""ipArtist"", ""liq"", ""mom"", ""msrp"", ""name"", ""obs"", ""peak"", ""price"", ""r30"", ""r365"", ""r90"", ""ras"", ""rec"", ""recScore"", ""rel"", ""risk"", ""scarcity"", ""score"", ""super"", ""ub"", ""value"", ""year""]"
secret_lair,SL-26CE439D88A06A,,Non-Foil Nightmare Bundle — Nonfoil Edition,non foil nightmare bundle nonfoil edition,secret_lair,324.99,,,,0.125,,,,,,,,,,71.25,,46.0,,0.0,"[""annRet"", ""artist"", ""compRank"", ""compScore"", ""conf"", ""covStatus"", ""dataConf"", ""dd"", ""drop"", ""family"", ""finish"", ""hist"", ""id"", ""incRet"", ""ipArtist"", ""liq"", ""mom"", ""msrp"", ""name"", ""obs"", ""peak"", ""price"", ""r30"", ""r365"", ""r90"", ""ras"", ""rec"", ""recScore"", ""rel"", ""risk"", ""scarcity"", ""score"", ""super"", ""ub"", ""value"", ""year""]"
secret_lair,SL-122DA15C9E14A2,,Artist Series: Aleksi Briclot - Non-Foil Edition — Nonfoil Edition,artist series aleksi briclot non foil edition nonfoil edition,secret_lair,106.97,,,,-0.1143,,,,,,,,,,76.25,,45.53,,-0.1768,"[""annRet"", ""artist"", ""compRank"", ""compScore"", ""conf"", ""covStatus"", ""dataConf"", ""dd"", ""drop"", ""family"", ""finish"", ""hist"", ""id"", ""incRet"", ""ipArtist"", ""liq"", ""mom"", ""msrp"", ""name"", ""obs"", ""peak"", ""price"", ""r30"", ""r365"", ""r90"", ""ras"", ""rec"", ""recScore"", ""rel"", ""risk"", ""scarcity"", ""score"", ""super"", ""ub"", ""value"", ""year""]"
secret_lair,SL-3A8C34AA302232,302232,Jaws: Terror of Amity Island - Non-Foil Edition — Nonfoil Edition,jaws terror of amity island non foil edition nonfoil edition,secret_lair,236.02,,,,,,,,,,,,,,69.0,,50.71,,0.0,"[""annRet"", ""artist"", ""compRank"", ""compScore"", ""conf"", ""covStatus"", ""dataConf"", ""dd"", ""drop"", ""family"", ""finish"", ""hist"", ""id"", ""incRet"", ""ipArtist"", ""liq"", ""mom"", ""msrp"", ""name"", ""obs"", ""peak"", ""price"", ""r30"", ""r365"", ""r90"", ""ras"", ""rec"", ""recScore"", ""rel"", ""risk"", ""scarcity"", ""score"", ""super"", ""ub"", ""value"", ""year""]"
secret_lair,SL-769EDCF494E5DB,,Astrology Lands (Gemini) - Traditional Foil Edition — Foil Edition,astrology lands gemini traditional foil edition foil edition,secret_lair,71.94,,,,-0.313,,,,,,,,,,71.25,,46.01,,-0.3396,"[""annRet"", ""artist"", ""compRank"", ""compScore"", ""conf"", ""covStatus"", ""dataConf"", ""dd"", ""drop"", ""family"", ""finish"", ""hist"", ""id"", ""incRet"", ""ipArtist"", ""liq"", ""mom"", ""msrp"", ""name"", ""obs"", ""peak"", ""price"", ""r30"", ""r365"", ""r90"", ""ras"", ""rec"", ""recScore"", ""rel"", ""risk"", ""scarcity"", ""score"", ""super"", ""ub"", ""value"", ""year""]"
secret_lair,SL-4AFB9096DD6221,6221,Astrology Lands (Aries) - Non-Foil Edition — Nonfoil Edition,astrology lands aries non foil edition nonfoil edition,secret_lair,53.55,,,,-0.251,,,,,,,,,,76.25,,42.8,,-0.2764,"[""annRet"", ""artist"", ""compRank"", ""compScore"", ""conf"", ""covStatus"", ""dataConf"", ""dd"", ""drop"", ""family"", ""finish"", ""hist"", ""id"", ""incRet"", ""ipArtist"", ""liq"", ""mom"", ""msrp"", ""name"", ""obs"", ""peak"", ""price"", ""r30"", ""r365"", ""r90"", ""ras"", ""rec"", ""recScore"", ""rel"", ""risk"", ""scarcity"", ""score"", ""super"", ""ub"", ""value"", ""year""]"
secret_lair,SL-D1A162914F5B85,,Astrology Lands (Pisces) - Non-Foil Edition — Nonfoil Edition,astrology lands pisces non foil edition nonfoil edition,secret_lair,24.5,,,,-0.1549,,,,,,,,,,76.25,,40.2,,-0.2899,"[""annRet"", ""artist"", ""compRank"", ""compScore"", ""conf"", ""covStatus"", ""dataConf"", ""dd"", ""drop"", ""family"", ""finish"", ""hist"", ""id"", ""incRet"", ""ipArtist"", ""liq"", ""mom"", ""msrp"", ""name"", ""obs"", ""peak"", ""price"", ""r30"", ""r365"", ""r90"", ""ras"", ""rec"", ""recScore"", ""rel"", ""risk"", ""scarcity"", ""score"", ""super"", ""ub"", ""value"", ""year""]"
secret_lair,SL-BD0B168FBB02B6,,The Strange Sands: Swamp - Non-Foil Edition — Nonfoil Edition,the strange sands swamp non foil edition nonfoil edition,secret_lair,51.36,,,,-0.2096,,,,,,,,,,76.25,,46.22,,-0.3957,"[""annRet"", ""artist"", ""compRank"", ""compScore"", ""conf"", ""covStatus"", ""dataConf"", ""dd"", ""drop"", ""family"", ""finish"", ""hist"", ""id"", ""incRet"", ""ipArtist"", ""liq"", ""mom"", ""msrp"", ""name"", ""obs"", ""peak"", ""price"", ""r30"", ""r365"", ""r90"", ""ras"", ""rec"", ""recScore"", ""rel"", ""risk"", ""scarcity"", ""score"", ""super"", ""ub"", ""value"", ""year""]"
secret_lair,SL-774E94D5987351,5987351,Trick or Treat - Non-Foil Edition — Nonfoil Edition,trick or treat non foil edition nonfoil edition,secret_lair,36.6,,,,,,,,,,,,,,69.0,,47.44,,0.0,"[""annRet"", ""artist"", ""compRank"", ""compScore"", ""conf"", ""covStatus"", ""dataConf"", ""dd"", ""drop"", ""family"", ""finish"", ""hist"", ""id"", ""incRet"", ""ipArtist"", ""liq"", ""mom"", ""msrp"", ""name"", ""obs"", ""peak"", ""price"", ""r30"", ""r365"", ""r90"", ""ras"", ""rec"", ""recScore"", ""rel"", ""risk"", ""scarcity"", ""score"", ""super"", ""ub"", ""value"", ""year""]"
secret_lair,SL-960978B749E8BC,,"June Superdrop - Non-stop, Non-Foil Bundle — Nonfoil Edition",june superdrop non stop non foil bundle nonfoil edition,secret_lair,450.0,,,,0.0,,,,,,,,,,71.25,,45.06,,0.0,"[""annRet"", ""artist"", ""compRank"", ""compScore"", ""conf"", ""covStatus"", ""dataConf"", ""dd"", ""drop"", ""family"", ""finish"", ""hist"", ""id"", ""incRet"", ""ipArtist"", ""liq"", ""mom"", ""msrp"", ""name"", ""obs"", ""peak"", ""price"", ""r30"", ""r365"", ""r90"", ""ras"", ""rec"", ""recScore"", ""rel"", ""risk"", ""scarcity"", ""score"", ""super"", ""ub"", ""value"", ""year""]"
secret_lair,SL-4A13D668591161,668591161,Astrology Lands (Libra) - Non-Foil Edition — Nonfoil Edition,astrology lands libra non foil edition nonfoil edition,secret_lair,89.69,,,,0.196,,,,,,,,,,71.25,,46.53,,-0.31,"[""annRet"", ""artist"", ""compRank"", ""compScore"", ""conf"", ""covStatus"", ""dataConf"", ""dd"", ""drop"", ""family"", ""finish"", ""hist"", ""id"", ""incRet"", ""ipArtist"", ""liq"", ""mom"", ""msrp"", ""name"", ""obs"", ""peak"", ""price"", ""r30"", ""r365"", ""r90"", ""ras"", ""rec"", ""recScore"", ""rel"", ""risk"", ""scarcity"", ""score"", ""super"", ""ub"", ""value"", ""year""]"
secret_lair,SL-60B5B69D0C5853,5853,Inside an Elevator Superdrop: Take Me to the Floor with Non-Foils Bundle — Nonfoil Edition,inside an elevator superdrop take me to the floor with non foils bundle nonfoil edition,secret_lair,499.97,,,,0.1114,,,,,,,,,,71.25,,45.89,,-0.0826,"[""annRet"", ""artist"", ""compRank"", ""compScore"", ""conf"", ""covStatus"", ""dataConf"", ""dd"", ""drop"", ""family"", ""finish"", ""hist"", ""id"", ""incRet"", ""ipArtist"", ""liq"", ""mom"", ""msrp"", ""name"", ""obs"", ""peak"", ""price"", ""r30"", ""r365"", ""r90"", ""ras"", ""rec"", ""recScore"", ""rel"", ""risk"", ""scarcity"", ""score"", ""super"", ""ub"", ""value"", ""year""]"
secret_lair,SL-E05E06D6578028,6578028,Marvel's Spider-Man: Villainous Plots - Non-Foil Edition — Nonfoil Edition,marvel s spider man villainous plots non foil edition nonfoil edition,secret_lair,37.22,,,,,,,,,,,,,,71.94,,46.32,,-0.5997,"[""annRet"", ""artist"", ""compRank"", ""compScore"", ""conf"", ""covStatus"", ""dataConf"", ""dd"", ""drop"", ""family"", ""finish"", ""hist"", ""id"", ""incRet"", ""ipArtist"", ""liq"", ""mom"", ""msrp"", ""name"", ""obs"", ""peak"", ""price"", ""r30"", ""r365"", ""r90"", ""ras"", ""rec"", ""recScore"", ""rel"", ""risk"", ""scarcity"", ""score"", ""super"", ""ub"", ""value"", ""year""]"
secret_lair,SL-B58718E7FE11D2,,Equinox Superdrop 2024: Sunlight and Moonbeams Bundle - Non-Foil Edition — Nonfoil Edition,equinox superdrop 2024 sunlight and moonbeams bundle non foil edition nonfoil edition,secret_lair,289.78,,,,-0.0002,,,,,,,,,,71.25,,45.06,,-0.034,"[""annRet"", ""artist"", ""compRank"", ""compScore"", ""conf"", ""covStatus"", ""dataConf"", ""dd"", ""drop"", ""family"", ""finish"", ""hist"", ""id"", ""incRet"", ""ipArtist"", ""liq"", ""mom"", ""msrp"", ""name"", ""obs"", ""peak"", ""price"", ""r30"", ""r365"", ""r90"", ""ras"", ""rec"", ""recScore"", ""rel"", ""risk"", ""scarcity"", ""score"", ""super"", ""ub"", ""value"", ""year""]"
secret_lair,SL-FE0F8BC07F7E66,,Play-Doh: Squishful Thinking: Extra Life 2025 - Non-Foil Edition — Nonfoil Edition,play doh squishful thinking extra life 2025 non foil edition nonfoil edition,secret_lair,49.23,,,,,,,,,,,,,,71.94,,46.15,,-0.2933,"[""annRet"", ""artist"", ""compRank"", ""compScore"", ""conf"", ""covStatus"", ""dataConf"", ""dd"", ""drop"", ""family"", ""finish"", ""hist"", ""id"", ""incRet"", ""ipArtist"", ""liq"", ""mom"", ""msrp"", ""name"", ""obs"", ""peak"", ""price"", ""r30"", ""r365"", ""r90"", ""ras"", ""rec"", ""recScore"", ""rel"", ""risk"", ""scarcity"", ""score"", ""super"", ""ub"", ""value"", ""year""]"
secret_lair,SL-EB7674C656581E,,Places to Trick or Treat Non-Foil Lands Bundle — Nonfoil Edition,places to trick or treat non foil lands bundle nonfoil edition,secret_lair,569.86,,,,0.2002,,,,,,,,,,71.25,,45.93,,-0.0502,"[""annRet"", ""artist"", ""compRank"", ""compScore"", ""conf"", ""covStatus"", ""dataConf"", ""dd"", ""drop"", ""family"", ""finish"", ""hist"", ""id"", ""incRet"", ""ipArtist"", ""liq"", ""mom"", ""msrp"", ""name"", ""obs"", ""peak"", ""price"", ""r30"", ""r365"", ""r90"", ""ras"", ""rec"", ""recScore"", ""rel"", ""risk"", ""scarcity"", ""score"", ""super"", ""ub"", ""value"", ""year""]"
secret_lair,SL-3ABE230D547642,547642,Tearing Up A Sick Tube of Non-Foils Bundle — Nonfoil Edition,tearing up a sick tube of non foils bundle nonfoil edition,secret_lair,719.99,,,,-0.0068,,,,,,,,,,71.25,,44.79,,-0.04,"[""annRet"", ""artist"", ""compRank"", ""compScore"", ""conf"", ""covStatus"", ""dataConf"", ""dd"", ""drop"", ""family"", ""finish"", ""hist"", ""id"", ""incRet"", ""ipArtist"", ""liq"", ""mom"", ""msrp"", ""name"", ""obs"", ""peak"", ""price"", ""r30"", ""r365"", ""r90"", ""ras"", ""rec"", ""recScore"", ""rel"", ""risk"", ""scarcity"", ""score"", ""super"", ""ub"", ""value"", ""year""]"
secret_lair,SL-481026198BBC92,,Furby: The Gathering - Non-Foil Edition — Nonfoil Edition,furby the gathering non foil edition nonfoil edition,secret_lair,39.77,,,,,,,,,,,,,,69.0,,48.68,,-0.3142,"[""annRet"", ""artist"", ""compRank"", ""compScore"", ""conf"", ""covStatus"", ""dataConf"", ""dd"", ""drop"", ""family"", ""finish"", ""hist"", ""id"", ""incRet"", ""ipArtist"", ""liq"", ""mom"", ""msrp"", ""name"", ""obs"", ""peak"", ""price"", ""r30"", ""r365"", ""r90"", ""ras"", ""rec"", ""recScore"", ""rel"", ""risk"", ""scarcity"", ""score"", ""super"", ""ub"", ""value"", ""year""]"
secret_lair,SL-F9E21EA0D52C4A,,Spring Superdrop 2024: Outlaws of Thunder Junction Bundle - Foil Edition — Foil Edition,spring superdrop 2024 outlaws of thunder junction bundle foil edition foil edition,secret_lair,209.96,,,,0.0026,,,,,,,,,,71.25,,44.1,,-0.4751,"[""annRet"", ""artist"", ""compRank"", ""compScore"", ""conf"", ""covStatus"", ""dataConf"", ""dd"", ""drop"", ""family"", ""finish"", ""hist"", ""id"", ""incRet"", ""ipArtist"", ""liq"", ""mom"", ""msrp"", ""name"", ""obs"", ""peak"", ""price"", ""r30"", ""r365"", ""r90"", ""ras"", ""rec"", ""recScore"", ""rel"", ""risk"", ""scarcity"", ""score"", ""super"", ""ub"", ""value"", ""year""]"
secret_lair,SL-1B5B0C7B7DFD8A,,Marvel's Spider-Man: Venom Unleashed (Colors) - Non-Foil Edition — Nonfoil Edition,marvel s spider man venom unleashed colors non foil edition nonfoil edition,secret_lair,48.56,,,,,,,,,,,,,,71.94,,47.72,,-0.4693,"[""annRet"", ""artist"", ""compRank"", ""compScore"", ""conf"", ""covStatus"", ""dataConf"", ""dd"", ""drop"", ""family"", ""finish"", ""hist"", ""id"", ""incRet"", ""ipArtist"", ""liq"", ""mom"", ""msrp"", ""name"", ""obs"", ""peak"", ""price"", ""r30"", ""r365"", ""r90"", ""ras"", ""rec"", ""recScore"", ""rel"", ""risk"", ""scarcity"", ""score"", ""super"", ""ub"", ""value"", ""year""]"
secret_lair,SL-D3C161D032DC86,,Whimsy & Wonder Bundle - Rainbow Foil Edition — Foil Edition,whimsy and wonder bundle rainbow foil edition foil edition,secret_lair,246.92,,,,,,,,,,,,,,62.48,,45.7,,-0.0122,"[""annRet"", ""artist"", ""compRank"", ""compScore"", ""conf"", ""covStatus"", ""dataConf"", ""dd"", ""drop"", ""family"", ""finish"", ""hist"", ""id"", ""incRet"", ""ipArtist"", ""liq"", ""mom"", ""msrp"", ""name"", ""obs"", ""peak"", ""price"", ""r30"", ""r365"", ""r90"", ""ras"", ""rec"", ""recScore"", ""rel"", ""risk"", ""scarcity"", ""score"", ""super"", ""ub"", ""value"", ""year""]"
secret_lair,SL-42559D1C728178,728178,KEXP: Where the Music Matters - Non-Foil Bundle — Nonfoil Edition,kexp where the music matters non foil bundle nonfoil edition,secret_lair,249.95,,,,0.2578,,,,,,,,,,71.25,,46.99,,-0.0,"[""annRet"", ""artist"", ""compRank"", ""compScore"", ""conf"", ""covStatus"", ""dataConf"", ""dd"", ""drop"", ""family"", ""finish"", ""hist"", ""id"", ""incRet"", ""ipArtist"", ""liq"", ""mom"", ""msrp"", ""name"", ""obs"", ""peak"", ""price"", ""r30"", ""r365"", ""r90"", ""ras"", ""rec"", ""recScore"", ""rel"", ""risk"", ""scarcity"", ""score"", ""super"", ""ub"", ""value"", ""year""]"
secret_lair,SL-E282CE5635F5FC,,Ghost of Tsushima - Non-Foil Edition — Nonfoil Edition,ghost of tsushima non foil edition nonfoil edition,secret_lair,174.76,,,,,,,,,,,,,,69.0,,49.88,,-0.0601,"[""annRet"", ""artist"", ""compRank"", ""compScore"", ""conf"", ""covStatus"", ""dataConf"", ""dd"", ""drop"", ""family"", ""finish"", ""hist"", ""id"", ""incRet"", ""ipArtist"", ""liq"", ""mom"", ""msrp"", ""name"", ""obs"", ""peak"", ""price"", ""r30"", ""r365"", ""r90"", ""ras"", ""rec"", ""recScore"", ""rel"", ""risk"", ""scarcity"", ""score"", ""super"", ""ub"", ""value"", ""year""]"
secret_lair,SL-3D4434A1970156,1970156,God of War: Greek - Non-Foil Edition — Nonfoil Edition,god of war greek non foil edition nonfoil edition,secret_lair,91.14,,,,,,,,,,,,,,69.0,,48.1,,-0.2526,"[""annRet"", ""artist"", ""compRank"", ""compScore"", ""conf"", ""covStatus"", ""dataConf"", ""dd"", ""drop"", ""family"", ""finish"", ""hist"", ""id"", ""incRet"", ""ipArtist"", ""liq"", ""mom"", ""msrp"", ""name"", ""obs"", ""peak"", ""price"", ""r30"", ""r365"", ""r90"", ""ras"", ""rec"", ""recScore"", ""rel"", ""risk"", ""scarcity"", ""score"", ""super"", ""ub"", ""value"", ""year""]"
secret_lair,SL-A26DEC91D98CFF,,Our Boss is on Vacation Superdrop: Secret Lair High Class of '87 - Non-Foil Edition — Nonfoil Edition,our boss is on vacation superdrop secret lair high class of 87 non foil edition nonfoil edition,secret_lair,20.47,,,,0.281,,,,,,,,,,76.25,,44.52,,-0.4609,"[""annRet"", ""artist"", ""compRank"", ""compScore"", ""conf"", ""covStatus"", ""dataConf"", ""dd"", ""drop"", ""family"", ""finish"", ""hist"", ""id"", ""incRet"", ""ipArtist"", ""liq"", ""mom"", ""msrp"", ""name"", ""obs"", ""peak"", ""price"", ""r30"", ""r365"", ""r90"", ""ras"", ""rec"", ""recScore"", ""rel"", ""risk"", ""scarcity"", ""score"", ""super"", ""ub"", ""value"", ""year""]"
secret_lair,SL-EFFCE6D4208A63,,Flower Power - Non-Foil Edition — Nonfoil Edition,flower power non foil edition nonfoil edition,secret_lair,41.91,,,,,,,,,,,,,,69.0,,46.74,,-0.0438,"[""annRet"", ""artist"", ""compRank"", ""compScore"", ""conf"", ""covStatus"", ""dataConf"", ""dd"", ""drop"", ""family"", ""finish"", ""hist"", ""id"", ""incRet"", ""ipArtist"", ""liq"", ""mom"", ""msrp"", ""name"", ""obs"", ""peak"", ""price"", ""r30"", ""r365"", ""r90"", ""ras"", ""rec"", ""recScore"", ""rel"", ""risk"", ""scarcity"", ""score"", ""super"", ""ub"", ""value"", ""year""]"
secret_lair,SL-72B79910F6BD16,,Summer Superdrop 2025 - The Summer Superdrop Bundle (Non-Foil Edition) — Nonfoil Edition,summer superdrop 2025 the summer superdrop bundle non foil edition nonfoil edition,secret_lair,649.99,,,,-0.0714,,,,,,,,,,71.25,,44.52,,-0.0714,"[""annRet"", ""artist"", ""compRank"", ""compScore"", ""conf"", ""covStatus"", ""dataConf"", ""dd"", ""drop"", ""family"", ""finish"", ""hist"", ""id"", ""incRet"", ""ipArtist"", ""liq"", ""mom"", ""msrp"", ""name"", ""obs"", ""peak"", ""price"", ""r30"", ""r365"", ""r90"", ""ras"", ""rec"", ""recScore"", ""rel"", ""risk"", ""scarcity"", ""score"", ""super"", ""ub"", ""value"", ""year""]"
secret_lair,SL-5933AE80C184BC,,Marvel's Spider-Man: Daily Bugle Breaking News - Non-Foil Edition — Nonfoil Edition,marvel s spider man daily bugle breaking news non foil edition nonfoil edition,secret_lair,29.24,,,,,,,,,,,,,,71.94,,47.18,,-0.5205,"[""annRet"", ""artist"", ""compRank"", ""compScore"", ""conf"", ""covStatus"", ""dataConf"", ""dd"", ""drop"", ""family"", ""finish"", ""hist"", ""id"", ""incRet"", ""ipArtist"", ""liq"", ""mom"", ""msrp"", ""name"", ""obs"", ""peak"", ""price"", ""r30"", ""r365"", ""r90"", ""ras"", ""rec"", ""recScore"", ""rel"", ""risk"", ""scarcity"", ""score"", ""super"", ""ub"", ""value"", ""year""]"
secret_lair,SL-F7BF46E86FD15C,,Big Non-Foil Bundle — Nonfoil Edition,big non foil bundle nonfoil edition,secret_lair,360.0,,,,0.0,,,,,,,,,,71.25,,45.06,,-0.027,"[""annRet"", ""artist"", ""compRank"", ""compScore"", ""conf"", ""covStatus"", ""dataConf"", ""dd"", ""drop"", ""family"", ""finish"", ""hist"", ""id"", ""incRet"", ""ipArtist"", ""liq"", ""mom"", ""msrp"", ""name"", ""obs"", ""peak"", ""price"", ""r30"", ""r365"", ""r90"", ""ras"", ""rec"", ""recScore"", ""rel"", ""risk"", ""scarcity"", ""score"", ""super"", ""ub"", ""value"", ""year""]"
secret_lair,SL-A8BD8FB79427E4,,Artist Series: Kieran Yanner - Non-Foil Edition — Nonfoil Edition,artist series kieran yanner non foil edition nonfoil edition,secret_lair,117.45,,,,,,,,,,,,,,69.0,,49.96,,-0.2555,"[""annRet"", ""artist"", ""compRank"", ""compScore"", ""conf"", ""covStatus"", ""dataConf"", ""dd"", ""drop"", ""family"", ""finish"", ""hist"", ""id"", ""incRet"", ""ipArtist"", ""liq"", ""mom"", ""msrp"", ""name"", ""obs"", ""peak"", ""price"", ""r30"", ""r365"", ""r90"", ""ras"", ""rec"", ""recScore"", ""rel"", ""risk"", ""scarcity"", ""score"", ""super"", ""ub"", ""value"", ""year""]"
secret_lair,SL-40670F87176D8C,,Chaos Vault Commander Reinforcements Counter Intelligence Bundle (Galaxy Foil) — Foil Edition,chaos vault commander reinforcements counter intelligence bundle galaxy foil foil edition,secret_lair,85.0,,,,,,,,,,,,,,74.84,,42.19,,-0.575,"[""annRet"", ""artist"", ""compRank"", ""compScore"", ""conf"", ""covStatus"", ""dataConf"", ""dd"", ""drop"", ""family"", ""finish"", ""hist"", ""id"", ""incRet"", ""ipArtist"", ""liq"", ""mom"", ""msrp"", ""name"", ""obs"", ""peak"", ""price"", ""r30"", ""r365"", ""r90"", ""ras"", ""rec"", ""recScore"", ""rel"", ""risk"", ""scarcity"", ""score"", ""super"", ""ub"", ""value"", ""year""]"
secret_lair,SL-3AE8E2E6E8B3B6,,Chill Beats Bundle - Rainbow Foil Edition — Foil Edition,chill beats bundle rainbow foil edition foil edition,secret_lair,189.87,,,,,,,,,,,,,,62.48,,44.97,,-0.0505,"[""annRet"", ""artist"", ""compRank"", ""compScore"", ""conf"", ""covStatus"", ""dataConf"", ""dd"", ""drop"", ""family"", ""finish"", ""hist"", ""id"", ""incRet"", ""ipArtist"", ""liq"", ""mom"", ""msrp"", ""name"", ""obs"", ""peak"", ""price"", ""r30"", ""r365"", ""r90"", ""ras"", ""rec"", ""recScore"", ""rel"", ""risk"", ""scarcity"", ""score"", ""super"", ""ub"", ""value"", ""year""]"
secret_lair,SL-52287049EB9C78,,Astrology Lands (Sagittarius) - Traditional Foil Edition — Foil Edition,astrology lands sagittarius traditional foil edition foil edition,secret_lair,154.0,,,,,,,,,,,,,,64.06,,45.9,,0.0,"[""annRet"", ""artist"", ""compRank"", ""compScore"", ""conf"", ""covStatus"", ""dataConf"", ""dd"", ""drop"", ""family"", ""finish"", ""hist"", ""id"", ""incRet"", ""ipArtist"", ""liq"", ""mom"", ""msrp"", ""name"", ""obs"", ""peak"", ""price"", ""r30"", ""r365"", ""r90"", ""ras"", ""rec"", ""recScore"", ""rel"", ""risk"", ""scarcity"", ""score"", ""super"", ""ub"", ""value"", ""year""]"
secret_lair,SL-32E9767E0B3D5C,,Camp Totally Safe Superdrop: Noise from the Woods Bundle - Non-Foil Edition — Nonfoil Edition,camp totally safe superdrop noise from the woods bundle non foil edition nonfoil edition,secret_lair,283.84,,,,-0.0504,,,,,,,,,,71.25,,44.05,,-0.1878,"[""annRet"", ""artist"", ""compRank"", ""compScore"", ""conf"", ""covStatus"", ""dataConf"", ""dd"", ""drop"", ""family"", ""finish"", ""hist"", ""id"", ""incRet"", ""ipArtist"", ""liq"", ""mom"", ""msrp"", ""name"", ""obs"", ""peak"", ""price"", ""r30"", ""r365"", ""r90"", ""ras"", ""rec"", ""recScore"", ""rel"", ""risk"", ""scarcity"", ""score"", ""super"", ""ub"", ""value"", ""year""]"
secret_lair,SL-C67CDDB0AE44ED,,Burn ‘Em All Bundle - Rainbow Foil Edition — Foil Edition,burn em all bundle rainbow foil edition foil edition,secret_lair,237.4,,,,,,,,,,,,,,62.48,,44.97,,-0.0504,"[""annRet"", ""artist"", ""compRank"", ""compScore"", ""conf"", ""covStatus"", ""dataConf"", ""dd"", ""drop"", ""family"", ""finish"", ""hist"", ""id"", ""incRet"", ""ipArtist"", ""liq"", ""mom"", ""msrp"", ""name"", ""obs"", ""peak"", ""price"", ""r30"", ""r365"", ""r90"", ""ras"", ""rec"", ""recScore"", ""rel"", ""risk"", ""scarcity"", ""score"", ""super"", ""ub"", ""value"", ""year""]"
secret_lair,SL-623013DF1CDC7A,,Secret Lair Promo: Cryptic Command - Rainbow Foil Edition — Foil Edition,secret lair promo cryptic command rainbow foil edition foil edition,secret_lair,11.58,,,,,,,,,,,,,,60.0,,53.1,,-0.4207,"[""annRet"", ""artist"", ""compRank"", ""compScore"", ""conf"", ""covStatus"", ""dataConf"", ""dd"", ""drop"", ""family"", ""finish"", ""hist"", ""id"", ""incRet"", ""ipArtist"", ""liq"", ""mom"", ""msrp"", ""name"", ""obs"", ""peak"", ""price"", ""r30"", ""r365"", ""r90"", ""ras"", ""rec"", ""recScore"", ""rel"", ""risk"", ""scarcity"", ""score"", ""super"", ""ub"", ""value"", ""year""]"
secret_lair,SL-481C91DE34F288,,God of War: Norse - Non-Foil Edition — Nonfoil Edition,god of war norse non foil edition nonfoil edition,secret_lair,38.46,,,,,,,,,,,,,,69.0,,50.04,,-0.6336,"[""annRet"", ""artist"", ""compRank"", ""compScore"", ""conf"", ""covStatus"", ""dataConf"", ""dd"", ""drop"", ""family"", ""finish"", ""hist"", ""id"", ""incRet"", ""ipArtist"", ""liq"", ""mom"", ""msrp"", ""name"", ""obs"", ""peak"", ""price"", ""r30"", ""r365"", ""r90"", ""ras"", ""rec"", ""recScore"", ""rel"", ""risk"", ""scarcity"", ""score"", ""super"", ""ub"", ""value"", ""year""]"
secret_lair,SL-F546FBC2EE4D47,,Ferocious Foil Bundle — Foil Edition,ferocious foil bundle foil edition,secret_lair,599.99,,,,,,,,,,,,,,61.41,,45.34,,0.0,"[""annRet"", ""artist"", ""compRank"", ""compScore"", ""conf"", ""covStatus"", ""dataConf"", ""dd"", ""drop"", ""family"", ""finish"", ""hist"", ""id"", ""incRet"", ""ipArtist"", ""liq"", ""mom"", ""msrp"", ""name"", ""obs"", ""peak"", ""price"", ""r30"", ""r365"", ""r90"", ""ras"", ""rec"", ""recScore"", ""rel"", ""risk"", ""scarcity"", ""score"", ""super"", ""ub"", ""value"", ""year""]"
secret_lair,SL-D83DCC4548D04F,,Superdrop: Voracious Reader Bundle - Non-foil — Nonfoil Edition,superdrop voracious reader bundle non foil nonfoil edition,secret_lair,369.99,,,,-0.0739,,,,,,,,,,71.25,,44.5,,-0.26,"[""annRet"", ""artist"", ""compRank"", ""compScore"", ""conf"", ""covStatus"", ""dataConf"", ""dd"", ""drop"", ""family"", ""finish"", ""hist"", ""id"", ""incRet"", ""ipArtist"", ""liq"", ""mom"", ""msrp"", ""name"", ""obs"", ""peak"", ""price"", ""r30"", ""r365"", ""r90"", ""ras"", ""rec"", ""recScore"", ""rel"", ""risk"", ""scarcity"", ""score"", ""super"", ""ub"", ""value"", ""year""]"
secret_lair,SL-771BBE0ADFF762,,Camp Totally Safe Superdrop: Night Swim Bundle - Non-Foil Edition — Nonfoil Edition,camp totally safe superdrop night swim bundle non foil edition nonfoil edition,secret_lair,166.15,,,,-0.005,,,,,,,,,,71.25,,44.39,,-0.3326,"[""annRet"", ""artist"", ""compRank"", ""compScore"", ""conf"", ""covStatus"", ""dataConf"", ""dd"", ""drop"", ""family"", ""finish"", ""hist"", ""id"", ""incRet"", ""ipArtist"", ""liq"", ""mom"", ""msrp"", ""name"", ""obs"", ""peak"", ""price"", ""r30"", ""r365"", ""r90"", ""ras"", ""rec"", ""recScore"", ""rel"", ""risk"", ""scarcity"", ""score"", ""super"", ""ub"", ""value"", ""year""]"
secret_lair,SL-4608D41552CD68,,The Strange Sands: Mountain - Non-Foil Edition — Nonfoil Edition,the strange sands mountain non foil edition nonfoil edition,secret_lair,46.98,,,,-0.3141,,,,,,,,,,76.25,,44.04,,-0.4472,"[""annRet"", ""artist"", ""compRank"", ""compScore"", ""conf"", ""covStatus"", ""dataConf"", ""dd"", ""drop"", ""family"", ""finish"", ""hist"", ""id"", ""incRet"", ""ipArtist"", ""liq"", ""mom"", ""msrp"", ""name"", ""obs"", ""peak"", ""price"", ""r30"", ""r365"", ""r90"", ""ras"", ""rec"", ""recScore"", ""rel"", ""risk"", ""scarcity"", ""score"", ""super"", ""ub"", ""value"", ""year""]"
secret_lair,SL-75D2EFF8DB9AA4,,The Ultimate Pencil - Rainbow Foil Bundle — Foil Edition,the ultimate pencil rainbow foil bundle foil edition,secret_lair,417.9,,,,,,,,,,,,,,62.48,,44.98,,-0.0713,"[""annRet"", ""artist"", ""compRank"", ""compScore"", ""conf"", ""covStatus"", ""dataConf"", ""dd"", ""drop"", ""family"", ""finish"", ""hist"", ""id"", ""incRet"", ""ipArtist"", ""liq"", ""mom"", ""msrp"", ""name"", ""obs"", ""peak"", ""price"", ""r30"", ""r365"", ""r90"", ""ras"", ""rec"", ""recScore"", ""rel"", ""risk"", ""scarcity"", ""score"", ""super"", ""ub"", ""value"", ""year""]"
secret_lair,SL-8A15902ECB78B5,,Iron Maiden: Eddie Unchained - Non-Foil Edition — Nonfoil Edition,iron maiden eddie unchained non foil edition nonfoil edition,secret_lair,143.88,,,,,,,,,,,,,,69.0,,47.76,,-0.0711,"[""annRet"", ""artist"", ""compRank"", ""compScore"", ""conf"", ""covStatus"", ""dataConf"", ""dd"", ""drop"", ""family"", ""finish"", ""hist"", ""id"", ""incRet"", ""ipArtist"", ""liq"", ""mom"", ""msrp"", ""name"", ""obs"", ""peak"", ""price"", ""r30"", ""r365"", ""r90"", ""ras"", ""rec"", ""recScore"", ""rel"", ""risk"", ""scarcity"", ""score"", ""super"", ""ub"", ""value"", ""year""]"
secret_lair,SL-6E41C5BF4AA13D,,Avatar: The Last Airbender: Everything Changed - Non-Foil Edition — Nonfoil Edition,avatar the last airbender everything changed non foil edition nonfoil edition,secret_lair,47.9,,,,,,,,,,,,,,66.1,,47.97,,0.0,"[""annRet"", ""artist"", ""compRank"", ""compScore"", ""conf"", ""covStatus"", ""dataConf"", ""dd"", ""drop"", ""family"", ""finish"", ""hist"", ""id"", ""incRet"", ""ipArtist"", ""liq"", ""mom"", ""msrp"", ""name"", ""obs"", ""peak"", ""price"", ""r30"", ""r365"", ""r90"", ""ras"", ""rec"", ""recScore"", ""rel"", ""risk"", ""scarcity"", ""score"", ""super"", ""ub"", ""value"", ""year""]"
secret_lair,SL-0AA8438AAB4240,4240,"April Superdrop - Non-stop, Non-Foil Bundle — Nonfoil Edition",april superdrop non stop non foil bundle nonfoil edition,secret_lair,350.0,,,,0.0,,,,,,,,,,71.25,,45.06,,-0.5,"[""annRet"", ""artist"", ""compRank"", ""compScore"", ""conf"", ""covStatus"", ""dataConf"", ""dd"", ""drop"", ""family"", ""finish"", ""hist"", ""id"", ""incRet"", ""ipArtist"", ""liq"", ""mom"", ""msrp"", ""name"", ""obs"", ""peak"", ""price"", ""r30"", ""r365"", ""r90"", ""ras"", ""rec"", ""recScore"", ""rel"", ""risk"", ""scarcity"", ""score"", ""super"", ""ub"", ""value"", ""year""]"
secret_lair,SL-69FAC4782CEAD8,,Marvel's Spider-Man: The Non-Foil Web-Slinger Bundle — Nonfoil Edition,marvel s spider man the non foil web slinger bundle nonfoil edition,secret_lair,186.26,,,,,,,,,,,,,,71.94,,46.61,,-0.4678,"[""annRet"", ""artist"", ""compRank"", ""compScore"", ""conf"", ""covStatus"", ""dataConf"", ""dd"", ""drop"", ""family"", ""finish"", ""hist"", ""id"", ""incRet"", ""ipArtist"", ""liq"", ""mom"", ""msrp"", ""name"", ""obs"", ""peak"", ""price"", ""r30"", ""r365"", ""r90"", ""ras"", ""rec"", ""recScore"", ""rel"", ""risk"", ""scarcity"", ""score"", ""super"", ""ub"", ""value"", ""year""]"
secret_lair,SL-030C40B079BE71,,Furby: Doo-ay Noo-lah - Non-Foil Edition — Nonfoil Edition,furby doo ay noo lah non foil edition nonfoil edition,secret_lair,42.01,,,,,,,,,,,,,,69.0,,46.72,,-0.3331,"[""annRet"", ""artist"", ""compRank"", ""compScore"", ""conf"", ""covStatus"", ""dataConf"", ""dd"", ""drop"", ""family"", ""finish"", ""hist"", ""id"", ""incRet"", ""ipArtist"", ""liq"", ""mom"", ""msrp"", ""name"", ""obs"", ""peak"", ""price"", ""r30"", ""r365"", ""r90"", ""ras"", ""rec"", ""recScore"", ""rel"", ""risk"", ""scarcity"", ""score"", ""super"", ""ub"", ""value"", ""year""]"
secret_lair,SL-BFF6DA64140996,64140996,"August Superdrop - Non-stop, Non-Foil Bundle — Nonfoil Edition",august superdrop non stop non foil bundle nonfoil edition,secret_lair,399.99,,,,-0.2,,,,,,,,,,71.25,,43.56,,-0.2,"[""annRet"", ""artist"", ""compRank"", ""compScore"", ""conf"", ""covStatus"", ""dataConf"", ""dd"", ""drop"", ""family"", ""finish"", ""hist"", ""id"", ""incRet"", ""ipArtist"", ""liq"", ""mom"", ""msrp"", ""name"", ""obs"", ""peak"", ""price"", ""r30"", ""r365"", ""r90"", ""ras"", ""rec"", ""recScore"", ""rel"", ""risk"", ""scarcity"", ""score"", ""super"", ""ub"", ""value"", ""year""]"
secret_lair,SL-6EC27A54060DFF,,Fallout: Rad - Traditional Foil Edition — Foil Edition,fallout rad traditional foil edition foil edition,secret_lair,50.27,,,,,,,,,,,,,,60.23,,50.49,,-0.5896,"[""annRet"", ""artist"", ""compRank"", ""compScore"", ""conf"", ""covStatus"", ""dataConf"", ""dd"", ""drop"", ""family"", ""finish"", ""hist"", ""id"", ""incRet"", ""ipArtist"", ""liq"", ""mom"", ""msrp"", ""name"", ""obs"", ""peak"", ""price"", ""r30"", ""r365"", ""r90"", ""ras"", ""rec"", ""recScore"", ""rel"", ""risk"", ""scarcity"", ""score"", ""super"", ""ub"", ""value"", ""year""]"
secret_lair,SL-3B1C73233CF74E,,Astrology Lands (Cancer) - Non-Foil Edition — Nonfoil Edition,astrology lands cancer non foil edition nonfoil edition,secret_lair,73.35,,,,-0.0932,,,,,,,,,,71.25,,45.61,,-0.1758,"[""annRet"", ""artist"", ""compRank"", ""compScore"", ""conf"", ""covStatus"", ""dataConf"", ""dd"", ""drop"", ""family"", ""finish"", ""hist"", ""id"", ""incRet"", ""ipArtist"", ""liq"", ""mom"", ""msrp"", ""name"", ""obs"", ""peak"", ""price"", ""r30"", ""r365"", ""r90"", ""ras"", ""rec"", ""recScore"", ""rel"", ""risk"", ""scarcity"", ""score"", ""super"", ""ub"", ""value"", ""year""]"
secret_lair,SL-DD0C5279EE2007,2007,Artist Series: John Avon - Non-Foil Edition — Nonfoil Edition,artist series john avon non foil edition nonfoil edition,secret_lair,38.05,,,,-0.4858,,,,,,,,,,76.25,,42.31,,-0.4858,"[""annRet"", ""artist"", ""compRank"", ""compScore"", ""conf"", ""covStatus"", ""dataConf"", ""dd"", ""drop"", ""family"", ""finish"", ""hist"", ""id"", ""incRet"", ""ipArtist"", ""liq"", ""mom"", ""msrp"", ""name"", ""obs"", ""peak"", ""price"", ""r30"", ""r365"", ""r90"", ""ras"", ""rec"", ""recScore"", ""rel"", ""risk"", ""scarcity"", ""score"", ""super"", ""ub"", ""value"", ""year""]"
secret_lair,SL-0C1E7816FD9FE9,,"Death Is Temporary, Metal Is Forever - Non-Foil Edition — Nonfoil Edition",death is temporary metal is forever non foil edition nonfoil edition,secret_lair,153.19,,,,-0.1996,,,,,,,,,,71.25,,45.72,,-0.2955,"[""annRet"", ""artist"", ""compRank"", ""compScore"", ""conf"", ""covStatus"", ""dataConf"", ""dd"", ""drop"", ""family"", ""finish"", ""hist"", ""id"", ""incRet"", ""ipArtist"", ""liq"", ""mom"", ""msrp"", ""name"", ""obs"", ""peak"", ""price"", ""r30"", ""r365"", ""r90"", ""ras"", ""rec"", ""recScore"", ""rel"", ""risk"", ""scarcity"", ""score"", ""super"", ""ub"", ""value"", ""year""]"
secret_lair,SL-920AF504850AFD,,Horizon: Into the Forbidden West - Non-Foil Edition — Nonfoil Edition,horizon into the forbidden west non foil edition nonfoil edition,secret_lair,45.72,,,,,,,,,,,,,,69.0,,46.61,,-0.4737,"[""annRet"", ""artist"", ""compRank"", ""compScore"", ""conf"", ""covStatus"", ""dataConf"", ""dd"", ""drop"", ""family"", ""finish"", ""hist"", ""id"", ""incRet"", ""ipArtist"", ""liq"", ""mom"", ""msrp"", ""name"", ""obs"", ""peak"", ""price"", ""r30"", ""r365"", ""r90"", ""ras"", ""rec"", ""recScore"", ""rel"", ""risk"", ""scarcity"", ""score"", ""super"", ""ub"", ""value"", ""year""]"
secret_lair,SL-711EEDF03C34FB,,Dungeons & Dragons: Honor Among Thieves - Non-Foil Edition — Nonfoil Edition,dungeons and dragons honor among thieves non foil edition nonfoil edition,secret_lair,107.27,,,,-0.3353,,,,,,,,,,76.25,,42.49,,-0.3353,"[""annRet"", ""artist"", ""compRank"", ""compScore"", ""conf"", ""covStatus"", ""dataConf"", ""dd"", ""drop"", ""family"", ""finish"", ""hist"", ""id"", ""incRet"", ""ipArtist"", ""liq"", ""mom"", ""msrp"", ""name"", ""obs"", ""peak"", ""price"", ""r30"", ""r365"", ""r90"", ""ras"", ""rec"", ""recScore"", ""rel"", ""risk"", ""scarcity"", ""score"", ""super"", ""ub"", ""value"", ""year""]"
secret_lair,SL-7AB8CB8D6BF8A6,,Uncharted - Non-Foil Edition — Nonfoil Edition,uncharted non foil edition nonfoil edition,secret_lair,26.59,,,,,,,,,,,,,,69.0,,48.45,,-0.7284,"[""annRet"", ""artist"", ""compRank"", ""compScore"", ""conf"", ""covStatus"", ""dataConf"", ""dd"", ""drop"", ""family"", ""finish"", ""hist"", ""id"", ""incRet"", ""ipArtist"", ""liq"", ""mom"", ""msrp"", ""name"", ""obs"", ""peak"", ""price"", ""r30"", ""r365"", ""r90"", ""ras"", ""rec"", ""recScore"", ""rel"", ""risk"", ""scarcity"", ""score"", ""super"", ""ub"", ""value"", ""year""]"
secret_lair,SL-B226AC313B5F39,,Dreaming Darkly - Non-Foil Edition — Nonfoil Edition,dreaming darkly non foil edition nonfoil edition,secret_lair,31.79,,,,,,,,,,,,,,69.0,,45.72,,-0.5389,"[""annRet"", ""artist"", ""compRank"", ""compScore"", ""conf"", ""covStatus"", ""dataConf"", ""dd"", ""drop"", ""family"", ""finish"", ""hist"", ""id"", ""incRet"", ""ipArtist"", ""liq"", ""mom"", ""msrp"", ""name"", ""obs"", ""peak"", ""price"", ""r30"", ""r365"", ""r90"", ""ras"", ""rec"", ""recScore"", ""rel"", ""risk"", ""scarcity"", ""score"", ""super"", ""ub"", ""value"", ""year""]"
secret_lair,SL-D133893D13E78E,,Avatar: The Last Airbender Superdrop: Avatar State Non-Foil Bundle — Nonfoil Edition,avatar the last airbender superdrop avatar state non foil bundle nonfoil edition,secret_lair,266.51,,,,,,,,,,,,,,66.1,,47.95,,0.0,"[""annRet"", ""artist"", ""compRank"", ""compScore"", ""conf"", ""covStatus"", ""dataConf"", ""dd"", ""drop"", ""family"", ""finish"", ""hist"", ""id"", ""incRet"", ""ipArtist"", ""liq"", ""mom"", ""msrp"", ""name"", ""obs"", ""peak"", ""price"", ""r30"", ""r365"", ""r90"", ""ras"", ""rec"", ""recScore"", ""rel"", ""risk"", ""scarcity"", ""score"", ""super"", ""ub"", ""value"", ""year""]"
secret_lair,SL-AC65540B60B707,,The Last of Us Part I - Non-Foil Edition — Nonfoil Edition,the last of us part i non foil edition nonfoil edition,secret_lair,30.56,,,,,,,,,,,,,,69.0,,47.81,,-0.6409,"[""annRet"", ""artist"", ""compRank"", ""compScore"", ""conf"", ""covStatus"", ""dataConf"", ""dd"", ""drop"", ""family"", ""finish"", ""hist"", ""id"", ""incRet"", ""ipArtist"", ""liq"", ""mom"", ""msrp"", ""name"", ""obs"", ""peak"", ""price"", ""r30"", ""r365"", ""r90"", ""ras"", ""rec"", ""recScore"", ""rel"", ""risk"", ""scarcity"", ""score"", ""super"", ""ub"", ""value"", ""year""]"
secret_lair,SL-B9580FD00B16BE,,Astrology Lands (Aquarius) Bundle - Traditional Foil Edition — Foil Edition,astrology lands aquarius bundle traditional foil edition foil edition,secret_lair,39.99,,,,,,,,,,,,,,55.01,,41.89,,0.0,"[""annRet"", ""artist"", ""compRank"", ""compScore"", ""conf"", ""covStatus"", ""dataConf"", ""dd"", ""drop"", ""family"", ""finish"", ""hist"", ""id"", ""incRet"", ""ipArtist"", ""liq"", ""mom"", ""msrp"", ""name"", ""obs"", ""peak"", ""price"", ""r30"", ""r365"", ""r90"", ""ras"", ""rec"", ""recScore"", ""rel"", ""risk"", ""scarcity"", ""score"", ""super"", ""ub"", ""value"", ""year""]"
secret_lair,SL-EB862139323FA8,,Dungeons & Dragons: Strahd’s Descent - Foil Edition — Foil Edition,dungeons and dragons strahd s descent foil edition foil edition,secret_lair,49.29,,,,,,,,,,,,,,60.0,,45.84,,-0.0096,"[""annRet"", ""artist"", ""compRank"", ""compScore"", ""conf"", ""covStatus"", ""dataConf"", ""dd"", ""drop"", ""family"", ""finish"", ""hist"", ""id"", ""incRet"", ""ipArtist"", ""liq"", ""mom"", ""msrp"", ""name"", ""obs"", ""peak"", ""price"", ""r30"", ""r365"", ""r90"", ""ras"", ""rec"", ""recScore"", ""rel"", ""risk"", ""scarcity"", ""score"", ""super"", ""ub"", ""value"", ""year""]"
secret_lair,SL-BB54D8943F73E3,,The Office: Dwight's Destiny - Non-Foil Edition — Nonfoil Edition,the office dwight s destiny non foil edition nonfoil edition,secret_lair,110.43,,,,,,,,,,,,,,69.0,,46.36,,-0.0169,"[""annRet"", ""artist"", ""compRank"", ""compScore"", ""conf"", ""covStatus"", ""dataConf"", ""dd"", ""drop"", ""family"", ""finish"", ""hist"", ""id"", ""incRet"", ""ipArtist"", ""liq"", ""mom"", ""msrp"", ""name"", ""obs"", ""peak"", ""price"", ""r30"", ""r365"", ""r90"", ""ras"", ""rec"", ""recScore"", ""rel"", ""risk"", ""scarcity"", ""score"", ""super"", ""ub"", ""value"", ""year""]"
secret_lair,SL-76D8B5BE432384,432384,Burn ‘Em All Bundle - Non-Foil Edition — Nonfoil Edition,burn em all bundle non foil edition nonfoil edition,secret_lair,174.99,,,,,,,,,,,,,,69.89,,42.87,,-0.125,"[""annRet"", ""artist"", ""compRank"", ""compScore"", ""conf"", ""covStatus"", ""dataConf"", ""dd"", ""drop"", ""family"", ""finish"", ""hist"", ""id"", ""incRet"", ""ipArtist"", ""liq"", ""mom"", ""msrp"", ""name"", ""obs"", ""peak"", ""price"", ""r30"", ""r365"", ""r90"", ""ras"", ""rec"", ""recScore"", ""rel"", ""risk"", ""scarcity"", ""score"", ""super"", ""ub"", ""value"", ""year""]"
secret_lair,SL-56A06CCE61A990,,Prints Charming - Traditional Foil Edition — Foil Edition,prints charming traditional foil edition foil edition,secret_lair,62.99,,,,,,,,,,,,,,60.0,,45.37,,0.0,"[""annRet"", ""artist"", ""compRank"", ""compScore"", ""conf"", ""covStatus"", ""dataConf"", ""dd"", ""drop"", ""family"", ""finish"", ""hist"", ""id"", ""incRet"", ""ipArtist"", ""liq"", ""mom"", ""msrp"", ""name"", ""obs"", ""peak"", ""price"", ""r30"", ""r365"", ""r90"", ""ras"", ""rec"", ""recScore"", ""rel"", ""risk"", ""scarcity"", ""score"", ""super"", ""ub"", ""value"", ""year""]"
secret_lair,SL-57224CF33D1B18,,Secret Lair Promo x Twisted Metal - Sol Ring - Rainbow Foil Edition — Foil Edition,secret lair promo x twisted metal sol ring rainbow foil edition foil edition,secret_lair,19.52,,,,,,,,,,,,,,60.23,,46.89,,-0.2189,"[""annRet"", ""artist"", ""compRank"", ""compScore"", ""conf"", ""covStatus"", ""dataConf"", ""dd"", ""drop"", ""family"", ""finish"", ""hist"", ""id"", ""incRet"", ""ipArtist"", ""liq"", ""mom"", ""msrp"", ""name"", ""obs"", ""peak"", ""price"", ""r30"", ""r365"", ""r90"", ""ras"", ""rec"", ""recScore"", ""rel"", ""risk"", ""scarcity"", ""score"", ""super"", ""ub"", ""value"", ""year""]"
secret_lair,SL-E5F4CFCD2D1E21,,Dungeons & Dragons: Gale’s Ambition - Foil Edition — Foil Edition,dungeons and dragons gale s ambition foil edition foil edition,secret_lair,44.34,,,,,,,,,,,,,,60.0,,45.73,,-0.3381,"[""annRet"", ""artist"", ""compRank"", ""compScore"", ""conf"", ""covStatus"", ""dataConf"", ""dd"", ""drop"", ""family"", ""finish"", ""hist"", ""id"", ""incRet"", ""ipArtist"", ""liq"", ""mom"", ""msrp"", ""name"", ""obs"", ""peak"", ""price"", ""r30"", ""r365"", ""r90"", ""ras"", ""rec"", ""recScore"", ""rel"", ""risk"", ""scarcity"", ""score"", ""super"", ""ub"", ""value"", ""year""]"
secret_lair,SL-BF1ED354A371C1,,Iron Maiden: Album Art - Non-Foil Edition — Nonfoil Edition,iron maiden album art non foil edition nonfoil edition,secret_lair,96.48,,,,,,,,,,,,,,69.0,,47.22,,-0.2477,"[""annRet"", ""artist"", ""compRank"", ""compScore"", ""conf"", ""covStatus"", ""dataConf"", ""dd"", ""drop"", ""family"", ""finish"", ""hist"", ""id"", ""incRet"", ""ipArtist"", ""liq"", ""mom"", ""msrp"", ""name"", ""obs"", ""peak"", ""price"", ""r30"", ""r365"", ""r90"", ""ras"", ""rec"", ""recScore"", ""rel"", ""risk"", ""scarcity"", ""score"", ""super"", ""ub"", ""value"", ""year""]"
secret_lair,SL-E44D69BCAF5561,5561,Fallout: Greet the Dog - Traditional Foil Edition — Foil Edition,fallout greet the dog traditional foil edition foil edition,secret_lair,45.55,,,,,,,,,,,,,,60.23,,48.12,,-0.7469,"[""annRet"", ""artist"", ""compRank"", ""compScore"", ""conf"", ""covStatus"", ""dataConf"", ""dd"", ""drop"", ""family"", ""finish"", ""hist"", ""id"", ""incRet"", ""ipArtist"", ""liq"", ""mom"", ""msrp"", ""name"", ""obs"", ""peak"", ""price"", ""r30"", ""r365"", ""r90"", ""ras"", ""rec"", ""recScore"", ""rel"", ""risk"", ""scarcity"", ""score"", ""super"", ""ub"", ""value"", ""year""]"
secret_lair,SL-E82C687C9DB063,,Astrology Lands (Capricorn) - Non-Foil Edition — Nonfoil Edition,astrology lands capricorn non foil edition nonfoil edition,secret_lair,59.99,,,,0.0,,,,,,,,,,71.25,,44.19,,-0.4001,"[""annRet"", ""artist"", ""compRank"", ""compScore"", ""conf"", ""covStatus"", ""dataConf"", ""dd"", ""drop"", ""family"", ""finish"", ""hist"", ""id"", ""incRet"", ""ipArtist"", ""liq"", ""mom"", ""msrp"", ""name"", ""obs"", ""peak"", ""price"", ""r30"", ""r365"", ""r90"", ""ras"", ""rec"", ""recScore"", ""rel"", ""risk"", ""scarcity"", ""score"", ""super"", ""ub"", ""value"", ""year""]"
secret_lair,SL-7321B93310E560,,Avatar: The Last Airbender: One with the Elements - Non-Foil Edition — Nonfoil Edition,avatar the last airbender one with the elements non foil edition nonfoil edition,secret_lair,39.92,,,,,,,,,,,,,,66.1,,45.02,,-0.267,"[""annRet"", ""artist"", ""compRank"", ""compScore"", ""conf"", ""covStatus"", ""dataConf"", ""dd"", ""drop"", ""family"", ""finish"", ""hist"", ""id"", ""incRet"", ""ipArtist"", ""liq"", ""mom"", ""msrp"", ""name"", ""obs"", ""peak"", ""price"", ""r30"", ""r365"", ""r90"", ""ras"", ""rec"", ""recScore"", ""rel"", ""risk"", ""scarcity"", ""score"", ""super"", ""ub"", ""value"", ""year""]"
secret_lair,SL-F6CE9EEE501707,501707,The Last of Us Part II - Non-Foil Edition — Nonfoil Edition,the last of us part ii non foil edition nonfoil edition,secret_lair,23.86,,,,,,,,,,,,,,69.0,,43.34,,-0.7145,"[""annRet"", ""artist"", ""compRank"", ""compScore"", ""conf"", ""covStatus"", ""dataConf"", ""dd"", ""drop"", ""family"", ""finish"", ""hist"", ""id"", ""incRet"", ""ipArtist"", ""liq"", ""mom"", ""msrp"", ""name"", ""obs"", ""peak"", ""price"", ""r30"", ""r365"", ""r90"", ""ras"", ""rec"", ""recScore"", ""rel"", ""risk"", ""scarcity"", ""score"", ""super"", ""ub"", ""value"", ""year""]"
secret_lair,SL-035B905324063A,,Secret Scare Superdrop: Eddie's Metal As Hell All Foil Bundle — Foil Edition,secret scare superdrop eddie s metal as hell all foil bundle foil edition,secret_lair,1091.96,,,,,,,,,,,,,,60.0,,43.46,,-0.025,"[""annRet"", ""artist"", ""compRank"", ""compScore"", ""conf"", ""covStatus"", ""dataConf"", ""dd"", ""drop"", ""family"", ""finish"", ""hist"", ""id"", ""incRet"", ""ipArtist"", ""liq"", ""mom"", ""msrp"", ""name"", ""obs"", ""peak"", ""price"", ""r30"", ""r365"", ""r90"", ""ras"", ""rec"", ""recScore"", ""rel"", ""risk"", ""scarcity"", ""score"", ""super"", ""ub"", ""value"", ""year""]"
secret_lair,SL-299EFC297156F1,,Teenage Mutant Ninja Turtles: The Mighty Mutanimals - Traditional Foil Edition — Foil Edition,teenage mutant ninja turtles the mighty mutanimals traditional foil edition foil edition,secret_lair,49.77,,,,,,,,,,,,,,55.01,,46.17,,0.0,"[""annRet"", ""artist"", ""compRank"", ""compScore"", ""conf"", ""covStatus"", ""dataConf"", ""dd"", ""drop"", ""family"", ""finish"", ""hist"", ""id"", ""incRet"", ""ipArtist"", ""liq"", ""mom"", ""msrp"", ""name"", ""obs"", ""peak"", ""price"", ""r30"", ""r365"", ""r90"", ""ras"", ""rec"", ""recScore"", ""rel"", ""risk"", ""scarcity"", ""score"", ""super"", ""ub"", ""value"", ""year""]"
secret_lair,SL-9B1071444456CB,,Playstation Superdrop: Non-Foil Trophy Bundle — Nonfoil Edition,playstation superdrop non foil trophy bundle nonfoil edition,secret_lair,338.41,,,,,,,,,,,,,,66.1,,45.59,,0.0,"[""annRet"", ""artist"", ""compRank"", ""compScore"", ""conf"", ""covStatus"", ""dataConf"", ""dd"", ""drop"", ""family"", ""finish"", ""hist"", ""id"", ""incRet"", ""ipArtist"", ""liq"", ""mom"", ""msrp"", ""name"", ""obs"", ""peak"", ""price"", ""r30"", ""r365"", ""r90"", ""ras"", ""rec"", ""recScore"", ""rel"", ""risk"", ""scarcity"", ""score"", ""super"", ""ub"", ""value"", ""year""]"
secret_lair,SL-91B8D55112E9C9,,Avatar: The Last Airbender: A Lot To Learn - Non-Foil Edition — Nonfoil Edition,avatar the last airbender a lot to learn non foil edition nonfoil edition,secret_lair,36.81,,,,,,,,,,,,,,66.1,,44.23,,-0.3176,"[""annRet"", ""artist"", ""compRank"", ""compScore"", ""conf"", ""covStatus"", ""dataConf"", ""dd"", ""drop"", ""family"", ""finish"", ""hist"", ""id"", ""incRet"", ""ipArtist"", ""liq"", ""mom"", ""msrp"", ""name"", ""obs"", ""peak"", ""price"", ""r30"", ""r365"", ""r90"", ""ras"", ""rec"", ""recScore"", ""rel"", ""risk"", ""scarcity"", ""score"", ""super"", ""ub"", ""value"", ""year""]"
secret_lair,SL-2B55545460A82C,,Astrology Lands (Aquarius) - Non-Foil Edition — Nonfoil Edition,astrology lands aquarius non foil edition nonfoil edition,secret_lair,20.0,,,,-0.3101,,,,,,,,,,76.25,,33.89,,-0.4977,"[""annRet"", ""artist"", ""compRank"", ""compScore"", ""conf"", ""covStatus"", ""dataConf"", ""dd"", ""drop"", ""family"", ""finish"", ""hist"", ""id"", ""incRet"", ""ipArtist"", ""liq"", ""mom"", ""msrp"", ""name"", ""obs"", ""peak"", ""price"", ""r30"", ""r365"", ""r90"", ""ras"", ""rec"", ""recScore"", ""rel"", ""risk"", ""scarcity"", ""score"", ""super"", ""ub"", ""value"", ""year""]"
secret_lair,SL-CA6CCECFEBEC2C,,Teenage Mutant Ninja Turtles: VHS Villains - Traditional Foil Edition — Foil Edition,teenage mutant ninja turtles vhs villains traditional foil edition foil edition,secret_lair,75.29,,,,,,,,,,,,,,55.01,,46.06,,0.0,"[""annRet"", ""artist"", ""compRank"", ""compScore"", ""conf"", ""covStatus"", ""dataConf"", ""dd"", ""drop"", ""family"", ""finish"", ""hist"", ""id"", ""incRet"", ""ipArtist"", ""liq"", ""mom"", ""msrp"", ""name"", ""obs"", ""peak"", ""price"", ""r30"", ""r365"", ""r90"", ""ras"", ""rec"", ""recScore"", ""rel"", ""risk"", ""scarcity"", ""score"", ""super"", ""ub"", ""value"", ""year""]"
secret_lair,SL-39B978CCE71007,71007,Featuring: Stan Sakai - Traditional Foil Edition — Foil Edition,featuring stan sakai traditional foil edition foil edition,secret_lair,54.0,,,,,,,,,,,,,,55.01,,44.62,,0.0,"[""annRet"", ""artist"", ""compRank"", ""compScore"", ""conf"", ""covStatus"", ""dataConf"", ""dd"", ""drop"", ""family"", ""finish"", ""hist"", ""id"", ""incRet"", ""ipArtist"", ""liq"", ""mom"", ""msrp"", ""name"", ""obs"", ""peak"", ""price"", ""r30"", ""r365"", ""r90"", ""ras"", ""rec"", ""recScore"", ""rel"", ""risk"", ""scarcity"", ""score"", ""super"", ""ub"", ""value"", ""year""]"
secret_lair,SL-2F498E0B93A360,,Avatar: The Last Airbender: My Cabbages! - Non-Foil Edition — Nonfoil Edition,avatar the last airbender my cabbages non foil edition nonfoil edition,secret_lair,46.72,,,,,,,,,,,,,,66.1,,43.01,,-0.2673,"[""annRet"", ""artist"", ""compRank"", ""compScore"", ""conf"", ""covStatus"", ""dataConf"", ""dd"", ""drop"", ""family"", ""finish"", ""hist"", ""id"", ""incRet"", ""ipArtist"", ""liq"", ""mom"", ""msrp"", ""name"", ""obs"", ""peak"", ""price"", ""r30"", ""r365"", ""r90"", ""ras"", ""rec"", ""recScore"", ""rel"", ""risk"", ""scarcity"", ""score"", ""super"", ""ub"", ""value"", ""year""]"
secret_lair,SL-3695BA5801481E,,Chill Beats Bundle - Non-Foil Edition — Nonfoil Edition,chill beats bundle non foil edition nonfoil edition,secret_lair,189.92,,,,,,,,,,,,,,62.48,,43.77,,-0.0001,"[""annRet"", ""artist"", ""compRank"", ""compScore"", ""conf"", ""covStatus"", ""dataConf"", ""dd"", ""drop"", ""family"", ""finish"", ""hist"", ""id"", ""incRet"", ""ipArtist"", ""liq"", ""mom"", ""msrp"", ""name"", ""obs"", ""peak"", ""price"", ""r30"", ""r365"", ""r90"", ""ras"", ""rec"", ""recScore"", ""rel"", ""risk"", ""scarcity"", ""score"", ""super"", ""ub"", ""value"", ""year""]"
secret_lair,SL-6CE59E51DCC615,,Dungeons & Dragons: Lands of the Forgotten Realms - Traditional Foil Edition — Foil Edition,dungeons and dragons lands of the forgotten realms traditional foil edition foil edition,secret_lair,50.92,,,,,,,,,,,,,,60.0,,43.95,,-0.2163,"[""annRet"", ""artist"", ""compRank"", ""compScore"", ""conf"", ""covStatus"", ""dataConf"", ""dd"", ""drop"", ""family"", ""finish"", ""hist"", ""id"", ""incRet"", ""ipArtist"", ""liq"", ""mom"", ""msrp"", ""name"", ""obs"", ""peak"", ""price"", ""r30"", ""r365"", ""r90"", ""ras"", ""rec"", ""recScore"", ""rel"", ""risk"", ""scarcity"", ""score"", ""super"", ""ub"", ""value"", ""year""]"
secret_lair,SL-3A02BD35AC0C02,,Inside an Elevator Superdrop: Take Me to the Floor with Foils Bundle — Foil Edition,inside an elevator superdrop take me to the floor with foils bundle foil edition,secret_lair,499.99,,,,,,,,,,,,,,60.0,,43.55,,-0.0909,"[""annRet"", ""artist"", ""compRank"", ""compScore"", ""conf"", ""covStatus"", ""dataConf"", ""dd"", ""drop"", ""family"", ""finish"", ""hist"", ""id"", ""incRet"", ""ipArtist"", ""liq"", ""mom"", ""msrp"", ""name"", ""obs"", ""peak"", ""price"", ""r30"", ""r365"", ""r90"", ""ras"", ""rec"", ""recScore"", ""rel"", ""risk"", ""scarcity"", ""score"", ""super"", ""ub"", ""value"", ""year""]"
secret_lair,SL-6DA9DA55C5623B,,Marvel's Deadpool: I Fixed It (You're Welcome) - Traditional Foil Edition — Foil Edition,marvel s deadpool i fixed it you re welcome traditional foil edition foil edition,secret_lair,42.28,,,,,,,,,,,,,,55.01,,40.18,,-0.1203,"[""annRet"", ""artist"", ""compRank"", ""compScore"", ""conf"", ""covStatus"", ""dataConf"", ""dd"", ""drop"", ""family"", ""finish"", ""hist"", ""id"", ""incRet"", ""ipArtist"", ""liq"", ""mom"", ""msrp"", ""name"", ""obs"", ""peak"", ""price"", ""r30"", ""r365"", ""r90"", ""ras"", ""rec"", ""recScore"", ""rel"", ""risk"", ""scarcity"", ""score"", ""super"", ""ub"", ""value"", ""year""]"
secret_lair,SL-18DF50D0713A3D,,Avatar: The Last Airbender: The Ember Island Players - Non-Foil Edition — Nonfoil Edition,avatar the last airbender the ember island players non foil edition nonfoil edition,secret_lair,36.9,,,,,,,,,,,,,,66.1,,43.67,,-0.5658,"[""annRet"", ""artist"", ""compRank"", ""compScore"", ""conf"", ""covStatus"", ""dataConf"", ""dd"", ""drop"", ""family"", ""finish"", ""hist"", ""id"", ""incRet"", ""ipArtist"", ""liq"", ""mom"", ""msrp"", ""name"", ""obs"", ""peak"", ""price"", ""r30"", ""r365"", ""r90"", ""ras"", ""rec"", ""recScore"", ""rel"", ""risk"", ""scarcity"", ""score"", ""super"", ""ub"", ""value"", ""year""]"
secret_lair,SL-13FAC3EF59E6AC,,Dungeons & Dragons: Shadows Over Baldur’s Gate - Traditional Foil Edition — Foil Edition,dungeons and dragons shadows over baldur s gate traditional foil edition foil edition,secret_lair,43.41,,,,,,,,,,,,,,60.0,,44.62,,-0.5342,"[""annRet"", ""artist"", ""compRank"", ""compScore"", ""conf"", ""covStatus"", ""dataConf"", ""dd"", ""drop"", ""family"", ""finish"", ""hist"", ""id"", ""incRet"", ""ipArtist"", ""liq"", ""mom"", ""msrp"", ""name"", ""obs"", ""peak"", ""price"", ""r30"", ""r365"", ""r90"", ""ras"", ""rec"", ""recScore"", ""rel"", ""risk"", ""scarcity"", ""score"", ""super"", ""ub"", ""value"", ""year""]"
secret_lair,SL-514C1D6728B156,,Dungeons & Dragons: Shadowheart’s Devotion - Traditional Foil Edition — Foil Edition,dungeons and dragons shadowheart s devotion traditional foil edition foil edition,secret_lair,72.0,,,,,,,,,,,,,,60.0,,43.26,,-0.3778,"[""annRet"", ""artist"", ""compRank"", ""compScore"", ""conf"", ""covStatus"", ""dataConf"", ""dd"", ""drop"", ""family"", ""finish"", ""hist"", ""id"", ""incRet"", ""ipArtist"", ""liq"", ""mom"", ""msrp"", ""name"", ""obs"", ""peak"", ""price"", ""r30"", ""r365"", ""r90"", ""ras"", ""rec"", ""recScore"", ""rel"", ""risk"", ""scarcity"", ""score"", ""super"", ""ub"", ""value"", ""year""]"
secret_lair,SL-E19F0A74D8000D,,Totally TubuLair Superdrop: Turtle Power Foil Bundle — Foil Edition,totally tubulair superdrop turtle power foil bundle foil edition,secret_lair,416.97,,,,,,,,,,,,,,55.01,,41.72,,-0.0376,"[""annRet"", ""artist"", ""compRank"", ""compScore"", ""conf"", ""covStatus"", ""dataConf"", ""dd"", ""drop"", ""family"", ""finish"", ""hist"", ""id"", ""incRet"", ""ipArtist"", ""liq"", ""mom"", ""msrp"", ""name"", ""obs"", ""peak"", ""price"", ""r30"", ""r365"", ""r90"", ""ras"", ""rec"", ""recScore"", ""rel"", ""risk"", ""scarcity"", ""score"", ""super"", ""ub"", ""value"", ""year""]"
secret_lair,SL-D126DBCCB251DC,,Astrology Lands (Capricorn) Bundle - Traditional Foil Edition — Foil Edition,astrology lands capricorn bundle traditional foil edition foil edition,secret_lair,199.99,,,,,,,,,,,,,,55.01,,54.17,,-0.8,"[""annRet"", ""artist"", ""compRank"", ""compScore"", ""conf"", ""covStatus"", ""dataConf"", ""dd"", ""drop"", ""family"", ""finish"", ""hist"", ""id"", ""incRet"", ""ipArtist"", ""liq"", ""mom"", ""msrp"", ""name"", ""obs"", ""peak"", ""price"", ""r30"", ""r365"", ""r90"", ""ras"", ""rec"", ""recScore"", ""rel"", ""risk"", ""scarcity"", ""score"", ""super"", ""ub"", ""value"", ""year""]"
secret_lair,SL-22E3600468CA16,,Fallout: Welcome to New Vegas - Traditional Foil Edition — Foil Edition,fallout welcome to new vegas traditional foil edition foil edition,secret_lair,38.75,,,,,,,,,,,,,,60.23,,44.45,,-0.7652,"[""annRet"", ""artist"", ""compRank"", ""compScore"", ""conf"", ""covStatus"", ""dataConf"", ""dd"", ""drop"", ""family"", ""finish"", ""hist"", ""id"", ""incRet"", ""ipArtist"", ""liq"", ""mom"", ""msrp"", ""name"", ""obs"", ""peak"", ""price"", ""r30"", ""r365"", ""r90"", ""ras"", ""rec"", ""recScore"", ""rel"", ""risk"", ""scarcity"", ""score"", ""super"", ""ub"", ""value"", ""year""]"
secret_lair,SL-2BC80C4864DCB3,,Transformers Foil Bundle — Foil Edition,transformers foil bundle foil edition,secret_lair,300.0,,,,,,,,,,,,,,55.01,,41.4,,-0.0243,"[""annRet"", ""artist"", ""compRank"", ""compScore"", ""conf"", ""covStatus"", ""dataConf"", ""dd"", ""drop"", ""family"", ""finish"", ""hist"", ""id"", ""incRet"", ""ipArtist"", ""liq"", ""mom"", ""msrp"", ""name"", ""obs"", ""peak"", ""price"", ""r30"", ""r365"", ""r90"", ""ras"", ""rec"", ""recScore"", ""rel"", ""risk"", ""scarcity"", ""score"", ""super"", ""ub"", ""value"", ""year""]"
secret_lair,SL-901432F718875C,,Teenage Mutant Ninja Turtles: The Last Ronin - Traditional Foil Edition — Foil Edition,teenage mutant ninja turtles the last ronin traditional foil edition foil edition,secret_lair,49.7,,,,,,,,,,,,,,55.01,,40.9,,-0.0741,"[""annRet"", ""artist"", ""compRank"", ""compScore"", ""conf"", ""covStatus"", ""dataConf"", ""dd"", ""drop"", ""family"", ""finish"", ""hist"", ""id"", ""incRet"", ""ipArtist"", ""liq"", ""mom"", ""msrp"", ""name"", ""obs"", ""peak"", ""price"", ""r30"", ""r365"", ""r90"", ""ras"", ""rec"", ""recScore"", ""rel"", ""risk"", ""scarcity"", ""score"", ""super"", ""ub"", ""value"", ""year""]"
secret_lair,SL-1C45E7F91C62E4,,Roll for Initiative Superdrop: The Chromatic Dragon’s Hoard Foil Bundle — Foil Edition,roll for initiative superdrop the chromatic dragon s hoard foil bundle foil edition,secret_lair,432.47,,,,,,,,,,,,,,60.0,,44.88,,-0.3909,"[""annRet"", ""artist"", ""compRank"", ""compScore"", ""conf"", ""covStatus"", ""dataConf"", ""dd"", ""drop"", ""family"", ""finish"", ""hist"", ""id"", ""incRet"", ""ipArtist"", ""liq"", ""mom"", ""msrp"", ""name"", ""obs"", ""peak"", ""price"", ""r30"", ""r365"", ""r90"", ""ras"", ""rec"", ""recScore"", ""rel"", ""risk"", ""scarcity"", ""score"", ""super"", ""ub"", ""value"", ""year""]"
secret_lair,SL-7A1A1484F233C2,,Fallout: Rad Superdrop: The Atomic-Grade Foil Bundle — Foil Edition,fallout rad superdrop the atomic grade foil bundle foil edition,secret_lair,167.53,,,,,,,,,,,,,,60.23,,44.14,,-0.6649,"[""annRet"", ""artist"", ""compRank"", ""compScore"", ""conf"", ""covStatus"", ""dataConf"", ""dd"", ""drop"", ""family"", ""finish"", ""hist"", ""id"", ""incRet"", ""ipArtist"", ""liq"", ""mom"", ""msrp"", ""name"", ""obs"", ""peak"", ""price"", ""r30"", ""r365"", ""r90"", ""ras"", ""rec"", ""recScore"", ""rel"", ""risk"", ""scarcity"", ""score"", ""super"", ""ub"", ""value"", ""year""]"
secret_lair,SL-C4573F398978D7,,The Ultimate Pencil - Non-Foil Bundle — Nonfoil Edition,the ultimate pencil non foil bundle nonfoil edition,secret_lair,370.4,,,,,,,,,,,,,,62.48,,41.68,,-0.0739,"[""annRet"", ""artist"", ""compRank"", ""compScore"", ""conf"", ""covStatus"", ""dataConf"", ""dd"", ""drop"", ""family"", ""finish"", ""hist"", ""id"", ""incRet"", ""ipArtist"", ""liq"", ""mom"", ""msrp"", ""name"", ""obs"", ""peak"", ""price"", ""r30"", ""r365"", ""r90"", ""ras"", ""rec"", ""recScore"", ""rel"", ""risk"", ""scarcity"", ""score"", ""super"", ""ub"", ""value"", ""year""]"
secret_lair,SL-07E8B624A8C7D4,,Dungeons & Dragons: Black Lights & Dark Dungeons - Traditional Foil Edition — Foil Edition,dungeons and dragons black lights and dark dungeons traditional foil edition foil edition,secret_lair,86.01,,,,,,,,,,,,,,60.0,,45.68,,-0.4229,"[""annRet"", ""artist"", ""compRank"", ""compScore"", ""conf"", ""covStatus"", ""dataConf"", ""dd"", ""drop"", ""family"", ""finish"", ""hist"", ""id"", ""incRet"", ""ipArtist"", ""liq"", ""mom"", ""msrp"", ""name"", ""obs"", ""peak"", ""price"", ""r30"", ""r365"", ""r90"", ""ras"", ""rec"", ""recScore"", ""rel"", ""risk"", ""scarcity"", ""score"", ""super"", ""ub"", ""value"", ""year""]"
secret_lair,SL-ABCCB33232898E,,Dungeons & Dragons: Whispers in Candlekeep - Foil Edition — Foil Edition,dungeons and dragons whispers in candlekeep foil edition foil edition,secret_lair,73.7,,,,,,,,,,,,,,60.0,,43.96,,-0.4269,"[""annRet"", ""artist"", ""compRank"", ""compScore"", ""conf"", ""covStatus"", ""dataConf"", ""dd"", ""drop"", ""family"", ""finish"", ""hist"", ""id"", ""incRet"", ""ipArtist"", ""liq"", ""mom"", ""msrp"", ""name"", ""obs"", ""peak"", ""price"", ""r30"", ""r365"", ""r90"", ""ras"", ""rec"", ""recScore"", ""rel"", ""risk"", ""scarcity"", ""score"", ""super"", ""ub"", ""value"", ""year""]"
secret_lair,SL-75579AD5DE6CB9,,Astrology Lands (Gemini) - Non-Foil Edition — Nonfoil Edition,astrology lands gemini non foil edition nonfoil edition,secret_lair,48.81,,,,-0.6245,,,,,,,,,,71.25,,36.94,,-0.6245,"[""annRet"", ""artist"", ""compRank"", ""compScore"", ""conf"", ""covStatus"", ""dataConf"", ""dd"", ""drop"", ""family"", ""finish"", ""hist"", ""id"", ""incRet"", ""ipArtist"", ""liq"", ""mom"", ""msrp"", ""name"", ""obs"", ""peak"", ""price"", ""r30"", ""r365"", ""r90"", ""ras"", ""rec"", ""recScore"", ""rel"", ""risk"", ""scarcity"", ""score"", ""super"", ""ub"", ""value"", ""year""]"
secret_lair,SL-118CC96FD450B8,,Brain Dead: New Earth Mentality - Traditional Foil Edition — Foil Edition,brain dead new earth mentality traditional foil edition foil edition,secret_lair,61.75,,,,,,,,,,,,,,60.0,,42.48,,-0.3497,"[""annRet"", ""artist"", ""compRank"", ""compScore"", ""conf"", ""covStatus"", ""dataConf"", ""dd"", ""drop"", ""family"", ""finish"", ""hist"", ""id"", ""incRet"", ""ipArtist"", ""liq"", ""mom"", ""msrp"", ""name"", ""obs"", ""peak"", ""price"", ""r30"", ""r365"", ""r90"", ""ras"", ""rec"", ""recScore"", ""rel"", ""risk"", ""scarcity"", ""score"", ""super"", ""ub"", ""value"", ""year""]"
secret_lair,SL-47FD7A58931702,58931702,Dungeons & Dragons: Gale’s Ambition - Non-Foil Edition — Nonfoil Edition,dungeons and dragons gale s ambition non foil edition nonfoil edition,secret_lair,32.8,,,,,,,,,,,,,,60.0,,44.87,,-0.4532,"[""annRet"", ""artist"", ""compRank"", ""compScore"", ""conf"", ""covStatus"", ""dataConf"", ""dd"", ""drop"", ""family"", ""finish"", ""hist"", ""id"", ""incRet"", ""ipArtist"", ""liq"", ""mom"", ""msrp"", ""name"", ""obs"", ""peak"", ""price"", ""r30"", ""r365"", ""r90"", ""ras"", ""rec"", ""recScore"", ""rel"", ""risk"", ""scarcity"", ""score"", ""super"", ""ub"", ""value"", ""year""]"
secret_lair,SL-4BE57560047EB4,,Marvel's Deadpool: I Fixed It (You're Welcome) - Pool Party Foil Edition — Foil Edition,marvel s deadpool i fixed it you re welcome pool party foil edition foil edition,secret_lair,67.32,,,,,,,,,,,,,,55.01,,42.26,,0.0,"[""annRet"", ""artist"", ""compRank"", ""compScore"", ""conf"", ""covStatus"", ""dataConf"", ""dd"", ""drop"", ""family"", ""finish"", ""hist"", ""id"", ""incRet"", ""ipArtist"", ""liq"", ""mom"", ""msrp"", ""name"", ""obs"", ""peak"", ""price"", ""r30"", ""r365"", ""r90"", ""ras"", ""rec"", ""recScore"", ""rel"", ""risk"", ""scarcity"", ""score"", ""super"", ""ub"", ""value"", ""year""]"
secret_lair,SL-53E99BA82486AE,,Secretversary Superdrop 2023: Lara Croft's Adventuring Bundle - Foil Edition — Foil Edition,secretversary superdrop 2023 lara croft s adventuring bundle foil edition foil edition,secret_lair,182.0,,,,,,,,,,,,,,55.01,,42.47,,0.0,"[""annRet"", ""artist"", ""compRank"", ""compScore"", ""conf"", ""covStatus"", ""dataConf"", ""dd"", ""drop"", ""family"", ""finish"", ""hist"", ""id"", ""incRet"", ""ipArtist"", ""liq"", ""mom"", ""msrp"", ""name"", ""obs"", ""peak"", ""price"", ""r30"", ""r365"", ""r90"", ""ras"", ""rec"", ""recScore"", ""rel"", ""risk"", ""scarcity"", ""score"", ""super"", ""ub"", ""value"", ""year""]"
secret_lair,SL-B00E61FF6854EE,,Purr Majesty - Traditional Foil Edition — Foil Edition,purr majesty traditional foil edition foil edition,secret_lair,122.07,,,,,,,,,,,,,,55.01,,40.19,,-0.0105,"[""annRet"", ""artist"", ""compRank"", ""compScore"", ""conf"", ""covStatus"", ""dataConf"", ""dd"", ""drop"", ""family"", ""finish"", ""hist"", ""id"", ""incRet"", ""ipArtist"", ""liq"", ""mom"", ""msrp"", ""name"", ""obs"", ""peak"", ""price"", ""r30"", ""r365"", ""r90"", ""ras"", ""rec"", ""recScore"", ""rel"", ""risk"", ""scarcity"", ""score"", ""super"", ""ub"", ""value"", ""year""]"
secret_lair,SL-0430987FB34846,34846,Equinox Superdrop 2024: We Celebrate the Non-Foils Bundle — Nonfoil Edition,equinox superdrop 2024 we celebrate the non foils bundle nonfoil edition,secret_lair,399.99,,,,-0.2118,,,,,,,,,,71.25,,32.84,,-0.3989,"[""annRet"", ""artist"", ""compRank"", ""compScore"", ""conf"", ""covStatus"", ""dataConf"", ""dd"", ""drop"", ""family"", ""finish"", ""hist"", ""id"", ""incRet"", ""ipArtist"", ""liq"", ""mom"", ""msrp"", ""name"", ""obs"", ""peak"", ""price"", ""r30"", ""r365"", ""r90"", ""ras"", ""rec"", ""recScore"", ""rel"", ""risk"", ""scarcity"", ""score"", ""super"", ""ub"", ""value"", ""year""]"
secret_lair,SL-F14FB92D2DCBC6,,Witch's Familiar - Traditional Foil Edition — Foil Edition,witch s familiar traditional foil edition foil edition,secret_lair,92.47,,,,,,,,,,,,,,55.01,,40.19,,-0.0282,"[""annRet"", ""artist"", ""compRank"", ""compScore"", ""conf"", ""covStatus"", ""dataConf"", ""dd"", ""drop"", ""family"", ""finish"", ""hist"", ""id"", ""incRet"", ""ipArtist"", ""liq"", ""mom"", ""msrp"", ""name"", ""obs"", ""peak"", ""price"", ""r30"", ""r365"", ""r90"", ""ras"", ""rec"", ""recScore"", ""rel"", ""risk"", ""scarcity"", ""score"", ""super"", ""ub"", ""value"", ""year""]"
secret_lair,SL-FF8B50F46CBD31,,Fallout: Rad - Non-Foil Edition — Nonfoil Edition,fallout rad non foil edition nonfoil edition,secret_lair,42.78,,,,,,,,,,,,,,60.23,,43.4,,-0.3888,"[""annRet"", ""artist"", ""compRank"", ""compScore"", ""conf"", ""covStatus"", ""dataConf"", ""dd"", ""drop"", ""family"", ""finish"", ""hist"", ""id"", ""incRet"", ""ipArtist"", ""liq"", ""mom"", ""msrp"", ""name"", ""obs"", ""peak"", ""price"", ""r30"", ""r365"", ""r90"", ""ras"", ""rec"", ""recScore"", ""rel"", ""risk"", ""scarcity"", ""score"", ""super"", ""ub"", ""value"", ""year""]"
secret_lair,SL-CA46F5F5791EBB,,Roadshow Edition: So Salty - Traditional Foil Edition — Foil Edition,roadshow edition so salty traditional foil edition foil edition,secret_lair,85.44,,,,,,,,,,,,,,55.01,,40.96,,-0.2502,"[""annRet"", ""artist"", ""compRank"", ""compScore"", ""conf"", ""covStatus"", ""dataConf"", ""dd"", ""drop"", ""family"", ""finish"", ""hist"", ""id"", ""incRet"", ""ipArtist"", ""liq"", ""mom"", ""msrp"", ""name"", ""obs"", ""peak"", ""price"", ""r30"", ""r365"", ""r90"", ""ras"", ""rec"", ""recScore"", ""rel"", ""risk"", ""scarcity"", ""score"", ""super"", ""ub"", ""value"", ""year""]"
secret_lair,SL-97B83ADAA797E8,,Dungeons & Dragons: Strahd’s Descent - Non-Foil Edition — Nonfoil Edition,dungeons and dragons strahd s descent non foil edition nonfoil edition,secret_lair,41.01,,,,,,,,,,,,,,60.0,,41.26,,-0.4295,"[""annRet"", ""artist"", ""compRank"", ""compScore"", ""conf"", ""covStatus"", ""dataConf"", ""dd"", ""drop"", ""family"", ""finish"", ""hist"", ""id"", ""incRet"", ""ipArtist"", ""liq"", ""mom"", ""msrp"", ""name"", ""obs"", ""peak"", ""price"", ""r30"", ""r365"", ""r90"", ""ras"", ""rec"", ""recScore"", ""rel"", ""risk"", ""scarcity"", ""score"", ""super"", ""ub"", ""value"", ""year""]"
secret_lair,SL-373CCE73104F13,,Places to Trick or Treat Foil Lands Bundle — Foil Edition,places to trick or treat foil lands bundle foil edition,secret_lair,175.0,,,,,,,,,,,,,,55.01,,40.43,,0.0,"[""annRet"", ""artist"", ""compRank"", ""compScore"", ""conf"", ""covStatus"", ""dataConf"", ""dd"", ""drop"", ""family"", ""finish"", ""hist"", ""id"", ""incRet"", ""ipArtist"", ""liq"", ""mom"", ""msrp"", ""name"", ""obs"", ""peak"", ""price"", ""r30"", ""r365"", ""r90"", ""ras"", ""rec"", ""recScore"", ""rel"", ""risk"", ""scarcity"", ""score"", ""super"", ""ub"", ""value"", ""year""]"
secret_lair,SL-C2DA212EE2424D,,Prints Charming - Non-Foil Edition — Nonfoil Edition,prints charming non foil edition nonfoil edition,secret_lair,49.47,,,,,,,,,,,,,,60.0,,40.67,,-0.0925,"[""annRet"", ""artist"", ""compRank"", ""compScore"", ""conf"", ""covStatus"", ""dataConf"", ""dd"", ""drop"", ""family"", ""finish"", ""hist"", ""id"", ""incRet"", ""ipArtist"", ""liq"", ""mom"", ""msrp"", ""name"", ""obs"", ""peak"", ""price"", ""r30"", ""r365"", ""r90"", ""ras"", ""rec"", ""recScore"", ""rel"", ""risk"", ""scarcity"", ""score"", ""super"", ""ub"", ""value"", ""year""]"
secret_lair,SL-8BC0DEE34E59D2,,Featuring: Kevin Eastman (Inks) - Traditional Foil Edition — Foil Edition,featuring kevin eastman inks traditional foil edition foil edition,secret_lair,45.56,,,,,,,,,,,,,,55.01,,40.56,,-0.0796,"[""annRet"", ""artist"", ""compRank"", ""compScore"", ""conf"", ""covStatus"", ""dataConf"", ""dd"", ""drop"", ""family"", ""finish"", ""hist"", ""id"", ""incRet"", ""ipArtist"", ""liq"", ""mom"", ""msrp"", ""name"", ""obs"", ""peak"", ""price"", ""r30"", ""r365"", ""r90"", ""ras"", ""rec"", ""recScore"", ""rel"", ""risk"", ""scarcity"", ""score"", ""super"", ""ub"", ""value"", ""year""]"
secret_lair,SL-908B8F97F7A4CA,,Cats of Chaos - Traditional Foil Edition — Foil Edition,cats of chaos traditional foil edition foil edition,secret_lair,57.7,,,,,,,,,,,,,,55.01,,40.19,,-0.175,"[""annRet"", ""artist"", ""compRank"", ""compScore"", ""conf"", ""covStatus"", ""dataConf"", ""dd"", ""drop"", ""family"", ""finish"", ""hist"", ""id"", ""incRet"", ""ipArtist"", ""liq"", ""mom"", ""msrp"", ""name"", ""obs"", ""peak"", ""price"", ""r30"", ""r365"", ""r90"", ""ras"", ""rec"", ""recScore"", ""rel"", ""risk"", ""scarcity"", ""score"", ""super"", ""ub"", ""value"", ""year""]"
secret_lair,SL-55E97B4006F89E,,Dungeons & Dragons: Shadowheart’s Devotion - Non-Foil Edition — Nonfoil Edition,dungeons and dragons shadowheart s devotion non foil edition nonfoil edition,secret_lair,64.74,,,,,,,,,,,,,,60.0,,41.29,,-0.1919,"[""annRet"", ""artist"", ""compRank"", ""compScore"", ""conf"", ""covStatus"", ""dataConf"", ""dd"", ""drop"", ""family"", ""finish"", ""hist"", ""id"", ""incRet"", ""ipArtist"", ""liq"", ""mom"", ""msrp"", ""name"", ""obs"", ""peak"", ""price"", ""r30"", ""r365"", ""r90"", ""ras"", ""rec"", ""recScore"", ""rel"", ""risk"", ""scarcity"", ""score"", ""super"", ""ub"", ""value"", ""year""]"
secret_lair,SL-13874C5D848C73,,Fallout: Beyond Vault 33 - Traditional Foil Edition — Foil Edition,fallout beyond vault 33 traditional foil edition foil edition,secret_lair,35.23,,,,,,,,,,,,,,60.23,,39.61,,-0.8146,"[""annRet"", ""artist"", ""compRank"", ""compScore"", ""conf"", ""covStatus"", ""dataConf"", ""dd"", ""drop"", ""family"", ""finish"", ""hist"", ""id"", ""incRet"", ""ipArtist"", ""liq"", ""mom"", ""msrp"", ""name"", ""obs"", ""peak"", ""price"", ""r30"", ""r365"", ""r90"", ""ras"", ""rec"", ""recScore"", ""rel"", ""risk"", ""scarcity"", ""score"", ""super"", ""ub"", ""value"", ""year""]"
secret_lair,SL-CFD92A398D8349,8349,Return to Mystical Archive - Traditional Foil Edition — Foil Edition,return to mystical archive traditional foil edition foil edition,secret_lair,79.98,,,,,,,,,,,,,,55.01,,40.19,,0.0,"[""annRet"", ""artist"", ""compRank"", ""compScore"", ""conf"", ""covStatus"", ""dataConf"", ""dd"", ""drop"", ""family"", ""finish"", ""hist"", ""id"", ""incRet"", ""ipArtist"", ""liq"", ""mom"", ""msrp"", ""name"", ""obs"", ""peak"", ""price"", ""r30"", ""r365"", ""r90"", ""ras"", ""rec"", ""recScore"", ""rel"", ""risk"", ""scarcity"", ""score"", ""super"", ""ub"", ""value"", ""year""]"
secret_lair,SL-A15A9EF8FFC0C3,,Dungeons & Dragons: Shadows Over Baldur’s Gate - Non-Foil Edition — Nonfoil Edition,dungeons and dragons shadows over baldur s gate non foil edition nonfoil edition,secret_lair,36.03,,,,,,,,,,,,,,60.0,,40.18,,-0.3202,"[""annRet"", ""artist"", ""compRank"", ""compScore"", ""conf"", ""covStatus"", ""dataConf"", ""dd"", ""drop"", ""family"", ""finish"", ""hist"", ""id"", ""incRet"", ""ipArtist"", ""liq"", ""mom"", ""msrp"", ""name"", ""obs"", ""peak"", ""price"", ""r30"", ""r365"", ""r90"", ""ras"", ""rec"", ""recScore"", ""rel"", ""risk"", ""scarcity"", ""score"", ""super"", ""ub"", ""value"", ""year""]"
secret_lair,SL-FBADB7587BFD9A,,Astrology Lands (Pisces) Bundle - Traditional Foil Edition — Foil Edition,astrology lands pisces bundle traditional foil edition foil edition,secret_lair,29.99,,,,,,,,,,,,,,43.05,,37.44,,0.0,"[""annRet"", ""artist"", ""compRank"", ""compScore"", ""conf"", ""covStatus"", ""dataConf"", ""dd"", ""drop"", ""family"", ""finish"", ""hist"", ""id"", ""incRet"", ""ipArtist"", ""liq"", ""mom"", ""msrp"", ""name"", ""obs"", ""peak"", ""price"", ""r30"", ""r365"", ""r90"", ""ras"", ""rec"", ""recScore"", ""rel"", ""risk"", ""scarcity"", ""score"", ""super"", ""ub"", ""value"", ""year""]"
secret_lair,SL-3D01D7D0EAE8CA,,Viva Las Rakdos - Foil Edition — Foil Edition,viva las rakdos foil edition foil edition,secret_lair,39.33,,,,,,,,,,,,,,55.01,,42.52,,-0.5459,"[""annRet"", ""artist"", ""compRank"", ""compScore"", ""conf"", ""covStatus"", ""dataConf"", ""dd"", ""drop"", ""family"", ""finish"", ""hist"", ""id"", ""incRet"", ""ipArtist"", ""liq"", ""mom"", ""msrp"", ""name"", ""obs"", ""peak"", ""price"", ""r30"", ""r365"", ""r90"", ""ras"", ""rec"", ""recScore"", ""rel"", ""risk"", ""scarcity"", ""score"", ""super"", ""ub"", ""value"", ""year""]"
secret_lair,SL-9FDDEAE495C5DE,,Dungeons & Dragons: Black Lights & Dark Dungeons - Non-Foil Edition — Nonfoil Edition,dungeons and dragons black lights and dark dungeons non foil edition nonfoil edition,secret_lair,79.65,,,,,,,,,,,,,,60.0,,43.78,,-0.3428,"[""annRet"", ""artist"", ""compRank"", ""compScore"", ""conf"", ""covStatus"", ""dataConf"", ""dd"", ""drop"", ""family"", ""finish"", ""hist"", ""id"", ""incRet"", ""ipArtist"", ""liq"", ""mom"", ""msrp"", ""name"", ""obs"", ""peak"", ""price"", ""r30"", ""r365"", ""r90"", ""ras"", ""rec"", ""recScore"", ""rel"", ""risk"", ""scarcity"", ""score"", ""super"", ""ub"", ""value"", ""year""]"
secret_lair,SL-0D989A557A9D90,,Garfield: As Intended - Traditional Foil Edition — Foil Edition,garfield as intended traditional foil edition foil edition,secret_lair,44.74,,,,,,,,,,,,,,55.01,,40.19,,-0.1581,"[""annRet"", ""artist"", ""compRank"", ""compScore"", ""conf"", ""covStatus"", ""dataConf"", ""dd"", ""drop"", ""family"", ""finish"", ""hist"", ""id"", ""incRet"", ""ipArtist"", ""liq"", ""mom"", ""msrp"", ""name"", ""obs"", ""peak"", ""price"", ""r30"", ""r365"", ""r90"", ""ras"", ""rec"", ""recScore"", ""rel"", ""risk"", ""scarcity"", ""score"", ""super"", ""ub"", ""value"", ""year""]"
secret_lair,SL-1300E73CDDA9B5,,Fallout: Greet the Dog - Non-Foil Edition — Nonfoil Edition,fallout greet the dog non foil edition nonfoil edition,secret_lair,41.23,,,,,,,,,,,,,,60.23,,44.19,,-0.7251,"[""annRet"", ""artist"", ""compRank"", ""compScore"", ""conf"", ""covStatus"", ""dataConf"", ""dd"", ""drop"", ""family"", ""finish"", ""hist"", ""id"", ""incRet"", ""ipArtist"", ""liq"", ""mom"", ""msrp"", ""name"", ""obs"", ""peak"", ""price"", ""r30"", ""r365"", ""r90"", ""ras"", ""rec"", ""recScore"", ""rel"", ""risk"", ""scarcity"", ""score"", ""super"", ""ub"", ""value"", ""year""]"
secret_lair,SL-7C2B424B1C7969,7969,Featuring: Kevin Eastman (Colors) - Traditional Foil Edition — Foil Edition,featuring kevin eastman colors traditional foil edition foil edition,secret_lair,37.43,,,,,,,,,,,,,,55.01,,37.79,,-0.222,"[""annRet"", ""artist"", ""compRank"", ""compScore"", ""conf"", ""covStatus"", ""dataConf"", ""dd"", ""drop"", ""family"", ""finish"", ""hist"", ""id"", ""incRet"", ""ipArtist"", ""liq"", ""mom"", ""msrp"", ""name"", ""obs"", ""peak"", ""price"", ""r30"", ""r365"", ""r90"", ""ras"", ""rec"", ""recScore"", ""rel"", ""risk"", ""scarcity"", ""score"", ""super"", ""ub"", ""value"", ""year""]"
secret_lair,SL-F8091FD6F7CD83,,Astrology Lands (Gemini) Bundle - Traditional Foil Edition — Foil Edition,astrology lands gemini bundle traditional foil edition foil edition,secret_lair,39.99,,,,,,,,,,,,,,43.05,,37.44,,0.0,"[""annRet"", ""artist"", ""compRank"", ""compScore"", ""conf"", ""covStatus"", ""dataConf"", ""dd"", ""drop"", ""family"", ""finish"", ""hist"", ""id"", ""incRet"", ""ipArtist"", ""liq"", ""mom"", ""msrp"", ""name"", ""obs"", ""peak"", ""price"", ""r30"", ""r365"", ""r90"", ""ras"", ""rec"", ""recScore"", ""rel"", ""risk"", ""scarcity"", ""score"", ""super"", ""ub"", ""value"", ""year""]"
secret_lair,SL-AB56800C1F600A,,Fallout: Promo - Silver Shroud Costume - Traditional Foil Edition — Foil Edition,fallout promo silver shroud costume traditional foil edition foil edition,secret_lair,20.12,,,,,,,,,,,,,,55.01,,40.19,,-0.1606,"[""annRet"", ""artist"", ""compRank"", ""compScore"", ""conf"", ""covStatus"", ""dataConf"", ""dd"", ""drop"", ""family"", ""finish"", ""hist"", ""id"", ""incRet"", ""ipArtist"", ""liq"", ""mom"", ""msrp"", ""name"", ""obs"", ""peak"", ""price"", ""r30"", ""r365"", ""r90"", ""ras"", ""rec"", ""recScore"", ""rel"", ""risk"", ""scarcity"", ""score"", ""super"", ""ub"", ""value"", ""year""]"
secret_lair,SL-33FFFBC2DAC5E2,,Cats Are the Best Superdrop: Laser Focus Foil Bundle — Foil Edition,cats are the best superdrop laser focus foil bundle foil edition,secret_lair,491.0,,,,,,,,,,,,,,55.01,,40.19,,-0.042,"[""annRet"", ""artist"", ""compRank"", ""compScore"", ""conf"", ""covStatus"", ""dataConf"", ""dd"", ""drop"", ""family"", ""finish"", ""hist"", ""id"", ""incRet"", ""ipArtist"", ""liq"", ""mom"", ""msrp"", ""name"", ""obs"", ""peak"", ""price"", ""r30"", ""r365"", ""r90"", ""ras"", ""rec"", ""recScore"", ""rel"", ""risk"", ""scarcity"", ""score"", ""super"", ""ub"", ""value"", ""year""]"
secret_lair,SL-A0A3FDF7E0BD6D,,Teenage Mutant Ninja Turtles: The Last Ronin - Non-Foil Edition — Nonfoil Edition,teenage mutant ninja turtles the last ronin non foil edition nonfoil edition,secret_lair,49.11,,,,,,,,,,,,,,55.01,,41.47,,0.0,"[""annRet"", ""artist"", ""compRank"", ""compScore"", ""conf"", ""covStatus"", ""dataConf"", ""dd"", ""drop"", ""family"", ""finish"", ""hist"", ""id"", ""incRet"", ""ipArtist"", ""liq"", ""mom"", ""msrp"", ""name"", ""obs"", ""peak"", ""price"", ""r30"", ""r365"", ""r90"", ""ras"", ""rec"", ""recScore"", ""rel"", ""risk"", ""scarcity"", ""score"", ""super"", ""ub"", ""value"", ""year""]"
secret_lair,SL-0D7734D027859B,,Garfield: Motivationally Challenged - Traditional Foil Edition — Foil Edition,garfield motivationally challenged traditional foil edition foil edition,secret_lair,44.87,,,,,,,,,,,,,,55.01,,40.19,,-0.0414,"[""annRet"", ""artist"", ""compRank"", ""compScore"", ""conf"", ""covStatus"", ""dataConf"", ""dd"", ""drop"", ""family"", ""finish"", ""hist"", ""id"", ""incRet"", ""ipArtist"", ""liq"", ""mom"", ""msrp"", ""name"", ""obs"", ""peak"", ""price"", ""r30"", ""r365"", ""r90"", ""ras"", ""rec"", ""recScore"", ""rel"", ""risk"", ""scarcity"", ""score"", ""super"", ""ub"", ""value"", ""year""]"
secret_lair,SL-47D0706F022868,022868,"Marvel: Arcane Signet as ""Earth's Mightiest Emblem"" - Rainbow Foil Edition — Foil Edition",marvel arcane signet as earth s mightiest emblem rainbow foil edition foil edition,secret_lair,42.14,,,,,,,,,,,,,,55.01,,40.19,,-0.0528,"[""annRet"", ""artist"", ""compRank"", ""compScore"", ""conf"", ""covStatus"", ""dataConf"", ""dd"", ""drop"", ""family"", ""finish"", ""hist"", ""id"", ""incRet"", ""ipArtist"", ""liq"", ""mom"", ""msrp"", ""name"", ""obs"", ""peak"", ""price"", ""r30"", ""r365"", ""r90"", ""ras"", ""rec"", ""recScore"", ""rel"", ""risk"", ""scarcity"", ""score"", ""super"", ""ub"", ""value"", ""year""]"
secret_lair,SL-E2DB1B58657D1A,,Fallout: Welcome to New Vegas - Non-Foil Edition — Nonfoil Edition,fallout welcome to new vegas non foil edition nonfoil edition,secret_lair,39.86,,,,,,,,,,,,,,60.23,,42.44,,-0.7251,"[""annRet"", ""artist"", ""compRank"", ""compScore"", ""conf"", ""covStatus"", ""dataConf"", ""dd"", ""drop"", ""family"", ""finish"", ""hist"", ""id"", ""incRet"", ""ipArtist"", ""liq"", ""mom"", ""msrp"", ""name"", ""obs"", ""peak"", ""price"", ""r30"", ""r365"", ""r90"", ""ras"", ""rec"", ""recScore"", ""rel"", ""risk"", ""scarcity"", ""score"", ""super"", ""ub"", ""value"", ""year""]"
secret_lair,SL-90A9B91CE326E6,,Inked - Rainbow Foil Edition — Foil Edition,inked rainbow foil edition foil edition,secret_lair,57.86,,,,,,,,,,,,,,55.01,,40.16,,-0.0471,"[""annRet"", ""artist"", ""compRank"", ""compScore"", ""conf"", ""covStatus"", ""dataConf"", ""dd"", ""drop"", ""family"", ""finish"", ""hist"", ""id"", ""incRet"", ""ipArtist"", ""liq"", ""mom"", ""msrp"", ""name"", ""obs"", ""peak"", ""price"", ""r30"", ""r365"", ""r90"", ""ras"", ""rec"", ""recScore"", ""rel"", ""risk"", ""scarcity"", ""score"", ""super"", ""ub"", ""value"", ""year""]"
secret_lair,SL-189ED14E304342,304342,My Little Pony: Friendship is Magic - Traditional Foil Edition — Foil Edition,my little pony friendship is magic traditional foil edition foil edition,secret_lair,59.72,,,,,,,,,,,,,,55.01,,40.19,,-0.1134,"[""annRet"", ""artist"", ""compRank"", ""compScore"", ""conf"", ""covStatus"", ""dataConf"", ""dd"", ""drop"", ""family"", ""finish"", ""hist"", ""id"", ""incRet"", ""ipArtist"", ""liq"", ""mom"", ""msrp"", ""name"", ""obs"", ""peak"", ""price"", ""r30"", ""r365"", ""r90"", ""ras"", ""rec"", ""recScore"", ""rel"", ""risk"", ""scarcity"", ""score"", ""super"", ""ub"", ""value"", ""year""]"
secret_lair,SL-CEFFC6DB7F7ABD,,December Superdrop Non-Foil Bundle — Nonfoil Edition,december superdrop non foil bundle nonfoil edition,secret_lair,535.99,,,,,,,,,,,,,,60.0,,39.29,,0.0,"[""annRet"", ""artist"", ""compRank"", ""compScore"", ""conf"", ""covStatus"", ""dataConf"", ""dd"", ""drop"", ""family"", ""finish"", ""hist"", ""id"", ""incRet"", ""ipArtist"", ""liq"", ""mom"", ""msrp"", ""name"", ""obs"", ""peak"", ""price"", ""r30"", ""r365"", ""r90"", ""ras"", ""rec"", ""recScore"", ""rel"", ""risk"", ""scarcity"", ""score"", ""super"", ""ub"", ""value"", ""year""]"
secret_lair,SL-94AFDF17C76C12,,Felix the Cat: Magic Bag of Tricks - Traditional Foil Edition — Foil Edition,felix the cat magic bag of tricks traditional foil edition foil edition,secret_lair,53.86,,,,,,,,,,,,,,55.01,,40.19,,-0.138,"[""annRet"", ""artist"", ""compRank"", ""compScore"", ""conf"", ""covStatus"", ""dataConf"", ""dd"", ""drop"", ""family"", ""finish"", ""hist"", ""id"", ""incRet"", ""ipArtist"", ""liq"", ""mom"", ""msrp"", ""name"", ""obs"", ""peak"", ""price"", ""r30"", ""r365"", ""r90"", ""ras"", ""rec"", ""recScore"", ""rel"", ""risk"", ""scarcity"", ""score"", ""super"", ""ub"", ""value"", ""year""]"
secret_lair,SL-DD3248D210AC90,,"Bugs, Bands & Blockbusters Bundle - Traditional Foil Edition — Foil Edition",bugs bands and blockbusters bundle traditional foil edition foil edition,secret_lair,159.68,,,,,,,,,,,,,,55.01,,38.92,,-0.0005,"[""annRet"", ""artist"", ""compRank"", ""compScore"", ""conf"", ""covStatus"", ""dataConf"", ""dd"", ""drop"", ""family"", ""finish"", ""hist"", ""id"", ""incRet"", ""ipArtist"", ""liq"", ""mom"", ""msrp"", ""name"", ""obs"", ""peak"", ""price"", ""r30"", ""r365"", ""r90"", ""ras"", ""rec"", ""recScore"", ""rel"", ""risk"", ""scarcity"", ""score"", ""super"", ""ub"", ""value"", ""year""]"
secret_lair,SL-C53B25CD55720F,,Dungeons & Dragons: Lands of the Forgotten Realms - Non-Foil Edition — Nonfoil Edition,dungeons and dragons lands of the forgotten realms non foil edition nonfoil edition,secret_lair,34.79,,,,,,,,,,,,,,60.0,,39.99,,-0.4201,"[""annRet"", ""artist"", ""compRank"", ""compScore"", ""conf"", ""covStatus"", ""dataConf"", ""dd"", ""drop"", ""family"", ""finish"", ""hist"", ""id"", ""incRet"", ""ipArtist"", ""liq"", ""mom"", ""msrp"", ""name"", ""obs"", ""peak"", ""price"", ""r30"", ""r365"", ""r90"", ""ras"", ""rec"", ""recScore"", ""rel"", ""risk"", ""scarcity"", ""score"", ""super"", ""ub"", ""value"", ""year""]"
secret_lair,SL-B8DCA91EB62983,62983,My Little Pony: The Lands of Equestria - Traditional Foil Edition — Foil Edition,my little pony the lands of equestria traditional foil edition foil edition,secret_lair,57.49,,,,,,,,,,,,,,55.01,,40.19,,0.0,"[""annRet"", ""artist"", ""compRank"", ""compScore"", ""conf"", ""covStatus"", ""dataConf"", ""dd"", ""drop"", ""family"", ""finish"", ""hist"", ""id"", ""incRet"", ""ipArtist"", ""liq"", ""mom"", ""msrp"", ""name"", ""obs"", ""peak"", ""price"", ""r30"", ""r365"", ""r90"", ""ras"", ""rec"", ""recScore"", ""rel"", ""risk"", ""scarcity"", ""score"", ""super"", ""ub"", ""value"", ""year""]"
secret_lair,SL-52AD75C0AF1006,1006,Teenage Mutant Ninja Turtles: VHS Villains - Non-Foil Edition — Nonfoil Edition,teenage mutant ninja turtles vhs villains non foil edition nonfoil edition,secret_lair,58.79,,,,,,,,,,,,,,55.01,,40.46,,0.0,"[""annRet"", ""artist"", ""compRank"", ""compScore"", ""conf"", ""covStatus"", ""dataConf"", ""dd"", ""drop"", ""family"", ""finish"", ""hist"", ""id"", ""incRet"", ""ipArtist"", ""liq"", ""mom"", ""msrp"", ""name"", ""obs"", ""peak"", ""price"", ""r30"", ""r365"", ""r90"", ""ras"", ""rec"", ""recScore"", ""rel"", ""risk"", ""scarcity"", ""score"", ""super"", ""ub"", ""value"", ""year""]"
secret_lair,SL-B5552250031A5D,,Toby's Journey By Gary Baseman - Traditional Foil Edition — Foil Edition,toby s journey by gary baseman traditional foil edition foil edition,secret_lair,46.95,,,,,,,,,,,,,,55.01,,40.19,,-0.2284,"[""annRet"", ""artist"", ""compRank"", ""compScore"", ""conf"", ""covStatus"", ""dataConf"", ""dd"", ""drop"", ""family"", ""finish"", ""hist"", ""id"", ""incRet"", ""ipArtist"", ""liq"", ""mom"", ""msrp"", ""name"", ""obs"", ""peak"", ""price"", ""r30"", ""r365"", ""r90"", ""ras"", ""rec"", ""recScore"", ""rel"", ""risk"", ""scarcity"", ""score"", ""super"", ""ub"", ""value"", ""year""]"
secret_lair,SL-76D63CDFA651CA,,Secretversary Superdrop 2023: Holiday Gift Bag Bundle - Foil Edition — Foil Edition,secretversary superdrop 2023 holiday gift bag bundle foil edition foil edition,secret_lair,150.0,,,,,,,,,,,,,,43.05,,37.44,,0.0,"[""annRet"", ""artist"", ""compRank"", ""compScore"", ""conf"", ""covStatus"", ""dataConf"", ""dd"", ""drop"", ""family"", ""finish"", ""hist"", ""id"", ""incRet"", ""ipArtist"", ""liq"", ""mom"", ""msrp"", ""name"", ""obs"", ""peak"", ""price"", ""r30"", ""r365"", ""r90"", ""ras"", ""rec"", ""recScore"", ""rel"", ""risk"", ""scarcity"", ""score"", ""super"", ""ub"", ""value"", ""year""]"
secret_lair,SL-81FFD366420F3A,,Dwarf Fortress: Create New World - Traditional Foil Edition — Foil Edition,dwarf fortress create new world traditional foil edition foil edition,secret_lair,68.13,,,,,,,,,,,,,,55.01,,40.19,,-0.0528,"[""annRet"", ""artist"", ""compRank"", ""compScore"", ""conf"", ""covStatus"", ""dataConf"", ""dd"", ""drop"", ""family"", ""finish"", ""hist"", ""id"", ""incRet"", ""ipArtist"", ""liq"", ""mom"", ""msrp"", ""name"", ""obs"", ""peak"", ""price"", ""r30"", ""r365"", ""r90"", ""ras"", ""rec"", ""recScore"", ""rel"", ""risk"", ""scarcity"", ""score"", ""super"", ""ub"", ""value"", ""year""]"
secret_lair,SL-00DFD5FAF7A6FF,,Dungeons & Dragons: Whispers in Candlekeep - Non-Foil Edition — Nonfoil Edition,dungeons and dragons whispers in candlekeep non foil edition nonfoil edition,secret_lair,59.37,,,,,,,,,,,,,,60.0,,39.34,,-0.4693,"[""annRet"", ""artist"", ""compRank"", ""compScore"", ""conf"", ""covStatus"", ""dataConf"", ""dd"", ""drop"", ""family"", ""finish"", ""hist"", ""id"", ""incRet"", ""ipArtist"", ""liq"", ""mom"", ""msrp"", ""name"", ""obs"", ""peak"", ""price"", ""r30"", ""r365"", ""r90"", ""ras"", ""rec"", ""recScore"", ""rel"", ""risk"", ""scarcity"", ""score"", ""super"", ""ub"", ""value"", ""year""]"
secret_lair,SL-4E3DD31A8F10CD,,Omens of Chaos - Traditional Foil Edition — Foil Edition,omens of chaos traditional foil edition foil edition,secret_lair,202.49,,,,,,,,,,,,,,43.05,,37.44,,0.0,"[""annRet"", ""artist"", ""compRank"", ""compScore"", ""conf"", ""covStatus"", ""dataConf"", ""dd"", ""drop"", ""family"", ""finish"", ""hist"", ""id"", ""incRet"", ""ipArtist"", ""liq"", ""mom"", ""msrp"", ""name"", ""obs"", ""peak"", ""price"", ""r30"", ""r365"", ""r90"", ""ras"", ""rec"", ""recScore"", ""rel"", ""risk"", ""scarcity"", ""score"", ""super"", ""ub"", ""value"", ""year""]"
secret_lair,SL-22B841990DAC1F,,Back in My Day! - Traditional Foil Edition — Foil Edition,back in my day traditional foil edition foil edition,secret_lair,46.42,,,,,,,,,,,,,,55.01,,37.59,,-0.1756,"[""annRet"", ""artist"", ""compRank"", ""compScore"", ""conf"", ""covStatus"", ""dataConf"", ""dd"", ""drop"", ""family"", ""finish"", ""hist"", ""id"", ""incRet"", ""ipArtist"", ""liq"", ""mom"", ""msrp"", ""name"", ""obs"", ""peak"", ""price"", ""r30"", ""r365"", ""r90"", ""ras"", ""rec"", ""recScore"", ""rel"", ""risk"", ""scarcity"", ""score"", ""super"", ""ub"", ""value"", ""year""]"
secret_lair,SL-3F3C86FF9BD9C8,,Marvel's Deadpool: I Fixed It (You're Welcome) - Non-Foil Edition — Nonfoil Edition,marvel s deadpool i fixed it you re welcome non foil edition nonfoil edition,secret_lair,34.76,,,,,,,,,,,,,,55.01,,37.51,,-0.0648,"[""annRet"", ""artist"", ""compRank"", ""compScore"", ""conf"", ""covStatus"", ""dataConf"", ""dd"", ""drop"", ""family"", ""finish"", ""hist"", ""id"", ""incRet"", ""ipArtist"", ""liq"", ""mom"", ""msrp"", ""name"", ""obs"", ""peak"", ""price"", ""r30"", ""r365"", ""r90"", ""ras"", ""rec"", ""recScore"", ""rel"", ""risk"", ""scarcity"", ""score"", ""super"", ""ub"", ""value"", ""year""]"
secret_lair,SL-2D3F3FFB5E9435,9435,Garfield: Our Only Thought Is To Entertain You - Traditional Foil Edition — Foil Edition,garfield our only thought is to entertain you traditional foil edition foil edition,secret_lair,54.99,,,,,,,,,,,,,,43.05,,37.44,,0.0,"[""annRet"", ""artist"", ""compRank"", ""compScore"", ""conf"", ""covStatus"", ""dataConf"", ""dd"", ""drop"", ""family"", ""finish"", ""hist"", ""id"", ""incRet"", ""ipArtist"", ""liq"", ""mom"", ""msrp"", ""name"", ""obs"", ""peak"", ""price"", ""r30"", ""r365"", ""r90"", ""ras"", ""rec"", ""recScore"", ""rel"", ""risk"", ""scarcity"", ""score"", ""super"", ""ub"", ""value"", ""year""]"
secret_lair,SL-22CD7E1A6B7A30,,Teenage Mutant Ninja Turtles: The Mighty Mutanimals - Non-Foil Edition — Nonfoil Edition,teenage mutant ninja turtles the mighty mutanimals non foil edition nonfoil edition,secret_lair,47.76,,,,,,,,,,,,,,55.01,,39.07,,-0.0291,"[""annRet"", ""artist"", ""compRank"", ""compScore"", ""conf"", ""covStatus"", ""dataConf"", ""dd"", ""drop"", ""family"", ""finish"", ""hist"", ""id"", ""incRet"", ""ipArtist"", ""liq"", ""mom"", ""msrp"", ""name"", ""obs"", ""peak"", ""price"", ""r30"", ""r365"", ""r90"", ""ras"", ""rec"", ""recScore"", ""rel"", ""risk"", ""scarcity"", ""score"", ""super"", ""ub"", ""value"", ""year""]"
secret_lair,SL-3F0275C619056A,,Fallout: Rad Superdrop: The Vault-Issue Non-Foil Bundle — Nonfoil Edition,fallout rad superdrop the vault issue non foil bundle nonfoil edition,secret_lair,167.9,,,,,,,,,,,,,,60.23,,39.82,,-0.6269,"[""annRet"", ""artist"", ""compRank"", ""compScore"", ""conf"", ""covStatus"", ""dataConf"", ""dd"", ""drop"", ""family"", ""finish"", ""hist"", ""id"", ""incRet"", ""ipArtist"", ""liq"", ""mom"", ""msrp"", ""name"", ""obs"", ""peak"", ""price"", ""r30"", ""r365"", ""r90"", ""ras"", ""rec"", ""recScore"", ""rel"", ""risk"", ""scarcity"", ""score"", ""super"", ""ub"", ""value"", ""year""]"
secret_lair,SL-F8A34E5202D218,,Brain Dead: New Earth Mentality - Non-Foil Edition — Nonfoil Edition,brain dead new earth mentality non foil edition nonfoil edition,secret_lair,43.9,,,,,,,,,,,,,,60.0,,37.76,,-0.5483,"[""annRet"", ""artist"", ""compRank"", ""compScore"", ""conf"", ""covStatus"", ""dataConf"", ""dd"", ""drop"", ""family"", ""finish"", ""hist"", ""id"", ""incRet"", ""ipArtist"", ""liq"", ""mom"", ""msrp"", ""name"", ""obs"", ""peak"", ""price"", ""r30"", ""r365"", ""r90"", ""ras"", ""rec"", ""recScore"", ""rel"", ""risk"", ""scarcity"", ""score"", ""super"", ""ub"", ""value"", ""year""]"
secret_lair,SL-27F53952DEB63B,,Maho Gakuin Seishun Hakusho - Traditional Foil Edition — Foil Edition,maho gakuin seishun hakusho traditional foil edition foil edition,secret_lair,85.48,,,,,,,,,,,,,,43.05,,37.44,,0.0,"[""annRet"", ""artist"", ""compRank"", ""compScore"", ""conf"", ""covStatus"", ""dataConf"", ""dd"", ""drop"", ""family"", ""finish"", ""hist"", ""id"", ""incRet"", ""ipArtist"", ""liq"", ""mom"", ""msrp"", ""name"", ""obs"", ""peak"", ""price"", ""r30"", ""r365"", ""r90"", ""ras"", ""rec"", ""recScore"", ""rel"", ""risk"", ""scarcity"", ""score"", ""super"", ""ub"", ""value"", ""year""]"
secret_lair,SL-FA32CF1A49D1D5,,Notebook Genius - Traditional Foil Edition — Foil Edition,notebook genius traditional foil edition foil edition,secret_lair,74.99,,,,,,,,,,,,,,43.05,,37.44,,0.0,"[""annRet"", ""artist"", ""compRank"", ""compScore"", ""conf"", ""covStatus"", ""dataConf"", ""dd"", ""drop"", ""family"", ""finish"", ""hist"", ""id"", ""incRet"", ""ipArtist"", ""liq"", ""mom"", ""msrp"", ""name"", ""obs"", ""peak"", ""price"", ""r30"", ""r365"", ""r90"", ""ras"", ""rec"", ""recScore"", ""rel"", ""risk"", ""scarcity"", ""score"", ""super"", ""ub"", ""value"", ""year""]"
secret_lair,SL-38870530CF4440,4440,Roll for Initiative Superdrop: The Bag of Holding Non-Foil Bundle — Nonfoil Edition,roll for initiative superdrop the bag of holding non foil bundle nonfoil edition,secret_lair,402.05,,,,,,,,,,,,,,55.01,,44.12,,0.0,"[""annRet"", ""artist"", ""compRank"", ""compScore"", ""conf"", ""covStatus"", ""dataConf"", ""dd"", ""drop"", ""family"", ""finish"", ""hist"", ""id"", ""incRet"", ""ipArtist"", ""liq"", ""mom"", ""msrp"", ""name"", ""obs"", ""peak"", ""price"", ""r30"", ""r365"", ""r90"", ""ras"", ""rec"", ""recScore"", ""rel"", ""risk"", ""scarcity"", ""score"", ""super"", ""ub"", ""value"", ""year""]"
secret_lair,SL-94D47F07F61A0F,,Featuring: Stan Sakai - Non-Foil Edition — Nonfoil Edition,featuring stan sakai non foil edition nonfoil edition,secret_lair,47.66,,,,,,,,,,,,,,55.01,,38.21,,-0.1187,"[""annRet"", ""artist"", ""compRank"", ""compScore"", ""conf"", ""covStatus"", ""dataConf"", ""dd"", ""drop"", ""family"", ""finish"", ""hist"", ""id"", ""incRet"", ""ipArtist"", ""liq"", ""mom"", ""msrp"", ""name"", ""obs"", ""peak"", ""price"", ""r30"", ""r365"", ""r90"", ""ras"", ""rec"", ""recScore"", ""rel"", ""risk"", ""scarcity"", ""score"", ""super"", ""ub"", ""value"", ""year""]"
secret_lair,SL-77B45F83FF98D9,,The Eyes Have It - Non-Foil Edition — Nonfoil Edition,the eyes have it non foil edition nonfoil edition,secret_lair,38.0,,,,,,,,,,,,,,55.01,,36.89,,-0.3323,"[""annRet"", ""artist"", ""compRank"", ""compScore"", ""conf"", ""covStatus"", ""dataConf"", ""dd"", ""drop"", ""family"", ""finish"", ""hist"", ""id"", ""incRet"", ""ipArtist"", ""liq"", ""mom"", ""msrp"", ""name"", ""obs"", ""peak"", ""price"", ""r30"", ""r365"", ""r90"", ""ras"", ""rec"", ""recScore"", ""rel"", ""risk"", ""scarcity"", ""score"", ""super"", ""ub"", ""value"", ""year""]"
secret_lair,SL-38D62E44CA4044,4044,Felix the Cat: Magic Bag of Tricks - Non-Foil Edition — Nonfoil Edition,felix the cat magic bag of tricks non foil edition nonfoil edition,secret_lair,42.96,,,,,,,,,,,,,,55.01,,36.89,,-0.1039,"[""annRet"", ""artist"", ""compRank"", ""compScore"", ""conf"", ""covStatus"", ""dataConf"", ""dd"", ""drop"", ""family"", ""finish"", ""hist"", ""id"", ""incRet"", ""ipArtist"", ""liq"", ""mom"", ""msrp"", ""name"", ""obs"", ""peak"", ""price"", ""r30"", ""r365"", ""r90"", ""ras"", ""rec"", ""recScore"", ""rel"", ""risk"", ""scarcity"", ""score"", ""super"", ""ub"", ""value"", ""year""]"
secret_lair,SL-62C80AB34D9CC5,,Back to School Superdrop: Spirit Week All Foils Bundle — Foil Edition,back to school superdrop spirit week all foils bundle foil edition,secret_lair,688.88,,,,,,,,,,,,,,43.05,,37.44,,0.0,"[""annRet"", ""artist"", ""compRank"", ""compScore"", ""conf"", ""covStatus"", ""dataConf"", ""dd"", ""drop"", ""family"", ""finish"", ""hist"", ""id"", ""incRet"", ""ipArtist"", ""liq"", ""mom"", ""msrp"", ""name"", ""obs"", ""peak"", ""price"", ""r30"", ""r365"", ""r90"", ""ras"", ""rec"", ""recScore"", ""rel"", ""risk"", ""scarcity"", ""score"", ""super"", ""ub"", ""value"", ""year""]"
secret_lair,SL-F5FC37E9763B7C,,Transformers Non-Foil Bundle — Nonfoil Edition,transformers non foil bundle nonfoil edition,secret_lair,299.99,,,,,,,,,,,,,,43.05,,34.14,,0.0,"[""annRet"", ""artist"", ""compRank"", ""compScore"", ""conf"", ""covStatus"", ""dataConf"", ""dd"", ""drop"", ""family"", ""finish"", ""hist"", ""id"", ""incRet"", ""ipArtist"", ""liq"", ""mom"", ""msrp"", ""name"", ""obs"", ""peak"", ""price"", ""r30"", ""r365"", ""r90"", ""ras"", ""rec"", ""recScore"", ""rel"", ""risk"", ""scarcity"", ""score"", ""super"", ""ub"", ""value"", ""year""]"
secret_lair,SL-97E67435FE209E,,Fallout: Beyond Vault 33 - Non-Foil Edition — Nonfoil Edition,fallout beyond vault 33 non foil edition nonfoil edition,secret_lair,21.56,,,,,,,,,,,,,,60.23,,34.56,,-0.8563,"[""annRet"", ""artist"", ""compRank"", ""compScore"", ""conf"", ""covStatus"", ""dataConf"", ""dd"", ""drop"", ""family"", ""finish"", ""hist"", ""id"", ""incRet"", ""ipArtist"", ""liq"", ""mom"", ""msrp"", ""name"", ""obs"", ""peak"", ""price"", ""r30"", ""r365"", ""r90"", ""ras"", ""rec"", ""recScore"", ""rel"", ""risk"", ""scarcity"", ""score"", ""super"", ""ub"", ""value"", ""year""]"
secret_lair,SL-7D6A0F10ADD5A6,,Second Secretversary Bundle - Non-Foil Edition — Nonfoil Edition,second secretversary bundle non foil edition nonfoil edition,secret_lair,369.99,,,,,,,,,,,,,,55.01,,36.31,,-0.075,"[""annRet"", ""artist"", ""compRank"", ""compScore"", ""conf"", ""covStatus"", ""dataConf"", ""dd"", ""drop"", ""family"", ""finish"", ""hist"", ""id"", ""incRet"", ""ipArtist"", ""liq"", ""mom"", ""msrp"", ""name"", ""obs"", ""peak"", ""price"", ""r30"", ""r365"", ""r90"", ""ras"", ""rec"", ""recScore"", ""rel"", ""risk"", ""scarcity"", ""score"", ""super"", ""ub"", ""value"", ""year""]"
secret_lair,SL-D13D0C095C023B,,Featuring: Kevin Eastman (Colors) - Non-Foil Edition — Nonfoil Edition,featuring kevin eastman colors non foil edition nonfoil edition,secret_lair,43.26,,,,,,,,,,,,,,55.01,,38.98,,-0.03,"[""annRet"", ""artist"", ""compRank"", ""compScore"", ""conf"", ""covStatus"", ""dataConf"", ""dd"", ""drop"", ""family"", ""finish"", ""hist"", ""id"", ""incRet"", ""ipArtist"", ""liq"", ""mom"", ""msrp"", ""name"", ""obs"", ""peak"", ""price"", ""r30"", ""r365"", ""r90"", ""ras"", ""rec"", ""recScore"", ""rel"", ""risk"", ""scarcity"", ""score"", ""super"", ""ub"", ""value"", ""year""]"
secret_lair,SL-66650DD69BF4D5,,Totally TubuLair Superdrop: Heroes in a Half Shell Non-Foil Bundle — Nonfoil Edition,totally tubulair superdrop heroes in a half shell non foil bundle nonfoil edition,secret_lair,420.96,,,,,,,,,,,,,,55.01,,39.71,,0.0,"[""annRet"", ""artist"", ""compRank"", ""compScore"", ""conf"", ""covStatus"", ""dataConf"", ""dd"", ""drop"", ""family"", ""finish"", ""hist"", ""id"", ""incRet"", ""ipArtist"", ""liq"", ""mom"", ""msrp"", ""name"", ""obs"", ""peak"", ""price"", ""r30"", ""r365"", ""r90"", ""ras"", ""rec"", ""recScore"", ""rel"", ""risk"", ""scarcity"", ""score"", ""super"", ""ub"", ""value"", ""year""]"
secret_lair,SL-C43B4DA056180D,,Purr Majesty - Non-Foil Edition — Nonfoil Edition,purr majesty non foil edition nonfoil edition,secret_lair,100.22,,,,,,,,,,,,,,55.01,,36.89,,-0.1324,"[""annRet"", ""artist"", ""compRank"", ""compScore"", ""conf"", ""covStatus"", ""dataConf"", ""dd"", ""drop"", ""family"", ""finish"", ""hist"", ""id"", ""incRet"", ""ipArtist"", ""liq"", ""mom"", ""msrp"", ""name"", ""obs"", ""peak"", ""price"", ""r30"", ""r365"", ""r90"", ""ras"", ""rec"", ""recScore"", ""rel"", ""risk"", ""scarcity"", ""score"", ""super"", ""ub"", ""value"", ""year""]"
secret_lair,SL-AA2410B0C1D7D4,,Featuring: Kevin Eastman (Inks) - Non-Foil Edition — Nonfoil Edition,featuring kevin eastman inks non foil edition nonfoil edition,secret_lair,43.29,,,,,,,,,,,,,,55.01,,37.59,,-0.0772,"[""annRet"", ""artist"", ""compRank"", ""compScore"", ""conf"", ""covStatus"", ""dataConf"", ""dd"", ""drop"", ""family"", ""finish"", ""hist"", ""id"", ""incRet"", ""ipArtist"", ""liq"", ""mom"", ""msrp"", ""name"", ""obs"", ""peak"", ""price"", ""r30"", ""r365"", ""r90"", ""ras"", ""rec"", ""recScore"", ""rel"", ""risk"", ""scarcity"", ""score"", ""super"", ""ub"", ""value"", ""year""]"
secret_lair,SL-B631EAF6D5C7C4,,Secretversary Superdrop 2023: Goodie Bag Loaded with Non-Foils Bundle — Nonfoil Edition,secretversary superdrop 2023 goodie bag loaded with non foils bundle nonfoil edition,secret_lair,330.0,,,,,,,,,,,,,,55.01,,35.62,,0.0,"[""annRet"", ""artist"", ""compRank"", ""compScore"", ""conf"", ""covStatus"", ""dataConf"", ""dd"", ""drop"", ""family"", ""finish"", ""hist"", ""id"", ""incRet"", ""ipArtist"", ""liq"", ""mom"", ""msrp"", ""name"", ""obs"", ""peak"", ""price"", ""r30"", ""r365"", ""r90"", ""ras"", ""rec"", ""recScore"", ""rel"", ""risk"", ""scarcity"", ""score"", ""super"", ""ub"", ""value"", ""year""]"
secret_lair,SL-F419DE27DCB991,,Secret Scare Superdrop: The Scranton Strangler Non-Foil Bundle — Nonfoil Edition,secret scare superdrop the scranton strangler non foil bundle nonfoil edition,secret_lair,622.16,,,,,,,,,,,,,,55.01,,38.24,,-0.0144,"[""annRet"", ""artist"", ""compRank"", ""compScore"", ""conf"", ""covStatus"", ""dataConf"", ""dd"", ""drop"", ""family"", ""finish"", ""hist"", ""id"", ""incRet"", ""ipArtist"", ""liq"", ""mom"", ""msrp"", ""name"", ""obs"", ""peak"", ""price"", ""r30"", ""r365"", ""r90"", ""ras"", ""rec"", ""recScore"", ""rel"", ""risk"", ""scarcity"", ""score"", ""super"", ""ub"", ""value"", ""year""]"
secret_lair,SL-B565A4B1F936CC,,My Little Pony: Friendship is Magic - Non-Foil Edition — Nonfoil Edition,my little pony friendship is magic non foil edition nonfoil edition,secret_lair,73.48,,,,,,,,,,,,,,55.01,,36.89,,0.0,"[""annRet"", ""artist"", ""compRank"", ""compScore"", ""conf"", ""covStatus"", ""dataConf"", ""dd"", ""drop"", ""family"", ""finish"", ""hist"", ""id"", ""incRet"", ""ipArtist"", ""liq"", ""mom"", ""msrp"", ""name"", ""obs"", ""peak"", ""price"", ""r30"", ""r365"", ""r90"", ""ras"", ""rec"", ""recScore"", ""rel"", ""risk"", ""scarcity"", ""score"", ""super"", ""ub"", ""value"", ""year""]"
secret_lair,SL-347373B1ADC604,,Garfield: Our Only Thought Is To Entertain You - Non-Foil Edition — Nonfoil Edition,garfield our only thought is to entertain you non foil edition nonfoil edition,secret_lair,47.49,,,,,,,,,,,,,,55.01,,36.89,,-0.05,"[""annRet"", ""artist"", ""compRank"", ""compScore"", ""conf"", ""covStatus"", ""dataConf"", ""dd"", ""drop"", ""family"", ""finish"", ""hist"", ""id"", ""incRet"", ""ipArtist"", ""liq"", ""mom"", ""msrp"", ""name"", ""obs"", ""peak"", ""price"", ""r30"", ""r365"", ""r90"", ""ras"", ""rec"", ""recScore"", ""rel"", ""risk"", ""scarcity"", ""score"", ""super"", ""ub"", ""value"", ""year""]"
secret_lair,SL-62924E622370DA,,Notebook Genius - Non-Foil Edition — Nonfoil Edition,notebook genius non foil edition nonfoil edition,secret_lair,44.99,,,,,,,,,,,,,,55.01,,36.89,,-0.0164,"[""annRet"", ""artist"", ""compRank"", ""compScore"", ""conf"", ""covStatus"", ""dataConf"", ""dd"", ""drop"", ""family"", ""finish"", ""hist"", ""id"", ""incRet"", ""ipArtist"", ""liq"", ""mom"", ""msrp"", ""name"", ""obs"", ""peak"", ""price"", ""r30"", ""r365"", ""r90"", ""ras"", ""rec"", ""recScore"", ""rel"", ""risk"", ""scarcity"", ""score"", ""super"", ""ub"", ""value"", ""year""]"
secret_lair,SL-45AC0450672011,0450672011,Return to Mystical Archive - Non-Foil Edition — Nonfoil Edition,return to mystical archive non foil edition nonfoil edition,secret_lair,64.95,,,,,,,,,,,,,,55.01,,36.89,,0.0,"[""annRet"", ""artist"", ""compRank"", ""compScore"", ""conf"", ""covStatus"", ""dataConf"", ""dd"", ""drop"", ""family"", ""finish"", ""hist"", ""id"", ""incRet"", ""ipArtist"", ""liq"", ""mom"", ""msrp"", ""name"", ""obs"", ""peak"", ""price"", ""r30"", ""r365"", ""r90"", ""ras"", ""rec"", ""recScore"", ""rel"", ""risk"", ""scarcity"", ""score"", ""super"", ""ub"", ""value"", ""year""]"
secret_lair,SL-D91B54107A78A7,,Garfield: As Intended - Non-Foil Edition — Nonfoil Edition,garfield as intended non foil edition nonfoil edition,secret_lair,37.22,,,,,,,,,,,,,,55.01,,36.89,,-0.2401,"[""annRet"", ""artist"", ""compRank"", ""compScore"", ""conf"", ""covStatus"", ""dataConf"", ""dd"", ""drop"", ""family"", ""finish"", ""hist"", ""id"", ""incRet"", ""ipArtist"", ""liq"", ""mom"", ""msrp"", ""name"", ""obs"", ""peak"", ""price"", ""r30"", ""r365"", ""r90"", ""ras"", ""rec"", ""recScore"", ""rel"", ""risk"", ""scarcity"", ""score"", ""super"", ""ub"", ""value"", ""year""]"
secret_lair,SL-0170AA960296CD,,Cats Are the Best Superdrop: Nine Lives Non-Foil Bundle — Nonfoil Edition,cats are the best superdrop nine lives non foil bundle nonfoil edition,secret_lair,400.0,,,,,,,,,,,,,,55.01,,36.89,,0.0,"[""annRet"", ""artist"", ""compRank"", ""compScore"", ""conf"", ""covStatus"", ""dataConf"", ""dd"", ""drop"", ""family"", ""finish"", ""hist"", ""id"", ""incRet"", ""ipArtist"", ""liq"", ""mom"", ""msrp"", ""name"", ""obs"", ""peak"", ""price"", ""r30"", ""r365"", ""r90"", ""ras"", ""rec"", ""recScore"", ""rel"", ""risk"", ""scarcity"", ""score"", ""super"", ""ub"", ""value"", ""year""]"
secret_lair,SL-D9CB56BE93955C,,Omens of Chaos - Non-Foil Edition — Nonfoil Edition,omens of chaos non foil edition nonfoil edition,secret_lair,57.27,,,,,,,,,,,,,,55.01,,36.89,,-0.029,"[""annRet"", ""artist"", ""compRank"", ""compScore"", ""conf"", ""covStatus"", ""dataConf"", ""dd"", ""drop"", ""family"", ""finish"", ""hist"", ""id"", ""incRet"", ""ipArtist"", ""liq"", ""mom"", ""msrp"", ""name"", ""obs"", ""peak"", ""price"", ""r30"", ""r365"", ""r90"", ""ras"", ""rec"", ""recScore"", ""rel"", ""risk"", ""scarcity"", ""score"", ""super"", ""ub"", ""value"", ""year""]"
secret_lair,SL-8EBDE365E2A458,,Secretversary Superdrop 2023: Lara Croft's Adventuring Bundle - Non-Foil Edition — Nonfoil Edition,secretversary superdrop 2023 lara croft s adventuring bundle non foil edition nonfoil edition,secret_lair,145.97,,,,,,,,,,,,,,55.01,,36.75,,0.0,"[""annRet"", ""artist"", ""compRank"", ""compScore"", ""conf"", ""covStatus"", ""dataConf"", ""dd"", ""drop"", ""family"", ""finish"", ""hist"", ""id"", ""incRet"", ""ipArtist"", ""liq"", ""mom"", ""msrp"", ""name"", ""obs"", ""peak"", ""price"", ""r30"", ""r365"", ""r90"", ""ras"", ""rec"", ""recScore"", ""rel"", ""risk"", ""scarcity"", ""score"", ""super"", ""ub"", ""value"", ""year""]"
secret_lair,SL-D18A4E24571B1B,,Inked - Non-Foil Edition — Nonfoil Edition,inked non foil edition nonfoil edition,secret_lair,48.82,,,,,,,,,,,,,,55.01,,36.71,,-0.0548,"[""annRet"", ""artist"", ""compRank"", ""compScore"", ""conf"", ""covStatus"", ""dataConf"", ""dd"", ""drop"", ""family"", ""finish"", ""hist"", ""id"", ""incRet"", ""ipArtist"", ""liq"", ""mom"", ""msrp"", ""name"", ""obs"", ""peak"", ""price"", ""r30"", ""r365"", ""r90"", ""ras"", ""rec"", ""recScore"", ""rel"", ""risk"", ""scarcity"", ""score"", ""super"", ""ub"", ""value"", ""year""]"
secret_lair,SL-B269AC7AB5080A,,Garfield: Motivationally Challenged - Non-Foil Edition — Nonfoil Edition,garfield motivationally challenged non foil edition nonfoil edition,secret_lair,31.91,,,,,,,,,,,,,,55.01,,36.89,,-0.3348,"[""annRet"", ""artist"", ""compRank"", ""compScore"", ""conf"", ""covStatus"", ""dataConf"", ""dd"", ""drop"", ""family"", ""finish"", ""hist"", ""id"", ""incRet"", ""ipArtist"", ""liq"", ""mom"", ""msrp"", ""name"", ""obs"", ""peak"", ""price"", ""r30"", ""r365"", ""r90"", ""ras"", ""rec"", ""recScore"", ""rel"", ""risk"", ""scarcity"", ""score"", ""super"", ""ub"", ""value"", ""year""]"
secret_lair,SL-BC4683677FBC3C,,Back in My Day! - Non-Foil Edition — Nonfoil Edition,back in my day non foil edition nonfoil edition,secret_lair,41.07,,,,,,,,,,,,,,55.01,,35.58,,-0.111,"[""annRet"", ""artist"", ""compRank"", ""compScore"", ""conf"", ""covStatus"", ""dataConf"", ""dd"", ""drop"", ""family"", ""finish"", ""hist"", ""id"", ""incRet"", ""ipArtist"", ""liq"", ""mom"", ""msrp"", ""name"", ""obs"", ""peak"", ""price"", ""r30"", ""r365"", ""r90"", ""ras"", ""rec"", ""recScore"", ""rel"", ""risk"", ""scarcity"", ""score"", ""super"", ""ub"", ""value"", ""year""]"
secret_lair,SL-87961062B3471E,,Back to School Superdrop: Ready For Rollcall Non-Foil Bundle — Nonfoil Edition,back to school superdrop ready for rollcall non foil bundle nonfoil edition,secret_lair,649.99,,,,,,,,,,,,,,43.05,,34.14,,0.0,"[""annRet"", ""artist"", ""compRank"", ""compScore"", ""conf"", ""covStatus"", ""dataConf"", ""dd"", ""drop"", ""family"", ""finish"", ""hist"", ""id"", ""incRet"", ""ipArtist"", ""liq"", ""mom"", ""msrp"", ""name"", ""obs"", ""peak"", ""price"", ""r30"", ""r365"", ""r90"", ""ras"", ""rec"", ""recScore"", ""rel"", ""risk"", ""scarcity"", ""score"", ""super"", ""ub"", ""value"", ""year""]"
secret_lair,SL-4BF7FE45B6D5FA,,Witch's Familiar - Non-Foil Edition — Nonfoil Edition,witch s familiar non foil edition nonfoil edition,secret_lair,79.95,,,,,,,,,,,,,,55.01,,36.89,,-0.1488,"[""annRet"", ""artist"", ""compRank"", ""compScore"", ""conf"", ""covStatus"", ""dataConf"", ""dd"", ""drop"", ""family"", ""finish"", ""hist"", ""id"", ""incRet"", ""ipArtist"", ""liq"", ""mom"", ""msrp"", ""name"", ""obs"", ""peak"", ""price"", ""r30"", ""r365"", ""r90"", ""ras"", ""rec"", ""recScore"", ""rel"", ""risk"", ""scarcity"", ""score"", ""super"", ""ub"", ""value"", ""year""]"
secret_lair,SL-761D477012E693,,Cats of Chaos - Non-Foil Edition — Nonfoil Edition,cats of chaos non foil edition nonfoil edition,secret_lair,56.55,,,,,,,,,,,,,,55.01,,36.89,,-0.2157,"[""annRet"", ""artist"", ""compRank"", ""compScore"", ""conf"", ""covStatus"", ""dataConf"", ""dd"", ""drop"", ""family"", ""finish"", ""hist"", ""id"", ""incRet"", ""ipArtist"", ""liq"", ""mom"", ""msrp"", ""name"", ""obs"", ""peak"", ""price"", ""r30"", ""r365"", ""r90"", ""ras"", ""rec"", ""recScore"", ""rel"", ""risk"", ""scarcity"", ""score"", ""super"", ""ub"", ""value"", ""year""]"
secret_lair,SL-20D499A470B8A5,,Dwarf Fortress: Create New World - Non-Foil Edition — Nonfoil Edition,dwarf fortress create new world non foil edition nonfoil edition,secret_lair,49.74,,,,,,,,,,,,,,55.01,,36.89,,-0.0741,"[""annRet"", ""artist"", ""compRank"", ""compScore"", ""conf"", ""covStatus"", ""dataConf"", ""dd"", ""drop"", ""family"", ""finish"", ""hist"", ""id"", ""incRet"", ""ipArtist"", ""liq"", ""mom"", ""msrp"", ""name"", ""obs"", ""peak"", ""price"", ""r30"", ""r365"", ""r90"", ""ras"", ""rec"", ""recScore"", ""rel"", ""risk"", ""scarcity"", ""score"", ""super"", ""ub"", ""value"", ""year""]"
secret_lair,SL-627854ED741646,741646,Maho Gakuin Seishun Hakusho - Non-Foil Edition — Nonfoil Edition,maho gakuin seishun hakusho non foil edition nonfoil edition,secret_lair,68.99,,,,,,,,,,,,,,55.01,,36.89,,-0.0036,"[""annRet"", ""artist"", ""compRank"", ""compScore"", ""conf"", ""covStatus"", ""dataConf"", ""dd"", ""drop"", ""family"", ""finish"", ""hist"", ""id"", ""incRet"", ""ipArtist"", ""liq"", ""mom"", ""msrp"", ""name"", ""obs"", ""peak"", ""price"", ""r30"", ""r365"", ""r90"", ""ras"", ""rec"", ""recScore"", ""rel"", ""risk"", ""scarcity"", ""score"", ""super"", ""ub"", ""value"", ""year""]"
secret_lair,SL-A000A22E459D28,,My Little Pony: The Lands of Equestria - Non-Foil Edition — Nonfoil Edition,my little pony the lands of equestria non foil edition nonfoil edition,secret_lair,54.49,,,,,,,,,,,,,,55.01,,36.89,,0.0,"[""annRet"", ""artist"", ""compRank"", ""compScore"", ""conf"", ""covStatus"", ""dataConf"", ""dd"", ""drop"", ""family"", ""finish"", ""hist"", ""id"", ""incRet"", ""ipArtist"", ""liq"", ""mom"", ""msrp"", ""name"", ""obs"", ""peak"", ""price"", ""r30"", ""r365"", ""r90"", ""ras"", ""rec"", ""recScore"", ""rel"", ""risk"", ""scarcity"", ""score"", ""super"", ""ub"", ""value"", ""year""]"
secret_lair,SL-34352A7A87C72D,,Toby's Journey By Gary Baseman - Non-Foil Edition — Nonfoil Edition,toby s journey by gary baseman non foil edition nonfoil edition,secret_lair,49.47,,,,,,,,,,,,,,55.01,,36.89,,0.0,"[""annRet"", ""artist"", ""compRank"", ""compScore"", ""conf"", ""covStatus"", ""dataConf"", ""dd"", ""drop"", ""family"", ""finish"", ""hist"", ""id"", ""incRet"", ""ipArtist"", ""liq"", ""mom"", ""msrp"", ""name"", ""obs"", ""peak"", ""price"", ""r30"", ""r365"", ""r90"", ""ras"", ""rec"", ""recScore"", ""rel"", ""risk"", ""scarcity"", ""score"", ""super"", ""ub"", ""value"", ""year""]"
secret_lair,SL-50E644B80B9CC1,,Our Boss is on Vacation Superdrop: Desk Fort Made of Non-Foils Bundle — Nonfoil Edition,our boss is on vacation superdrop desk fort made of non foils bundle nonfoil edition,secret_lair,317.5,,,,,,,,,,,,,,55.01,,36.38,,-0.4206,"[""annRet"", ""artist"", ""compRank"", ""compScore"", ""conf"", ""covStatus"", ""dataConf"", ""dd"", ""drop"", ""family"", ""finish"", ""hist"", ""id"", ""incRet"", ""ipArtist"", ""liq"", ""mom"", ""msrp"", ""name"", ""obs"", ""peak"", ""price"", ""r30"", ""r365"", ""r90"", ""ras"", ""rec"", ""recScore"", ""rel"", ""risk"", ""scarcity"", ""score"", ""super"", ""ub"", ""value"", ""year""]"
secret_lair,SL-36280CB83AC2AF,,The Eyes Have It - Rainbow Foil Edition — Foil Edition,the eyes have it rainbow foil edition foil edition,secret_lair,90.49,,,,,,,,,,,,,,55.01,,28.6,,-0.819,"[""annRet"", ""artist"", ""compRank"", ""compScore"", ""conf"", ""covStatus"", ""dataConf"", ""dd"", ""drop"", ""family"", ""finish"", ""hist"", ""id"", ""incRet"", ""ipArtist"", ""liq"", ""mom"", ""msrp"", ""name"", ""obs"", ""peak"", ""price"", ""r30"", ""r365"", ""r90"", ""ras"", ""rec"", ""recScore"", ""rel"", ""risk"", ""scarcity"", ""score"", ""super"", ""ub"", ""value"", ""year""]"
secret_lair,SL-8DF7AA99C9F2C9,,Astrology Lands (Aries) Bundle - Non-Foil Edition — Nonfoil Edition,astrology lands aries bundle non foil edition nonfoil edition,secret_lair,,,,,,,,,,,,,,,18.75,,31.48,,,"[""annRet"", ""artist"", ""compRank"", ""compScore"", ""conf"", ""covStatus"", ""dataConf"", ""dd"", ""drop"", ""family"", ""finish"", ""hist"", ""id"", ""incRet"", ""ipArtist"", ""liq"", ""mom"", ""msrp"", ""name"", ""obs"", ""peak"", ""price"", ""r30"", ""r365"", ""r90"", ""ras"", ""rec"", ""recScore"", ""rel"", ""risk"", ""scarcity"", ""score"", ""super"", ""ub"", ""value"", ""year""]"
secret_lair,SL-73D3B01E989878,989878,Astrology Lands (Aries) Bundle - Traditional Foil Edition — Foil Edition,astrology lands aries bundle traditional foil edition foil edition,secret_lair,,,,,,,,,,,,,,,18.75,,34.78,,,"[""annRet"", ""artist"", ""compRank"", ""compScore"", ""conf"", ""covStatus"", ""dataConf"", ""dd"", ""drop"", ""family"", ""finish"", ""hist"", ""id"", ""incRet"", ""ipArtist"", ""liq"", ""mom"", ""msrp"", ""name"", ""obs"", ""peak"", ""price"", ""r30"", ""r365"", ""r90"", ""ras"", ""rec"", ""recScore"", ""rel"", ""risk"", ""scarcity"", ""score"", ""super"", ""ub"", ""value"", ""year""]"
secret_lair,SL-B679A1089E8A6B,,Astrology Lands (Pisces) Bundle - Non-Foil Edition — Nonfoil Edition,astrology lands pisces bundle non foil edition nonfoil edition,secret_lair,,,,,,,,,,,,,,,18.75,,31.48,,,"[""annRet"", ""artist"", ""compRank"", ""compScore"", ""conf"", ""covStatus"", ""dataConf"", ""dd"", ""drop"", ""family"", ""finish"", ""hist"", ""id"", ""incRet"", ""ipArtist"", ""liq"", ""mom"", ""msrp"", ""name"", ""obs"", ""peak"", ""price"", ""r30"", ""r365"", ""r90"", ""ras"", ""rec"", ""recScore"", ""rel"", ""risk"", ""scarcity"", ""score"", ""super"", ""ub"", ""value"", ""year""]"
secret_lair,SL-C2CAC5DFF1B8FE,,Astrology Lands (Sagittarius) Bundle - Non-Foil Edition — Nonfoil Edition,astrology lands sagittarius bundle non foil edition nonfoil edition,secret_lair,,,,,,,,,,,,,,,18.75,,31.48,,,"[""annRet"", ""artist"", ""compRank"", ""compScore"", ""conf"", ""covStatus"", ""dataConf"", ""dd"", ""drop"", ""family"", ""finish"", ""hist"", ""id"", ""incRet"", ""ipArtist"", ""liq"", ""mom"", ""msrp"", ""name"", ""obs"", ""peak"", ""price"", ""r30"", ""r365"", ""r90"", ""ras"", ""rec"", ""recScore"", ""rel"", ""risk"", ""scarcity"", ""score"", ""super"", ""ub"", ""value"", ""year""]"
secret_lair,SL-DA14F1AD8875AF,,Astrology Lands (Sagittarius) Bundle - Traditional Foil Edition — Foil Edition,astrology lands sagittarius bundle traditional foil edition foil edition,secret_lair,,,,,,,,,,,,,,,18.75,,34.78,,,"[""annRet"", ""artist"", ""compRank"", ""compScore"", ""conf"", ""covStatus"", ""dataConf"", ""dd"", ""drop"", ""family"", ""finish"", ""hist"", ""id"", ""incRet"", ""ipArtist"", ""liq"", ""mom"", ""msrp"", ""name"", ""obs"", ""peak"", ""price"", ""r30"", ""r365"", ""r90"", ""ras"", ""rec"", ""recScore"", ""rel"", ""risk"", ""scarcity"", ""score"", ""super"", ""ub"", ""value"", ""year""]"
secret_lair,SL-4C6A3C65A74465,74465,Astrology Lands (Sagittarius) - Non-Foil Edition — Nonfoil Edition,astrology lands sagittarius non foil edition nonfoil edition,secret_lair,,,,,,,,,,,,,,,18.75,,31.48,,,"[""annRet"", ""artist"", ""compRank"", ""compScore"", ""conf"", ""covStatus"", ""dataConf"", ""dd"", ""drop"", ""family"", ""finish"", ""hist"", ""id"", ""incRet"", ""ipArtist"", ""liq"", ""mom"", ""msrp"", ""name"", ""obs"", ""peak"", ""price"", ""r30"", ""r365"", ""r90"", ""ras"", ""rec"", ""recScore"", ""rel"", ""risk"", ""scarcity"", ""score"", ""super"", ""ub"", ""value"", ""year""]"
secret_lair,SL-72C3D4333AE81B,,Astrology Lands (Taurus) Bundle - Non-Foil Edition — Nonfoil Edition,astrology lands taurus bundle non foil edition nonfoil edition,secret_lair,,,,,,,,,,,,,,,18.75,,31.48,,,"[""annRet"", ""artist"", ""compRank"", ""compScore"", ""conf"", ""covStatus"", ""dataConf"", ""dd"", ""drop"", ""family"", ""finish"", ""hist"", ""id"", ""incRet"", ""ipArtist"", ""liq"", ""mom"", ""msrp"", ""name"", ""obs"", ""peak"", ""price"", ""r30"", ""r365"", ""r90"", ""ras"", ""rec"", ""recScore"", ""rel"", ""risk"", ""scarcity"", ""score"", ""super"", ""ub"", ""value"", ""year""]"
secret_lair,SL-9F9E2E3B15A276,,Astrology Lands (Taurus) Bundle - Traditional Foil Edition — Foil Edition,astrology lands taurus bundle traditional foil edition foil edition,secret_lair,,,,,,,,,,,,,,,18.75,,34.78,,,"[""annRet"", ""artist"", ""compRank"", ""compScore"", ""conf"", ""covStatus"", ""dataConf"", ""dd"", ""drop"", ""family"", ""finish"", ""hist"", ""id"", ""incRet"", ""ipArtist"", ""liq"", ""mom"", ""msrp"", ""name"", ""obs"", ""peak"", ""price"", ""r30"", ""r365"", ""r90"", ""ras"", ""rec"", ""recScore"", ""rel"", ""risk"", ""scarcity"", ""score"", ""super"", ""ub"", ""value"", ""year""]"
secret_lair,SL-A8B11C02BE3C6B,,All-Natural - Foil — Foil Edition,all natural foil foil edition,secret_lair,,,,,,,,,,,,,,,18.75,,34.78,,,"[""annRet"", ""artist"", ""compRank"", ""compScore"", ""conf"", ""covStatus"", ""dataConf"", ""dd"", ""drop"", ""family"", ""finish"", ""hist"", ""id"", ""incRet"", ""ipArtist"", ""liq"", ""mom"", ""msrp"", ""name"", ""obs"", ""peak"", ""price"", ""r30"", ""r365"", ""r90"", ""ras"", ""rec"", ""recScore"", ""rel"", ""risk"", ""scarcity"", ""score"", ""super"", ""ub"", ""value"", ""year""]"
secret_lair,SL-AB047EA1882C29,,Astrology Lands (Aquarius) Bundle - Non-Foil Edition — Nonfoil Edition,astrology lands aquarius bundle non foil edition nonfoil edition,secret_lair,,,,,,,,,,,,,,,18.75,,31.48,,,"[""annRet"", ""artist"", ""compRank"", ""compScore"", ""conf"", ""covStatus"", ""dataConf"", ""dd"", ""drop"", ""family"", ""finish"", ""hist"", ""id"", ""incRet"", ""ipArtist"", ""liq"", ""mom"", ""msrp"", ""name"", ""obs"", ""peak"", ""price"", ""r30"", ""r365"", ""r90"", ""ras"", ""rec"", ""recScore"", ""rel"", ""risk"", ""scarcity"", ""score"", ""super"", ""ub"", ""value"", ""year""]"
secret_lair,SL-30DF537FBDFC90,,Astrology Lands (Cancer) Bundle - Non-Foil Edition — Nonfoil Edition,astrology lands cancer bundle non foil edition nonfoil edition,secret_lair,,,,,,,,,,,,,,,18.75,,31.48,,,"[""annRet"", ""artist"", ""compRank"", ""compScore"", ""conf"", ""covStatus"", ""dataConf"", ""dd"", ""drop"", ""family"", ""finish"", ""hist"", ""id"", ""incRet"", ""ipArtist"", ""liq"", ""mom"", ""msrp"", ""name"", ""obs"", ""peak"", ""price"", ""r30"", ""r365"", ""r90"", ""ras"", ""rec"", ""recScore"", ""rel"", ""risk"", ""scarcity"", ""score"", ""super"", ""ub"", ""value"", ""year""]"
secret_lair,SL-D76CD5BC7E1068,1068,Astrology Lands (Cancer) Bundle - Traditional Foil Edition — Foil Edition,astrology lands cancer bundle traditional foil edition foil edition,secret_lair,,,,,,,,,,,,,,,18.75,,34.78,,,"[""annRet"", ""artist"", ""compRank"", ""compScore"", ""conf"", ""covStatus"", ""dataConf"", ""dd"", ""drop"", ""family"", ""finish"", ""hist"", ""id"", ""incRet"", ""ipArtist"", ""liq"", ""mom"", ""msrp"", ""name"", ""obs"", ""peak"", ""price"", ""r30"", ""r365"", ""r90"", ""ras"", ""rec"", ""recScore"", ""rel"", ""risk"", ""scarcity"", ""score"", ""super"", ""ub"", ""value"", ""year""]"
secret_lair,SL-391ADFABB49A8E,,Astrology Lands (Capricorn) Bundle - Non-Foil Edition — Nonfoil Edition,astrology lands capricorn bundle non foil edition nonfoil edition,secret_lair,,,,,,,,,,,,,,,18.75,,31.48,,,"[""annRet"", ""artist"", ""compRank"", ""compScore"", ""conf"", ""covStatus"", ""dataConf"", ""dd"", ""drop"", ""family"", ""finish"", ""hist"", ""id"", ""incRet"", ""ipArtist"", ""liq"", ""mom"", ""msrp"", ""name"", ""obs"", ""peak"", ""price"", ""r30"", ""r365"", ""r90"", ""ras"", ""rec"", ""recScore"", ""rel"", ""risk"", ""scarcity"", ""score"", ""super"", ""ub"", ""value"", ""year""]"
secret_lair,SL-0F1DBD84485B3E,,Astrology Lands (Gemini) Bundle - Non-Foil Edition — Nonfoil Edition,astrology lands gemini bundle non foil edition nonfoil edition,secret_lair,,,,,,,,,,,,,,,18.75,,31.48,,,"[""annRet"", ""artist"", ""compRank"", ""compScore"", ""conf"", ""covStatus"", ""dataConf"", ""dd"", ""drop"", ""family"", ""finish"", ""hist"", ""id"", ""incRet"", ""ipArtist"", ""liq"", ""mom"", ""msrp"", ""name"", ""obs"", ""peak"", ""price"", ""r30"", ""r365"", ""r90"", ""ras"", ""rec"", ""recScore"", ""rel"", ""risk"", ""scarcity"", ""score"", ""super"", ""ub"", ""value"", ""year""]"
secret_lair,SL-C82FB71F29626A,,Astrology Lands (Leo) Bundle - Non-Foil Edition — Nonfoil Edition,astrology lands leo bundle non foil edition nonfoil edition,secret_lair,,,,,,,,,,,,,,,18.75,,31.48,,,"[""annRet"", ""artist"", ""compRank"", ""compScore"", ""conf"", ""covStatus"", ""dataConf"", ""dd"", ""drop"", ""family"", ""finish"", ""hist"", ""id"", ""incRet"", ""ipArtist"", ""liq"", ""mom"", ""msrp"", ""name"", ""obs"", ""peak"", ""price"", ""r30"", ""r365"", ""r90"", ""ras"", ""rec"", ""recScore"", ""rel"", ""risk"", ""scarcity"", ""score"", ""super"", ""ub"", ""value"", ""year""]"
secret_lair,SL-44C1A8804ED001,,Astrology Lands (Leo) Bundle - Traditional Foil Edition — Foil Edition,astrology lands leo bundle traditional foil edition foil edition,secret_lair,,,,,,,,,,,,,,,18.75,,34.78,,,"[""annRet"", ""artist"", ""compRank"", ""compScore"", ""conf"", ""covStatus"", ""dataConf"", ""dd"", ""drop"", ""family"", ""finish"", ""hist"", ""id"", ""incRet"", ""ipArtist"", ""liq"", ""mom"", ""msrp"", ""name"", ""obs"", ""peak"", ""price"", ""r30"", ""r365"", ""r90"", ""ras"", ""rec"", ""recScore"", ""rel"", ""risk"", ""scarcity"", ""score"", ""super"", ""ub"", ""value"", ""year""]"
secret_lair,SL-B3EF01C8308565,8308565,Astrology Lands (Libra) Bundle - Non-Foil Edition — Nonfoil Edition,astrology lands libra bundle non foil edition nonfoil edition,secret_lair,,,,,,,,,,,,,,,18.75,,31.48,,,"[""annRet"", ""artist"", ""compRank"", ""compScore"", ""conf"", ""covStatus"", ""dataConf"", ""dd"", ""drop"", ""family"", ""finish"", ""hist"", ""id"", ""incRet"", ""ipArtist"", ""liq"", ""mom"", ""msrp"", ""name"", ""obs"", ""peak"", ""price"", ""r30"", ""r365"", ""r90"", ""ras"", ""rec"", ""recScore"", ""rel"", ""risk"", ""scarcity"", ""score"", ""super"", ""ub"", ""value"", ""year""]"
secret_lair,SL-D5C35A28D4B658,,Astrology Lands (Libra) Bundle - Traditional Foil Edition — Foil Edition,astrology lands libra bundle traditional foil edition foil edition,secret_lair,,,,,,,,,,,,,,,18.75,,34.78,,,"[""annRet"", ""artist"", ""compRank"", ""compScore"", ""conf"", ""covStatus"", ""dataConf"", ""dd"", ""drop"", ""family"", ""finish"", ""hist"", ""id"", ""incRet"", ""ipArtist"", ""liq"", ""mom"", ""msrp"", ""name"", ""obs"", ""peak"", ""price"", ""r30"", ""r365"", ""r90"", ""ras"", ""rec"", ""recScore"", ""rel"", ""risk"", ""scarcity"", ""score"", ""super"", ""ub"", ""value"", ""year""]"
secret_lair,SL-5C3F30C12BEBAB,,Astrology Lands (Scorpio) Bundle - Non-Foil Edition — Nonfoil Edition,astrology lands scorpio bundle non foil edition nonfoil edition,secret_lair,,,,,,,,,,,,,,,18.75,,31.48,,,"[""annRet"", ""artist"", ""compRank"", ""compScore"", ""conf"", ""covStatus"", ""dataConf"", ""dd"", ""drop"", ""family"", ""finish"", ""hist"", ""id"", ""incRet"", ""ipArtist"", ""liq"", ""mom"", ""msrp"", ""name"", ""obs"", ""peak"", ""price"", ""r30"", ""r365"", ""r90"", ""ras"", ""rec"", ""recScore"", ""rel"", ""risk"", ""scarcity"", ""score"", ""super"", ""ub"", ""value"", ""year""]"
secret_lair,SL-43DBFB9B561C4B,,Astrology Lands (Scorpio) Bundle - Traditional Foil Edition — Foil Edition,astrology lands scorpio bundle traditional foil edition foil edition,secret_lair,,,,,,,,,,,,,,,18.75,,34.78,,,"[""annRet"", ""artist"", ""compRank"", ""compScore"", ""conf"", ""covStatus"", ""dataConf"", ""dd"", ""drop"", ""family"", ""finish"", ""hist"", ""id"", ""incRet"", ""ipArtist"", ""liq"", ""mom"", ""msrp"", ""name"", ""obs"", ""peak"", ""price"", ""r30"", ""r365"", ""r90"", ""ras"", ""rec"", ""recScore"", ""rel"", ""risk"", ""scarcity"", ""score"", ""super"", ""ub"", ""value"", ""year""]"
secret_lair,SL-960F8E0D48A128,,Astrology Lands (Virgo) Bundle - Non-Foil Edition — Nonfoil Edition,astrology lands virgo bundle non foil edition nonfoil edition,secret_lair,,,,,,,,,,,,,,,18.75,,31.48,,,"[""annRet"", ""artist"", ""compRank"", ""compScore"", ""conf"", ""covStatus"", ""dataConf"", ""dd"", ""drop"", ""family"", ""finish"", ""hist"", ""id"", ""incRet"", ""ipArtist"", ""liq"", ""mom"", ""msrp"", ""name"", ""obs"", ""peak"", ""price"", ""r30"", ""r365"", ""r90"", ""ras"", ""rec"", ""recScore"", ""rel"", ""risk"", ""scarcity"", ""score"", ""super"", ""ub"", ""value"", ""year""]"
secret_lair,SL-61FF8037187542,8037187542,Astrology Lands (Virgo) Bundle - Traditional Foil Edition — Foil Edition,astrology lands virgo bundle traditional foil edition foil edition,secret_lair,,,,,,,,,,,,,,,18.75,,34.78,,,"[""annRet"", ""artist"", ""compRank"", ""compScore"", ""conf"", ""covStatus"", ""dataConf"", ""dd"", ""drop"", ""family"", ""finish"", ""hist"", ""id"", ""incRet"", ""ipArtist"", ""liq"", ""mom"", ""msrp"", ""name"", ""obs"", ""peak"", ""price"", ""r30"", ""r365"", ""r90"", ""ras"", ""rec"", ""recScore"", ""rel"", ""risk"", ""scarcity"", ""score"", ""super"", ""ub"", ""value"", ""year""]"
secret_lair,SL-BE705BBFC18014,18014,August Superdrop - Full-of-Foils Bundle — Foil Edition,august superdrop full of foils bundle foil edition,secret_lair,,,,,,,,,,,,,,,18.75,,34.78,,,"[""annRet"", ""artist"", ""compRank"", ""compScore"", ""conf"", ""covStatus"", ""dataConf"", ""dd"", ""drop"", ""family"", ""finish"", ""hist"", ""id"", ""incRet"", ""ipArtist"", ""liq"", ""mom"", ""msrp"", ""name"", ""obs"", ""peak"", ""price"", ""r30"", ""r365"", ""r90"", ""ras"", ""rec"", ""recScore"", ""rel"", ""risk"", ""scarcity"", ""score"", ""super"", ""ub"", ""value"", ""year""]"
secret_lair,SL-E618F74B27D105,,Cards in Costume Foil Bundle - Traditional Foil Edition — Foil Edition,cards in costume foil bundle traditional foil edition foil edition,secret_lair,,,,,,,,,,,,,,,18.75,,34.78,,,"[""annRet"", ""artist"", ""compRank"", ""compScore"", ""conf"", ""covStatus"", ""dataConf"", ""dd"", ""drop"", ""family"", ""finish"", ""hist"", ""id"", ""incRet"", ""ipArtist"", ""liq"", ""mom"", ""msrp"", ""name"", ""obs"", ""peak"", ""price"", ""r30"", ""r365"", ""r90"", ""ras"", ""rec"", ""recScore"", ""rel"", ""risk"", ""scarcity"", ""score"", ""super"", ""ub"", ""value"", ""year""]"
secret_lair,SL-3CE747424ABD9D,,Cards in Costume Non-Foil Bundle - Non-Foil Edition — Nonfoil Edition,cards in costume non foil bundle non foil edition nonfoil edition,secret_lair,,,,,,,,,,,,,,,18.75,,31.48,,,"[""annRet"", ""artist"", ""compRank"", ""compScore"", ""conf"", ""covStatus"", ""dataConf"", ""dd"", ""drop"", ""family"", ""finish"", ""hist"", ""id"", ""incRet"", ""ipArtist"", ""liq"", ""mom"", ""msrp"", ""name"", ""obs"", ""peak"", ""price"", ""r30"", ""r365"", ""r90"", ""ras"", ""rec"", ""recScore"", ""rel"", ""risk"", ""scarcity"", ""score"", ""super"", ""ub"", ""value"", ""year""]"
secret_lair,SL-290BC5AB169700,169700,Carving Up A Barrel of Foils Bundle — Foil Edition,carving up a barrel of foils bundle foil edition,secret_lair,,,,,,,,,,,,,,,18.75,,34.78,,,"[""annRet"", ""artist"", ""compRank"", ""compScore"", ""conf"", ""covStatus"", ""dataConf"", ""dd"", ""drop"", ""family"", ""finish"", ""hist"", ""id"", ""incRet"", ""ipArtist"", ""liq"", ""mom"", ""msrp"", ""name"", ""obs"", ""peak"", ""price"", ""r30"", ""r365"", ""r90"", ""ras"", ""rec"", ""recScore"", ""rel"", ""risk"", ""scarcity"", ""score"", ""super"", ""ub"", ""value"", ""year""]"
secret_lair,SL-BF008024F9A243,,Fill My Cauldron with Foils Bundle — Foil Edition,fill my cauldron with foils bundle foil edition,secret_lair,,,,,,,,,,,,,,,18.75,,34.78,,,"[""annRet"", ""artist"", ""compRank"", ""compScore"", ""conf"", ""covStatus"", ""dataConf"", ""dd"", ""drop"", ""family"", ""finish"", ""hist"", ""id"", ""incRet"", ""ipArtist"", ""liq"", ""mom"", ""msrp"", ""name"", ""obs"", ""peak"", ""price"", ""r30"", ""r365"", ""r90"", ""ras"", ""rec"", ""recScore"", ""rel"", ""risk"", ""scarcity"", ""score"", ""super"", ""ub"", ""value"", ""year""]"
secret_lair,SL-C53BF262ADA17B,,Fill My Cauldron with Non-Foils Bundle — Nonfoil Edition,fill my cauldron with non foils bundle nonfoil edition,secret_lair,,,,,,,,,,,,,,,18.75,,31.48,,,"[""annRet"", ""artist"", ""compRank"", ""compScore"", ""conf"", ""covStatus"", ""dataConf"", ""dd"", ""drop"", ""family"", ""finish"", ""hist"", ""id"", ""incRet"", ""ipArtist"", ""liq"", ""mom"", ""msrp"", ""name"", ""obs"", ""peak"", ""price"", ""r30"", ""r365"", ""r90"", ""ras"", ""rec"", ""recScore"", ""rel"", ""risk"", ""scarcity"", ""score"", ""super"", ""ub"", ""value"", ""year""]"
secret_lair,SL-B2C9080295DEB3,,It's Raining Foils And Non-Foils Bundle — Nonfoil Edition,it s raining foils and non foils bundle nonfoil edition,secret_lair,,,,,,,,,,,,,,,18.75,,31.48,,,"[""annRet"", ""artist"", ""compRank"", ""compScore"", ""conf"", ""covStatus"", ""dataConf"", ""dd"", ""drop"", ""family"", ""finish"", ""hist"", ""id"", ""incRet"", ""ipArtist"", ""liq"", ""mom"", ""msrp"", ""name"", ""obs"", ""peak"", ""price"", ""r30"", ""r365"", ""r90"", ""ras"", ""rec"", ""recScore"", ""rel"", ""risk"", ""scarcity"", ""score"", ""super"", ""ub"", ""value"", ""year""]"
secret_lair,SL-60FC2555A55C64,,Secret Lair Promo x Avatar: The Last Air Bender - Path of Ancestry - Rainbow Foil Edition — Foil Edition,secret lair promo x avatar the last air bender path of ancestry rainbow foil edition foil edition,secret_lair,,,,,,,,,,,,,,,18.75,,34.78,,,"[""annRet"", ""artist"", ""compRank"", ""compScore"", ""conf"", ""covStatus"", ""dataConf"", ""dd"", ""drop"", ""family"", ""finish"", ""hist"", ""id"", ""incRet"", ""ipArtist"", ""liq"", ""mom"", ""msrp"", ""name"", ""obs"", ""peak"", ""price"", ""r30"", ""r365"", ""r90"", ""ras"", ""rec"", ""recScore"", ""rel"", ""risk"", ""scarcity"", ""score"", ""super"", ""ub"", ""value"", ""year""]"
secret_lair,SL-9EFB956D77D864,,Secretversary Superdrop 2023: Goodie Bag Loaded with Foils Bundle — Foil Edition,secretversary superdrop 2023 goodie bag loaded with foils bundle foil edition,secret_lair,,,,,,,,,,,,,,,18.75,,34.78,,,"[""annRet"", ""artist"", ""compRank"", ""compScore"", ""conf"", ""covStatus"", ""dataConf"", ""dd"", ""drop"", ""family"", ""finish"", ""hist"", ""id"", ""incRet"", ""ipArtist"", ""liq"", ""mom"", ""msrp"", ""name"", ""obs"", ""peak"", ""price"", ""r30"", ""r365"", ""r90"", ""ras"", ""rec"", ""recScore"", ""rel"", ""risk"", ""scarcity"", ""score"", ""super"", ""ub"", ""value"", ""year""]"
secret_lair,SL-061D727564DFFE,,Secretversary Superdrop 2023: Holiday Gift Bag Bundle - Non-Foil Edition — Nonfoil Edition,secretversary superdrop 2023 holiday gift bag bundle non foil edition nonfoil edition,secret_lair,,,,,,,,,,,,,,,18.75,,31.48,,,"[""annRet"", ""artist"", ""compRank"", ""compScore"", ""conf"", ""covStatus"", ""dataConf"", ""dd"", ""drop"", ""family"", ""finish"", ""hist"", ""id"", ""incRet"", ""ipArtist"", ""liq"", ""mom"", ""msrp"", ""name"", ""obs"", ""peak"", ""price"", ""r30"", ""r365"", ""r90"", ""ras"", ""rec"", ""recScore"", ""rel"", ""risk"", ""scarcity"", ""score"", ""super"", ""ub"", ""value"", ""year""]"
secret_lair,SL-F5C7D5AC423EC1,,Secretversary Superdrop 2023: Jungle Bundle - Foil Edition — Foil Edition,secretversary superdrop 2023 jungle bundle foil edition foil edition,secret_lair,,,,,,,,,,,,,,,18.75,,34.78,,,"[""annRet"", ""artist"", ""compRank"", ""compScore"", ""conf"", ""covStatus"", ""dataConf"", ""dd"", ""drop"", ""family"", ""finish"", ""hist"", ""id"", ""incRet"", ""ipArtist"", ""liq"", ""mom"", ""msrp"", ""name"", ""obs"", ""peak"", ""price"", ""r30"", ""r365"", ""r90"", ""ras"", ""rec"", ""recScore"", ""rel"", ""risk"", ""scarcity"", ""score"", ""super"", ""ub"", ""value"", ""year""]"
secret_lair,SL-53DBCED4126506,4126506,Secretversary Superdrop 2023: Jungle Bundle - Non-Foil Edition — Nonfoil Edition,secretversary superdrop 2023 jungle bundle non foil edition nonfoil edition,secret_lair,,,,,,,,,,,,,,,18.75,,31.48,,,"[""annRet"", ""artist"", ""compRank"", ""compScore"", ""conf"", ""covStatus"", ""dataConf"", ""dd"", ""drop"", ""family"", ""finish"", ""hist"", ""id"", ""incRet"", ""ipArtist"", ""liq"", ""mom"", ""msrp"", ""name"", ""obs"", ""peak"", ""price"", ""r30"", ""r365"", ""r90"", ""ras"", ""rec"", ""recScore"", ""rel"", ""risk"", ""scarcity"", ""score"", ""super"", ""ub"", ""value"", ""year""]"
secret_lair,SL-73CD6FD155407F,,Secretversary Superdrop - Foils Forever Bundle — Foil Edition,secretversary superdrop foils forever bundle foil edition,secret_lair,,,,,,,,,,,,,,,18.75,,34.78,,,"[""annRet"", ""artist"", ""compRank"", ""compScore"", ""conf"", ""covStatus"", ""dataConf"", ""dd"", ""drop"", ""family"", ""finish"", ""hist"", ""id"", ""incRet"", ""ipArtist"", ""liq"", ""mom"", ""msrp"", ""name"", ""obs"", ""peak"", ""price"", ""r30"", ""r365"", ""r90"", ""ras"", ""rec"", ""recScore"", ""rel"", ""risk"", ""scarcity"", ""score"", ""super"", ""ub"", ""value"", ""year""]"
secret_lair,SL-97D4DC2FDE2271,2271,"Secretversary Superdrop - No Foils, No Nonsense Bundle — Foil Edition",secretversary superdrop no foils no nonsense bundle foil edition,secret_lair,,,,,,,,,,,,,,,18.75,,34.78,,,"[""annRet"", ""artist"", ""compRank"", ""compScore"", ""conf"", ""covStatus"", ""dataConf"", ""dd"", ""drop"", ""family"", ""finish"", ""hist"", ""id"", ""incRet"", ""ipArtist"", ""liq"", ""mom"", ""msrp"", ""name"", ""obs"", ""peak"", ""price"", ""r30"", ""r365"", ""r90"", ""ras"", ""rec"", ""recScore"", ""rel"", ""risk"", ""scarcity"", ""score"", ""super"", ""ub"", ""value"", ""year""]"
secret_lair,SL-95CA1F687198C8,,The Prophets Predicted Bundle - Non-Foil Edition — Nonfoil Edition,the prophets predicted bundle non foil edition nonfoil edition,secret_lair,,,,,,,,,,,,,,,18.75,,31.48,,,"[""annRet"", ""artist"", ""compRank"", ""compScore"", ""conf"", ""covStatus"", ""dataConf"", ""dd"", ""drop"", ""family"", ""finish"", ""hist"", ""id"", ""incRet"", ""ipArtist"", ""liq"", ""mom"", ""msrp"", ""name"", ""obs"", ""peak"", ""price"", ""r30"", ""r365"", ""r90"", ""ras"", ""rec"", ""recScore"", ""rel"", ""risk"", ""scarcity"", ""score"", ""super"", ""ub"", ""value"", ""year""]"
secret_lair,SL-D3C9566D0E6FB5,,This One Is Dedicated To My Foils Bundle — Foil Edition,this one is dedicated to my foils bundle foil edition,secret_lair,,,,,,,,,,,,,,,18.75,,34.78,,,"[""annRet"", ""artist"", ""compRank"", ""compScore"", ""conf"", ""covStatus"", ""dataConf"", ""dd"", ""drop"", ""family"", ""finish"", ""hist"", ""id"", ""incRet"", ""ipArtist"", ""liq"", ""mom"", ""msrp"", ""name"", ""obs"", ""peak"", ""price"", ""r30"", ""r365"", ""r90"", ""ras"", ""rec"", ""recScore"", ""rel"", ""risk"", ""scarcity"", ""score"", ""super"", ""ub"", ""value"", ""year""]"
secret_lair,SL-2A2F4D4D905F89,,Those Foils Are Really Coming Down Bundle — Foil Edition,those foils are really coming down bundle foil edition,secret_lair,,,,,,,,,,,,,,,18.75,,34.78,,,"[""annRet"", ""artist"", ""compRank"", ""compScore"", ""conf"", ""covStatus"", ""dataConf"", ""dd"", ""drop"", ""family"", ""finish"", ""hist"", ""id"", ""incRet"", ""ipArtist"", ""liq"", ""mom"", ""msrp"", ""name"", ""obs"", ""peak"", ""price"", ""r30"", ""r365"", ""r90"", ""ras"", ""rec"", ""recScore"", ""rel"", ""risk"", ""scarcity"", ""score"", ""super"", ""ub"", ""value"", ""year""]"
secret_lair,SL-5255E36FDEE99C,,Those Non-Foils Just Won't Let Up Bundle — Nonfoil Edition,those non foils just won t let up bundle nonfoil edition,secret_lair,,,,,,,,,,,,,,,18.75,,31.48,,,"[""annRet"", ""artist"", ""compRank"", ""compScore"", ""conf"", ""covStatus"", ""dataConf"", ""dd"", ""drop"", ""family"", ""finish"", ""hist"", ""id"", ""incRet"", ""ipArtist"", ""liq"", ""mom"", ""msrp"", ""name"", ""obs"", ""peak"", ""price"", ""r30"", ""r365"", ""r90"", ""ras"", ""rec"", ""recScore"", ""rel"", ""risk"", ""scarcity"", ""score"", ""super"", ""ub"", ""value"", ""year""]"
secret_lair,SL-120AAF80ADF7D7,,Totally Refreshing - Non-Foil Edition — Nonfoil Edition,totally refreshing non foil edition nonfoil edition,secret_lair,,,,,,,,,,,,,,,18.75,,31.48,,,"[""annRet"", ""artist"", ""compRank"", ""compScore"", ""conf"", ""covStatus"", ""dataConf"", ""dd"", ""drop"", ""family"", ""finish"", ""hist"", ""id"", ""incRet"", ""ipArtist"", ""liq"", ""mom"", ""msrp"", ""name"", ""obs"", ""peak"", ""price"", ""r30"", ""r365"", ""r90"", ""ras"", ""rec"", ""recScore"", ""rel"", ""risk"", ""scarcity"", ""score"", ""super"", ""ub"", ""value"", ""year""]"
secret_lair,SL-2E5D3F1C55B40E,,Wild in Bloom - Traditional Foil Edition — Foil Edition,wild in bloom traditional foil edition foil edition,secret_lair,,,,,,,,,,,,,,,18.75,,34.78,,,"[""annRet"", ""artist"", ""compRank"", ""compScore"", ""conf"", ""covStatus"", ""dataConf"", ""dd"", ""drop"", ""family"", ""finish"", ""hist"", ""id"", ""incRet"", ""ipArtist"", ""liq"", ""mom"", ""msrp"", ""name"", ""obs"", ""peak"", ""price"", ""r30"", ""r365"", ""r90"", ""ras"", ""rec"", ""recScore"", ""rel"", ""risk"", ""scarcity"", ""score"", ""super"", ""ub"", ""value"", ""year""]"
secret_lair,SL-3BF23A821ADB00,,Superdrop: The World's Foil-est Bundle — Foil Edition,superdrop the world s foil est bundle foil edition,secret_lair,,,,,,,,,,,,,,,18.75,,34.78,,,"[""annRet"", ""artist"", ""compRank"", ""compScore"", ""conf"", ""covStatus"", ""dataConf"", ""dd"", ""drop"", ""family"", ""finish"", ""hist"", ""id"", ""incRet"", ""ipArtist"", ""liq"", ""mom"", ""msrp"", ""name"", ""obs"", ""peak"", ""price"", ""r30"", ""r365"", ""r90"", ""ras"", ""rec"", ""recScore"", ""rel"", ""risk"", ""scarcity"", ""score"", ""super"", ""ub"", ""value"", ""year""]"
secret_lair,SL-876ECC963B1678,1678,Superdrop: The World's Non-foil-est Bundle — Nonfoil Edition,superdrop the world s non foil est bundle nonfoil edition,secret_lair,,,,,,,,,,,,,,,18.75,,31.48,,,"[""annRet"", ""artist"", ""compRank"", ""compScore"", ""conf"", ""covStatus"", ""dataConf"", ""dd"", ""drop"", ""family"", ""finish"", ""hist"", ""id"", ""incRet"", ""ipArtist"", ""liq"", ""mom"", ""msrp"", ""name"", ""obs"", ""peak"", ""price"", ""r30"", ""r365"", ""r90"", ""ras"", ""rec"", ""recScore"", ""rel"", ""risk"", ""scarcity"", ""score"", ""super"", ""ub"", ""value"", ""year""]"
